index,n,epsilon,d,m,k,t,repeat,time_mu_s,model_error
0,1000,0.50,500,2,10,0.9743,0,195.00,0.431924
1,1000,0.50,500,2,10,0.9546,1,216.00,0.525418
2,1000,0.50,500,2,10,0.9832,2,225.00,0.969869
3,1000,0.50,500,2,10,1.0105,3,226.00,1.768957
4,1000,0.50,500,2,10,1.0770,4,221.00,0.163278
5,1000,0.50,500,2,10,1.0281,5,224.00,0.657137
6,1000,0.50,500,2,10,0.9919,6,227.00,0.187787
7,1000,0.50,500,2,10,1.0305,7,234.00,2.978263
8,1000,0.50,500,2,10,0.9623,8,217.00,2.299126
9,1000,0.50,500,2,10,1.0229,9,220.00,2.566628
10,1000,0.50,500,2,10,1.0038,10,233.00,1.289669
11,1000,0.50,500,2,10,0.9780,11,202.00,0.879665
12,1000,0.50,500,2,10,1.0154,12,209.00,0.664886
13,1000,0.50,500,2,10,1.0109,13,227.00,0.297031
14,1000,0.50,500,2,10,0.9680,14,251.00,6.947802
15,1000,0.50,500,2,10,1.0119,15,249.00,1.697760
16,1000,0.50,500,2,10,1.0871,16,223.00,1.996384
17,1000,0.50,500,2,10,0.9989,17,229.00,0.223559
18,1000,0.50,500,2,10,0.9802,18,223.00,4.799637
19,1000,0.50,500,2,10,0.9692,19,215.00,1.276774
20,1000,0.50,500,2,10,0.9362,20,203.00,0.117494
21,1000,0.50,500,2,10,0.9972,21,215.00,0.337789
22,1000,0.50,500,2,10,0.9667,22,205.00,0.131685
23,1000,0.50,500,2,10,1.0225,23,207.00,1.520542
24,1000,0.50,500,2,10,1.0598,24,211.00,0.914158
25,1000,0.50,500,2,10,1.0006,25,208.00,2.374116
26,1000,0.50,500,2,10,0.9799,26,247.00,1.417089
27,1000,0.50,500,2,10,1.0170,27,202.00,0.107474
28,1000,0.50,500,2,10,0.9730,28,230.00,0.817924
29,1000,0.50,500,2,10,0.9953,29,228.00,0.777978
30,1000,0.50,500,2,10,0.9763,30,220.00,0.049955
31,1000,0.50,500,2,10,0.9303,31,206.00,0.100743
32,1000,0.50,500,2,10,1.0583,32,214.00,0.230440
33,1000,0.50,500,2,10,0.9801,33,204.00,0.271159
34,1000,0.50,500,2,10,0.9819,34,233.00,3.604393
35,1000,0.50,500,2,10,0.9626,35,197.00,0.671868
36,1000,0.50,500,2,10,0.9797,36,239.00,0.857608
37,1000,0.50,500,2,10,1.0355,37,213.00,0.360298
38,1000,0.50,500,2,10,1.0482,38,212.00,3.385064
39,1000,0.50,500,2,10,0.9757,39,219.00,4.709578
40,1000,0.50,500,2,10,1.0053,40,232.00,2.154094
41,1000,0.50,500,2,10,1.0217,41,229.00,0.468591
42,1000,0.50,500,2,10,0.9589,42,213.00,0.141406
43,1000,0.50,500,2,10,1.0216,43,221.00,1.310061
44,1000,0.50,500,2,10,0.9940,44,247.00,0.975810
45,1000,0.50,500,2,10,0.9637,45,211.00,0.156230
46,1000,0.50,500,2,10,0.9981,46,201.00,0.390852
47,1000,0.50,500,2,10,1.0020,47,194.00,0.175697
48,1000,0.50,500,2,10,1.0394,48,217.00,0.631753
49,1000,0.50,500,2,10,0.9651,49,217.00,0.519266
50,1000,0.50,500,2,10,0.9635,50,225.00,1.772252
51,1000,0.50,500,2,10,0.9961,51,199.00,0.458951
52,1000,0.50,500,2,10,1.0445,52,201.00,0.022813
53,1000,0.50,500,2,10,0.9420,53,260.00,1.050619
54,1000,0.50,500,2,10,0.9899,54,242.00,0.443152
55,1000,0.50,500,2,10,1.0398,55,206.00,0.136781
56,1000,0.50,500,2,10,1.0157,56,216.00,1.028196
57,1000,0.50,500,2,10,0.9684,57,223.00,0.786788
58,1000,0.50,500,2,10,0.9773,58,230.00,1.281204
59,1000,0.50,500,2,10,1.0327,59,235.00,0.211861
60,1000,0.50,500,2,10,0.9731,60,203.00,0.206103
61,1000,0.50,500,2,10,0.9971,61,208.00,0.654515
62,1000,0.50,500,2,10,1.0232,62,223.00,5.608220
63,1000,0.50,500,2,10,0.9574,63,211.00,0.521118
64,1000,0.50,500,2,10,0.9937,64,210.00,0.091436
65,1000,0.50,500,2,10,0.9345,65,228.00,5.464608
66,1000,0.50,500,2,10,0.9934,66,236.00,0.212676
67,1000,0.50,500,2,10,0.9845,67,153.00,0.109713
68,1000,0.50,500,2,10,1.0358,68,227.00,4.373349
69,1000,0.50,500,2,10,0.9989,69,220.00,0.166313
70,1000,0.50,500,2,10,1.0071,70,239.00,0.744001
71,1000,0.50,500,2,10,1.0284,71,228.00,0.536192
72,1000,0.50,500,2,10,1.0025,72,180.00,0.345225
73,1000,0.50,500,2,10,1.0464,73,205.00,0.563777
74,1000,0.50,500,2,10,1.0129,74,226.00,0.410119
75,1000,0.50,500,2,10,1.0022,75,230.00,1.811388
76,1000,0.50,500,2,10,1.0030,76,203.00,0.466156
77,1000,0.50,500,2,10,1.0445,77,212.00,0.406574
78,1000,0.50,500,2,10,0.9916,78,242.00,1.930836
79,1000,0.50,500,2,10,0.9609,79,229.00,1.711014
80,1000,0.50,500,2,10,1.0046,80,224.00,0.109381
81,1000,0.50,500,2,10,1.0033,81,221.00,0.060170
82,1000,0.50,500,2,10,0.9712,82,206.00,0.132584
83,1000,0.50,500,2,10,1.0048,83,207.00,0.229796
84,1000,0.50,500,2,10,0.9574,84,225.00,0.477993
85,1000,0.50,500,2,10,1.0005,85,191.00,0.345918
86,1000,0.50,500,2,10,0.9347,86,198.00,0.709096
87,1000,0.50,500,2,10,0.9487,87,247.00,1.641703
88,1000,0.50,500,2,10,0.9690,88,204.00,6.629429
89,1000,0.50,500,2,10,1.0225,89,222.00,0.811857
90,1000,0.50,500,2,10,0.9719,90,228.00,7.635292
91,1000,0.50,500,2,10,0.9850,91,215.00,4.504127
92,1000,0.50,500,2,10,0.9795,92,233.00,1.392568
93,1000,0.50,500,2,10,0.9939,93,234.00,1.721686
94,1000,0.50,500,2,10,0.9815,94,218.00,0.267444
95,1000,0.50,500,2,10,0.9829,95,220.00,0.145001
96,1000,0.50,500,2,10,0.9519,96,214.00,0.018028
97,1000,0.50,500,2,10,0.9932,97,243.00,0.164669
98,1000,0.50,500,2,10,1.0022,98,195.00,0.181856
99,1000,0.50,500,2,10,0.9581,99,213.00,0.750809
100,1000,0.50,500,2,20,0.9844,0,410.00,0.771304
101,1000,0.50,500,2,20,1.0416,1,407.00,1.086996
102,1000,0.50,500,2,20,0.9957,2,384.00,0.111172
103,1000,0.50,500,2,20,1.0439,3,419.00,0.281448
104,1000,0.50,500,2,20,1.0386,4,413.00,1.253006
105,1000,0.50,500,2,20,0.9929,5,410.00,1.159665
106,1000,0.50,500,2,20,1.0005,6,402.00,0.547908
107,1000,0.50,500,2,20,1.0454,7,412.00,0.510267
108,1000,0.50,500,2,20,0.9867,8,405.00,0.174518
109,1000,0.50,500,2,20,0.9763,9,404.00,1.498406
110,1000,0.50,500,2,20,0.9993,10,409.00,0.168362
111,1000,0.50,500,2,20,1.0159,11,407.00,0.228622
112,1000,0.50,500,2,20,0.9871,12,434.00,0.706149
113,1000,0.50,500,2,20,1.0020,13,440.00,0.578413
114,1000,0.50,500,2,20,1.0278,14,439.00,0.722086
115,1000,0.50,500,2,20,1.0341,15,408.00,0.056301
116,1000,0.50,500,2,20,0.9730,16,442.00,0.544296
117,1000,0.50,500,2,20,1.0155,17,431.00,1.292739
118,1000,0.50,500,2,20,1.0182,18,406.00,0.297109
119,1000,0.50,500,2,20,1.0063,19,424.00,0.039459
120,1000,0.50,500,2,20,0.9299,20,450.00,0.278369
121,1000,0.50,500,2,20,0.9676,21,373.00,0.528132
122,1000,0.50,500,2,20,1.0194,22,412.00,1.220568
123,1000,0.50,500,2,20,0.9682,23,445.00,0.530805
124,1000,0.50,500,2,20,1.0014,24,449.00,1.299054
125,1000,0.50,500,2,20,0.9800,25,406.00,4.305403
126,1000,0.50,500,2,20,1.0356,26,416.00,0.337709
127,1000,0.50,500,2,20,0.9538,27,430.00,0.040292
128,1000,0.50,500,2,20,1.0952,28,412.00,1.765994
129,1000,0.50,500,2,20,0.9257,29,395.00,1.096885
130,1000,0.50,500,2,20,1.0235,30,415.00,0.428930
131,1000,0.50,500,2,20,1.0101,31,366.00,0.818152
132,1000,0.50,500,2,20,0.9886,32,432.00,0.084828
133,1000,0.50,500,2,20,0.9754,33,432.00,0.070001
134,1000,0.50,500,2,20,1.0617,34,411.00,0.486138
135,1000,0.50,500,2,20,1.0052,35,456.00,1.082571
136,1000,0.50,500,2,20,1.0130,36,423.00,0.076206
137,1000,0.50,500,2,20,1.0516,37,435.00,0.881262
138,1000,0.50,500,2,20,0.9633,38,413.00,1.650019
139,1000,0.50,500,2,20,0.9690,39,407.00,1.952208
140,1000,0.50,500,2,20,0.9992,40,404.00,1.927809
141,1000,0.50,500,2,20,0.9801,41,399.00,0.219876
142,1000,0.50,500,2,20,0.9716,42,435.00,0.533290
143,1000,0.50,500,2,20,1.0391,43,418.00,0.291825
144,1000,0.50,500,2,20,0.9533,44,434.00,0.290052
145,1000,0.50,500,2,20,1.0025,45,434.00,0.041401
146,1000,0.50,500,2,20,1.0595,46,448.00,0.071352
147,1000,0.50,500,2,20,0.9775,47,418.00,0.384924
148,1000,0.50,500,2,20,1.0137,48,400.00,0.680102
149,1000,0.50,500,2,20,0.9574,49,372.00,0.195672
150,1000,0.50,500,2,20,1.0111,50,414.00,0.414157
151,1000,0.50,500,2,20,0.9655,51,360.00,0.217204
152,1000,0.50,500,2,20,1.0124,52,412.00,0.337094
153,1000,0.50,500,2,20,1.0476,53,426.00,0.891576
154,1000,0.50,500,2,20,1.0145,54,217.00,0.199430
155,1000,0.50,500,2,20,0.9761,55,391.00,0.201830
156,1000,0.50,500,2,20,1.0481,56,416.00,0.181377
157,1000,0.50,500,2,20,1.0367,57,396.00,0.197185
158,1000,0.50,500,2,20,0.9553,58,418.00,0.373105
159,1000,0.50,500,2,20,0.9793,59,377.00,0.026568
160,1000,0.50,500,2,20,1.0426,60,392.00,0.583929
161,1000,0.50,500,2,20,1.0033,61,378.00,0.091780
162,1000,0.50,500,2,20,0.9765,62,402.00,0.291514
163,1000,0.50,500,2,20,1.0532,63,414.00,0.193680
164,1000,0.50,500,2,20,0.9934,64,412.00,0.088601
165,1000,0.50,500,2,20,0.9584,65,395.00,0.296691
166,1000,0.50,500,2,20,0.9603,66,385.00,0.309500
167,1000,0.50,500,2,20,0.9641,67,415.00,0.232388
168,1000,0.50,500,2,20,1.0856,68,442.00,0.085033
169,1000,0.50,500,2,20,0.9816,69,427.00,0.970973
170,1000,0.50,500,2,20,1.0468,70,437.00,0.185085
171,1000,0.50,500,2,20,0.9739,71,391.00,0.294548
172,1000,0.50,500,2,20,0.9810,72,391.00,0.319053
173,1000,0.50,500,2,20,0.9707,73,406.00,0.015744
174,1000,0.50,500,2,20,0.9932,74,438.00,0.221019
175,1000,0.50,500,2,20,1.0427,75,412.00,0.805949
176,1000,0.50,500,2,20,1.0106,76,388.00,0.024711
177,1000,0.50,500,2,20,1.0795,77,421.00,0.550613
178,1000,0.50,500,2,20,1.0183,78,448.00,0.359562
179,1000,0.50,500,2,20,0.9799,79,407.00,0.277631
180,1000,0.50,500,2,20,0.9807,80,386.00,0.272091
181,1000,0.50,500,2,20,0.9755,81,425.00,0.113420
182,1000,0.50,500,2,20,0.9846,82,415.00,0.189018
183,1000,0.50,500,2,20,0.9489,83,409.00,0.210474
184,1000,0.50,500,2,20,0.9893,84,412.00,0.908548
185,1000,0.50,500,2,20,1.0438,85,402.00,0.091416
186,1000,0.50,500,2,20,0.9754,86,424.00,0.781821
187,1000,0.50,500,2,20,1.0166,87,400.00,0.665016
188,1000,0.50,500,2,20,1.0124,88,423.00,0.495540
189,1000,0.50,500,2,20,0.9899,89,416.00,0.040180
190,1000,0.50,500,2,20,0.9512,90,382.00,0.115990
191,1000,0.50,500,2,20,0.9916,91,442.00,0.110263
192,1000,0.50,500,2,20,0.9968,92,415.00,0.217167
193,1000,0.50,500,2,20,0.9952,93,412.00,0.196464
194,1000,0.50,500,2,20,1.0122,94,448.00,0.568406
195,1000,0.50,500,2,20,0.9236,95,411.00,0.227005
196,1000,0.50,500,2,20,1.0224,96,396.00,0.339975
197,1000,0.50,500,2,20,1.0166,97,408.00,0.263684
198,1000,0.50,500,2,20,0.9947,98,441.00,0.523358
199,1000,0.50,500,2,20,0.9998,99,390.00,0.617845
200,1000,0.50,500,2,30,1.0166,0,468.00,0.280335
201,1000,0.50,500,2,30,0.9671,1,593.00,0.132308
202,1000,0.50,500,2,30,0.9713,2,610.00,0.469463
203,1000,0.50,500,2,30,1.0082,3,581.00,0.313900
204,1000,0.50,500,2,30,1.0679,4,40.00,0.112174
205,1000,0.50,500,2,30,1.0652,5,607.00,0.885201
206,1000,0.50,500,2,30,0.9884,6,619.00,0.365695
207,1000,0.50,500,2,30,0.9556,7,629.00,0.323249
208,1000,0.50,500,2,30,1.0169,8,622.00,0.887337
209,1000,0.50,500,2,30,0.9924,9,623.00,3.395605
210,1000,0.50,500,2,30,0.9911,10,644.00,0.176977
211,1000,0.50,500,2,30,0.9372,11,538.00,0.040716
212,1000,0.50,500,2,30,1.0316,12,568.00,0.299198
213,1000,0.50,500,2,30,0.9517,13,634.00,0.396904
214,1000,0.50,500,2,30,1.0213,14,620.00,0.381778
215,1000,0.50,500,2,30,0.9339,15,656.00,1.726416
216,1000,0.50,500,2,30,1.0255,16,599.00,0.045498
217,1000,0.50,500,2,30,0.9959,17,614.00,0.410434
218,1000,0.50,500,2,30,1.0134,18,582.00,1.458079
219,1000,0.50,500,2,30,1.0227,19,676.00,0.825158
220,1000,0.50,500,2,30,0.9854,20,639.00,0.079325
221,1000,0.50,500,2,30,1.0194,21,549.00,0.445647
222,1000,0.50,500,2,30,0.9738,22,613.00,0.313296
223,1000,0.50,500,2,30,1.0498,23,603.00,0.264747
224,1000,0.50,500,2,30,1.0452,24,632.00,0.247182
225,1000,0.50,500,2,30,0.9221,25,615.00,0.428305
226,1000,0.50,500,2,30,1.0028,26,651.00,0.811479
227,1000,0.50,500,2,30,1.0035,27,594.00,0.316325
228,1000,0.50,500,2,30,0.9856,28,590.00,0.269685
229,1000,0.50,500,2,30,0.9362,29,631.00,0.146634
230,1000,0.50,500,2,30,0.9691,30,290.00,0.304516
231,1000,0.50,500,2,30,0.9964,31,627.00,0.656088
232,1000,0.50,500,2,30,1.0343,32,636.00,0.693909
233,1000,0.50,500,2,30,0.9447,33,631.00,0.232956
234,1000,0.50,500,2,30,1.0349,34,626.00,0.790875
235,1000,0.50,500,2,30,0.9952,35,609.00,0.079987
236,1000,0.50,500,2,30,0.9776,36,594.00,0.170525
237,1000,0.50,500,2,30,1.0477,37,606.00,0.172213
238,1000,0.50,500,2,30,1.0080,38,595.00,0.074807
239,1000,0.50,500,2,30,1.0043,39,91.00,0.405973
240,1000,0.50,500,2,30,1.0495,40,565.00,0.116373
241,1000,0.50,500,2,30,1.0103,41,590.00,0.304969
242,1000,0.50,500,2,30,0.9826,42,578.00,0.624636
243,1000,0.50,500,2,30,0.9965,43,648.00,1.057638
244,1000,0.50,500,2,30,0.9865,44,299.00,0.449141
245,1000,0.50,500,2,30,1.0622,45,615.00,0.275776
246,1000,0.50,500,2,30,0.9745,46,637.00,0.496952
247,1000,0.50,500,2,30,1.0044,47,626.00,0.254047
248,1000,0.50,500,2,30,0.9933,48,630.00,0.036756
249,1000,0.50,500,2,30,0.9935,49,611.00,0.136644
250,1000,0.50,500,2,30,1.0088,50,551.00,0.187327
251,1000,0.50,500,2,30,0.9795,51,635.00,0.087536
252,1000,0.50,500,2,30,0.9936,52,590.00,0.047307
253,1000,0.50,500,2,30,1.0486,53,641.00,0.924500
254,1000,0.50,500,2,30,0.9755,54,622.00,0.479765
255,1000,0.50,500,2,30,1.0061,55,612.00,0.124100
256,1000,0.50,500,2,30,1.0104,56,609.00,0.311046
257,1000,0.50,500,2,30,0.9966,57,605.00,0.028403
258,1000,0.50,500,2,30,0.9902,58,604.00,0.201040
259,1000,0.50,500,2,30,0.9911,59,620.00,0.134391
260,1000,0.50,500,2,30,0.9791,60,588.00,0.509447
261,1000,0.50,500,2,30,0.9663,61,608.00,0.779157
262,1000,0.50,500,2,30,1.0159,62,576.00,0.380549
263,1000,0.50,500,2,30,0.9596,63,610.00,0.182752
264,1000,0.50,500,2,30,0.9913,64,600.00,0.089549
265,1000,0.50,500,2,30,0.9898,65,607.00,0.073500
266,1000,0.50,500,2,30,0.9966,66,646.00,0.130809
267,1000,0.50,500,2,30,0.9921,67,580.00,0.155166
268,1000,0.50,500,2,30,0.9612,68,574.00,0.154599
269,1000,0.50,500,2,30,0.9785,69,568.00,0.171862
270,1000,0.50,500,2,30,1.0365,70,614.00,0.134652
271,1000,0.50,500,2,30,0.9514,71,590.00,0.151983
272,1000,0.50,500,2,30,1.0288,72,303.00,0.255027
273,1000,0.50,500,2,30,1.0145,73,598.00,0.341300
274,1000,0.50,500,2,30,1.0146,74,631.00,0.166064
275,1000,0.50,500,2,30,1.0138,75,608.00,0.655541
276,1000,0.50,500,2,30,1.0365,76,647.00,0.060632
277,1000,0.50,500,2,30,1.0338,77,629.00,0.377977
278,1000,0.50,500,2,30,1.0170,78,599.00,0.159238
279,1000,0.50,500,2,30,0.9307,79,608.00,0.017831
280,1000,0.50,500,2,30,0.9463,80,566.00,0.229549
281,1000,0.50,500,2,30,0.9947,81,588.00,0.116967
282,1000,0.50,500,2,30,1.0276,82,574.00,0.067023
283,1000,0.50,500,2,30,1.0067,83,606.00,0.167058
284,1000,0.50,500,2,30,1.0014,84,602.00,0.291044
285,1000,0.50,500,2,30,1.0256,85,623.00,0.415640
286,1000,0.50,500,2,30,0.9101,86,593.00,0.224832
287,1000,0.50,500,2,30,1.0336,87,558.00,0.166442
288,1000,0.50,500,2,30,1.0269,88,634.00,0.335553
289,1000,0.50,500,2,30,0.9863,89,581.00,0.141219
290,1000,0.50,500,2,30,1.0262,90,629.00,0.128330
291,1000,0.50,500,2,30,1.0197,91,584.00,0.904537
292,1000,0.50,500,2,30,1.0051,92,607.00,0.714863
293,1000,0.50,500,2,30,1.0199,93,384.00,0.262385
294,1000,0.50,500,2,30,1.0789,94,562.00,0.296320
295,1000,0.50,500,2,30,0.9778,95,592.00,0.142988
296,1000,0.50,500,2,30,1.0038,96,592.00,0.354222
297,1000,0.50,500,2,30,1.0330,97,627.00,0.878886
298,1000,0.50,500,2,30,1.0032,98,554.00,0.305414
299,1000,0.50,500,2,30,0.9683,99,621.00,0.739702
300,1000,0.50,500,2,40,0.9976,0,842.00,0.628917
301,1000,0.50,500,2,40,0.9918,1,782.00,0.136506
302,1000,0.50,500,2,40,0.9735,2,820.00,0.078382
303,1000,0.50,500,2,40,0.9747,3,750.00,0.281373
304,1000,0.50,500,2,40,1.0166,4,806.00,0.574133
305,1000,0.50,500,2,40,1.0277,5,717.00,0.090207
306,1000,0.50,500,2,40,0.9833,6,837.00,0.391771
307,1000,0.50,500,2,40,1.0345,7,791.00,0.235028
308,1000,0.50,500,2,40,1.0057,8,838.00,0.378026
309,1000,0.50,500,2,40,0.9842,9,758.00,0.287637
310,1000,0.50,500,2,40,0.9752,10,825.00,0.079213
311,1000,0.50,500,2,40,1.0394,11,359.00,0.127266
312,1000,0.50,500,2,40,0.9331,12,877.00,0.085254
313,1000,0.50,500,2,40,0.9551,13,795.00,0.263039
314,1000,0.50,500,2,40,1.0170,14,417.00,0.279776
315,1000,0.50,500,2,40,1.0134,15,832.00,0.293513
316,1000,0.50,500,2,40,0.9678,16,814.00,0.080542
317,1000,0.50,500,2,40,1.0235,17,804.00,0.189101
318,1000,0.50,500,2,40,0.9300,18,755.00,0.269884
319,1000,0.50,500,2,40,0.9785,19,821.00,0.412453
320,1000,0.50,500,2,40,1.0268,20,818.00,0.173385
321,1000,0.50,500,2,40,1.0674,21,816.00,0.429550
322,1000,0.50,500,2,40,1.0021,22,781.00,0.167783
323,1000,0.50,500,2,40,1.0167,23,795.00,0.439395
324,1000,0.50,500,2,40,1.0348,24,853.00,0.827338
325,1000,0.50,500,2,40,1.0250,25,151.00,0.105989
326,1000,0.50,500,2,40,0.9561,26,826.00,0.285006
327,1000,0.50,500,2,40,0.9619,27,841.00,0.213441
328,1000,0.50,500,2,40,1.0004,28,820.00,0.474482
329,1000,0.50,500,2,40,1.0176,29,846.00,0.271264
330,1000,0.50,500,2,40,0.9701,30,770.00,0.132790
331,1000,0.50,500,2,40,0.9940,31,786.00,0.474293
332,1000,0.50,500,2,40,1.0529,32,831.00,0.330220
333,1000,0.50,500,2,40,1.0311,33,780.00,0.208828
334,1000,0.50,500,2,40,1.0268,34,786.00,0.696178
335,1000,0.50,500,2,40,1.0039,35,779.00,0.300644
336,1000,0.50,500,2,40,0.9533,36,836.00,0.314838
337,1000,0.50,500,2,40,0.9401,37,797.00,0.193733
338,1000,0.50,500,2,40,0.9845,38,783.00,0.032189
339,1000,0.50,500,2,40,0.9968,39,850.00,0.377071
340,1000,0.50,500,2,40,0.9879,40,762.00,0.448993
341,1000,0.50,500,2,40,0.9697,41,762.00,0.364394
342,1000,0.50,500,2,40,0.9937,42,767.00,0.089384
343,1000,0.50,500,2,40,0.9608,43,210.00,0.204737
344,1000,0.50,500,2,40,1.0516,44,240.00,0.254693
345,1000,0.50,500,2,40,1.0120,45,864.00,0.347703
346,1000,0.50,500,2,40,1.0024,46,748.00,0.118309
347,1000,0.50,500,2,40,0.9850,47,791.00,0.377400
348,1000,0.50,500,2,40,1.0239,48,753.00,0.567737
349,1000,0.50,500,2,40,0.9865,49,788.00,0.688479
350,1000,0.50,500,2,40,1.0129,50,839.00,0.103510
351,1000,0.50,500,2,40,0.9863,51,830.00,0.363773
352,1000,0.50,500,2,40,0.9864,52,544.00,0.121417
353,1000,0.50,500,2,40,1.0202,53,775.00,0.315938
354,1000,0.50,500,2,40,0.9769,54,830.00,0.293325
355,1000,0.50,500,2,40,0.9939,55,850.00,0.346405
356,1000,0.50,500,2,40,0.9136,56,742.00,0.506119
357,1000,0.50,500,2,40,0.9496,57,823.00,0.205428
358,1000,0.50,500,2,40,0.9386,58,805.00,0.095838
359,1000,0.50,500,2,40,0.9533,59,791.00,0.112307
360,1000,0.50,500,2,40,0.9905,60,821.00,0.060704
361,1000,0.50,500,2,40,0.9884,61,757.00,0.076804
362,1000,0.50,500,2,40,1.0769,62,796.00,0.151384
363,1000,0.50,500,2,40,1.0037,63,752.00,0.273404
364,1000,0.50,500,2,40,0.9766,64,787.00,0.310054
365,1000,0.50,500,2,40,0.9968,65,846.00,0.341000
366,1000,0.50,500,2,40,1.0082,66,82.00,0.188991
367,1000,0.50,500,2,40,0.9605,67,823.00,0.535092
368,1000,0.50,500,2,40,1.0010,68,852.00,0.291559
369,1000,0.50,500,2,40,0.9564,69,864.00,0.091461
370,1000,0.50,500,2,40,0.9556,70,781.00,0.053374
371,1000,0.50,500,2,40,1.0068,71,819.00,0.062741
372,1000,0.50,500,2,40,1.0387,72,812.00,0.554730
373,1000,0.50,500,2,40,1.0505,73,860.00,0.523041
374,1000,0.50,500,2,40,0.9576,74,830.00,0.328437
375,1000,0.50,500,2,40,0.9913,75,761.00,0.102278
376,1000,0.50,500,2,40,1.0089,76,837.00,0.212438
377,1000,0.50,500,2,40,0.9669,77,797.00,0.283333
378,1000,0.50,500,2,40,1.0329,78,236.00,0.219331
379,1000,0.50,500,2,40,1.0404,79,758.00,0.144426
380,1000,0.50,500,2,40,1.0490,80,782.00,0.091032
381,1000,0.50,500,2,40,0.9297,81,765.00,0.112615
382,1000,0.50,500,2,40,1.0166,82,814.00,0.115369
383,1000,0.50,500,2,40,0.9706,83,830.00,0.101572
384,1000,0.50,500,2,40,1.0049,84,806.00,0.272339
385,1000,0.50,500,2,40,0.9672,85,833.00,0.082314
386,1000,0.50,500,2,40,1.0187,86,817.00,0.560302
387,1000,0.50,500,2,40,1.0044,87,816.00,0.255376
388,1000,0.50,500,2,40,0.9987,88,781.00,0.055439
389,1000,0.50,500,2,40,0.9257,89,785.00,0.324886
390,1000,0.50,500,2,40,0.9997,90,808.00,0.145864
391,1000,0.50,500,2,40,1.0254,91,792.00,0.126632
392,1000,0.50,500,2,40,0.9624,92,817.00,0.236534
393,1000,0.50,500,2,40,0.9244,93,825.00,0.591637
394,1000,0.50,500,2,40,0.9985,94,791.00,0.682962
395,1000,0.50,500,2,40,1.0635,95,818.00,0.221791
396,1000,0.50,500,2,40,0.9973,96,783.00,0.618350
397,1000,0.50,500,2,40,1.0184,97,787.00,0.306385
398,1000,0.50,500,2,40,1.0107,98,763.00,0.102104
399,1000,0.50,500,2,40,1.0140,99,837.00,0.478446
400,1000,0.50,500,2,50,0.9796,0,1018.00,0.428467
401,1000,0.50,500,2,50,0.9976,1,967.00,0.119538
402,1000,0.50,500,2,50,0.9839,2,981.00,0.777128
403,1000,0.50,500,2,50,0.9852,3,1070.00,0.318067
404,1000,0.50,500,2,50,0.9474,4,948.00,0.149941
405,1000,0.50,500,2,50,0.9959,5,936.00,0.232980
406,1000,0.50,500,2,50,0.9527,6,956.00,0.329902
407,1000,0.50,500,2,50,1.0003,7,375.00,0.171238
408,1000,0.50,500,2,50,0.9904,8,1055.00,0.528799
409,1000,0.50,500,2,50,0.9849,9,989.00,0.619628
410,1000,0.50,500,2,50,0.9955,10,923.00,0.212623
411,1000,0.50,500,2,50,1.0405,11,672.00,0.360621
412,1000,0.50,500,2,50,1.0061,12,970.00,0.358748
413,1000,0.50,500,2,50,1.0265,13,961.00,0.297727
414,1000,0.50,500,2,50,1.0160,14,955.00,0.108778
415,1000,0.50,500,2,50,1.0126,15,968.00,0.152199
416,1000,0.50,500,2,50,1.0354,16,982.00,0.467773
417,1000,0.50,500,2,50,1.0402,17,944.00,0.163042
418,1000,0.50,500,2,50,0.9672,18,1004.00,0.332300
419,1000,0.50,500,2,50,0.9991,19,922.00,0.136271
420,1000,0.50,500,2,50,1.0035,20,943.00,0.747721
421,1000,0.50,500,2,50,1.0614,21,942.00,0.899369
422,1000,0.50,500,2,50,1.0071,22,966.00,0.070521
423,1000,0.50,500,2,50,1.0670,23,1003.00,0.078117
424,1000,0.50,500,2,50,1.0470,24,442.00,0.621095
425,1000,0.50,500,2,50,1.0181,25,998.00,0.909412
426,1000,0.50,500,2,50,0.9411,26,978.00,0.277464
427,1000,0.50,500,2,50,1.0459,27,1011.00,0.341931
428,1000,0.50,500,2,50,1.0218,28,1001.00,0.282006
429,1000,0.50,500,2,50,1.0567,29,1012.00,0.166942
430,1000,0.50,500,2,50,0.9422,30,1039.00,0.311994
431,1000,0.50,500,2,50,0.9943,31,1000.00,0.481689
432,1000,0.50,500,2,50,1.0119,32,349.00,0.112089
433,1000,0.50,500,2,50,1.0017,33,1010.00,0.277624
434,1000,0.50,500,2,50,1.0046,34,992.00,0.402193
435,1000,0.50,500,2,50,0.9920,35,1012.00,0.275957
436,1000,0.50,500,2,50,0.9659,36,1045.00,0.137631
437,1000,0.50,500,2,50,0.9691,37,977.00,0.796021
438,1000,0.50,500,2,50,0.9634,38,963.00,0.415053
439,1000,0.50,500,2,50,0.9752,39,963.00,0.052313
440,1000,0.50,500,2,50,1.0287,40,1026.00,0.494367
441,1000,0.50,500,2,50,0.9690,41,950.00,0.100334
442,1000,0.50,500,2,50,0.9939,42,389.00,0.478391
443,1000,0.50,500,2,50,1.0459,43,975.00,0.621682
444,1000,0.50,500,2,50,0.9687,44,1026.00,0.166450
445,1000,0.50,500,2,50,0.9848,45,579.00,0.378968
446,1000,0.50,500,2,50,1.0144,46,970.00,0.545162
447,1000,0.50,500,2,50,1.0131,47,1010.00,0.098954
448,1000,0.50,500,2,50,0.9795,48,953.00,0.221248
449,1000,0.50,500,2,50,0.9567,49,971.00,0.510692
450,1000,0.50,500,2,50,1.0248,50,999.00,0.253857
451,1000,0.50,500,2,50,0.9771,51,1033.00,0.459799
452,1000,0.50,500,2,50,0.9976,52,446.00,0.752097
453,1000,0.50,500,2,50,0.9615,53,1005.00,0.325165
454,1000,0.50,500,2,50,0.9804,54,1015.00,0.287990
455,1000,0.50,500,2,50,1.0143,55,994.00,0.164906
456,1000,0.50,500,2,50,0.9644,56,953.00,0.015378
457,1000,0.50,500,2,50,0.9565,57,986.00,0.643759
458,1000,0.50,500,2,50,0.9920,58,1031.00,1.462077
459,1000,0.50,500,2,50,1.0557,59,942.00,0.122634
460,1000,0.50,500,2,50,0.9585,60,1015.00,0.152327
461,1000,0.50,500,2,50,1.0432,61,1059.00,0.678908
462,1000,0.50,500,2,50,1.0409,62,968.00,0.493457
463,1000,0.50,500,2,50,1.0056,63,985.00,0.159529
464,1000,0.50,500,2,50,0.9708,64,1023.00,1.371135
465,1000,0.50,500,2,50,1.0503,65,1024.00,1.138083
466,1000,0.50,500,2,50,0.9586,66,1012.00,0.114891
467,1000,0.50,500,2,50,0.9490,67,996.00,0.024141
468,1000,0.50,500,2,50,1.0016,68,991.00,0.395418
469,1000,0.50,500,2,50,1.0040,69,1032.00,0.340446
470,1000,0.50,500,2,50,1.0351,70,976.00,0.200387
471,1000,0.50,500,2,50,0.9634,71,1010.00,0.420639
472,1000,0.50,500,2,50,0.9565,72,992.00,0.164272
473,1000,0.50,500,2,50,0.9460,73,957.00,0.287047
474,1000,0.50,500,2,50,1.0290,74,967.00,0.375963
475,1000,0.50,500,2,50,1.0186,75,1038.00,0.325939
476,1000,0.50,500,2,50,1.0085,76,1047.00,0.235660
477,1000,0.50,500,2,50,0.9956,77,1053.00,0.131312
478,1000,0.50,500,2,50,0.9861,78,953.00,0.248681
479,1000,0.50,500,2,50,0.9463,79,967.00,0.008928
480,1000,0.50,500,2,50,0.9604,80,998.00,0.083523
481,1000,0.50,500,2,50,0.9905,81,1045.00,0.711229
482,1000,0.50,500,2,50,0.9722,82,1045.00,0.113741
483,1000,0.50,500,2,50,1.0231,83,573.00,0.121749
484,1000,0.50,500,2,50,1.0094,84,1014.00,0.410234
485,1000,0.50,500,2,50,0.9350,85,974.00,0.017591
486,1000,0.50,500,2,50,1.0180,86,1003.00,0.413646
487,1000,0.50,500,2,50,1.0255,87,1009.00,0.144567
488,1000,0.50,500,2,50,1.0018,88,955.00,0.655427
489,1000,0.50,500,2,50,0.9782,89,1038.00,0.365418
490,1000,0.50,500,2,50,1.0188,90,1042.00,0.460607
491,1000,0.50,500,2,50,1.0109,91,1022.00,0.026051
492,1000,0.50,500,2,50,0.9674,92,998.00,0.093380
493,1000,0.50,500,2,50,0.9710,93,930.00,0.253760
494,1000,0.50,500,2,50,1.0799,94,1033.00,0.585556
495,1000,0.50,500,2,50,0.9688,95,1017.00,0.131259
496,1000,0.50,500,2,50,0.9416,96,988.00,0.218017
497,1000,0.50,500,2,50,0.9958,97,1061.00,0.069446
498,1000,0.50,500,2,50,1.0588,98,994.00,0.366735
499,1000,0.50,500,2,50,1.0469,99,552.00,0.250332
500,1000,0.50,500,2,60,0.9613,0,1190.00,0.324996
501,1000,0.50,500,2,60,1.0241,1,1120.00,0.046192
502,1000,0.50,500,2,60,1.0250,2,1199.00,0.147534
503,1000,0.50,500,2,60,0.9678,3,1156.00,0.202403
504,1000,0.50,500,2,60,1.0007,4,1190.00,0.364065
505,1000,0.50,500,2,60,0.9506,5,1173.00,0.214978
506,1000,0.50,500,2,60,1.0524,6,1232.00,0.269401
507,1000,0.50,500,2,60,1.0036,7,1192.00,0.114506
508,1000,0.50,500,2,60,0.9953,8,1169.00,0.191104
509,1000,0.50,500,2,60,1.0469,9,1141.00,0.410081
510,1000,0.50,500,2,60,0.9708,10,1157.00,0.094714
511,1000,0.50,500,2,60,1.0073,11,1104.00,0.064570
512,1000,0.50,500,2,60,1.0070,12,1174.00,0.578878
513,1000,0.50,500,2,60,1.0060,13,1147.00,0.331907
514,1000,0.50,500,2,60,0.9849,14,1157.00,0.319779
515,1000,0.50,500,2,60,0.9931,15,1212.00,0.052389
516,1000,0.50,500,2,60,1.0290,16,1206.00,0.182490
517,1000,0.50,500,2,60,1.0025,17,1157.00,0.066206
518,1000,0.50,500,2,60,0.9799,18,1148.00,0.328458
519,1000,0.50,500,2,60,1.0061,19,1211.00,0.264304
520,1000,0.50,500,2,60,0.9781,20,1142.00,0.462011
521,1000,0.50,500,2,60,0.9413,21,1189.00,0.569097
522,1000,0.50,500,2,60,1.0326,22,1221.00,0.439424
523,1000,0.50,500,2,60,1.0036,23,342.00,0.470752
524,1000,0.50,500,2,60,0.9943,24,1213.00,0.433751
525,1000,0.50,500,2,60,0.9682,25,1192.00,0.098577
526,1000,0.50,500,2,60,0.9856,26,1311.00,0.043638
527,1000,0.50,500,2,60,1.0004,27,1238.00,0.134012
528,1000,0.50,500,2,60,1.0035,28,1202.00,0.209751
529,1000,0.50,500,2,60,0.9256,29,1206.00,0.135134
530,1000,0.50,500,2,60,0.9997,30,1184.00,0.165393
531,1000,0.50,500,2,60,1.0252,31,1173.00,0.457046
532,1000,0.50,500,2,60,1.0129,32,1169.00,0.189653
533,1000,0.50,500,2,60,0.9311,33,1216.00,0.187684
534,1000,0.50,500,2,60,1.0262,34,234.00,0.255626
535,1000,0.50,500,2,60,1.0276,35,1207.00,0.362877
536,1000,0.50,500,2,60,1.0305,36,393.00,0.210974
537,1000,0.50,500,2,60,0.9936,37,1141.00,0.419142
538,1000,0.50,500,2,60,1.0394,38,1217.00,0.757357
539,1000,0.50,500,2,60,1.0058,39,905.00,0.493819
540,1000,0.50,500,2,60,0.9736,40,1188.00,0.084358
541,1000,0.50,500,2,60,0.9989,41,59.00,0.246643
542,1000,0.50,500,2,60,1.0082,42,1194.00,0.200161
543,1000,0.50,500,2,60,1.0301,43,1168.00,0.244918
544,1000,0.50,500,2,60,0.9957,44,1170.00,0.140816
545,1000,0.50,500,2,60,1.0312,45,1175.00,0.092955
546,1000,0.50,500,2,60,0.9993,46,1223.00,0.437949
547,1000,0.50,500,2,60,0.9424,47,1205.00,0.449019
548,1000,0.50,500,2,60,0.9756,48,1156.00,0.213126
549,1000,0.50,500,2,60,0.9514,49,1201.00,0.317188
550,1000,0.50,500,2,60,0.9788,50,1112.00,0.245032
551,1000,0.50,500,2,60,0.9927,51,1189.00,0.101691
552,1000,0.50,500,2,60,1.0481,52,1193.00,0.240560
553,1000,0.50,500,2,60,0.9405,53,1235.00,0.698729
554,1000,0.50,500,2,60,0.9830,54,1119.00,0.097983
555,1000,0.50,500,2,60,1.0077,55,1165.00,0.517245
556,1000,0.50,500,2,60,1.0102,56,1155.00,0.429529
557,1000,0.50,500,2,60,1.0158,57,1126.00,0.367563
558,1000,0.50,500,2,60,1.0004,58,1209.00,0.101842
559,1000,0.50,500,2,60,0.9453,59,1166.00,0.364200
560,1000,0.50,500,2,60,0.9443,60,1152.00,0.568739
561,1000,0.50,500,2,60,0.9852,61,1188.00,0.246065
562,1000,0.50,500,2,60,1.0288,62,1020.00,0.256807
563,1000,0.50,500,2,60,0.9905,63,1145.00,0.385875
564,1000,0.50,500,2,60,0.9570,64,1185.00,0.110164
565,1000,0.50,500,2,60,1.0123,65,1184.00,0.203762
566,1000,0.50,500,2,60,0.9841,66,1213.00,0.289487
567,1000,0.50,500,2,60,1.0032,67,1212.00,0.195105
568,1000,0.50,500,2,60,0.9610,68,1119.00,0.583431
569,1000,0.50,500,2,60,0.9918,69,1271.00,0.131159
570,1000,0.50,500,2,60,0.9906,70,1209.00,0.306744
571,1000,0.50,500,2,60,0.9743,71,1132.00,0.135966
572,1000,0.50,500,2,60,1.0322,72,1226.00,0.194068
573,1000,0.50,500,2,60,1.0042,73,837.00,0.273607
574,1000,0.50,500,2,60,0.9417,74,1203.00,0.366290
575,1000,0.50,500,2,60,0.9592,75,1204.00,0.449879
576,1000,0.50,500,2,60,0.9584,76,1092.00,0.119192
577,1000,0.50,500,2,60,0.9980,77,1083.00,0.251229
578,1000,0.50,500,2,60,1.0375,78,1202.00,0.078551
579,1000,0.50,500,2,60,1.0335,79,1152.00,0.189283
580,1000,0.50,500,2,60,1.0272,80,1193.00,0.413007
581,1000,0.50,500,2,60,1.0163,81,1231.00,0.102147
582,1000,0.50,500,2,60,1.0208,82,1226.00,0.083483
583,1000,0.50,500,2,60,0.9769,83,1216.00,0.470480
584,1000,0.50,500,2,60,1.0424,84,1204.00,0.207213
585,1000,0.50,500,2,60,0.9768,85,1150.00,0.080742
586,1000,0.50,500,2,60,1.0064,86,870.00,0.384335
587,1000,0.50,500,2,60,1.0220,87,1171.00,0.179431
588,1000,0.50,500,2,60,0.9971,88,1127.00,0.070567
589,1000,0.50,500,2,60,0.9962,89,1228.00,0.960468
590,1000,0.50,500,2,60,0.9871,90,304.00,0.165734
591,1000,0.50,500,2,60,0.9620,91,1177.00,0.208217
592,1000,0.50,500,2,60,1.0079,92,1128.00,0.238879
593,1000,0.50,500,2,60,1.0048,93,1144.00,0.296536
594,1000,0.50,500,2,60,1.0206,94,1195.00,0.178205
595,1000,0.50,500,2,60,1.0462,95,393.00,0.673967
596,1000,0.50,500,2,60,1.0503,96,1227.00,0.294265
597,1000,0.50,500,2,60,1.0091,97,1224.00,0.332009
598,1000,0.50,500,2,60,0.9556,98,1141.00,0.295418
599,1000,0.50,500,2,60,0.9596,99,1190.00,0.127000
600,1000,0.50,500,2,70,0.9969,0,1424.00,0.082620
601,1000,0.50,500,2,70,1.0061,1,1363.00,0.277621
602,1000,0.50,500,2,70,1.0447,2,1382.00,0.195073
603,1000,0.50,500,2,70,1.0084,3,1381.00,0.569840
604,1000,0.50,500,2,70,1.0318,4,1294.00,0.123824
605,1000,0.50,500,2,70,1.0614,5,1382.00,0.319415
606,1000,0.50,500,2,70,0.9541,6,1339.00,0.180291
607,1000,0.50,500,2,70,0.9627,7,1399.00,0.595834
608,1000,0.50,500,2,70,0.9883,8,1389.00,0.147558
609,1000,0.50,500,2,70,1.0092,9,425.00,0.866107
610,1000,0.50,500,2,70,0.9819,10,1363.00,0.158575
611,1000,0.50,500,2,70,1.0640,11,1361.00,0.128295
612,1000,0.50,500,2,70,0.9832,12,1320.00,0.207081
613,1000,0.50,500,2,70,1.0394,13,1384.00,0.378191
614,1000,0.50,500,2,70,1.0127,14,1334.00,0.215488
615,1000,0.50,500,2,70,0.9996,15,1345.00,0.433687
616,1000,0.50,500,2,70,0.9880,16,1387.00,0.169987
617,1000,0.50,500,2,70,1.0262,17,1376.00,0.416809
618,1000,0.50,500,2,70,0.9588,18,1334.00,0.297806
619,1000,0.50,500,2,70,0.9884,19,1416.00,0.156533
620,1000,0.50,500,2,70,1.0455,20,1435.00,0.242603
621,1000,0.50,500,2,70,0.9897,21,1457.00,0.278612
622,1000,0.50,500,2,70,0.9738,22,1286.00,0.063324
623,1000,0.50,500,2,70,0.9509,23,1360.00,0.149994
624,1000,0.50,500,2,70,0.9510,24,1415.00,0.091193
625,1000,0.50,500,2,70,0.9678,25,1316.00,0.091785
626,1000,0.50,500,2,70,0.9942,26,1411.00,0.500535
627,1000,0.50,500,2,70,1.0369,27,297.00,0.264533
628,1000,0.50,500,2,70,1.0334,28,1391.00,0.136992
629,1000,0.50,500,2,70,1.0477,29,1426.00,0.401411
630,1000,0.50,500,2,70,0.9842,30,1377.00,0.480104
631,1000,0.50,500,2,70,1.0201,31,1405.00,0.166458
632,1000,0.50,500,2,70,1.0088,32,1347.00,0.194082
633,1000,0.50,500,2,70,0.9544,33,1406.00,0.177267
634,1000,0.50,500,2,70,1.0196,34,1382.00,0.320813
635,1000,0.50,500,2,70,1.0315,35,1387.00,0.367285
636,1000,0.50,500,2,70,0.9343,36,1399.00,0.165797
637,1000,0.50,500,2,70,1.0466,37,1346.00,0.360501
638,1000,0.50,500,2,70,1.0366,38,1460.00,1.012005
639,1000,0.50,500,2,70,0.9948,39,1451.00,0.277511
640,1000,0.50,500,2,70,0.9766,40,1391.00,0.146482
641,1000,0.50,500,2,70,1.0185,41,144.00,0.124573
642,1000,0.50,500,2,70,0.9625,42,1361.00,0.140169
643,1000,0.50,500,2,70,1.0114,43,1310.00,0.120811
644,1000,0.50,500,2,70,0.9777,44,1385.00,0.600456
645,1000,0.50,500,2,70,0.9998,45,1344.00,0.202872
646,1000,0.50,500,2,70,0.9868,46,675.00,0.123240
647,1000,0.50,500,2,70,0.9924,47,1437.00,0.159138
648,1000,0.50,500,2,70,0.9796,48,1403.00,0.462243
649,1000,0.50,500,2,70,1.0236,49,1442.00,0.101650
650,1000,0.50,500,2,70,1.0009,50,914.00,0.416951
651,1000,0.50,500,2,70,1.0192,51,1410.00,0.109475
652,1000,0.50,500,2,70,0.9768,52,1366.00,0.015094
653,1000,0.50,500,2,70,0.9895,53,1421.00,0.358030
654,1000,0.50,500,2,70,0.9628,54,1390.00,0.077324
655,1000,0.50,500,2,70,1.0096,55,1395.00,0.392800
656,1000,0.50,500,2,70,1.0262,56,1329.00,0.259566
657,1000,0.50,500,2,70,0.9691,57,1395.00,0.415536
658,1000,0.50,500,2,70,1.0130,58,1342.00,0.170729
659,1000,0.50,500,2,70,1.0178,59,1320.00,0.246416
660,1000,0.50,500,2,70,0.9583,60,1344.00,0.044778
661,1000,0.50,500,2,70,0.9783,61,1294.00,0.178708
662,1000,0.50,500,2,70,1.0354,62,1288.00,0.182073
663,1000,0.50,500,2,70,1.0009,63,1331.00,0.264238
664,1000,0.50,500,2,70,0.9982,64,1411.00,0.426343
665,1000,0.50,500,2,70,1.0045,65,1380.00,0.253208
666,1000,0.50,500,2,70,1.0801,66,891.00,0.176116
667,1000,0.50,500,2,70,1.0438,67,1368.00,0.546001
668,1000,0.50,500,2,70,0.9401,68,1321.00,0.043390
669,1000,0.50,500,2,70,0.9643,69,1327.00,0.247556
670,1000,0.50,500,2,70,0.9581,70,1462.00,0.552004
671,1000,0.50,500,2,70,1.0304,71,1304.00,0.173941
672,1000,0.50,500,2,70,0.9531,72,1365.00,0.441811
673,1000,0.50,500,2,70,1.0578,73,1363.00,0.838730
674,1000,0.50,500,2,70,0.9850,74,1286.00,0.077574
675,1000,0.50,500,2,70,1.0096,75,1386.00,0.311664
676,1000,0.50,500,2,70,0.9545,76,1454.00,0.228290
677,1000,0.50,500,2,70,1.0055,77,1290.00,0.545124
678,1000,0.50,500,2,70,0.9839,78,1362.00,0.296648
679,1000,0.50,500,2,70,1.0444,79,1434.00,0.451722
680,1000,0.50,500,2,70,0.9682,80,1396.00,0.184565
681,1000,0.50,500,2,70,0.9972,81,1395.00,0.426295
682,1000,0.50,500,2,70,0.9762,82,1444.00,0.456257
683,1000,0.50,500,2,70,0.9931,83,1376.00,0.160656
684,1000,0.50,500,2,70,0.9978,84,1418.00,0.311065
685,1000,0.50,500,2,70,0.9932,85,1361.00,0.207942
686,1000,0.50,500,2,70,1.0477,86,1388.00,0.556408
687,1000,0.50,500,2,70,1.0386,87,413.00,0.224753
688,1000,0.50,500,2,70,1.0909,88,1320.00,0.377136
689,1000,0.50,500,2,70,1.0132,89,1671.00,0.524809
690,1000,0.50,500,2,70,1.0060,90,1702.00,0.453644
691,1000,0.50,500,2,70,1.0182,91,1576.00,0.051094
692,1000,0.50,500,2,70,0.9326,92,1640.00,0.491435
693,1000,0.50,500,2,70,0.9747,93,1778.00,0.271136
694,1000,0.50,500,2,70,0.9613,94,1675.00,0.273145
695,1000,0.50,500,2,70,0.9775,95,1643.00,0.543328
696,1000,0.50,500,2,70,1.0421,96,1620.00,0.225374
697,1000,0.50,500,2,70,1.0259,97,1345.00,0.601737
698,1000,0.50,500,2,70,1.0072,98,1369.00,0.154603
699,1000,0.50,500,2,70,0.9637,99,1392.00,0.604705
700,1000,0.50,500,2,80,0.9908,0,1539.00,0.215615
701,1000,0.50,500,2,80,0.9926,1,1636.00,0.094266
702,1000,0.50,500,2,80,1.0422,2,664.00,0.164709
703,1000,0.50,500,2,80,1.0192,3,1403.00,0.129449
704,1000,0.50,500,2,80,1.0489,4,1470.00,0.141847
705,1000,0.50,500,2,80,0.9883,5,1593.00,0.163996
706,1000,0.50,500,2,80,1.0133,6,1634.00,0.279704
707,1000,0.50,500,2,80,0.9776,7,1686.00,0.478730
708,1000,0.50,500,2,80,0.9915,8,1590.00,0.093378
709,1000,0.50,500,2,80,0.9753,9,1467.00,0.086588
710,1000,0.50,500,2,80,1.0008,10,1664.00,0.312643
711,1000,0.50,500,2,80,0.9620,11,1526.00,0.202691
712,1000,0.50,500,2,80,1.0477,12,1568.00,0.051833
713,1000,0.50,500,2,80,1.0071,13,1607.00,0.285620
714,1000,0.50,500,2,80,1.0038,14,638.00,0.341732
715,1000,0.50,500,2,80,0.9538,15,1179.00,0.293635
716,1000,0.50,500,2,80,1.0071,16,1567.00,0.476735
717,1000,0.50,500,2,80,1.0771,17,828.00,0.543743
718,1000,0.50,500,2,80,0.9736,18,1602.00,0.345788
719,1000,0.50,500,2,80,0.9353,19,1593.00,0.330897
720,1000,0.50,500,2,80,0.9704,20,1495.00,0.079049
721,1000,0.50,500,2,80,0.9655,21,1581.00,0.281613
722,1000,0.50,500,2,80,0.9908,22,1588.00,0.196480
723,1000,0.50,500,2,80,1.0037,23,1571.00,0.147370
724,1000,0.50,500,2,80,0.9664,24,1556.00,0.467488
725,1000,0.50,500,2,80,0.9510,25,1557.00,0.373037
726,1000,0.50,500,2,80,1.0193,26,1557.00,0.225752
727,1000,0.50,500,2,80,1.0160,27,1585.00,0.296106
728,1000,0.50,500,2,80,1.0125,28,1568.00,0.088354
729,1000,0.50,500,2,80,0.9565,29,1521.00,0.403525
730,1000,0.50,500,2,80,1.0488,30,1253.00,0.494703
731,1000,0.50,500,2,80,0.9971,31,874.00,0.476319
732,1000,0.50,500,2,80,0.9843,32,1606.00,0.367502
733,1000,0.50,500,2,80,1.0166,33,1489.00,0.184767
734,1000,0.50,500,2,80,1.0219,34,1620.00,0.265166
735,1000,0.50,500,2,80,1.0168,35,1585.00,0.139677
736,1000,0.50,500,2,80,1.0289,36,1563.00,0.154698
737,1000,0.50,500,2,80,1.0343,37,812.00,0.362741
738,1000,0.50,500,2,80,0.9932,38,1598.00,0.195752
739,1000,0.50,500,2,80,0.9323,39,1566.00,0.083902
740,1000,0.50,500,2,80,0.9596,40,1528.00,0.173556
741,1000,0.50,500,2,80,0.9767,41,1534.00,0.047351
742,1000,0.50,500,2,80,1.0638,42,1571.00,0.124409
743,1000,0.50,500,2,80,1.0374,43,1619.00,0.316870
744,1000,0.50,500,2,80,0.9976,44,1600.00,0.401303
745,1000,0.50,500,2,80,0.9770,45,1528.00,0.110977
746,1000,0.50,500,2,80,0.9578,46,1577.00,0.318546
747,1000,0.50,500,2,80,0.9890,47,1571.00,0.105859
748,1000,0.50,500,2,80,0.9624,48,1590.00,0.357915
749,1000,0.50,500,2,80,0.9931,49,1554.00,0.391489
750,1000,0.50,500,2,80,1.0210,50,1496.00,0.194136
751,1000,0.50,500,2,80,1.0002,51,1607.00,0.463039
752,1000,0.50,500,2,80,0.9914,52,1549.00,0.191394
753,1000,0.50,500,2,80,1.0256,53,40.00,0.120255
754,1000,0.50,500,2,80,0.9845,54,1602.00,0.212043
755,1000,0.50,500,2,80,1.0211,55,1510.00,0.238581
756,1000,0.50,500,2,80,1.0323,56,1545.00,0.395604
757,1000,0.50,500,2,80,0.9979,57,367.00,0.378577
758,1000,0.50,500,2,80,1.0490,58,1416.00,0.238769
759,1000,0.50,500,2,80,0.9816,59,1584.00,0.363250
760,1000,0.50,500,2,80,0.9935,60,1691.00,0.187254
761,1000,0.50,500,2,80,0.9253,61,1530.00,0.086265
762,1000,0.50,500,2,80,1.0200,62,1724.00,0.332108
763,1000,0.50,500,2,80,1.0198,63,1650.00,0.348929
764,1000,0.50,500,2,80,1.0230,64,1537.00,0.259031
765,1000,0.50,500,2,80,0.9980,65,1596.00,0.126736
766,1000,0.50,500,2,80,1.0618,66,1586.00,0.600843
767,1000,0.50,500,2,80,0.9848,67,1577.00,0.225743
768,1000,0.50,500,2,80,0.9871,68,1624.00,0.266420
769,1000,0.50,500,2,80,0.9951,69,1539.00,0.302446
770,1000,0.50,500,2,80,1.0516,70,1552.00,0.467936
771,1000,0.50,500,2,80,0.9758,71,1528.00,0.359505
772,1000,0.50,500,2,80,0.9990,72,1510.00,0.050420
773,1000,0.50,500,2,80,0.9807,73,1544.00,0.255862
774,1000,0.50,500,2,80,0.9832,74,1640.00,0.248335
775,1000,0.50,500,2,80,0.9975,75,1600.00,0.082949
776,1000,0.50,500,2,80,0.9615,76,1622.00,0.313331
777,1000,0.50,500,2,80,0.9769,77,1144.00,0.366764
778,1000,0.50,500,2,80,0.9858,78,1743.00,0.275803
779,1000,0.50,500,2,80,1.0141,79,1590.00,0.296405
780,1000,0.50,500,2,80,1.0343,80,1611.00,0.524426
781,1000,0.50,500,2,80,1.0504,81,1549.00,0.250229
782,1000,0.50,500,2,80,1.0001,82,1682.00,0.381552
783,1000,0.50,500,2,80,1.0249,83,302.00,0.431389
784,1000,0.50,500,2,80,0.9694,84,1601.00,0.111918
785,1000,0.50,500,2,80,0.9898,85,1637.00,0.258168
786,1000,0.50,500,2,80,1.0027,86,1214.00,0.339018
787,1000,0.50,500,2,80,1.0198,87,372.00,0.457969
788,1000,0.50,500,2,80,0.9902,88,1540.00,0.503854
789,1000,0.50,500,2,80,0.9137,89,1583.00,0.153073
790,1000,0.50,500,2,80,1.0201,90,1619.00,0.320037
791,1000,0.50,500,2,80,0.9639,91,1703.00,0.035941
792,1000,0.50,500,2,80,0.9636,92,1606.00,0.175263
793,1000,0.50,500,2,80,0.9851,93,1607.00,0.062125
794,1000,0.50,500,2,80,1.0367,94,434.00,0.157286
795,1000,0.50,500,2,80,0.9823,95,1573.00,0.095079
796,1000,0.50,500,2,80,1.0069,96,1561.00,0.098710
797,1000,0.50,500,2,80,0.9926,97,1562.00,0.060352
798,1000,0.50,500,2,80,1.0418,98,1529.00,0.146781
799,1000,0.50,500,2,80,0.9643,99,1649.00,0.158289
800,1000,0.50,500,2,90,1.0261,0,1790.00,0.297680
801,1000,0.50,500,2,90,1.0081,1,1817.00,0.314151
802,1000,0.50,500,2,90,1.0192,2,196.00,0.498900
803,1000,0.50,500,2,90,1.0371,3,1740.00,0.146943
804,1000,0.50,500,2,90,0.9624,4,1837.00,0.501638
805,1000,0.50,500,2,90,1.0172,5,1727.00,0.309624
806,1000,0.50,500,2,90,1.0870,6,1874.00,0.251969
807,1000,0.50,500,2,90,0.9772,7,170.00,0.103702
808,1000,0.50,500,2,90,0.9819,8,1727.00,0.290174
809,1000,0.50,500,2,90,0.9391,9,1748.00,0.070746
810,1000,0.50,500,2,90,1.0110,10,1762.00,0.069138
811,1000,0.50,500,2,90,1.0239,11,1634.00,0.089320
812,1000,0.50,500,2,90,1.0288,12,1843.00,0.196699
813,1000,0.50,500,2,90,1.0473,13,1770.00,0.552562
814,1000,0.50,500,2,90,1.0275,14,1791.00,0.129336
815,1000,0.50,500,2,90,1.0674,15,1818.00,0.678805
816,1000,0.50,500,2,90,1.0457,16,1714.00,0.388586
817,1000,0.50,500,2,90,0.9339,17,1739.00,0.191430
818,1000,0.50,500,2,90,0.9946,18,1752.00,0.036923
819,1000,0.50,500,2,90,0.9827,19,1751.00,0.360105
820,1000,0.50,500,2,90,1.0413,20,1757.00,0.036748
821,1000,0.50,500,2,90,1.0121,21,1757.00,0.035460
822,1000,0.50,500,2,90,1.0714,22,788.00,0.164723
823,1000,0.50,500,2,90,1.0081,23,1753.00,0.124070
824,1000,0.50,500,2,90,1.0473,24,1688.00,0.361542
825,1000,0.50,500,2,90,0.9555,25,1760.00,0.328444
826,1000,0.50,500,2,90,0.9679,26,1838.00,0.111383
827,1000,0.50,500,2,90,0.9431,27,1705.00,0.138798
828,1000,0.50,500,2,90,1.0370,28,75.00,0.167529
829,1000,0.50,500,2,90,0.9831,29,1776.00,0.077517
830,1000,0.50,500,2,90,0.9841,30,1860.00,0.231070
831,1000,0.50,500,2,90,0.9706,31,1701.00,0.068880
832,1000,0.50,500,2,90,0.9866,32,1691.00,0.325138
833,1000,0.50,500,2,90,0.9961,33,1690.00,0.156739
834,1000,0.50,500,2,90,0.9978,34,1774.00,0.188590
835,1000,0.50,500,2,90,0.9909,35,1700.00,0.313662
836,1000,0.50,500,2,90,0.9956,36,1779.00,0.100985
837,1000,0.50,500,2,90,1.0089,37,1821.00,0.204127
838,1000,0.50,500,2,90,1.0321,38,1945.00,0.584043
839,1000,0.50,500,2,90,1.0745,39,1563.00,0.491449
840,1000,0.50,500,2,90,0.9732,40,1769.00,0.168908
841,1000,0.50,500,2,90,0.9979,41,1699.00,0.240400
842,1000,0.50,500,2,90,1.0341,42,1546.00,0.175227
843,1000,0.50,500,2,90,0.9917,43,1742.00,0.103493
844,1000,0.50,500,2,90,0.9964,44,1777.00,0.331233
845,1000,0.50,500,2,90,1.0244,45,1796.00,0.295775
846,1000,0.50,500,2,90,1.0550,46,1191.00,0.119126
847,1000,0.50,500,2,90,1.0079,47,1675.00,0.250088
848,1000,0.50,500,2,90,0.9955,48,1724.00,0.140718
849,1000,0.50,500,2,90,1.0266,49,1731.00,0.140558
850,1000,0.50,500,2,90,0.9519,50,1700.00,0.157164
851,1000,0.50,500,2,90,0.9868,51,1761.00,0.259885
852,1000,0.50,500,2,90,1.0130,52,1778.00,0.564535
853,1000,0.50,500,2,90,1.0071,53,1819.00,0.382771
854,1000,0.50,500,2,90,0.9829,54,1732.00,0.106710
855,1000,0.50,500,2,90,1.0307,55,1734.00,0.272238
856,1000,0.50,500,2,90,0.9780,56,1830.00,0.264711
857,1000,0.50,500,2,90,1.0181,57,1693.00,0.134028
858,1000,0.50,500,2,90,0.9787,58,1676.00,0.312142
859,1000,0.50,500,2,90,0.9627,59,1736.00,0.085935
860,1000,0.50,500,2,90,0.9903,60,1758.00,0.167997
861,1000,0.50,500,2,90,1.0110,61,1743.00,0.325413
862,1000,0.50,500,2,90,1.0391,62,1770.00,0.211931
863,1000,0.50,500,2,90,0.9793,63,1731.00,0.024914
864,1000,0.50,500,2,90,1.0133,64,1772.00,0.179767
865,1000,0.50,500,2,90,0.9742,65,1732.00,0.422338
866,1000,0.50,500,2,90,0.9749,66,1769.00,0.045606
867,1000,0.50,500,2,90,0.9846,67,1783.00,0.127794
868,1000,0.50,500,2,90,1.0544,68,448.00,0.116950
869,1000,0.50,500,2,90,1.0247,69,1751.00,0.525524
870,1000,0.50,500,2,90,0.8953,70,1785.00,0.302099
871,1000,0.50,500,2,90,0.9495,71,1698.00,0.436869
872,1000,0.50,500,2,90,0.9475,72,1715.00,0.150019
873,1000,0.50,500,2,90,1.0166,73,1748.00,0.239718
874,1000,0.50,500,2,90,1.0288,74,1009.00,0.161816
875,1000,0.50,500,2,90,0.9668,75,1760.00,0.062869
876,1000,0.50,500,2,90,0.9689,76,1771.00,0.533575
877,1000,0.50,500,2,90,0.9649,77,1727.00,0.047532
878,1000,0.50,500,2,90,1.0102,78,1727.00,0.186864
879,1000,0.50,500,2,90,0.9548,79,1721.00,0.500864
880,1000,0.50,500,2,90,1.0143,80,1731.00,0.135842
881,1000,0.50,500,2,90,0.9397,81,1810.00,0.470699
882,1000,0.50,500,2,90,0.9211,82,1699.00,0.682642
883,1000,0.50,500,2,90,1.0163,83,1636.00,0.285206
884,1000,0.50,500,2,90,0.9436,84,1781.00,0.122605
885,1000,0.50,500,2,90,0.9971,85,1761.00,0.210617
886,1000,0.50,500,2,90,0.9579,86,1775.00,0.258083
887,1000,0.50,500,2,90,0.9713,87,238.00,0.564988
888,1000,0.50,500,2,90,1.0400,88,1764.00,0.112007
889,1000,0.50,500,2,90,1.0184,89,1729.00,0.279659
890,1000,0.50,500,2,90,0.9812,90,1664.00,0.082946
891,1000,0.50,500,2,90,0.9757,91,1771.00,0.063581
892,1000,0.50,500,2,90,0.9975,92,1855.00,0.310347
893,1000,0.50,500,2,90,0.9745,93,1796.00,0.174767
894,1000,0.50,500,2,90,0.9462,94,1824.00,0.390873
895,1000,0.50,500,2,90,1.0064,95,1751.00,0.335290
896,1000,0.50,500,2,90,0.9663,96,1698.00,0.294947
897,1000,0.50,500,2,90,0.9896,97,1783.00,0.274492
898,1000,0.50,500,2,90,1.0176,98,1721.00,0.513091
899,1000,0.50,500,2,90,1.0396,99,1866.00,0.520689
900,1000,0.50,500,2,100,1.0197,0,1888.00,0.285434
901,1000,0.50,500,2,100,1.0028,1,1900.00,0.212303
902,1000,0.50,500,2,100,0.9706,2,1962.00,0.135808
903,1000,0.50,500,2,100,1.0153,3,2060.00,0.069370
904,1000,0.50,500,2,100,0.9890,4,1982.00,0.154744
905,1000,0.50,500,2,100,1.0503,5,1243.00,0.266509
906,1000,0.50,500,2,100,0.9974,6,1968.00,0.127359
907,1000,0.50,500,2,100,1.0234,7,2034.00,0.261310
908,1000,0.50,500,2,100,0.9446,8,1886.00,0.506093
909,1000,0.50,500,2,100,0.9738,9,1982.00,0.265500
910,1000,0.50,500,2,100,1.0130,10,1897.00,0.156056
911,1000,0.50,500,2,100,0.9963,11,1845.00,0.359248
912,1000,0.50,500,2,100,0.9625,12,1979.00,0.334486
913,1000,0.50,500,2,100,0.9642,13,216.00,0.259088
914,1000,0.50,500,2,100,0.9525,14,1894.00,0.011963
915,1000,0.50,500,2,100,0.9502,15,1915.00,0.299414
916,1000,0.50,500,2,100,0.9837,16,2034.00,0.213546
917,1000,0.50,500,2,100,0.9511,17,1891.00,0.055729
918,1000,0.50,500,2,100,0.9929,18,2006.00,0.095070
919,1000,0.50,500,2,100,1.0032,19,797.00,0.345579
920,1000,0.50,500,2,100,0.9827,20,1974.00,0.254703
921,1000,0.50,500,2,100,1.0003,21,2117.00,0.155613
922,1000,0.50,500,2,100,1.0014,22,1896.00,0.183974
923,1000,0.50,500,2,100,1.0700,23,1951.00,0.099304
924,1000,0.50,500,2,100,1.0364,24,1964.00,0.355095
925,1000,0.50,500,2,100,1.0052,25,1981.00,0.220377
926,1000,0.50,500,2,100,0.9822,26,1888.00,0.234542
927,1000,0.50,500,2,100,1.0191,27,1921.00,0.523563
928,1000,0.50,500,2,100,0.9787,28,1972.00,0.111107
929,1000,0.50,500,2,100,0.9406,29,2036.00,0.530669
930,1000,0.50,500,2,100,0.9947,30,2068.00,0.740262
931,1000,0.50,500,2,100,0.9796,31,2082.00,0.198391
932,1000,0.50,500,2,100,1.0155,32,1846.00,0.408135
933,1000,0.50,500,2,100,0.9731,33,2015.00,0.246070
934,1000,0.50,500,2,100,1.0038,34,1975.00,0.660458
935,1000,0.50,500,2,100,1.1013,35,1787.00,0.203950
936,1000,0.50,500,2,100,0.9810,36,1946.00,0.439385
937,1000,0.50,500,2,100,0.9413,37,2029.00,0.516295
938,1000,0.50,500,2,100,0.9766,38,1979.00,0.358493
939,1000,0.50,500,2,100,1.0084,39,1992.00,0.346529
940,1000,0.50,500,2,100,0.9789,40,1970.00,0.359229
941,1000,0.50,500,2,100,0.9435,41,1887.00,0.066372
942,1000,0.50,500,2,100,1.0253,42,2036.00,0.190440
943,1000,0.50,500,2,100,1.0433,43,2046.00,0.358559
944,1000,0.50,500,2,100,0.9853,44,2028.00,0.204504
945,1000,0.50,500,2,100,0.9850,45,2106.00,0.890964
946,1000,0.50,500,2,100,0.9521,46,2020.00,0.178027
947,1000,0.50,500,2,100,1.0234,47,1965.00,0.162206
948,1000,0.50,500,2,100,0.9751,48,2043.00,0.550124
949,1000,0.50,500,2,100,0.9867,49,1888.00,0.330807
950,1000,0.50,500,2,100,0.9433,50,1935.00,0.312453
951,1000,0.50,500,2,100,0.9568,51,1964.00,0.152398
952,1000,0.50,500,2,100,1.0025,52,1963.00,0.081718
953,1000,0.50,500,2,100,0.9824,53,1887.00,0.156205
954,1000,0.50,500,2,100,1.0096,54,1929.00,0.150780
955,1000,0.50,500,2,100,0.9429,55,2084.00,0.075822
956,1000,0.50,500,2,100,1.0725,56,1490.00,0.214216
957,1000,0.50,500,2,100,1.0564,57,1823.00,0.401496
958,1000,0.50,500,2,100,0.9668,58,1927.00,0.493513
959,1000,0.50,500,2,100,0.9554,59,1896.00,0.227047
960,1000,0.50,500,2,100,0.9839,60,1997.00,0.325066
961,1000,0.50,500,2,100,0.9843,61,1846.00,0.268736
962,1000,0.50,500,2,100,0.9894,62,1996.00,0.467137
963,1000,0.50,500,2,100,0.9841,63,2052.00,0.775225
964,1000,0.50,500,2,100,1.0510,64,2031.00,0.792193
965,1000,0.50,500,2,100,0.9716,65,1948.00,0.191797
966,1000,0.50,500,2,100,0.9231,66,1890.00,0.098797
967,1000,0.50,500,2,100,0.9578,67,1909.00,0.371419
968,1000,0.50,500,2,100,1.0409,68,1968.00,0.299066
969,1000,0.50,500,2,100,0.9811,69,2003.00,0.345332
970,1000,0.50,500,2,100,1.0354,70,1961.00,0.320104
971,1000,0.50,500,2,100,0.9487,71,1971.00,0.185445
972,1000,0.50,500,2,100,0.9921,72,1857.00,0.237198
973,1000,0.50,500,2,100,0.9796,73,1925.00,0.147991
974,1000,0.50,500,2,100,0.9963,74,1901.00,0.228620
975,1000,0.50,500,2,100,1.0237,75,1877.00,0.196169
976,1000,0.50,500,2,100,1.0058,76,1911.00,0.482276
977,1000,0.50,500,2,100,1.0044,77,1954.00,0.155230
978,1000,0.50,500,2,100,0.9716,78,1888.00,0.113324
979,1000,0.50,500,2,100,0.9535,79,1837.00,0.128352
980,1000,0.50,500,2,100,0.9502,80,1974.00,0.372039
981,1000,0.50,500,2,100,0.9930,81,1961.00,0.313114
982,1000,0.50,500,2,100,1.0062,82,1917.00,0.151724
983,1000,0.50,500,2,100,0.9960,83,1920.00,0.080278
984,1000,0.50,500,2,100,0.9567,84,1966.00,0.138349
985,1000,0.50,500,2,100,0.9856,85,1907.00,0.320282
986,1000,0.50,500,2,100,0.9985,86,1921.00,0.246363
987,1000,0.50,500,2,100,1.0495,87,1973.00,0.435532
988,1000,0.50,500,2,100,0.9885,88,1886.00,0.285607
989,1000,0.50,500,2,100,1.0183,89,2028.00,0.420186
990,1000,0.50,500,2,100,1.0279,90,1537.00,0.191985
991,1000,0.50,500,2,100,0.9806,91,1935.00,0.192720
992,1000,0.50,500,2,100,0.8960,92,1917.00,0.058386
993,1000,0.50,500,2,100,1.0006,93,1941.00,0.665770
994,1000,0.50,500,2,100,1.0132,94,2051.00,0.476608
995,1000,0.50,500,2,100,1.0035,95,1947.00,0.083695
996,1000,0.50,500,2,100,1.0001,96,1949.00,0.166069
997,1000,0.50,500,2,100,1.0452,97,1887.00,0.508225
998,1000,0.50,500,2,100,0.9978,98,1946.00,0.255760
999,1000,0.50,500,2,100,1.0088,99,1964.00,0.277885
1000,1000,0.50,500,2,110,1.0160,0,2088.00,0.221369
1001,1000,0.50,500,2,110,0.9732,1,2110.00,0.070439
1002,1000,0.50,500,2,110,1.0400,2,2126.00,0.204077
1003,1000,0.50,500,2,110,1.0472,3,2232.00,0.252433
1004,1000,0.50,500,2,110,0.9974,4,2168.00,0.339136
1005,1000,0.50,500,2,110,1.0043,5,2159.00,0.102471
1006,1000,0.50,500,2,110,1.0527,6,1928.00,0.394005
1007,1000,0.50,500,2,110,1.0824,7,2159.00,0.156350
1008,1000,0.50,500,2,110,1.0031,8,2026.00,0.173974
1009,1000,0.50,500,2,110,0.9883,9,2032.00,0.060225
1010,1000,0.50,500,2,110,0.9596,10,2126.00,0.461159
1011,1000,0.50,500,2,110,1.0401,11,2181.00,0.205676
1012,1000,0.50,500,2,110,1.0492,12,2198.00,0.308129
1013,1000,0.50,500,2,110,1.0064,13,2181.00,0.400587
1014,1000,0.50,500,2,110,0.9984,14,2176.00,0.789155
1015,1000,0.50,500,2,110,1.0316,15,2044.00,0.217730
1016,1000,0.50,500,2,110,0.9744,16,2048.00,0.216420
1017,1000,0.50,500,2,110,1.0303,17,57.00,0.263545
1018,1000,0.50,500,2,110,0.9783,18,2079.00,0.291149
1019,1000,0.50,500,2,110,1.0093,19,2283.00,0.121137
1020,1000,0.50,500,2,110,1.0212,20,2164.00,0.248880
1021,1000,0.50,500,2,110,1.0250,21,504.00,0.185391
1022,1000,0.50,500,2,110,0.9769,22,2213.00,0.071118
1023,1000,0.50,500,2,110,1.0108,23,413.00,0.222732
1024,1000,0.50,500,2,110,1.0349,24,2119.00,0.128982
1025,1000,0.50,500,2,110,0.9012,25,2122.00,0.087436
1026,1000,0.50,500,2,110,0.9803,26,2078.00,0.262271
1027,1000,0.50,500,2,110,0.9845,27,2155.00,0.136644
1028,1000,0.50,500,2,110,0.9723,28,2117.00,0.369066
1029,1000,0.50,500,2,110,0.9773,29,292.00,0.253505
1030,1000,0.50,500,2,110,0.9989,30,2178.00,0.309255
1031,1000,0.50,500,2,110,1.0221,31,2109.00,0.161274
1032,1000,0.50,500,2,110,0.9833,32,2176.00,0.024037
1033,1000,0.50,500,2,110,0.9943,33,2173.00,0.164861
1034,1000,0.50,500,2,110,1.0238,34,2179.00,0.425215
1035,1000,0.50,500,2,110,0.9979,35,2114.00,0.231702
1036,1000,0.50,500,2,110,1.0114,36,2115.00,0.387729
1037,1000,0.50,500,2,110,1.0055,37,2179.00,0.202607
1038,1000,0.50,500,2,110,0.9616,38,2265.00,0.173020
1039,1000,0.50,500,2,110,1.0213,39,2167.00,0.104521
1040,1000,0.50,500,2,110,0.9723,40,2160.00,0.232305
1041,1000,0.50,500,2,110,1.0169,41,2161.00,0.590527
1042,1000,0.50,500,2,110,0.9662,42,2216.00,0.174148
1043,1000,0.50,500,2,110,0.9942,43,2224.00,0.487347
1044,1000,0.50,500,2,110,1.0262,44,2007.00,0.162338
1045,1000,0.50,500,2,110,1.0622,45,897.00,0.428031
1046,1000,0.50,500,2,110,1.0241,46,1924.00,0.213027
1047,1000,0.50,500,2,110,1.0383,47,1995.00,0.390739
1048,1000,0.50,500,2,110,0.9810,48,2070.00,0.203364
1049,1000,0.50,500,2,110,1.0033,49,2157.00,0.059198
1050,1000,0.50,500,2,110,1.0092,50,2164.00,0.370402
1051,1000,0.50,500,2,110,1.0578,51,2244.00,0.301099
1052,1000,0.50,500,2,110,0.9669,52,2070.00,0.550234
1053,1000,0.50,500,2,110,0.9699,53,2183.00,0.192585
1054,1000,0.50,500,2,110,0.9986,54,2124.00,0.255882
1055,1000,0.50,500,2,110,0.9093,55,2029.00,0.266824
1056,1000,0.50,500,2,110,1.0288,56,2144.00,0.308137
1057,1000,0.50,500,2,110,0.9802,57,2114.00,0.531345
1058,1000,0.50,500,2,110,1.0790,58,2088.00,0.476543
1059,1000,0.50,500,2,110,1.0630,59,2144.00,0.456812
1060,1000,0.50,500,2,110,1.0146,60,2120.00,0.425915
1061,1000,0.50,500,2,110,0.9580,61,2177.00,0.467680
1062,1000,0.50,500,2,110,1.0325,62,2094.00,0.082486
1063,1000,0.50,500,2,110,0.9930,63,2174.00,0.107242
1064,1000,0.50,500,2,110,0.9886,64,2117.00,0.358870
1065,1000,0.50,500,2,110,1.0208,65,2064.00,0.135479
1066,1000,0.50,500,2,110,0.9835,66,2153.00,0.475853
1067,1000,0.50,500,2,110,1.0017,67,2089.00,0.214311
1068,1000,0.50,500,2,110,1.0100,68,2214.00,0.238818
1069,1000,0.50,500,2,110,1.0159,69,1701.00,0.174956
1070,1000,0.50,500,2,110,1.0066,70,2075.00,0.204089
1071,1000,0.50,500,2,110,0.9836,71,2141.00,0.126849
1072,1000,0.50,500,2,110,1.0311,72,1004.00,0.355249
1073,1000,0.50,500,2,110,0.9587,73,2119.00,0.232925
1074,1000,0.50,500,2,110,1.0084,74,2088.00,0.395069
1075,1000,0.50,500,2,110,0.9895,75,2123.00,0.121088
1076,1000,0.50,500,2,110,1.0058,76,2109.00,0.436817
1077,1000,0.50,500,2,110,0.9940,77,2193.00,0.145361
1078,1000,0.50,500,2,110,0.9965,78,2105.00,0.300451
1079,1000,0.50,500,2,110,0.9933,79,2207.00,0.212009
1080,1000,0.50,500,2,110,0.9992,80,2231.00,0.284534
1081,1000,0.50,500,2,110,0.9522,81,2226.00,0.529234
1082,1000,0.50,500,2,110,1.0086,82,2133.00,0.028622
1083,1000,0.50,500,2,110,1.0080,83,1974.00,0.226526
1084,1000,0.50,500,2,110,0.9930,84,2129.00,0.233125
1085,1000,0.50,500,2,110,0.9828,85,2163.00,0.162748
1086,1000,0.50,500,2,110,1.0077,86,2081.00,0.341052
1087,1000,0.50,500,2,110,0.9932,87,2067.00,0.127516
1088,1000,0.50,500,2,110,1.0413,88,2055.00,0.081536
1089,1000,0.50,500,2,110,1.0265,89,2069.00,0.186038
1090,1000,0.50,500,2,110,0.9963,90,2020.00,0.378962
1091,1000,0.50,500,2,110,1.0243,91,2086.00,0.337642
1092,1000,0.50,500,2,110,0.9326,92,2088.00,0.096639
1093,1000,0.50,500,2,110,0.9737,93,2071.00,0.168678
1094,1000,0.50,500,2,110,0.9638,94,2025.00,0.403287
1095,1000,0.50,500,2,110,1.0264,95,2119.00,0.071391
1096,1000,0.50,500,2,110,0.9461,96,2020.00,0.098797
1097,1000,0.50,500,2,110,1.0586,97,2149.00,0.155531
1098,1000,0.50,500,2,110,1.0120,98,2049.00,0.108354
1099,1000,0.50,500,2,110,0.9555,99,2100.00,0.197438
1100,1000,0.50,500,2,120,0.9645,0,2340.00,0.411996
1101,1000,0.50,500,2,120,0.9759,1,2209.00,0.201113
1102,1000,0.50,500,2,120,0.9932,2,2259.00,0.125396
1103,1000,0.50,500,2,120,1.0378,3,2320.00,0.354165
1104,1000,0.50,500,2,120,1.0353,4,472.00,0.117271
1105,1000,0.50,500,2,120,0.9796,5,2246.00,0.202434
1106,1000,0.50,500,2,120,0.9379,6,2179.00,0.375192
1107,1000,0.50,500,2,120,1.0123,7,2383.00,0.485825
1108,1000,0.50,500,2,120,1.0136,8,2349.00,0.135861
1109,1000,0.50,500,2,120,0.9897,9,2238.00,0.373442
1110,1000,0.50,500,2,120,1.0376,10,2345.00,0.198403
1111,1000,0.50,500,2,120,0.9720,11,2236.00,0.076197
1112,1000,0.50,500,2,120,0.9479,12,2244.00,0.161399
1113,1000,0.50,500,2,120,1.0518,13,2261.00,0.249917
1114,1000,0.50,500,2,120,1.0277,14,2373.00,0.084394
1115,1000,0.50,500,2,120,0.9151,15,2213.00,0.170109
1116,1000,0.50,500,2,120,0.9826,16,2473.00,0.570479
1117,1000,0.50,500,2,120,1.0026,17,2341.00,0.424758
1118,1000,0.50,500,2,120,0.9916,18,850.00,0.262269
1119,1000,0.50,500,2,120,0.9856,19,2371.00,0.206950
1120,1000,0.50,500,2,120,0.9838,20,2346.00,0.382386
1121,1000,0.50,500,2,120,0.9552,21,2389.00,0.108914
1122,1000,0.50,500,2,120,0.9977,22,2375.00,0.183555
1123,1000,0.50,500,2,120,1.0235,23,2343.00,0.294069
1124,1000,0.50,500,2,120,0.9552,24,2300.00,0.089473
1125,1000,0.50,500,2,120,1.0171,25,1458.00,0.141257
1126,1000,0.50,500,2,120,0.9226,26,2291.00,0.142753
1127,1000,0.50,500,2,120,1.0052,27,2235.00,0.272577
1128,1000,0.50,500,2,120,1.0062,28,2402.00,0.557191
1129,1000,0.50,500,2,120,0.9754,29,2375.00,0.589054
1130,1000,0.50,500,2,120,0.9733,30,2367.00,0.651824
1131,1000,0.50,500,2,120,0.9791,31,2250.00,0.156222
1132,1000,0.50,500,2,120,0.9957,32,2404.00,0.654456
1133,1000,0.50,500,2,120,0.9988,33,2307.00,0.233484
1134,1000,0.50,500,2,120,1.0575,34,2257.00,0.248528
1135,1000,0.50,500,2,120,1.0544,35,119.00,0.231530
1136,1000,0.50,500,2,120,0.9877,36,2319.00,0.245200
1137,1000,0.50,500,2,120,0.9424,37,2398.00,0.206887
1138,1000,0.50,500,2,120,0.9432,38,2294.00,0.072681
1139,1000,0.50,500,2,120,1.0498,39,619.00,0.274276
1140,1000,0.50,500,2,120,0.9886,40,2241.00,0.166425
1141,1000,0.50,500,2,120,1.0325,41,2372.00,0.352288
1142,1000,0.50,500,2,120,1.0077,42,2304.00,0.525161
1143,1000,0.50,500,2,120,0.9477,43,2253.00,0.167663
1144,1000,0.50,500,2,120,0.9938,44,2271.00,0.255491
1145,1000,0.50,500,2,120,0.9733,45,2223.00,0.183386
1146,1000,0.50,500,2,120,0.9933,46,2232.00,0.500618
1147,1000,0.50,500,2,120,1.0421,47,2340.00,0.204924
1148,1000,0.50,500,2,120,0.9940,48,2279.00,0.103971
1149,1000,0.50,500,2,120,1.0093,49,2246.00,0.385147
1150,1000,0.50,500,2,120,0.9630,50,2244.00,0.306005
1151,1000,0.50,500,2,120,1.0307,51,2331.00,0.159983
1152,1000,0.50,500,2,120,0.9669,52,2287.00,0.399827
1153,1000,0.50,500,2,120,1.0056,53,2244.00,0.177621
1154,1000,0.50,500,2,120,1.0008,54,2291.00,0.712692
1155,1000,0.50,500,2,120,0.9851,55,2416.00,0.468857
1156,1000,0.50,500,2,120,0.9675,56,2539.00,0.097901
1157,1000,0.50,500,2,120,0.9972,57,2377.00,0.088337
1158,1000,0.50,500,2,120,1.0075,58,2294.00,0.122929
1159,1000,0.50,500,2,120,0.9432,59,2339.00,0.327115
1160,1000,0.50,500,2,120,1.0146,60,129.00,0.185576
1161,1000,0.50,500,2,120,0.9767,61,2425.00,0.369496
1162,1000,0.50,500,2,120,0.9855,62,2289.00,0.092320
1163,1000,0.50,500,2,120,0.9931,63,71.00,0.239548
1164,1000,0.50,500,2,120,0.9702,64,2337.00,0.236847
1165,1000,0.50,500,2,120,0.9870,65,2317.00,0.228445
1166,1000,0.50,500,2,120,1.0701,66,1619.00,0.249588
1167,1000,0.50,500,2,120,0.9845,67,2380.00,0.278503
1168,1000,0.50,500,2,120,1.0358,68,2383.00,0.171070
1169,1000,0.50,500,2,120,0.9972,69,2456.00,0.307723
1170,1000,0.50,500,2,120,1.0095,70,2591.00,1.034267
1171,1000,0.50,500,2,120,0.9692,71,2364.00,0.243144
1172,1000,0.50,500,2,120,0.9600,72,2333.00,0.163891
1173,1000,0.50,500,2,120,1.0040,73,824.00,0.254351
1174,1000,0.50,500,2,120,0.9772,74,2448.00,0.273851
1175,1000,0.50,500,2,120,0.9838,75,2360.00,0.055682
1176,1000,0.50,500,2,120,1.0371,76,2289.00,0.344628
1177,1000,0.50,500,2,120,0.9785,77,2400.00,0.073858
1178,1000,0.50,500,2,120,1.0157,78,2418.00,0.184943
1179,1000,0.50,500,2,120,0.9992,79,2255.00,0.100195
1180,1000,0.50,500,2,120,0.9860,80,2221.00,0.325607
1181,1000,0.50,500,2,120,1.0061,81,2349.00,0.072370
1182,1000,0.50,500,2,120,1.0053,82,2326.00,0.320259
1183,1000,0.50,500,2,120,1.0050,83,2362.00,0.249265
1184,1000,0.50,500,2,120,1.0142,84,2391.00,0.142551
1185,1000,0.50,500,2,120,1.0400,85,2249.00,0.102419
1186,1000,0.50,500,2,120,1.0283,86,2371.00,0.468390
1187,1000,0.50,500,2,120,0.9656,87,2366.00,0.300914
1188,1000,0.50,500,2,120,1.0226,88,2328.00,0.505376
1189,1000,0.50,500,2,120,0.9445,89,2422.00,0.422583
1190,1000,0.50,500,2,120,1.0476,90,223.00,0.816868
1191,1000,0.50,500,2,120,0.9437,91,2395.00,0.234053
1192,1000,0.50,500,2,120,0.9719,92,2389.00,0.246828
1193,1000,0.50,500,2,120,1.0311,93,2357.00,0.226946
1194,1000,0.50,500,2,120,0.9574,94,2256.00,0.117472
1195,1000,0.50,500,2,120,1.0204,95,2361.00,0.649547
1196,1000,0.50,500,2,120,1.0184,96,2365.00,0.164335
1197,1000,0.50,500,2,120,0.9743,97,2285.00,0.098954
1198,1000,0.50,500,2,120,0.9664,98,2367.00,0.179813
1199,1000,0.50,500,2,120,0.9768,99,2339.00,0.136899
1200,1000,0.50,500,2,130,0.9796,0,2476.00,0.173069
1201,1000,0.50,500,2,130,1.0398,1,843.00,0.233921
1202,1000,0.50,500,2,130,1.0411,2,2160.00,0.158036
1203,1000,0.50,500,2,130,0.9860,3,2595.00,0.243168
1204,1000,0.50,500,2,130,0.9381,4,2414.00,0.365578
1205,1000,0.50,500,2,130,0.9833,5,2574.00,0.494649
1206,1000,0.50,500,2,130,1.0154,6,1085.00,0.498451
1207,1000,0.50,500,2,130,0.9908,7,2525.00,0.081346
1208,1000,0.50,500,2,130,1.0218,8,2465.00,0.453810
1209,1000,0.50,500,2,130,0.9714,9,2639.00,0.371373
1210,1000,0.50,500,2,130,0.9920,10,2487.00,0.131770
1211,1000,0.50,500,2,130,1.0060,11,2505.00,0.204334
1212,1000,0.50,500,2,130,1.0002,12,2506.00,0.478272
1213,1000,0.50,500,2,130,1.0314,13,2577.00,0.302185
1214,1000,0.50,500,2,130,0.9618,14,2505.00,0.136891
1215,1000,0.50,500,2,130,1.0221,15,480.00,0.215093
1216,1000,0.50,500,2,130,1.0534,16,2511.00,0.199012
1217,1000,0.50,500,2,130,1.0543,17,544.00,0.475732
1218,1000,0.50,500,2,130,1.0336,18,2519.00,0.149435
1219,1000,0.50,500,2,130,1.0076,19,2672.00,0.392451
1220,1000,0.50,500,2,130,0.9683,20,2473.00,0.200453
1221,1000,0.50,500,2,130,0.9708,21,1706.00,0.330042
1222,1000,0.50,500,2,130,0.9181,22,2500.00,0.174917
1223,1000,0.50,500,2,130,1.0062,23,2553.00,0.695323
1224,1000,0.50,500,2,130,0.9698,24,2454.00,0.064961
1225,1000,0.50,500,2,130,1.0135,25,2635.00,0.108589
1226,1000,0.50,500,2,130,0.9886,26,2611.00,0.165919
1227,1000,0.50,500,2,130,1.0357,27,873.00,0.471597
1228,1000,0.50,500,2,130,0.9845,28,2499.00,0.130133
1229,1000,0.50,500,2,130,0.9552,29,2459.00,0.115654
1230,1000,0.50,500,2,130,0.9852,30,2453.00,0.225340
1231,1000,0.50,500,2,130,1.0277,31,2676.00,0.068719
1232,1000,0.50,500,2,130,0.9738,32,2441.00,0.098506
1233,1000,0.50,500,2,130,1.0792,33,315.00,0.681572
1234,1000,0.50,500,2,130,0.9759,34,2462.00,0.239245
1235,1000,0.50,500,2,130,0.9842,35,2464.00,0.101741
1236,1000,0.50,500,2,130,0.9732,36,2423.00,0.049477
1237,1000,0.50,500,2,130,0.9672,37,2517.00,0.221116
1238,1000,0.50,500,2,130,0.9783,38,2559.00,0.101583
1239,1000,0.50,500,2,130,1.0499,39,2436.00,0.227239
1240,1000,0.50,500,2,130,1.0220,40,2603.00,0.145941
1241,1000,0.50,500,2,130,1.0372,41,2609.00,0.418443
1242,1000,0.50,500,2,130,0.9472,42,2548.00,0.186861
1243,1000,0.50,500,2,130,1.0001,43,523.00,0.236393
1244,1000,0.50,500,2,130,1.0248,44,2367.00,0.119068
1245,1000,0.50,500,2,130,0.9860,45,2469.00,0.335990
1246,1000,0.50,500,2,130,1.0086,46,2543.00,0.068276
1247,1000,0.50,500,2,130,1.0288,47,615.00,0.743293
1248,1000,0.50,500,2,130,1.0384,48,2405.00,0.171829
1249,1000,0.50,500,2,130,0.9885,49,1337.00,0.142774
1250,1000,0.50,500,2,130,1.0136,50,2640.00,0.182777
1251,1000,0.50,500,2,130,0.9733,51,2493.00,0.185857
1252,1000,0.50,500,2,130,0.9877,52,2528.00,0.169429
1253,1000,0.50,500,2,130,1.0400,53,2548.00,0.263451
1254,1000,0.50,500,2,130,0.9357,54,2452.00,0.140897
1255,1000,0.50,500,2,130,0.9955,55,2489.00,0.146389
1256,1000,0.50,500,2,130,0.9861,56,2662.00,0.192808
1257,1000,0.50,500,2,130,0.9627,57,2446.00,0.157730
1258,1000,0.50,500,2,130,1.0221,58,2497.00,0.543463
1259,1000,0.50,500,2,130,0.9964,59,279.00,0.226641
1260,1000,0.50,500,2,130,1.0052,60,1842.00,0.166751
1261,1000,0.50,500,2,130,1.0168,61,2076.00,0.216199
1262,1000,0.50,500,2,130,1.0084,62,2556.00,0.543825
1263,1000,0.50,500,2,130,0.9679,63,2497.00,0.248627
1264,1000,0.50,500,2,130,0.9644,64,2421.00,0.536025
1265,1000,0.50,500,2,130,0.9890,65,348.00,0.360324
1266,1000,0.50,500,2,130,1.0435,66,2450.00,0.164398
1267,1000,0.50,500,2,130,0.9617,67,2428.00,0.076492
1268,1000,0.50,500,2,130,0.9585,68,2484.00,0.403154
1269,1000,0.50,500,2,130,0.9266,69,2506.00,0.034757
1270,1000,0.50,500,2,130,0.9997,70,2531.00,0.037872
1271,1000,0.50,500,2,130,0.9917,71,2556.00,0.250557
1272,1000,0.50,500,2,130,1.0129,72,2652.00,0.307071
1273,1000,0.50,500,2,130,1.0150,73,2481.00,0.173517
1274,1000,0.50,500,2,130,1.0235,74,2522.00,0.125771
1275,1000,0.50,500,2,130,0.9936,75,2575.00,0.631602
1276,1000,0.50,500,2,130,1.0284,76,2525.00,0.237278
1277,1000,0.50,500,2,130,1.0090,77,2573.00,0.184308
1278,1000,0.50,500,2,130,1.0379,78,2538.00,0.190377
1279,1000,0.50,500,2,130,1.0144,79,2520.00,0.112478
1280,1000,0.50,500,2,130,0.9733,80,2533.00,0.275668
1281,1000,0.50,500,2,130,1.0032,81,2518.00,0.623003
1282,1000,0.50,500,2,130,1.0227,82,2490.00,0.134856
1283,1000,0.50,500,2,130,0.9740,83,2568.00,0.151356
1284,1000,0.50,500,2,130,0.9702,84,2570.00,0.329710
1285,1000,0.50,500,2,130,1.0529,85,1461.00,0.175915
1286,1000,0.50,500,2,130,0.9395,86,2458.00,0.178160
1287,1000,0.50,500,2,130,0.9787,87,2416.00,0.075516
1288,1000,0.50,500,2,130,1.0701,88,2475.00,0.638192
1289,1000,0.50,500,2,130,0.9828,89,2498.00,0.152110
1290,1000,0.50,500,2,130,0.9907,90,2600.00,0.151874
1291,1000,0.50,500,2,130,0.9993,91,2599.00,0.180320
1292,1000,0.50,500,2,130,1.0142,92,2525.00,0.035688
1293,1000,0.50,500,2,130,1.0077,93,2497.00,0.430576
1294,1000,0.50,500,2,130,0.9824,94,2529.00,0.424174
1295,1000,0.50,500,2,130,0.9682,95,2491.00,0.461714
1296,1000,0.50,500,2,130,1.0158,96,2503.00,0.433601
1297,1000,0.50,500,2,130,0.9862,97,2541.00,0.229041
1298,1000,0.50,500,2,130,0.9980,98,2596.00,0.272481
1299,1000,0.50,500,2,130,0.9831,99,2590.00,0.188870
1300,1000,0.50,500,2,140,0.9816,0,2713.00,0.195968
1301,1000,0.50,500,2,140,0.9540,1,2744.00,0.269696
1302,1000,0.50,500,2,140,0.9711,2,2636.00,0.168947
1303,1000,0.50,500,2,140,0.9845,3,2605.00,0.234054
1304,1000,0.50,500,2,140,0.9907,4,2746.00,0.138465
1305,1000,0.50,500,2,140,0.9741,5,2666.00,0.235109
1306,1000,0.50,500,2,140,0.9634,6,2732.00,0.227622
1307,1000,0.50,500,2,140,1.0335,7,2721.00,0.129719
1308,1000,0.50,500,2,140,0.9621,8,2706.00,0.211328
1309,1000,0.50,500,2,140,0.9449,9,2599.00,0.298153
1310,1000,0.50,500,2,140,1.0261,10,2612.00,0.462800
1311,1000,0.50,500,2,140,1.0215,11,1683.00,0.251208
1312,1000,0.50,500,2,140,1.0201,12,2695.00,0.300848
1313,1000,0.50,500,2,140,1.0118,13,849.00,0.537279
1314,1000,0.50,500,2,140,0.9935,14,2761.00,0.123357
1315,1000,0.50,500,2,140,1.0128,15,2673.00,0.232116
1316,1000,0.50,500,2,140,0.9558,16,2650.00,0.089262
1317,1000,0.50,500,2,140,0.9943,17,2651.00,0.364897
1318,1000,0.50,500,2,140,0.9280,18,2676.00,0.139383
1319,1000,0.50,500,2,140,1.0233,19,2729.00,0.227490
1320,1000,0.50,500,2,140,1.0437,20,448.00,0.173680
1321,1000,0.50,500,2,140,1.0007,21,2643.00,0.157502
1322,1000,0.50,500,2,140,1.0454,22,2738.00,0.470227
1323,1000,0.50,500,2,140,0.9780,23,2725.00,0.414960
1324,1000,0.50,500,2,140,1.0062,24,2832.00,0.154111
1325,1000,0.50,500,2,140,0.9950,25,2643.00,0.338415
1326,1000,0.50,500,2,140,0.9629,26,2701.00,0.362773
1327,1000,0.50,500,2,140,0.9975,27,2760.00,0.166934
1328,1000,0.50,500,2,140,0.9600,28,2699.00,0.413710
1329,1000,0.50,500,2,140,0.9810,29,2788.00,0.224527
1330,1000,0.50,500,2,140,0.9525,30,2699.00,0.176857
1331,1000,0.50,500,2,140,1.0079,31,2719.00,0.390785
1332,1000,0.50,500,2,140,0.9847,32,2796.00,0.083353
1333,1000,0.50,500,2,140,0.9901,33,2832.00,0.123016
1334,1000,0.50,500,2,140,0.9657,34,2666.00,0.049241
1335,1000,0.50,500,2,140,1.0274,35,2730.00,0.211310
1336,1000,0.50,500,2,140,0.9940,36,2684.00,0.183854
1337,1000,0.50,500,2,140,0.9640,37,2615.00,0.087683
1338,1000,0.50,500,2,140,0.9593,38,2741.00,0.642171
1339,1000,0.50,500,2,140,1.0168,39,2800.00,0.343114
1340,1000,0.50,500,2,140,1.0160,40,2802.00,0.517127
1341,1000,0.50,500,2,140,1.0296,41,2867.00,0.111505
1342,1000,0.50,500,2,140,1.0048,42,2670.00,0.581596
1343,1000,0.50,500,2,140,1.0020,43,2784.00,0.748024
1344,1000,0.50,500,2,140,1.0180,44,2597.00,0.494671
1345,1000,0.50,500,2,140,0.9951,45,2708.00,0.261564
1346,1000,0.50,500,2,140,0.9933,46,2776.00,0.091694
1347,1000,0.50,500,2,140,1.0334,47,2628.00,0.471160
1348,1000,0.50,500,2,140,0.9946,48,2600.00,0.245432
1349,1000,0.50,500,2,140,0.9991,49,2750.00,0.222755
1350,1000,0.50,500,2,140,1.0047,50,2810.00,0.074373
1351,1000,0.50,500,2,140,1.0143,51,1948.00,0.529420
1352,1000,0.50,500,2,140,0.9708,52,2701.00,0.062820
1353,1000,0.50,500,2,140,0.9729,53,2779.00,0.088188
1354,1000,0.50,500,2,140,0.9916,54,2712.00,0.258998
1355,1000,0.50,500,2,140,1.0462,55,683.00,0.146397
1356,1000,0.50,500,2,140,1.0448,56,2750.00,0.356287
1357,1000,0.50,500,2,140,0.9684,57,2778.00,0.144161
1358,1000,0.50,500,2,140,0.9901,58,2685.00,0.241578
1359,1000,0.50,500,2,140,0.9843,59,654.00,0.229405
1360,1000,0.50,500,2,140,0.9618,60,2633.00,0.035965
1361,1000,0.50,500,2,140,1.0023,61,2717.00,0.431862
1362,1000,0.50,500,2,140,1.0337,62,2564.00,0.385359
1363,1000,0.50,500,2,140,0.9802,63,2658.00,0.260199
1364,1000,0.50,500,2,140,0.9142,64,2694.00,0.144560
1365,1000,0.50,500,2,140,1.0612,65,1401.00,0.129646
1366,1000,0.50,500,2,140,1.0399,66,2725.00,0.338547
1367,1000,0.50,500,2,140,1.0144,67,2743.00,0.347691
1368,1000,0.50,500,2,140,0.9649,68,2649.00,0.257924
1369,1000,0.50,500,2,140,1.0406,69,2733.00,0.086006
1370,1000,0.50,500,2,140,0.9802,70,2633.00,0.218306
1371,1000,0.50,500,2,140,0.9613,71,2606.00,0.122954
1372,1000,0.50,500,2,140,0.9656,72,2780.00,0.220634
1373,1000,0.50,500,2,140,1.0088,73,2766.00,0.117606
1374,1000,0.50,500,2,140,0.9822,74,2792.00,0.332303
1375,1000,0.50,500,2,140,0.9928,75,2694.00,0.185640
1376,1000,0.50,500,2,140,0.9920,76,2679.00,0.161257
1377,1000,0.50,500,2,140,0.9834,77,2700.00,0.185686
1378,1000,0.50,500,2,140,1.0135,78,2723.00,0.239657
1379,1000,0.50,500,2,140,0.9594,79,2683.00,0.140146
1380,1000,0.50,500,2,140,0.9485,80,2769.00,0.139669
1381,1000,0.50,500,2,140,0.9858,81,499.00,0.266800
1382,1000,0.50,500,2,140,0.9806,82,2674.00,0.192241
1383,1000,0.50,500,2,140,0.9887,83,2751.00,0.214578
1384,1000,0.50,500,2,140,0.9225,84,2741.00,0.244146
1385,1000,0.50,500,2,140,1.0257,85,2762.00,0.267350
1386,1000,0.50,500,2,140,0.9986,86,2792.00,0.405443
1387,1000,0.50,500,2,140,0.9585,87,2738.00,0.106085
1388,1000,0.50,500,2,140,1.0097,88,2778.00,0.436010
1389,1000,0.50,500,2,140,1.0048,89,2716.00,0.445615
1390,1000,0.50,500,2,140,1.0107,90,2872.00,0.470330
1391,1000,0.50,500,2,140,0.9875,91,2636.00,0.261920
1392,1000,0.50,500,2,140,1.0223,92,1690.00,0.315712
1393,1000,0.50,500,2,140,1.0305,93,2641.00,0.124708
1394,1000,0.50,500,2,140,1.0061,94,2812.00,0.457701
1395,1000,0.50,500,2,140,0.9937,95,2576.00,0.190711
1396,1000,0.50,500,2,140,0.9602,96,2822.00,0.193326
1397,1000,0.50,500,2,140,0.9649,97,2687.00,0.122701
1398,1000,0.50,500,2,140,1.0155,98,2671.00,0.413226
1399,1000,0.50,500,2,140,1.0030,99,2740.00,0.193902
1400,1000,0.50,500,2,150,1.0270,0,2909.00,0.296913
1401,1000,0.50,500,2,150,1.0245,1,2855.00,0.417134
1402,1000,0.50,500,2,150,0.9971,2,2901.00,0.094031
1403,1000,0.50,500,2,150,1.0145,3,2776.00,0.069411
1404,1000,0.50,500,2,150,0.9499,4,2863.00,0.244576
1405,1000,0.50,500,2,150,0.9662,5,2937.00,0.421667
1406,1000,0.50,500,2,150,0.9734,6,3105.00,0.192674
1407,1000,0.50,500,2,150,1.0051,7,2917.00,0.292596
1408,1000,0.50,500,2,150,0.9772,8,2934.00,0.220587
1409,1000,0.50,500,2,150,0.9970,9,2832.00,0.140577
1410,1000,0.50,500,2,150,0.9575,10,2830.00,0.127832
1411,1000,0.50,500,2,150,0.9492,11,2801.00,0.206187
1412,1000,0.50,500,2,150,1.0030,12,2910.00,0.055424
1413,1000,0.50,500,2,150,1.0062,13,2901.00,0.413519
1414,1000,0.50,500,2,150,1.0226,14,233.00,0.456731
1415,1000,0.50,500,2,150,1.0287,15,2936.00,0.229387
1416,1000,0.50,500,2,150,0.9946,16,2804.00,0.223077
1417,1000,0.50,500,2,150,1.0133,17,3024.00,0.167964
1418,1000,0.50,500,2,150,0.9968,18,2984.00,0.408895
1419,1000,0.50,500,2,150,1.0230,19,3012.00,0.192085
1420,1000,0.50,500,2,150,1.0243,20,2897.00,0.370134
1421,1000,0.50,500,2,150,1.0201,21,2871.00,0.246059
1422,1000,0.50,500,2,150,0.9747,22,3051.00,0.656289
1423,1000,0.50,500,2,150,1.0347,23,883.00,0.171190
1424,1000,0.50,500,2,150,0.9736,24,2843.00,0.244532
1425,1000,0.50,500,2,150,0.9958,25,2906.00,0.182531
1426,1000,0.50,500,2,150,0.9787,26,2974.00,0.472889
1427,1000,0.50,500,2,150,1.0472,27,2910.00,0.185238
1428,1000,0.50,500,2,150,0.9865,28,2850.00,0.264093
1429,1000,0.50,500,2,150,1.0001,29,2914.00,0.506991
1430,1000,0.50,500,2,150,0.9630,30,2974.00,0.659960
1431,1000,0.50,500,2,150,0.9880,31,2959.00,0.615122
1432,1000,0.50,500,2,150,0.9916,32,1874.00,0.382053
1433,1000,0.50,500,2,150,1.0455,33,371.00,0.151831
1434,1000,0.50,500,2,150,1.0021,34,1683.00,0.157972
1435,1000,0.50,500,2,150,0.9951,35,2941.00,0.405142
1436,1000,0.50,500,2,150,1.0176,36,613.00,0.188015
1437,1000,0.50,500,2,150,1.0170,37,2887.00,0.085363
1438,1000,0.50,500,2,150,0.9874,38,2950.00,0.211591
1439,1000,0.50,500,2,150,1.0005,39,3006.00,0.162171
1440,1000,0.50,500,2,150,0.9800,40,2799.00,0.175743
1441,1000,0.50,500,2,150,1.0180,41,2932.00,0.157192
1442,1000,0.50,500,2,150,0.9433,42,2929.00,0.522830
1443,1000,0.50,500,2,150,1.0044,43,2949.00,0.187478
1444,1000,0.50,500,2,150,1.0210,44,2864.00,0.261098
1445,1000,0.50,500,2,150,0.9901,45,2820.00,0.344967
1446,1000,0.50,500,2,150,0.9284,46,2815.00,0.265150
1447,1000,0.50,500,2,150,1.0416,47,863.00,0.097971
1448,1000,0.50,500,2,150,0.9725,48,2858.00,0.146814
1449,1000,0.50,500,2,150,1.0197,49,2922.00,0.171315
1450,1000,0.50,500,2,150,1.0379,50,2875.00,0.435308
1451,1000,0.50,500,2,150,0.9957,51,2959.00,0.359168
1452,1000,0.50,500,2,150,1.0323,52,657.00,0.218281
1453,1000,0.50,500,2,150,0.9295,53,2762.00,0.331422
1454,1000,0.50,500,2,150,0.9815,54,2907.00,0.371672
1455,1000,0.50,500,2,150,1.0229,55,2824.00,0.117143
1456,1000,0.50,500,2,150,1.0741,56,358.00,0.098769
1457,1000,0.50,500,2,150,1.0064,57,1082.00,0.633109
1458,1000,0.50,500,2,150,1.0282,58,2863.00,0.326119
1459,1000,0.50,500,2,150,0.9644,59,2931.00,0.403549
1460,1000,0.50,500,2,150,1.0153,60,2819.00,0.095721
1461,1000,0.50,500,2,150,1.0086,61,2999.00,0.287309
1462,1000,0.50,500,2,150,0.9775,62,2772.00,0.231455
1463,1000,0.50,500,2,150,1.0539,63,364.00,0.296252
1464,1000,0.50,500,2,150,1.0007,64,2805.00,0.299997
1465,1000,0.50,500,2,150,0.9882,65,2951.00,0.106240
1466,1000,0.50,500,2,150,1.0624,66,2952.00,0.338179
1467,1000,0.50,500,2,150,0.9799,67,2893.00,0.233681
1468,1000,0.50,500,2,150,0.9870,68,2829.00,0.240457
1469,1000,0.50,500,2,150,0.9695,69,2978.00,0.540345
1470,1000,0.50,500,2,150,1.0662,70,608.00,0.592760
1471,1000,0.50,500,2,150,1.0065,71,3029.00,0.753187
1472,1000,0.50,500,2,150,0.9705,72,2782.00,0.128453
1473,1000,0.50,500,2,150,0.9764,73,2837.00,0.175580
1474,1000,0.50,500,2,150,0.9617,74,2866.00,0.377860
1475,1000,0.50,500,2,150,0.9813,75,2829.00,0.115343
1476,1000,0.50,500,2,150,1.0127,76,2884.00,0.556504
1477,1000,0.50,500,2,150,0.9814,77,1315.00,0.171590
1478,1000,0.50,500,2,150,0.9300,78,2872.00,0.274154
1479,1000,0.50,500,2,150,0.9788,79,2840.00,0.477971
1480,1000,0.50,500,2,150,0.9894,80,2946.00,0.143496
1481,1000,0.50,500,2,150,0.9910,81,2966.00,0.285252
1482,1000,0.50,500,2,150,1.0157,82,2861.00,0.157524
1483,1000,0.50,500,2,150,0.9841,83,2921.00,0.148051
1484,1000,0.50,500,2,150,0.9946,84,2844.00,0.313761
1485,1000,0.50,500,2,150,0.9816,85,2932.00,0.077283
1486,1000,0.50,500,2,150,1.0454,86,412.00,0.349938
1487,1000,0.50,500,2,150,1.0077,87,2931.00,0.415079
1488,1000,0.50,500,2,150,0.9397,88,2897.00,0.183333
1489,1000,0.50,500,2,150,1.0540,89,2823.00,0.228352
1490,1000,0.50,500,2,150,1.0384,90,2835.00,0.201856
1491,1000,0.50,500,2,150,1.0033,91,2896.00,0.296717
1492,1000,0.50,500,2,150,1.0055,92,2825.00,0.235649
1493,1000,0.50,500,2,150,0.9616,93,2824.00,0.205595
1494,1000,0.50,500,2,150,0.9721,94,2967.00,0.159070
1495,1000,0.50,500,2,150,1.0053,95,2836.00,0.335756
1496,1000,0.50,500,2,150,0.9939,96,2944.00,0.292735
1497,1000,0.50,500,2,150,1.0333,97,3004.00,0.135546
1498,1000,0.50,500,2,150,0.9429,98,2911.00,0.085812
1499,1000,0.50,500,2,150,0.9833,99,499.00,0.458719
1500,1000,0.50,500,2,160,0.9527,0,3089.00,0.140844
1501,1000,0.50,500,2,160,0.9906,1,3231.00,0.524361
1502,1000,0.50,500,2,160,1.0031,2,3348.00,0.345063
1503,1000,0.50,500,2,160,0.9610,3,3205.00,0.093326
1504,1000,0.50,500,2,160,1.0208,4,3157.00,0.230832
1505,1000,0.50,500,2,160,0.9486,5,2940.00,0.485661
1506,1000,0.50,500,2,160,1.0046,6,3055.00,0.310685
1507,1000,0.50,500,2,160,0.9890,7,2969.00,0.287890
1508,1000,0.50,500,2,160,1.0292,8,294.00,0.193179
1509,1000,0.50,500,2,160,1.0340,9,3151.00,0.420342
1510,1000,0.50,500,2,160,1.0616,10,3240.00,0.316398
1511,1000,0.50,500,2,160,1.0106,11,3023.00,0.459197
1512,1000,0.50,500,2,160,1.0618,12,3090.00,0.596225
1513,1000,0.50,500,2,160,0.9514,13,1614.00,0.272588
1514,1000,0.50,500,2,160,0.9745,14,3107.00,0.431289
1515,1000,0.50,500,2,160,1.0486,15,3126.00,0.204890
1516,1000,0.50,500,2,160,0.9610,16,3056.00,0.223188
1517,1000,0.50,500,2,160,0.9884,17,3063.00,0.186086
1518,1000,0.50,500,2,160,1.0218,18,3120.00,0.108121
1519,1000,0.50,500,2,160,0.9930,19,3072.00,0.168893
1520,1000,0.50,500,2,160,1.0487,20,1645.00,0.138856
1521,1000,0.50,500,2,160,0.9789,21,3031.00,0.181840
1522,1000,0.50,500,2,160,1.0227,22,2940.00,0.207395
1523,1000,0.50,500,2,160,1.0185,23,2955.00,0.252738
1524,1000,0.50,500,2,160,0.9975,24,2834.00,0.226501
1525,1000,0.50,500,2,160,0.9855,25,307.00,0.145430
1526,1000,0.50,500,2,160,1.0293,26,3156.00,0.293414
1527,1000,0.50,500,2,160,1.0336,27,2043.00,0.170474
1528,1000,0.50,500,2,160,0.9975,28,3090.00,0.656367
1529,1000,0.50,500,2,160,0.9917,29,3128.00,0.144037
1530,1000,0.50,500,2,160,1.0142,30,3018.00,0.367449
1531,1000,0.50,500,2,160,0.9772,31,2984.00,0.110444
1532,1000,0.50,500,2,160,1.0431,32,3097.00,0.137235
1533,1000,0.50,500,2,160,1.0466,33,3010.00,0.401766
1534,1000,0.50,500,2,160,1.0093,34,3054.00,0.289647
1535,1000,0.50,500,2,160,1.0031,35,3064.00,0.249808
1536,1000,0.50,500,2,160,0.9909,36,3108.00,0.448705
1537,1000,0.50,500,2,160,1.0111,37,3206.00,0.263905
1538,1000,0.50,500,2,160,0.9921,38,3085.00,0.398557
1539,1000,0.50,500,2,160,0.9776,39,3034.00,0.097422
1540,1000,0.50,500,2,160,0.9789,40,3103.00,0.257497
1541,1000,0.50,500,2,160,0.9640,41,3100.00,0.117391
1542,1000,0.50,500,2,160,0.9857,42,3089.00,0.252004
1543,1000,0.50,500,2,160,0.9703,43,3226.00,0.136122
1544,1000,0.50,500,2,160,1.0262,44,499.00,0.348290
1545,1000,0.50,500,2,160,0.9561,45,2987.00,0.284457
1546,1000,0.50,500,2,160,0.9766,46,3087.00,0.216646
1547,1000,0.50,500,2,160,1.0539,47,1889.00,0.243283
1548,1000,0.50,500,2,160,1.0062,48,3307.00,0.886828
1549,1000,0.50,500,2,160,1.0130,49,3136.00,0.087239
1550,1000,0.50,500,2,160,0.9942,50,3235.00,0.078117
1551,1000,0.50,500,2,160,0.9478,51,3089.00,0.478376
1552,1000,0.50,500,2,160,0.9342,52,3126.00,0.444917
1553,1000,0.50,500,2,160,0.9701,53,3141.00,0.436276
1554,1000,0.50,500,2,160,0.9961,54,3163.00,0.223834
1555,1000,0.50,500,2,160,1.0293,55,3114.00,0.215903
1556,1000,0.50,500,2,160,1.0039,56,3181.00,0.325566
1557,1000,0.50,500,2,160,1.0070,57,3132.00,0.382943
1558,1000,0.50,500,2,160,1.0052,58,3013.00,0.620042
1559,1000,0.50,500,2,160,0.9767,59,3144.00,0.278394
1560,1000,0.50,500,2,160,0.9899,60,1285.00,0.170561
1561,1000,0.50,500,2,160,1.0206,61,3117.00,0.085083
1562,1000,0.50,500,2,160,0.9639,62,3084.00,0.455572
1563,1000,0.50,500,2,160,1.0262,63,3084.00,0.254105
1564,1000,0.50,500,2,160,1.0049,64,3218.00,0.536980
1565,1000,0.50,500,2,160,0.9994,65,2400.00,0.276205
1566,1000,0.50,500,2,160,1.0285,66,2906.00,0.114132
1567,1000,0.50,500,2,160,1.0054,67,3206.00,0.459049
1568,1000,0.50,500,2,160,1.0200,68,3047.00,0.259943
1569,1000,0.50,500,2,160,1.0251,69,3188.00,0.441481
1570,1000,0.50,500,2,160,1.0013,70,646.00,0.218370
1571,1000,0.50,500,2,160,1.0092,71,3257.00,0.151591
1572,1000,0.50,500,2,160,0.9576,72,3144.00,0.163108
1573,1000,0.50,500,2,160,1.0115,73,3762.00,0.549436
1574,1000,0.50,500,2,160,1.0433,74,3121.00,0.438400
1575,1000,0.50,500,2,160,1.0228,75,3095.00,0.084921
1576,1000,0.50,500,2,160,0.9883,76,3114.00,0.242550
1577,1000,0.50,500,2,160,0.9379,77,3141.00,0.220373
1578,1000,0.50,500,2,160,1.0155,78,1006.00,0.556590
1579,1000,0.50,500,2,160,0.9852,79,3144.00,0.549607
1580,1000,0.50,500,2,160,1.0118,80,186.00,0.510355
1581,1000,0.50,500,2,160,0.9836,81,3261.00,0.344894
1582,1000,0.50,500,2,160,1.0087,82,3234.00,0.482891
1583,1000,0.50,500,2,160,0.9457,83,3149.00,0.481784
1584,1000,0.50,500,2,160,1.0066,84,3015.00,0.085939
1585,1000,0.50,500,2,160,0.9887,85,3003.00,0.165841
1586,1000,0.50,500,2,160,1.0089,86,486.00,0.498866
1587,1000,0.50,500,2,160,1.0192,87,400.00,0.144939
1588,1000,0.50,500,2,160,0.9824,88,861.00,0.234582
1589,1000,0.50,500,2,160,0.9672,89,2970.00,0.163787
1590,1000,0.50,500,2,160,0.9728,90,3081.00,0.218918
1591,1000,0.50,500,2,160,1.0465,91,3049.00,0.082212
1592,1000,0.50,500,2,160,0.9693,92,3076.00,0.030776
1593,1000,0.50,500,2,160,0.9726,93,3184.00,0.578365
1594,1000,0.50,500,2,160,1.0296,94,238.00,0.547177
1595,1000,0.50,500,2,160,1.0035,95,3022.00,0.085256
1596,1000,0.50,500,2,160,0.9227,96,3093.00,0.280558
1597,1000,0.50,500,2,160,0.9842,97,3065.00,0.426045
1598,1000,0.50,500,2,160,0.9618,98,3040.00,0.085248
1599,1000,0.50,500,2,160,0.9910,99,3159.00,0.161160
1600,1000,0.50,500,2,170,0.9838,0,3377.00,0.053757
1601,1000,0.50,500,2,170,1.0446,1,3250.00,0.251301
1602,1000,0.50,500,2,170,0.9905,2,3264.00,0.132257
1603,1000,0.50,500,2,170,0.9602,3,3205.00,0.324592
1604,1000,0.50,500,2,170,0.9939,4,3211.00,0.166553
1605,1000,0.50,500,2,170,1.0154,5,3225.00,0.276601
1606,1000,0.50,500,2,170,0.9624,6,3241.00,0.049022
1607,1000,0.50,500,2,170,1.0256,7,1602.00,0.180347
1608,1000,0.50,500,2,170,1.0113,8,3328.00,0.241950
1609,1000,0.50,500,2,170,0.9868,9,3279.00,0.115387
1610,1000,0.50,500,2,170,0.9604,10,3310.00,0.256784
1611,1000,0.50,500,2,170,1.0442,11,3075.00,0.181092
1612,1000,0.50,500,2,170,1.0546,12,370.00,0.328987
1613,1000,0.50,500,2,170,1.0194,13,994.00,0.648589
1614,1000,0.50,500,2,170,1.0284,14,3245.00,0.166780
1615,1000,0.50,500,2,170,1.0303,15,3325.00,0.146378
1616,1000,0.50,500,2,170,0.9221,16,3203.00,0.169331
1617,1000,0.50,500,2,170,0.9813,17,3295.00,0.149602
1618,1000,0.50,500,2,170,0.9971,18,3296.00,0.226820
1619,1000,0.50,500,2,170,1.0052,19,3240.00,0.325137
1620,1000,0.50,500,2,170,1.0275,20,3197.00,0.290084
1621,1000,0.50,500,2,170,1.0285,21,3369.00,0.137913
1622,1000,0.50,500,2,170,0.9433,22,1128.00,0.187582
1623,1000,0.50,500,2,170,1.0274,23,3215.00,0.153487
1624,1000,0.50,500,2,170,0.9989,24,3191.00,0.216871
1625,1000,0.50,500,2,170,1.0040,25,3326.00,0.232940
1626,1000,0.50,500,2,170,1.0194,26,3253.00,0.358400
1627,1000,0.50,500,2,170,1.0010,27,3413.00,0.167606
1628,1000,0.50,500,2,170,1.0279,28,3511.00,0.359422
1629,1000,0.50,500,2,170,0.9731,29,3390.00,0.376283
1630,1000,0.50,500,2,170,0.9880,30,3391.00,0.313270
1631,1000,0.50,500,2,170,1.0364,31,3388.00,0.319367
1632,1000,0.50,500,2,170,1.0606,32,3300.00,0.227715
1633,1000,0.50,500,2,170,0.9734,33,1123.00,0.559742
1634,1000,0.50,500,2,170,0.9976,34,3176.00,0.083899
1635,1000,0.50,500,2,170,1.0060,35,3267.00,0.487462
1636,1000,0.50,500,2,170,0.9913,36,566.00,0.662089
1637,1000,0.50,500,2,170,0.9677,37,3224.00,0.096353
1638,1000,0.50,500,2,170,1.0454,38,165.00,0.227200
1639,1000,0.50,500,2,170,1.0346,39,1175.00,0.702869
1640,1000,0.50,500,2,170,0.9672,40,3097.00,0.220421
1641,1000,0.50,500,2,170,1.0074,41,3211.00,0.073543
1642,1000,0.50,500,2,170,0.9737,42,3137.00,0.260371
1643,1000,0.50,500,2,170,0.9912,43,3341.00,0.389054
1644,1000,0.50,500,2,170,0.9886,44,3198.00,0.214471
1645,1000,0.50,500,2,170,0.9382,45,3185.00,0.201331
1646,1000,0.50,500,2,170,1.0350,46,3208.00,0.032389
1647,1000,0.50,500,2,170,1.0177,47,3273.00,0.157299
1648,1000,0.50,500,2,170,0.9357,48,3211.00,0.744896
1649,1000,0.50,500,2,170,0.9866,49,876.00,0.203046
1650,1000,0.50,500,2,170,1.0163,50,3358.00,0.193234
1651,1000,0.50,500,2,170,1.0323,51,3386.00,0.271619
1652,1000,0.50,500,2,170,0.9473,52,3316.00,0.041426
1653,1000,0.50,500,2,170,0.9495,53,3140.00,0.405211
1654,1000,0.50,500,2,170,0.9785,54,3183.00,0.287395
1655,1000,0.50,500,2,170,1.0550,55,1625.00,0.171337
1656,1000,0.50,500,2,170,0.9832,56,3633.00,0.623758
1657,1000,0.50,500,2,170,1.0410,57,1233.00,0.183750
1658,1000,0.50,500,2,170,0.9498,58,3119.00,0.327435
1659,1000,0.50,500,2,170,1.0336,59,3414.00,0.562341
1660,1000,0.50,500,2,170,1.0148,60,2752.00,0.120360
1661,1000,0.50,500,2,170,1.0150,61,3266.00,0.351709
1662,1000,0.50,500,2,170,0.9995,62,3218.00,0.392467
1663,1000,0.50,500,2,170,1.0126,63,3406.00,0.212635
1664,1000,0.50,500,2,170,1.0021,64,3246.00,0.597134
1665,1000,0.50,500,2,170,0.9927,65,3426.00,0.554969
1666,1000,0.50,500,2,170,0.9699,66,3292.00,0.244147
1667,1000,0.50,500,2,170,0.9918,67,3350.00,0.149591
1668,1000,0.50,500,2,170,0.9889,68,3199.00,0.046705
1669,1000,0.50,500,2,170,1.0102,69,3207.00,0.162329
1670,1000,0.50,500,2,170,1.0470,70,2321.00,0.078444
1671,1000,0.50,500,2,170,0.9615,71,3324.00,0.231941
1672,1000,0.50,500,2,170,0.9639,72,3296.00,0.163346
1673,1000,0.50,500,2,170,1.0335,73,3342.00,0.393497
1674,1000,0.50,500,2,170,0.9854,74,3409.00,0.273458
1675,1000,0.50,500,2,170,0.9515,75,3250.00,0.158719
1676,1000,0.50,500,2,170,1.0102,76,3227.00,0.299906
1677,1000,0.50,500,2,170,0.9502,77,3219.00,0.487592
1678,1000,0.50,500,2,170,0.9876,78,3294.00,0.240096
1679,1000,0.50,500,2,170,0.9542,79,3273.00,0.301389
1680,1000,0.50,500,2,170,1.0308,80,3456.00,0.465993
1681,1000,0.50,500,2,170,0.9229,81,3278.00,0.336623
1682,1000,0.50,500,2,170,0.9607,82,3308.00,0.473793
1683,1000,0.50,500,2,170,0.9671,83,3159.00,0.159002
1684,1000,0.50,500,2,170,1.0002,84,3259.00,0.511611
1685,1000,0.50,500,2,170,1.0356,85,3260.00,0.150305
1686,1000,0.50,500,2,170,0.9836,86,3329.00,0.217689
1687,1000,0.50,500,2,170,1.0221,87,361.00,0.385400
1688,1000,0.50,500,2,170,1.0207,88,3108.00,0.253944
1689,1000,0.50,500,2,170,1.0064,89,3223.00,0.347252
1690,1000,0.50,500,2,170,1.0307,90,3375.00,0.277944
1691,1000,0.50,500,2,170,0.9855,91,3403.00,0.149767
1692,1000,0.50,500,2,170,1.0013,92,3272.00,0.355022
1693,1000,0.50,500,2,170,0.9625,93,3284.00,0.228998
1694,1000,0.50,500,2,170,0.9548,94,3242.00,0.487697
1695,1000,0.50,500,2,170,0.9597,95,3290.00,0.084017
1696,1000,0.50,500,2,170,1.0155,96,3309.00,0.212712
1697,1000,0.50,500,2,170,0.9726,97,3351.00,0.064540
1698,1000,0.50,500,2,170,0.9691,98,3299.00,0.680159
1699,1000,0.50,500,2,170,1.0131,99,3183.00,0.158418
1700,1000,0.50,500,2,180,0.8783,0,3359.00,0.190984
1701,1000,0.50,500,2,180,0.9463,1,3412.00,0.237428
1702,1000,0.50,500,2,180,1.0667,2,1747.00,0.368643
1703,1000,0.50,500,2,180,0.9827,3,3330.00,0.175640
1704,1000,0.50,500,2,180,1.0007,4,3443.00,0.020234
1705,1000,0.50,500,2,180,0.9831,5,3464.00,0.111028
1706,1000,0.50,500,2,180,0.9931,6,3513.00,0.216835
1707,1000,0.50,500,2,180,0.9894,7,3427.00,0.334849
1708,1000,0.50,500,2,180,1.0365,8,1760.00,0.251898
1709,1000,0.50,500,2,180,0.9873,9,3625.00,0.410166
1710,1000,0.50,500,2,180,1.0687,10,3627.00,0.384917
1711,1000,0.50,500,2,180,0.9546,11,3605.00,0.209782
1712,1000,0.50,500,2,180,0.9119,12,3533.00,0.046930
1713,1000,0.50,500,2,180,1.0036,13,3615.00,0.411532
1714,1000,0.50,500,2,180,1.0130,14,3565.00,0.357638
1715,1000,0.50,500,2,180,1.0335,15,841.00,0.186339
1716,1000,0.50,500,2,180,1.0383,16,3678.00,0.485251
1717,1000,0.50,500,2,180,1.0097,17,2041.00,0.173446
1718,1000,0.50,500,2,180,0.9998,18,3564.00,0.091740
1719,1000,0.50,500,2,180,0.9419,19,3370.00,0.363148
1720,1000,0.50,500,2,180,0.9864,20,3385.00,0.253312
1721,1000,0.50,500,2,180,1.0021,21,3436.00,0.263678
1722,1000,0.50,500,2,180,0.9831,22,3417.00,0.115658
1723,1000,0.50,500,2,180,0.9605,23,3561.00,0.064210
1724,1000,0.50,500,2,180,1.0100,24,3547.00,0.449586
1725,1000,0.50,500,2,180,0.9799,25,3406.00,0.526580
1726,1000,0.50,500,2,180,1.0068,26,3616.00,0.156803
1727,1000,0.50,500,2,180,1.0010,27,3447.00,0.203257
1728,1000,0.50,500,2,180,0.9799,28,3242.00,0.223521
1729,1000,0.50,500,2,180,0.9630,29,3377.00,0.426071
1730,1000,0.50,500,2,180,1.0462,30,589.00,0.524207
1731,1000,0.50,500,2,180,1.0266,31,3557.00,0.177242
1732,1000,0.50,500,2,180,0.9692,32,3392.00,0.553556
1733,1000,0.50,500,2,180,0.9748,33,3517.00,0.196286
1734,1000,0.50,500,2,180,0.9814,34,3441.00,0.197302
1735,1000,0.50,500,2,180,1.0058,35,3383.00,0.467489
1736,1000,0.50,500,2,180,1.0118,36,3467.00,0.531211
1737,1000,0.50,500,2,180,0.9537,37,3528.00,0.170363
1738,1000,0.50,500,2,180,1.0386,38,1382.00,0.322847
1739,1000,0.50,500,2,180,0.9551,39,3519.00,0.274305
1740,1000,0.50,500,2,180,0.9639,40,3229.00,0.162528
1741,1000,0.50,500,2,180,0.9715,41,3476.00,0.165051
1742,1000,0.50,500,2,180,1.0448,42,370.00,0.418350
1743,1000,0.50,500,2,180,1.0138,43,3468.00,0.234440
1744,1000,0.50,500,2,180,0.9718,44,3529.00,0.157119
1745,1000,0.50,500,2,180,1.0009,45,3336.00,0.358706
1746,1000,0.50,500,2,180,1.0081,46,1205.00,0.289590
1747,1000,0.50,500,2,180,0.9617,47,3562.00,0.367898
1748,1000,0.50,500,2,180,0.9412,48,3616.00,0.331105
1749,1000,0.50,500,2,180,1.0389,49,3539.00,0.257178
1750,1000,0.50,500,2,180,0.9554,50,3467.00,0.288142
1751,1000,0.50,500,2,180,0.9887,51,3476.00,0.344419
1752,1000,0.50,500,2,180,1.0074,52,3518.00,0.135191
1753,1000,0.50,500,2,180,1.0405,53,381.00,0.406267
1754,1000,0.50,500,2,180,0.9744,54,3563.00,0.710448
1755,1000,0.50,500,2,180,0.9969,55,2903.00,0.336580
1756,1000,0.50,500,2,180,0.9930,56,982.00,0.597837
1757,1000,0.50,500,2,180,1.0100,57,3588.00,0.373605
1758,1000,0.50,500,2,180,1.0073,58,3354.00,0.356706
1759,1000,0.50,500,2,180,1.0325,59,3439.00,0.121796
1760,1000,0.50,500,2,180,0.9797,60,3542.00,0.319461
1761,1000,0.50,500,2,180,1.0134,61,1333.00,0.209753
1762,1000,0.50,500,2,180,1.0180,62,3713.00,0.165583
1763,1000,0.50,500,2,180,1.0484,63,3533.00,0.167974
1764,1000,0.50,500,2,180,1.0040,64,2352.00,0.275204
1765,1000,0.50,500,2,180,0.9817,65,3538.00,0.190454
1766,1000,0.50,500,2,180,1.0539,66,373.00,0.196234
1767,1000,0.50,500,2,180,0.9744,67,3570.00,0.205834
1768,1000,0.50,500,2,180,0.9812,68,3358.00,0.151896
1769,1000,0.50,500,2,180,1.0435,69,1314.00,0.288487
1770,1000,0.50,500,2,180,0.9425,70,3472.00,0.248860
1771,1000,0.50,500,2,180,0.9770,71,3340.00,0.159830
1772,1000,0.50,500,2,180,1.0115,72,3492.00,0.028775
1773,1000,0.50,500,2,180,0.9853,73,3493.00,0.256583
1774,1000,0.50,500,2,180,1.0179,74,3410.00,0.078507
1775,1000,0.50,500,2,180,1.0020,75,3317.00,0.510243
1776,1000,0.50,500,2,180,1.0089,76,3407.00,0.289147
1777,1000,0.50,500,2,180,0.9718,77,3364.00,0.148265
1778,1000,0.50,500,2,180,0.9922,78,3501.00,0.483392
1779,1000,0.50,500,2,180,0.9460,79,3280.00,0.070343
1780,1000,0.50,500,2,180,1.0364,80,3605.00,0.209864
1781,1000,0.50,500,2,180,0.9381,81,3462.00,0.455665
1782,1000,0.50,500,2,180,1.0502,82,1713.00,0.181717
1783,1000,0.50,500,2,180,1.0680,83,2723.00,0.225682
1784,1000,0.50,500,2,180,1.0007,84,3513.00,0.088410
1785,1000,0.50,500,2,180,1.0247,85,3367.00,0.152435
1786,1000,0.50,500,2,180,1.0146,86,3466.00,0.133773
1787,1000,0.50,500,2,180,0.9878,87,3508.00,0.152508
1788,1000,0.50,500,2,180,1.0148,88,3431.00,0.337780
1789,1000,0.50,500,2,180,0.9489,89,3435.00,0.262263
1790,1000,0.50,500,2,180,1.0538,90,3322.00,0.117407
1791,1000,0.50,500,2,180,0.9796,91,3496.00,0.572732
1792,1000,0.50,500,2,180,0.9766,92,3510.00,0.177449
1793,1000,0.50,500,2,180,1.0062,93,1554.00,0.194395
1794,1000,0.50,500,2,180,0.9562,94,3292.00,0.153264
1795,1000,0.50,500,2,180,0.9762,95,3368.00,0.170651
1796,1000,0.50,500,2,180,1.0118,96,3478.00,0.241464
1797,1000,0.50,500,2,180,1.0578,97,263.00,0.588451
1798,1000,0.50,500,2,180,1.0034,98,1622.00,0.187835
1799,1000,0.50,500,2,180,0.9769,99,3457.00,0.146412
1800,1000,0.50,500,2,190,1.0454,0,3732.00,0.074663
1801,1000,0.50,500,2,190,0.9801,1,3707.00,0.160356
1802,1000,0.50,500,2,190,1.0665,2,3563.00,0.143036
1803,1000,0.50,500,2,190,1.0077,3,3676.00,0.438488
1804,1000,0.50,500,2,190,1.0012,4,3617.00,0.140582
1805,1000,0.50,500,2,190,1.0484,5,1229.00,0.169496
1806,1000,0.50,500,2,190,1.0229,6,3773.00,0.253632
1807,1000,0.50,500,2,190,1.0326,7,3722.00,0.419228
1808,1000,0.50,500,2,190,0.9983,8,3778.00,0.368562
1809,1000,0.50,500,2,190,0.9385,9,3666.00,0.221866
1810,1000,0.50,500,2,190,0.9671,10,3649.00,0.086656
1811,1000,0.50,500,2,190,1.0132,11,3696.00,0.081585
1812,1000,0.50,500,2,190,0.9973,12,3702.00,0.502685
1813,1000,0.50,500,2,190,0.9803,13,3683.00,0.164988
1814,1000,0.50,500,2,190,1.0528,14,1584.00,0.410040
1815,1000,0.50,500,2,190,0.9834,15,3615.00,0.070829
1816,1000,0.50,500,2,190,1.0248,16,3591.00,0.236903
1817,1000,0.50,500,2,190,0.9593,17,3681.00,0.118851
1818,1000,0.50,500,2,190,0.9912,18,3730.00,0.405007
1819,1000,0.50,500,2,190,1.0237,19,198.00,0.361969
1820,1000,0.50,500,2,190,1.0638,20,1614.00,0.149466
1821,1000,0.50,500,2,190,1.0119,21,3545.00,0.225227
1822,1000,0.50,500,2,190,1.0143,22,3697.00,0.161512
1823,1000,0.50,500,2,190,0.9952,23,3608.00,0.186827
1824,1000,0.50,500,2,190,1.0102,24,3722.00,0.110673
1825,1000,0.50,500,2,190,1.0204,25,3715.00,0.311003
1826,1000,0.50,500,2,190,0.9583,26,3583.00,0.100234
1827,1000,0.50,500,2,190,0.9770,27,2843.00,0.223384
1828,1000,0.50,500,2,190,1.0029,28,3664.00,0.294862
1829,1000,0.50,500,2,190,0.9955,29,3621.00,0.704006
1830,1000,0.50,500,2,190,1.0107,30,3647.00,0.087078
1831,1000,0.50,500,2,190,0.9127,31,3581.00,0.167068
1832,1000,0.50,500,2,190,1.0157,32,3635.00,0.112248
1833,1000,0.50,500,2,190,1.0084,33,3654.00,0.437837
1834,1000,0.50,500,2,190,1.0226,34,3572.00,0.150484
1835,1000,0.50,500,2,190,1.0050,35,3777.00,0.094738
1836,1000,0.50,500,2,190,1.0854,36,133.00,0.180221
1837,1000,0.50,500,2,190,0.9367,37,3676.00,0.317079
1838,1000,0.50,500,2,190,1.0261,38,3792.00,0.242099
1839,1000,0.50,500,2,190,1.0323,39,3705.00,0.565062
1840,1000,0.50,500,2,190,1.0210,40,3741.00,0.077748
1841,1000,0.50,500,2,190,1.0066,41,3637.00,0.126910
1842,1000,0.50,500,2,190,0.9953,42,3521.00,0.136345
1843,1000,0.50,500,2,190,1.0046,43,3643.00,0.278165
1844,1000,0.50,500,2,190,0.9804,44,3589.00,0.147917
1845,1000,0.50,500,2,190,1.0394,45,3785.00,0.010082
1846,1000,0.50,500,2,190,1.0214,46,3621.00,0.243168
1847,1000,0.50,500,2,190,0.9887,47,3575.00,0.113388
1848,1000,0.50,500,2,190,0.9820,48,3601.00,0.173007
1849,1000,0.50,500,2,190,0.9876,49,3647.00,0.137077
1850,1000,0.50,500,2,190,1.0819,50,633.00,0.175610
1851,1000,0.50,500,2,190,1.0203,51,1074.00,0.155823
1852,1000,0.50,500,2,190,0.9840,52,3751.00,0.249868
1853,1000,0.50,500,2,190,1.0000,53,3677.00,0.058767
1854,1000,0.50,500,2,190,1.0223,54,3640.00,0.263115
1855,1000,0.50,500,2,190,0.9763,55,3640.00,0.257863
1856,1000,0.50,500,2,190,1.0440,56,3759.00,0.240028
1857,1000,0.50,500,2,190,0.9633,57,3631.00,0.146332
1858,1000,0.50,500,2,190,0.9454,58,3587.00,0.131647
1859,1000,0.50,500,2,190,1.0064,59,2431.00,0.395536
1860,1000,0.50,500,2,190,0.9654,60,3685.00,0.215645
1861,1000,0.50,500,2,190,0.9901,61,3774.00,0.181233
1862,1000,0.50,500,2,190,0.9843,62,3440.00,0.132091
1863,1000,0.50,500,2,190,1.0028,63,3601.00,0.361808
1864,1000,0.50,500,2,190,1.0216,64,3658.00,0.564793
1865,1000,0.50,500,2,190,0.9800,65,3686.00,0.232317
1866,1000,0.50,500,2,190,0.9834,66,3581.00,0.132218
1867,1000,0.50,500,2,190,1.0086,67,3094.00,0.354800
1868,1000,0.50,500,2,190,0.9546,68,3670.00,0.188880
1869,1000,0.50,500,2,190,0.9775,69,3517.00,0.170718
1870,1000,0.50,500,2,190,1.0142,70,3700.00,0.131819
1871,1000,0.50,500,2,190,0.9774,71,3732.00,0.256690
1872,1000,0.50,500,2,190,0.9252,72,3593.00,0.292987
1873,1000,0.50,500,2,190,0.9902,73,890.00,0.187179
1874,1000,0.50,500,2,190,0.9903,74,3644.00,0.316089
1875,1000,0.50,500,2,190,1.0154,75,3750.00,0.192492
1876,1000,0.50,500,2,190,0.9710,76,3698.00,0.177073
1877,1000,0.50,500,2,190,1.0149,77,3469.00,0.254265
1878,1000,0.50,500,2,190,0.9740,78,1980.00,0.352183
1879,1000,0.50,500,2,190,0.9352,79,3605.00,0.173358
1880,1000,0.50,500,2,190,0.9919,80,3613.00,0.190861
1881,1000,0.50,500,2,190,0.9527,81,3675.00,0.370447
1882,1000,0.50,500,2,190,1.0315,82,1600.00,0.295570
1883,1000,0.50,500,2,190,0.9689,83,3509.00,0.345334
1884,1000,0.50,500,2,190,0.9550,84,3654.00,0.432485
1885,1000,0.50,500,2,190,0.9461,85,3722.00,0.125407
1886,1000,0.50,500,2,190,0.9651,86,3619.00,0.101172
1887,1000,0.50,500,2,190,1.0013,87,3539.00,0.114696
1888,1000,0.50,500,2,190,1.0279,88,3657.00,0.493949
1889,1000,0.50,500,2,190,1.0212,89,3609.00,0.328555
1890,1000,0.50,500,2,190,0.9731,90,3595.00,0.154170
1891,1000,0.50,500,2,190,0.9942,91,1077.00,0.464001
1892,1000,0.50,500,2,190,1.0190,92,1359.00,0.308615
1893,1000,0.50,500,2,190,1.0210,93,3803.00,0.129736
1894,1000,0.50,500,2,190,0.9926,94,3603.00,0.189982
1895,1000,0.50,500,2,190,1.0854,95,2947.00,0.149977
1896,1000,0.50,500,2,190,0.9781,96,3732.00,0.390387
1897,1000,0.50,500,2,190,1.0280,97,130.00,0.301754
1898,1000,0.50,500,2,190,0.9978,98,3649.00,0.250966
1899,1000,0.50,500,2,190,0.9763,99,3470.00,0.401912
1900,1000,0.50,500,2,200,1.0483,0,1197.00,0.459127
1901,1000,0.50,500,2,200,0.9872,1,3734.00,0.179322
1902,1000,0.50,500,2,200,1.0592,2,507.00,0.182486
1903,1000,0.50,500,2,200,0.9728,3,3803.00,0.099648
1904,1000,0.50,500,2,200,0.9685,4,3679.00,0.301529
1905,1000,0.50,500,2,200,1.0231,5,3290.00,0.215387
1906,1000,0.50,500,2,200,0.9812,6,3876.00,0.106202
1907,1000,0.50,500,2,200,0.9738,7,2450.00,0.228962
1908,1000,0.50,500,2,200,0.9927,8,3845.00,0.125611
1909,1000,0.50,500,2,200,0.9568,9,3751.00,0.219540
1910,1000,0.50,500,2,200,0.9503,10,2148.00,0.161259
1911,1000,0.50,500,2,200,0.9327,11,3664.00,0.138959
1912,1000,0.50,500,2,200,0.9322,12,3625.00,0.199631
1913,1000,0.50,500,2,200,1.0112,13,3875.00,0.181826
1914,1000,0.50,500,2,200,0.9325,14,3835.00,0.198318
1915,1000,0.50,500,2,200,0.9335,15,3837.00,0.262459
1916,1000,0.50,500,2,200,0.9992,16,3807.00,0.572832
1917,1000,0.50,500,2,200,0.9710,17,3850.00,0.313203
1918,1000,0.50,500,2,200,0.9791,18,3848.00,0.307410
1919,1000,0.50,500,2,200,0.9864,19,3716.00,0.096165
1920,1000,0.50,500,2,200,0.9839,20,3711.00,0.178023
1921,1000,0.50,500,2,200,1.0356,21,2445.00,0.070642
1922,1000,0.50,500,2,200,0.9898,22,3847.00,0.199020
1923,1000,0.50,500,2,200,0.9731,23,3756.00,0.164150
1924,1000,0.50,500,2,200,0.9730,24,3818.00,0.075488
1925,1000,0.50,500,2,200,0.9800,25,759.00,0.586719
1926,1000,0.50,500,2,200,1.0578,26,3670.00,0.306231
1927,1000,0.50,500,2,200,0.9980,27,3738.00,0.193754
1928,1000,0.50,500,2,200,1.0377,28,3750.00,0.366519
1929,1000,0.50,500,2,200,1.0036,29,3851.00,0.123905
1930,1000,0.50,500,2,200,1.0535,30,1337.00,0.407444
1931,1000,0.50,500,2,200,0.9797,31,3793.00,0.295990
1932,1000,0.50,500,2,200,0.9914,32,3738.00,0.013869
1933,1000,0.50,500,2,200,0.9434,33,3812.00,0.080850
1934,1000,0.50,500,2,200,0.9542,34,3914.00,0.209740
1935,1000,0.50,500,2,200,1.0606,35,1302.00,0.181671
1936,1000,0.50,500,2,200,0.9946,36,4056.00,0.189503
1937,1000,0.50,500,2,200,0.9763,37,3896.00,0.118393
1938,1000,0.50,500,2,200,1.0283,38,3065.00,0.288686
1939,1000,0.50,500,2,200,0.9823,39,3757.00,0.385462
1940,1000,0.50,500,2,200,0.9829,40,3873.00,0.073708
1941,1000,0.50,500,2,200,1.0038,41,3772.00,0.160002
1942,1000,0.50,500,2,200,1.0112,42,3908.00,0.166747
1943,1000,0.50,500,2,200,0.9940,43,3895.00,0.179460
1944,1000,0.50,500,2,200,1.0452,44,4014.00,0.351799
1945,1000,0.50,500,2,200,1.0619,45,3528.00,0.298745
1946,1000,0.50,500,2,200,0.9758,46,3717.00,0.084066
1947,1000,0.50,500,2,200,0.9865,47,3923.00,0.046356
1948,1000,0.50,500,2,200,1.0356,48,667.00,0.216911
1949,1000,0.50,500,2,200,0.9945,49,3837.00,0.131171
1950,1000,0.50,500,2,200,0.9536,50,3834.00,0.172281
1951,1000,0.50,500,2,200,0.9421,51,3833.00,0.435833
1952,1000,0.50,500,2,200,0.9696,52,3953.00,0.161237
1953,1000,0.50,500,2,200,1.0056,53,330.00,0.277672
1954,1000,0.50,500,2,200,1.0326,54,2641.00,0.184128
1955,1000,0.50,500,2,200,0.9800,55,3786.00,0.579495
1956,1000,0.50,500,2,200,1.0090,56,449.00,0.214757
1957,1000,0.50,500,2,200,0.9903,57,2743.00,0.289895
1958,1000,0.50,500,2,200,1.0145,58,2733.00,0.111145
1959,1000,0.50,500,2,200,0.9892,59,3620.00,0.232936
1960,1000,0.50,500,2,200,0.9907,60,3773.00,0.381553
1961,1000,0.50,500,2,200,0.9628,61,3898.00,0.358960
1962,1000,0.50,500,2,200,0.9624,62,3932.00,0.324050
1963,1000,0.50,500,2,200,0.9778,63,3808.00,0.495185
1964,1000,0.50,500,2,200,0.9573,64,3959.00,0.364206
1965,1000,0.50,500,2,200,1.0301,65,1226.00,0.221112
1966,1000,0.50,500,2,200,0.9626,66,3703.00,0.169881
1967,1000,0.50,500,2,200,0.9711,67,1676.00,0.300668
1968,1000,0.50,500,2,200,0.9784,68,3850.00,0.178723
1969,1000,0.50,500,2,200,1.0421,69,2212.00,0.216884
1970,1000,0.50,500,2,200,1.0098,70,3739.00,0.097073
1971,1000,0.50,500,2,200,0.9433,71,3910.00,0.217395
1972,1000,0.50,500,2,200,1.0204,72,41.00,0.207913
1973,1000,0.50,500,2,200,0.9659,73,3819.00,0.308875
1974,1000,0.50,500,2,200,1.0199,74,3700.00,0.171465
1975,1000,0.50,500,2,200,1.0106,75,1715.00,0.150128
1976,1000,0.50,500,2,200,0.9986,76,1126.00,0.088923
1977,1000,0.50,500,2,200,0.9915,77,3731.00,0.278146
1978,1000,0.50,500,2,200,0.9778,78,3876.00,0.143847
1979,1000,0.50,500,2,200,1.0038,79,3883.00,0.538966
1980,1000,0.50,500,2,200,0.9904,80,3833.00,0.131118
1981,1000,0.50,500,2,200,1.0151,81,603.00,0.248814
1982,1000,0.50,500,2,200,1.0313,82,3704.00,0.314643
1983,1000,0.50,500,2,200,0.9967,83,3779.00,0.357266
1984,1000,0.50,500,2,200,1.0324,84,3831.00,0.190932
1985,1000,0.50,500,2,200,0.9475,85,3860.00,0.049763
1986,1000,0.50,500,2,200,0.9547,86,3776.00,0.089277
1987,1000,0.50,500,2,200,0.9897,87,3932.00,0.125327
1988,1000,0.50,500,2,200,0.9628,88,3935.00,0.253976
1989,1000,0.50,500,2,200,0.9971,89,3969.00,0.088438
1990,1000,0.50,500,2,200,1.0547,90,488.00,0.311572
1991,1000,0.50,500,2,200,1.0476,91,4045.00,0.190783
1992,1000,0.50,500,2,200,0.9885,92,3907.00,0.400750
1993,1000,0.50,500,2,200,0.9671,93,4076.00,0.407823
1994,1000,0.50,500,2,200,1.0042,94,3882.00,0.099610
1995,1000,0.50,500,2,200,1.0426,95,3858.00,0.099804
1996,1000,0.50,500,2,200,1.0343,96,607.00,0.242781
1997,1000,0.50,500,2,200,1.0208,97,4061.00,0.045913
1998,1000,0.50,500,2,200,1.0137,98,3910.00,0.313153
1999,1000,0.50,500,2,200,1.0137,99,3898.00,0.182708
2000,1000,0.50,500,2,210,0.9396,0,4238.00,0.326001
2001,1000,0.50,500,2,210,0.9713,1,3904.00,0.061239
2002,1000,0.50,500,2,210,0.9320,2,3949.00,0.171288
2003,1000,0.50,500,2,210,1.0305,3,4047.00,0.235894
2004,1000,0.50,500,2,210,1.0075,4,4008.00,0.364132
2005,1000,0.50,500,2,210,1.0009,5,4024.00,0.137798
2006,1000,0.50,500,2,210,0.9677,6,4142.00,0.120083
2007,1000,0.50,500,2,210,1.0328,7,3991.00,0.389280
2008,1000,0.50,500,2,210,1.0308,8,3954.00,0.130594
2009,1000,0.50,500,2,210,1.0603,9,4071.00,0.098046
2010,1000,0.50,500,2,210,0.9964,10,4134.00,0.394592
2011,1000,0.50,500,2,210,1.0565,11,4087.00,0.291660
2012,1000,0.50,500,2,210,0.9764,12,4032.00,0.466683
2013,1000,0.50,500,2,210,1.0212,13,2518.00,0.195411
2014,1000,0.50,500,2,210,1.0129,14,4152.00,0.256230
2015,1000,0.50,500,2,210,0.9904,15,4047.00,0.107689
2016,1000,0.50,500,2,210,1.0236,16,4045.00,0.172615
2017,1000,0.50,500,2,210,0.9831,17,3945.00,0.102294
2018,1000,0.50,500,2,210,1.0374,18,4086.00,0.373604
2019,1000,0.50,500,2,210,0.9325,19,4031.00,0.436474
2020,1000,0.50,500,2,210,0.9975,20,4095.00,0.237203
2021,1000,0.50,500,2,210,0.9999,21,4116.00,0.380520
2022,1000,0.50,500,2,210,0.9918,22,4072.00,0.344772
2023,1000,0.50,500,2,210,0.9882,23,3863.00,0.200808
2024,1000,0.50,500,2,210,0.9732,24,3931.00,0.171572
2025,1000,0.50,500,2,210,1.0353,25,3883.00,0.168772
2026,1000,0.50,500,2,210,0.9957,26,4044.00,0.406579
2027,1000,0.50,500,2,210,1.0411,27,1853.00,0.182591
2028,1000,0.50,500,2,210,0.9404,28,4066.00,0.168343
2029,1000,0.50,500,2,210,0.9846,29,4058.00,0.085733
2030,1000,0.50,500,2,210,0.9722,30,4234.00,0.308924
2031,1000,0.50,500,2,210,1.0363,31,4017.00,0.292238
2032,1000,0.50,500,2,210,0.9921,32,4235.00,0.203454
2033,1000,0.50,500,2,210,0.9529,33,3911.00,0.215854
2034,1000,0.50,500,2,210,1.0100,34,4068.00,0.121492
2035,1000,0.50,500,2,210,0.9956,35,3824.00,0.235069
2036,1000,0.50,500,2,210,1.0430,36,3952.00,0.249839
2037,1000,0.50,500,2,210,0.9575,37,4132.00,0.182691
2038,1000,0.50,500,2,210,0.9858,38,2432.00,0.097348
2039,1000,0.50,500,2,210,0.9591,39,4272.00,0.083328
2040,1000,0.50,500,2,210,1.0238,40,3951.00,0.386355
2041,1000,0.50,500,2,210,0.9957,41,4014.00,0.222312
2042,1000,0.50,500,2,210,0.9979,42,4030.00,0.387871
2043,1000,0.50,500,2,210,1.0530,43,3601.00,0.573310
2044,1000,0.50,500,2,210,1.0449,44,4175.00,0.168111
2045,1000,0.50,500,2,210,1.0216,45,3920.00,0.255751
2046,1000,0.50,500,2,210,1.0330,46,4167.00,0.283708
2047,1000,0.50,500,2,210,0.9942,47,4019.00,0.231476
2048,1000,0.50,500,2,210,1.0170,48,2012.00,0.097488
2049,1000,0.50,500,2,210,0.9817,49,42.00,0.338010
2050,1000,0.50,500,2,210,1.0434,50,4104.00,0.232424
2051,1000,0.50,500,2,210,0.9804,51,4115.00,0.151385
2052,1000,0.50,500,2,210,1.0022,52,424.00,0.299328
2053,1000,0.50,500,2,210,0.9860,53,3940.00,0.116890
2054,1000,0.50,500,2,210,0.9913,54,4209.00,0.165283
2055,1000,0.50,500,2,210,0.9633,55,3918.00,0.158283
2056,1000,0.50,500,2,210,0.9997,56,4114.00,0.689724
2057,1000,0.50,500,2,210,1.0490,57,4053.00,0.210947
2058,1000,0.50,500,2,210,1.0222,58,3805.00,0.089836
2059,1000,0.50,500,2,210,0.9864,59,3993.00,0.182489
2060,1000,0.50,500,2,210,1.0001,60,2570.00,0.245269
2061,1000,0.50,500,2,210,1.0207,61,1120.00,0.222494
2062,1000,0.50,500,2,210,1.0108,62,3925.00,0.428559
2063,1000,0.50,500,2,210,1.0388,63,3957.00,0.303798
2064,1000,0.50,500,2,210,0.9982,64,3955.00,0.286243
2065,1000,0.50,500,2,210,1.0353,65,4005.00,0.212344
2066,1000,0.50,500,2,210,1.0086,66,3986.00,0.131910
2067,1000,0.50,500,2,210,1.0004,67,3990.00,0.360740
2068,1000,0.50,500,2,210,1.0364,68,525.00,0.252201
2069,1000,0.50,500,2,210,1.0044,69,3942.00,0.176521
2070,1000,0.50,500,2,210,1.0141,70,1491.00,0.356644
2071,1000,0.50,500,2,210,0.9864,71,4077.00,0.135635
2072,1000,0.50,500,2,210,1.0316,72,4034.00,0.186365
2073,1000,0.50,500,2,210,0.9554,73,4036.00,0.194804
2074,1000,0.50,500,2,210,1.0051,74,4134.00,0.714429
2075,1000,0.50,500,2,210,0.9972,75,420.00,0.169702
2076,1000,0.50,500,2,210,1.0750,76,3987.00,0.076188
2077,1000,0.50,500,2,210,0.9964,77,2167.00,0.168864
2078,1000,0.50,500,2,210,0.9974,78,4009.00,0.199956
2079,1000,0.50,500,2,210,0.9732,79,3919.00,0.102150
2080,1000,0.50,500,2,210,0.9890,80,4102.00,0.441787
2081,1000,0.50,500,2,210,1.0668,81,4024.00,0.161593
2082,1000,0.50,500,2,210,0.9738,82,4126.00,0.224171
2083,1000,0.50,500,2,210,0.9873,83,3962.00,0.167787
2084,1000,0.50,500,2,210,1.0131,84,3879.00,0.302243
2085,1000,0.50,500,2,210,0.9839,85,4068.00,0.184608
2086,1000,0.50,500,2,210,1.0046,86,4046.00,0.223730
2087,1000,0.50,500,2,210,1.0146,87,3915.00,0.360278
2088,1000,0.50,500,2,210,1.0336,88,4071.00,0.350466
2089,1000,0.50,500,2,210,0.9797,89,4017.00,0.212547
2090,1000,0.50,500,2,210,0.9901,90,4098.00,0.490790
2091,1000,0.50,500,2,210,0.9525,91,4009.00,0.383400
2092,1000,0.50,500,2,210,1.0613,92,3985.00,0.545057
2093,1000,0.50,500,2,210,0.9652,93,1154.00,0.189923
2094,1000,0.50,500,2,210,0.9478,94,4005.00,0.206601
2095,1000,0.50,500,2,210,0.9649,95,3904.00,0.272049
2096,1000,0.50,500,2,210,0.9908,96,3834.00,0.174916
2097,1000,0.50,500,2,210,0.9879,97,4003.00,0.113699
2098,1000,0.50,500,2,210,1.0213,98,4114.00,0.106949
2099,1000,0.50,500,2,210,0.9519,99,4122.00,0.197013
2100,1000,0.50,500,2,220,0.9882,0,4146.00,0.203071
2101,1000,0.50,500,2,220,0.9934,1,1391.00,0.202991
2102,1000,0.50,500,2,220,1.0036,2,3891.00,0.099911
2103,1000,0.50,500,2,220,1.0413,3,4078.00,0.168628
2104,1000,0.50,500,2,220,0.9389,4,4390.00,0.103049
2105,1000,0.50,500,2,220,1.0248,5,4360.00,0.214633
2106,1000,0.50,500,2,220,0.9949,6,4294.00,0.156147
2107,1000,0.50,500,2,220,0.9967,7,481.00,0.249924
2108,1000,0.50,500,2,220,0.9907,8,4232.00,0.188768
2109,1000,0.50,500,2,220,0.9904,9,4335.00,0.178471
2110,1000,0.50,500,2,220,0.9397,10,4212.00,0.235859
2111,1000,0.50,500,2,220,1.0086,11,4463.00,0.814180
2112,1000,0.50,500,2,220,0.9957,12,4082.00,0.107004
2113,1000,0.50,500,2,220,0.9380,13,280.00,0.100544
2114,1000,0.50,500,2,220,1.0187,14,124.00,0.353737
2115,1000,0.50,500,2,220,1.0022,15,4192.00,0.189500
2116,1000,0.50,500,2,220,0.9815,16,4301.00,0.142817
2117,1000,0.50,500,2,220,0.9595,17,4067.00,0.151903
2118,1000,0.50,500,2,220,1.0097,18,4205.00,0.105050
2119,1000,0.50,500,2,220,0.9895,19,4091.00,0.388879
2120,1000,0.50,500,2,220,0.9527,20,4259.00,0.012522
2121,1000,0.50,500,2,220,1.0034,21,4311.00,0.178556
2122,1000,0.50,500,2,220,0.9734,22,2833.00,0.149371
2123,1000,0.50,500,2,220,1.0450,23,1750.00,0.213905
2124,1000,0.50,500,2,220,0.9627,24,4065.00,0.144871
2125,1000,0.50,500,2,220,0.9593,25,4179.00,0.146226
2126,1000,0.50,500,2,220,0.9948,26,4026.00,0.268960
2127,1000,0.50,500,2,220,1.0342,27,4253.00,0.404129
2128,1000,0.50,500,2,220,0.9856,28,4118.00,0.162451
2129,1000,0.50,500,2,220,1.0310,29,4438.00,0.414484
2130,1000,0.50,500,2,220,0.9839,30,4277.00,0.460560
2131,1000,0.50,500,2,220,0.9956,31,4359.00,0.145572
2132,1000,0.50,500,2,220,0.9702,32,4261.00,0.582932
2133,1000,0.50,500,2,220,1.0241,33,4026.00,0.167795
2134,1000,0.50,500,2,220,1.0609,34,4332.00,0.263043
2135,1000,0.50,500,2,220,1.0074,35,4140.00,0.281939
2136,1000,0.50,500,2,220,0.9685,36,4171.00,0.279131
2137,1000,0.50,500,2,220,1.0437,37,2139.00,0.583103
2138,1000,0.50,500,2,220,1.0176,38,4318.00,0.504014
2139,1000,0.50,500,2,220,1.0103,39,4499.00,0.682555
2140,1000,0.50,500,2,220,0.9899,40,4387.00,0.086909
2141,1000,0.50,500,2,220,1.0062,41,4241.00,0.334788
2142,1000,0.50,500,2,220,1.0290,42,4289.00,0.090333
2143,1000,0.50,500,2,220,0.9847,43,4235.00,0.125214
2144,1000,0.50,500,2,220,1.0054,44,4264.00,0.393826
2145,1000,0.50,500,2,220,1.0096,45,4181.00,0.146894
2146,1000,0.50,500,2,220,1.0150,46,4264.00,0.420816
2147,1000,0.50,500,2,220,1.0278,47,1998.00,0.310171
2148,1000,0.50,500,2,220,1.0235,48,4328.00,0.532992
2149,1000,0.50,500,2,220,1.0170,49,4161.00,0.095569
2150,1000,0.50,500,2,220,0.9707,50,4172.00,0.242915
2151,1000,0.50,500,2,220,1.0172,51,4209.00,0.346511
2152,1000,0.50,500,2,220,1.0224,52,4236.00,0.412120
2153,1000,0.50,500,2,220,1.0217,53,4172.00,0.298335
2154,1000,0.50,500,2,220,1.0492,54,616.00,0.231835
2155,1000,0.50,500,2,220,0.9597,55,4008.00,0.121780
2156,1000,0.50,500,2,220,0.9909,56,4388.00,0.407046
2157,1000,0.50,500,2,220,0.9983,57,4252.00,0.528741
2158,1000,0.50,500,2,220,1.0345,58,4213.00,0.374368
2159,1000,0.50,500,2,220,1.0237,59,4169.00,0.202591
2160,1000,0.50,500,2,220,0.9571,60,4256.00,0.207079
2161,1000,0.50,500,2,220,0.9890,61,4206.00,0.089414
2162,1000,0.50,500,2,220,1.0055,62,4234.00,0.179007
2163,1000,0.50,500,2,220,1.0275,63,3169.00,0.117379
2164,1000,0.50,500,2,220,1.0398,64,4233.00,0.163677
2165,1000,0.50,500,2,220,0.9772,65,2077.00,0.162183
2166,1000,0.50,500,2,220,1.0644,66,4296.00,0.089193
2167,1000,0.50,500,2,220,1.0075,67,4275.00,0.227172
2168,1000,0.50,500,2,220,1.0485,68,4461.00,0.577721
2169,1000,0.50,500,2,220,1.0100,69,4125.00,0.307936
2170,1000,0.50,500,2,220,1.0048,70,4131.00,0.294412
2171,1000,0.50,500,2,220,1.0222,71,4426.00,0.300891
2172,1000,0.50,500,2,220,1.0220,72,4103.00,0.055348
2173,1000,0.50,500,2,220,0.9810,73,3989.00,0.055131
2174,1000,0.50,500,2,220,0.9881,74,4214.00,0.119098
2175,1000,0.50,500,2,220,0.9983,75,4180.00,0.376683
2176,1000,0.50,500,2,220,0.9720,76,4186.00,0.195531
2177,1000,0.50,500,2,220,1.0666,77,2110.00,0.265045
2178,1000,0.50,500,2,220,0.9945,78,1209.00,0.640070
2179,1000,0.50,500,2,220,0.9654,79,4165.00,0.088553
2180,1000,0.50,500,2,220,0.9530,80,4027.00,0.127913
2181,1000,0.50,500,2,220,1.0072,81,4140.00,0.540895
2182,1000,0.50,500,2,220,0.9722,82,4233.00,0.147549
2183,1000,0.50,500,2,220,0.9897,83,4153.00,0.161206
2184,1000,0.50,500,2,220,1.0243,84,4042.00,0.287051
2185,1000,0.50,500,2,220,1.0059,85,4270.00,0.160321
2186,1000,0.50,500,2,220,1.0828,86,4284.00,0.520059
2187,1000,0.50,500,2,220,0.9907,87,4240.00,0.665298
2188,1000,0.50,500,2,220,1.0096,88,4284.00,0.242147
2189,1000,0.50,500,2,220,1.0051,89,1566.00,0.219718
2190,1000,0.50,500,2,220,1.0354,90,3274.00,0.235102
2191,1000,0.50,500,2,220,1.0056,91,4460.00,0.120540
2192,1000,0.50,500,2,220,1.0251,92,341.00,0.525212
2193,1000,0.50,500,2,220,0.9995,93,4180.00,0.167131
2194,1000,0.50,500,2,220,1.0758,94,1076.00,0.313377
2195,1000,0.50,500,2,220,0.9648,95,4197.00,0.274444
2196,1000,0.50,500,2,220,1.0516,96,251.00,0.332217
2197,1000,0.50,500,2,220,1.0160,97,4373.00,0.798367
2198,1000,0.50,500,2,220,0.9695,98,4033.00,0.301107
2199,1000,0.50,500,2,220,1.0254,99,4170.00,0.327689
2200,1000,0.50,500,2,230,1.0024,0,4331.00,0.192271
2201,1000,0.50,500,2,230,0.9581,1,4395.00,0.183625
2202,1000,0.50,500,2,230,1.0129,2,4474.00,0.279292
2203,1000,0.50,500,2,230,0.9904,3,4307.00,0.422389
2204,1000,0.50,500,2,230,0.9881,4,4311.00,0.333926
2205,1000,0.50,500,2,230,0.9941,5,4609.00,0.172603
2206,1000,0.50,500,2,230,1.0117,6,4539.00,0.235987
2207,1000,0.50,500,2,230,1.0146,7,4426.00,0.137294
2208,1000,0.50,500,2,230,1.0400,8,4213.00,0.156956
2209,1000,0.50,500,2,230,0.9509,9,4451.00,0.289217
2210,1000,0.50,500,2,230,0.9810,10,4372.00,0.103571
2211,1000,0.50,500,2,230,0.9878,11,2449.00,0.313346
2212,1000,0.50,500,2,230,0.9866,12,4467.00,0.211061
2213,1000,0.50,500,2,230,0.9721,13,4358.00,0.359169
2214,1000,0.50,500,2,230,0.9518,14,4435.00,0.123932
2215,1000,0.50,500,2,230,0.9576,15,4228.00,0.106125
2216,1000,0.50,500,2,230,1.0265,16,2157.00,0.162816
2217,1000,0.50,500,2,230,0.9875,17,4422.00,0.206756
2218,1000,0.50,500,2,230,1.0401,18,4370.00,0.209268
2219,1000,0.50,500,2,230,1.0038,19,4276.00,0.076770
2220,1000,0.50,500,2,230,0.9673,20,4404.00,0.253440
2221,1000,0.50,500,2,230,1.0257,21,120.00,0.351972
2222,1000,0.50,500,2,230,0.9383,22,4475.00,0.812381
2223,1000,0.50,500,2,230,0.9952,23,4359.00,0.351695
2224,1000,0.50,500,2,230,1.0012,24,4370.00,0.209351
2225,1000,0.50,500,2,230,1.0193,25,4441.00,0.163789
2226,1000,0.50,500,2,230,1.0142,26,4367.00,0.584482
2227,1000,0.50,500,2,230,0.9628,27,4387.00,0.182851
2228,1000,0.50,500,2,230,1.0233,28,4495.00,0.340226
2229,1000,0.50,500,2,230,0.9939,29,4340.00,0.305294
2230,1000,0.50,500,2,230,1.0628,30,1065.00,0.222085
2231,1000,0.50,500,2,230,1.0170,31,223.00,0.143585
2232,1000,0.50,500,2,230,0.9519,32,4347.00,0.138398
2233,1000,0.50,500,2,230,1.0270,33,4254.00,0.193950
2234,1000,0.50,500,2,230,1.0381,34,391.00,0.166906
2235,1000,0.50,500,2,230,1.0461,35,670.00,0.229609
2236,1000,0.50,500,2,230,1.0353,36,4329.00,0.088748
2237,1000,0.50,500,2,230,0.9500,37,4292.00,0.207064
2238,1000,0.50,500,2,230,0.9638,38,4244.00,0.240235
2239,1000,0.50,500,2,230,1.0536,39,438.00,0.655900
2240,1000,0.50,500,2,230,1.0440,40,4414.00,0.271902
2241,1000,0.50,500,2,230,1.0062,41,4390.00,0.226333
2242,1000,0.50,500,2,230,0.9988,42,4482.00,0.685590
2243,1000,0.50,500,2,230,1.0103,43,4437.00,0.186571
2244,1000,0.50,500,2,230,1.0527,44,1885.00,0.100211
2245,1000,0.50,500,2,230,1.0156,45,4513.00,0.350424
2246,1000,0.50,500,2,230,0.9884,46,4392.00,0.229864
2247,1000,0.50,500,2,230,0.9836,47,4682.00,0.093159
2248,1000,0.50,500,2,230,1.0310,48,4513.00,0.356150
2249,1000,0.50,500,2,230,0.9807,49,4481.00,0.386330
2250,1000,0.50,500,2,230,1.0038,50,4452.00,0.393205
2251,1000,0.50,500,2,230,0.9757,51,4480.00,0.355432
2252,1000,0.50,500,2,230,1.0151,52,4602.00,0.399315
2253,1000,0.50,500,2,230,1.0015,53,4534.00,0.268879
2254,1000,0.50,500,2,230,1.0590,54,728.00,0.301863
2255,1000,0.50,500,2,230,0.9994,55,4368.00,0.242228
2256,1000,0.50,500,2,230,0.9807,56,4011.00,0.150162
2257,1000,0.50,500,2,230,1.0217,57,4510.00,0.246202
2258,1000,0.50,500,2,230,0.9852,58,4336.00,0.108605
2259,1000,0.50,500,2,230,1.0295,59,4561.00,0.149131
2260,1000,0.50,500,2,230,0.9795,60,4347.00,0.190441
2261,1000,0.50,500,2,230,0.9596,61,4404.00,0.372386
2262,1000,0.50,500,2,230,0.9876,62,4429.00,0.200971
2263,1000,0.50,500,2,230,1.0043,63,4567.00,0.678123
2264,1000,0.50,500,2,230,0.9734,64,4593.00,0.400679
2265,1000,0.50,500,2,230,1.0035,65,4536.00,0.174199
2266,1000,0.50,500,2,230,0.9726,66,470.00,0.500630
2267,1000,0.50,500,2,230,0.9810,67,660.00,0.410975
2268,1000,0.50,500,2,230,1.0247,68,4499.00,0.355502
2269,1000,0.50,500,2,230,1.0290,69,4603.00,0.491400
2270,1000,0.50,500,2,230,0.9892,70,4537.00,0.337166
2271,1000,0.50,500,2,230,0.9983,71,4482.00,0.256824
2272,1000,0.50,500,2,230,1.0329,72,4541.00,0.440400
2273,1000,0.50,500,2,230,0.9720,73,4374.00,0.596160
2274,1000,0.50,500,2,230,0.9698,74,4325.00,0.383542
2275,1000,0.50,500,2,230,1.0060,75,4513.00,0.228289
2276,1000,0.50,500,2,230,0.9563,76,4332.00,0.119665
2277,1000,0.50,500,2,230,1.0021,77,4315.00,0.099485
2278,1000,0.50,500,2,230,1.0116,78,290.00,0.357458
2279,1000,0.50,500,2,230,1.0181,79,4499.00,0.166243
2280,1000,0.50,500,2,230,1.0254,80,4402.00,0.132898
2281,1000,0.50,500,2,230,0.9489,81,4433.00,0.111685
2282,1000,0.50,500,2,230,1.0485,82,4383.00,0.393193
2283,1000,0.50,500,2,230,0.9796,83,4403.00,0.131219
2284,1000,0.50,500,2,230,1.0200,84,4581.00,0.384111
2285,1000,0.50,500,2,230,1.0256,85,4453.00,0.152247
2286,1000,0.50,500,2,230,1.0103,86,4287.00,0.173996
2287,1000,0.50,500,2,230,1.0606,87,2668.00,0.138458
2288,1000,0.50,500,2,230,1.0091,88,4404.00,0.212088
2289,1000,0.50,500,2,230,1.0097,89,4548.00,0.212433
2290,1000,0.50,500,2,230,0.9814,90,4365.00,0.058550
2291,1000,0.50,500,2,230,0.9989,91,639.00,0.267734
2292,1000,0.50,500,2,230,1.0465,92,4347.00,0.247117
2293,1000,0.50,500,2,230,1.0337,93,3575.00,0.298842
2294,1000,0.50,500,2,230,1.0167,94,4335.00,0.126742
2295,1000,0.50,500,2,230,1.0114,95,4576.00,0.452112
2296,1000,0.50,500,2,230,1.0010,96,4221.00,0.351065
2297,1000,0.50,500,2,230,1.0159,97,4325.00,0.433996
2298,1000,0.50,500,2,230,0.9406,98,4250.00,0.126507
2299,1000,0.50,500,2,230,0.9678,99,4286.00,0.379271
2300,1000,0.50,500,2,240,1.0150,0,2432.00,0.747096
2301,1000,0.50,500,2,240,1.0250,1,4622.00,0.372971
2302,1000,0.50,500,2,240,0.9833,2,4554.00,0.303094
2303,1000,0.50,500,2,240,0.9475,3,4524.00,0.148979
2304,1000,0.50,500,2,240,0.9381,4,4457.00,0.122663
2305,1000,0.50,500,2,240,0.9914,5,3821.00,0.231293
2306,1000,0.50,500,2,240,1.0060,6,4731.00,0.276727
2307,1000,0.50,500,2,240,0.9615,7,1729.00,0.151143
2308,1000,0.50,500,2,240,0.9726,8,4549.00,0.483064
2309,1000,0.50,500,2,240,1.0740,9,3530.00,0.162225
2310,1000,0.50,500,2,240,0.9898,10,170.00,0.245740
2311,1000,0.50,500,2,240,1.0069,11,4736.00,0.168960
2312,1000,0.50,500,2,240,1.0382,12,4768.00,0.119922
2313,1000,0.50,500,2,240,1.0026,13,4654.00,0.288849
2314,1000,0.50,500,2,240,0.9952,14,4479.00,0.240788
2315,1000,0.50,500,2,240,1.0602,15,1744.00,0.083440
2316,1000,0.50,500,2,240,0.9430,16,4490.00,0.139204
2317,1000,0.50,500,2,240,1.0166,17,2137.00,0.413963
2318,1000,0.50,500,2,240,1.0291,18,3987.00,0.544153
2319,1000,0.50,500,2,240,1.0541,19,1566.00,0.166123
2320,1000,0.50,500,2,240,1.0254,20,4618.00,0.254261
2321,1000,0.50,500,2,240,1.0006,21,4677.00,0.201179
2322,1000,0.50,500,2,240,1.0288,22,4643.00,0.221663
2323,1000,0.50,500,2,240,1.0102,23,3663.00,0.099099
2324,1000,0.50,500,2,240,1.0042,24,3488.00,0.178540
2325,1000,0.50,500,2,240,0.9907,25,5328.00,0.219607
2326,1000,0.50,500,2,240,0.9739,26,4805.00,0.138829
2327,1000,0.50,500,2,240,1.0032,27,4599.00,0.159325
2328,1000,0.50,500,2,240,1.0104,28,4541.00,0.147519
2329,1000,0.50,500,2,240,0.9757,29,4604.00,0.163769
2330,1000,0.50,500,2,240,0.9995,30,4636.00,0.090871
2331,1000,0.50,500,2,240,0.9876,31,4681.00,0.846537
2332,1000,0.50,500,2,240,0.9206,32,4591.00,0.257897
2333,1000,0.50,500,2,240,0.9778,33,4553.00,0.250523
2334,1000,0.50,500,2,240,0.9559,34,4690.00,0.243466
2335,1000,0.50,500,2,240,0.9827,35,4686.00,0.258099
2336,1000,0.50,500,2,240,0.9734,36,4570.00,0.562218
2337,1000,0.50,500,2,240,0.9773,37,4762.00,0.168874
2338,1000,0.50,500,2,240,1.0021,38,4548.00,0.178063
2339,1000,0.50,500,2,240,1.0162,39,4632.00,0.162258
2340,1000,0.50,500,2,240,1.0552,40,4481.00,0.358500
2341,1000,0.50,500,2,240,0.9973,41,4640.00,0.151459
2342,1000,0.50,500,2,240,0.9851,42,4506.00,0.498237
2343,1000,0.50,500,2,240,1.0148,43,4734.00,0.311531
2344,1000,0.50,500,2,240,0.9753,44,2193.00,0.180817
2345,1000,0.50,500,2,240,0.9892,45,4679.00,0.187735
2346,1000,0.50,500,2,240,0.9734,46,4603.00,0.118708
2347,1000,0.50,500,2,240,1.0159,47,4748.00,0.131574
2348,1000,0.50,500,2,240,1.0513,48,4655.00,0.290682
2349,1000,0.50,500,2,240,1.0005,49,4571.00,0.338014
2350,1000,0.50,500,2,240,1.0182,50,227.00,0.187778
2351,1000,0.50,500,2,240,1.0102,51,4530.00,0.501607
2352,1000,0.50,500,2,240,0.9819,52,4629.00,0.582639
2353,1000,0.50,500,2,240,0.9856,53,4677.00,0.152082
2354,1000,0.50,500,2,240,1.0549,54,1356.00,0.165041
2355,1000,0.50,500,2,240,1.0367,55,2476.00,0.326548
2356,1000,0.50,500,2,240,1.0778,56,2527.00,0.552598
2357,1000,0.50,500,2,240,1.0310,57,4543.00,0.396302
2358,1000,0.50,500,2,240,1.0323,58,4158.00,0.267733
2359,1000,0.50,500,2,240,0.9790,59,74.00,0.454583
2360,1000,0.50,500,2,240,0.9944,60,269.00,0.205286
2361,1000,0.50,500,2,240,1.0507,61,4596.00,0.253856
2362,1000,0.50,500,2,240,1.0358,62,4775.00,0.239403
2363,1000,0.50,500,2,240,1.0224,63,4681.00,0.230628
2364,1000,0.50,500,2,240,1.0541,64,4744.00,0.537544
2365,1000,0.50,500,2,240,1.0132,65,4783.00,0.157933
2366,1000,0.50,500,2,240,0.9599,66,4497.00,0.090276
2367,1000,0.50,500,2,240,0.9761,67,4637.00,0.411508
2368,1000,0.50,500,2,240,1.0075,68,4512.00,0.194042
2369,1000,0.50,500,2,240,0.9566,69,4561.00,0.224922
2370,1000,0.50,500,2,240,0.9672,70,4609.00,0.219252
2371,1000,0.50,500,2,240,1.0334,71,4710.00,0.509994
2372,1000,0.50,500,2,240,1.0493,72,4709.00,0.445591
2373,1000,0.50,500,2,240,1.1018,73,1249.00,0.288224
2374,1000,0.50,500,2,240,0.9956,74,4665.00,0.082735
2375,1000,0.50,500,2,240,1.0043,75,4555.00,0.384404
2376,1000,0.50,500,2,240,0.9583,76,2625.00,0.204682
2377,1000,0.50,500,2,240,1.0076,77,4517.00,0.169503
2378,1000,0.50,500,2,240,1.0141,78,4654.00,0.378941
2379,1000,0.50,500,2,240,1.0670,79,1157.00,0.278708
2380,1000,0.50,500,2,240,1.0140,80,625.00,0.505966
2381,1000,0.50,500,2,240,0.9848,81,4918.00,0.217565
2382,1000,0.50,500,2,240,0.9967,82,4797.00,0.301060
2383,1000,0.50,500,2,240,1.0550,83,5034.00,0.328587
2384,1000,0.50,500,2,240,1.0401,84,4568.00,0.059764
2385,1000,0.50,500,2,240,0.9870,85,4645.00,0.488018
2386,1000,0.50,500,2,240,0.9980,86,2172.00,0.310497
2387,1000,0.50,500,2,240,0.9931,87,4473.00,0.172352
2388,1000,0.50,500,2,240,1.0284,88,4852.00,0.210358
2389,1000,0.50,500,2,240,1.0475,89,471.00,0.263160
2390,1000,0.50,500,2,240,0.9865,90,4637.00,0.156186
2391,1000,0.50,500,2,240,1.0340,91,4679.00,0.120876
2392,1000,0.50,500,2,240,1.0026,92,4732.00,0.427772
2393,1000,0.50,500,2,240,1.0097,93,4829.00,0.261688
2394,1000,0.50,500,2,240,0.9745,94,4730.00,0.179327
2395,1000,0.50,500,2,240,1.0341,95,4545.00,0.359995
2396,1000,0.50,500,2,240,0.9768,96,4632.00,0.479525
2397,1000,0.50,500,2,240,1.0088,97,4669.00,0.210010
2398,1000,0.50,500,2,240,1.0084,98,4603.00,0.542323
2399,1000,0.50,500,2,240,1.0469,99,917.00,0.165781
2400,1000,0.50,500,2,250,1.0028,0,4847.00,0.148789
2401,1000,0.50,500,2,250,1.0267,1,4774.00,0.335578
2402,1000,0.50,500,2,250,1.0351,2,5033.00,0.477970
2403,1000,0.50,500,2,250,0.9814,3,4760.00,0.499505
2404,1000,0.50,500,2,250,0.9864,4,4825.00,0.194351
2405,1000,0.50,500,2,250,0.9996,5,4853.00,0.469057
2406,1000,0.50,500,2,250,1.0119,6,4733.00,0.488444
2407,1000,0.50,500,2,250,1.0052,7,4883.00,0.341366
2408,1000,0.50,500,2,250,1.0048,8,4982.00,0.148487
2409,1000,0.50,500,2,250,0.9851,9,4789.00,0.371161
2410,1000,0.50,500,2,250,0.9927,10,4844.00,0.098379
2411,1000,0.50,500,2,250,1.0344,11,3295.00,0.398872
2412,1000,0.50,500,2,250,1.0010,12,4673.00,0.380331
2413,1000,0.50,500,2,250,0.9918,13,4719.00,0.314043
2414,1000,0.50,500,2,250,0.9837,14,4674.00,0.312000
2415,1000,0.50,500,2,250,1.0385,15,4841.00,0.261254
2416,1000,0.50,500,2,250,0.9997,16,4890.00,0.318012
2417,1000,0.50,500,2,250,1.0339,17,3605.00,0.166236
2418,1000,0.50,500,2,250,0.9941,18,1808.00,0.331114
2419,1000,0.50,500,2,250,0.9787,19,4769.00,0.268154
2420,1000,0.50,500,2,250,1.0220,20,4884.00,0.131440
2421,1000,0.50,500,2,250,0.9037,21,4838.00,0.236735
2422,1000,0.50,500,2,250,0.9744,22,4843.00,0.135916
2423,1000,0.50,500,2,250,0.9617,23,4788.00,0.367342
2424,1000,0.50,500,2,250,0.9847,24,4779.00,0.215939
2425,1000,0.50,500,2,250,1.0119,25,4857.00,0.149729
2426,1000,0.50,500,2,250,0.9926,26,4829.00,0.207108
2427,1000,0.50,500,2,250,0.9714,27,4791.00,0.298513
2428,1000,0.50,500,2,250,0.9941,28,187.00,0.237041
2429,1000,0.50,500,2,250,1.0406,29,137.00,0.209402
2430,1000,0.50,500,2,250,1.0572,30,4707.00,0.337997
2431,1000,0.50,500,2,250,1.0341,31,4727.00,0.184745
2432,1000,0.50,500,2,250,1.0465,32,4901.00,0.223358
2433,1000,0.50,500,2,250,1.0359,33,5131.00,0.252954
2434,1000,0.50,500,2,250,0.9821,34,5041.00,0.296805
2435,1000,0.50,500,2,250,0.9678,35,4997.00,0.232165
2436,1000,0.50,500,2,250,0.9549,36,5183.00,0.031657
2437,1000,0.50,500,2,250,0.9936,37,460.00,0.494482
2438,1000,0.50,500,2,250,0.9930,38,5096.00,0.307631
2439,1000,0.50,500,2,250,0.9945,39,4889.00,0.053109
2440,1000,0.50,500,2,250,0.9911,40,4856.00,0.157238
2441,1000,0.50,500,2,250,1.0083,41,5093.00,0.281665
2442,1000,0.50,500,2,250,0.9819,42,4841.00,0.206511
2443,1000,0.50,500,2,250,1.0122,43,1812.00,0.363567
2444,1000,0.50,500,2,250,0.9524,44,4810.00,0.152871
2445,1000,0.50,500,2,250,1.0508,45,4933.00,0.316607
2446,1000,0.50,500,2,250,0.9575,46,4729.00,0.224521
2447,1000,0.50,500,2,250,1.0211,47,4883.00,0.267941
2448,1000,0.50,500,2,250,0.9599,48,4654.00,0.281748
2449,1000,0.50,500,2,250,1.0083,49,4964.00,0.097449
2450,1000,0.50,500,2,250,0.9977,50,4859.00,0.700580
2451,1000,0.50,500,2,250,0.9795,51,4883.00,0.433080
2452,1000,0.50,500,2,250,1.0092,52,4938.00,0.337302
2453,1000,0.50,500,2,250,0.9721,53,4900.00,0.217102
2454,1000,0.50,500,2,250,1.0201,54,4350.00,0.169089
2455,1000,0.50,500,2,250,1.0403,55,4879.00,0.367277
2456,1000,0.50,500,2,250,0.9986,56,3678.00,0.508910
2457,1000,0.50,500,2,250,0.9252,57,4645.00,0.382291
2458,1000,0.50,500,2,250,0.9784,58,4614.00,0.601519
2459,1000,0.50,500,2,250,1.0174,59,4853.00,0.738755
2460,1000,0.50,500,2,250,1.0493,60,1226.00,0.426822
2461,1000,0.50,500,2,250,0.9960,61,4614.00,0.214496
2462,1000,0.50,500,2,250,1.0576,62,4810.00,0.315268
2463,1000,0.50,500,2,250,0.9869,63,5063.00,0.238011
2464,1000,0.50,500,2,250,0.9381,64,4802.00,0.269907
2465,1000,0.50,500,2,250,0.9452,65,4625.00,0.062392
2466,1000,0.50,500,2,250,0.9704,66,1690.00,0.273530
2467,1000,0.50,500,2,250,0.9759,67,4727.00,0.112929
2468,1000,0.50,500,2,250,0.9150,68,4679.00,0.133544
2469,1000,0.50,500,2,250,1.0434,69,4690.00,0.167542
2470,1000,0.50,500,2,250,0.9703,70,4739.00,0.196310
2471,1000,0.50,500,2,250,1.0049,71,4662.00,0.279238
2472,1000,0.50,500,2,250,0.9670,72,4651.00,0.437499
2473,1000,0.50,500,2,250,1.0246,73,182.00,0.385182
2474,1000,0.50,500,2,250,1.0197,74,598.00,0.465351
2475,1000,0.50,500,2,250,1.0179,75,4710.00,0.427926
2476,1000,0.50,500,2,250,0.9509,76,4566.00,0.207052
2477,1000,0.50,500,2,250,0.9536,77,4761.00,0.115569
2478,1000,0.50,500,2,250,0.9730,78,4837.00,0.464820
2479,1000,0.50,500,2,250,0.9880,79,4737.00,0.150308
2480,1000,0.50,500,2,250,0.9724,80,4592.00,0.429224
2481,1000,0.50,500,2,250,1.0405,81,2011.00,0.154033
2482,1000,0.50,500,2,250,0.9422,82,4728.00,0.723105
2483,1000,0.50,500,2,250,1.0037,83,4755.00,0.150994
2484,1000,0.50,500,2,250,1.0318,84,4828.00,0.248188
2485,1000,0.50,500,2,250,0.9761,85,4769.00,0.081797
2486,1000,0.50,500,2,250,1.0032,86,4613.00,0.153809
2487,1000,0.50,500,2,250,0.9850,87,408.00,0.308364
2488,1000,0.50,500,2,250,1.0232,88,4815.00,0.136303
2489,1000,0.50,500,2,250,1.0519,89,1294.00,0.190722
2490,1000,0.50,500,2,250,0.9781,90,4692.00,0.364153
2491,1000,0.50,500,2,250,0.9740,91,4625.00,0.264939
2492,1000,0.50,500,2,250,1.0146,92,4942.00,0.179578
2493,1000,0.50,500,2,250,0.9869,93,1918.00,0.178879
2494,1000,0.50,500,2,250,1.0429,94,313.00,0.215938
2495,1000,0.50,500,2,250,0.9626,95,4819.00,0.029697
2496,1000,0.50,500,2,250,0.9747,96,4721.00,0.109599
2497,1000,0.50,500,2,250,1.0544,97,98.00,0.431347
2498,1000,0.50,500,2,250,0.9816,98,4973.00,0.084625
2499,1000,0.50,500,2,250,1.0352,99,4795.00,0.100900
2500,1000,0.50,500,2,260,0.9868,0,4993.00,0.141499
2501,1000,0.50,500,2,260,1.0727,1,81.00,0.281799
2502,1000,0.50,500,2,260,1.0439,2,307.00,0.147864
2503,1000,0.50,500,2,260,1.0054,3,4927.00,0.147486
2504,1000,0.50,500,2,260,0.9663,4,5069.00,0.196701
2505,1000,0.50,500,2,260,0.9927,5,4832.00,0.277555
2506,1000,0.50,500,2,260,0.9593,6,4904.00,0.372947
2507,1000,0.50,500,2,260,1.0541,7,644.00,0.878844
2508,1000,0.50,500,2,260,0.9755,8,4798.00,0.218266
2509,1000,0.50,500,2,260,0.9947,9,4932.00,0.169887
2510,1000,0.50,500,2,260,1.0628,10,222.00,0.631183
2511,1000,0.50,500,2,260,0.9926,11,895.00,0.453293
2512,1000,0.50,500,2,260,1.0290,12,4781.00,0.346750
2513,1000,0.50,500,2,260,0.9983,13,5099.00,0.505365
2514,1000,0.50,500,2,260,0.9705,14,4678.00,0.370137
2515,1000,0.50,500,2,260,1.0244,15,4881.00,0.085659
2516,1000,0.50,500,2,260,0.9845,16,4963.00,0.123584
2517,1000,0.50,500,2,260,1.0153,17,4707.00,0.372947
2518,1000,0.50,500,2,260,1.1194,18,849.00,0.282338
2519,1000,0.50,500,2,260,0.9823,19,4934.00,0.234480
2520,1000,0.50,500,2,260,1.0123,20,325.00,0.162435
2521,1000,0.50,500,2,260,0.9792,21,5046.00,0.118348
2522,1000,0.50,500,2,260,0.9780,22,5007.00,0.117634
2523,1000,0.50,500,2,260,0.9519,23,5099.00,0.221104
2524,1000,0.50,500,2,260,0.9760,24,4944.00,0.788465
2525,1000,0.50,500,2,260,0.9300,25,5005.00,0.159461
2526,1000,0.50,500,2,260,0.9829,26,4825.00,0.192670
2527,1000,0.50,500,2,260,1.0368,27,4852.00,0.238547
2528,1000,0.50,500,2,260,0.9633,28,4915.00,0.055424
2529,1000,0.50,500,2,260,0.9595,29,4845.00,0.149939
2530,1000,0.50,500,2,260,0.9631,30,3159.00,0.397209
2531,1000,0.50,500,2,260,1.0161,31,92.00,0.191218
2532,1000,0.50,500,2,260,1.0333,32,1744.00,0.184092
2533,1000,0.50,500,2,260,0.9320,33,5079.00,0.371407
2534,1000,0.50,500,2,260,0.9230,34,4931.00,0.290956
2535,1000,0.50,500,2,260,1.0073,35,5027.00,0.199666
2536,1000,0.50,500,2,260,1.0237,36,5568.00,0.192717
2537,1000,0.50,500,2,260,0.9802,37,5144.00,0.326346
2538,1000,0.50,500,2,260,0.9354,38,5022.00,0.344996
2539,1000,0.50,500,2,260,1.0012,39,657.00,0.309452
2540,1000,0.50,500,2,260,0.9776,40,4836.00,0.125986
2541,1000,0.50,500,2,260,1.0133,41,4955.00,0.144128
2542,1000,0.50,500,2,260,0.9613,42,5041.00,0.339435
2543,1000,0.50,500,2,260,0.9959,43,4762.00,0.321272
2544,1000,0.50,500,2,260,0.9837,44,4806.00,0.611887
2545,1000,0.50,500,2,260,1.0513,45,75.00,0.244002
2546,1000,0.50,500,2,260,0.9984,46,5180.00,0.350543
2547,1000,0.50,500,2,260,1.0172,47,4927.00,0.229019
2548,1000,0.50,500,2,260,1.0344,48,4991.00,0.046402
2549,1000,0.50,500,2,260,1.0410,49,4859.00,0.372156
2550,1000,0.50,500,2,260,0.9751,50,4936.00,0.160666
2551,1000,0.50,500,2,260,1.0013,51,1794.00,0.130941
2552,1000,0.50,500,2,260,0.9495,52,5060.00,0.313946
2553,1000,0.50,500,2,260,0.9987,53,384.00,0.132588
2554,1000,0.50,500,2,260,1.0266,54,946.00,0.337234
2555,1000,0.50,500,2,260,1.0203,55,4801.00,0.331064
2556,1000,0.50,500,2,260,0.9841,56,4944.00,0.075900
2557,1000,0.50,500,2,260,0.9928,57,1150.00,0.292615
2558,1000,0.50,500,2,260,0.9691,58,4897.00,0.030940
2559,1000,0.50,500,2,260,1.0050,59,4966.00,0.177740
2560,1000,0.50,500,2,260,0.9987,60,1809.00,0.385461
2561,1000,0.50,500,2,260,1.0327,61,4948.00,0.649528
2562,1000,0.50,500,2,260,1.0269,62,4229.00,0.189864
2563,1000,0.50,500,2,260,1.0142,63,2138.00,0.198032
2564,1000,0.50,500,2,260,1.0782,64,5042.00,0.447979
2565,1000,0.50,500,2,260,0.9865,65,5110.00,0.594155
2566,1000,0.50,500,2,260,1.0412,66,3731.00,0.319544
2567,1000,0.50,500,2,260,1.0105,67,4926.00,0.197973
2568,1000,0.50,500,2,260,1.0276,68,4847.00,0.104674
2569,1000,0.50,500,2,260,0.9828,69,4885.00,0.381833
2570,1000,0.50,500,2,260,0.9858,70,5108.00,0.616236
2571,1000,0.50,500,2,260,0.9404,71,4942.00,0.722179
2572,1000,0.50,500,2,260,0.9866,72,4927.00,0.166588
2573,1000,0.50,500,2,260,1.0589,73,975.00,0.246186
2574,1000,0.50,500,2,260,1.0223,74,3862.00,0.207348
2575,1000,0.50,500,2,260,1.0233,75,4746.00,0.353200
2576,1000,0.50,500,2,260,0.9966,76,104.00,0.775196
2577,1000,0.50,500,2,260,0.9466,77,5059.00,0.198275
2578,1000,0.50,500,2,260,0.9599,78,4711.00,0.119668
2579,1000,0.50,500,2,260,1.0148,79,372.00,0.356428
2580,1000,0.50,500,2,260,0.9832,80,4731.00,0.233130
2581,1000,0.50,500,2,260,1.0057,81,5139.00,0.743540
2582,1000,0.50,500,2,260,0.9825,82,5099.00,0.033586
2583,1000,0.50,500,2,260,1.0022,83,536.00,0.216087
2584,1000,0.50,500,2,260,1.0343,84,5120.00,0.285855
2585,1000,0.50,500,2,260,1.0054,85,1998.00,0.267954
2586,1000,0.50,500,2,260,1.0050,86,2348.00,0.225323
2587,1000,0.50,500,2,260,1.0393,87,5009.00,0.284407
2588,1000,0.50,500,2,260,0.9570,88,4967.00,0.140285
2589,1000,0.50,500,2,260,0.9709,89,4843.00,0.137293
2590,1000,0.50,500,2,260,0.9463,90,4927.00,0.249390
2591,1000,0.50,500,2,260,0.9945,91,5000.00,0.195078
2592,1000,0.50,500,2,260,0.9998,92,4947.00,0.363148
2593,1000,0.50,500,2,260,0.9973,93,4910.00,0.746625
2594,1000,0.50,500,2,260,0.9880,94,5001.00,0.330017
2595,1000,0.50,500,2,260,1.0171,95,5090.00,0.368416
2596,1000,0.50,500,2,260,1.0297,96,1768.00,0.271071
2597,1000,0.50,500,2,260,0.9714,97,398.00,0.285199
2598,1000,0.50,500,2,260,0.8931,98,4844.00,0.289199
2599,1000,0.50,500,2,260,1.0123,99,303.00,0.226918
2600,1000,0.50,500,2,270,1.0203,0,857.00,0.240865
2601,1000,0.50,500,2,270,1.0090,1,5319.00,0.340781
2602,1000,0.50,500,2,270,1.0068,2,5254.00,0.471977
2603,1000,0.50,500,2,270,1.0266,3,70.00,0.337060
2604,1000,0.50,500,2,270,0.9858,4,4890.00,0.159816
2605,1000,0.50,500,2,270,0.9466,5,5160.00,0.218125
2606,1000,0.50,500,2,270,0.9571,6,5207.00,0.180911
2607,1000,0.50,500,2,270,0.9779,7,5099.00,0.559522
2608,1000,0.50,500,2,270,0.9912,8,5360.00,0.425221
2609,1000,0.50,500,2,270,0.9728,9,5138.00,0.345003
2610,1000,0.50,500,2,270,0.9851,10,5268.00,0.204894
2611,1000,0.50,500,2,270,0.9609,11,5158.00,0.181564
2612,1000,0.50,500,2,270,1.0135,12,5185.00,0.306920
2613,1000,0.50,500,2,270,0.9777,13,5235.00,0.153375
2614,1000,0.50,500,2,270,1.0428,14,1269.00,0.215170
2615,1000,0.50,500,2,270,1.0326,15,5121.00,0.150705
2616,1000,0.50,500,2,270,1.0340,16,4023.00,0.218865
2617,1000,0.50,500,2,270,0.9811,17,5194.00,0.306811
2618,1000,0.50,500,2,270,0.9836,18,5231.00,0.216511
2619,1000,0.50,500,2,270,1.0262,19,5040.00,0.124621
2620,1000,0.50,500,2,270,0.9649,20,5276.00,0.236582
2621,1000,0.50,500,2,270,0.9442,21,5342.00,0.891637
2622,1000,0.50,500,2,270,0.9291,22,5006.00,0.249376
2623,1000,0.50,500,2,270,1.0340,23,5086.00,0.039451
2624,1000,0.50,500,2,270,0.9210,24,5024.00,0.091293
2625,1000,0.50,500,2,270,1.0875,25,2092.00,0.380328
2626,1000,0.50,500,2,270,1.0317,26,3110.00,0.526362
2627,1000,0.50,500,2,270,1.0657,27,5123.00,0.308248
2628,1000,0.50,500,2,270,0.9951,28,5102.00,0.220617
2629,1000,0.50,500,2,270,1.0309,29,5204.00,0.467744
2630,1000,0.50,500,2,270,1.0705,30,1378.00,0.180716
2631,1000,0.50,500,2,270,1.0267,31,3882.00,0.182916
2632,1000,0.50,500,2,270,0.9787,32,5240.00,0.555615
2633,1000,0.50,500,2,270,1.0311,33,5101.00,0.092677
2634,1000,0.50,500,2,270,1.0307,34,2184.00,0.254351
2635,1000,0.50,500,2,270,0.9501,35,5109.00,0.121392
2636,1000,0.50,500,2,270,1.0140,36,5263.00,0.286073
2637,1000,0.50,500,2,270,0.9686,37,5243.00,0.256493
2638,1000,0.50,500,2,270,1.0292,38,5352.00,0.481786
2639,1000,0.50,500,2,270,0.9557,39,5136.00,0.115393
2640,1000,0.50,500,2,270,0.9563,40,5132.00,0.189852
2641,1000,0.50,500,2,270,0.9744,41,5223.00,0.125250
2642,1000,0.50,500,2,270,1.0421,42,2017.00,0.205351
2643,1000,0.50,500,2,270,0.9932,43,428.00,0.297554
2644,1000,0.50,500,2,270,0.9664,44,5200.00,0.095456
2645,1000,0.50,500,2,270,1.0106,45,5294.00,0.494243
2646,1000,0.50,500,2,270,0.9855,46,5027.00,0.158770
2647,1000,0.50,500,2,270,0.9726,47,5106.00,0.186256
2648,1000,0.50,500,2,270,0.9935,48,1411.00,0.217722
2649,1000,0.50,500,2,270,1.0051,49,5025.00,0.219936
2650,1000,0.50,500,2,270,1.0546,50,2077.00,0.189525
2651,1000,0.50,500,2,270,0.9844,51,5175.00,0.181110
2652,1000,0.50,500,2,270,1.0185,52,5236.00,0.292511
2653,1000,0.50,500,2,270,0.9954,53,5019.00,0.274416
2654,1000,0.50,500,2,270,1.0656,54,1679.00,0.488764
2655,1000,0.50,500,2,270,0.9744,55,5043.00,0.203546
2656,1000,0.50,500,2,270,1.0178,56,3940.00,0.207525
2657,1000,0.50,500,2,270,1.0066,57,5292.00,0.184146
2658,1000,0.50,500,2,270,0.9319,58,5035.00,0.165968
2659,1000,0.50,500,2,270,1.0510,59,763.00,0.329014
2660,1000,0.50,500,2,270,1.0072,60,2414.00,0.332340
2661,1000,0.50,500,2,270,0.9977,61,1506.00,0.378263
2662,1000,0.50,500,2,270,0.9591,62,5293.00,0.327260
2663,1000,0.50,500,2,270,1.0462,63,1081.00,0.194275
2664,1000,0.50,500,2,270,1.0363,64,56.00,0.286013
2665,1000,0.50,500,2,270,1.0273,65,175.00,0.179240
2666,1000,0.50,500,2,270,1.0594,66,907.00,0.181313
2667,1000,0.50,500,2,270,1.0100,67,5029.00,0.449791
2668,1000,0.50,500,2,270,0.9437,68,5023.00,0.322421
2669,1000,0.50,500,2,270,0.9781,69,5192.00,0.301198
2670,1000,0.50,500,2,270,0.9693,70,3375.00,0.535702
2671,1000,0.50,500,2,270,1.0111,71,5187.00,0.196770
2672,1000,0.50,500,2,270,1.0077,72,5133.00,0.186131
2673,1000,0.50,500,2,270,0.9343,73,4921.00,0.404784
2674,1000,0.50,500,2,270,0.9583,74,5156.00,0.244965
2675,1000,0.50,500,2,270,1.0171,75,5162.00,0.206456
2676,1000,0.50,500,2,270,0.9711,76,5071.00,0.239320
2677,1000,0.50,500,2,270,0.9887,77,5108.00,0.127714
2678,1000,0.50,500,2,270,0.9654,78,4887.00,0.189566
2679,1000,0.50,500,2,270,0.9630,79,5336.00,0.247357
2680,1000,0.50,500,2,270,1.0464,80,5296.00,0.440895
2681,1000,0.50,500,2,270,0.9751,81,5028.00,0.175784
2682,1000,0.50,500,2,270,0.9843,82,5363.00,0.123740
2683,1000,0.50,500,2,270,1.0056,83,5280.00,0.092830
2684,1000,0.50,500,2,270,1.0175,84,423.00,0.173559
2685,1000,0.50,500,2,270,1.0067,85,3698.00,0.413350
2686,1000,0.50,500,2,270,1.0113,86,4965.00,0.284917
2687,1000,0.50,500,2,270,1.0244,87,2009.00,0.197528
2688,1000,0.50,500,2,270,0.9826,88,4988.00,0.098012
2689,1000,0.50,500,2,270,0.9933,89,5138.00,0.074225
2690,1000,0.50,500,2,270,0.9932,90,5105.00,0.255971
2691,1000,0.50,500,2,270,1.0528,91,71.00,0.227522
2692,1000,0.50,500,2,270,0.9743,92,5308.00,0.148583
2693,1000,0.50,500,2,270,0.9887,93,5137.00,0.319125
2694,1000,0.50,500,2,270,0.9836,94,5275.00,0.251931
2695,1000,0.50,500,2,270,1.0279,95,5029.00,0.078984
2696,1000,0.50,500,2,270,0.9822,96,5128.00,0.110815
2697,1000,0.50,500,2,270,1.0191,97,5261.00,0.428293
2698,1000,0.50,500,2,270,1.0658,98,1043.00,0.240778
2699,1000,0.50,500,2,270,1.0322,99,3227.00,0.309889
2700,1000,0.50,500,2,280,0.9659,0,5375.00,0.074945
2701,1000,0.50,500,2,280,0.9818,1,5379.00,0.209365
2702,1000,0.50,500,2,280,1.0135,2,5463.00,0.071337
2703,1000,0.50,500,2,280,1.0351,3,5435.00,0.206122
2704,1000,0.50,500,2,280,1.0565,4,739.00,0.482020
2705,1000,0.50,500,2,280,1.0050,5,5343.00,0.196311
2706,1000,0.50,500,2,280,1.0115,6,5349.00,0.244987
2707,1000,0.50,500,2,280,0.9979,7,5429.00,0.275703
2708,1000,0.50,500,2,280,1.0142,8,3606.00,0.382287
2709,1000,0.50,500,2,280,1.0158,9,5470.00,0.305856
2710,1000,0.50,500,2,280,1.0552,10,5279.00,0.154986
2711,1000,0.50,500,2,280,0.9451,11,5359.00,0.074377
2712,1000,0.50,500,2,280,1.0343,12,5295.00,0.476296
2713,1000,0.50,500,2,280,0.9591,13,5275.00,0.206842
2714,1000,0.50,500,2,280,1.0137,14,3739.00,0.171871
2715,1000,0.50,500,2,280,0.9593,15,5222.00,0.270413
2716,1000,0.50,500,2,280,1.0018,16,5476.00,0.177824
2717,1000,0.50,500,2,280,0.9498,17,5395.00,0.212208
2718,1000,0.50,500,2,280,1.0208,18,5402.00,0.544347
2719,1000,0.50,500,2,280,1.0133,19,5202.00,0.329028
2720,1000,0.50,500,2,280,1.0098,20,5255.00,0.188272
2721,1000,0.50,500,2,280,0.9985,21,5296.00,0.196730
2722,1000,0.50,500,2,280,0.9660,22,5233.00,0.330974
2723,1000,0.50,500,2,280,1.0093,23,5382.00,0.146386
2724,1000,0.50,500,2,280,1.0353,24,5148.00,0.335865
2725,1000,0.50,500,2,280,0.9919,25,5223.00,0.672200
2726,1000,0.50,500,2,280,0.9502,26,5364.00,0.187810
2727,1000,0.50,500,2,280,0.9773,27,5396.00,0.088937
2728,1000,0.50,500,2,280,1.0082,28,5417.00,0.229591
2729,1000,0.50,500,2,280,0.9993,29,5231.00,0.306715
2730,1000,0.50,500,2,280,1.0118,30,5386.00,0.376566
2731,1000,0.50,500,2,280,1.0358,31,159.00,0.183608
2732,1000,0.50,500,2,280,0.9780,32,5309.00,0.365389
2733,1000,0.50,500,2,280,1.0071,33,5335.00,0.277196
2734,1000,0.50,500,2,280,0.9700,34,5349.00,0.531656
2735,1000,0.50,500,2,280,1.0408,35,5417.00,0.185495
2736,1000,0.50,500,2,280,1.0406,36,5306.00,0.379739
2737,1000,0.50,500,2,280,0.9871,37,5272.00,0.062563
2738,1000,0.50,500,2,280,0.9677,38,5379.00,0.142147
2739,1000,0.50,500,2,280,0.9523,39,5320.00,0.151779
2740,1000,0.50,500,2,280,1.0411,40,2005.00,0.271892
2741,1000,0.50,500,2,280,1.0617,41,5418.00,0.234399
2742,1000,0.50,500,2,280,0.9293,42,5321.00,0.053936
2743,1000,0.50,500,2,280,1.0229,43,355.00,0.285406
2744,1000,0.50,500,2,280,1.0454,44,5431.00,0.354655
2745,1000,0.50,500,2,280,1.0075,45,5023.00,0.208934
2746,1000,0.50,500,2,280,0.9973,46,4411.00,0.220078
2747,1000,0.50,500,2,280,0.9712,47,1951.00,0.240351
2748,1000,0.50,500,2,280,1.0308,48,248.00,0.241927
2749,1000,0.50,500,2,280,1.0111,49,5189.00,0.120159
2750,1000,0.50,500,2,280,1.0117,50,5299.00,0.154553
2751,1000,0.50,500,2,280,0.9748,51,5266.00,0.252623
2752,1000,0.50,500,2,280,1.0108,52,5203.00,0.561902
2753,1000,0.50,500,2,280,0.9941,53,5284.00,0.216645
2754,1000,0.50,500,2,280,1.0456,54,5559.00,0.314013
2755,1000,0.50,500,2,280,1.0405,55,5386.00,0.329371
2756,1000,0.50,500,2,280,1.0342,56,814.00,0.102820
2757,1000,0.50,500,2,280,0.9665,57,5262.00,0.226313
2758,1000,0.50,500,2,280,1.0245,58,1895.00,0.404667
2759,1000,0.50,500,2,280,1.0140,59,5482.00,0.187828
2760,1000,0.50,500,2,280,1.0586,60,1160.00,0.258359
2761,1000,0.50,500,2,280,0.9868,61,5416.00,0.202170
2762,1000,0.50,500,2,280,1.0081,62,5081.00,0.254377
2763,1000,0.50,500,2,280,0.9863,63,5388.00,0.055898
2764,1000,0.50,500,2,280,1.0152,64,5455.00,0.670325
2765,1000,0.50,500,2,280,1.0091,65,5399.00,0.220192
2766,1000,0.50,500,2,280,0.9450,66,5262.00,0.128183
2767,1000,0.50,500,2,280,1.0640,67,5419.00,0.178895
2768,1000,0.50,500,2,280,0.9833,68,5438.00,0.253968
2769,1000,0.50,500,2,280,0.9968,69,5283.00,0.123242
2770,1000,0.50,500,2,280,0.9484,70,5279.00,0.146400
2771,1000,0.50,500,2,280,1.0003,71,195.00,0.141550
2772,1000,0.50,500,2,280,0.9880,72,5295.00,0.234585
2773,1000,0.50,500,2,280,0.9067,73,5207.00,0.149300
2774,1000,0.50,500,2,280,1.0113,74,5333.00,0.146957
2775,1000,0.50,500,2,280,1.0639,75,5388.00,0.121013
2776,1000,0.50,500,2,280,0.9831,76,1393.00,0.282814
2777,1000,0.50,500,2,280,0.9942,77,5330.00,0.484260
2778,1000,0.50,500,2,280,0.9959,78,5257.00,0.188321
2779,1000,0.50,500,2,280,1.0575,79,5399.00,0.095145
2780,1000,0.50,500,2,280,0.9783,80,5385.00,0.420279
2781,1000,0.50,500,2,280,0.9909,81,5356.00,0.349961
2782,1000,0.50,500,2,280,1.0780,82,703.00,0.166211
2783,1000,0.50,500,2,280,1.0421,83,5336.00,0.104176
2784,1000,0.50,500,2,280,1.0883,84,344.00,0.429351
2785,1000,0.50,500,2,280,0.9552,85,5441.00,0.108433
2786,1000,0.50,500,2,280,1.0369,86,5478.00,0.241415
2787,1000,0.50,500,2,280,0.9448,87,5223.00,0.262756
2788,1000,0.50,500,2,280,0.9479,88,5313.00,0.179764
2789,1000,0.50,500,2,280,0.9365,89,5349.00,0.448341
2790,1000,0.50,500,2,280,1.0646,90,5530.00,0.438913
2791,1000,0.50,500,2,280,1.0460,91,5396.00,0.167416
2792,1000,0.50,500,2,280,0.9978,92,5436.00,0.097100
2793,1000,0.50,500,2,280,1.0263,93,5244.00,0.132969
2794,1000,0.50,500,2,280,0.9681,94,5431.00,0.142255
2795,1000,0.50,500,2,280,0.9838,95,5328.00,0.174067
2796,1000,0.50,500,2,280,1.0249,96,431.00,0.229284
2797,1000,0.50,500,2,280,1.0051,97,5185.00,0.191308
2798,1000,0.50,500,2,280,1.0014,98,5341.00,0.088693
2799,1000,0.50,500,2,280,0.9951,99,5440.00,0.334683
2800,1000,0.50,500,2,290,0.9561,0,5559.00,0.126232
2801,1000,0.50,500,2,290,0.9762,1,5487.00,0.151191
2802,1000,0.50,500,2,290,1.0097,2,5641.00,0.212933
2803,1000,0.50,500,2,290,0.9997,3,189.00,0.207002
2804,1000,0.50,500,2,290,0.9312,4,5513.00,0.031049
2805,1000,0.50,500,2,290,1.0134,5,3862.00,0.265886
2806,1000,0.50,500,2,290,1.0085,6,5622.00,0.182293
2807,1000,0.50,500,2,290,1.0229,7,5536.00,0.147073
2808,1000,0.50,500,2,290,0.9574,8,3152.00,0.113913
2809,1000,0.50,500,2,290,0.9661,9,5490.00,0.399707
2810,1000,0.50,500,2,290,0.9420,10,5605.00,0.105486
2811,1000,0.50,500,2,290,0.9306,11,5502.00,0.103965
2812,1000,0.50,500,2,290,1.0019,12,5587.00,0.072134
2813,1000,0.50,500,2,290,0.9894,13,5617.00,0.121826
2814,1000,0.50,500,2,290,0.9933,14,5666.00,0.179413
2815,1000,0.50,500,2,290,1.0016,15,5457.00,0.200502
2816,1000,0.50,500,2,290,1.0121,16,5439.00,0.313534
2817,1000,0.50,500,2,290,1.0110,17,5675.00,0.189009
2818,1000,0.50,500,2,290,1.0649,18,5560.00,0.136734
2819,1000,0.50,500,2,290,1.0055,19,5520.00,0.254792
2820,1000,0.50,500,2,290,1.0509,20,5534.00,0.241557
2821,1000,0.50,500,2,290,1.0109,21,5623.00,0.082678
2822,1000,0.50,500,2,290,0.9773,22,2841.00,0.144892
2823,1000,0.50,500,2,290,0.9524,23,5505.00,0.431625
2824,1000,0.50,500,2,290,0.9516,24,5559.00,0.172962
2825,1000,0.50,500,2,290,0.9875,25,5498.00,0.256698
2826,1000,0.50,500,2,290,1.0536,26,5277.00,0.157586
2827,1000,0.50,500,2,290,0.9786,27,5550.00,0.120799
2828,1000,0.50,500,2,290,1.0024,28,5393.00,0.123175
2829,1000,0.50,500,2,290,1.0491,29,52.00,0.121560
2830,1000,0.50,500,2,290,1.0195,30,5578.00,0.330868
2831,1000,0.50,500,2,290,0.9882,31,5509.00,0.336185
2832,1000,0.50,500,2,290,0.9695,32,5033.00,0.328205
2833,1000,0.50,500,2,290,0.9983,33,5642.00,0.517718
2834,1000,0.50,500,2,290,1.0164,34,5741.00,0.160633
2835,1000,0.50,500,2,290,0.9840,35,5755.00,0.434738
2836,1000,0.50,500,2,290,0.9683,36,5432.00,0.110611
2837,1000,0.50,500,2,290,1.0393,37,4019.00,0.145033
2838,1000,0.50,500,2,290,1.0007,38,5621.00,0.290480
2839,1000,0.50,500,2,290,0.9488,39,5498.00,0.403299
2840,1000,0.50,500,2,290,1.0265,40,5429.00,0.269686
2841,1000,0.50,500,2,290,1.0115,41,3846.00,0.262451
2842,1000,0.50,500,2,290,1.0177,42,599.00,0.401415
2843,1000,0.50,500,2,290,1.0186,43,5377.00,0.053262
2844,1000,0.50,500,2,290,1.0026,44,5470.00,0.051318
2845,1000,0.50,500,2,290,0.9632,45,5526.00,0.270103
2846,1000,0.50,500,2,290,0.9791,46,322.00,0.275781
2847,1000,0.50,500,2,290,1.0036,47,5331.00,0.148795
2848,1000,0.50,500,2,290,0.9867,48,3189.00,0.229336
2849,1000,0.50,500,2,290,0.9821,49,5477.00,0.306519
2850,1000,0.50,500,2,290,0.9963,50,5593.00,0.408639
2851,1000,0.50,500,2,290,0.9934,51,5492.00,0.139684
2852,1000,0.50,500,2,290,1.0120,52,5568.00,0.489044
2853,1000,0.50,500,2,290,1.0126,53,1046.00,0.280417
2854,1000,0.50,500,2,290,0.9546,54,5363.00,0.147193
2855,1000,0.50,500,2,290,1.0260,55,5535.00,0.203609
2856,1000,0.50,500,2,290,1.0601,56,1258.00,0.590204
2857,1000,0.50,500,2,290,1.0343,57,5393.00,0.175192
2858,1000,0.50,500,2,290,1.0294,58,349.00,0.287892
2859,1000,0.50,500,2,290,0.9497,59,5542.00,0.181397
2860,1000,0.50,500,2,290,0.9681,60,5499.00,0.254581
2861,1000,0.50,500,2,290,0.9876,61,5388.00,0.401843
2862,1000,0.50,500,2,290,0.9215,62,5471.00,0.294356
2863,1000,0.50,500,2,290,1.0148,63,5630.00,0.225121
2864,1000,0.50,500,2,290,0.9623,64,5384.00,0.369536
2865,1000,0.50,500,2,290,1.0217,65,5743.00,0.063400
2866,1000,0.50,500,2,290,1.0261,66,5531.00,0.165262
2867,1000,0.50,500,2,290,0.9777,67,5423.00,0.163761
2868,1000,0.50,500,2,290,0.9709,68,5531.00,0.185972
2869,1000,0.50,500,2,290,1.0007,69,1649.00,0.386730
2870,1000,0.50,500,2,290,0.9653,70,5488.00,0.180159
2871,1000,0.50,500,2,290,0.9702,71,5464.00,0.204285
2872,1000,0.50,500,2,290,0.9785,72,5491.00,0.292299
2873,1000,0.50,500,2,290,1.0261,73,3038.00,0.208812
2874,1000,0.50,500,2,290,1.0010,74,5438.00,0.114486
2875,1000,0.50,500,2,290,1.0392,75,2825.00,0.677564
2876,1000,0.50,500,2,290,0.9387,76,5544.00,0.282246
2877,1000,0.50,500,2,290,1.0450,77,1856.00,0.187034
2878,1000,0.50,500,2,290,0.9946,78,1792.00,0.267820
2879,1000,0.50,500,2,290,0.9372,79,5570.00,0.573502
2880,1000,0.50,500,2,290,0.9383,80,5680.00,0.126192
2881,1000,0.50,500,2,290,1.0359,81,5591.00,0.308887
2882,1000,0.50,500,2,290,0.9849,82,5500.00,0.230512
2883,1000,0.50,500,2,290,1.0196,83,5314.00,0.167791
2884,1000,0.50,500,2,290,1.0112,84,5375.00,0.204909
2885,1000,0.50,500,2,290,0.9770,85,5586.00,0.373031
2886,1000,0.50,500,2,290,1.0068,86,5495.00,0.481150
2887,1000,0.50,500,2,290,0.9715,87,5549.00,0.385842
2888,1000,0.50,500,2,290,1.0211,88,5726.00,0.354600
2889,1000,0.50,500,2,290,0.9916,89,5593.00,0.668049
2890,1000,0.50,500,2,290,0.9597,90,5340.00,0.082265
2891,1000,0.50,500,2,290,0.9801,91,5538.00,0.110284
2892,1000,0.50,500,2,290,1.0115,92,5812.00,0.184025
2893,1000,0.50,500,2,290,0.9802,93,5624.00,0.126565
2894,1000,0.50,500,2,290,1.0313,94,5377.00,0.265285
2895,1000,0.50,500,2,290,0.9921,95,4350.00,0.385269
2896,1000,0.50,500,2,290,1.0336,96,5471.00,0.211219
2897,1000,0.50,500,2,290,0.9976,97,1046.00,0.189877
2898,1000,0.50,500,2,290,1.0021,98,5485.00,0.252273
2899,1000,0.50,500,2,290,0.9329,99,5600.00,0.166545
2900,1000,0.50,500,2,300,0.9318,0,5643.00,0.084372
2901,1000,0.50,500,2,300,1.0063,1,2006.00,0.193105
2902,1000,0.50,500,2,300,0.9771,2,5766.00,0.235122
2903,1000,0.50,500,2,300,0.9984,3,5823.00,0.983689
2904,1000,0.50,500,2,300,0.9965,4,3988.00,0.245468
2905,1000,0.50,500,2,300,0.9802,5,5621.00,0.062377
2906,1000,0.50,500,2,300,0.9633,6,5632.00,0.341386
2907,1000,0.50,500,2,300,1.0281,7,3561.00,0.147637
2908,1000,0.50,500,2,300,1.0219,8,5758.00,0.298410
2909,1000,0.50,500,2,300,1.0219,9,5576.00,0.041367
2910,1000,0.50,500,2,300,0.9797,10,5698.00,0.070459
2911,1000,0.50,500,2,300,0.9879,11,5856.00,0.133661
2912,1000,0.50,500,2,300,1.0108,12,5805.00,0.264461
2913,1000,0.50,500,2,300,1.0161,13,3252.00,0.277173
2914,1000,0.50,500,2,300,0.9799,14,5556.00,0.346107
2915,1000,0.50,500,2,300,0.9811,15,5607.00,0.173426
2916,1000,0.50,500,2,300,1.0155,16,5502.00,0.245418
2917,1000,0.50,500,2,300,0.9771,17,5777.00,0.188703
2918,1000,0.50,500,2,300,0.9888,18,5685.00,0.510366
2919,1000,0.50,500,2,300,0.9833,19,5760.00,0.055395
2920,1000,0.50,500,2,300,0.9907,20,5665.00,0.592260
2921,1000,0.50,500,2,300,0.9577,21,5557.00,0.153155
2922,1000,0.50,500,2,300,1.0262,22,5610.00,0.155794
2923,1000,0.50,500,2,300,0.9892,23,4365.00,0.258744
2924,1000,0.50,500,2,300,1.0004,24,5430.00,0.452002
2925,1000,0.50,500,2,300,0.9909,25,5753.00,0.182025
2926,1000,0.50,500,2,300,0.9995,26,5843.00,0.437650
2927,1000,0.50,500,2,300,1.0113,27,5722.00,0.108787
2928,1000,0.50,500,2,300,1.0023,28,5580.00,0.402752
2929,1000,0.50,500,2,300,1.0945,29,1011.00,0.278138
2930,1000,0.50,500,2,300,0.9709,30,5670.00,0.111171
2931,1000,0.50,500,2,300,0.9569,31,5849.00,0.383821
2932,1000,0.50,500,2,300,1.0093,32,5606.00,0.159997
2933,1000,0.50,500,2,300,1.0098,33,841.00,0.422729
2934,1000,0.50,500,2,300,1.0201,34,5843.00,0.355533
2935,1000,0.50,500,2,300,1.0256,35,1194.00,0.139132
2936,1000,0.50,500,2,300,1.0389,36,5703.00,0.125082
2937,1000,0.50,500,2,300,0.9453,37,5721.00,0.044568
2938,1000,0.50,500,2,300,1.0721,38,399.00,0.465781
2939,1000,0.50,500,2,300,1.0094,39,5869.00,0.355550
2940,1000,0.50,500,2,300,0.9913,40,5684.00,0.370905
2941,1000,0.50,500,2,300,0.9793,41,5846.00,0.273381
2942,1000,0.50,500,2,300,1.0504,42,3570.00,0.417824
2943,1000,0.50,500,2,300,1.0974,43,676.00,0.262794
2944,1000,0.50,500,2,300,0.9960,44,5491.00,0.141885
2945,1000,0.50,500,2,300,0.9667,45,5604.00,0.241526
2946,1000,0.50,500,2,300,1.0056,46,5743.00,0.149317
2947,1000,0.50,500,2,300,1.0227,47,5770.00,0.314773
2948,1000,0.50,500,2,300,0.9684,48,5660.00,0.239116
2949,1000,0.50,500,2,300,0.9950,49,5876.00,0.141872
2950,1000,0.50,500,2,300,1.0401,50,4040.00,0.249184
2951,1000,0.50,500,2,300,1.0777,51,3577.00,0.196723
2952,1000,0.50,500,2,300,0.9443,52,5762.00,0.130449
2953,1000,0.50,500,2,300,1.0128,53,5744.00,0.203261
2954,1000,0.50,500,2,300,1.0379,54,5545.00,0.113036
2955,1000,0.50,500,2,300,1.0526,55,305.00,0.210323
2956,1000,0.50,500,2,300,0.9904,56,5496.00,0.316166
2957,1000,0.50,500,2,300,1.0231,57,5522.00,0.415006
2958,1000,0.50,500,2,300,1.0395,58,1307.00,0.296272
2959,1000,0.50,500,2,300,0.9355,59,5742.00,0.048617
2960,1000,0.50,500,2,300,0.9951,60,5434.00,0.221211
2961,1000,0.50,500,2,300,0.9709,61,5501.00,0.109981
2962,1000,0.50,500,2,300,1.0331,62,5815.00,0.230795
2963,1000,0.50,500,2,300,1.0434,63,3499.00,0.108216
2964,1000,0.50,500,2,300,1.0453,64,2717.00,0.341268
2965,1000,0.50,500,2,300,0.9649,65,5745.00,0.205322
2966,1000,0.50,500,2,300,1.0268,66,1873.00,0.278771
2967,1000,0.50,500,2,300,0.9490,67,5610.00,0.304520
2968,1000,0.50,500,2,300,0.9706,68,1670.00,0.281818
2969,1000,0.50,500,2,300,1.0156,69,1825.00,0.102521
2970,1000,0.50,500,2,300,1.0287,70,549.00,0.118125
2971,1000,0.50,500,2,300,0.9519,71,5583.00,0.369919
2972,1000,0.50,500,2,300,1.0988,72,122.00,0.429159
2973,1000,0.50,500,2,300,0.9963,73,1192.00,0.257776
2974,1000,0.50,500,2,300,0.9789,74,5729.00,0.282197
2975,1000,0.50,500,2,300,1.0077,75,5475.00,0.066451
2976,1000,0.50,500,2,300,0.9843,76,5696.00,0.156184
2977,1000,0.50,500,2,300,0.9743,77,5716.00,0.219248
2978,1000,0.50,500,2,300,1.0370,78,942.00,0.297541
2979,1000,0.50,500,2,300,0.9749,79,5599.00,0.165535
2980,1000,0.50,500,2,300,1.0424,80,2318.00,0.534953
2981,1000,0.50,500,2,300,1.0357,81,5847.00,0.133139
2982,1000,0.50,500,2,300,0.9887,82,5454.00,0.095568
2983,1000,0.50,500,2,300,0.9226,83,5642.00,0.027741
2984,1000,0.50,500,2,300,1.0019,84,856.00,0.143318
2985,1000,0.50,500,2,300,0.9859,85,5799.00,0.148450
2986,1000,0.50,500,2,300,0.9938,86,5773.00,0.052267
2987,1000,0.50,500,2,300,0.9877,87,5762.00,0.109642
2988,1000,0.50,500,2,300,0.9909,88,5625.00,0.498139
2989,1000,0.50,500,2,300,0.9867,89,263.00,0.275827
2990,1000,0.50,500,2,300,1.0420,90,5463.00,0.110676
2991,1000,0.50,500,2,300,1.0174,91,5869.00,0.064849
2992,1000,0.50,500,2,300,1.0761,92,5982.00,0.118040
2993,1000,0.50,500,2,300,1.0001,93,5724.00,0.162308
2994,1000,0.50,500,2,300,1.0264,94,5673.00,0.395995
2995,1000,0.50,500,2,300,1.0164,95,5648.00,0.131349
2996,1000,0.50,500,2,300,1.0038,96,3988.00,0.211618
2997,1000,0.50,500,2,300,1.0121,97,5639.00,0.136777
2998,1000,0.50,500,2,300,1.0169,98,5626.00,0.257567
2999,1000,0.50,500,2,300,1.0136,99,5537.00,0.218134
3000,1000,0.50,500,2,310,0.9578,0,5689.00,0.077211
3001,1000,0.50,500,2,310,0.9693,1,6012.00,0.501411
3002,1000,0.50,500,2,310,1.0686,2,2893.00,0.207369
3003,1000,0.50,500,2,310,0.9969,3,92.00,0.184501
3004,1000,0.50,500,2,310,1.0312,4,119.00,0.236184
3005,1000,0.50,500,2,310,1.0188,5,3525.00,0.452044
3006,1000,0.50,500,2,310,0.9932,6,5703.00,0.205433
3007,1000,0.50,500,2,310,0.9811,7,5899.00,0.479399
3008,1000,0.50,500,2,310,0.9490,8,5592.00,0.190627
3009,1000,0.50,500,2,310,0.9852,9,117.00,0.248193
3010,1000,0.50,500,2,310,0.9837,10,1520.00,0.153087
3011,1000,0.50,500,2,310,1.0043,11,5690.00,0.146407
3012,1000,0.50,500,2,310,0.9328,12,5798.00,0.456205
3013,1000,0.50,500,2,310,0.9819,13,5944.00,0.131484
3014,1000,0.50,500,2,310,1.0437,14,2714.00,0.225884
3015,1000,0.50,500,2,310,1.0174,15,1534.00,0.374525
3016,1000,0.50,500,2,310,1.0204,16,1809.00,0.076066
3017,1000,0.50,500,2,310,0.9920,17,5910.00,0.577121
3018,1000,0.50,500,2,310,1.0112,18,1883.00,0.208242
3019,1000,0.50,500,2,310,1.0544,19,484.00,0.171506
3020,1000,0.50,500,2,310,0.9657,20,5910.00,0.247489
3021,1000,0.50,500,2,310,0.9922,21,5820.00,0.063465
3022,1000,0.50,500,2,310,1.0200,22,5986.00,0.095334
3023,1000,0.50,500,2,310,1.0215,23,815.00,0.304779
3024,1000,0.50,500,2,310,0.9478,24,5703.00,0.319459
3025,1000,0.50,500,2,310,0.9545,25,5760.00,0.239806
3026,1000,0.50,500,2,310,1.0083,26,6057.00,0.204779
3027,1000,0.50,500,2,310,0.9917,27,5977.00,0.066069
3028,1000,0.50,500,2,310,1.0561,28,2006.00,0.130966
3029,1000,0.50,500,2,310,0.9979,29,1305.00,0.224138
3030,1000,0.50,500,2,310,0.9583,30,5965.00,0.159109
3031,1000,0.50,500,2,310,0.9550,31,5803.00,0.135307
3032,1000,0.50,500,2,310,1.0129,32,5623.00,0.513117
3033,1000,0.50,500,2,310,0.9798,33,5975.00,0.305459
3034,1000,0.50,500,2,310,0.9651,34,5816.00,0.046887
3035,1000,0.50,500,2,310,1.0080,35,5892.00,0.262648
3036,1000,0.50,500,2,310,0.9253,36,5830.00,0.341749
3037,1000,0.50,500,2,310,1.0506,37,498.00,0.212140
3038,1000,0.50,500,2,310,1.0313,38,5869.00,0.174950
3039,1000,0.50,500,2,310,1.0276,39,5925.00,0.182730
3040,1000,0.50,500,2,310,1.0282,40,5938.00,0.201972
3041,1000,0.50,500,2,310,1.0140,41,5911.00,0.379528
3042,1000,0.50,500,2,310,1.0065,42,6128.00,0.331120
3043,1000,0.50,500,2,310,0.9952,43,5982.00,0.300577
3044,1000,0.50,500,2,310,0.9878,44,5960.00,0.138378
3045,1000,0.50,500,2,310,0.9178,45,5886.00,0.146708
3046,1000,0.50,500,2,310,1.0413,46,5942.00,0.396016
3047,1000,0.50,500,2,310,0.9736,47,5936.00,0.163273
3048,1000,0.50,500,2,310,0.9928,48,5940.00,0.303215
3049,1000,0.50,500,2,310,0.9773,49,5632.00,0.141954
3050,1000,0.50,500,2,310,1.0112,50,6073.00,0.236662
3051,1000,0.50,500,2,310,1.0109,51,5733.00,0.067233
3052,1000,0.50,500,2,310,0.9865,52,5911.00,0.199156
3053,1000,0.50,500,2,310,1.0190,53,1450.00,0.268713
3054,1000,0.50,500,2,310,0.9983,54,5701.00,0.144446
3055,1000,0.50,500,2,310,0.9800,55,5847.00,0.368523
3056,1000,0.50,500,2,310,0.9732,56,199.00,0.192308
3057,1000,0.50,500,2,310,0.9919,57,5971.00,0.727706
3058,1000,0.50,500,2,310,1.0070,58,6031.00,0.344101
3059,1000,0.50,500,2,310,1.0145,59,2169.00,0.164236
3060,1000,0.50,500,2,310,0.9725,60,5596.00,0.183982
3061,1000,0.50,500,2,310,0.9493,61,5746.00,0.150755
3062,1000,0.50,500,2,310,0.9620,62,5771.00,0.177181
3063,1000,0.50,500,2,310,0.9753,63,5602.00,0.167087
3064,1000,0.50,500,2,310,1.0005,64,274.00,0.405866
3065,1000,0.50,500,2,310,0.9991,65,4776.00,0.268778
3066,1000,0.50,500,2,310,1.0150,66,1196.00,0.300422
3067,1000,0.50,500,2,310,1.0200,67,5887.00,0.132665
3068,1000,0.50,500,2,310,1.0589,68,5944.00,0.351708
3069,1000,0.50,500,2,310,1.0028,69,5802.00,0.700168
3070,1000,0.50,500,2,310,1.0084,70,6115.00,0.358707
3071,1000,0.50,500,2,310,1.0587,71,5971.00,0.213992
3072,1000,0.50,500,2,310,0.9422,72,5723.00,0.172076
3073,1000,0.50,500,2,310,1.0570,73,5874.00,0.139778
3074,1000,0.50,500,2,310,0.9638,74,5993.00,0.368860
3075,1000,0.50,500,2,310,0.9826,75,4864.00,0.243629
3076,1000,0.50,500,2,310,1.0124,76,6108.00,0.626457
3077,1000,0.50,500,2,310,0.9697,77,5787.00,0.346406
3078,1000,0.50,500,2,310,1.0346,78,782.00,0.291320
3079,1000,0.50,500,2,310,0.9750,79,5818.00,0.239488
3080,1000,0.50,500,2,310,0.9834,80,5716.00,0.103926
3081,1000,0.50,500,2,310,0.9850,81,5833.00,0.259841
3082,1000,0.50,500,2,310,1.0181,82,5839.00,0.236825
3083,1000,0.50,500,2,310,1.0049,83,5665.00,0.027974
3084,1000,0.50,500,2,310,0.9964,84,5943.00,0.218281
3085,1000,0.50,500,2,310,1.0034,85,5814.00,0.078810
3086,1000,0.50,500,2,310,0.9662,86,5734.00,0.195675
3087,1000,0.50,500,2,310,0.9890,87,5913.00,0.119542
3088,1000,0.50,500,2,310,0.9367,88,5824.00,0.408203
3089,1000,0.50,500,2,310,1.0493,89,4109.00,0.273526
3090,1000,0.50,500,2,310,0.9996,90,5637.00,0.166417
3091,1000,0.50,500,2,310,1.0301,91,5763.00,0.354855
3092,1000,0.50,500,2,310,0.9484,92,5810.00,0.129139
3093,1000,0.50,500,2,310,1.0181,93,5852.00,0.117820
3094,1000,0.50,500,2,310,1.0296,94,6012.00,0.275345
3095,1000,0.50,500,2,310,1.0628,95,2133.00,0.258326
3096,1000,0.50,500,2,310,0.9921,96,6052.00,0.166825
3097,1000,0.50,500,2,310,1.0035,97,5781.00,0.414299
3098,1000,0.50,500,2,310,0.9702,98,5922.00,0.445291
3099,1000,0.50,500,2,310,1.0469,99,3762.00,0.384158
3100,1000,0.50,500,2,320,1.0292,0,6284.00,0.627969
3101,1000,0.50,500,2,320,1.0418,1,3852.00,0.245291
3102,1000,0.50,500,2,320,0.9704,2,6014.00,0.145624
3103,1000,0.50,500,2,320,0.9527,3,5986.00,0.100511
3104,1000,0.50,500,2,320,0.9530,4,6084.00,0.185634
3105,1000,0.50,500,2,320,0.9900,5,5800.00,0.402475
3106,1000,0.50,500,2,320,1.0469,6,4355.00,0.114726
3107,1000,0.50,500,2,320,0.9299,7,6083.00,0.312326
3108,1000,0.50,500,2,320,0.9707,8,6170.00,0.503866
3109,1000,0.50,500,2,320,0.9666,9,6128.00,0.451148
3110,1000,0.50,500,2,320,1.0097,10,1352.00,0.346865
3111,1000,0.50,500,2,320,1.0206,11,6022.00,0.017902
3112,1000,0.50,500,2,320,0.9855,12,6154.00,0.256120
3113,1000,0.50,500,2,320,1.0026,13,3711.00,0.126604
3114,1000,0.50,500,2,320,1.0468,14,613.00,0.221902
3115,1000,0.50,500,2,320,0.9946,15,5952.00,0.146754
3116,1000,0.50,500,2,320,1.0420,16,5977.00,0.176744
3117,1000,0.50,500,2,320,1.0020,17,6056.00,0.230567
3118,1000,0.50,500,2,320,0.9569,18,6059.00,0.187557
3119,1000,0.50,500,2,320,1.0187,19,6251.00,0.140864
3120,1000,0.50,500,2,320,0.9476,20,5946.00,0.074734
3121,1000,0.50,500,2,320,0.9287,21,5995.00,0.288268
3122,1000,0.50,500,2,320,1.0287,22,6054.00,0.090160
3123,1000,0.50,500,2,320,1.0312,23,6249.00,0.424561
3124,1000,0.50,500,2,320,0.9663,24,5855.00,0.146631
3125,1000,0.50,500,2,320,0.9623,25,6060.00,0.202853
3126,1000,0.50,500,2,320,1.0675,26,6135.00,0.087929
3127,1000,0.50,500,2,320,1.0063,27,6164.00,0.388196
3128,1000,0.50,500,2,320,1.0272,28,5927.00,0.597374
3129,1000,0.50,500,2,320,0.9382,29,5876.00,0.126967
3130,1000,0.50,500,2,320,0.9855,30,6216.00,0.161529
3131,1000,0.50,500,2,320,1.0391,31,5947.00,0.106387
3132,1000,0.50,500,2,320,0.9984,32,6249.00,0.523980
3133,1000,0.50,500,2,320,0.9775,33,5998.00,0.396688
3134,1000,0.50,500,2,320,1.0409,34,6122.00,0.229627
3135,1000,0.50,500,2,320,0.9830,35,6252.00,0.377664
3136,1000,0.50,500,2,320,1.0237,36,5879.00,0.058230
3137,1000,0.50,500,2,320,1.0568,37,1534.00,0.324793
3138,1000,0.50,500,2,320,1.0163,38,2541.00,0.389337
3139,1000,0.50,500,2,320,0.9804,39,6062.00,0.082898
3140,1000,0.50,500,2,320,1.0166,40,6236.00,0.264089
3141,1000,0.50,500,2,320,1.0236,41,5987.00,0.070020
3142,1000,0.50,500,2,320,0.9735,42,5935.00,0.274025
3143,1000,0.50,500,2,320,0.9927,43,6141.00,0.732438
3144,1000,0.50,500,2,320,1.0036,44,6285.00,0.411001
3145,1000,0.50,500,2,320,0.9916,45,6347.00,0.212372
3146,1000,0.50,500,2,320,1.0054,46,1427.00,0.599815
3147,1000,0.50,500,2,320,1.0403,47,63.00,0.254252
3148,1000,0.50,500,2,320,0.9731,48,6127.00,0.456910
3149,1000,0.50,500,2,320,0.9626,49,5888.00,0.204480
3150,1000,0.50,500,2,320,1.0053,50,6112.00,0.145562
3151,1000,0.50,500,2,320,0.9875,51,5972.00,0.163785
3152,1000,0.50,500,2,320,0.9799,52,6036.00,0.537145
3153,1000,0.50,500,2,320,0.9613,53,6014.00,0.434679
3154,1000,0.50,500,2,320,0.9796,54,6112.00,0.466084
3155,1000,0.50,500,2,320,1.0442,55,4868.00,0.239622
3156,1000,0.50,500,2,320,0.9420,56,6041.00,0.147050
3157,1000,0.50,500,2,320,1.0336,57,5939.00,0.140783
3158,1000,0.50,500,2,320,1.0068,58,5931.00,0.098526
3159,1000,0.50,500,2,320,0.9383,59,5940.00,0.358409
3160,1000,0.50,500,2,320,0.9921,60,2271.00,0.582820
3161,1000,0.50,500,2,320,1.0329,61,5868.00,0.139937
3162,1000,0.50,500,2,320,1.0248,62,1059.00,0.355556
3163,1000,0.50,500,2,320,0.9962,63,6229.00,0.399265
3164,1000,0.50,500,2,320,0.9860,64,2952.00,0.241477
3165,1000,0.50,500,2,320,1.0114,65,5968.00,0.126328
3166,1000,0.50,500,2,320,1.0225,66,434.00,0.148441
3167,1000,0.50,500,2,320,1.0040,67,5905.00,0.151573
3168,1000,0.50,500,2,320,0.9880,68,6201.00,0.156881
3169,1000,0.50,500,2,320,1.0024,69,5963.00,0.209709
3170,1000,0.50,500,2,320,1.0161,70,6136.00,0.094281
3171,1000,0.50,500,2,320,1.0140,71,129.00,0.157678
3172,1000,0.50,500,2,320,1.0303,72,5980.00,0.124601
3173,1000,0.50,500,2,320,0.9661,73,6229.00,0.055336
3174,1000,0.50,500,2,320,1.0074,74,6027.00,0.236364
3175,1000,0.50,500,2,320,0.9916,75,3092.00,0.121584
3176,1000,0.50,500,2,320,1.0082,76,6039.00,0.028878
3177,1000,0.50,500,2,320,0.9222,77,6045.00,0.185349
3178,1000,0.50,500,2,320,0.9511,78,6189.00,0.101603
3179,1000,0.50,500,2,320,1.0013,79,6211.00,0.125670
3180,1000,0.50,500,2,320,1.0299,80,6125.00,0.195065
3181,1000,0.50,500,2,320,0.9981,81,5999.00,0.305766
3182,1000,0.50,500,2,320,0.9965,82,5746.00,0.192259
3183,1000,0.50,500,2,320,1.0382,83,1395.00,0.111931
3184,1000,0.50,500,2,320,0.9828,84,6108.00,0.125834
3185,1000,0.50,500,2,320,0.9979,85,4681.00,0.247027
3186,1000,0.50,500,2,320,1.0005,86,6075.00,0.350488
3187,1000,0.50,500,2,320,0.9795,87,5950.00,0.074070
3188,1000,0.50,500,2,320,1.0495,88,2415.00,0.243083
3189,1000,0.50,500,2,320,0.9581,89,5948.00,0.226859
3190,1000,0.50,500,2,320,1.0266,90,5454.00,0.335104
3191,1000,0.50,500,2,320,0.9981,91,488.00,0.427746
3192,1000,0.50,500,2,320,0.9679,92,5882.00,0.237507
3193,1000,0.50,500,2,320,1.0484,93,338.00,0.191736
3194,1000,0.50,500,2,320,1.0492,94,5660.00,0.221539
3195,1000,0.50,500,2,320,0.9806,95,6043.00,0.277047
3196,1000,0.50,500,2,320,1.0440,96,6136.00,0.236289
3197,1000,0.50,500,2,320,0.9743,97,5898.00,0.460327
3198,1000,0.50,500,2,320,1.0036,98,3556.00,0.178126
3199,1000,0.50,500,2,320,0.9618,99,5835.00,0.348036
3200,1000,0.50,500,2,330,1.0190,0,6108.00,0.262589
3201,1000,0.50,500,2,330,1.0374,1,921.00,0.392855
3202,1000,0.50,500,2,330,1.0037,2,6210.00,0.181997
3203,1000,0.50,500,2,330,0.9747,3,6331.00,0.097039
3204,1000,0.50,500,2,330,0.9628,4,6014.00,0.149759
3205,1000,0.50,500,2,330,0.9808,5,6255.00,0.109333
3206,1000,0.50,500,2,330,1.0109,6,952.00,0.250548
3207,1000,0.50,500,2,330,1.0563,7,1954.00,0.213280
3208,1000,0.50,500,2,330,1.0675,8,6159.00,0.186982
3209,1000,0.50,500,2,330,1.0251,9,6052.00,0.421314
3210,1000,0.50,500,2,330,1.0275,10,2480.00,0.142054
3211,1000,0.50,500,2,330,0.9267,11,6121.00,0.088687
3212,1000,0.50,500,2,330,0.9575,12,6094.00,0.145640
3213,1000,0.50,500,2,330,1.0487,13,6311.00,0.213054
3214,1000,0.50,500,2,330,1.0382,14,5998.00,0.331805
3215,1000,0.50,500,2,330,1.0312,15,6279.00,0.051039
3216,1000,0.50,500,2,330,1.0361,16,2643.00,0.367714
3217,1000,0.50,500,2,330,1.0217,17,6512.00,0.157690
3218,1000,0.50,500,2,330,0.9909,18,6252.00,0.489354
3219,1000,0.50,500,2,330,0.9604,19,6295.00,0.157075
3220,1000,0.50,500,2,330,0.9893,20,6429.00,0.210683
3221,1000,0.50,500,2,330,1.0162,21,6295.00,0.262197
3222,1000,0.50,500,2,330,0.9599,22,6181.00,0.341750
3223,1000,0.50,500,2,330,0.9669,23,6292.00,0.146482
3224,1000,0.50,500,2,330,1.0332,24,725.00,0.311758
3225,1000,0.50,500,2,330,1.0100,25,6267.00,0.346318
3226,1000,0.50,500,2,330,1.0007,26,6187.00,0.388149
3227,1000,0.50,500,2,330,0.9992,27,4193.00,0.235194
3228,1000,0.50,500,2,330,0.9665,28,6375.00,0.449341
3229,1000,0.50,500,2,330,1.0314,29,210.00,0.264482
3230,1000,0.50,500,2,330,0.9837,30,6128.00,0.048713
3231,1000,0.50,500,2,330,0.9909,31,6335.00,0.111242
3232,1000,0.50,500,2,330,1.0226,32,6122.00,0.322147
3233,1000,0.50,500,2,330,1.0002,33,6289.00,0.180702
3234,1000,0.50,500,2,330,0.9934,34,6008.00,0.114717
3235,1000,0.50,500,2,330,1.0399,35,6203.00,0.126549
3236,1000,0.50,500,2,330,0.9578,36,6210.00,0.058631
3237,1000,0.50,500,2,330,1.0126,37,6433.00,0.161859
3238,1000,0.50,500,2,330,0.9938,38,6319.00,0.128100
3239,1000,0.50,500,2,330,0.9870,39,6223.00,0.232352
3240,1000,0.50,500,2,330,1.0321,40,6208.00,0.255417
3241,1000,0.50,500,2,330,1.0019,41,6329.00,0.263114
3242,1000,0.50,500,2,330,0.9867,42,171.00,0.107922
3243,1000,0.50,500,2,330,1.0229,43,6183.00,0.196342
3244,1000,0.50,500,2,330,1.0073,44,6236.00,0.203099
3245,1000,0.50,500,2,330,1.0071,45,2220.00,0.296173
3246,1000,0.50,500,2,330,0.9948,46,6137.00,0.284751
3247,1000,0.50,500,2,330,1.0308,47,6277.00,0.090442
3248,1000,0.50,500,2,330,1.0331,48,6229.00,0.157436
3249,1000,0.50,500,2,330,0.9921,49,6171.00,0.072071
3250,1000,0.50,500,2,330,1.0212,50,6369.00,0.239483
3251,1000,0.50,500,2,330,1.0339,51,6300.00,0.165266
3252,1000,0.50,500,2,330,1.0035,52,6279.00,0.362400
3253,1000,0.50,500,2,330,0.9266,53,6129.00,0.137686
3254,1000,0.50,500,2,330,0.9825,54,5186.00,0.428029
3255,1000,0.50,500,2,330,1.0343,55,6084.00,0.134326
3256,1000,0.50,500,2,330,1.0054,56,6193.00,0.064239
3257,1000,0.50,500,2,330,0.9949,57,564.00,0.409679
3258,1000,0.50,500,2,330,1.0486,58,6295.00,0.228226
3259,1000,0.50,500,2,330,1.0300,59,3464.00,0.224208
3260,1000,0.50,500,2,330,1.0146,60,6442.00,0.074967
3261,1000,0.50,500,2,330,0.9979,61,5197.00,0.314890
3262,1000,0.50,500,2,330,0.9687,62,5920.00,0.181380
3263,1000,0.50,500,2,330,1.0399,63,525.00,0.111164
3264,1000,0.50,500,2,330,0.9983,64,6360.00,0.018191
3265,1000,0.50,500,2,330,1.0088,65,5998.00,0.163125
3266,1000,0.50,500,2,330,1.0882,66,1009.00,0.399654
3267,1000,0.50,500,2,330,0.9937,67,6418.00,0.176614
3268,1000,0.50,500,2,330,0.9843,68,759.00,0.152622
3269,1000,0.50,500,2,330,0.9454,69,6095.00,0.304538
3270,1000,0.50,500,2,330,0.9684,70,6191.00,0.328678
3271,1000,0.50,500,2,330,1.0067,71,6254.00,0.133102
3272,1000,0.50,500,2,330,1.0421,72,6080.00,0.297496
3273,1000,0.50,500,2,330,0.9570,73,6060.00,0.162829
3274,1000,0.50,500,2,330,1.0746,74,1317.00,0.492934
3275,1000,0.50,500,2,330,1.0002,75,246.00,0.176841
3276,1000,0.50,500,2,330,0.9742,76,6172.00,0.228454
3277,1000,0.50,500,2,330,1.0206,77,2486.00,0.194173
3278,1000,0.50,500,2,330,1.0378,78,583.00,0.092828
3279,1000,0.50,500,2,330,1.0309,79,6209.00,0.157087
3280,1000,0.50,500,2,330,1.0326,80,6538.00,0.274470
3281,1000,0.50,500,2,330,1.0035,81,6410.00,0.144470
3282,1000,0.50,500,2,330,1.0245,82,1661.00,0.492391
3283,1000,0.50,500,2,330,0.9905,83,6303.00,0.096634
3284,1000,0.50,500,2,330,0.9614,84,6055.00,0.146889
3285,1000,0.50,500,2,330,0.9692,85,6262.00,0.248805
3286,1000,0.50,500,2,330,1.0077,86,6247.00,0.108099
3287,1000,0.50,500,2,330,0.9871,87,6393.00,0.196909
3288,1000,0.50,500,2,330,1.0022,88,6581.00,0.196838
3289,1000,0.50,500,2,330,0.9914,89,6332.00,0.102483
3290,1000,0.50,500,2,330,0.9512,90,6202.00,0.143649
3291,1000,0.50,500,2,330,0.9857,91,6389.00,0.142033
3292,1000,0.50,500,2,330,0.9929,92,6137.00,0.071815
3293,1000,0.50,500,2,330,0.9820,93,6094.00,0.246557
3294,1000,0.50,500,2,330,0.9993,94,6408.00,0.358817
3295,1000,0.50,500,2,330,0.9805,95,6083.00,0.295113
3296,1000,0.50,500,2,330,0.9929,96,6258.00,0.181144
3297,1000,0.50,500,2,330,0.9553,97,6212.00,0.092572
3298,1000,0.50,500,2,330,1.0496,98,1005.00,0.262248
3299,1000,0.50,500,2,330,0.9759,99,6183.00,0.275865
3300,1000,0.50,500,2,340,1.0055,0,6504.00,0.175025
3301,1000,0.50,500,2,340,1.0133,1,6507.00,0.174107
3302,1000,0.50,500,2,340,1.0720,2,450.00,0.301066
3303,1000,0.50,500,2,340,1.0239,3,556.00,0.296583
3304,1000,0.50,500,2,340,0.9771,4,6268.00,0.245973
3305,1000,0.50,500,2,340,0.9958,5,6477.00,0.242451
3306,1000,0.50,500,2,340,1.0583,6,6386.00,0.108980
3307,1000,0.50,500,2,340,1.0126,7,6386.00,0.387130
3308,1000,0.50,500,2,340,0.9466,8,6419.00,0.350233
3309,1000,0.50,500,2,340,1.0434,9,6481.00,0.212810
3310,1000,0.50,500,2,340,1.0047,10,6494.00,0.219065
3311,1000,0.50,500,2,340,1.0233,11,5644.00,0.153277
3312,1000,0.50,500,2,340,1.0495,12,6414.00,0.594883
3313,1000,0.50,500,2,340,1.0254,13,6439.00,0.428077
3314,1000,0.50,500,2,340,0.9589,14,6468.00,0.096613
3315,1000,0.50,500,2,340,0.9600,15,6494.00,0.116524
3316,1000,0.50,500,2,340,0.9854,16,6300.00,0.265368
3317,1000,0.50,500,2,340,0.9782,17,6312.00,0.278643
3318,1000,0.50,500,2,340,0.9700,18,4344.00,0.139326
3319,1000,0.50,500,2,340,1.0704,19,2745.00,0.273702
3320,1000,0.50,500,2,340,0.9559,20,6346.00,0.368799
3321,1000,0.50,500,2,340,0.9573,21,6607.00,0.088568
3322,1000,0.50,500,2,340,0.9453,22,6375.00,0.191071
3323,1000,0.50,500,2,340,0.9859,23,6370.00,0.046300
3324,1000,0.50,500,2,340,1.0281,24,6420.00,0.198255
3325,1000,0.50,500,2,340,1.0034,25,6675.00,0.258489
3326,1000,0.50,500,2,340,1.0338,26,1544.00,0.318171
3327,1000,0.50,500,2,340,0.9360,27,6399.00,0.028842
3328,1000,0.50,500,2,340,1.0297,28,2517.00,0.338521
3329,1000,0.50,500,2,340,1.0481,29,4488.00,0.240168
3330,1000,0.50,500,2,340,0.9838,30,6684.00,0.221365
3331,1000,0.50,500,2,340,0.9649,31,6469.00,0.376187
3332,1000,0.50,500,2,340,1.0251,32,1046.00,0.235432
3333,1000,0.50,500,2,340,0.9758,33,2014.00,0.138364
3334,1000,0.50,500,2,340,1.0259,34,6298.00,0.278145
3335,1000,0.50,500,2,340,0.9940,35,3558.00,0.289469
3336,1000,0.50,500,2,340,0.9942,36,6287.00,0.060272
3337,1000,0.50,500,2,340,0.9852,37,6416.00,0.110918
3338,1000,0.50,500,2,340,0.9862,38,6610.00,0.795064
3339,1000,0.50,500,2,340,0.9878,39,6381.00,0.078173
3340,1000,0.50,500,2,340,0.9513,40,6518.00,0.152909
3341,1000,0.50,500,2,340,0.9965,41,6476.00,0.139371
3342,1000,0.50,500,2,340,0.9555,42,6601.00,0.204857
3343,1000,0.50,500,2,340,0.9595,43,6466.00,0.274714
3344,1000,0.50,500,2,340,0.9575,44,6179.00,0.083362
3345,1000,0.50,500,2,340,0.9401,45,6322.00,0.182830
3346,1000,0.50,500,2,340,1.0431,46,6522.00,0.275822
3347,1000,0.50,500,2,340,0.9440,47,6270.00,0.456415
3348,1000,0.50,500,2,340,1.0072,48,6528.00,0.429124
3349,1000,0.50,500,2,340,0.9769,49,6330.00,0.083551
3350,1000,0.50,500,2,340,0.9794,50,6387.00,0.327535
3351,1000,0.50,500,2,340,1.0194,51,6458.00,0.247546
3352,1000,0.50,500,2,340,0.9492,52,6157.00,0.178741
3353,1000,0.50,500,2,340,1.0277,53,3904.00,0.134437
3354,1000,0.50,500,2,340,0.9851,54,6126.00,0.045071
3355,1000,0.50,500,2,340,0.9872,55,6469.00,0.074496
3356,1000,0.50,500,2,340,0.9431,56,6272.00,0.132633
3357,1000,0.50,500,2,340,1.0234,57,6550.00,0.601218
3358,1000,0.50,500,2,340,1.0133,58,6447.00,0.306932
3359,1000,0.50,500,2,340,0.9275,59,6639.00,0.034520
3360,1000,0.50,500,2,340,0.9372,60,6425.00,0.192186
3361,1000,0.50,500,2,340,0.9795,61,6363.00,0.134310
3362,1000,0.50,500,2,340,0.9665,62,6651.00,0.459031
3363,1000,0.50,500,2,340,1.0021,63,5379.00,0.212951
3364,1000,0.50,500,2,340,0.9837,64,6339.00,0.229922
3365,1000,0.50,500,2,340,0.9402,65,6403.00,0.365453
3366,1000,0.50,500,2,340,1.0354,66,6552.00,0.159402
3367,1000,0.50,500,2,340,1.0056,67,2238.00,0.197875
3368,1000,0.50,500,2,340,1.0235,68,6512.00,0.178370
3369,1000,0.50,500,2,340,0.9948,69,6332.00,0.082792
3370,1000,0.50,500,2,340,1.0143,70,2399.00,0.402332
3371,1000,0.50,500,2,340,0.9562,71,6591.00,0.098093
3372,1000,0.50,500,2,340,1.0410,72,6573.00,0.313342
3373,1000,0.50,500,2,340,1.0011,73,6637.00,0.062809
3374,1000,0.50,500,2,340,1.0379,74,6771.00,0.715195
3375,1000,0.50,500,2,340,0.9659,75,6668.00,0.340686
3376,1000,0.50,500,2,340,1.0070,76,6498.00,0.218461
3377,1000,0.50,500,2,340,0.9857,77,6646.00,0.546659
3378,1000,0.50,500,2,340,0.9816,78,742.00,0.128849
3379,1000,0.50,500,2,340,0.9812,79,6456.00,0.183326
3380,1000,0.50,500,2,340,0.9578,80,6512.00,0.131362
3381,1000,0.50,500,2,340,0.9586,81,6351.00,0.282552
3382,1000,0.50,500,2,340,1.0328,82,6701.00,0.348863
3383,1000,0.50,500,2,340,1.0607,83,6452.00,0.527817
3384,1000,0.50,500,2,340,0.9905,84,6737.00,0.309671
3385,1000,0.50,500,2,340,0.9831,85,6579.00,0.244906
3386,1000,0.50,500,2,340,1.0390,86,6465.00,0.118361
3387,1000,0.50,500,2,340,0.9511,87,6484.00,0.281334
3388,1000,0.50,500,2,340,0.9578,88,6222.00,0.276915
3389,1000,0.50,500,2,340,1.0206,89,6410.00,0.188575
3390,1000,0.50,500,2,340,0.9919,90,6557.00,0.240968
3391,1000,0.50,500,2,340,1.0092,91,42.00,0.573866
3392,1000,0.50,500,2,340,0.9624,92,6166.00,0.309394
3393,1000,0.50,500,2,340,0.9867,93,6329.00,0.122025
3394,1000,0.50,500,2,340,1.0232,94,2167.00,0.100089
3395,1000,0.50,500,2,340,0.9525,95,6396.00,0.171813
3396,1000,0.50,500,2,340,1.0874,96,852.00,0.244348
3397,1000,0.50,500,2,340,0.9689,97,6668.00,0.243624
3398,1000,0.50,500,2,340,0.9908,98,6263.00,0.225559
3399,1000,0.50,500,2,340,1.0261,99,6507.00,0.248699
3400,1000,0.50,500,2,350,0.9507,0,6609.00,0.109191
3401,1000,0.50,500,2,350,1.0016,1,316.00,0.418078
3402,1000,0.50,500,2,350,0.8899,2,6703.00,0.102077
3403,1000,0.50,500,2,350,0.9747,3,3122.00,0.226615
3404,1000,0.50,500,2,350,0.9529,4,6526.00,0.128482
3405,1000,0.50,500,2,350,0.9591,5,6853.00,0.317928
3406,1000,0.50,500,2,350,0.9802,6,6701.00,0.189362
3407,1000,0.50,500,2,350,0.9841,7,6820.00,0.072095
3408,1000,0.50,500,2,350,0.9947,8,6685.00,0.247130
3409,1000,0.50,500,2,350,0.9680,9,6814.00,0.385184
3410,1000,0.50,500,2,350,1.0337,10,6633.00,0.228314
3411,1000,0.50,500,2,350,1.0270,11,267.00,0.329599
3412,1000,0.50,500,2,350,1.0227,12,6616.00,0.124135
3413,1000,0.50,500,2,350,0.9810,13,6609.00,0.331188
3414,1000,0.50,500,2,350,0.9900,14,6715.00,0.379447
3415,1000,0.50,500,2,350,0.9970,15,6666.00,0.318092
3416,1000,0.50,500,2,350,0.9285,16,6630.00,0.155906
3417,1000,0.50,500,2,350,0.9621,17,6643.00,0.122406
3418,1000,0.50,500,2,350,0.9718,18,6475.00,0.117638
3419,1000,0.50,500,2,350,0.9499,19,6766.00,0.354887
3420,1000,0.50,500,2,350,0.9805,20,6626.00,0.491608
3421,1000,0.50,500,2,350,0.9403,21,6568.00,0.047678
3422,1000,0.50,500,2,350,0.9680,22,6696.00,0.147253
3423,1000,0.50,500,2,350,0.9376,23,6736.00,0.262087
3424,1000,0.50,500,2,350,1.0526,24,6588.00,0.318803
3425,1000,0.50,500,2,350,1.0420,25,1213.00,0.339349
3426,1000,0.50,500,2,350,0.9806,26,6578.00,0.142859
3427,1000,0.50,500,2,350,1.0238,27,6585.00,0.204740
3428,1000,0.50,500,2,350,1.0127,28,6606.00,0.165327
3429,1000,0.50,500,2,350,1.0066,29,6595.00,0.367448
3430,1000,0.50,500,2,350,0.9683,30,6625.00,0.365073
3431,1000,0.50,500,2,350,1.0192,31,6911.00,0.297957
3432,1000,0.50,500,2,350,0.9980,32,6748.00,0.275265
3433,1000,0.50,500,2,350,0.9972,33,6548.00,0.165695
3434,1000,0.50,500,2,350,0.9683,34,6578.00,0.054227
3435,1000,0.50,500,2,350,0.9802,35,6450.00,0.258424
3436,1000,0.50,500,2,350,0.9662,36,6768.00,0.169582
3437,1000,0.50,500,2,350,1.0301,37,4276.00,0.191042
3438,1000,0.50,500,2,350,0.9852,38,6645.00,0.101568
3439,1000,0.50,500,2,350,1.0551,39,764.00,0.288337
3440,1000,0.50,500,2,350,0.9712,40,6607.00,0.151046
3441,1000,0.50,500,2,350,1.0179,41,6800.00,0.126946
3442,1000,0.50,500,2,350,0.9715,42,6801.00,0.130905
3443,1000,0.50,500,2,350,1.0129,43,6673.00,0.083035
3444,1000,0.50,500,2,350,1.0143,44,6677.00,0.100704
3445,1000,0.50,500,2,350,1.0204,45,5170.00,0.596525
3446,1000,0.50,500,2,350,0.9946,46,6873.00,0.282575
3447,1000,0.50,500,2,350,1.0566,47,900.00,0.123668
3448,1000,0.50,500,2,350,0.9969,48,6587.00,0.336490
3449,1000,0.50,500,2,350,1.0003,49,6564.00,0.123011
3450,1000,0.50,500,2,350,1.0559,50,6638.00,0.285701
3451,1000,0.50,500,2,350,1.0434,51,1395.00,0.314809
3452,1000,0.50,500,2,350,1.0440,52,4126.00,0.169727
3453,1000,0.50,500,2,350,1.1083,53,543.00,0.633900
3454,1000,0.50,500,2,350,0.9989,54,6559.00,0.158702
3455,1000,0.50,500,2,350,0.9714,55,6549.00,0.127009
3456,1000,0.50,500,2,350,1.0315,56,6750.00,0.215377
3457,1000,0.50,500,2,350,0.9450,57,6560.00,0.165248
3458,1000,0.50,500,2,350,1.0190,58,81.00,0.263865
3459,1000,0.50,500,2,350,0.9708,59,6574.00,0.151633
3460,1000,0.50,500,2,350,1.0330,60,6650.00,0.197986
3461,1000,0.50,500,2,350,0.9844,61,6455.00,0.198797
3462,1000,0.50,500,2,350,1.0179,62,6604.00,0.166844
3463,1000,0.50,500,2,350,1.0045,63,5125.00,0.218186
3464,1000,0.50,500,2,350,0.9816,64,6847.00,0.356552
3465,1000,0.50,500,2,350,1.0255,65,6574.00,0.171572
3466,1000,0.50,500,2,350,0.9516,66,6549.00,0.114168
3467,1000,0.50,500,2,350,0.9381,67,6796.00,0.287983
3468,1000,0.50,500,2,350,0.9881,68,1781.00,0.257880
3469,1000,0.50,500,2,350,0.9999,69,6460.00,0.282580
3470,1000,0.50,500,2,350,1.0156,70,6380.00,0.483327
3471,1000,0.50,500,2,350,1.0356,71,3300.00,0.151568
3472,1000,0.50,500,2,350,0.9957,72,6742.00,0.188035
3473,1000,0.50,500,2,350,0.9782,73,6439.00,0.405620
3474,1000,0.50,500,2,350,1.0532,74,6678.00,0.238432
3475,1000,0.50,500,2,350,0.9840,75,6665.00,0.096555
3476,1000,0.50,500,2,350,1.0276,76,6917.00,0.062857
3477,1000,0.50,500,2,350,0.9831,77,6492.00,0.052328
3478,1000,0.50,500,2,350,0.9703,78,3831.00,0.186348
3479,1000,0.50,500,2,350,1.0088,79,438.00,0.264159
3480,1000,0.50,500,2,350,1.0563,80,901.00,0.239124
3481,1000,0.50,500,2,350,0.9457,81,6378.00,0.125098
3482,1000,0.50,500,2,350,0.9536,82,6797.00,0.272913
3483,1000,0.50,500,2,350,0.9329,83,6316.00,0.059017
3484,1000,0.50,500,2,350,0.9987,84,6476.00,0.184573
3485,1000,0.50,500,2,350,0.9822,85,6351.00,0.218981
3486,1000,0.50,500,2,350,0.9914,86,6550.00,0.115666
3487,1000,0.50,500,2,350,1.0262,87,4671.00,0.417341
3488,1000,0.50,500,2,350,0.9917,88,2310.00,0.263184
3489,1000,0.50,500,2,350,1.0144,89,1434.00,0.162764
3490,1000,0.50,500,2,350,0.9915,90,6857.00,0.632708
3491,1000,0.50,500,2,350,1.0220,91,6721.00,0.210066
3492,1000,0.50,500,2,350,1.0155,92,6688.00,0.480724
3493,1000,0.50,500,2,350,0.9938,93,6620.00,0.062060
3494,1000,0.50,500,2,350,0.9400,94,6606.00,0.146562
3495,1000,0.50,500,2,350,0.9283,95,6676.00,0.081435
3496,1000,0.50,500,2,350,0.9861,96,1139.00,0.232249
3497,1000,0.50,500,2,350,0.9511,97,1410.00,0.378273
3498,1000,0.50,500,2,350,1.0269,98,6684.00,0.212930
3499,1000,0.50,500,2,350,1.0111,99,1257.00,0.675854
3500,1000,0.50,500,2,360,1.0129,0,6983.00,0.516952
3501,1000,0.50,500,2,360,0.9762,1,6655.00,0.050493
3502,1000,0.50,500,2,360,0.9606,2,6845.00,0.206789
3503,1000,0.50,500,2,360,0.9992,3,7175.00,0.137553
3504,1000,0.50,500,2,360,0.9681,4,6952.00,0.195975
3505,1000,0.50,500,2,360,1.0046,5,7053.00,0.306727
3506,1000,0.50,500,2,360,0.9612,6,6886.00,0.089736
3507,1000,0.50,500,2,360,1.0018,7,7107.00,0.291698
3508,1000,0.50,500,2,360,1.0012,8,5813.00,0.152951
3509,1000,0.50,500,2,360,1.0067,9,6951.00,0.214714
3510,1000,0.50,500,2,360,0.9505,10,7072.00,0.340857
3511,1000,0.50,500,2,360,0.9856,11,6890.00,0.229432
3512,1000,0.50,500,2,360,0.9712,12,2716.00,0.351614
3513,1000,0.50,500,2,360,0.9925,13,6760.00,0.331409
3514,1000,0.50,500,2,360,1.0149,14,676.00,0.220805
3515,1000,0.50,500,2,360,1.0130,15,6697.00,0.082402
3516,1000,0.50,500,2,360,0.9968,16,6768.00,0.104991
3517,1000,0.50,500,2,360,0.9970,17,2056.00,0.293746
3518,1000,0.50,500,2,360,0.9815,18,6770.00,0.075414
3519,1000,0.50,500,2,360,0.9843,19,6780.00,0.296802
3520,1000,0.50,500,2,360,1.0305,20,7141.00,0.295409
3521,1000,0.50,500,2,360,0.9991,21,3144.00,0.191480
3522,1000,0.50,500,2,360,0.9861,22,7049.00,0.171682
3523,1000,0.50,500,2,360,1.0634,23,5383.00,0.427999
3524,1000,0.50,500,2,360,0.9487,24,6754.00,0.100918
3525,1000,0.50,500,2,360,0.9629,25,6987.00,0.042766
3526,1000,0.50,500,2,360,0.9679,26,6778.00,0.164697
3527,1000,0.50,500,2,360,0.9848,27,6673.00,0.142502
3528,1000,0.50,500,2,360,1.0016,28,6795.00,0.125764
3529,1000,0.50,500,2,360,0.9996,29,6859.00,0.164781
3530,1000,0.50,500,2,360,0.9912,30,6781.00,0.232149
3531,1000,0.50,500,2,360,0.9788,31,6751.00,0.134179
3532,1000,0.50,500,2,360,0.9530,32,6919.00,0.184482
3533,1000,0.50,500,2,360,1.0524,33,6950.00,0.310475
3534,1000,0.50,500,2,360,1.0246,34,777.00,0.740228
3535,1000,0.50,500,2,360,1.0151,35,6668.00,0.123358
3536,1000,0.50,500,2,360,1.0085,36,6745.00,0.282434
3537,1000,0.50,500,2,360,1.0193,37,6922.00,0.314861
3538,1000,0.50,500,2,360,1.0188,38,2932.00,0.148573
3539,1000,0.50,500,2,360,0.9433,39,6816.00,0.273253
3540,1000,0.50,500,2,360,0.9788,40,6882.00,0.354038
3541,1000,0.50,500,2,360,1.0187,41,975.00,0.255762
3542,1000,0.50,500,2,360,1.0055,42,1160.00,0.141134
3543,1000,0.50,500,2,360,0.9925,43,7033.00,0.566520
3544,1000,0.50,500,2,360,0.9820,44,6965.00,0.256965
3545,1000,0.50,500,2,360,1.0894,45,6801.00,0.200150
3546,1000,0.50,500,2,360,0.9968,46,124.00,0.135532
3547,1000,0.50,500,2,360,1.0092,47,6771.00,0.118331
3548,1000,0.50,500,2,360,0.9637,48,6823.00,0.316708
3549,1000,0.50,500,2,360,0.9661,49,6763.00,0.075513
3550,1000,0.50,500,2,360,0.9813,50,6910.00,0.196288
3551,1000,0.50,500,2,360,0.9922,51,1660.00,0.307092
3552,1000,0.50,500,2,360,0.9784,52,6799.00,0.237553
3553,1000,0.50,500,2,360,0.9756,53,6798.00,0.246385
3554,1000,0.50,500,2,360,0.9782,54,6652.00,0.173585
3555,1000,0.50,500,2,360,1.0236,55,6892.00,0.158810
3556,1000,0.50,500,2,360,1.0020,56,6751.00,0.209028
3557,1000,0.50,500,2,360,0.9808,57,7124.00,0.939328
3558,1000,0.50,500,2,360,1.0287,58,6737.00,0.373585
3559,1000,0.50,500,2,360,1.0038,59,6835.00,0.293562
3560,1000,0.50,500,2,360,0.9925,60,6805.00,0.351699
3561,1000,0.50,500,2,360,0.9963,61,6824.00,0.405495
3562,1000,0.50,500,2,360,0.9903,62,6705.00,0.229796
3563,1000,0.50,500,2,360,1.0008,63,2996.00,0.145488
3564,1000,0.50,500,2,360,1.0110,64,203.00,0.289020
3565,1000,0.50,500,2,360,0.9692,65,6866.00,0.286005
3566,1000,0.50,500,2,360,0.9819,66,6702.00,0.289688
3567,1000,0.50,500,2,360,1.0081,67,6862.00,0.314833
3568,1000,0.50,500,2,360,1.0312,68,7117.00,0.223084
3569,1000,0.50,500,2,360,1.0500,69,2960.00,0.055709
3570,1000,0.50,500,2,360,0.9439,70,6910.00,0.341477
3571,1000,0.50,500,2,360,1.0360,71,6917.00,0.220538
3572,1000,0.50,500,2,360,0.9857,72,6806.00,0.233585
3573,1000,0.50,500,2,360,1.0197,73,6480.00,0.083941
3574,1000,0.50,500,2,360,0.9556,74,6747.00,0.170594
3575,1000,0.50,500,2,360,1.0299,75,6840.00,0.348301
3576,1000,0.50,500,2,360,1.0585,76,2770.00,0.451210
3577,1000,0.50,500,2,360,0.9705,77,6886.00,0.206421
3578,1000,0.50,500,2,360,0.9798,78,6699.00,0.085529
3579,1000,0.50,500,2,360,1.0290,79,6934.00,0.278752
3580,1000,0.50,500,2,360,0.9739,80,6690.00,0.149153
3581,1000,0.50,500,2,360,0.9929,81,6684.00,0.257310
3582,1000,0.50,500,2,360,1.0570,82,226.00,0.393387
3583,1000,0.50,500,2,360,0.9932,83,6914.00,0.258170
3584,1000,0.50,500,2,360,1.0700,84,6938.00,0.234549
3585,1000,0.50,500,2,360,0.9979,85,6763.00,0.087349
3586,1000,0.50,500,2,360,1.0234,86,6910.00,0.191876
3587,1000,0.50,500,2,360,1.0158,87,6742.00,0.352004
3588,1000,0.50,500,2,360,0.9443,88,6994.00,0.118930
3589,1000,0.50,500,2,360,0.9963,89,6783.00,0.109933
3590,1000,0.50,500,2,360,1.0487,90,383.00,0.181929
3591,1000,0.50,500,2,360,0.9751,91,6712.00,0.109173
3592,1000,0.50,500,2,360,0.9981,92,6874.00,0.091910
3593,1000,0.50,500,2,360,0.9903,93,6937.00,0.152541
3594,1000,0.50,500,2,360,1.0683,94,4120.00,0.456589
3595,1000,0.50,500,2,360,0.9379,95,6845.00,0.108111
3596,1000,0.50,500,2,360,0.9926,96,6771.00,0.070484
3597,1000,0.50,500,2,360,0.9888,97,3197.00,0.478672
3598,1000,0.50,500,2,360,0.9636,98,6575.00,0.208950
3599,1000,0.50,500,2,360,1.0302,99,6978.00,0.231250
3600,1000,0.50,500,2,370,0.9417,0,6896.00,0.226060
3601,1000,0.50,500,2,370,1.0544,1,6845.00,0.207697
3602,1000,0.50,500,2,370,0.9872,2,3373.00,0.216408
3603,1000,0.50,500,2,370,0.9887,3,7073.00,0.117304
3604,1000,0.50,500,2,370,0.9386,4,7186.00,0.117952
3605,1000,0.50,500,2,370,0.9521,5,6980.00,0.196278
3606,1000,0.50,500,2,370,1.0494,6,6966.00,0.172464
3607,1000,0.50,500,2,370,1.0088,7,7007.00,0.256604
3608,1000,0.50,500,2,370,0.9540,8,6817.00,0.113192
3609,1000,0.50,500,2,370,1.0341,9,7019.00,0.181402
3610,1000,0.50,500,2,370,1.0019,10,7057.00,0.175347
3611,1000,0.50,500,2,370,1.0062,11,6988.00,0.325812
3612,1000,0.50,500,2,370,0.9720,12,6511.00,0.236424
3613,1000,0.50,500,2,370,0.9418,13,6850.00,0.506937
3614,1000,0.50,500,2,370,0.9646,14,7170.00,0.118613
3615,1000,0.50,500,2,370,1.0296,15,1226.00,0.198175
3616,1000,0.50,500,2,370,1.0166,16,4873.00,0.304033
3617,1000,0.50,500,2,370,0.9473,17,7006.00,0.376679
3618,1000,0.50,500,2,370,1.0178,18,6898.00,0.204052
3619,1000,0.50,500,2,370,1.0087,19,7068.00,0.168749
3620,1000,0.50,500,2,370,0.9478,20,7047.00,0.004584
3621,1000,0.50,500,2,370,0.9985,21,272.00,0.142059
3622,1000,0.50,500,2,370,1.0171,22,7100.00,0.090382
3623,1000,0.50,500,2,370,1.0710,23,2739.00,0.158734
3624,1000,0.50,500,2,370,0.9178,24,7019.00,0.146837
3625,1000,0.50,500,2,370,0.9647,25,6927.00,0.119107
3626,1000,0.50,500,2,370,0.9921,26,575.00,0.266751
3627,1000,0.50,500,2,370,0.9917,27,6927.00,0.374121
3628,1000,0.50,500,2,370,1.0319,28,643.00,0.591609
3629,1000,0.50,500,2,370,0.9994,29,6835.00,0.138475
3630,1000,0.50,500,2,370,1.0261,30,6862.00,0.176480
3631,1000,0.50,500,2,370,0.9951,31,7163.00,0.129013
3632,1000,0.50,500,2,370,1.0476,32,6886.00,0.290636
3633,1000,0.50,500,2,370,1.0095,33,4446.00,0.346737
3634,1000,0.50,500,2,370,1.0304,34,6094.00,0.134308
3635,1000,0.50,500,2,370,0.9533,35,6732.00,0.101194
3636,1000,0.50,500,2,370,0.9617,36,6925.00,0.135019
3637,1000,0.50,500,2,370,1.0348,37,38.00,0.120899
3638,1000,0.50,500,2,370,0.9868,38,6819.00,0.266393
3639,1000,0.50,500,2,370,0.9852,39,7068.00,0.153885
3640,1000,0.50,500,2,370,1.0432,40,7224.00,0.248533
3641,1000,0.50,500,2,370,1.0116,41,7182.00,0.457789
3642,1000,0.50,500,2,370,0.9293,42,6937.00,0.154515
3643,1000,0.50,500,2,370,0.9562,43,6976.00,0.257740
3644,1000,0.50,500,2,370,0.9846,44,6962.00,0.099405
3645,1000,0.50,500,2,370,0.9966,45,6961.00,0.230660
3646,1000,0.50,500,2,370,0.9754,46,7042.00,0.268172
3647,1000,0.50,500,2,370,0.9905,47,7161.00,0.396500
3648,1000,0.50,500,2,370,0.9784,48,6842.00,0.361931
3649,1000,0.50,500,2,370,0.9719,49,6935.00,0.663582
3650,1000,0.50,500,2,370,1.0030,50,7085.00,0.325141
3651,1000,0.50,500,2,370,0.9365,51,7010.00,0.320202
3652,1000,0.50,500,2,370,0.9953,52,6894.00,0.043819
3653,1000,0.50,500,2,370,0.9665,53,7231.00,0.279073
3654,1000,0.50,500,2,370,0.9346,54,6950.00,0.156080
3655,1000,0.50,500,2,370,1.0148,55,912.00,0.276202
3656,1000,0.50,500,2,370,1.0478,56,614.00,0.137217
3657,1000,0.50,500,2,370,1.0226,57,6719.00,0.245111
3658,1000,0.50,500,2,370,1.0288,58,1019.00,0.289133
3659,1000,0.50,500,2,370,0.9949,59,3581.00,0.275123
3660,1000,0.50,500,2,370,0.9666,60,6993.00,0.238331
3661,1000,0.50,500,2,370,0.9435,61,6998.00,0.262436
3662,1000,0.50,500,2,370,0.9923,62,1658.00,0.376746
3663,1000,0.50,500,2,370,0.9793,63,4946.00,0.220204
3664,1000,0.50,500,2,370,1.0263,64,163.00,0.170588
3665,1000,0.50,500,2,370,1.0021,65,6795.00,0.191087
3666,1000,0.50,500,2,370,0.9895,66,7212.00,0.647610
3667,1000,0.50,500,2,370,1.0040,67,6987.00,0.233938
3668,1000,0.50,500,2,370,1.0280,68,7042.00,0.286398
3669,1000,0.50,500,2,370,0.9974,69,6959.00,0.103878
3670,1000,0.50,500,2,370,1.0250,70,3569.00,0.288912
3671,1000,0.50,500,2,370,1.0109,71,7050.00,0.329366
3672,1000,0.50,500,2,370,1.0275,72,748.00,0.535123
3673,1000,0.50,500,2,370,1.0198,73,7119.00,0.146505
3674,1000,0.50,500,2,370,1.0877,74,57.00,0.734678
3675,1000,0.50,500,2,370,0.9541,75,7237.00,0.452568
3676,1000,0.50,500,2,370,0.9655,76,7137.00,0.180606
3677,1000,0.50,500,2,370,0.9631,77,6857.00,0.390380
3678,1000,0.50,500,2,370,1.0360,78,7088.00,0.036691
3679,1000,0.50,500,2,370,1.0611,79,7047.00,0.208445
3680,1000,0.50,500,2,370,0.9434,80,7268.00,0.164327
3681,1000,0.50,500,2,370,1.0096,81,668.00,0.225084
3682,1000,0.50,500,2,370,0.9330,82,7049.00,0.091274
3683,1000,0.50,500,2,370,0.9366,83,6985.00,0.285902
3684,1000,0.50,500,2,370,0.9565,84,6999.00,0.214535
3685,1000,0.50,500,2,370,0.9874,85,6822.00,0.187198
3686,1000,0.50,500,2,370,0.9768,86,6950.00,0.227361
3687,1000,0.50,500,2,370,1.0068,87,7113.00,0.022128
3688,1000,0.50,500,2,370,0.9904,88,6915.00,0.154328
3689,1000,0.50,500,2,370,1.0127,89,3615.00,0.637761
3690,1000,0.50,500,2,370,1.0535,90,7071.00,0.255387
3691,1000,0.50,500,2,370,1.0783,91,4551.00,0.212853
3692,1000,0.50,500,2,370,0.9897,92,7047.00,0.170706
3693,1000,0.50,500,2,370,0.9652,93,6653.00,0.298453
3694,1000,0.50,500,2,370,1.0012,94,7079.00,0.199174
3695,1000,0.50,500,2,370,1.0059,95,7013.00,0.118298
3696,1000,0.50,500,2,370,0.9768,96,6894.00,0.157645
3697,1000,0.50,500,2,370,1.0497,97,4463.00,0.347472
3698,1000,0.50,500,2,370,1.0432,98,1794.00,0.462326
3699,1000,0.50,500,2,370,0.9358,99,6872.00,0.333772
3700,1000,0.50,500,2,380,0.9916,0,7088.00,0.219418
3701,1000,0.50,500,2,380,0.9944,1,6950.00,0.235745
3702,1000,0.50,500,2,380,0.9827,2,1012.00,0.319638
3703,1000,0.50,500,2,380,0.9594,3,7027.00,0.067702
3704,1000,0.50,500,2,380,1.0220,4,7273.00,0.376737
3705,1000,0.50,500,2,380,0.9828,5,7308.00,0.288388
3706,1000,0.50,500,2,380,1.0163,6,1517.00,0.216513
3707,1000,0.50,500,2,380,0.9596,7,7187.00,0.357271
3708,1000,0.50,500,2,380,0.9725,8,7196.00,0.106988
3709,1000,0.50,500,2,380,1.0234,9,7332.00,0.218715
3710,1000,0.50,500,2,380,1.0215,10,5112.00,0.152513
3711,1000,0.50,500,2,380,0.9356,11,7245.00,0.177662
3712,1000,0.50,500,2,380,0.9889,12,7406.00,0.408123
3713,1000,0.50,500,2,380,0.9202,13,6982.00,0.157497
3714,1000,0.50,500,2,380,1.0199,14,7196.00,0.072399
3715,1000,0.50,500,2,380,0.9549,15,7261.00,0.195356
3716,1000,0.50,500,2,380,0.9446,16,2202.00,0.162687
3717,1000,0.50,500,2,380,1.0494,17,1171.00,0.472599
3718,1000,0.50,500,2,380,1.0341,18,7229.00,0.222003
3719,1000,0.50,500,2,380,1.0036,19,6976.00,0.005267
3720,1000,0.50,500,2,380,0.9892,20,7231.00,0.149287
3721,1000,0.50,500,2,380,0.9658,21,7171.00,0.109437
3722,1000,0.50,500,2,380,1.0176,22,7117.00,0.249305
3723,1000,0.50,500,2,380,1.0047,23,7375.00,0.209268
3724,1000,0.50,500,2,380,1.0158,24,7172.00,0.172028
3725,1000,0.50,500,2,380,0.9776,25,7248.00,0.174446
3726,1000,0.50,500,2,380,1.0116,26,7236.00,0.188535
3727,1000,0.50,500,2,380,1.0479,27,7394.00,0.123290
3728,1000,0.50,500,2,380,0.9538,28,239.00,0.384751
3729,1000,0.50,500,2,380,1.0451,29,972.00,0.285739
3730,1000,0.50,500,2,380,1.0525,30,1344.00,0.161075
3731,1000,0.50,500,2,380,1.0013,31,2435.00,0.202010
3732,1000,0.50,500,2,380,0.9385,32,7355.00,0.545508
3733,1000,0.50,500,2,380,1.0061,33,7111.00,0.287441
3734,1000,0.50,500,2,380,0.9684,34,6742.00,0.236793
3735,1000,0.50,500,2,380,0.9098,35,7163.00,0.257756
3736,1000,0.50,500,2,380,1.0478,36,7188.00,0.151811
3737,1000,0.50,500,2,380,0.9640,37,7136.00,0.256026
3738,1000,0.50,500,2,380,0.9576,38,7371.00,0.121924
3739,1000,0.50,500,2,380,1.0055,39,5370.00,0.312880
3740,1000,0.50,500,2,380,1.0043,40,6876.00,0.123318
3741,1000,0.50,500,2,380,0.9504,41,6973.00,0.382044
3742,1000,0.50,500,2,380,0.9718,42,7252.00,0.203857
3743,1000,0.50,500,2,380,1.0198,43,1773.00,0.533761
3744,1000,0.50,500,2,380,1.0285,44,7124.00,0.140557
3745,1000,0.50,500,2,380,0.9765,45,6997.00,0.292225
3746,1000,0.50,500,2,380,1.0460,46,7137.00,0.355401
3747,1000,0.50,500,2,380,1.0087,47,2396.00,0.346387
3748,1000,0.50,500,2,380,0.9764,48,1030.00,0.178146
3749,1000,0.50,500,2,380,0.9731,49,7400.00,0.342371
3750,1000,0.50,500,2,380,0.9938,50,7165.00,0.136247
3751,1000,0.50,500,2,380,0.9734,51,7361.00,0.237512
3752,1000,0.50,500,2,380,1.0497,52,3013.00,0.124118
3753,1000,0.50,500,2,380,0.9374,53,7152.00,0.365211
3754,1000,0.50,500,2,380,1.0498,54,1258.00,0.149848
3755,1000,0.50,500,2,380,0.9970,55,7045.00,0.196099
3756,1000,0.50,500,2,380,0.9369,56,2680.00,0.143568
3757,1000,0.50,500,2,380,0.9909,57,7118.00,0.196972
3758,1000,0.50,500,2,380,0.9884,58,7154.00,0.462788
3759,1000,0.50,500,2,380,1.0049,59,7119.00,0.084139
3760,1000,0.50,500,2,380,0.9861,60,671.00,0.614442
3761,1000,0.50,500,2,380,0.9798,61,6955.00,0.170614
3762,1000,0.50,500,2,380,1.0026,62,7377.00,0.200200
3763,1000,0.50,500,2,380,1.0604,63,3310.00,0.910872
3764,1000,0.50,500,2,380,0.9502,64,7499.00,0.392790
3765,1000,0.50,500,2,380,0.9677,65,7196.00,0.242537
3766,1000,0.50,500,2,380,0.9812,66,7330.00,0.312024
3767,1000,0.50,500,2,380,0.9689,67,7061.00,0.092156
3768,1000,0.50,500,2,380,1.0730,68,310.00,0.161538
3769,1000,0.50,500,2,380,0.9844,69,7206.00,0.168300
3770,1000,0.50,500,2,380,0.9742,70,7164.00,0.275946
3771,1000,0.50,500,2,380,1.0165,71,602.00,0.179077
3772,1000,0.50,500,2,380,1.0222,72,7464.00,0.204659
3773,1000,0.50,500,2,380,1.0320,73,7036.00,0.208851
3774,1000,0.50,500,2,380,1.0384,74,6952.00,0.214549
3775,1000,0.50,500,2,380,0.9633,75,7230.00,0.104841
3776,1000,0.50,500,2,380,1.0756,76,7219.00,0.393211
3777,1000,0.50,500,2,380,0.9748,77,250.00,0.286463
3778,1000,0.50,500,2,380,0.9851,78,7141.00,0.141135
3779,1000,0.50,500,2,380,1.0022,79,7142.00,0.123582
3780,1000,0.50,500,2,380,0.9268,80,7210.00,0.222651
3781,1000,0.50,500,2,380,0.9410,81,7229.00,0.104078
3782,1000,0.50,500,2,380,0.9809,82,2130.00,0.131858
3783,1000,0.50,500,2,380,1.0121,83,7261.00,0.177312
3784,1000,0.50,500,2,380,1.0021,84,221.00,0.181185
3785,1000,0.50,500,2,380,1.0464,85,7237.00,0.184964
3786,1000,0.50,500,2,380,0.9788,86,7022.00,0.206915
3787,1000,0.50,500,2,380,1.0057,87,1419.00,0.548992
3788,1000,0.50,500,2,380,1.0274,88,6878.00,0.221090
3789,1000,0.50,500,2,380,1.0086,89,5841.00,0.174218
3790,1000,0.50,500,2,380,0.9960,90,7113.00,0.205642
3791,1000,0.50,500,2,380,1.0173,91,7241.00,0.095910
3792,1000,0.50,500,2,380,0.9712,92,7122.00,0.229331
3793,1000,0.50,500,2,380,0.9957,93,7282.00,0.312620
3794,1000,0.50,500,2,380,1.0122,94,7120.00,0.093481
3795,1000,0.50,500,2,380,1.0138,95,7106.00,0.126199
3796,1000,0.50,500,2,380,0.9515,96,7272.00,0.579796
3797,1000,0.50,500,2,380,1.0443,97,7022.00,0.263719
3798,1000,0.50,500,2,380,1.0109,98,7135.00,0.097804
3799,1000,0.50,500,2,380,0.9939,99,7231.00,0.133720
3800,1000,0.50,500,2,390,1.0099,0,6703.00,0.377169
3801,1000,0.50,500,2,390,0.9938,1,7293.00,0.123124
3802,1000,0.50,500,2,390,0.9881,2,7580.00,0.091635
3803,1000,0.50,500,2,390,0.9927,3,7424.00,0.229348
3804,1000,0.50,500,2,390,0.9715,4,7365.00,0.205134
3805,1000,0.50,500,2,390,1.0241,5,7389.00,0.464659
3806,1000,0.50,500,2,390,0.9559,6,7334.00,0.092194
3807,1000,0.50,500,2,390,0.9712,7,7447.00,0.099426
3808,1000,0.50,500,2,390,1.0183,8,7640.00,0.597845
3809,1000,0.50,500,2,390,0.9934,9,7289.00,0.416264
3810,1000,0.50,500,2,390,1.0262,10,7441.00,0.091366
3811,1000,0.50,500,2,390,1.0453,11,6423.00,0.157204
3812,1000,0.50,500,2,390,0.9823,12,7301.00,0.326042
3813,1000,0.50,500,2,390,0.9787,13,7411.00,0.100715
3814,1000,0.50,500,2,390,0.9642,14,7530.00,0.297933
3815,1000,0.50,500,2,390,0.9864,15,574.00,0.366307
3816,1000,0.50,500,2,390,0.9967,16,7374.00,0.341758
3817,1000,0.50,500,2,390,0.9881,17,7330.00,0.242998
3818,1000,0.50,500,2,390,0.9873,18,7123.00,0.165187
3819,1000,0.50,500,2,390,0.9891,19,7514.00,0.155654
3820,1000,0.50,500,2,390,0.9878,20,7332.00,0.521560
3821,1000,0.50,500,2,390,1.0032,21,7498.00,0.369745
3822,1000,0.50,500,2,390,0.9969,22,7287.00,0.183789
3823,1000,0.50,500,2,390,0.9979,23,7427.00,0.394353
3824,1000,0.50,500,2,390,1.0411,24,7238.00,0.193823
3825,1000,0.50,500,2,390,1.0614,25,2286.00,0.202266
3826,1000,0.50,500,2,390,1.0521,26,7457.00,0.128342
3827,1000,0.50,500,2,390,1.0046,27,908.00,0.128282
3828,1000,0.50,500,2,390,0.9900,28,7162.00,0.098872
3829,1000,0.50,500,2,390,1.0361,29,719.00,0.455686
3830,1000,0.50,500,2,390,1.0016,30,7469.00,0.173612
3831,1000,0.50,500,2,390,1.0378,31,342.00,0.534947
3832,1000,0.50,500,2,390,1.0399,32,5989.00,0.319009
3833,1000,0.50,500,2,390,0.9855,33,7520.00,0.310327
3834,1000,0.50,500,2,390,0.9857,34,7356.00,0.159458
3835,1000,0.50,500,2,390,0.9797,35,7310.00,0.543374
3836,1000,0.50,500,2,390,0.9651,36,7354.00,0.328534
3837,1000,0.50,500,2,390,0.9707,37,7332.00,0.193223
3838,1000,0.50,500,2,390,1.0447,38,7319.00,0.305833
3839,1000,0.50,500,2,390,0.9570,39,7337.00,0.248330
3840,1000,0.50,500,2,390,1.0537,40,673.00,0.331959
3841,1000,0.50,500,2,390,0.9958,41,7478.00,0.353943
3842,1000,0.50,500,2,390,0.9890,42,7505.00,0.363946
3843,1000,0.50,500,2,390,1.0134,43,7409.00,0.137173
3844,1000,0.50,500,2,390,0.9923,44,7322.00,0.182291
3845,1000,0.50,500,2,390,0.9610,45,7419.00,0.465474
3846,1000,0.50,500,2,390,0.9534,46,7415.00,0.240636
3847,1000,0.50,500,2,390,0.9777,47,7208.00,0.292627
3848,1000,0.50,500,2,390,1.0319,48,7228.00,0.145237
3849,1000,0.50,500,2,390,1.0030,49,7410.00,0.107903
3850,1000,0.50,500,2,390,0.9844,50,2473.00,0.179236
3851,1000,0.50,500,2,390,0.9889,51,7252.00,0.081539
3852,1000,0.50,500,2,390,1.0182,52,2684.00,0.195669
3853,1000,0.50,500,2,390,1.0143,53,210.00,0.464556
3854,1000,0.50,500,2,390,1.0366,54,4603.00,0.562679
3855,1000,0.50,500,2,390,1.0374,55,5506.00,0.478044
3856,1000,0.50,500,2,390,0.9793,56,808.00,0.606117
3857,1000,0.50,500,2,390,0.9786,57,7046.00,0.207322
3858,1000,0.50,500,2,390,0.9586,58,7417.00,0.417168
3859,1000,0.50,500,2,390,0.9866,59,7435.00,0.103184
3860,1000,0.50,500,2,390,0.9585,60,7309.00,0.315627
3861,1000,0.50,500,2,390,1.0248,61,7448.00,0.110271
3862,1000,0.50,500,2,390,1.0009,62,7502.00,0.156212
3863,1000,0.50,500,2,390,0.9767,63,7294.00,0.194496
3864,1000,0.50,500,2,390,1.0213,64,1133.00,0.371607
3865,1000,0.50,500,2,390,0.9769,65,7348.00,0.101520
3866,1000,0.50,500,2,390,0.9934,66,7546.00,0.211211
3867,1000,0.50,500,2,390,1.0066,67,7537.00,0.521625
3868,1000,0.50,500,2,390,1.0303,68,2448.00,0.156158
3869,1000,0.50,500,2,390,1.0067,69,7023.00,0.265245
3870,1000,0.50,500,2,390,0.9860,70,7543.00,0.270367
3871,1000,0.50,500,2,390,0.9781,71,7250.00,0.148446
3872,1000,0.50,500,2,390,0.9748,72,7491.00,0.173121
3873,1000,0.50,500,2,390,0.9798,73,7537.00,0.353400
3874,1000,0.50,500,2,390,1.0284,74,7557.00,0.136023
3875,1000,0.50,500,2,390,1.0088,75,7107.00,0.345720
3876,1000,0.50,500,2,390,1.0495,76,7021.00,0.119451
3877,1000,0.50,500,2,390,1.0019,77,7265.00,0.191771
3878,1000,0.50,500,2,390,0.9956,78,7552.00,0.233508
3879,1000,0.50,500,2,390,0.9791,79,3112.00,0.400135
3880,1000,0.50,500,2,390,0.9714,80,7244.00,0.096748
3881,1000,0.50,500,2,390,1.0066,81,7204.00,0.099041
3882,1000,0.50,500,2,390,0.9771,82,7574.00,0.076346
3883,1000,0.50,500,2,390,0.9993,83,8074.00,0.236566
3884,1000,0.50,500,2,390,1.0259,84,9290.00,0.294000
3885,1000,0.50,500,2,390,1.0034,85,9068.00,0.363413
3886,1000,0.50,500,2,390,0.9246,86,7448.00,0.242484
3887,1000,0.50,500,2,390,1.0104,87,871.00,0.201512
3888,1000,0.50,500,2,390,1.0092,88,7317.00,0.137473
3889,1000,0.50,500,2,390,1.0216,89,7308.00,0.182166
3890,1000,0.50,500,2,390,0.9619,90,7257.00,0.374397
3891,1000,0.50,500,2,390,0.9773,91,7220.00,0.599160
3892,1000,0.50,500,2,390,0.9852,92,7265.00,0.123769
3893,1000,0.50,500,2,390,1.0532,93,1197.00,0.422630
3894,1000,0.50,500,2,390,0.9183,94,7221.00,0.158499
3895,1000,0.50,500,2,390,1.0052,95,7477.00,0.197545
3896,1000,0.50,500,2,390,1.0076,96,7330.00,0.332662
3897,1000,0.50,500,2,390,0.9579,97,7475.00,0.275538
3898,1000,0.50,500,2,390,1.0071,98,414.00,0.123448
3899,1000,0.50,500,2,390,0.9726,99,7435.00,0.276562
3900,1000,0.50,500,2,400,0.9642,0,6206.00,0.204855
3901,1000,0.50,500,2,400,1.0256,1,7915.00,0.238791
3902,1000,0.50,500,2,400,1.0308,2,4668.00,0.326422
3903,1000,0.50,500,2,400,1.0211,3,2380.00,0.133195
3904,1000,0.50,500,2,400,1.0506,4,7652.00,0.039616
3905,1000,0.50,500,2,400,1.0275,5,7577.00,0.298283
3906,1000,0.50,500,2,400,0.9705,6,7486.00,0.498952
3907,1000,0.50,500,2,400,0.9581,7,7446.00,0.090201
3908,1000,0.50,500,2,400,1.0018,8,7509.00,0.143141
3909,1000,0.50,500,2,400,0.9807,9,1772.00,0.696470
3910,1000,0.50,500,2,400,0.9269,10,7652.00,0.136600
3911,1000,0.50,500,2,400,1.0441,11,7875.00,0.754593
3912,1000,0.50,500,2,400,0.9786,12,7403.00,0.230804
3913,1000,0.50,500,2,400,0.9552,13,7549.00,0.015579
3914,1000,0.50,500,2,400,0.9762,14,7745.00,0.127267
3915,1000,0.50,500,2,400,1.0211,15,1225.00,0.157714
3916,1000,0.50,500,2,400,0.9869,16,7506.00,0.103182
3917,1000,0.50,500,2,400,1.0737,17,425.00,0.458827
3918,1000,0.50,500,2,400,0.9898,18,128.00,0.132075
3919,1000,0.50,500,2,400,0.9793,19,7746.00,0.503564
3920,1000,0.50,500,2,400,1.0067,20,3028.00,0.197778
3921,1000,0.50,500,2,400,1.0207,21,492.00,0.515227
3922,1000,0.50,500,2,400,0.9475,22,7568.00,0.067953
3923,1000,0.50,500,2,400,0.9421,23,7826.00,0.082781
3924,1000,0.50,500,2,400,1.0659,24,4579.00,0.533997
3925,1000,0.50,500,2,400,0.9669,25,7503.00,0.104983
3926,1000,0.50,500,2,400,1.0247,26,2957.00,0.278830
3927,1000,0.50,500,2,400,1.0156,27,7467.00,0.515301
3928,1000,0.50,500,2,400,1.0300,28,767.00,0.193745
3929,1000,0.50,500,2,400,1.0306,29,7147.00,0.295572
3930,1000,0.50,500,2,400,1.0018,30,7594.00,0.238854
3931,1000,0.50,500,2,400,0.9827,31,7803.00,0.583296
3932,1000,0.50,500,2,400,1.0666,32,413.00,0.186348
3933,1000,0.50,500,2,400,1.0215,33,7317.00,0.122925
3934,1000,0.50,500,2,400,1.0255,34,823.00,0.235422
3935,1000,0.50,500,2,400,0.9765,35,7518.00,0.141166
3936,1000,0.50,500,2,400,1.0111,36,7279.00,0.274645
3937,1000,0.50,500,2,400,0.9886,37,7727.00,0.191519
3938,1000,0.50,500,2,400,1.0097,38,7335.00,0.170427
3939,1000,0.50,500,2,400,0.9989,39,7546.00,0.076374
3940,1000,0.50,500,2,400,0.9941,40,7619.00,0.431151
3941,1000,0.50,500,2,400,1.0434,41,7550.00,0.219821
3942,1000,0.50,500,2,400,1.0220,42,748.00,0.346240
3943,1000,0.50,500,2,400,1.0490,43,1147.00,0.346970
3944,1000,0.50,500,2,400,0.9145,44,7482.00,0.328345
3945,1000,0.50,500,2,400,1.0187,45,2329.00,0.194041
3946,1000,0.50,500,2,400,0.9685,46,7499.00,0.206503
3947,1000,0.50,500,2,400,1.0374,47,7456.00,0.250113
3948,1000,0.50,500,2,400,1.0292,48,7778.00,0.458054
3949,1000,0.50,500,2,400,0.9515,49,7515.00,0.394361
3950,1000,0.50,500,2,400,1.0342,50,7606.00,0.320462
3951,1000,0.50,500,2,400,0.9959,51,7578.00,0.270394
3952,1000,0.50,500,2,400,1.0038,52,7564.00,0.149546
3953,1000,0.50,500,2,400,1.0247,53,7623.00,0.157513
3954,1000,0.50,500,2,400,0.9598,54,7622.00,0.131010
3955,1000,0.50,500,2,400,0.9994,55,7546.00,0.400039
3956,1000,0.50,500,2,400,0.9764,56,7447.00,0.300926
3957,1000,0.50,500,2,400,0.9097,57,7509.00,0.063447
3958,1000,0.50,500,2,400,0.9377,58,7576.00,0.250201
3959,1000,0.50,500,2,400,1.0205,59,7547.00,0.373740
3960,1000,0.50,500,2,400,1.0481,60,7707.00,0.270143
3961,1000,0.50,500,2,400,1.0146,61,7763.00,0.103795
3962,1000,0.50,500,2,400,0.9634,62,7854.00,0.203705
3963,1000,0.50,500,2,400,1.0456,63,3252.00,0.219766
3964,1000,0.50,500,2,400,1.0024,64,7474.00,0.069690
3965,1000,0.50,500,2,400,0.9760,65,7504.00,0.189232
3966,1000,0.50,500,2,400,1.0122,66,7561.00,0.374994
3967,1000,0.50,500,2,400,1.0370,67,7281.00,0.112779
3968,1000,0.50,500,2,400,1.0404,68,7489.00,0.008983
3969,1000,0.50,500,2,400,0.9794,69,7621.00,0.152624
3970,1000,0.50,500,2,400,0.9867,70,7429.00,0.128148
3971,1000,0.50,500,2,400,1.0552,71,7526.00,0.162485
3972,1000,0.50,500,2,400,0.9946,72,7778.00,0.091603
3973,1000,0.50,500,2,400,0.9278,73,7401.00,0.138836
3974,1000,0.50,500,2,400,0.9407,74,7511.00,0.250882
3975,1000,0.50,500,2,400,0.9916,75,7492.00,0.096408
3976,1000,0.50,500,2,400,1.0290,76,7327.00,0.178995
3977,1000,0.50,500,2,400,0.9990,77,7949.00,0.281708
3978,1000,0.50,500,2,400,1.0030,78,7520.00,0.150000
3979,1000,0.50,500,2,400,0.9634,79,7819.00,0.215463
3980,1000,0.50,500,2,400,1.0007,80,7508.00,0.138299
3981,1000,0.50,500,2,400,1.0247,81,2806.00,0.299621
3982,1000,0.50,500,2,400,1.0142,82,7519.00,0.096651
3983,1000,0.50,500,2,400,1.0091,83,7758.00,0.137211
3984,1000,0.50,500,2,400,0.9952,84,7583.00,0.339352
3985,1000,0.50,500,2,400,1.0054,85,2576.00,0.218644
3986,1000,0.50,500,2,400,1.0050,86,7410.00,0.188268
3987,1000,0.50,500,2,400,0.9972,87,4562.00,0.136712
3988,1000,0.50,500,2,400,0.9590,88,7503.00,0.295066
3989,1000,0.50,500,2,400,1.0062,89,5767.00,0.249361
3990,1000,0.50,500,2,400,0.9886,90,4306.00,0.174684
3991,1000,0.50,500,2,400,0.9546,91,7619.00,0.184031
3992,1000,0.50,500,2,400,0.9785,92,7501.00,0.107835
3993,1000,0.50,500,2,400,0.9560,93,7551.00,0.286265
3994,1000,0.50,500,2,400,0.9787,94,7627.00,0.380780
3995,1000,0.50,500,2,400,0.9925,95,7391.00,0.097960
3996,1000,0.50,500,2,400,0.9987,96,7308.00,0.112676
3997,1000,0.50,500,2,400,1.0291,97,7621.00,0.264734
3998,1000,0.50,500,2,400,1.0451,98,7454.00,0.406621
3999,1000,0.50,500,2,400,1.0452,99,7724.00,0.107021
4000,1000,0.50,500,2,410,0.9325,0,7645.00,0.131069
4001,1000,0.50,500,2,410,1.0038,1,7744.00,0.383439
4002,1000,0.50,500,2,410,0.9613,2,7607.00,0.313256
4003,1000,0.50,500,2,410,0.9820,3,7359.00,0.127452
4004,1000,0.50,500,2,410,0.9940,4,7846.00,0.135177
4005,1000,0.50,500,2,410,0.9612,5,7874.00,0.316703
4006,1000,0.50,500,2,410,1.0084,6,3938.00,0.184770
4007,1000,0.50,500,2,410,1.0093,7,7819.00,0.382853
4008,1000,0.50,500,2,410,1.0072,8,7773.00,0.194175
4009,1000,0.50,500,2,410,0.9907,9,8101.00,0.113179
4010,1000,0.50,500,2,410,0.9100,10,7691.00,0.160856
4011,1000,0.50,500,2,410,1.0191,11,8053.00,0.109402
4012,1000,0.50,500,2,410,1.0362,12,8094.00,0.298874
4013,1000,0.50,500,2,410,1.0056,13,4108.00,0.092685
4014,1000,0.50,500,2,410,1.0119,14,261.00,0.156247
4015,1000,0.50,500,2,410,1.0213,15,7594.00,0.092357
4016,1000,0.50,500,2,410,1.0282,16,7691.00,0.144028
4017,1000,0.50,500,2,410,0.9442,17,7925.00,0.150287
4018,1000,0.50,500,2,410,0.9448,18,7853.00,0.130521
4019,1000,0.50,500,2,410,0.9848,19,929.00,0.186125
4020,1000,0.50,500,2,410,1.0320,20,693.00,0.154555
4021,1000,0.50,500,2,410,0.9737,21,7724.00,0.174997
4022,1000,0.50,500,2,410,1.0258,22,7879.00,0.101026
4023,1000,0.50,500,2,410,1.0375,23,7748.00,0.166083
4024,1000,0.50,500,2,410,1.0472,24,68.00,0.545629
4025,1000,0.50,500,2,410,0.9458,25,7866.00,0.170590
4026,1000,0.50,500,2,410,1.0188,26,7915.00,0.402726
4027,1000,0.50,500,2,410,0.9244,27,7611.00,0.102498
4028,1000,0.50,500,2,410,0.9868,28,802.00,0.095203
4029,1000,0.50,500,2,410,1.0457,29,2136.00,0.344701
4030,1000,0.50,500,2,410,1.0012,30,7657.00,0.467447
4031,1000,0.50,500,2,410,1.0064,31,7537.00,0.110751
4032,1000,0.50,500,2,410,1.0149,32,7577.00,0.262142
4033,1000,0.50,500,2,410,0.9508,33,7725.00,0.153270
4034,1000,0.50,500,2,410,0.9742,34,8010.00,0.359008
4035,1000,0.50,500,2,410,0.9377,35,7493.00,0.148393
4036,1000,0.50,500,2,410,1.0336,36,1379.00,0.746261
4037,1000,0.50,500,2,410,1.0144,37,7693.00,0.282943
4038,1000,0.50,500,2,410,0.9688,38,7916.00,0.094292
4039,1000,0.50,500,2,410,1.0358,39,5995.00,0.258881
4040,1000,0.50,500,2,410,1.0242,40,7577.00,0.238930
4041,1000,0.50,500,2,410,0.9708,41,7689.00,0.104958
4042,1000,0.50,500,2,410,1.0679,42,2070.00,0.271507
4043,1000,0.50,500,2,410,0.9621,43,7737.00,0.213473
4044,1000,0.50,500,2,410,1.0197,44,3271.00,0.182516
4045,1000,0.50,500,2,410,1.0412,45,3236.00,0.157393
4046,1000,0.50,500,2,410,1.0476,46,7625.00,0.132304
4047,1000,0.50,500,2,410,1.0253,47,1502.00,0.222286
4048,1000,0.50,500,2,410,1.0024,48,7755.00,0.371710
4049,1000,0.50,500,2,410,0.9893,49,3773.00,0.200899
4050,1000,0.50,500,2,410,0.9657,50,7703.00,0.622761
4051,1000,0.50,500,2,410,0.9955,51,7597.00,0.154191
4052,1000,0.50,500,2,410,1.0146,52,7892.00,0.112608
4053,1000,0.50,500,2,410,0.9483,53,7686.00,0.088968
4054,1000,0.50,500,2,410,1.0348,54,1062.00,0.206138
4055,1000,0.50,500,2,410,1.0065,55,7792.00,0.080613
4056,1000,0.50,500,2,410,0.9797,56,7716.00,0.220672
4057,1000,0.50,500,2,410,1.0163,57,7728.00,0.163907
4058,1000,0.50,500,2,410,1.0225,58,7718.00,0.163851
4059,1000,0.50,500,2,410,0.9836,59,7780.00,0.193523
4060,1000,0.50,500,2,410,0.9919,60,7671.00,0.217425
4061,1000,0.50,500,2,410,1.0417,61,7984.00,0.187318
4062,1000,0.50,500,2,410,1.0160,62,7752.00,0.273341
4063,1000,0.50,500,2,410,0.9888,63,3695.00,0.264846
4064,1000,0.50,500,2,410,1.0407,64,7626.00,0.094961
4065,1000,0.50,500,2,410,0.9953,65,7487.00,0.149889
4066,1000,0.50,500,2,410,0.9845,66,7505.00,0.282130
4067,1000,0.50,500,2,410,0.9379,67,7722.00,0.138946
4068,1000,0.50,500,2,410,0.9699,68,7918.00,0.107954
4069,1000,0.50,500,2,410,1.0184,69,5169.00,0.318918
4070,1000,0.50,500,2,410,1.0503,70,1248.00,0.129656
4071,1000,0.50,500,2,410,0.9982,71,953.00,0.280493
4072,1000,0.50,500,2,410,0.9676,72,7517.00,0.047510
4073,1000,0.50,500,2,410,1.0142,73,1197.00,0.146726
4074,1000,0.50,500,2,410,0.9745,74,7671.00,0.411449
4075,1000,0.50,500,2,410,1.0367,75,7763.00,0.225192
4076,1000,0.50,500,2,410,1.0630,76,1817.00,0.546724
4077,1000,0.50,500,2,410,1.0283,77,5498.00,0.288017
4078,1000,0.50,500,2,410,0.9799,78,7899.00,0.154955
4079,1000,0.50,500,2,410,0.9775,79,7579.00,0.109460
4080,1000,0.50,500,2,410,1.0127,80,7858.00,0.380966
4081,1000,0.50,500,2,410,1.0225,81,7757.00,0.579983
4082,1000,0.50,500,2,410,1.0148,82,1730.00,0.117024
4083,1000,0.50,500,2,410,0.9982,83,7731.00,0.152521
4084,1000,0.50,500,2,410,0.9887,84,7528.00,0.350720
4085,1000,0.50,500,2,410,1.0005,85,7694.00,0.049535
4086,1000,0.50,500,2,410,1.0002,86,7815.00,0.490345
4087,1000,0.50,500,2,410,0.9617,87,7625.00,0.167370
4088,1000,0.50,500,2,410,0.9786,88,7766.00,0.374217
4089,1000,0.50,500,2,410,1.0260,89,8036.00,0.476397
4090,1000,0.50,500,2,410,1.0018,90,7615.00,0.136866
4091,1000,0.50,500,2,410,1.0216,91,411.00,0.215911
4092,1000,0.50,500,2,410,1.0229,92,7483.00,0.210450
4093,1000,0.50,500,2,410,0.9908,93,2929.00,0.118177
4094,1000,0.50,500,2,410,0.9942,94,7846.00,0.173592
4095,1000,0.50,500,2,410,1.0530,95,8004.00,0.301748
4096,1000,0.50,500,2,410,0.9614,96,7692.00,0.112916
4097,1000,0.50,500,2,410,1.0099,97,7999.00,0.230530
4098,1000,0.50,500,2,410,1.0085,98,7756.00,0.234702
4099,1000,0.50,500,2,410,0.9645,99,7577.00,0.111244
4100,1000,0.50,500,2,420,1.0077,0,7993.00,0.091392
4101,1000,0.50,500,2,420,1.0180,1,7946.00,0.226080
4102,1000,0.50,500,2,420,1.0058,2,8135.00,0.048682
4103,1000,0.50,500,2,420,0.9968,3,7987.00,0.454351
4104,1000,0.50,500,2,420,0.9673,4,7685.00,0.426828
4105,1000,0.50,500,2,420,0.9691,5,7743.00,0.221153
4106,1000,0.50,500,2,420,0.9949,6,7874.00,0.155409
4107,1000,0.50,500,2,420,0.9906,7,7967.00,0.224029
4108,1000,0.50,500,2,420,0.9694,8,7914.00,0.418846
4109,1000,0.50,500,2,420,0.9882,9,7997.00,0.331023
4110,1000,0.50,500,2,420,1.0261,10,2893.00,0.176733
4111,1000,0.50,500,2,420,1.0079,11,4056.00,0.454788
4112,1000,0.50,500,2,420,1.0507,12,8000.00,0.587150
4113,1000,0.50,500,2,420,0.9779,13,8206.00,0.169081
4114,1000,0.50,500,2,420,0.9654,14,8111.00,0.245876
4115,1000,0.50,500,2,420,0.9769,15,8040.00,0.141733
4116,1000,0.50,500,2,420,1.0050,16,60.00,0.353471
4117,1000,0.50,500,2,420,1.0373,17,1833.00,0.182453
4118,1000,0.50,500,2,420,0.9918,18,8170.00,0.172389
4119,1000,0.50,500,2,420,0.9754,19,8516.00,0.191211
4120,1000,0.50,500,2,420,0.9877,20,8108.00,0.160867
4121,1000,0.50,500,2,420,0.9938,21,719.00,0.192721
4122,1000,0.50,500,2,420,0.9856,22,8200.00,0.113580
4123,1000,0.50,500,2,420,1.0203,23,7961.00,0.192766
4124,1000,0.50,500,2,420,1.0184,24,1151.00,0.246897
4125,1000,0.50,500,2,420,1.0785,25,7839.00,0.145009
4126,1000,0.50,500,2,420,0.9449,26,7705.00,0.125363
4127,1000,0.50,500,2,420,0.9838,27,7814.00,0.193807
4128,1000,0.50,500,2,420,1.0202,28,8103.00,0.282072
4129,1000,0.50,500,2,420,1.0277,29,7460.00,0.354925
4130,1000,0.50,500,2,420,0.9918,30,7887.00,0.319162
4131,1000,0.50,500,2,420,0.9938,31,7928.00,0.192104
4132,1000,0.50,500,2,420,0.9858,32,7735.00,0.239772
4133,1000,0.50,500,2,420,0.9671,33,7722.00,0.099697
4134,1000,0.50,500,2,420,0.9989,34,7802.00,0.158719
4135,1000,0.50,500,2,420,1.0056,35,2571.00,0.350686
4136,1000,0.50,500,2,420,0.9651,36,7954.00,0.120071
4137,1000,0.50,500,2,420,0.9907,37,8095.00,0.420970
4138,1000,0.50,500,2,420,1.0000,38,8095.00,0.301619
4139,1000,0.50,500,2,420,0.9568,39,8218.00,0.190246
4140,1000,0.50,500,2,420,1.0086,40,8219.00,0.174182
4141,1000,0.50,500,2,420,0.9920,41,8111.00,0.288413
4142,1000,0.50,500,2,420,0.9310,42,8189.00,0.460371
4143,1000,0.50,500,2,420,1.0358,43,8008.00,0.566717
4144,1000,0.50,500,2,420,0.9896,44,7775.00,0.259404
4145,1000,0.50,500,2,420,1.0042,45,8086.00,0.379258
4146,1000,0.50,500,2,420,0.9263,46,7819.00,0.135441
4147,1000,0.50,500,2,420,1.0540,47,7919.00,0.317191
4148,1000,0.50,500,2,420,0.9915,48,7951.00,0.134092
4149,1000,0.50,500,2,420,1.0204,49,812.00,0.155770
4150,1000,0.50,500,2,420,0.9552,50,7956.00,0.112660
4151,1000,0.50,500,2,420,0.9975,51,1930.00,0.298922
4152,1000,0.50,500,2,420,1.0347,52,3343.00,0.162686
4153,1000,0.50,500,2,420,0.9367,53,7846.00,0.115526
4154,1000,0.50,500,2,420,0.9944,54,7093.00,0.363642
4155,1000,0.50,500,2,420,0.9462,55,7923.00,0.166522
4156,1000,0.50,500,2,420,0.9791,56,8003.00,0.339248
4157,1000,0.50,500,2,420,1.0125,57,7916.00,0.130885
4158,1000,0.50,500,2,420,0.9755,58,7897.00,0.105224
4159,1000,0.50,500,2,420,1.0536,59,8039.00,0.170586
4160,1000,0.50,500,2,420,1.0097,60,2699.00,0.112151
4161,1000,0.50,500,2,420,1.0311,61,8113.00,0.077800
4162,1000,0.50,500,2,420,1.0329,62,628.00,0.205713
4163,1000,0.50,500,2,420,0.9932,63,3677.00,0.179988
4164,1000,0.50,500,2,420,0.9790,64,7840.00,0.279593
4165,1000,0.50,500,2,420,0.9702,65,8025.00,0.142258
4166,1000,0.50,500,2,420,1.0236,66,8184.00,0.242378
4167,1000,0.50,500,2,420,0.9518,67,7774.00,0.287076
4168,1000,0.50,500,2,420,0.9804,68,8027.00,0.101784
4169,1000,0.50,500,2,420,1.0490,69,8069.00,0.203684
4170,1000,0.50,500,2,420,0.9953,70,8066.00,0.109585
4171,1000,0.50,500,2,420,1.0041,71,7831.00,0.418511
4172,1000,0.50,500,2,420,1.0198,72,8010.00,0.267797
4173,1000,0.50,500,2,420,0.9988,73,7983.00,0.177025
4174,1000,0.50,500,2,420,1.0258,74,7978.00,0.129897
4175,1000,0.50,500,2,420,0.9767,75,6747.00,0.263902
4176,1000,0.50,500,2,420,0.9572,76,7967.00,0.271263
4177,1000,0.50,500,2,420,1.0020,77,7917.00,0.153817
4178,1000,0.50,500,2,420,1.0056,78,7895.00,0.243974
4179,1000,0.50,500,2,420,0.9757,79,8166.00,0.155159
4180,1000,0.50,500,2,420,1.0215,80,6537.00,0.096167
4181,1000,0.50,500,2,420,0.9416,81,7835.00,0.089924
4182,1000,0.50,500,2,420,0.9718,82,8043.00,0.099558
4183,1000,0.50,500,2,420,1.0671,83,1597.00,0.478822
4184,1000,0.50,500,2,420,0.9679,84,7884.00,0.432887
4185,1000,0.50,500,2,420,0.9864,85,7973.00,0.237913
4186,1000,0.50,500,2,420,0.9892,86,8548.00,0.108809
4187,1000,0.50,500,2,420,0.9910,87,8088.00,0.169367
4188,1000,0.50,500,2,420,0.9845,88,8225.00,0.133870
4189,1000,0.50,500,2,420,1.0390,89,135.00,0.151882
4190,1000,0.50,500,2,420,0.9689,90,8001.00,0.245101
4191,1000,0.50,500,2,420,0.9727,91,8174.00,0.538630
4192,1000,0.50,500,2,420,0.9728,92,7774.00,0.157556
4193,1000,0.50,500,2,420,1.0514,93,8199.00,0.107162
4194,1000,0.50,500,2,420,0.9966,94,8306.00,0.166963
4195,1000,0.50,500,2,420,1.0468,95,1866.00,0.227241
4196,1000,0.50,500,2,420,0.9946,96,7771.00,0.127560
4197,1000,0.50,500,2,420,0.9808,97,8226.00,0.053772
4198,1000,0.50,500,2,420,1.0356,98,8552.00,0.285847
4199,1000,0.50,500,2,420,0.9057,99,8208.00,0.247419
4200,1000,0.50,500,2,430,0.9985,0,8246.00,0.084132
4201,1000,0.50,500,2,430,1.0437,1,8133.00,0.245268
4202,1000,0.50,500,2,430,1.0315,2,7952.00,0.179396
4203,1000,0.50,500,2,430,0.9847,3,8045.00,0.175340
4204,1000,0.50,500,2,430,0.9598,4,8429.00,0.148009
4205,1000,0.50,500,2,430,0.9650,5,8004.00,0.144856
4206,1000,0.50,500,2,430,1.0170,6,3666.00,0.350648
4207,1000,0.50,500,2,430,0.9804,7,8199.00,0.116272
4208,1000,0.50,500,2,430,0.9511,8,7873.00,0.078092
4209,1000,0.50,500,2,430,0.9684,9,8118.00,0.234345
4210,1000,0.50,500,2,430,1.0084,10,7897.00,0.111063
4211,1000,0.50,500,2,430,1.0269,11,8133.00,0.123075
4212,1000,0.50,500,2,430,0.9789,12,8027.00,0.118443
4213,1000,0.50,500,2,430,1.0011,13,3539.00,0.343638
4214,1000,0.50,500,2,430,0.9892,14,7919.00,0.163441
4215,1000,0.50,500,2,430,0.9617,15,8100.00,0.067208
4216,1000,0.50,500,2,430,1.0134,16,126.00,0.666072
4217,1000,0.50,500,2,430,1.0130,17,2828.00,0.267043
4218,1000,0.50,500,2,430,0.9882,18,8081.00,0.364745
4219,1000,0.50,500,2,430,1.0274,19,8361.00,0.170278
4220,1000,0.50,500,2,430,0.9847,20,7914.00,0.247223
4221,1000,0.50,500,2,430,0.9643,21,8028.00,0.170184
4222,1000,0.50,500,2,430,0.9543,22,1195.00,0.333739
4223,1000,0.50,500,2,430,0.9952,23,8042.00,0.088171
4224,1000,0.50,500,2,430,1.0297,24,1803.00,0.137696
4225,1000,0.50,500,2,430,1.0069,25,8193.00,0.125382
4226,1000,0.50,500,2,430,1.0021,26,594.00,0.272629
4227,1000,0.50,500,2,430,1.0040,27,8235.00,0.280615
4228,1000,0.50,500,2,430,0.9789,28,8130.00,0.122486
4229,1000,0.50,500,2,430,0.9965,29,4724.00,0.192955
4230,1000,0.50,500,2,430,1.0126,30,8283.00,0.818357
4231,1000,0.50,500,2,430,0.9939,31,7933.00,0.126680
4232,1000,0.50,500,2,430,1.0147,32,7985.00,0.111799
4233,1000,0.50,500,2,430,1.0015,33,8074.00,0.154484
4234,1000,0.50,500,2,430,1.0111,34,3063.00,0.371790
4235,1000,0.50,500,2,430,1.0272,35,84.00,0.276058
4236,1000,0.50,500,2,430,1.0477,36,8176.00,0.282862
4237,1000,0.50,500,2,430,1.0227,37,7531.00,0.112797
4238,1000,0.50,500,2,430,1.0247,38,7959.00,0.144819
4239,1000,0.50,500,2,430,1.0520,39,1307.00,0.317787
4240,1000,0.50,500,2,430,0.9808,40,8325.00,0.090272
4241,1000,0.50,500,2,430,1.0152,41,8453.00,0.105502
4242,1000,0.50,500,2,430,0.9903,42,8406.00,0.590592
4243,1000,0.50,500,2,430,1.0054,43,8362.00,0.265620
4244,1000,0.50,500,2,430,0.9768,44,7687.00,0.092287
4245,1000,0.50,500,2,430,0.9737,45,8032.00,0.120116
4246,1000,0.50,500,2,430,1.0624,46,628.00,0.186200
4247,1000,0.50,500,2,430,1.0348,47,2901.00,0.165146
4248,1000,0.50,500,2,430,0.9811,48,8001.00,0.070748
4249,1000,0.50,500,2,430,0.9883,49,7779.00,0.246706
4250,1000,0.50,500,2,430,1.0663,50,675.00,0.165050
4251,1000,0.50,500,2,430,0.9474,51,8045.00,0.257618
4252,1000,0.50,500,2,430,0.9612,52,7986.00,0.210617
4253,1000,0.50,500,2,430,0.9966,53,8366.00,0.189824
4254,1000,0.50,500,2,430,1.0244,54,8010.00,0.078931
4255,1000,0.50,500,2,430,0.9862,55,8325.00,0.175827
4256,1000,0.50,500,2,430,0.9694,56,8839.00,0.188434
4257,1000,0.50,500,2,430,1.0081,57,1613.00,0.243420
4258,1000,0.50,500,2,430,1.0111,58,9361.00,0.569982
4259,1000,0.50,500,2,430,0.9381,59,7956.00,0.240662
4260,1000,0.50,500,2,430,1.0142,60,8225.00,0.316245
4261,1000,0.50,500,2,430,0.9557,61,8406.00,0.275472
4262,1000,0.50,500,2,430,1.0553,62,8433.00,0.531405
4263,1000,0.50,500,2,430,0.9889,63,8259.00,0.193904
4264,1000,0.50,500,2,430,1.0636,64,3921.00,0.181331
4265,1000,0.50,500,2,430,1.0167,65,8362.00,0.126028
4266,1000,0.50,500,2,430,0.9846,66,8298.00,0.086695
4267,1000,0.50,500,2,430,1.0109,67,8476.00,0.436040
4268,1000,0.50,500,2,430,1.0306,68,1930.00,0.161204
4269,1000,0.50,500,2,430,0.9284,69,8533.00,0.303956
4270,1000,0.50,500,2,430,0.9777,70,8498.00,0.172492
4271,1000,0.50,500,2,430,0.9710,71,8244.00,0.173116
4272,1000,0.50,500,2,430,0.9309,72,7872.00,0.156664
4273,1000,0.50,500,2,430,1.0225,73,310.00,0.165270
4274,1000,0.50,500,2,430,1.0067,74,8136.00,0.015234
4275,1000,0.50,500,2,430,0.9870,75,8422.00,0.133263
4276,1000,0.50,500,2,430,1.0505,76,8341.00,0.091172
4277,1000,0.50,500,2,430,1.0010,77,2042.00,0.095563
4278,1000,0.50,500,2,430,0.9559,78,8268.00,0.045326
4279,1000,0.50,500,2,430,1.0220,79,7953.00,0.246524
4280,1000,0.50,500,2,430,0.9494,80,8059.00,0.103719
4281,1000,0.50,500,2,430,0.9725,81,8270.00,0.129542
4282,1000,0.50,500,2,430,0.9501,82,8118.00,0.181381
4283,1000,0.50,500,2,430,1.0382,83,1751.00,0.253252
4284,1000,0.50,500,2,430,0.9844,84,8441.00,0.301347
4285,1000,0.50,500,2,430,0.9850,85,732.00,0.205527
4286,1000,0.50,500,2,430,0.9515,86,8444.00,0.160376
4287,1000,0.50,500,2,430,0.9920,87,2120.00,0.125042
4288,1000,0.50,500,2,430,1.0378,88,8305.00,0.643462
4289,1000,0.50,500,2,430,1.0006,89,8523.00,0.229968
4290,1000,0.50,500,2,430,1.0210,90,5391.00,0.150974
4291,1000,0.50,500,2,430,0.9915,91,8451.00,0.079731
4292,1000,0.50,500,2,430,0.9386,92,8113.00,0.198810
4293,1000,0.50,500,2,430,0.9628,93,8071.00,0.304757
4294,1000,0.50,500,2,430,1.0128,94,1654.00,0.182950
4295,1000,0.50,500,2,430,0.9754,95,7966.00,0.550489
4296,1000,0.50,500,2,430,0.9812,96,8406.00,0.146278
4297,1000,0.50,500,2,430,0.9462,97,7792.00,0.354003
4298,1000,0.50,500,2,430,1.0384,98,8066.00,0.219121
4299,1000,0.50,500,2,430,1.0351,99,3431.00,0.390581
4300,1000,0.50,500,2,440,0.9922,0,8510.00,0.120083
4301,1000,0.50,500,2,440,1.0063,1,8296.00,0.208486
4302,1000,0.50,500,2,440,1.0562,2,8386.00,0.207542
4303,1000,0.50,500,2,440,1.0076,3,8082.00,0.230263
4304,1000,0.50,500,2,440,1.0058,4,8092.00,0.236359
4305,1000,0.50,500,2,440,0.9481,5,8114.00,0.157000
4306,1000,0.50,500,2,440,0.9580,6,8398.00,0.381400
4307,1000,0.50,500,2,440,1.0134,7,8228.00,0.417308
4308,1000,0.50,500,2,440,1.0341,8,8175.00,0.245100
4309,1000,0.50,500,2,440,1.0506,9,1346.00,0.364522
4310,1000,0.50,500,2,440,0.9898,10,8483.00,0.220723
4311,1000,0.50,500,2,440,0.9944,11,8277.00,0.292898
4312,1000,0.50,500,2,440,0.9638,12,7992.00,0.095631
4313,1000,0.50,500,2,440,1.0478,13,4964.00,0.314512
4314,1000,0.50,500,2,440,0.9695,14,8525.00,0.196047
4315,1000,0.50,500,2,440,0.9966,15,700.00,0.221252
4316,1000,0.50,500,2,440,1.0059,16,8349.00,0.311403
4317,1000,0.50,500,2,440,1.0114,17,8502.00,0.201769
4318,1000,0.50,500,2,440,1.0161,18,8354.00,0.211069
4319,1000,0.50,500,2,440,0.9795,19,8262.00,0.299822
4320,1000,0.50,500,2,440,1.0162,20,8197.00,0.142285
4321,1000,0.50,500,2,440,1.0365,21,8562.00,0.287922
4322,1000,0.50,500,2,440,1.0139,22,8150.00,0.233178
4323,1000,0.50,500,2,440,1.0275,23,4748.00,0.186164
4324,1000,0.50,500,2,440,0.9766,24,8324.00,0.209030
4325,1000,0.50,500,2,440,1.0535,25,8365.00,0.183641
4326,1000,0.50,500,2,440,0.9798,26,2540.00,0.155231
4327,1000,0.50,500,2,440,0.9404,27,8370.00,0.240044
4328,1000,0.50,500,2,440,1.0099,28,1378.00,0.136923
4329,1000,0.50,500,2,440,0.9388,29,8265.00,0.067182
4330,1000,0.50,500,2,440,0.9805,30,8365.00,0.349676
4331,1000,0.50,500,2,440,0.9632,31,8221.00,0.048227
4332,1000,0.50,500,2,440,1.0003,32,8310.00,0.264673
4333,1000,0.50,500,2,440,1.0690,33,1586.00,0.124114
4334,1000,0.50,500,2,440,0.9707,34,8745.00,0.296828
4335,1000,0.50,500,2,440,1.0090,35,8611.00,0.650083
4336,1000,0.50,500,2,440,0.9931,36,8074.00,0.190601
4337,1000,0.50,500,2,440,1.0530,37,8452.00,0.534809
4338,1000,0.50,500,2,440,1.0272,38,8292.00,0.513531
4339,1000,0.50,500,2,440,1.0119,39,8446.00,0.340344
4340,1000,0.50,500,2,440,0.9661,40,8197.00,0.078058
4341,1000,0.50,500,2,440,1.0157,41,8321.00,0.610132
4342,1000,0.50,500,2,440,1.0466,42,2359.00,0.317188
4343,1000,0.50,500,2,440,0.9773,43,3522.00,0.235667
4344,1000,0.50,500,2,440,1.0113,44,1448.00,0.164574
4345,1000,0.50,500,2,440,1.0035,45,8278.00,0.155414
4346,1000,0.50,500,2,440,1.0098,46,394.00,0.148152
4347,1000,0.50,500,2,440,1.0012,47,8282.00,0.319851
4348,1000,0.50,500,2,440,1.0388,48,6433.00,0.165451
4349,1000,0.50,500,2,440,1.0193,49,5434.00,0.176032
4350,1000,0.50,500,2,440,0.9476,50,8397.00,0.321559
4351,1000,0.50,500,2,440,0.9897,51,7942.00,0.234507
4352,1000,0.50,500,2,440,1.0170,52,8144.00,0.126449
4353,1000,0.50,500,2,440,0.9805,53,8327.00,0.165629
4354,1000,0.50,500,2,440,1.0124,54,1199.00,0.267600
4355,1000,0.50,500,2,440,1.0092,55,8081.00,0.112726
4356,1000,0.50,500,2,440,0.9780,56,8457.00,0.161617
4357,1000,0.50,500,2,440,0.9742,57,8027.00,0.410945
4358,1000,0.50,500,2,440,0.9865,58,4223.00,0.181086
4359,1000,0.50,500,2,440,0.9645,59,8042.00,0.272553
4360,1000,0.50,500,2,440,0.9944,60,8160.00,0.308029
4361,1000,0.50,500,2,440,1.0319,61,3707.00,0.524438
4362,1000,0.50,500,2,440,0.9468,62,8267.00,0.111692
4363,1000,0.50,500,2,440,1.0440,63,8350.00,0.207442
4364,1000,0.50,500,2,440,1.0289,64,8507.00,0.191243
4365,1000,0.50,500,2,440,1.0800,65,8220.00,0.134767
4366,1000,0.50,500,2,440,1.0022,66,8452.00,0.168014
4367,1000,0.50,500,2,440,1.0361,67,8399.00,0.184195
4368,1000,0.50,500,2,440,0.9573,68,8241.00,0.292246
4369,1000,0.50,500,2,440,0.9484,69,8246.00,0.141535
4370,1000,0.50,500,2,440,1.0174,70,3024.00,0.260525
4371,1000,0.50,500,2,440,1.0501,71,8337.00,0.142951
4372,1000,0.50,500,2,440,1.0206,72,4587.00,0.261692
4373,1000,0.50,500,2,440,1.0431,73,8261.00,0.273205
4374,1000,0.50,500,2,440,0.9901,74,8552.00,0.118534
4375,1000,0.50,500,2,440,0.9784,75,8278.00,0.185878
4376,1000,0.50,500,2,440,0.9953,76,8262.00,0.274367
4377,1000,0.50,500,2,440,0.9533,77,8324.00,0.159726
4378,1000,0.50,500,2,440,0.9931,78,8111.00,0.072390
4379,1000,0.50,500,2,440,1.0030,79,8268.00,0.240619
4380,1000,0.50,500,2,440,0.9826,80,392.00,0.121725
4381,1000,0.50,500,2,440,1.0011,81,8317.00,0.291350
4382,1000,0.50,500,2,440,0.9587,82,8290.00,0.253698
4383,1000,0.50,500,2,440,1.0278,83,2693.00,0.219209
4384,1000,0.50,500,2,440,0.9298,84,8480.00,0.378131
4385,1000,0.50,500,2,440,0.9820,85,8219.00,0.160182
4386,1000,0.50,500,2,440,1.0122,86,8370.00,0.346295
4387,1000,0.50,500,2,440,1.0542,87,8408.00,0.136733
4388,1000,0.50,500,2,440,0.9597,88,8186.00,0.313441
4389,1000,0.50,500,2,440,0.9226,89,8212.00,0.453653
4390,1000,0.50,500,2,440,0.9738,90,8488.00,0.446380
4391,1000,0.50,500,2,440,0.9614,91,8453.00,0.197768
4392,1000,0.50,500,2,440,1.0369,92,8199.00,0.154003
4393,1000,0.50,500,2,440,1.0035,93,8152.00,0.114238
4394,1000,0.50,500,2,440,0.9547,94,8367.00,0.263558
4395,1000,0.50,500,2,440,0.9893,95,8306.00,0.154796
4396,1000,0.50,500,2,440,0.9466,96,8252.00,0.219110
4397,1000,0.50,500,2,440,0.9996,97,39.00,0.265994
4398,1000,0.50,500,2,440,1.0450,98,8542.00,0.228619
4399,1000,0.50,500,2,440,0.9870,99,8364.00,0.171154
4400,1000,0.50,500,2,450,0.9888,0,8720.00,0.241935
4401,1000,0.50,500,2,450,1.0176,1,8598.00,0.190760
4402,1000,0.50,500,2,450,0.9744,2,8452.00,0.380330
4403,1000,0.50,500,2,450,0.9301,3,8331.00,0.163833
4404,1000,0.50,500,2,450,0.9990,4,8693.00,0.335268
4405,1000,0.50,500,2,450,1.0115,5,8507.00,0.256600
4406,1000,0.50,500,2,450,1.0032,6,8600.00,0.236203
4407,1000,0.50,500,2,450,1.0184,7,8596.00,0.326606
4408,1000,0.50,500,2,450,1.0215,8,5828.00,0.231664
4409,1000,0.50,500,2,450,0.9715,9,8740.00,0.094603
4410,1000,0.50,500,2,450,0.9753,10,8760.00,0.318677
4411,1000,0.50,500,2,450,0.9544,11,8404.00,0.212440
4412,1000,0.50,500,2,450,1.0150,12,8444.00,0.238117
4413,1000,0.50,500,2,450,0.9513,13,8546.00,0.196452
4414,1000,0.50,500,2,450,1.0187,14,8363.00,0.257104
4415,1000,0.50,500,2,450,1.0026,15,617.00,0.481314
4416,1000,0.50,500,2,450,1.0566,16,2812.00,0.244710
4417,1000,0.50,500,2,450,0.9925,17,2701.00,0.315726
4418,1000,0.50,500,2,450,0.9454,18,8418.00,0.109248
4419,1000,0.50,500,2,450,0.9628,19,8326.00,0.229640
4420,1000,0.50,500,2,450,1.0064,20,8612.00,0.122954
4421,1000,0.50,500,2,450,1.0127,21,9025.00,0.152269
4422,1000,0.50,500,2,450,0.9925,22,306.00,0.367672
4423,1000,0.50,500,2,450,1.0240,23,8757.00,0.295782
4424,1000,0.50,500,2,450,0.9875,24,8987.00,0.497805
4425,1000,0.50,500,2,450,1.0384,25,392.00,0.186560
4426,1000,0.50,500,2,450,0.9795,26,8831.00,0.154523
4427,1000,0.50,500,2,450,1.0117,27,8009.00,0.501430
4428,1000,0.50,500,2,450,1.0444,28,7764.00,0.201530
4429,1000,0.50,500,2,450,0.9827,29,4552.00,0.110191
4430,1000,0.50,500,2,450,1.0289,30,8659.00,0.341179
4431,1000,0.50,500,2,450,0.9220,31,8705.00,0.092018
4432,1000,0.50,500,2,450,1.0107,32,9049.00,0.208977
4433,1000,0.50,500,2,450,0.9996,33,1546.00,0.165641
4434,1000,0.50,500,2,450,1.0077,34,9035.00,0.496407
4435,1000,0.50,500,2,450,0.9786,35,9067.00,0.410912
4436,1000,0.50,500,2,450,0.9860,36,8901.00,0.315329
4437,1000,0.50,500,2,450,1.0070,37,8773.00,0.274986
4438,1000,0.50,500,2,450,1.0088,38,7129.00,0.386074
4439,1000,0.50,500,2,450,0.9197,39,8653.00,0.100108
4440,1000,0.50,500,2,450,1.0683,40,2503.00,0.189079
4441,1000,0.50,500,2,450,1.0412,41,8786.00,0.183590
4442,1000,0.50,500,2,450,0.9753,42,8934.00,0.110568
4443,1000,0.50,500,2,450,0.9804,43,8464.00,0.535374
4444,1000,0.50,500,2,450,0.9709,44,4674.00,0.315164
4445,1000,0.50,500,2,450,1.0049,45,8721.00,0.217724
4446,1000,0.50,500,2,450,0.9897,46,8416.00,0.229224
4447,1000,0.50,500,2,450,1.0477,47,8531.00,0.150670
4448,1000,0.50,500,2,450,0.9706,48,8405.00,0.201613
4449,1000,0.50,500,2,450,1.0138,49,8647.00,0.396491
4450,1000,0.50,500,2,450,1.0335,50,3237.00,0.240240
4451,1000,0.50,500,2,450,1.0256,51,8689.00,0.241746
4452,1000,0.50,500,2,450,0.9911,52,7370.00,0.129870
4453,1000,0.50,500,2,450,0.9799,53,8623.00,0.274714
4454,1000,0.50,500,2,450,1.0379,54,8657.00,0.170237
4455,1000,0.50,500,2,450,0.9990,55,8536.00,0.573991
4456,1000,0.50,500,2,450,1.0740,56,8462.00,0.141510
4457,1000,0.50,500,2,450,1.0096,57,8412.00,0.317225
4458,1000,0.50,500,2,450,1.0309,58,8365.00,0.177017
4459,1000,0.50,500,2,450,1.0163,59,1348.00,0.260500
4460,1000,0.50,500,2,450,1.0077,60,8808.00,0.216128
4461,1000,0.50,500,2,450,1.0189,61,8742.00,0.277930
4462,1000,0.50,500,2,450,0.9858,62,8743.00,0.310915
4463,1000,0.50,500,2,450,0.9411,63,8330.00,0.165040
4464,1000,0.50,500,2,450,1.0043,64,8485.00,0.110073
4465,1000,0.50,500,2,450,0.9984,65,8542.00,0.125758
4466,1000,0.50,500,2,450,1.0266,66,8523.00,0.043952
4467,1000,0.50,500,2,450,1.0065,67,716.00,0.238103
4468,1000,0.50,500,2,450,1.0598,68,1594.00,0.286128
4469,1000,0.50,500,2,450,0.9883,69,8531.00,0.224561
4470,1000,0.50,500,2,450,1.0063,70,8361.00,0.294674
4471,1000,0.50,500,2,450,0.9335,71,8430.00,0.366149
4472,1000,0.50,500,2,450,1.0225,72,1374.00,0.291039
4473,1000,0.50,500,2,450,0.9616,73,8431.00,0.097087
4474,1000,0.50,500,2,450,0.9566,74,8182.00,0.084324
4475,1000,0.50,500,2,450,1.0157,75,8481.00,0.124884
4476,1000,0.50,500,2,450,0.9720,76,8432.00,0.403042
4477,1000,0.50,500,2,450,1.0152,77,8408.00,0.101833
4478,1000,0.50,500,2,450,0.9917,78,8390.00,0.131906
4479,1000,0.50,500,2,450,0.9984,79,8434.00,0.325828
4480,1000,0.50,500,2,450,0.9556,80,8627.00,0.418321
4481,1000,0.50,500,2,450,0.9700,81,8597.00,0.384980
4482,1000,0.50,500,2,450,0.9731,82,8576.00,0.146756
4483,1000,0.50,500,2,450,0.9915,83,8700.00,0.203978
4484,1000,0.50,500,2,450,1.0561,84,8657.00,0.187075
4485,1000,0.50,500,2,450,0.9852,85,8640.00,0.046105
4486,1000,0.50,500,2,450,0.9521,86,8245.00,0.098134
4487,1000,0.50,500,2,450,0.9792,87,8568.00,0.357560
4488,1000,0.50,500,2,450,1.0183,88,3711.00,0.312920
4489,1000,0.50,500,2,450,0.9773,89,8682.00,0.160206
4490,1000,0.50,500,2,450,0.9654,90,8564.00,0.230360
4491,1000,0.50,500,2,450,0.9676,91,4643.00,0.151817
4492,1000,0.50,500,2,450,0.9672,92,8451.00,0.211894
4493,1000,0.50,500,2,450,1.0471,93,1188.00,0.241067
4494,1000,0.50,500,2,450,0.9750,94,8302.00,0.059560
4495,1000,0.50,500,2,450,0.9995,95,8560.00,0.212189
4496,1000,0.50,500,2,450,1.0190,96,1398.00,0.316488
4497,1000,0.50,500,2,450,0.9798,97,8764.00,0.197340
4498,1000,0.50,500,2,450,1.0003,98,8618.00,0.475129
4499,1000,0.50,500,2,450,1.0249,99,5313.00,0.590814
4500,1000,0.50,500,2,460,0.9956,0,5281.00,0.198267
4501,1000,0.50,500,2,460,1.0445,1,8632.00,0.115517
4502,1000,0.50,500,2,460,0.9365,2,8497.00,0.243235
4503,1000,0.50,500,2,460,0.9890,3,8776.00,0.344972
4504,1000,0.50,500,2,460,1.0412,4,4149.00,0.393639
4505,1000,0.50,500,2,460,1.0136,5,8510.00,0.131433
4506,1000,0.50,500,2,460,0.9945,6,8853.00,0.115082
4507,1000,0.50,500,2,460,0.9683,7,8475.00,0.294024
4508,1000,0.50,500,2,460,0.9873,8,351.00,0.482435
4509,1000,0.50,500,2,460,0.9892,9,8761.00,0.150552
4510,1000,0.50,500,2,460,1.0038,10,8716.00,0.227001
4511,1000,0.50,500,2,460,1.0545,11,8518.00,0.445924
4512,1000,0.50,500,2,460,0.9751,12,8521.00,0.122086
4513,1000,0.50,500,2,460,1.0246,13,8477.00,0.269705
4514,1000,0.50,500,2,460,0.9886,14,2305.00,0.167711
4515,1000,0.50,500,2,460,0.9684,15,8574.00,0.131439
4516,1000,0.50,500,2,460,0.9705,16,8590.00,0.067409
4517,1000,0.50,500,2,460,1.0000,17,151.00,0.240195
4518,1000,0.50,500,2,460,0.9881,18,8690.00,0.299827
4519,1000,0.50,500,2,460,0.9867,19,8480.00,0.404945
4520,1000,0.50,500,2,460,0.9805,20,8291.00,0.359236
4521,1000,0.50,500,2,460,1.0177,21,917.00,0.519147
4522,1000,0.50,500,2,460,1.0356,22,8580.00,0.152884
4523,1000,0.50,500,2,460,1.0322,23,8767.00,0.449891
4524,1000,0.50,500,2,460,0.9605,24,4683.00,0.337859
4525,1000,0.50,500,2,460,0.9489,25,8565.00,0.114347
4526,1000,0.50,500,2,460,0.9474,26,8719.00,0.180845
4527,1000,0.50,500,2,460,1.0034,27,2349.00,0.248390
4528,1000,0.50,500,2,460,1.0352,28,151.00,0.413682
4529,1000,0.50,500,2,460,0.9017,29,8617.00,0.233288
4530,1000,0.50,500,2,460,1.0121,30,2158.00,0.166624
4531,1000,0.50,500,2,460,0.9480,31,8672.00,0.115981
4532,1000,0.50,500,2,460,1.0096,32,8555.00,0.582361
4533,1000,0.50,500,2,460,1.0397,33,8915.00,0.308367
4534,1000,0.50,500,2,460,1.0098,34,8729.00,0.523192
4535,1000,0.50,500,2,460,1.0227,35,2369.00,0.369007
4536,1000,0.50,500,2,460,0.9418,36,8470.00,0.405651
4537,1000,0.50,500,2,460,0.9969,37,8412.00,0.137550
4538,1000,0.50,500,2,460,0.9297,38,8452.00,0.068069
4539,1000,0.50,500,2,460,0.9582,39,8546.00,0.040943
4540,1000,0.50,500,2,460,1.0179,40,3183.00,0.210202
4541,1000,0.50,500,2,460,1.0165,41,7721.00,0.286110
4542,1000,0.50,500,2,460,1.0020,42,8707.00,0.218762
4543,1000,0.50,500,2,460,0.9831,43,8823.00,0.139493
4544,1000,0.50,500,2,460,1.0145,44,1255.00,0.143136
4545,1000,0.50,500,2,460,0.9183,45,8472.00,0.610563
4546,1000,0.50,500,2,460,0.9932,46,8757.00,0.108130
4547,1000,0.50,500,2,460,0.9701,47,8436.00,0.220980
4548,1000,0.50,500,2,460,0.9323,48,8540.00,0.417392
4549,1000,0.50,500,2,460,1.0331,49,148.00,0.193303
4550,1000,0.50,500,2,460,0.9840,50,8688.00,0.259117
4551,1000,0.50,500,2,460,0.9699,51,8664.00,0.191181
4552,1000,0.50,500,2,460,1.0016,52,9063.00,0.187203
4553,1000,0.50,500,2,460,1.0184,53,8775.00,0.112159
4554,1000,0.50,500,2,460,0.9754,54,8824.00,0.456954
4555,1000,0.50,500,2,460,0.9821,55,8794.00,0.215383
4556,1000,0.50,500,2,460,0.9567,56,8798.00,0.237666
4557,1000,0.50,500,2,460,1.0303,57,594.00,0.109097
4558,1000,0.50,500,2,460,1.0025,58,8922.00,0.327223
4559,1000,0.50,500,2,460,0.9814,59,165.00,0.319280
4560,1000,0.50,500,2,460,0.9783,60,1860.00,0.297267
4561,1000,0.50,500,2,460,0.9781,61,8730.00,0.205554
4562,1000,0.50,500,2,460,1.0372,62,8719.00,0.277709
4563,1000,0.50,500,2,460,0.9900,63,8314.00,0.098482
4564,1000,0.50,500,2,460,0.9555,64,8439.00,0.125565
4565,1000,0.50,500,2,460,0.9872,65,1050.00,0.148657
4566,1000,0.50,500,2,460,1.0598,66,8557.00,0.321394
4567,1000,0.50,500,2,460,1.0547,67,2241.00,0.368810
4568,1000,0.50,500,2,460,1.0437,68,8520.00,0.337162
4569,1000,0.50,500,2,460,1.0065,69,1229.00,0.393731
4570,1000,0.50,500,2,460,1.0003,70,5592.00,0.197140
4571,1000,0.50,500,2,460,0.9685,71,7035.00,0.395167
4572,1000,0.50,500,2,460,0.9697,72,8626.00,0.388229
4573,1000,0.50,500,2,460,1.0290,73,8786.00,0.261419
4574,1000,0.50,500,2,460,0.9743,74,8573.00,0.157646
4575,1000,0.50,500,2,460,1.0398,75,8936.00,0.077453
4576,1000,0.50,500,2,460,1.0062,76,3388.00,0.174797
4577,1000,0.50,500,2,460,1.0359,77,8519.00,0.473406
4578,1000,0.50,500,2,460,1.0029,78,3820.00,0.265690
4579,1000,0.50,500,2,460,0.9457,79,8627.00,0.169372
4580,1000,0.50,500,2,460,1.0195,80,3051.00,0.193695
4581,1000,0.50,500,2,460,1.0023,81,8515.00,0.142558
4582,1000,0.50,500,2,460,0.9577,82,8742.00,0.637854
4583,1000,0.50,500,2,460,0.9727,83,8670.00,0.084501
4584,1000,0.50,500,2,460,1.0431,84,3326.00,0.320118
4585,1000,0.50,500,2,460,0.9435,85,8668.00,0.080785
4586,1000,0.50,500,2,460,0.9657,86,8674.00,0.063097
4587,1000,0.50,500,2,460,0.9946,87,8577.00,0.239003
4588,1000,0.50,500,2,460,1.0627,88,472.00,0.397632
4589,1000,0.50,500,2,460,1.0193,89,8543.00,0.318971
4590,1000,0.50,500,2,460,1.0088,90,6604.00,0.228233
4591,1000,0.50,500,2,460,1.0705,91,334.00,0.271724
4592,1000,0.50,500,2,460,0.9536,92,8573.00,0.261340
4593,1000,0.50,500,2,460,1.0384,93,8822.00,0.244393
4594,1000,0.50,500,2,460,0.9837,94,8541.00,0.153114
4595,1000,0.50,500,2,460,0.9671,95,8504.00,0.067088
4596,1000,0.50,500,2,460,0.9970,96,8800.00,0.452341
4597,1000,0.50,500,2,460,0.9905,97,8802.00,0.142007
4598,1000,0.50,500,2,460,0.9108,98,8382.00,0.165810
4599,1000,0.50,500,2,460,0.9558,99,8666.00,0.193715
4600,1000,0.50,500,2,470,0.9645,0,8910.00,0.089366
4601,1000,0.50,500,2,470,1.0466,1,9089.00,0.244651
4602,1000,0.50,500,2,470,0.9478,2,8399.00,0.114042
4603,1000,0.50,500,2,470,0.9970,3,9205.00,0.320842
4604,1000,0.50,500,2,470,1.0101,4,6869.00,0.203147
4605,1000,0.50,500,2,470,0.9607,5,8849.00,0.104639
4606,1000,0.50,500,2,470,0.9753,6,9256.00,0.280519
4607,1000,0.50,500,2,470,1.0056,7,2969.00,0.292869
4608,1000,0.50,500,2,470,0.9348,8,8680.00,0.123620
4609,1000,0.50,500,2,470,0.9270,9,8785.00,0.334153
4610,1000,0.50,500,2,470,1.0069,10,8587.00,0.346873
4611,1000,0.50,500,2,470,0.9791,11,8837.00,0.539951
4612,1000,0.50,500,2,470,0.9713,12,8723.00,0.087759
4613,1000,0.50,500,2,470,0.9942,13,8494.00,0.200639
4614,1000,0.50,500,2,470,1.0479,14,878.00,0.404997
4615,1000,0.50,500,2,470,0.9838,15,8622.00,0.121669
4616,1000,0.50,500,2,470,1.0502,16,586.00,0.219849
4617,1000,0.50,500,2,470,1.0190,17,178.00,0.318282
4618,1000,0.50,500,2,470,0.9944,18,8960.00,0.264424
4619,1000,0.50,500,2,470,0.9943,19,155.00,0.279869
4620,1000,0.50,500,2,470,0.9461,20,9049.00,0.336998
4621,1000,0.50,500,2,470,0.9618,21,9089.00,0.074752
4622,1000,0.50,500,2,470,1.0260,22,666.00,0.455988
4623,1000,0.50,500,2,470,0.9977,23,8830.00,0.467273
4624,1000,0.50,500,2,470,1.0015,24,8464.00,0.098541
4625,1000,0.50,500,2,470,1.0306,25,8681.00,0.295926
4626,1000,0.50,500,2,470,0.9957,26,8715.00,0.241810
4627,1000,0.50,500,2,470,0.9784,27,8900.00,0.405144
4628,1000,0.50,500,2,470,0.9939,28,3938.00,0.321215
4629,1000,0.50,500,2,470,0.9947,29,8778.00,0.281359
4630,1000,0.50,500,2,470,1.0358,30,7340.00,0.253969
4631,1000,0.50,500,2,470,0.9803,31,8860.00,0.200700
4632,1000,0.50,500,2,470,0.9876,32,8993.00,0.163119
4633,1000,0.50,500,2,470,1.0290,33,744.00,0.294221
4634,1000,0.50,500,2,470,1.0125,34,8769.00,0.350659
4635,1000,0.50,500,2,470,0.9870,35,8475.00,0.070473
4636,1000,0.50,500,2,470,1.0438,36,8632.00,0.108499
4637,1000,0.50,500,2,470,0.9794,37,944.00,0.155532
4638,1000,0.50,500,2,470,1.0124,38,2323.00,0.124173
4639,1000,0.50,500,2,470,0.9919,39,8908.00,0.263193
4640,1000,0.50,500,2,470,1.0148,40,4539.00,0.248351
4641,1000,0.50,500,2,470,0.9760,41,8675.00,0.066452
4642,1000,0.50,500,2,470,1.0055,42,8770.00,0.228035
4643,1000,0.50,500,2,470,1.0063,43,8745.00,0.375148
4644,1000,0.50,500,2,470,1.0345,44,8132.00,0.152910
4645,1000,0.50,500,2,470,1.0300,45,692.00,0.564716
4646,1000,0.50,500,2,470,1.0002,46,1306.00,0.257456
4647,1000,0.50,500,2,470,0.9476,47,8875.00,0.231416
4648,1000,0.50,500,2,470,0.9975,48,8933.00,0.438107
4649,1000,0.50,500,2,470,1.0438,49,1396.00,0.292199
4650,1000,0.50,500,2,470,1.0104,50,8903.00,0.115185
4651,1000,0.50,500,2,470,1.0023,51,8774.00,0.289549
4652,1000,0.50,500,2,470,0.9855,52,8948.00,0.151163
4653,1000,0.50,500,2,470,1.0505,53,2623.00,0.458795
4654,1000,0.50,500,2,470,0.9843,54,8933.00,0.454585
4655,1000,0.50,500,2,470,1.0019,55,9074.00,0.215163
4656,1000,0.50,500,2,470,0.9470,56,8666.00,0.202387
4657,1000,0.50,500,2,470,1.0335,57,2927.00,0.738148
4658,1000,0.50,500,2,470,1.0297,58,8843.00,0.274618
4659,1000,0.50,500,2,470,1.0185,59,8890.00,0.194637
4660,1000,0.50,500,2,470,0.9505,60,8762.00,0.280332
4661,1000,0.50,500,2,470,1.0330,61,9008.00,0.201342
4662,1000,0.50,500,2,470,1.0191,62,8899.00,0.173413
4663,1000,0.50,500,2,470,1.0095,63,8967.00,0.089905
4664,1000,0.50,500,2,470,1.0063,64,4264.00,0.107389
4665,1000,0.50,500,2,470,0.9929,65,1267.00,0.250792
4666,1000,0.50,500,2,470,1.0555,66,8709.00,0.129582
4667,1000,0.50,500,2,470,1.0226,67,8957.00,0.091788
4668,1000,0.50,500,2,470,0.9892,68,8894.00,0.281553
4669,1000,0.50,500,2,470,0.9770,69,8827.00,0.151995
4670,1000,0.50,500,2,470,1.0615,70,8955.00,0.126328
4671,1000,0.50,500,2,470,0.9821,71,9134.00,0.782350
4672,1000,0.50,500,2,470,0.9766,72,8742.00,0.440520
4673,1000,0.50,500,2,470,0.9384,73,8704.00,0.216010
4674,1000,0.50,500,2,470,1.0016,74,8802.00,0.140980
4675,1000,0.50,500,2,470,1.1001,75,4086.00,0.157938
4676,1000,0.50,500,2,470,1.0267,76,6726.00,0.186152
4677,1000,0.50,500,2,470,0.9567,77,9041.00,0.281952
4678,1000,0.50,500,2,470,0.9921,78,8619.00,0.083815
4679,1000,0.50,500,2,470,0.9661,79,8817.00,0.302064
4680,1000,0.50,500,2,470,1.0119,80,8769.00,0.145978
4681,1000,0.50,500,2,470,1.0174,81,8784.00,0.292960
4682,1000,0.50,500,2,470,0.9933,82,1404.00,0.252892
4683,1000,0.50,500,2,470,1.0515,83,9151.00,0.260604
4684,1000,0.50,500,2,470,1.0325,84,7814.00,0.294637
4685,1000,0.50,500,2,470,1.0402,85,9093.00,0.295475
4686,1000,0.50,500,2,470,1.0461,86,2883.00,0.445397
4687,1000,0.50,500,2,470,1.0583,87,9255.00,0.064931
4688,1000,0.50,500,2,470,1.0475,88,8929.00,0.349878
4689,1000,0.50,500,2,470,1.0209,89,282.00,0.219545
4690,1000,0.50,500,2,470,0.9542,90,9016.00,0.333311
4691,1000,0.50,500,2,470,1.0866,91,8902.00,0.268975
4692,1000,0.50,500,2,470,1.0064,92,3307.00,0.178658
4693,1000,0.50,500,2,470,0.9921,93,3249.00,0.309830
4694,1000,0.50,500,2,470,1.0286,94,1978.00,0.486895
4695,1000,0.50,500,2,470,0.9845,95,8993.00,0.491370
4696,1000,0.50,500,2,470,1.0316,96,9204.00,0.211528
4697,1000,0.50,500,2,470,0.9916,97,2150.00,0.249517
4698,1000,0.50,500,2,470,1.0016,98,8958.00,0.329037
4699,1000,0.50,500,2,470,0.9968,99,9082.00,0.509341
4700,1000,0.50,500,2,480,1.0273,0,98.00,0.190878
4701,1000,0.50,500,2,480,1.0516,1,9285.00,0.286591
4702,1000,0.50,500,2,480,0.9971,2,8889.00,0.229767
4703,1000,0.50,500,2,480,0.9893,3,6619.00,0.170134
4704,1000,0.50,500,2,480,0.9865,4,9032.00,0.159602
4705,1000,0.50,500,2,480,0.9929,5,8893.00,0.093870
4706,1000,0.50,500,2,480,1.0567,6,42.00,0.197496
4707,1000,0.50,500,2,480,1.0278,7,4776.00,0.368640
4708,1000,0.50,500,2,480,0.9715,8,9272.00,0.313751
4709,1000,0.50,500,2,480,0.9516,9,9021.00,0.280100
4710,1000,0.50,500,2,480,0.9633,10,5642.00,0.298634
4711,1000,0.50,500,2,480,0.9680,11,9053.00,0.297479
4712,1000,0.50,500,2,480,1.0123,12,3979.00,0.183631
4713,1000,0.50,500,2,480,0.9944,13,5039.00,0.172805
4714,1000,0.50,500,2,480,0.9971,14,9089.00,0.212954
4715,1000,0.50,500,2,480,0.9879,15,2582.00,0.591242
4716,1000,0.50,500,2,480,1.0169,16,9181.00,0.329655
4717,1000,0.50,500,2,480,0.9524,17,8739.00,0.231566
4718,1000,0.50,500,2,480,1.0376,18,5828.00,0.255543
4719,1000,0.50,500,2,480,0.9622,19,9349.00,0.154299
4720,1000,0.50,500,2,480,0.9592,20,9098.00,0.175150
4721,1000,0.50,500,2,480,1.0948,21,433.00,0.767986
4722,1000,0.50,500,2,480,0.9864,22,431.00,0.168508
4723,1000,0.50,500,2,480,1.0291,23,8987.00,0.244321
4724,1000,0.50,500,2,480,0.9971,24,9103.00,0.491394
4725,1000,0.50,500,2,480,0.9934,25,8997.00,0.099720
4726,1000,0.50,500,2,480,0.9835,26,8841.00,0.125022
4727,1000,0.50,500,2,480,0.9616,27,8945.00,0.131170
4728,1000,0.50,500,2,480,1.0141,28,9235.00,0.119182
4729,1000,0.50,500,2,480,1.0604,29,2289.00,0.242942
4730,1000,0.50,500,2,480,1.0268,30,9100.00,0.159697
4731,1000,0.50,500,2,480,1.0259,31,148.00,0.492090
4732,1000,0.50,500,2,480,0.9928,32,8951.00,0.100402
4733,1000,0.50,500,2,480,1.0682,33,3765.00,0.668958
4734,1000,0.50,500,2,480,1.0078,34,9127.00,0.145799
4735,1000,0.50,500,2,480,0.9737,35,9161.00,0.098140
4736,1000,0.50,500,2,480,1.0097,36,9125.00,0.406652
4737,1000,0.50,500,2,480,0.9549,37,6645.00,0.156982
4738,1000,0.50,500,2,480,1.0698,38,1483.00,0.136593
4739,1000,0.50,500,2,480,0.9769,39,8847.00,0.114507
4740,1000,0.50,500,2,480,0.9538,40,9010.00,0.091009
4741,1000,0.50,500,2,480,1.0083,41,9106.00,0.075254
4742,1000,0.50,500,2,480,0.9991,42,9111.00,0.297078
4743,1000,0.50,500,2,480,1.0357,43,9193.00,0.172339
4744,1000,0.50,500,2,480,0.9887,44,329.00,0.245286
4745,1000,0.50,500,2,480,1.0091,45,8896.00,0.207037
4746,1000,0.50,500,2,480,0.9564,46,8846.00,0.075525
4747,1000,0.50,500,2,480,0.9933,47,9071.00,0.227947
4748,1000,0.50,500,2,480,1.0627,48,3208.00,0.187991
4749,1000,0.50,500,2,480,0.9840,49,9104.00,0.133025
4750,1000,0.50,500,2,480,0.9876,50,2267.00,0.352330
4751,1000,0.50,500,2,480,1.0011,51,8739.00,0.259757
4752,1000,0.50,500,2,480,0.9880,52,9025.00,0.141015
4753,1000,0.50,500,2,480,1.0072,53,8966.00,0.200829
4754,1000,0.50,500,2,480,1.0016,54,4521.00,0.232473
4755,1000,0.50,500,2,480,0.9961,55,9070.00,0.388740
4756,1000,0.50,500,2,480,0.9918,56,8964.00,0.113669
4757,1000,0.50,500,2,480,0.9823,57,5796.00,0.340547
4758,1000,0.50,500,2,480,0.9742,58,9071.00,0.173222
4759,1000,0.50,500,2,480,0.9362,59,9120.00,0.236726
4760,1000,0.50,500,2,480,1.0458,60,2405.00,0.271801
4761,1000,0.50,500,2,480,1.0667,61,4068.00,0.125710
4762,1000,0.50,500,2,480,0.9717,62,9387.00,0.065843
4763,1000,0.50,500,2,480,0.9707,63,8874.00,0.274454
4764,1000,0.50,500,2,480,0.9923,64,8993.00,0.265676
4765,1000,0.50,500,2,480,0.9400,65,8904.00,0.213855
4766,1000,0.50,500,2,480,1.0661,66,8990.00,0.210032
4767,1000,0.50,500,2,480,0.9965,67,9177.00,0.430135
4768,1000,0.50,500,2,480,1.0409,68,9143.00,0.278995
4769,1000,0.50,500,2,480,0.9997,69,761.00,0.072464
4770,1000,0.50,500,2,480,1.0202,70,9091.00,0.169485
4771,1000,0.50,500,2,480,0.9991,71,1296.00,0.479450
4772,1000,0.50,500,2,480,0.9766,72,6397.00,0.165212
4773,1000,0.50,500,2,480,0.9492,73,8990.00,0.094151
4774,1000,0.50,500,2,480,0.9617,74,8982.00,0.251121
4775,1000,0.50,500,2,480,0.9869,75,8918.00,0.166557
4776,1000,0.50,500,2,480,1.0001,76,1042.00,0.135918
4777,1000,0.50,500,2,480,1.0295,77,9034.00,0.127880
4778,1000,0.50,500,2,480,1.0272,78,9081.00,0.055234
4779,1000,0.50,500,2,480,0.9299,79,8828.00,0.115970
4780,1000,0.50,500,2,480,1.0167,80,9378.00,0.088887
4781,1000,0.50,500,2,480,1.0352,81,9101.00,0.070897
4782,1000,0.50,500,2,480,1.0419,82,9543.00,0.139952
4783,1000,0.50,500,2,480,1.0059,83,9235.00,0.299770
4784,1000,0.50,500,2,480,1.0518,84,1007.00,0.447342
4785,1000,0.50,500,2,480,1.0329,85,971.00,0.169825
4786,1000,0.50,500,2,480,1.0260,86,9081.00,0.167520
4787,1000,0.50,500,2,480,0.9920,87,8968.00,0.104830
4788,1000,0.50,500,2,480,0.9931,88,9335.00,0.548811
4789,1000,0.50,500,2,480,1.0139,89,9008.00,0.135833
4790,1000,0.50,500,2,480,1.0392,90,8832.00,0.251172
4791,1000,0.50,500,2,480,0.9370,91,8898.00,0.126996
4792,1000,0.50,500,2,480,1.0340,92,900.00,0.279036
4793,1000,0.50,500,2,480,1.0028,93,9024.00,0.208280
4794,1000,0.50,500,2,480,0.9759,94,8953.00,0.204408
4795,1000,0.50,500,2,480,1.0191,95,1692.00,0.192709
4796,1000,0.50,500,2,480,0.9644,96,9131.00,0.218242
4797,1000,0.50,500,2,480,0.9612,97,8961.00,0.162116
4798,1000,0.50,500,2,480,1.0093,98,8619.00,0.233574
4799,1000,0.50,500,2,480,0.9699,99,9020.00,0.130907
4800,1000,0.50,500,2,490,1.0521,0,4049.00,0.386389
4801,1000,0.50,500,2,490,0.9834,1,9282.00,0.306274
4802,1000,0.50,500,2,490,0.9766,2,9099.00,0.384202
4803,1000,0.50,500,2,490,1.0190,3,462.00,0.205077
4804,1000,0.50,500,2,490,0.9446,4,8908.00,0.064712
4805,1000,0.50,500,2,490,0.9732,5,9156.00,0.183245
4806,1000,0.50,500,2,490,0.9588,6,9146.00,0.247614
4807,1000,0.50,500,2,490,0.9712,7,8884.00,0.312301
4808,1000,0.50,500,2,490,1.0105,8,41.00,0.729239
4809,1000,0.50,500,2,490,0.9699,9,8861.00,0.096857
4810,1000,0.50,500,2,490,1.0048,10,9155.00,0.153689
4811,1000,0.50,500,2,490,0.9549,11,8867.00,0.029332
4812,1000,0.50,500,2,490,0.9640,12,9118.00,0.166756
4813,1000,0.50,500,2,490,0.9901,13,2149.00,0.527773
4814,1000,0.50,500,2,490,1.0146,14,9118.00,0.440483
4815,1000,0.50,500,2,490,1.0359,15,9380.00,0.098306
4816,1000,0.50,500,2,490,1.0118,16,9445.00,0.347076
4817,1000,0.50,500,2,490,1.0207,17,9153.00,0.253659
4818,1000,0.50,500,2,490,1.0112,18,9007.00,0.193347
4819,1000,0.50,500,2,490,0.9675,19,9238.00,0.239961
4820,1000,0.50,500,2,490,1.0052,20,500.00,0.303083
4821,1000,0.50,500,2,490,0.9122,21,9007.00,0.301812
4822,1000,0.50,500,2,490,0.9395,22,9422.00,0.302625
4823,1000,0.50,500,2,490,0.9835,23,9200.00,0.203319
4824,1000,0.50,500,2,490,1.0030,24,9192.00,0.174250
4825,1000,0.50,500,2,490,0.9974,25,9243.00,0.197183
4826,1000,0.50,500,2,490,1.0478,26,9331.00,0.250434
4827,1000,0.50,500,2,490,0.9695,27,9230.00,0.089145
4828,1000,0.50,500,2,490,1.0091,28,9043.00,0.189137
4829,1000,0.50,500,2,490,1.0206,29,9243.00,0.250710
4830,1000,0.50,500,2,490,0.9816,30,9117.00,0.161142
4831,1000,0.50,500,2,490,1.0163,31,8102.00,0.281183
4832,1000,0.50,500,2,490,1.0382,32,9417.00,0.266337
4833,1000,0.50,500,2,490,1.0408,33,2674.00,0.210244
4834,1000,0.50,500,2,490,1.0666,34,269.00,0.666827
4835,1000,0.50,500,2,490,1.0244,35,9365.00,0.120029
4836,1000,0.50,500,2,490,1.0281,36,9342.00,0.104846
4837,1000,0.50,500,2,490,0.9593,37,9142.00,0.212976
4838,1000,0.50,500,2,490,1.0360,38,5968.00,0.465902
4839,1000,0.50,500,2,490,0.9877,39,9180.00,0.141903
4840,1000,0.50,500,2,490,0.9439,40,9208.00,0.112129
4841,1000,0.50,500,2,490,0.9810,41,9264.00,0.203177
4842,1000,0.50,500,2,490,1.0092,42,9294.00,0.164398
4843,1000,0.50,500,2,490,1.0741,43,647.00,0.197518
4844,1000,0.50,500,2,490,0.9619,44,9404.00,0.191872
4845,1000,0.50,500,2,490,1.0234,45,3188.00,0.147285
4846,1000,0.50,500,2,490,1.0249,46,9118.00,0.252011
4847,1000,0.50,500,2,490,0.9923,47,9367.00,0.289608
4848,1000,0.50,500,2,490,0.9508,48,8925.00,0.020925
4849,1000,0.50,500,2,490,1.0105,49,9169.00,0.052248
4850,1000,0.50,500,2,490,0.9618,50,9303.00,0.140482
4851,1000,0.50,500,2,490,0.9472,51,9245.00,0.403273
4852,1000,0.50,500,2,490,0.9928,52,9621.00,0.143315
4853,1000,0.50,500,2,490,1.0147,53,9251.00,0.285587
4854,1000,0.50,500,2,490,0.9876,54,9562.00,0.404249
4855,1000,0.50,500,2,490,0.9714,55,9289.00,0.200724
4856,1000,0.50,500,2,490,0.9604,56,9088.00,0.086325
4857,1000,0.50,500,2,490,0.9741,57,9497.00,0.557340
4858,1000,0.50,500,2,490,0.9765,58,9136.00,0.204096
4859,1000,0.50,500,2,490,0.9149,59,8776.00,0.223347
4860,1000,0.50,500,2,490,1.0079,60,9165.00,0.074971
4861,1000,0.50,500,2,490,1.0349,61,9336.00,0.340486
4862,1000,0.50,500,2,490,0.9770,62,9091.00,0.142342
4863,1000,0.50,500,2,490,1.0075,63,1053.00,0.232247
4864,1000,0.50,500,2,490,0.9766,64,9342.00,0.379949
4865,1000,0.50,500,2,490,0.9552,65,1734.00,0.248821
4866,1000,0.50,500,2,490,0.9853,66,9092.00,0.133238
4867,1000,0.50,500,2,490,1.0352,67,9130.00,0.110506
4868,1000,0.50,500,2,490,1.0124,68,9471.00,0.331827
4869,1000,0.50,500,2,490,0.9680,69,9117.00,0.078162
4870,1000,0.50,500,2,490,0.9619,70,8958.00,0.376107
4871,1000,0.50,500,2,490,0.9532,71,8958.00,0.117559
4872,1000,0.50,500,2,490,0.9265,72,9154.00,0.302013
4873,1000,0.50,500,2,490,0.9621,73,9118.00,0.514561
4874,1000,0.50,500,2,490,1.0545,74,2009.00,0.229605
4875,1000,0.50,500,2,490,1.0043,75,9096.00,0.128364
4876,1000,0.50,500,2,490,0.9926,76,9431.00,0.278213
4877,1000,0.50,500,2,490,0.9571,77,9081.00,0.548559
4878,1000,0.50,500,2,490,1.0317,78,7957.00,0.140014
4879,1000,0.50,500,2,490,1.0329,79,6084.00,0.227275
4880,1000,0.50,500,2,490,1.0262,80,9214.00,0.425550
4881,1000,0.50,500,2,490,1.0035,81,3566.00,0.287731
4882,1000,0.50,500,2,490,0.9773,82,9408.00,0.139209
4883,1000,0.50,500,2,490,0.9590,83,9293.00,0.481674
4884,1000,0.50,500,2,490,1.0043,84,9303.00,0.139032
4885,1000,0.50,500,2,490,1.0013,85,9134.00,0.243777
4886,1000,0.50,500,2,490,0.9972,86,4716.00,0.183932
4887,1000,0.50,500,2,490,1.0354,87,4137.00,0.240210
4888,1000,0.50,500,2,490,1.0487,88,3054.00,0.457258
4889,1000,0.50,500,2,490,0.9913,89,9315.00,0.170598
4890,1000,0.50,500,2,490,1.0258,90,8973.00,0.150115
4891,1000,0.50,500,2,490,1.0222,91,9187.00,0.135808
4892,1000,0.50,500,2,490,0.9978,92,9313.00,0.271434
4893,1000,0.50,500,2,490,1.0242,93,223.00,0.296200
4894,1000,0.50,500,2,490,1.0043,94,9162.00,0.214969
4895,1000,0.50,500,2,490,1.0329,95,9025.00,0.076804
4896,1000,0.50,500,2,490,1.0099,96,9484.00,0.131559
4897,1000,0.50,500,2,490,1.0348,97,8993.00,0.098939
4898,1000,0.50,500,2,490,0.9833,98,9261.00,0.109373
4899,1000,0.50,500,2,490,0.9989,99,1715.00,0.295782
4900,1000,0.50,500,2,500,0.9912,0,9569.00,0.172253
4901,1000,0.50,500,2,500,0.9750,1,186.00,0.286963
4902,1000,0.50,500,2,500,0.9521,2,9219.00,0.483099
4903,1000,0.50,500,2,500,1.0399,3,3372.00,0.387632
4904,1000,0.50,500,2,500,0.9819,4,9420.00,0.258067
4905,1000,0.50,500,2,500,1.0051,5,9460.00,0.238478
4906,1000,0.50,500,2,500,0.9766,6,9412.00,0.303760
4907,1000,0.50,500,2,500,1.0511,7,5379.00,0.797613
4908,1000,0.50,500,2,500,0.9874,8,9396.00,0.205957
4909,1000,0.50,500,2,500,0.9745,9,9567.00,0.177274
4910,1000,0.50,500,2,500,1.0344,10,9223.00,0.113298
4911,1000,0.50,500,2,500,1.0131,11,9727.00,0.206073
4912,1000,0.50,500,2,500,1.0056,12,9727.00,0.173039
4913,1000,0.50,500,2,500,1.0243,13,9059.00,0.175027
4914,1000,0.50,500,2,500,1.0556,14,9626.00,0.214558
4915,1000,0.50,500,2,500,0.9734,15,7278.00,0.431684
4916,1000,0.50,500,2,500,1.0363,16,2126.00,0.242511
4917,1000,0.50,500,2,500,0.9927,17,9434.00,0.111659
4918,1000,0.50,500,2,500,0.9957,18,9679.00,0.539669
4919,1000,0.50,500,2,500,0.9654,19,9333.00,0.170772
4920,1000,0.50,500,2,500,0.9750,20,9452.00,0.112000
4921,1000,0.50,500,2,500,1.0316,21,1564.00,0.458776
4922,1000,0.50,500,2,500,0.9726,22,9314.00,0.215629
4923,1000,0.50,500,2,500,1.0139,23,9039.00,0.181951
4924,1000,0.50,500,2,500,1.0229,24,9759.00,0.190321
4925,1000,0.50,500,2,500,1.0130,25,9413.00,0.182006
4926,1000,0.50,500,2,500,1.0328,26,1410.00,0.139542
4927,1000,0.50,500,2,500,0.9694,27,9427.00,0.099519
4928,1000,0.50,500,2,500,1.0119,28,6639.00,0.128197
4929,1000,0.50,500,2,500,0.9953,29,981.00,0.160771
4930,1000,0.50,500,2,500,1.0579,30,3807.00,0.159170
4931,1000,0.50,500,2,500,0.9669,31,9514.00,0.184164
4932,1000,0.50,500,2,500,0.9705,32,9307.00,0.193375
4933,1000,0.50,500,2,500,1.0590,33,4139.00,0.175916
4934,1000,0.50,500,2,500,0.9899,34,9048.00,0.320967
4935,1000,0.50,500,2,500,0.9479,35,9327.00,0.495600
4936,1000,0.50,500,2,500,0.9862,36,9667.00,0.093205
4937,1000,0.50,500,2,500,1.0664,37,1455.00,0.402078
4938,1000,0.50,500,2,500,1.0098,38,9116.00,0.117199
4939,1000,0.50,500,2,500,1.0070,39,3173.00,0.428033
4940,1000,0.50,500,2,500,0.9987,40,9428.00,0.227837
4941,1000,0.50,500,2,500,1.0136,41,9423.00,0.169211
4942,1000,0.50,500,2,500,1.0711,42,2457.00,0.782778
4943,1000,0.50,500,2,500,0.9877,43,9458.00,0.170631
4944,1000,0.50,500,2,500,0.9729,44,9369.00,0.502663
4945,1000,0.50,500,2,500,0.9876,45,1512.00,0.134554
4946,1000,0.50,500,2,500,1.0425,46,8024.00,0.339652
4947,1000,0.50,500,2,500,1.0638,47,1052.00,0.268739
4948,1000,0.50,500,2,500,1.0364,48,5776.00,0.514378
4949,1000,0.50,500,2,500,0.9908,49,9244.00,0.484889
4950,1000,0.50,500,2,500,0.9527,50,9241.00,0.294491
4951,1000,0.50,500,2,500,1.0249,51,1119.00,0.196453
4952,1000,0.50,500,2,500,1.0336,52,9570.00,0.154104
4953,1000,0.50,500,2,500,1.0134,53,9445.00,0.307401
4954,1000,0.50,500,2,500,1.0112,54,8982.00,0.153332
4955,1000,0.50,500,2,500,0.9702,55,9266.00,0.147397
4956,1000,0.50,500,2,500,0.9804,56,9465.00,0.377656
4957,1000,0.50,500,2,500,0.9804,57,9556.00,0.190400
4958,1000,0.50,500,2,500,0.9853,58,6147.00,0.274191
4959,1000,0.50,500,2,500,0.9813,59,9558.00,0.292819
4960,1000,0.50,500,2,500,0.9533,60,9282.00,0.164188
4961,1000,0.50,500,2,500,1.0075,61,9517.00,0.177741
4962,1000,0.50,500,2,500,0.9720,62,9417.00,0.318094
4963,1000,0.50,500,2,500,1.0223,63,2225.00,0.383213
4964,1000,0.50,500,2,500,0.9571,64,9360.00,0.127034
4965,1000,0.50,500,2,500,0.9613,65,9317.00,0.065617
4966,1000,0.50,500,2,500,0.9495,66,9359.00,0.234504
4967,1000,0.50,500,2,500,1.0205,67,2561.00,0.514935
4968,1000,0.50,500,2,500,0.9925,68,8428.00,0.099769
4969,1000,0.50,500,2,500,1.0110,69,9811.00,0.404307
4970,1000,0.50,500,2,500,1.0143,70,3852.00,0.284228
4971,1000,0.50,500,2,500,1.0123,71,9340.00,0.131248
4972,1000,0.50,500,2,500,0.9500,72,9581.00,0.167988
4973,1000,0.50,500,2,500,0.9481,73,9065.00,0.387100
4974,1000,0.50,500,2,500,1.0060,74,130.00,0.243642
4975,1000,0.50,500,2,500,0.9984,75,9553.00,0.165779
4976,1000,0.50,500,2,500,1.0009,76,9309.00,0.148773
4977,1000,0.50,500,2,500,0.9887,77,9354.00,0.102323
4978,1000,0.50,500,2,500,1.0394,78,1146.00,0.193875
4979,1000,0.50,500,2,500,0.9265,79,9399.00,0.162247
4980,1000,0.50,500,2,500,1.0396,80,1141.00,0.244368
4981,1000,0.50,500,2,500,1.0138,81,9424.00,0.299235
4982,1000,0.50,500,2,500,0.9625,82,9554.00,0.340112
4983,1000,0.50,500,2,500,1.0142,83,883.00,0.305558
4984,1000,0.50,500,2,500,0.9768,84,9373.00,0.124019
4985,1000,0.50,500,2,500,1.0060,85,9268.00,0.126276
4986,1000,0.50,500,2,500,1.0220,86,2694.00,0.454433
4987,1000,0.50,500,2,500,1.0836,87,2339.00,0.731993
4988,1000,0.50,500,2,500,0.9818,88,9282.00,0.467340
4989,1000,0.50,500,2,500,1.0190,89,9263.00,0.253924
4990,1000,0.50,500,2,500,0.9891,90,9690.00,0.201313
4991,1000,0.50,500,2,500,0.9629,91,9548.00,0.130650
4992,1000,0.50,500,2,500,1.0089,92,9404.00,0.100981
4993,1000,0.50,500,2,500,0.9797,93,9279.00,0.150326
4994,1000,0.50,500,2,500,0.9967,94,577.00,0.211474
4995,1000,0.50,500,2,500,1.0421,95,1978.00,0.138822
4996,1000,0.50,500,2,500,1.0132,96,9365.00,0.119532
4997,1000,0.50,500,2,500,0.9769,97,9260.00,0.378517
4998,1000,0.50,500,2,500,0.9879,98,9367.00,0.070612
4999,1000,0.50,500,2,500,0.9990,99,9175.00,0.184062
5000,1000,0.50,500,3,10,1.0244,0,338.00,3.516758
5001,1000,0.50,500,3,10,0.9500,1,309.00,0.657487
5002,1000,0.50,500,3,10,0.9952,2,323.00,0.487322
5003,1000,0.50,500,3,10,0.9624,3,309.00,24.718409
5004,1000,0.50,500,3,10,1.0691,4,323.00,11.937608
5005,1000,0.50,500,3,10,1.0066,5,309.00,21.699680
5006,1000,0.50,500,3,10,0.9303,6,302.00,1.078241
5007,1000,0.50,500,3,10,1.0314,7,302.00,41.712643
5008,1000,0.50,500,3,10,0.9974,8,318.00,24.336906
5009,1000,0.50,500,3,10,0.9713,9,298.00,18.201757
5010,1000,0.50,500,3,10,0.9304,10,324.00,12.548918
5011,1000,0.50,500,3,10,1.0162,11,325.00,11.453137
5012,1000,0.50,500,3,10,1.0208,12,299.00,18.948217
5013,1000,0.50,500,3,10,0.9174,13,322.00,9.742851
5014,1000,0.50,500,3,10,0.9644,14,313.00,6.035109
5015,1000,0.50,500,3,10,0.9923,15,318.00,21.310602
5016,1000,0.50,500,3,10,0.9810,16,301.00,19.272610
5017,1000,0.50,500,3,10,1.0467,17,299.00,20.034204
5018,1000,0.50,500,3,10,0.9512,18,318.00,4.377060
5019,1000,0.50,500,3,10,0.9805,19,296.00,13.206258
5020,1000,0.50,500,3,10,0.9908,20,304.00,1.234824
5021,1000,0.50,500,3,10,0.9745,21,298.00,1.776851
5022,1000,0.50,500,3,10,0.9997,22,306.00,1.692257
5023,1000,0.50,500,3,10,1.0172,23,315.00,1.689749
5024,1000,0.50,500,3,10,1.0086,24,311.00,3.127467
5025,1000,0.50,500,3,10,0.9880,25,307.00,2.646805
5026,1000,0.50,500,3,10,0.9799,26,279.00,41.407608
5027,1000,0.50,500,3,10,1.0200,27,316.00,6.051898
5028,1000,0.50,500,3,10,1.0142,28,302.00,1.703222
5029,1000,0.50,500,3,10,1.0079,29,275.00,10.517673
5030,1000,0.50,500,3,10,0.9631,30,313.00,10.687531
5031,1000,0.50,500,3,10,1.0217,31,312.00,1.085326
5032,1000,0.50,500,3,10,1.0176,32,324.00,28.987116
5033,1000,0.50,500,3,10,0.9625,33,311.00,0.593457
5034,1000,0.50,500,3,10,0.9975,34,316.00,12.684444
5035,1000,0.50,500,3,10,0.9797,35,310.00,13.096068
5036,1000,0.50,500,3,10,0.9468,36,315.00,4.779141
5037,1000,0.50,500,3,10,0.9899,37,306.00,0.921866
5038,1000,0.50,500,3,10,1.0168,38,314.00,0.404235
5039,1000,0.50,500,3,10,0.9638,39,312.00,8.768892
5040,1000,0.50,500,3,10,0.9898,40,301.00,4.213403
5041,1000,0.50,500,3,10,0.9620,41,313.00,7.272528
5042,1000,0.50,500,3,10,1.0596,42,315.00,24.023731
5043,1000,0.50,500,3,10,1.0530,43,291.00,1.429938
5044,1000,0.50,500,3,10,0.9955,44,337.00,6.915881
5045,1000,0.50,500,3,10,1.0291,45,323.00,9.869749
5046,1000,0.50,500,3,10,1.0403,46,311.00,17.867662
5047,1000,0.50,500,3,10,1.0302,47,340.00,9.132066
5048,1000,0.50,500,3,10,1.0838,48,321.00,4.796224
5049,1000,0.50,500,3,10,0.9534,49,320.00,26.916969
5050,1000,0.50,500,3,10,1.0113,50,304.00,0.828052
5051,1000,0.50,500,3,10,1.0047,51,318.00,7.861570
5052,1000,0.50,500,3,10,0.9927,52,328.00,6.349198
5053,1000,0.50,500,3,10,1.0350,53,294.00,2.208912
5054,1000,0.50,500,3,10,0.9839,54,312.00,16.321074
5055,1000,0.50,500,3,10,0.9439,55,316.00,9.456936
5056,1000,0.50,500,3,10,0.9783,56,321.00,13.697515
5057,1000,0.50,500,3,10,0.9612,57,321.00,7.085522
5058,1000,0.50,500,3,10,1.0079,58,300.00,42.615589
5059,1000,0.50,500,3,10,1.0108,59,313.00,25.356539
5060,1000,0.50,500,3,10,1.0036,60,319.00,10.800097
5061,1000,0.50,500,3,10,0.9565,61,299.00,13.660235
5062,1000,0.50,500,3,10,0.9980,62,289.00,1.099383
5063,1000,0.50,500,3,10,0.9860,63,332.00,1.193147
5064,1000,0.50,500,3,10,1.0299,64,305.00,11.652050
5065,1000,0.50,500,3,10,1.0316,65,314.00,13.536895
5066,1000,0.50,500,3,10,1.0042,66,310.00,3.340190
5067,1000,0.50,500,3,10,1.0291,67,323.00,41.032539
5068,1000,0.50,500,3,10,0.9874,68,288.00,4.400327
5069,1000,0.50,500,3,10,1.0495,69,329.00,7.185698
5070,1000,0.50,500,3,10,1.0164,70,282.00,1.351583
5071,1000,0.50,500,3,10,0.9847,71,303.00,2.714868
5072,1000,0.50,500,3,10,0.9446,72,321.00,4.522614
5073,1000,0.50,500,3,10,0.9747,73,322.00,16.172703
5074,1000,0.50,500,3,10,0.9956,74,324.00,2.747504
5075,1000,0.50,500,3,10,1.0347,75,314.00,2.174779
5076,1000,0.50,500,3,10,1.0157,76,313.00,17.962633
5077,1000,0.50,500,3,10,0.9901,77,291.00,0.121540
5078,1000,0.50,500,3,10,0.9793,78,283.00,30.152300
5079,1000,0.50,500,3,10,1.0248,79,314.00,18.336143
5080,1000,0.50,500,3,10,1.0289,80,306.00,13.611841
5081,1000,0.50,500,3,10,0.9690,81,314.00,9.880496
5082,1000,0.50,500,3,10,1.0493,82,320.00,17.067863
5083,1000,0.50,500,3,10,1.0163,83,294.00,0.721755
5084,1000,0.50,500,3,10,1.0072,84,300.00,16.752237
5085,1000,0.50,500,3,10,1.0462,85,321.00,2.937501
5086,1000,0.50,500,3,10,0.9912,86,288.00,19.742193
5087,1000,0.50,500,3,10,0.9596,87,304.00,27.762079
5088,1000,0.50,500,3,10,0.9611,88,322.00,14.789711
5089,1000,0.50,500,3,10,1.0859,89,341.00,34.442696
5090,1000,0.50,500,3,10,0.9904,90,295.00,2.553228
5091,1000,0.50,500,3,10,1.0278,91,331.00,6.637772
5092,1000,0.50,500,3,10,0.9710,92,314.00,4.177159
5093,1000,0.50,500,3,10,1.0020,93,295.00,13.512328
5094,1000,0.50,500,3,10,1.0161,94,318.00,25.246233
5095,1000,0.50,500,3,10,0.9698,95,320.00,5.772254
5096,1000,0.50,500,3,10,0.9770,96,310.00,4.092973
5097,1000,0.50,500,3,10,1.0023,97,326.00,13.995693
5098,1000,0.50,500,3,10,0.9478,98,337.00,0.156512
5099,1000,0.50,500,3,10,1.0342,99,278.00,58.024937
5100,1000,0.50,500,3,20,0.9524,0,574.00,0.857537
5101,1000,0.50,500,3,20,0.9852,1,587.00,10.322446
5102,1000,0.50,500,3,20,0.9546,2,586.00,6.714707
5103,1000,0.50,500,3,20,0.9539,3,602.00,26.515711
5104,1000,0.50,500,3,20,0.9998,4,609.00,2.611255
5105,1000,0.50,500,3,20,0.9946,5,574.00,1.669993
5106,1000,0.50,500,3,20,0.9754,6,595.00,3.505305
5107,1000,0.50,500,3,20,1.0582,7,595.00,1.639427
5108,1000,0.50,500,3,20,1.0362,8,614.00,1.087804
5109,1000,0.50,500,3,20,0.9889,9,601.00,17.053225
5110,1000,0.50,500,3,20,0.9855,10,585.00,1.350932
5111,1000,0.50,500,3,20,1.0744,11,566.00,4.618198
5112,1000,0.50,500,3,20,1.0234,12,592.00,2.198992
5113,1000,0.50,500,3,20,0.9939,13,593.00,0.802278
5114,1000,0.50,500,3,20,0.9928,14,594.00,2.713681
5115,1000,0.50,500,3,20,0.9785,15,570.00,2.660649
5116,1000,0.50,500,3,20,0.9816,16,585.00,4.680679
5117,1000,0.50,500,3,20,0.9690,17,556.00,11.538376
5118,1000,0.50,500,3,20,0.9629,18,577.00,12.623590
5119,1000,0.50,500,3,20,0.9848,19,591.00,6.130176
5120,1000,0.50,500,3,20,0.9733,20,558.00,23.237789
5121,1000,0.50,500,3,20,0.9887,21,637.00,7.207480
5122,1000,0.50,500,3,20,1.0292,22,606.00,4.138210
5123,1000,0.50,500,3,20,1.0125,23,604.00,22.897051
5124,1000,0.50,500,3,20,1.0386,24,580.00,8.156457
5125,1000,0.50,500,3,20,1.0111,25,582.00,0.524611
5126,1000,0.50,500,3,20,0.9668,26,576.00,0.462302
5127,1000,0.50,500,3,20,0.9580,27,567.00,2.266590
5128,1000,0.50,500,3,20,1.0399,28,588.00,2.550962
5129,1000,0.50,500,3,20,0.9965,29,618.00,8.014494
5130,1000,0.50,500,3,20,1.0044,30,571.00,2.666121
5131,1000,0.50,500,3,20,1.0195,31,558.00,7.361084
5132,1000,0.50,500,3,20,1.0106,32,601.00,15.755588
5133,1000,0.50,500,3,20,1.0013,33,570.00,1.155661
5134,1000,0.50,500,3,20,0.9923,34,602.00,4.168938
5135,1000,0.50,500,3,20,0.9603,35,580.00,1.416874
5136,1000,0.50,500,3,20,0.9656,36,578.00,6.727345
5137,1000,0.50,500,3,20,1.0066,37,558.00,6.012537
5138,1000,0.50,500,3,20,0.9983,38,573.00,0.743289
5139,1000,0.50,500,3,20,1.0030,39,581.00,0.180951
5140,1000,0.50,500,3,20,0.9972,40,603.00,2.359998
5141,1000,0.50,500,3,20,1.0179,41,574.00,7.383837
5142,1000,0.50,500,3,20,1.0209,42,577.00,7.056759
5143,1000,0.50,500,3,20,1.0337,43,592.00,6.216347
5144,1000,0.50,500,3,20,0.9956,44,579.00,4.182020
5145,1000,0.50,500,3,20,1.0333,45,578.00,3.714113
5146,1000,0.50,500,3,20,0.9583,46,575.00,13.061150
5147,1000,0.50,500,3,20,1.0776,47,564.00,7.153498
5148,1000,0.50,500,3,20,1.0281,48,582.00,4.937628
5149,1000,0.50,500,3,20,1.0197,49,577.00,9.826534
5150,1000,0.50,500,3,20,1.0536,50,603.00,20.728231
5151,1000,0.50,500,3,20,0.9636,51,601.00,9.094780
5152,1000,0.50,500,3,20,1.0160,52,577.00,12.230668
5153,1000,0.50,500,3,20,0.9589,53,592.00,2.652650
5154,1000,0.50,500,3,20,0.9712,54,605.00,1.628994
5155,1000,0.50,500,3,20,0.9880,55,574.00,1.241757
5156,1000,0.50,500,3,20,1.0166,56,574.00,4.727714
5157,1000,0.50,500,3,20,1.0154,57,591.00,12.891757
5158,1000,0.50,500,3,20,1.0339,58,565.00,6.093873
5159,1000,0.50,500,3,20,0.9949,59,545.00,20.780132
5160,1000,0.50,500,3,20,0.9931,60,563.00,20.679384
5161,1000,0.50,500,3,20,1.0140,61,570.00,1.169907
5162,1000,0.50,500,3,20,0.9983,62,560.00,2.436800
5163,1000,0.50,500,3,20,0.9828,63,584.00,1.768631
5164,1000,0.50,500,3,20,1.0772,64,573.00,6.196183
5165,1000,0.50,500,3,20,1.0095,65,592.00,6.597763
5166,1000,0.50,500,3,20,0.9305,66,610.00,0.799579
5167,1000,0.50,500,3,20,0.9819,67,573.00,10.847358
5168,1000,0.50,500,3,20,1.0323,68,566.00,4.571140
5169,1000,0.50,500,3,20,0.9957,69,559.00,2.351573
5170,1000,0.50,500,3,20,0.9784,70,593.00,7.198698
5171,1000,0.50,500,3,20,0.9677,71,609.00,2.473114
5172,1000,0.50,500,3,20,0.9662,72,571.00,2.644837
5173,1000,0.50,500,3,20,1.0209,73,616.00,2.118600
5174,1000,0.50,500,3,20,0.9963,74,599.00,23.409449
5175,1000,0.50,500,3,20,1.0132,75,613.00,7.772872
5176,1000,0.50,500,3,20,0.9789,76,579.00,0.587380
5177,1000,0.50,500,3,20,0.9339,77,563.00,1.341113
5178,1000,0.50,500,3,20,1.0058,78,625.00,2.294138
5179,1000,0.50,500,3,20,0.9790,79,622.00,2.573723
5180,1000,0.50,500,3,20,0.9582,80,588.00,17.696672
5181,1000,0.50,500,3,20,0.9354,81,615.00,29.103127
5182,1000,0.50,500,3,20,1.0166,82,605.00,3.177080
5183,1000,0.50,500,3,20,1.0110,83,576.00,1.215567
5184,1000,0.50,500,3,20,0.9253,84,609.00,0.967486
5185,1000,0.50,500,3,20,0.9733,85,580.00,11.724880
5186,1000,0.50,500,3,20,0.9676,86,610.00,11.241537
5187,1000,0.50,500,3,20,0.9951,87,587.00,6.800990
5188,1000,0.50,500,3,20,1.0342,88,602.00,3.866864
5189,1000,0.50,500,3,20,1.0026,89,549.00,1.188007
5190,1000,0.50,500,3,20,1.0296,90,619.00,0.384191
5191,1000,0.50,500,3,20,1.0342,91,614.00,0.799401
5192,1000,0.50,500,3,20,0.9747,92,594.00,0.267902
5193,1000,0.50,500,3,20,0.9744,93,575.00,6.502528
5194,1000,0.50,500,3,20,0.9561,94,620.00,9.738206
5195,1000,0.50,500,3,20,0.9834,95,563.00,1.002827
5196,1000,0.50,500,3,20,1.0024,96,598.00,19.186888
5197,1000,0.50,500,3,20,1.0060,97,571.00,3.109365
5198,1000,0.50,500,3,20,1.0233,98,615.00,11.739817
5199,1000,0.50,500,3,20,1.0755,99,565.00,0.320638
5200,1000,0.50,500,3,30,0.9436,0,882.00,3.001240
5201,1000,0.50,500,3,30,1.0216,1,880.00,9.120256
5202,1000,0.50,500,3,30,1.0286,2,841.00,0.558521
5203,1000,0.50,500,3,30,0.9464,3,856.00,0.485203
5204,1000,0.50,500,3,30,0.9958,4,858.00,4.759564
5205,1000,0.50,500,3,30,1.0136,5,795.00,0.688065
5206,1000,0.50,500,3,30,1.0291,6,884.00,5.764867
5207,1000,0.50,500,3,30,1.0208,7,795.00,0.273211
5208,1000,0.50,500,3,30,1.0620,8,883.00,2.546571
5209,1000,0.50,500,3,30,0.9570,9,858.00,1.701389
5210,1000,0.50,500,3,30,1.0264,10,846.00,2.018615
5211,1000,0.50,500,3,30,1.0203,11,793.00,15.663671
5212,1000,0.50,500,3,30,1.0013,12,849.00,1.143923
5213,1000,0.50,500,3,30,1.0385,13,850.00,3.100124
5214,1000,0.50,500,3,30,0.8925,14,825.00,6.586153
5215,1000,0.50,500,3,30,1.0120,15,857.00,1.255412
5216,1000,0.50,500,3,30,0.9795,16,811.00,8.207309
5217,1000,0.50,500,3,30,1.0446,17,848.00,2.457917
5218,1000,0.50,500,3,30,0.9752,18,863.00,4.619260
5219,1000,0.50,500,3,30,1.0002,19,872.00,2.255049
5220,1000,0.50,500,3,30,0.9798,20,819.00,3.897108
5221,1000,0.50,500,3,30,1.0245,21,852.00,1.604918
5222,1000,0.50,500,3,30,1.0345,22,845.00,0.385941
5223,1000,0.50,500,3,30,1.0059,23,817.00,5.107143
5224,1000,0.50,500,3,30,1.0236,24,836.00,2.730163
5225,1000,0.50,500,3,30,0.9999,25,851.00,0.919215
5226,1000,0.50,500,3,30,1.0096,26,847.00,6.527625
5227,1000,0.50,500,3,30,1.0043,27,854.00,13.220263
5228,1000,0.50,500,3,30,1.0127,28,911.00,4.813264
5229,1000,0.50,500,3,30,1.0285,29,856.00,14.923452
5230,1000,0.50,500,3,30,0.9581,30,884.00,1.263396
5231,1000,0.50,500,3,30,1.0313,31,846.00,6.416009
5232,1000,0.50,500,3,30,1.0658,32,894.00,13.736868
5233,1000,0.50,500,3,30,0.9892,33,885.00,1.895959
5234,1000,0.50,500,3,30,0.9983,34,859.00,7.777061
5235,1000,0.50,500,3,30,0.9824,35,877.00,3.343199
5236,1000,0.50,500,3,30,0.9992,36,798.00,1.671298
5237,1000,0.50,500,3,30,0.9638,37,868.00,2.394555
5238,1000,0.50,500,3,30,1.0133,38,875.00,7.676291
5239,1000,0.50,500,3,30,0.9756,39,857.00,1.542615
5240,1000,0.50,500,3,30,0.9830,40,843.00,0.204804
5241,1000,0.50,500,3,30,1.0347,41,860.00,10.124413
5242,1000,0.50,500,3,30,0.9801,42,866.00,12.534619
5243,1000,0.50,500,3,30,0.9538,43,861.00,3.487424
5244,1000,0.50,500,3,30,1.0064,44,882.00,2.642864
5245,1000,0.50,500,3,30,1.0333,45,869.00,2.483390
5246,1000,0.50,500,3,30,0.9822,46,850.00,1.287807
5247,1000,0.50,500,3,30,1.0361,47,897.00,0.170448
5248,1000,0.50,500,3,30,1.0301,48,895.00,1.392904
5249,1000,0.50,500,3,30,0.9789,49,817.00,1.019608
5250,1000,0.50,500,3,30,0.9756,50,842.00,3.350680
5251,1000,0.50,500,3,30,0.9913,51,830.00,6.005705
5252,1000,0.50,500,3,30,0.9994,52,848.00,0.748602
5253,1000,0.50,500,3,30,1.0319,53,862.00,1.279222
5254,1000,0.50,500,3,30,0.9380,54,832.00,11.507771
5255,1000,0.50,500,3,30,1.0507,55,835.00,4.578663
5256,1000,0.50,500,3,30,0.9630,56,816.00,1.470918
5257,1000,0.50,500,3,30,0.9779,57,819.00,11.994802
5258,1000,0.50,500,3,30,1.0182,58,878.00,4.885663
5259,1000,0.50,500,3,30,0.9928,59,833.00,3.606849
5260,1000,0.50,500,3,30,0.9754,60,846.00,14.979461
5261,1000,0.50,500,3,30,0.9175,61,857.00,0.443066
5262,1000,0.50,500,3,30,0.9992,62,865.00,0.853446
5263,1000,0.50,500,3,30,0.9752,63,858.00,9.526280
5264,1000,0.50,500,3,30,0.9919,64,861.00,2.673595
5265,1000,0.50,500,3,30,1.0075,65,825.00,2.835150
5266,1000,0.50,500,3,30,1.0175,66,877.00,0.646171
5267,1000,0.50,500,3,30,1.0130,67,844.00,2.143114
5268,1000,0.50,500,3,30,1.0579,68,804.00,0.196962
5269,1000,0.50,500,3,30,0.9754,69,859.00,0.412535
5270,1000,0.50,500,3,30,0.9770,70,842.00,7.961589
5271,1000,0.50,500,3,30,1.0064,71,843.00,8.229093
5272,1000,0.50,500,3,30,1.0027,72,878.00,0.908241
5273,1000,0.50,500,3,30,1.0167,73,855.00,0.736263
5274,1000,0.50,500,3,30,1.0368,74,845.00,16.853287
5275,1000,0.50,500,3,30,0.9801,75,880.00,17.869026
5276,1000,0.50,500,3,30,1.0259,76,863.00,18.910683
5277,1000,0.50,500,3,30,0.9582,77,861.00,5.103542
5278,1000,0.50,500,3,30,0.9555,78,883.00,1.925459
5279,1000,0.50,500,3,30,0.9585,79,841.00,10.852748
5280,1000,0.50,500,3,30,1.0190,80,868.00,13.671481
5281,1000,0.50,500,3,30,1.0020,81,834.00,15.347834
5282,1000,0.50,500,3,30,1.0203,82,858.00,4.133890
5283,1000,0.50,500,3,30,0.9576,83,852.00,2.779702
5284,1000,0.50,500,3,30,1.0505,84,833.00,2.125967
5285,1000,0.50,500,3,30,1.0407,85,862.00,3.889788
5286,1000,0.50,500,3,30,1.0204,86,855.00,0.791821
5287,1000,0.50,500,3,30,0.9913,87,823.00,0.317373
5288,1000,0.50,500,3,30,1.0322,88,854.00,14.441995
5289,1000,0.50,500,3,30,1.0192,89,855.00,0.475369
5290,1000,0.50,500,3,30,0.9844,90,849.00,0.543035
5291,1000,0.50,500,3,30,1.0632,91,875.00,5.340323
5292,1000,0.50,500,3,30,1.0337,92,867.00,0.127672
5293,1000,0.50,500,3,30,0.9713,93,830.00,2.280257
5294,1000,0.50,500,3,30,1.0135,94,839.00,18.093060
5295,1000,0.50,500,3,30,1.0219,95,849.00,14.989759
5296,1000,0.50,500,3,30,1.0251,96,841.00,0.385219
5297,1000,0.50,500,3,30,1.0407,97,873.00,14.068322
5298,1000,0.50,500,3,30,1.0577,98,854.00,1.665932
5299,1000,0.50,500,3,30,0.9933,99,878.00,1.231622
5300,1000,0.50,500,3,40,0.9885,0,1153.00,17.394276
5301,1000,0.50,500,3,40,1.0069,1,1127.00,8.028668
5302,1000,0.50,500,3,40,1.0063,2,1160.00,2.261752
5303,1000,0.50,500,3,40,0.9817,3,1170.00,1.778995
5304,1000,0.50,500,3,40,0.9880,4,1124.00,11.214818
5305,1000,0.50,500,3,40,1.0015,5,1112.00,5.301386
5306,1000,0.50,500,3,40,1.0086,6,1106.00,2.351497
5307,1000,0.50,500,3,40,0.9881,7,1142.00,11.028317
5308,1000,0.50,500,3,40,0.9749,8,1140.00,4.679075
5309,1000,0.50,500,3,40,0.9769,9,1097.00,2.361715
5310,1000,0.50,500,3,40,0.9485,10,1124.00,1.156254
5311,1000,0.50,500,3,40,1.0235,11,1151.00,4.553640
5312,1000,0.50,500,3,40,0.9182,12,1079.00,1.319896
5313,1000,0.50,500,3,40,1.0061,13,1144.00,0.285992
5314,1000,0.50,500,3,40,0.9498,14,1088.00,17.352894
5315,1000,0.50,500,3,40,0.9193,15,1084.00,6.866379
5316,1000,0.50,500,3,40,0.9992,16,1124.00,2.455157
5317,1000,0.50,500,3,40,0.9745,17,1139.00,0.279611
5318,1000,0.50,500,3,40,0.9774,18,1079.00,0.712236
5319,1000,0.50,500,3,40,1.0480,19,1125.00,0.472583
5320,1000,0.50,500,3,40,1.0151,20,1098.00,4.253168
5321,1000,0.50,500,3,40,1.0086,21,1124.00,3.400652
5322,1000,0.50,500,3,40,1.0163,22,1142.00,0.395828
5323,1000,0.50,500,3,40,0.9829,23,1118.00,5.736777
5324,1000,0.50,500,3,40,0.9902,24,1098.00,2.028116
5325,1000,0.50,500,3,40,0.9593,25,1162.00,1.465467
5326,1000,0.50,500,3,40,1.0257,26,1087.00,1.096683
5327,1000,0.50,500,3,40,0.9764,27,1149.00,9.556071
5328,1000,0.50,500,3,40,1.0750,28,1120.00,0.407222
5329,1000,0.50,500,3,40,0.9689,29,1110.00,6.840384
5330,1000,0.50,500,3,40,0.9591,30,1139.00,7.655965
5331,1000,0.50,500,3,40,0.9825,31,1138.00,6.360743
5332,1000,0.50,500,3,40,0.9987,32,1114.00,0.718179
5333,1000,0.50,500,3,40,0.9664,33,1076.00,1.437278
5334,1000,0.50,500,3,40,1.0002,34,1121.00,1.773938
5335,1000,0.50,500,3,40,1.0069,35,1116.00,3.748198
5336,1000,0.50,500,3,40,0.9804,36,1086.00,3.721988
5337,1000,0.50,500,3,40,0.9970,37,1144.00,7.702286
5338,1000,0.50,500,3,40,0.9783,38,1136.00,4.157218
5339,1000,0.50,500,3,40,0.9911,39,1115.00,0.790614
5340,1000,0.50,500,3,40,0.9830,40,1113.00,3.229463
5341,1000,0.50,500,3,40,1.0165,41,1144.00,2.842535
5342,1000,0.50,500,3,40,0.9804,42,1117.00,0.452632
5343,1000,0.50,500,3,40,0.9708,43,1117.00,2.721245
5344,1000,0.50,500,3,40,0.9740,44,1144.00,1.113346
5345,1000,0.50,500,3,40,1.0590,45,1164.00,3.630076
5346,1000,0.50,500,3,40,1.0284,46,1130.00,1.251151
5347,1000,0.50,500,3,40,1.0222,47,1107.00,0.571889
5348,1000,0.50,500,3,40,0.8980,48,1147.00,7.945481
5349,1000,0.50,500,3,40,0.9425,49,1151.00,0.626685
5350,1000,0.50,500,3,40,1.0146,50,1193.00,7.848715
5351,1000,0.50,500,3,40,1.0737,51,1144.00,3.192019
5352,1000,0.50,500,3,40,1.0428,52,1131.00,7.153942
5353,1000,0.50,500,3,40,0.9746,53,1128.00,1.533498
5354,1000,0.50,500,3,40,0.9929,54,1130.00,1.973222
5355,1000,0.50,500,3,40,1.0021,55,1115.00,5.223672
5356,1000,0.50,500,3,40,0.9973,56,1101.00,0.129303
5357,1000,0.50,500,3,40,0.9600,57,1111.00,1.547444
5358,1000,0.50,500,3,40,1.0196,58,1059.00,1.981262
5359,1000,0.50,500,3,40,0.9818,59,1089.00,0.235543
5360,1000,0.50,500,3,40,1.0300,60,1112.00,1.803559
5361,1000,0.50,500,3,40,1.0464,61,1125.00,14.389638
5362,1000,0.50,500,3,40,1.0400,62,1132.00,2.485939
5363,1000,0.50,500,3,40,0.9624,63,1095.00,2.510909
5364,1000,0.50,500,3,40,0.9869,64,1095.00,0.644234
5365,1000,0.50,500,3,40,0.9627,65,1122.00,0.832437
5366,1000,0.50,500,3,40,1.0091,66,1109.00,0.880444
5367,1000,0.50,500,3,40,0.9936,67,1107.00,1.966038
5368,1000,0.50,500,3,40,1.0101,68,1128.00,7.553339
5369,1000,0.50,500,3,40,1.0066,69,1104.00,0.633854
5370,1000,0.50,500,3,40,0.9667,70,1122.00,1.872384
5371,1000,0.50,500,3,40,1.0533,71,1118.00,0.564262
5372,1000,0.50,500,3,40,0.9708,72,1092.00,0.618298
5373,1000,0.50,500,3,40,1.0042,73,1125.00,3.408975
5374,1000,0.50,500,3,40,0.9596,74,1126.00,0.317372
5375,1000,0.50,500,3,40,0.9996,75,1101.00,11.382868
5376,1000,0.50,500,3,40,0.9359,76,1119.00,2.084515
5377,1000,0.50,500,3,40,1.0009,77,1122.00,2.412014
5378,1000,0.50,500,3,40,1.0321,78,1164.00,4.118392
5379,1000,0.50,500,3,40,1.0081,79,1112.00,0.598686
5380,1000,0.50,500,3,40,1.0303,80,1118.00,1.352357
5381,1000,0.50,500,3,40,1.0240,81,1103.00,7.512609
5382,1000,0.50,500,3,40,0.9983,82,1119.00,6.234733
5383,1000,0.50,500,3,40,1.0196,83,1083.00,1.094886
5384,1000,0.50,500,3,40,1.0152,84,1118.00,0.978430
5385,1000,0.50,500,3,40,0.9774,85,1113.00,1.330480
5386,1000,0.50,500,3,40,0.9959,86,1142.00,14.317378
5387,1000,0.50,500,3,40,1.0222,87,1155.00,2.097117
5388,1000,0.50,500,3,40,1.0476,88,1141.00,5.909788
5389,1000,0.50,500,3,40,0.9878,89,1106.00,1.403003
5390,1000,0.50,500,3,40,0.9837,90,1114.00,2.506815
5391,1000,0.50,500,3,40,0.9276,91,1135.00,1.912183
5392,1000,0.50,500,3,40,0.9900,92,1135.00,1.118298
5393,1000,0.50,500,3,40,1.0052,93,1129.00,2.205786
5394,1000,0.50,500,3,40,0.9828,94,1112.00,0.403942
5395,1000,0.50,500,3,40,1.0056,95,1094.00,1.702699
5396,1000,0.50,500,3,40,1.0512,96,1111.00,15.196065
5397,1000,0.50,500,3,40,0.9941,97,1121.00,22.871382
5398,1000,0.50,500,3,40,0.9830,98,1124.00,0.898815
5399,1000,0.50,500,3,40,0.9575,99,1124.00,1.379521
5400,1000,0.50,500,3,50,0.9864,0,1362.00,0.477352
5401,1000,0.50,500,3,50,0.9906,1,1391.00,1.384687
5402,1000,0.50,500,3,50,1.0231,2,1403.00,0.206575
5403,1000,0.50,500,3,50,0.9601,3,1339.00,0.378506
5404,1000,0.50,500,3,50,1.0228,4,1404.00,10.666188
5405,1000,0.50,500,3,50,0.9558,5,1363.00,2.497336
5406,1000,0.50,500,3,50,0.9264,6,1448.00,1.984549
5407,1000,0.50,500,3,50,0.9939,7,1374.00,0.700196
5408,1000,0.50,500,3,50,0.9864,8,1401.00,1.913049
5409,1000,0.50,500,3,50,0.9836,9,1421.00,5.463034
5410,1000,0.50,500,3,50,0.9859,10,1406.00,2.570563
5411,1000,0.50,500,3,50,0.9641,11,1458.00,1.153064
5412,1000,0.50,500,3,50,0.9985,12,1389.00,0.854165
5413,1000,0.50,500,3,50,1.0177,13,1327.00,6.111542
5414,1000,0.50,500,3,50,0.9954,14,1413.00,0.970632
5415,1000,0.50,500,3,50,0.9560,15,1341.00,0.668454
5416,1000,0.50,500,3,50,1.0218,16,1447.00,2.013243
5417,1000,0.50,500,3,50,1.0231,17,1411.00,7.310308
5418,1000,0.50,500,3,50,1.0036,18,1436.00,7.607916
5419,1000,0.50,500,3,50,1.0069,19,1367.00,4.969854
5420,1000,0.50,500,3,50,0.9559,20,1425.00,0.906841
5421,1000,0.50,500,3,50,1.0372,21,1377.00,1.296023
5422,1000,0.50,500,3,50,1.0270,22,1403.00,1.366381
5423,1000,0.50,500,3,50,1.0133,23,1416.00,8.526137
5424,1000,0.50,500,3,50,0.9991,24,1344.00,1.999735
5425,1000,0.50,500,3,50,1.0432,25,1391.00,7.092955
5426,1000,0.50,500,3,50,1.0369,26,1338.00,2.712544
5427,1000,0.50,500,3,50,1.0428,27,1365.00,10.346158
5428,1000,0.50,500,3,50,0.9573,28,1351.00,1.055926
5429,1000,0.50,500,3,50,1.0088,29,1394.00,4.328283
5430,1000,0.50,500,3,50,1.0334,30,1430.00,9.767268
5431,1000,0.50,500,3,50,1.0060,31,1390.00,1.069220
5432,1000,0.50,500,3,50,1.0279,32,1395.00,1.550409
5433,1000,0.50,500,3,50,0.9934,33,1361.00,1.604196
5434,1000,0.50,500,3,50,0.9202,34,1389.00,0.381810
5435,1000,0.50,500,3,50,1.0223,35,1437.00,0.952040
5436,1000,0.50,500,3,50,0.9634,36,1419.00,2.166790
5437,1000,0.50,500,3,50,1.0665,37,1465.00,1.850869
5438,1000,0.50,500,3,50,0.9694,38,1406.00,6.522849
5439,1000,0.50,500,3,50,0.9712,39,1423.00,2.502725
5440,1000,0.50,500,3,50,1.0167,40,1423.00,7.197296
5441,1000,0.50,500,3,50,0.9914,41,1390.00,0.334856
5442,1000,0.50,500,3,50,1.0353,42,1359.00,0.242782
5443,1000,0.50,500,3,50,1.0093,43,1344.00,1.340868
5444,1000,0.50,500,3,50,0.9679,44,1432.00,6.747478
5445,1000,0.50,500,3,50,0.9698,45,1357.00,1.789990
5446,1000,0.50,500,3,50,0.9691,46,1334.00,0.381721
5447,1000,0.50,500,3,50,1.0484,47,1416.00,6.775396
5448,1000,0.50,500,3,50,0.9410,48,1409.00,3.635948
5449,1000,0.50,500,3,50,1.0066,49,1416.00,1.627658
5450,1000,0.50,500,3,50,0.9770,50,1409.00,1.002361
5451,1000,0.50,500,3,50,1.0174,51,1405.00,3.923870
5452,1000,0.50,500,3,50,0.9749,52,1389.00,4.655238
5453,1000,0.50,500,3,50,0.9498,53,1378.00,1.522213
5454,1000,0.50,500,3,50,0.9162,54,1395.00,9.018546
5455,1000,0.50,500,3,50,0.9437,55,1433.00,1.903268
5456,1000,0.50,500,3,50,1.0096,56,1397.00,6.178730
5457,1000,0.50,500,3,50,0.9602,57,1371.00,2.978261
5458,1000,0.50,500,3,50,0.9771,58,1411.00,2.742647
5459,1000,0.50,500,3,50,1.0442,59,1408.00,2.167584
5460,1000,0.50,500,3,50,1.0042,60,1418.00,2.355442
5461,1000,0.50,500,3,50,1.0018,61,1434.00,0.226981
5462,1000,0.50,500,3,50,1.0001,62,1382.00,0.711063
5463,1000,0.50,500,3,50,1.0351,63,1410.00,0.339135
5464,1000,0.50,500,3,50,0.9793,64,1383.00,18.340473
5465,1000,0.50,500,3,50,1.0020,65,1429.00,11.041159
5466,1000,0.50,500,3,50,1.0054,66,1359.00,0.950864
5467,1000,0.50,500,3,50,0.9241,67,1376.00,1.377062
5468,1000,0.50,500,3,50,0.9458,68,1381.00,0.942030
5469,1000,0.50,500,3,50,1.0076,69,1376.00,4.309166
5470,1000,0.50,500,3,50,0.9882,70,1416.00,12.106551
5471,1000,0.50,500,3,50,1.0280,71,1411.00,1.896534
5472,1000,0.50,500,3,50,0.9908,72,1368.00,3.207347
5473,1000,0.50,500,3,50,1.0145,73,1392.00,10.339636
5474,1000,0.50,500,3,50,1.0011,74,1376.00,1.566077
5475,1000,0.50,500,3,50,0.9752,75,1425.00,5.314924
5476,1000,0.50,500,3,50,1.0301,76,1399.00,4.108497
5477,1000,0.50,500,3,50,0.9731,77,1388.00,2.581150
5478,1000,0.50,500,3,50,0.9877,78,1365.00,3.101516
5479,1000,0.50,500,3,50,0.9758,79,1429.00,0.640109
5480,1000,0.50,500,3,50,1.0194,80,1356.00,6.124277
5481,1000,0.50,500,3,50,1.0289,81,1427.00,3.275270
5482,1000,0.50,500,3,50,0.9779,82,1404.00,13.578130
5483,1000,0.50,500,3,50,0.9326,83,1404.00,3.630908
5484,1000,0.50,500,3,50,0.9981,84,1389.00,0.257202
5485,1000,0.50,500,3,50,0.9269,85,1341.00,0.488610
5486,1000,0.50,500,3,50,1.0146,86,1426.00,0.869830
5487,1000,0.50,500,3,50,0.9933,87,1403.00,0.837078
5488,1000,0.50,500,3,50,1.0198,88,1387.00,3.098788
5489,1000,0.50,500,3,50,1.0401,89,1444.00,8.213818
5490,1000,0.50,500,3,50,1.0053,90,1362.00,2.609973
5491,1000,0.50,500,3,50,1.0479,91,1385.00,0.361170
5492,1000,0.50,500,3,50,1.0026,92,1358.00,1.642030
5493,1000,0.50,500,3,50,0.9755,93,1386.00,0.594546
5494,1000,0.50,500,3,50,1.0413,94,1375.00,2.379093
5495,1000,0.50,500,3,50,1.0020,95,1369.00,1.819843
5496,1000,0.50,500,3,50,1.0159,96,1402.00,1.457799
5497,1000,0.50,500,3,50,0.9776,97,1402.00,4.054241
5498,1000,0.50,500,3,50,0.9634,98,1408.00,2.219304
5499,1000,0.50,500,3,50,1.0461,99,1366.00,0.169937
5500,1000,0.50,500,3,60,0.9647,0,1672.00,6.750092
5501,1000,0.50,500,3,60,0.9674,1,1703.00,2.490236
5502,1000,0.50,500,3,60,1.0025,2,1702.00,0.771513
5503,1000,0.50,500,3,60,0.9405,3,1607.00,1.253913
5504,1000,0.50,500,3,60,1.0404,4,1671.00,0.278314
5505,1000,0.50,500,3,60,1.0163,5,1628.00,1.159946
5506,1000,0.50,500,3,60,0.9884,6,1617.00,2.679998
5507,1000,0.50,500,3,60,1.0404,7,1695.00,4.537711
5508,1000,0.50,500,3,60,0.9807,8,1674.00,3.911678
5509,1000,0.50,500,3,60,1.0120,9,1706.00,5.781157
5510,1000,0.50,500,3,60,0.9829,10,1712.00,3.362200
5511,1000,0.50,500,3,60,1.0315,11,1659.00,1.617182
5512,1000,0.50,500,3,60,0.9913,12,1628.00,10.050950
5513,1000,0.50,500,3,60,0.9687,13,1647.00,0.220966
5514,1000,0.50,500,3,60,1.0132,14,1710.00,0.867247
5515,1000,0.50,500,3,60,1.0080,15,1690.00,4.807521
5516,1000,0.50,500,3,60,1.0290,16,1701.00,3.386059
5517,1000,0.50,500,3,60,0.9795,17,1686.00,0.386640
5518,1000,0.50,500,3,60,0.9516,18,1693.00,7.004275
5519,1000,0.50,500,3,60,1.0084,19,1726.00,1.220170
5520,1000,0.50,500,3,60,1.0317,20,1644.00,2.050145
5521,1000,0.50,500,3,60,0.9409,21,1705.00,0.497581
5522,1000,0.50,500,3,60,0.9894,22,1711.00,4.878115
5523,1000,0.50,500,3,60,1.0387,23,1756.00,0.565581
5524,1000,0.50,500,3,60,0.9851,24,1709.00,1.281900
5525,1000,0.50,500,3,60,1.0067,25,1682.00,0.902469
5526,1000,0.50,500,3,60,1.0211,26,1763.00,2.034356
5527,1000,0.50,500,3,60,1.0161,27,1704.00,3.673892
5528,1000,0.50,500,3,60,0.9584,28,1742.00,0.321014
5529,1000,0.50,500,3,60,1.0095,29,1713.00,2.926181
5530,1000,0.50,500,3,60,0.9535,30,1650.00,3.537888
5531,1000,0.50,500,3,60,0.9930,31,1660.00,5.601502
5532,1000,0.50,500,3,60,1.0170,32,1709.00,1.426670
5533,1000,0.50,500,3,60,1.0280,33,1674.00,2.337773
5534,1000,0.50,500,3,60,1.0024,34,1713.00,4.745290
5535,1000,0.50,500,3,60,0.9338,35,1577.00,0.582396
5536,1000,0.50,500,3,60,1.0383,36,1669.00,1.586634
5537,1000,0.50,500,3,60,0.9924,37,1687.00,3.088477
5538,1000,0.50,500,3,60,0.9820,38,1697.00,3.924223
5539,1000,0.50,500,3,60,0.9769,39,1670.00,3.217521
5540,1000,0.50,500,3,60,1.0869,40,1650.00,2.403181
5541,1000,0.50,500,3,60,0.9416,41,1633.00,0.233287
5542,1000,0.50,500,3,60,0.9771,42,1692.00,2.425180
5543,1000,0.50,500,3,60,0.9969,43,1644.00,0.988590
5544,1000,0.50,500,3,60,0.9995,44,1666.00,2.051084
5545,1000,0.50,500,3,60,0.9413,45,1633.00,0.833269
5546,1000,0.50,500,3,60,0.9748,46,1705.00,4.927081
5547,1000,0.50,500,3,60,1.0624,47,1728.00,0.488364
5548,1000,0.50,500,3,60,0.9944,48,1680.00,7.001264
5549,1000,0.50,500,3,60,1.0270,49,1669.00,4.524285
5550,1000,0.50,500,3,60,0.9978,50,1604.00,0.841743
5551,1000,0.50,500,3,60,1.0298,51,1670.00,3.218744
5552,1000,0.50,500,3,60,0.9693,52,1671.00,2.804291
5553,1000,0.50,500,3,60,1.0290,53,1674.00,1.725347
5554,1000,0.50,500,3,60,0.9855,54,1666.00,9.611639
5555,1000,0.50,500,3,60,1.0236,55,1700.00,2.080028
5556,1000,0.50,500,3,60,0.9677,56,1688.00,0.110357
5557,1000,0.50,500,3,60,0.9769,57,1652.00,0.751090
5558,1000,0.50,500,3,60,1.0401,58,1681.00,1.032811
5559,1000,0.50,500,3,60,0.9966,59,1652.00,1.870491
5560,1000,0.50,500,3,60,0.9937,60,1648.00,0.307289
5561,1000,0.50,500,3,60,0.9898,61,1656.00,6.038634
5562,1000,0.50,500,3,60,0.9805,62,1614.00,1.605716
5563,1000,0.50,500,3,60,1.0108,63,1657.00,1.053594
5564,1000,0.50,500,3,60,0.9832,64,1625.00,1.386676
5565,1000,0.50,500,3,60,1.0025,65,1677.00,3.203740
5566,1000,0.50,500,3,60,0.9399,66,1672.00,1.546040
5567,1000,0.50,500,3,60,1.0009,67,1719.00,0.171713
5568,1000,0.50,500,3,60,1.0020,68,1679.00,0.429720
5569,1000,0.50,500,3,60,0.9529,69,1650.00,0.213786
5570,1000,0.50,500,3,60,0.9919,70,1675.00,0.214906
5571,1000,0.50,500,3,60,0.9756,71,1665.00,0.152171
5572,1000,0.50,500,3,60,0.9986,72,1721.00,2.903552
5573,1000,0.50,500,3,60,0.9952,73,1640.00,0.863343
5574,1000,0.50,500,3,60,0.9976,74,1631.00,4.481111
5575,1000,0.50,500,3,60,1.0535,75,694.00,0.765810
5576,1000,0.50,500,3,60,0.9991,76,1692.00,0.479700
5577,1000,0.50,500,3,60,0.9736,77,1650.00,0.783548
5578,1000,0.50,500,3,60,1.0063,78,1671.00,8.964202
5579,1000,0.50,500,3,60,0.9342,79,1664.00,3.218268
5580,1000,0.50,500,3,60,1.0093,80,1703.00,2.600250
5581,1000,0.50,500,3,60,0.9835,81,1592.00,1.415984
5582,1000,0.50,500,3,60,0.9698,82,1735.00,3.556179
5583,1000,0.50,500,3,60,1.0036,83,1727.00,4.339405
5584,1000,0.50,500,3,60,1.0003,84,1599.00,0.586587
5585,1000,0.50,500,3,60,1.0088,85,1616.00,6.965907
5586,1000,0.50,500,3,60,1.0197,86,1674.00,13.581153
5587,1000,0.50,500,3,60,1.0419,87,1624.00,0.337474
5588,1000,0.50,500,3,60,0.9605,88,1669.00,3.280119
5589,1000,0.50,500,3,60,1.0286,89,1663.00,1.321347
5590,1000,0.50,500,3,60,0.9448,90,1647.00,2.992950
5591,1000,0.50,500,3,60,1.0545,91,1649.00,0.332746
5592,1000,0.50,500,3,60,1.0272,92,1704.00,2.472796
5593,1000,0.50,500,3,60,1.0398,93,1658.00,0.347651
5594,1000,0.50,500,3,60,0.9520,94,1646.00,1.180467
5595,1000,0.50,500,3,60,0.9465,95,1675.00,0.437731
5596,1000,0.50,500,3,60,1.0594,96,1672.00,1.872927
5597,1000,0.50,500,3,60,1.0129,97,1726.00,6.778779
5598,1000,0.50,500,3,60,0.9971,98,1756.00,1.580729
5599,1000,0.50,500,3,60,0.9617,99,1697.00,1.117823
5600,1000,0.50,500,3,70,1.0023,0,1900.00,2.617146
5601,1000,0.50,500,3,70,0.9375,1,1909.00,1.963688
5602,1000,0.50,500,3,70,1.0210,2,1876.00,0.488742
5603,1000,0.50,500,3,70,1.0240,3,1908.00,0.546876
5604,1000,0.50,500,3,70,1.0016,4,1901.00,0.298732
5605,1000,0.50,500,3,70,1.0728,5,1987.00,4.600781
5606,1000,0.50,500,3,70,1.0251,6,1946.00,1.515453
5607,1000,0.50,500,3,70,1.0099,7,1948.00,0.953500
5608,1000,0.50,500,3,70,1.0024,8,1929.00,0.701552
5609,1000,0.50,500,3,70,1.0585,9,1898.00,3.220507
5610,1000,0.50,500,3,70,0.9965,10,1913.00,3.357244
5611,1000,0.50,500,3,70,0.9377,11,1863.00,0.607912
5612,1000,0.50,500,3,70,0.9482,12,1981.00,2.223857
5613,1000,0.50,500,3,70,1.0233,13,1959.00,0.425194
5614,1000,0.50,500,3,70,0.9848,14,1990.00,1.213991
5615,1000,0.50,500,3,70,1.0125,15,1956.00,1.105658
5616,1000,0.50,500,3,70,0.9635,16,2045.00,13.608247
5617,1000,0.50,500,3,70,0.9674,17,1952.00,5.632595
5618,1000,0.50,500,3,70,1.0240,18,1927.00,3.588146
5619,1000,0.50,500,3,70,0.9601,19,1962.00,0.604917
5620,1000,0.50,500,3,70,1.0256,20,1991.00,1.372945
5621,1000,0.50,500,3,70,1.0592,21,1892.00,1.045208
5622,1000,0.50,500,3,70,1.0102,22,1993.00,3.517218
5623,1000,0.50,500,3,70,0.9877,23,1960.00,2.335315
5624,1000,0.50,500,3,70,0.9941,24,1913.00,1.425701
5625,1000,0.50,500,3,70,0.9123,25,1873.00,0.552122
5626,1000,0.50,500,3,70,0.9726,26,1999.00,3.441605
5627,1000,0.50,500,3,70,1.0266,27,1953.00,4.365384
5628,1000,0.50,500,3,70,0.9954,28,1985.00,0.628033
5629,1000,0.50,500,3,70,1.0124,29,1981.00,1.101243
5630,1000,0.50,500,3,70,1.0234,30,1997.00,1.468192
5631,1000,0.50,500,3,70,1.0099,31,1913.00,1.299378
5632,1000,0.50,500,3,70,0.9609,32,1843.00,0.820156
5633,1000,0.50,500,3,70,0.9795,33,1906.00,0.990686
5634,1000,0.50,500,3,70,1.0317,34,1927.00,1.047939
5635,1000,0.50,500,3,70,1.0252,35,2001.00,5.567676
5636,1000,0.50,500,3,70,0.9662,36,1920.00,0.279146
5637,1000,0.50,500,3,70,1.0340,37,1919.00,2.160866
5638,1000,0.50,500,3,70,1.0543,38,1929.00,4.478143
5639,1000,0.50,500,3,70,1.0368,39,2009.00,3.231131
5640,1000,0.50,500,3,70,1.0117,40,1983.00,4.316431
5641,1000,0.50,500,3,70,1.0370,41,1935.00,1.133994
5642,1000,0.50,500,3,70,1.0128,42,1954.00,2.355230
5643,1000,0.50,500,3,70,0.9451,43,1931.00,0.633982
5644,1000,0.50,500,3,70,1.0296,44,1971.00,10.164979
5645,1000,0.50,500,3,70,1.0129,45,1994.00,0.682603
5646,1000,0.50,500,3,70,1.0276,46,1943.00,9.115122
5647,1000,0.50,500,3,70,0.9599,47,1945.00,1.708365
5648,1000,0.50,500,3,70,1.0019,48,1865.00,5.086723
5649,1000,0.50,500,3,70,1.0138,49,1918.00,0.256647
5650,1000,0.50,500,3,70,1.0146,50,1966.00,1.524127
5651,1000,0.50,500,3,70,1.0374,51,1945.00,2.748990
5652,1000,0.50,500,3,70,1.0004,52,1962.00,1.418988
5653,1000,0.50,500,3,70,1.0187,53,1971.00,8.571285
5654,1000,0.50,500,3,70,0.9596,54,1890.00,2.103809
5655,1000,0.50,500,3,70,1.0379,55,1945.00,4.011406
5656,1000,0.50,500,3,70,1.0316,56,1915.00,0.721996
5657,1000,0.50,500,3,70,1.0120,57,1927.00,13.124041
5658,1000,0.50,500,3,70,1.0440,58,1937.00,1.988397
5659,1000,0.50,500,3,70,1.0102,59,1886.00,1.889015
5660,1000,0.50,500,3,70,1.0640,60,1947.00,0.298674
5661,1000,0.50,500,3,70,1.0157,61,1863.00,0.726125
5662,1000,0.50,500,3,70,1.0427,62,1930.00,1.274725
5663,1000,0.50,500,3,70,1.0387,63,1949.00,2.617759
5664,1000,0.50,500,3,70,1.0320,64,1885.00,1.295840
5665,1000,0.50,500,3,70,0.9557,65,1934.00,1.261745
5666,1000,0.50,500,3,70,0.9989,66,1931.00,7.723786
5667,1000,0.50,500,3,70,0.9578,67,1897.00,0.933873
5668,1000,0.50,500,3,70,0.9728,68,1926.00,1.095293
5669,1000,0.50,500,3,70,0.9457,69,1904.00,6.373792
5670,1000,0.50,500,3,70,0.9841,70,1951.00,0.272044
5671,1000,0.50,500,3,70,1.0030,71,1930.00,7.388186
5672,1000,0.50,500,3,70,1.0376,72,1941.00,0.557707
5673,1000,0.50,500,3,70,0.9920,73,1905.00,1.250319
5674,1000,0.50,500,3,70,1.0000,74,2036.00,1.516866
5675,1000,0.50,500,3,70,1.0361,75,1968.00,1.293481
5676,1000,0.50,500,3,70,0.9989,76,1989.00,1.486290
5677,1000,0.50,500,3,70,1.0421,77,1951.00,1.363918
5678,1000,0.50,500,3,70,0.9845,78,1959.00,0.768476
5679,1000,0.50,500,3,70,0.9791,79,2065.00,2.426577
5680,1000,0.50,500,3,70,0.9853,80,1924.00,4.806697
5681,1000,0.50,500,3,70,0.9863,81,1909.00,1.055707
5682,1000,0.50,500,3,70,0.9916,82,1908.00,2.177306
5683,1000,0.50,500,3,70,0.9998,83,2010.00,5.119018
5684,1000,0.50,500,3,70,1.0349,84,1948.00,0.963944
5685,1000,0.50,500,3,70,0.9716,85,1893.00,2.897351
5686,1000,0.50,500,3,70,0.9945,86,1884.00,0.410912
5687,1000,0.50,500,3,70,0.9662,87,1970.00,1.363741
5688,1000,0.50,500,3,70,0.9929,88,1860.00,1.556119
5689,1000,0.50,500,3,70,0.9999,89,1892.00,4.741907
5690,1000,0.50,500,3,70,0.9786,90,1953.00,3.255521
5691,1000,0.50,500,3,70,0.9904,91,1933.00,1.249643
5692,1000,0.50,500,3,70,1.0417,92,1928.00,11.541641
5693,1000,0.50,500,3,70,0.9641,93,1944.00,2.337834
5694,1000,0.50,500,3,70,1.0196,94,1995.00,2.718212
5695,1000,0.50,500,3,70,1.0632,95,1939.00,0.558927
5696,1000,0.50,500,3,70,0.9986,96,1826.00,0.793660
5697,1000,0.50,500,3,70,0.9873,97,1880.00,3.663258
5698,1000,0.50,500,3,70,0.9892,98,1993.00,1.176254
5699,1000,0.50,500,3,70,0.9887,99,1971.00,3.564749
5700,1000,0.50,500,3,80,1.0203,0,2238.00,0.372523
5701,1000,0.50,500,3,80,0.9881,1,2129.00,0.914171
5702,1000,0.50,500,3,80,0.9959,2,2186.00,3.941719
5703,1000,0.50,500,3,80,1.0284,3,2209.00,0.884313
5704,1000,0.50,500,3,80,0.9588,4,2170.00,4.970455
5705,1000,0.50,500,3,80,0.9714,5,2182.00,0.776052
5706,1000,0.50,500,3,80,1.0415,6,2193.00,3.764243
5707,1000,0.50,500,3,80,1.0507,7,2193.00,2.346780
5708,1000,0.50,500,3,80,0.9903,8,2229.00,0.339124
5709,1000,0.50,500,3,80,1.0013,9,2219.00,4.586990
5710,1000,0.50,500,3,80,0.9626,10,2210.00,3.329419
5711,1000,0.50,500,3,80,0.9282,11,2197.00,4.951304
5712,1000,0.50,500,3,80,0.9618,12,2246.00,0.406395
5713,1000,0.50,500,3,80,0.9302,13,2199.00,0.941403
5714,1000,0.50,500,3,80,1.0456,14,2262.00,0.946160
5715,1000,0.50,500,3,80,1.0211,15,2242.00,1.620680
5716,1000,0.50,500,3,80,0.9675,16,2243.00,1.233065
5717,1000,0.50,500,3,80,0.9730,17,2155.00,1.713476
5718,1000,0.50,500,3,80,0.9901,18,2184.00,0.738057
5719,1000,0.50,500,3,80,1.0410,19,2248.00,4.090770
5720,1000,0.50,500,3,80,0.9788,20,2227.00,0.276551
5721,1000,0.50,500,3,80,0.9723,21,2172.00,1.231593
5722,1000,0.50,500,3,80,1.0313,22,1985.00,0.499753
5723,1000,0.50,500,3,80,1.0169,23,2215.00,2.885247
5724,1000,0.50,500,3,80,1.0384,24,2199.00,2.016299
5725,1000,0.50,500,3,80,0.9895,25,2205.00,0.848145
5726,1000,0.50,500,3,80,1.0658,26,2176.00,1.107730
5727,1000,0.50,500,3,80,0.9444,27,2174.00,0.176324
5728,1000,0.50,500,3,80,0.9612,28,2213.00,1.628234
5729,1000,0.50,500,3,80,0.9176,29,2277.00,7.442564
5730,1000,0.50,500,3,80,1.0514,30,2183.00,1.503890
5731,1000,0.50,500,3,80,1.0139,31,2279.00,5.494596
5732,1000,0.50,500,3,80,1.0105,32,2206.00,2.542354
5733,1000,0.50,500,3,80,0.9792,33,2584.00,1.317418
5734,1000,0.50,500,3,80,0.9714,34,2776.00,1.271084
5735,1000,0.50,500,3,80,0.9379,35,2653.00,2.344997
5736,1000,0.50,500,3,80,1.0341,36,2720.00,1.952367
5737,1000,0.50,500,3,80,0.9673,37,2289.00,1.633978
5738,1000,0.50,500,3,80,0.9844,38,2165.00,0.553893
5739,1000,0.50,500,3,80,0.9451,39,2144.00,5.171922
5740,1000,0.50,500,3,80,0.9844,40,2364.00,0.681210
5741,1000,0.50,500,3,80,1.0411,41,2204.00,2.715431
5742,1000,0.50,500,3,80,1.0333,42,2236.00,0.268842
5743,1000,0.50,500,3,80,0.9508,43,2216.00,1.306989
5744,1000,0.50,500,3,80,1.0286,44,2102.00,1.406921
5745,1000,0.50,500,3,80,0.9867,45,2176.00,0.336728
5746,1000,0.50,500,3,80,1.0156,46,2189.00,4.566171
5747,1000,0.50,500,3,80,0.9756,47,2213.00,0.666056
5748,1000,0.50,500,3,80,0.9309,48,2122.00,1.777063
5749,1000,0.50,500,3,80,1.0587,49,2213.00,5.345353
5750,1000,0.50,500,3,80,0.9763,50,2284.00,3.241778
5751,1000,0.50,500,3,80,0.9419,51,2084.00,0.496591
5752,1000,0.50,500,3,80,0.9983,52,2221.00,3.455717
5753,1000,0.50,500,3,80,0.9923,53,2228.00,0.887602
5754,1000,0.50,500,3,80,0.9600,54,2140.00,0.320063
5755,1000,0.50,500,3,80,1.0253,55,2242.00,0.266523
5756,1000,0.50,500,3,80,0.9783,56,2246.00,3.727028
5757,1000,0.50,500,3,80,0.9591,57,2259.00,3.921265
5758,1000,0.50,500,3,80,0.9435,58,2147.00,0.609427
5759,1000,0.50,500,3,80,1.0268,59,2205.00,1.162062
5760,1000,0.50,500,3,80,1.0268,60,2226.00,1.645590
5761,1000,0.50,500,3,80,1.0543,61,1629.00,1.225888
5762,1000,0.50,500,3,80,0.9800,62,2286.00,5.559556
5763,1000,0.50,500,3,80,0.9687,63,2244.00,0.714653
5764,1000,0.50,500,3,80,1.0226,64,2187.00,0.430626
5765,1000,0.50,500,3,80,1.0055,65,2237.00,9.288727
5766,1000,0.50,500,3,80,0.9926,66,2224.00,0.847382
5767,1000,0.50,500,3,80,1.0256,67,2171.00,0.667331
5768,1000,0.50,500,3,80,1.0693,68,1933.00,1.249043
5769,1000,0.50,500,3,80,0.9521,69,2249.00,1.824196
5770,1000,0.50,500,3,80,0.9542,70,2197.00,2.182958
5771,1000,0.50,500,3,80,0.9783,71,2235.00,2.267497
5772,1000,0.50,500,3,80,1.0140,72,2224.00,0.613075
5773,1000,0.50,500,3,80,1.0106,73,2268.00,1.036666
5774,1000,0.50,500,3,80,0.9534,74,2231.00,2.859883
5775,1000,0.50,500,3,80,1.0240,75,2233.00,2.615167
5776,1000,0.50,500,3,80,1.0221,76,2199.00,3.192966
5777,1000,0.50,500,3,80,0.9921,77,2187.00,1.173648
5778,1000,0.50,500,3,80,0.9828,78,2172.00,0.321326
5779,1000,0.50,500,3,80,1.0166,79,2230.00,0.502667
5780,1000,0.50,500,3,80,0.9991,80,2197.00,5.325264
5781,1000,0.50,500,3,80,0.9828,81,2225.00,3.353160
5782,1000,0.50,500,3,80,0.9608,82,2181.00,1.464937
5783,1000,0.50,500,3,80,0.9539,83,2236.00,2.275373
5784,1000,0.50,500,3,80,0.9793,84,2179.00,1.416733
5785,1000,0.50,500,3,80,0.9940,85,2262.00,0.322572
5786,1000,0.50,500,3,80,0.9974,86,2271.00,3.937039
5787,1000,0.50,500,3,80,1.0330,87,1345.00,0.584139
5788,1000,0.50,500,3,80,1.0003,88,1886.00,1.743728
5789,1000,0.50,500,3,80,1.0288,89,2156.00,0.302535
5790,1000,0.50,500,3,80,0.9816,90,2192.00,0.548309
5791,1000,0.50,500,3,80,0.9612,91,2229.00,0.422983
5792,1000,0.50,500,3,80,0.9705,92,2248.00,1.351514
5793,1000,0.50,500,3,80,1.0339,93,2231.00,0.332764
5794,1000,0.50,500,3,80,1.0153,94,2219.00,7.863135
5795,1000,0.50,500,3,80,1.0056,95,2180.00,1.796545
5796,1000,0.50,500,3,80,0.9780,96,1066.00,3.178747
5797,1000,0.50,500,3,80,1.0807,97,2183.00,0.314896
5798,1000,0.50,500,3,80,0.9932,98,2175.00,3.668820
5799,1000,0.50,500,3,80,0.9982,99,2152.00,0.771326
5800,1000,0.50,500,3,90,1.0282,0,2456.00,1.978165
5801,1000,0.50,500,3,90,1.0526,1,2476.00,0.741392
5802,1000,0.50,500,3,90,1.0224,2,2495.00,0.504680
5803,1000,0.50,500,3,90,1.0106,3,2569.00,1.580758
5804,1000,0.50,500,3,90,0.9657,4,2522.00,0.803349
5805,1000,0.50,500,3,90,1.0401,5,2546.00,1.611565
5806,1000,0.50,500,3,90,0.9450,6,2487.00,7.318858
5807,1000,0.50,500,3,90,0.9889,7,2451.00,2.082577
5808,1000,0.50,500,3,90,0.9169,8,2457.00,4.373663
5809,1000,0.50,500,3,90,0.9724,9,2471.00,0.805484
5810,1000,0.50,500,3,90,0.9753,10,2466.00,0.932638
5811,1000,0.50,500,3,90,0.9667,11,2517.00,4.356365
5812,1000,0.50,500,3,90,0.9997,12,2398.00,1.234268
5813,1000,0.50,500,3,90,1.0149,13,2519.00,1.800563
5814,1000,0.50,500,3,90,1.0015,14,2507.00,3.143156
5815,1000,0.50,500,3,90,0.9947,15,2514.00,2.904039
5816,1000,0.50,500,3,90,1.0167,16,2534.00,0.518369
5817,1000,0.50,500,3,90,0.9923,17,2457.00,1.227434
5818,1000,0.50,500,3,90,1.0359,18,2470.00,1.055531
5819,1000,0.50,500,3,90,0.9661,19,2458.00,0.763575
5820,1000,0.50,500,3,90,0.9819,20,2510.00,0.555877
5821,1000,0.50,500,3,90,0.9671,21,2437.00,1.157326
5822,1000,0.50,500,3,90,1.0020,22,2456.00,2.232381
5823,1000,0.50,500,3,90,1.0409,23,2503.00,2.014021
5824,1000,0.50,500,3,90,1.0228,24,2447.00,0.811992
5825,1000,0.50,500,3,90,1.0225,25,2439.00,0.618573
5826,1000,0.50,500,3,90,0.9619,26,2417.00,3.197460
5827,1000,0.50,500,3,90,1.0133,27,2543.00,0.533370
5828,1000,0.50,500,3,90,0.9612,28,2515.00,3.410131
5829,1000,0.50,500,3,90,0.9820,29,2533.00,0.733401
5830,1000,0.50,500,3,90,1.0049,30,2484.00,0.347894
5831,1000,0.50,500,3,90,0.9775,31,2508.00,1.376478
5832,1000,0.50,500,3,90,1.0062,32,2488.00,2.373637
5833,1000,0.50,500,3,90,0.9916,33,2470.00,5.325814
5834,1000,0.50,500,3,90,0.9927,34,2495.00,0.782139
5835,1000,0.50,500,3,90,0.9554,35,2439.00,0.497210
5836,1000,0.50,500,3,90,1.0284,36,2462.00,6.091205
5837,1000,0.50,500,3,90,1.0287,37,2475.00,0.796208
5838,1000,0.50,500,3,90,0.9361,38,2441.00,2.412705
5839,1000,0.50,500,3,90,0.9848,39,2488.00,0.965613
5840,1000,0.50,500,3,90,1.0173,40,2480.00,1.447649
5841,1000,0.50,500,3,90,1.0254,41,2552.00,0.201690
5842,1000,0.50,500,3,90,1.0162,42,2509.00,2.689116
5843,1000,0.50,500,3,90,0.9723,43,2500.00,0.803076
5844,1000,0.50,500,3,90,0.9496,44,2506.00,4.153835
5845,1000,0.50,500,3,90,1.0102,45,2452.00,1.980529
5846,1000,0.50,500,3,90,1.0340,46,2396.00,0.509637
5847,1000,0.50,500,3,90,1.0012,47,2407.00,2.324306
5848,1000,0.50,500,3,90,0.9735,48,2463.00,2.193403
5849,1000,0.50,500,3,90,0.9766,49,2527.00,1.238942
5850,1000,0.50,500,3,90,0.9205,50,2466.00,2.144211
5851,1000,0.50,500,3,90,1.0399,51,2476.00,0.918191
5852,1000,0.50,500,3,90,1.0206,52,2463.00,3.277081
5853,1000,0.50,500,3,90,1.0126,53,2497.00,3.339777
5854,1000,0.50,500,3,90,0.9865,54,2401.00,2.745114
5855,1000,0.50,500,3,90,0.9661,55,2473.00,0.993546
5856,1000,0.50,500,3,90,0.9918,56,2469.00,0.192266
5857,1000,0.50,500,3,90,0.9765,57,2431.00,2.379060
5858,1000,0.50,500,3,90,1.0418,58,2344.00,0.581453
5859,1000,0.50,500,3,90,1.0014,59,2501.00,0.606548
5860,1000,0.50,500,3,90,1.0497,60,2476.00,1.833441
5861,1000,0.50,500,3,90,1.0163,61,2469.00,1.299036
5862,1000,0.50,500,3,90,1.0493,62,2408.00,2.129194
5863,1000,0.50,500,3,90,1.0071,63,2501.00,3.161677
5864,1000,0.50,500,3,90,0.9589,64,2472.00,2.632905
5865,1000,0.50,500,3,90,0.9969,65,2432.00,0.554763
5866,1000,0.50,500,3,90,0.9672,66,2527.00,1.309959
5867,1000,0.50,500,3,90,1.0359,67,2526.00,3.264621
5868,1000,0.50,500,3,90,0.9934,68,2500.00,2.548449
5869,1000,0.50,500,3,90,0.9963,69,2481.00,0.418150
5870,1000,0.50,500,3,90,1.0808,70,2447.00,3.443803
5871,1000,0.50,500,3,90,1.0325,71,2496.00,3.389089
5872,1000,0.50,500,3,90,1.0069,72,2439.00,2.486391
5873,1000,0.50,500,3,90,1.0544,73,2494.00,1.671505
5874,1000,0.50,500,3,90,1.0057,74,2557.00,1.191341
5875,1000,0.50,500,3,90,1.0671,75,2481.00,0.660619
5876,1000,0.50,500,3,90,1.0365,76,2501.00,2.700738
5877,1000,0.50,500,3,90,0.9465,77,2430.00,2.736730
5878,1000,0.50,500,3,90,0.9821,78,2418.00,1.353082
5879,1000,0.50,500,3,90,1.0162,79,2468.00,6.261596
5880,1000,0.50,500,3,90,0.9663,80,2460.00,0.066667
5881,1000,0.50,500,3,90,1.0578,81,459.00,0.940470
5882,1000,0.50,500,3,90,0.9936,82,2455.00,1.348734
5883,1000,0.50,500,3,90,1.0006,83,2543.00,0.419236
5884,1000,0.50,500,3,90,1.0137,84,2570.00,0.726340
5885,1000,0.50,500,3,90,0.8964,85,2562.00,0.912573
5886,1000,0.50,500,3,90,0.9515,86,2462.00,3.872323
5887,1000,0.50,500,3,90,0.9445,87,2449.00,1.866714
5888,1000,0.50,500,3,90,1.0339,88,2417.00,2.394700
5889,1000,0.50,500,3,90,1.0209,89,2545.00,0.809828
5890,1000,0.50,500,3,90,0.9785,90,2466.00,7.533910
5891,1000,0.50,500,3,90,0.9671,91,2445.00,1.880757
5892,1000,0.50,500,3,90,0.9840,92,2554.00,2.275490
5893,1000,0.50,500,3,90,0.9812,93,2467.00,2.355676
5894,1000,0.50,500,3,90,0.9972,94,2526.00,1.867986
5895,1000,0.50,500,3,90,0.9668,95,2453.00,1.756970
5896,1000,0.50,500,3,90,0.9688,96,2462.00,1.104926
5897,1000,0.50,500,3,90,0.9756,97,2451.00,0.433267
5898,1000,0.50,500,3,90,1.0180,98,2512.00,0.392663
5899,1000,0.50,500,3,90,0.9457,99,2547.00,2.012477
5900,1000,0.50,500,3,100,0.9553,0,2902.00,0.871132
5901,1000,0.50,500,3,100,1.0072,1,2795.00,1.871027
5902,1000,0.50,500,3,100,1.0385,2,2751.00,0.812985
5903,1000,0.50,500,3,100,1.0020,3,2753.00,0.405396
5904,1000,0.50,500,3,100,1.0033,4,2794.00,1.847595
5905,1000,0.50,500,3,100,0.9902,5,2713.00,1.273311
5906,1000,0.50,500,3,100,1.0258,6,2737.00,1.694263
5907,1000,0.50,500,3,100,1.0221,7,2778.00,0.749149
5908,1000,0.50,500,3,100,1.0006,8,2731.00,1.232931
5909,1000,0.50,500,3,100,0.9974,9,2783.00,1.805203
5910,1000,0.50,500,3,100,1.0292,10,2726.00,0.504120
5911,1000,0.50,500,3,100,1.0030,11,2884.00,0.498492
5912,1000,0.50,500,3,100,0.9934,12,2800.00,0.040057
5913,1000,0.50,500,3,100,1.0165,13,2805.00,6.716022
5914,1000,0.50,500,3,100,0.9834,14,2670.00,1.717004
5915,1000,0.50,500,3,100,1.0015,15,2717.00,2.741409
5916,1000,0.50,500,3,100,1.0370,16,2793.00,2.171499
5917,1000,0.50,500,3,100,1.0331,17,2762.00,0.568418
5918,1000,0.50,500,3,100,1.0293,18,2777.00,3.111567
5919,1000,0.50,500,3,100,1.0128,19,2713.00,3.294238
5920,1000,0.50,500,3,100,0.9581,20,2786.00,1.272186
5921,1000,0.50,500,3,100,1.0076,21,2709.00,0.399752
5922,1000,0.50,500,3,100,1.0637,22,2964.00,7.746142
5923,1000,0.50,500,3,100,0.9942,23,2732.00,1.654648
5924,1000,0.50,500,3,100,1.0113,24,2788.00,5.594592
5925,1000,0.50,500,3,100,1.0409,25,2832.00,0.876304
5926,1000,0.50,500,3,100,1.0268,26,2793.00,1.072267
5927,1000,0.50,500,3,100,0.9366,27,2729.00,3.649014
5928,1000,0.50,500,3,100,0.9916,28,2812.00,0.515513
5929,1000,0.50,500,3,100,0.9710,29,2813.00,3.917508
5930,1000,0.50,500,3,100,0.9512,30,2732.00,0.393475
5931,1000,0.50,500,3,100,0.9850,31,2690.00,0.627195
5932,1000,0.50,500,3,100,1.0208,32,2778.00,0.148472
5933,1000,0.50,500,3,100,1.0620,33,2773.00,2.635916
5934,1000,0.50,500,3,100,0.9992,34,2666.00,3.183841
5935,1000,0.50,500,3,100,1.0550,35,2811.00,1.275098
5936,1000,0.50,500,3,100,1.0085,36,2716.00,0.251773
5937,1000,0.50,500,3,100,0.9975,37,2724.00,2.558568
5938,1000,0.50,500,3,100,0.9720,38,2715.00,0.780489
5939,1000,0.50,500,3,100,0.9508,39,2763.00,0.423432
5940,1000,0.50,500,3,100,1.0214,40,2697.00,0.418848
5941,1000,0.50,500,3,100,0.9408,41,2767.00,1.009965
5942,1000,0.50,500,3,100,1.0154,42,2781.00,0.702269
5943,1000,0.50,500,3,100,1.0419,43,1774.00,0.190279
5944,1000,0.50,500,3,100,1.0588,44,2806.00,0.336162
5945,1000,0.50,500,3,100,0.9895,45,2736.00,0.552961
5946,1000,0.50,500,3,100,0.9662,46,2728.00,2.232815
5947,1000,0.50,500,3,100,0.9375,47,2742.00,1.934255
5948,1000,0.50,500,3,100,1.0050,48,2761.00,0.802474
5949,1000,0.50,500,3,100,0.9936,49,2749.00,3.457487
5950,1000,0.50,500,3,100,0.9634,50,2735.00,0.956694
5951,1000,0.50,500,3,100,1.0054,51,2686.00,1.309940
5952,1000,0.50,500,3,100,0.9837,52,2718.00,0.640333
5953,1000,0.50,500,3,100,1.0012,53,2811.00,5.385532
5954,1000,0.50,500,3,100,1.0216,54,2758.00,3.292629
5955,1000,0.50,500,3,100,0.9542,55,2823.00,6.123419
5956,1000,0.50,500,3,100,1.0327,56,2829.00,1.082153
5957,1000,0.50,500,3,100,0.9919,57,2679.00,0.690793
5958,1000,0.50,500,3,100,1.0496,58,2759.00,2.654652
5959,1000,0.50,500,3,100,0.9667,59,2703.00,2.965133
5960,1000,0.50,500,3,100,0.9406,60,2758.00,2.391579
5961,1000,0.50,500,3,100,1.0349,61,2823.00,4.515710
5962,1000,0.50,500,3,100,1.0753,62,2762.00,1.607163
5963,1000,0.50,500,3,100,1.0164,63,2765.00,3.612344
5964,1000,0.50,500,3,100,1.0344,64,2747.00,4.380948
5965,1000,0.50,500,3,100,1.0085,65,2720.00,2.838094
5966,1000,0.50,500,3,100,0.9738,66,2725.00,0.475495
5967,1000,0.50,500,3,100,1.0329,67,2722.00,0.135314
5968,1000,0.50,500,3,100,1.0155,68,2751.00,0.751405
5969,1000,0.50,500,3,100,1.0100,69,2788.00,1.213513
5970,1000,0.50,500,3,100,0.9845,70,2804.00,0.465018
5971,1000,0.50,500,3,100,1.0524,71,2801.00,1.940482
5972,1000,0.50,500,3,100,0.9845,72,2756.00,0.995315
5973,1000,0.50,500,3,100,0.9886,73,2893.00,0.449285
5974,1000,0.50,500,3,100,1.0396,74,2788.00,3.277424
5975,1000,0.50,500,3,100,1.0255,75,2756.00,6.993766
5976,1000,0.50,500,3,100,1.0014,76,2789.00,6.792361
5977,1000,0.50,500,3,100,0.9436,77,2805.00,2.316515
5978,1000,0.50,500,3,100,1.0116,78,2758.00,0.796404
5979,1000,0.50,500,3,100,1.0097,79,2749.00,1.103017
5980,1000,0.50,500,3,100,0.9655,80,2754.00,2.899771
5981,1000,0.50,500,3,100,0.9715,81,2835.00,1.277602
5982,1000,0.50,500,3,100,0.9471,82,2803.00,2.210669
5983,1000,0.50,500,3,100,0.9784,83,2747.00,1.411926
5984,1000,0.50,500,3,100,0.9714,84,2727.00,2.056361
5985,1000,0.50,500,3,100,1.0246,85,2694.00,1.824520
5986,1000,0.50,500,3,100,1.0248,86,2803.00,0.547667
5987,1000,0.50,500,3,100,0.9859,87,2655.00,0.251813
5988,1000,0.50,500,3,100,0.9891,88,2674.00,0.127795
5989,1000,0.50,500,3,100,0.9912,89,2812.00,0.834765
5990,1000,0.50,500,3,100,1.0262,90,2743.00,1.016692
5991,1000,0.50,500,3,100,0.9924,91,2760.00,0.504735
5992,1000,0.50,500,3,100,1.0207,92,2833.00,1.411078
5993,1000,0.50,500,3,100,0.9830,93,2749.00,0.540794
5994,1000,0.50,500,3,100,0.9785,94,2725.00,0.554713
5995,1000,0.50,500,3,100,1.0676,95,2783.00,2.654117
5996,1000,0.50,500,3,100,1.0171,96,2734.00,2.783283
5997,1000,0.50,500,3,100,1.0275,97,2733.00,3.590428
5998,1000,0.50,500,3,100,0.9728,98,2803.00,1.348849
5999,1000,0.50,500,3,100,1.0084,99,2688.00,0.703075
6000,1000,0.50,500,3,110,1.0037,0,2903.00,0.133693
6001,1000,0.50,500,3,110,1.0024,1,3001.00,1.136286
6002,1000,0.50,500,3,110,0.9978,2,2982.00,2.604695
6003,1000,0.50,500,3,110,1.0103,3,2918.00,2.056826
6004,1000,0.50,500,3,110,0.9514,4,3033.00,0.819720
6005,1000,0.50,500,3,110,0.9765,5,3062.00,0.555840
6006,1000,0.50,500,3,110,0.9574,6,3090.00,0.719139
6007,1000,0.50,500,3,110,0.9974,7,3015.00,0.561070
6008,1000,0.50,500,3,110,0.9957,8,2991.00,0.793663
6009,1000,0.50,500,3,110,1.0474,9,3100.00,0.385193
6010,1000,0.50,500,3,110,0.9955,10,2950.00,1.989163
6011,1000,0.50,500,3,110,1.0041,11,1241.00,0.511631
6012,1000,0.50,500,3,110,1.0345,12,3148.00,1.142993
6013,1000,0.50,500,3,110,0.9819,13,2957.00,2.395939
6014,1000,0.50,500,3,110,1.0591,14,2272.00,1.152530
6015,1000,0.50,500,3,110,1.0024,15,3074.00,2.215931
6016,1000,0.50,500,3,110,0.9770,16,2993.00,2.829317
6017,1000,0.50,500,3,110,1.0010,17,2997.00,4.100454
6018,1000,0.50,500,3,110,1.0133,18,3114.00,0.587152
6019,1000,0.50,500,3,110,1.0087,19,3026.00,0.679348
6020,1000,0.50,500,3,110,1.0458,20,3074.00,0.298662
6021,1000,0.50,500,3,110,1.0112,21,3055.00,3.902348
6022,1000,0.50,500,3,110,0.9855,22,3002.00,6.988380
6023,1000,0.50,500,3,110,1.0065,23,3052.00,0.832982
6024,1000,0.50,500,3,110,1.0331,24,3053.00,9.043886
6025,1000,0.50,500,3,110,0.9796,25,3082.00,1.478629
6026,1000,0.50,500,3,110,1.0190,26,2983.00,1.300862
6027,1000,0.50,500,3,110,0.9527,27,2996.00,3.191401
6028,1000,0.50,500,3,110,1.0088,28,3071.00,2.617532
6029,1000,0.50,500,3,110,0.9653,29,2960.00,2.155848
6030,1000,0.50,500,3,110,1.0041,30,2986.00,2.286983
6031,1000,0.50,500,3,110,1.0059,31,3100.00,0.869990
6032,1000,0.50,500,3,110,0.9619,32,3080.00,3.122865
6033,1000,0.50,500,3,110,1.0038,33,3000.00,0.862772
6034,1000,0.50,500,3,110,1.0554,34,2999.00,8.033913
6035,1000,0.50,500,3,110,1.0276,35,3007.00,2.581608
6036,1000,0.50,500,3,110,1.0253,36,3051.00,2.063357
6037,1000,0.50,500,3,110,1.0045,37,3130.00,3.038883
6038,1000,0.50,500,3,110,0.9890,38,3050.00,0.424163
6039,1000,0.50,500,3,110,0.9954,39,2982.00,2.512226
6040,1000,0.50,500,3,110,0.9961,40,2986.00,0.925004
6041,1000,0.50,500,3,110,0.9950,41,2989.00,0.553512
6042,1000,0.50,500,3,110,1.0408,42,3058.00,0.935772
6043,1000,0.50,500,3,110,1.0416,43,3019.00,0.365288
6044,1000,0.50,500,3,110,1.0336,44,3005.00,0.232798
6045,1000,0.50,500,3,110,0.9887,45,3105.00,2.006331
6046,1000,0.50,500,3,110,0.9681,46,2993.00,5.510286
6047,1000,0.50,500,3,110,1.0020,47,3154.00,0.685215
6048,1000,0.50,500,3,110,0.9847,48,2968.00,1.136868
6049,1000,0.50,500,3,110,0.9936,49,3108.00,0.529381
6050,1000,0.50,500,3,110,0.9640,50,2934.00,0.953857
6051,1000,0.50,500,3,110,0.9246,51,3016.00,2.170967
6052,1000,0.50,500,3,110,0.9681,52,3007.00,1.390153
6053,1000,0.50,500,3,110,0.9982,53,3108.00,0.381789
6054,1000,0.50,500,3,110,1.0219,54,3003.00,1.923802
6055,1000,0.50,500,3,110,1.0031,55,2983.00,1.074344
6056,1000,0.50,500,3,110,0.9750,56,3030.00,2.148694
6057,1000,0.50,500,3,110,0.9860,57,3066.00,0.825344
6058,1000,0.50,500,3,110,0.9947,58,63.00,0.656108
6059,1000,0.50,500,3,110,0.9772,59,2951.00,5.565790
6060,1000,0.50,500,3,110,1.0300,60,3043.00,0.243733
6061,1000,0.50,500,3,110,0.9818,61,2987.00,2.107724
6062,1000,0.50,500,3,110,1.0313,62,3027.00,3.013183
6063,1000,0.50,500,3,110,1.0230,63,2962.00,1.244002
6064,1000,0.50,500,3,110,0.9824,64,3150.00,1.878894
6065,1000,0.50,500,3,110,0.9144,65,3012.00,0.918213
6066,1000,0.50,500,3,110,1.0348,66,3008.00,0.265391
6067,1000,0.50,500,3,110,0.9996,67,2925.00,0.299919
6068,1000,0.50,500,3,110,0.9966,68,3065.00,3.312468
6069,1000,0.50,500,3,110,1.0226,69,2992.00,2.665981
6070,1000,0.50,500,3,110,1.0098,70,3017.00,0.366645
6071,1000,0.50,500,3,110,0.9893,71,3129.00,4.160707
6072,1000,0.50,500,3,110,1.0158,72,3085.00,1.255230
6073,1000,0.50,500,3,110,0.9471,73,3018.00,2.371328
6074,1000,0.50,500,3,110,0.9885,74,3113.00,1.218550
6075,1000,0.50,500,3,110,0.9614,75,3255.00,2.075197
6076,1000,0.50,500,3,110,0.9364,76,2989.00,1.375416
6077,1000,0.50,500,3,110,1.0098,77,3146.00,8.482491
6078,1000,0.50,500,3,110,0.9898,78,3081.00,0.047157
6079,1000,0.50,500,3,110,1.0129,79,3056.00,1.367893
6080,1000,0.50,500,3,110,1.0132,80,3049.00,2.249365
6081,1000,0.50,500,3,110,0.9707,81,3107.00,2.166233
6082,1000,0.50,500,3,110,0.9722,82,3067.00,0.584209
6083,1000,0.50,500,3,110,1.0056,83,3087.00,1.381165
6084,1000,0.50,500,3,110,0.9840,84,3082.00,3.958795
6085,1000,0.50,500,3,110,1.0068,85,2036.00,1.231416
6086,1000,0.50,500,3,110,1.0033,86,3011.00,0.385665
6087,1000,0.50,500,3,110,1.0412,87,3011.00,1.070900
6088,1000,0.50,500,3,110,0.9678,88,3034.00,1.975907
6089,1000,0.50,500,3,110,1.0017,89,3032.00,0.883672
6090,1000,0.50,500,3,110,0.9919,90,2942.00,3.844847
6091,1000,0.50,500,3,110,0.9718,91,3055.00,1.672457
6092,1000,0.50,500,3,110,0.9672,92,2974.00,1.839863
6093,1000,0.50,500,3,110,0.9460,93,2959.00,0.221731
6094,1000,0.50,500,3,110,1.0412,94,3035.00,1.981505
6095,1000,0.50,500,3,110,1.0615,95,1430.00,2.187971
6096,1000,0.50,500,3,110,0.9958,96,3014.00,0.807190
6097,1000,0.50,500,3,110,1.0301,97,3049.00,2.762490
6098,1000,0.50,500,3,110,0.9469,98,2985.00,0.441413
6099,1000,0.50,500,3,110,0.9865,99,2896.00,0.288015
6100,1000,0.50,500,3,120,0.9643,0,3277.00,0.200474
6101,1000,0.50,500,3,120,0.9540,1,3343.00,0.685211
6102,1000,0.50,500,3,120,0.9942,2,3369.00,5.398304
6103,1000,0.50,500,3,120,0.9814,3,3211.00,3.648468
6104,1000,0.50,500,3,120,0.9850,4,3393.00,2.430691
6105,1000,0.50,500,3,120,1.0521,5,3275.00,0.152196
6106,1000,0.50,500,3,120,1.0456,6,3313.00,2.302182
6107,1000,0.50,500,3,120,0.9384,7,3238.00,1.828923
6108,1000,0.50,500,3,120,1.0141,8,3349.00,1.607471
6109,1000,0.50,500,3,120,1.0357,9,3330.00,0.563961
6110,1000,0.50,500,3,120,1.0309,10,3336.00,0.891374
6111,1000,0.50,500,3,120,0.9768,11,3256.00,1.498152
6112,1000,0.50,500,3,120,1.0597,12,3361.00,0.954947
6113,1000,0.50,500,3,120,1.0026,13,3372.00,1.049870
6114,1000,0.50,500,3,120,0.9971,14,3330.00,1.461470
6115,1000,0.50,500,3,120,1.0329,15,3255.00,1.455520
6116,1000,0.50,500,3,120,0.9861,16,3353.00,1.052776
6117,1000,0.50,500,3,120,0.9912,17,3341.00,2.625757
6118,1000,0.50,500,3,120,0.9521,18,3292.00,0.545976
6119,1000,0.50,500,3,120,0.9931,19,3290.00,8.031338
6120,1000,0.50,500,3,120,1.0106,20,3256.00,3.910730
6121,1000,0.50,500,3,120,0.9403,21,3389.00,0.779668
6122,1000,0.50,500,3,120,0.9923,22,3280.00,2.181680
6123,1000,0.50,500,3,120,0.9782,23,3263.00,1.329125
6124,1000,0.50,500,3,120,0.9752,24,3269.00,2.370224
6125,1000,0.50,500,3,120,0.9737,25,3207.00,0.517460
6126,1000,0.50,500,3,120,1.0076,26,3328.00,2.539818
6127,1000,0.50,500,3,120,1.0252,27,3381.00,1.861449
6128,1000,0.50,500,3,120,0.9875,28,3415.00,0.875238
6129,1000,0.50,500,3,120,0.9650,29,3309.00,6.331802
6130,1000,0.50,500,3,120,0.9786,30,3317.00,0.658304
6131,1000,0.50,500,3,120,1.0105,31,3254.00,1.995998
6132,1000,0.50,500,3,120,0.9831,32,3328.00,0.145352
6133,1000,0.50,500,3,120,0.9463,33,3259.00,0.393263
6134,1000,0.50,500,3,120,1.0221,34,3352.00,0.220377
6135,1000,0.50,500,3,120,0.9951,35,3307.00,2.238653
6136,1000,0.50,500,3,120,1.0162,36,3292.00,1.334918
6137,1000,0.50,500,3,120,1.0022,37,3366.00,1.219847
6138,1000,0.50,500,3,120,1.0198,38,3293.00,4.111777
6139,1000,0.50,500,3,120,1.0198,39,3188.00,1.955015
6140,1000,0.50,500,3,120,1.0659,40,3375.00,4.631124
6141,1000,0.50,500,3,120,1.0330,41,3410.00,3.526918
6142,1000,0.50,500,3,120,0.9787,42,3224.00,1.585640
6143,1000,0.50,500,3,120,1.0065,43,3321.00,0.685717
6144,1000,0.50,500,3,120,1.0007,44,3349.00,1.597428
6145,1000,0.50,500,3,120,1.0145,45,3325.00,2.254764
6146,1000,0.50,500,3,120,1.0316,46,3251.00,9.512444
6147,1000,0.50,500,3,120,0.9351,47,3283.00,0.238591
6148,1000,0.50,500,3,120,0.9813,48,3228.00,0.229889
6149,1000,0.50,500,3,120,0.9645,49,3330.00,5.909945
6150,1000,0.50,500,3,120,1.0226,50,3308.00,2.677448
6151,1000,0.50,500,3,120,0.9961,51,2633.00,2.280095
6152,1000,0.50,500,3,120,1.0372,52,3323.00,2.712391
6153,1000,0.50,500,3,120,0.9216,53,3357.00,0.722987
6154,1000,0.50,500,3,120,1.0145,54,3333.00,2.586602
6155,1000,0.50,500,3,120,0.9686,55,3380.00,1.733896
6156,1000,0.50,500,3,120,0.9498,56,3307.00,4.241095
6157,1000,0.50,500,3,120,0.9652,57,3401.00,1.312141
6158,1000,0.50,500,3,120,1.0250,58,3426.00,0.186041
6159,1000,0.50,500,3,120,0.9930,59,3413.00,3.481335
6160,1000,0.50,500,3,120,0.9899,60,3240.00,1.323681
6161,1000,0.50,500,3,120,1.0139,61,3272.00,1.062178
6162,1000,0.50,500,3,120,0.9125,62,3278.00,0.682372
6163,1000,0.50,500,3,120,1.0259,63,3255.00,0.440785
6164,1000,0.50,500,3,120,1.0425,64,3245.00,0.282352
6165,1000,0.50,500,3,120,0.9648,65,3176.00,4.927638
6166,1000,0.50,500,3,120,1.0060,66,3337.00,1.890625
6167,1000,0.50,500,3,120,1.0428,67,1964.00,1.446535
6168,1000,0.50,500,3,120,0.9776,68,3202.00,0.574046
6169,1000,0.50,500,3,120,0.9593,69,3276.00,2.679404
6170,1000,0.50,500,3,120,0.9699,70,3348.00,4.231810
6171,1000,0.50,500,3,120,0.9921,71,3261.00,0.644306
6172,1000,0.50,500,3,120,1.0142,72,3172.00,0.168697
6173,1000,0.50,500,3,120,0.9671,73,3274.00,0.389125
6174,1000,0.50,500,3,120,1.0118,74,3254.00,0.802042
6175,1000,0.50,500,3,120,1.0226,75,3344.00,0.186173
6176,1000,0.50,500,3,120,1.0248,76,3137.00,1.297964
6177,1000,0.50,500,3,120,0.9528,77,3315.00,0.204763
6178,1000,0.50,500,3,120,0.9772,78,3363.00,2.165604
6179,1000,0.50,500,3,120,1.0374,79,3326.00,0.627853
6180,1000,0.50,500,3,120,0.9709,80,3359.00,0.244006
6181,1000,0.50,500,3,120,0.9996,81,3411.00,11.215820
6182,1000,0.50,500,3,120,0.9614,82,3394.00,0.472377
6183,1000,0.50,500,3,120,1.0005,83,3322.00,0.623637
6184,1000,0.50,500,3,120,0.9864,84,3315.00,0.286857
6185,1000,0.50,500,3,120,0.9819,85,3414.00,0.213298
6186,1000,0.50,500,3,120,1.0326,86,3473.00,0.894059
6187,1000,0.50,500,3,120,0.9968,87,3441.00,0.572484
6188,1000,0.50,500,3,120,0.9826,88,3328.00,0.844554
6189,1000,0.50,500,3,120,0.9621,89,3267.00,0.564326
6190,1000,0.50,500,3,120,1.0166,90,3299.00,1.734730
6191,1000,0.50,500,3,120,1.0437,91,3485.00,6.682694
6192,1000,0.50,500,3,120,1.0137,92,3388.00,0.277372
6193,1000,0.50,500,3,120,0.9907,93,3355.00,0.503528
6194,1000,0.50,500,3,120,1.0791,94,3213.00,0.341405
6195,1000,0.50,500,3,120,0.9544,95,3371.00,1.582842
6196,1000,0.50,500,3,120,0.9610,96,3259.00,0.044934
6197,1000,0.50,500,3,120,0.9945,97,3355.00,1.414500
6198,1000,0.50,500,3,120,0.9379,98,3239.00,0.301003
6199,1000,0.50,500,3,120,1.0032,99,334.00,1.701289
6200,1000,0.50,500,3,130,1.0231,0,3595.00,4.004465
6201,1000,0.50,500,3,130,0.9915,1,3568.00,0.439755
6202,1000,0.50,500,3,130,1.0273,2,3626.00,1.116700
6203,1000,0.50,500,3,130,1.0121,3,3559.00,2.597154
6204,1000,0.50,500,3,130,0.9244,4,3548.00,3.822968
6205,1000,0.50,500,3,130,0.9976,5,3532.00,0.252957
6206,1000,0.50,500,3,130,0.9287,6,3509.00,0.902394
6207,1000,0.50,500,3,130,1.0244,7,3483.00,0.550470
6208,1000,0.50,500,3,130,0.9764,8,3498.00,1.258979
6209,1000,0.50,500,3,130,1.0133,9,3595.00,4.370351
6210,1000,0.50,500,3,130,0.9595,10,3582.00,1.312024
6211,1000,0.50,500,3,130,0.9715,11,3545.00,3.059277
6212,1000,0.50,500,3,130,0.9726,12,3514.00,0.798089
6213,1000,0.50,500,3,130,1.0090,13,3630.00,0.374846
6214,1000,0.50,500,3,130,0.9753,14,3509.00,0.141849
6215,1000,0.50,500,3,130,0.9994,15,3498.00,0.915122
6216,1000,0.50,500,3,130,0.9587,16,3592.00,0.029345
6217,1000,0.50,500,3,130,0.9711,17,3633.00,0.166533
6218,1000,0.50,500,3,130,1.0310,18,3164.00,0.572923
6219,1000,0.50,500,3,130,1.0225,19,3653.00,2.618875
6220,1000,0.50,500,3,130,1.0001,20,3551.00,0.825828
6221,1000,0.50,500,3,130,0.9573,21,3515.00,0.502565
6222,1000,0.50,500,3,130,0.9635,22,3564.00,0.546708
6223,1000,0.50,500,3,130,0.9640,23,3670.00,1.108358
6224,1000,0.50,500,3,130,1.0321,24,3541.00,2.029269
6225,1000,0.50,500,3,130,0.9682,25,3576.00,3.580798
6226,1000,0.50,500,3,130,1.0297,26,3545.00,2.191929
6227,1000,0.50,500,3,130,0.9699,27,3519.00,0.392651
6228,1000,0.50,500,3,130,1.0438,28,3617.00,0.524674
6229,1000,0.50,500,3,130,0.9403,29,3498.00,1.066214
6230,1000,0.50,500,3,130,0.9483,30,3415.00,0.151940
6231,1000,0.50,500,3,130,0.9756,31,3523.00,0.924438
6232,1000,0.50,500,3,130,0.9875,32,3647.00,0.566867
6233,1000,0.50,500,3,130,1.0305,33,3579.00,1.226524
6234,1000,0.50,500,3,130,0.9833,34,3554.00,0.889921
6235,1000,0.50,500,3,130,1.0649,35,3568.00,0.944141
6236,1000,0.50,500,3,130,0.9536,36,3497.00,2.174149
6237,1000,0.50,500,3,130,1.0051,37,3667.00,2.127348
6238,1000,0.50,500,3,130,1.0030,38,3406.00,2.250821
6239,1000,0.50,500,3,130,1.0293,39,3607.00,0.095179
6240,1000,0.50,500,3,130,0.9901,40,3469.00,1.907458
6241,1000,0.50,500,3,130,1.0688,41,3623.00,0.507016
6242,1000,0.50,500,3,130,0.9242,42,3570.00,0.625931
6243,1000,0.50,500,3,130,0.9862,43,3488.00,2.102403
6244,1000,0.50,500,3,130,0.9918,44,3535.00,1.457753
6245,1000,0.50,500,3,130,1.0090,45,3586.00,2.277462
6246,1000,0.50,500,3,130,1.0284,46,3677.00,0.235482
6247,1000,0.50,500,3,130,1.0245,47,3648.00,1.069958
6248,1000,0.50,500,3,130,1.0315,48,3552.00,2.870116
6249,1000,0.50,500,3,130,0.9743,49,3451.00,0.851901
6250,1000,0.50,500,3,130,0.9845,50,3512.00,1.267258
6251,1000,0.50,500,3,130,0.9700,51,3528.00,1.071274
6252,1000,0.50,500,3,130,0.9834,52,3552.00,1.769727
6253,1000,0.50,500,3,130,0.9547,53,3593.00,0.637936
6254,1000,0.50,500,3,130,1.0065,54,3557.00,2.117729
6255,1000,0.50,500,3,130,1.0014,55,3484.00,0.879330
6256,1000,0.50,500,3,130,0.9808,56,3614.00,1.173512
6257,1000,0.50,500,3,130,0.9933,57,3586.00,1.065591
6258,1000,0.50,500,3,130,0.9794,58,3522.00,1.165305
6259,1000,0.50,500,3,130,0.9997,59,3632.00,1.988223
6260,1000,0.50,500,3,130,1.0439,60,3539.00,5.007555
6261,1000,0.50,500,3,130,1.0085,61,2059.00,1.250615
6262,1000,0.50,500,3,130,0.9805,62,3450.00,0.362500
6263,1000,0.50,500,3,130,0.9803,63,3569.00,2.834330
6264,1000,0.50,500,3,130,0.9879,64,3502.00,3.215323
6265,1000,0.50,500,3,130,0.9985,65,3637.00,0.836799
6266,1000,0.50,500,3,130,1.0034,66,3483.00,1.863403
6267,1000,0.50,500,3,130,0.9820,67,3492.00,1.866578
6268,1000,0.50,500,3,130,0.9871,68,3564.00,0.143035
6269,1000,0.50,500,3,130,1.0327,69,3415.00,0.207968
6270,1000,0.50,500,3,130,0.9853,70,3634.00,0.312427
6271,1000,0.50,500,3,130,0.9741,71,3498.00,0.969290
6272,1000,0.50,500,3,130,1.0074,72,3517.00,0.801919
6273,1000,0.50,500,3,130,0.9817,73,1453.00,0.371635
6274,1000,0.50,500,3,130,1.0042,74,3577.00,0.766402
6275,1000,0.50,500,3,130,0.9821,75,3497.00,0.257020
6276,1000,0.50,500,3,130,1.0053,76,3602.00,1.691989
6277,1000,0.50,500,3,130,0.9917,77,3621.00,1.226500
6278,1000,0.50,500,3,130,0.9910,78,3559.00,3.153328
6279,1000,0.50,500,3,130,0.9846,79,3495.00,1.112650
6280,1000,0.50,500,3,130,1.0267,80,3507.00,0.651018
6281,1000,0.50,500,3,130,1.0028,81,3587.00,1.898124
6282,1000,0.50,500,3,130,1.0019,82,3579.00,0.560636
6283,1000,0.50,500,3,130,0.9863,83,3534.00,1.748565
6284,1000,0.50,500,3,130,1.0383,84,3561.00,2.845021
6285,1000,0.50,500,3,130,0.9554,85,3517.00,0.758118
6286,1000,0.50,500,3,130,0.9863,86,3669.00,1.085841
6287,1000,0.50,500,3,130,0.9686,87,3527.00,0.383262
6288,1000,0.50,500,3,130,1.0036,88,3497.00,1.554555
6289,1000,0.50,500,3,130,0.9652,89,3588.00,0.488143
6290,1000,0.50,500,3,130,1.0353,90,3549.00,1.133137
6291,1000,0.50,500,3,130,0.9817,91,3566.00,0.046017
6292,1000,0.50,500,3,130,0.9727,92,3557.00,1.649595
6293,1000,0.50,500,3,130,1.0254,93,3582.00,0.726704
6294,1000,0.50,500,3,130,1.0269,94,3636.00,0.747563
6295,1000,0.50,500,3,130,0.9555,95,3670.00,0.905245
6296,1000,0.50,500,3,130,1.0447,96,3591.00,0.991335
6297,1000,0.50,500,3,130,1.0229,97,3538.00,1.534332
6298,1000,0.50,500,3,130,1.0220,98,3549.00,0.951054
6299,1000,0.50,500,3,130,0.9871,99,3545.00,0.480860
6300,1000,0.50,500,3,140,0.9551,0,3812.00,1.584733
6301,1000,0.50,500,3,140,0.9443,1,3748.00,2.433152
6302,1000,0.50,500,3,140,1.0000,2,3805.00,0.987191
6303,1000,0.50,500,3,140,1.0347,3,3816.00,0.739028
6304,1000,0.50,500,3,140,0.9968,4,3878.00,0.334747
6305,1000,0.50,500,3,140,0.9740,5,3824.00,0.640789
6306,1000,0.50,500,3,140,1.0046,6,3803.00,3.749035
6307,1000,0.50,500,3,140,1.0095,7,2094.00,1.699315
6308,1000,0.50,500,3,140,0.9728,8,3909.00,0.234193
6309,1000,0.50,500,3,140,0.9613,9,3888.00,3.615342
6310,1000,0.50,500,3,140,1.0241,10,3890.00,1.535430
6311,1000,0.50,500,3,140,1.0147,11,3876.00,2.831874
6312,1000,0.50,500,3,140,0.9760,12,3836.00,0.303423
6313,1000,0.50,500,3,140,0.9753,13,3878.00,0.475001
6314,1000,0.50,500,3,140,0.9989,14,3793.00,2.651586
6315,1000,0.50,500,3,140,1.0730,15,3908.00,0.705366
6316,1000,0.50,500,3,140,0.9710,16,3869.00,1.967260
6317,1000,0.50,500,3,140,1.0081,17,3873.00,0.299247
6318,1000,0.50,500,3,140,0.9641,18,3848.00,2.856290
6319,1000,0.50,500,3,140,0.9918,19,3807.00,1.381235
6320,1000,0.50,500,3,140,0.9867,20,3793.00,2.717951
6321,1000,0.50,500,3,140,0.9955,21,3924.00,6.597723
6322,1000,0.50,500,3,140,0.9652,22,3937.00,0.108370
6323,1000,0.50,500,3,140,0.9324,23,3856.00,2.493013
6324,1000,0.50,500,3,140,0.9990,24,3881.00,0.517611
6325,1000,0.50,500,3,140,0.9845,25,3860.00,1.099536
6326,1000,0.50,500,3,140,1.0293,26,3853.00,0.473372
6327,1000,0.50,500,3,140,0.9770,27,3812.00,0.925215
6328,1000,0.50,500,3,140,1.0280,28,3816.00,2.162512
6329,1000,0.50,500,3,140,1.0604,29,3906.00,3.639011
6330,1000,0.50,500,3,140,1.0627,30,3887.00,1.003009
6331,1000,0.50,500,3,140,1.0031,31,3973.00,2.331773
6332,1000,0.50,500,3,140,0.9866,32,3807.00,0.365894
6333,1000,0.50,500,3,140,0.9923,33,3812.00,0.837507
6334,1000,0.50,500,3,140,0.9526,34,3718.00,1.923466
6335,1000,0.50,500,3,140,1.0196,35,3753.00,0.973629
6336,1000,0.50,500,3,140,0.9872,36,3891.00,2.214182
6337,1000,0.50,500,3,140,1.0602,37,3643.00,1.502117
6338,1000,0.50,500,3,140,0.9715,38,3840.00,1.215676
6339,1000,0.50,500,3,140,0.9781,39,3774.00,1.113066
6340,1000,0.50,500,3,140,1.0069,40,3796.00,0.870710
6341,1000,0.50,500,3,140,1.0172,41,3794.00,3.603610
6342,1000,0.50,500,3,140,1.0045,42,3878.00,2.173608
6343,1000,0.50,500,3,140,0.9596,43,3747.00,0.961725
6344,1000,0.50,500,3,140,1.0150,44,3819.00,0.999699
6345,1000,0.50,500,3,140,1.0076,45,3976.00,0.999696
6346,1000,0.50,500,3,140,0.9946,46,3758.00,0.852413
6347,1000,0.50,500,3,140,1.0143,47,3895.00,0.202080
6348,1000,0.50,500,3,140,0.9973,48,3896.00,0.359058
6349,1000,0.50,500,3,140,1.0535,49,3910.00,3.136765
6350,1000,0.50,500,3,140,1.0178,50,3857.00,1.454732
6351,1000,0.50,500,3,140,1.0125,51,3813.00,1.190785
6352,1000,0.50,500,3,140,0.9546,52,3840.00,0.808918
6353,1000,0.50,500,3,140,1.0550,53,3893.00,1.983136
6354,1000,0.50,500,3,140,0.9468,54,3776.00,0.279762
6355,1000,0.50,500,3,140,0.9676,55,3871.00,0.380696
6356,1000,0.50,500,3,140,1.0622,56,1175.00,0.665147
6357,1000,0.50,500,3,140,1.0286,57,3883.00,0.404593
6358,1000,0.50,500,3,140,0.9997,58,3805.00,0.283806
6359,1000,0.50,500,3,140,0.9999,59,3847.00,2.197556
6360,1000,0.50,500,3,140,1.0395,60,3898.00,1.107316
6361,1000,0.50,500,3,140,1.0153,61,3860.00,0.496229
6362,1000,0.50,500,3,140,0.9711,62,3834.00,1.307986
6363,1000,0.50,500,3,140,1.0131,63,3932.00,0.517133
6364,1000,0.50,500,3,140,1.0017,64,3714.00,1.630034
6365,1000,0.50,500,3,140,0.9939,65,3823.00,2.252139
6366,1000,0.50,500,3,140,0.9910,66,3837.00,1.692474
6367,1000,0.50,500,3,140,0.9724,67,3795.00,3.820271
6368,1000,0.50,500,3,140,0.9744,68,3733.00,1.551217
6369,1000,0.50,500,3,140,1.0244,69,3830.00,1.137918
6370,1000,0.50,500,3,140,0.9863,70,3789.00,0.692011
6371,1000,0.50,500,3,140,1.0244,71,3798.00,1.335077
6372,1000,0.50,500,3,140,1.0775,72,3906.00,1.484051
6373,1000,0.50,500,3,140,1.0212,73,3834.00,0.729129
6374,1000,0.50,500,3,140,1.0087,74,3900.00,2.246126
6375,1000,0.50,500,3,140,0.9253,75,3790.00,1.258391
6376,1000,0.50,500,3,140,1.0108,76,3784.00,1.438175
6377,1000,0.50,500,3,140,0.9884,77,3976.00,2.350099
6378,1000,0.50,500,3,140,0.9878,78,3786.00,0.427476
6379,1000,0.50,500,3,140,0.9151,79,3776.00,1.175958
6380,1000,0.50,500,3,140,1.0398,80,3773.00,0.450824
6381,1000,0.50,500,3,140,0.9679,81,3784.00,0.626724
6382,1000,0.50,500,3,140,0.9914,82,3871.00,0.703495
6383,1000,0.50,500,3,140,0.9927,83,3856.00,2.316245
6384,1000,0.50,500,3,140,1.0084,84,3745.00,1.004303
6385,1000,0.50,500,3,140,1.0276,85,3875.00,3.180890
6386,1000,0.50,500,3,140,0.9803,86,3854.00,1.751878
6387,1000,0.50,500,3,140,0.9546,87,3869.00,0.890814
6388,1000,0.50,500,3,140,1.0485,88,3896.00,1.980209
6389,1000,0.50,500,3,140,1.0239,89,1840.00,1.156755
6390,1000,0.50,500,3,140,1.0134,90,3853.00,0.243365
6391,1000,0.50,500,3,140,0.9694,91,3774.00,0.781613
6392,1000,0.50,500,3,140,1.0328,92,3945.00,0.814085
6393,1000,0.50,500,3,140,0.9403,93,3840.00,0.989699
6394,1000,0.50,500,3,140,1.0001,94,3951.00,0.947282
6395,1000,0.50,500,3,140,0.9502,95,3686.00,0.223791
6396,1000,0.50,500,3,140,0.9644,96,3796.00,1.108751
6397,1000,0.50,500,3,140,0.9868,97,3826.00,1.932690
6398,1000,0.50,500,3,140,0.9718,98,3869.00,3.249665
6399,1000,0.50,500,3,140,1.0039,99,3902.00,0.788811
6400,1000,0.50,500,3,150,1.0346,0,4104.00,0.446445
6401,1000,0.50,500,3,150,1.0110,1,4075.00,0.465767
6402,1000,0.50,500,3,150,0.9532,2,4211.00,0.499737
6403,1000,0.50,500,3,150,0.9467,3,4103.00,0.341730
6404,1000,0.50,500,3,150,0.9801,4,4140.00,1.768974
6405,1000,0.50,500,3,150,0.9499,5,4115.00,1.975114
6406,1000,0.50,500,3,150,0.9480,6,4087.00,3.596255
6407,1000,0.50,500,3,150,0.9980,7,4180.00,0.707075
6408,1000,0.50,500,3,150,1.0079,8,4073.00,0.987331
6409,1000,0.50,500,3,150,0.9786,9,4174.00,0.577167
6410,1000,0.50,500,3,150,0.9649,10,4070.00,2.304308
6411,1000,0.50,500,3,150,0.9625,11,4105.00,0.415652
6412,1000,0.50,500,3,150,0.9847,12,4111.00,2.030129
6413,1000,0.50,500,3,150,1.0019,13,4069.00,2.130681
6414,1000,0.50,500,3,150,1.0002,14,4140.00,1.238679
6415,1000,0.50,500,3,150,1.0276,15,4175.00,3.873653
6416,1000,0.50,500,3,150,0.9748,16,4081.00,1.298265
6417,1000,0.50,500,3,150,1.0165,17,4148.00,0.426172
6418,1000,0.50,500,3,150,0.9589,18,4169.00,0.444493
6419,1000,0.50,500,3,150,0.9468,19,4111.00,1.151887
6420,1000,0.50,500,3,150,1.0024,20,4182.00,7.400459
6421,1000,0.50,500,3,150,0.9946,21,4121.00,0.623793
6422,1000,0.50,500,3,150,0.9632,22,4122.00,1.984676
6423,1000,0.50,500,3,150,1.0020,23,4084.00,3.754322
6424,1000,0.50,500,3,150,0.9716,24,4049.00,1.200626
6425,1000,0.50,500,3,150,1.0051,25,4109.00,1.800371
6426,1000,0.50,500,3,150,1.0017,26,4140.00,1.191650
6427,1000,0.50,500,3,150,1.0031,27,4180.00,3.227049
6428,1000,0.50,500,3,150,1.0097,28,4053.00,0.345195
6429,1000,0.50,500,3,150,0.9720,29,4249.00,2.952887
6430,1000,0.50,500,3,150,0.9928,30,4101.00,1.200959
6431,1000,0.50,500,3,150,0.9692,31,4152.00,1.187165
6432,1000,0.50,500,3,150,1.0233,32,3992.00,0.416492
6433,1000,0.50,500,3,150,0.9885,33,4021.00,0.588765
6434,1000,0.50,500,3,150,1.0013,34,1346.00,0.586061
6435,1000,0.50,500,3,150,1.0059,35,3973.00,1.536143
6436,1000,0.50,500,3,150,0.9852,36,4028.00,0.909433
6437,1000,0.50,500,3,150,1.0232,37,4044.00,0.522137
6438,1000,0.50,500,3,150,0.9965,38,4045.00,2.054113
6439,1000,0.50,500,3,150,0.9511,39,4023.00,1.889823
6440,1000,0.50,500,3,150,0.9834,40,4129.00,0.703330
6441,1000,0.50,500,3,150,0.9611,41,4133.00,1.525335
6442,1000,0.50,500,3,150,1.0179,42,4145.00,0.360603
6443,1000,0.50,500,3,150,0.9885,43,4148.00,2.507214
6444,1000,0.50,500,3,150,0.9947,44,4231.00,0.395123
6445,1000,0.50,500,3,150,1.0069,45,4083.00,2.506594
6446,1000,0.50,500,3,150,0.9862,46,4080.00,1.291401
6447,1000,0.50,500,3,150,0.9475,47,4046.00,1.026304
6448,1000,0.50,500,3,150,0.9938,48,4091.00,1.831342
6449,1000,0.50,500,3,150,0.9864,49,4098.00,2.159825
6450,1000,0.50,500,3,150,1.0135,50,4142.00,3.991127
6451,1000,0.50,500,3,150,1.0649,51,4242.00,3.037610
6452,1000,0.50,500,3,150,0.9829,52,4056.00,2.487487
6453,1000,0.50,500,3,150,0.9787,53,4123.00,0.905397
6454,1000,0.50,500,3,150,0.9947,54,4236.00,0.340612
6455,1000,0.50,500,3,150,0.9606,55,4136.00,1.941166
6456,1000,0.50,500,3,150,1.0122,56,4157.00,6.273578
6457,1000,0.50,500,3,150,0.9627,57,4087.00,1.949496
6458,1000,0.50,500,3,150,1.0074,58,4148.00,2.370086
6459,1000,0.50,500,3,150,0.9423,59,4118.00,0.683688
6460,1000,0.50,500,3,150,1.0036,60,4065.00,0.199202
6461,1000,0.50,500,3,150,0.9923,61,4078.00,0.595870
6462,1000,0.50,500,3,150,1.0307,62,4055.00,3.815834
6463,1000,0.50,500,3,150,1.0353,63,4226.00,1.816779
6464,1000,0.50,500,3,150,0.9756,64,4131.00,0.094289
6465,1000,0.50,500,3,150,0.9724,65,4033.00,0.570678
6466,1000,0.50,500,3,150,1.0065,66,4115.00,0.341352
6467,1000,0.50,500,3,150,1.0183,67,4109.00,0.324394
6468,1000,0.50,500,3,150,0.9950,68,4203.00,0.680270
6469,1000,0.50,500,3,150,0.9334,69,4050.00,1.534801
6470,1000,0.50,500,3,150,0.9870,70,4156.00,0.906165
6471,1000,0.50,500,3,150,0.9869,71,4107.00,0.844935
6472,1000,0.50,500,3,150,1.0099,72,4155.00,0.943520
6473,1000,0.50,500,3,150,0.9724,73,4076.00,3.156346
6474,1000,0.50,500,3,150,1.0055,74,4000.00,0.865775
6475,1000,0.50,500,3,150,1.0192,75,4122.00,1.655968
6476,1000,0.50,500,3,150,1.0338,76,4087.00,1.336839
6477,1000,0.50,500,3,150,0.9884,77,4123.00,2.311442
6478,1000,0.50,500,3,150,0.9804,78,4089.00,0.366520
6479,1000,0.50,500,3,150,0.9900,79,4119.00,2.446368
6480,1000,0.50,500,3,150,0.9378,80,4147.00,0.602062
6481,1000,0.50,500,3,150,0.9863,81,4188.00,1.039554
6482,1000,0.50,500,3,150,1.0361,82,4062.00,0.745697
6483,1000,0.50,500,3,150,0.9941,83,4175.00,3.030022
6484,1000,0.50,500,3,150,0.9537,84,4135.00,0.613839
6485,1000,0.50,500,3,150,0.9819,85,4044.00,4.137455
6486,1000,0.50,500,3,150,0.9746,86,4055.00,0.604547
6487,1000,0.50,500,3,150,0.9747,87,4069.00,1.251803
6488,1000,0.50,500,3,150,1.0077,88,4082.00,0.666424
6489,1000,0.50,500,3,150,0.9584,89,3968.00,0.174111
6490,1000,0.50,500,3,150,0.9925,90,4096.00,1.009259
6491,1000,0.50,500,3,150,0.9726,91,4163.00,1.388782
6492,1000,0.50,500,3,150,0.9676,92,4108.00,0.850020
6493,1000,0.50,500,3,150,0.9847,93,4151.00,1.915849
6494,1000,0.50,500,3,150,1.0311,94,3210.00,2.056782
6495,1000,0.50,500,3,150,1.0231,95,4329.00,0.547327
6496,1000,0.50,500,3,150,1.0133,96,4218.00,2.348511
6497,1000,0.50,500,3,150,0.9938,97,4055.00,2.443815
6498,1000,0.50,500,3,150,0.9752,98,4171.00,0.225684
6499,1000,0.50,500,3,150,1.0053,99,4176.00,0.885370
6500,1000,0.50,500,3,160,0.9813,0,4437.00,0.208343
6501,1000,0.50,500,3,160,1.0606,1,4390.00,0.550213
6502,1000,0.50,500,3,160,0.9649,2,4490.00,2.166318
6503,1000,0.50,500,3,160,1.0181,3,4278.00,1.791056
6504,1000,0.50,500,3,160,1.0392,4,4247.00,1.495569
6505,1000,0.50,500,3,160,1.0490,5,4352.00,0.634079
6506,1000,0.50,500,3,160,1.0211,6,4465.00,1.548672
6507,1000,0.50,500,3,160,0.9860,7,4415.00,0.129435
6508,1000,0.50,500,3,160,0.9411,8,4347.00,1.299921
6509,1000,0.50,500,3,160,1.0086,9,4351.00,0.278499
6510,1000,0.50,500,3,160,1.0089,10,4423.00,1.467166
6511,1000,0.50,500,3,160,1.0338,11,4300.00,3.471736
6512,1000,0.50,500,3,160,0.9975,12,4359.00,2.259955
6513,1000,0.50,500,3,160,1.0429,13,4465.00,2.943188
6514,1000,0.50,500,3,160,0.9858,14,4301.00,1.761404
6515,1000,0.50,500,3,160,1.0236,15,4370.00,1.393716
6516,1000,0.50,500,3,160,1.0480,16,4394.00,1.415071
6517,1000,0.50,500,3,160,0.9659,17,4348.00,0.301291
6518,1000,0.50,500,3,160,1.0147,18,4504.00,1.017688
6519,1000,0.50,500,3,160,0.9644,19,4410.00,0.497887
6520,1000,0.50,500,3,160,1.0391,20,4227.00,2.321978
6521,1000,0.50,500,3,160,0.9859,21,4385.00,0.633246
6522,1000,0.50,500,3,160,1.0254,22,4194.00,1.918839
6523,1000,0.50,500,3,160,0.9877,23,4315.00,3.258779
6524,1000,0.50,500,3,160,0.9606,24,4340.00,2.104392
6525,1000,0.50,500,3,160,1.0263,25,4480.00,1.422027
6526,1000,0.50,500,3,160,0.9703,26,4324.00,1.976419
6527,1000,0.50,500,3,160,1.0220,27,4499.00,1.004842
6528,1000,0.50,500,3,160,1.0095,28,4405.00,0.253997
6529,1000,0.50,500,3,160,0.9924,29,4484.00,0.315313
6530,1000,0.50,500,3,160,0.9851,30,4312.00,2.049394
6531,1000,0.50,500,3,160,1.0305,31,4482.00,1.256547
6532,1000,0.50,500,3,160,0.9501,32,4374.00,1.147824
6533,1000,0.50,500,3,160,0.9682,33,4412.00,1.118644
6534,1000,0.50,500,3,160,1.0444,34,4319.00,1.662878
6535,1000,0.50,500,3,160,1.0087,35,4449.00,1.219702
6536,1000,0.50,500,3,160,1.0356,36,4322.00,2.325310
6537,1000,0.50,500,3,160,0.9862,37,4301.00,3.588775
6538,1000,0.50,500,3,160,0.9539,38,4281.00,1.061281
6539,1000,0.50,500,3,160,1.0310,39,4367.00,1.057775
6540,1000,0.50,500,3,160,0.9778,40,4317.00,0.984558
6541,1000,0.50,500,3,160,0.9841,41,4317.00,2.872247
6542,1000,0.50,500,3,160,0.9989,42,4392.00,1.293768
6543,1000,0.50,500,3,160,0.9600,43,4333.00,0.568795
6544,1000,0.50,500,3,160,1.0892,44,4438.00,0.793592
6545,1000,0.50,500,3,160,0.9677,45,4344.00,2.691487
6546,1000,0.50,500,3,160,0.9918,46,4382.00,1.309794
6547,1000,0.50,500,3,160,0.9944,47,4420.00,1.644598
6548,1000,0.50,500,3,160,1.0151,48,4442.00,0.674205
6549,1000,0.50,500,3,160,1.0270,49,4475.00,3.008079
6550,1000,0.50,500,3,160,1.0244,50,4473.00,0.825215
6551,1000,0.50,500,3,160,0.9510,51,4501.00,3.041183
6552,1000,0.50,500,3,160,1.0099,52,4428.00,0.997626
6553,1000,0.50,500,3,160,1.0163,53,4468.00,0.478480
6554,1000,0.50,500,3,160,1.0327,54,4356.00,0.099726
6555,1000,0.50,500,3,160,0.9806,55,4343.00,0.088089
6556,1000,0.50,500,3,160,1.0210,56,4227.00,1.539315
6557,1000,0.50,500,3,160,0.9713,57,4402.00,1.461325
6558,1000,0.50,500,3,160,1.0305,58,4366.00,1.295383
6559,1000,0.50,500,3,160,0.9803,59,4278.00,1.109315
6560,1000,0.50,500,3,160,0.9784,60,4320.00,0.396072
6561,1000,0.50,500,3,160,1.0412,61,4444.00,2.414635
6562,1000,0.50,500,3,160,1.0184,62,4389.00,0.173549
6563,1000,0.50,500,3,160,0.9547,63,4393.00,0.380207
6564,1000,0.50,500,3,160,1.0342,64,4301.00,1.783815
6565,1000,0.50,500,3,160,0.9447,65,4344.00,2.044753
6566,1000,0.50,500,3,160,1.0120,66,4429.00,0.410851
6567,1000,0.50,500,3,160,0.9965,67,4400.00,1.436781
6568,1000,0.50,500,3,160,1.0167,68,4353.00,0.698575
6569,1000,0.50,500,3,160,1.0886,69,4398.00,3.594012
6570,1000,0.50,500,3,160,1.0094,70,4415.00,0.241256
6571,1000,0.50,500,3,160,1.0543,71,4399.00,0.310887
6572,1000,0.50,500,3,160,1.0080,72,4473.00,3.368833
6573,1000,0.50,500,3,160,0.9819,73,4423.00,1.169868
6574,1000,0.50,500,3,160,1.0296,74,4288.00,2.024730
6575,1000,0.50,500,3,160,0.9802,75,4367.00,0.776024
6576,1000,0.50,500,3,160,0.9955,76,4397.00,0.454852
6577,1000,0.50,500,3,160,0.9975,77,4301.00,0.456758
6578,1000,0.50,500,3,160,1.0178,78,4403.00,2.733258
6579,1000,0.50,500,3,160,1.0062,79,4515.00,0.181878
6580,1000,0.50,500,3,160,1.0191,80,4493.00,1.821390
6581,1000,0.50,500,3,160,0.9445,81,4408.00,0.749246
6582,1000,0.50,500,3,160,0.9615,82,4450.00,3.993648
6583,1000,0.50,500,3,160,1.0092,83,4400.00,1.027381
6584,1000,0.50,500,3,160,1.0450,84,4493.00,1.344900
6585,1000,0.50,500,3,160,1.0199,85,4436.00,0.441769
6586,1000,0.50,500,3,160,1.0418,86,4489.00,1.219122
6587,1000,0.50,500,3,160,1.0175,87,3323.00,0.421474
6588,1000,0.50,500,3,160,1.0437,88,4455.00,0.365826
6589,1000,0.50,500,3,160,0.9673,89,4191.00,0.992629
6590,1000,0.50,500,3,160,0.9627,90,4369.00,2.016773
6591,1000,0.50,500,3,160,1.0488,91,4493.00,0.902960
6592,1000,0.50,500,3,160,0.9619,92,4425.00,1.429565
6593,1000,0.50,500,3,160,1.0193,93,4287.00,0.685155
6594,1000,0.50,500,3,160,0.9881,94,4336.00,1.735876
6595,1000,0.50,500,3,160,0.9775,95,4332.00,0.964796
6596,1000,0.50,500,3,160,1.0319,96,4527.00,1.308138
6597,1000,0.50,500,3,160,0.9492,97,4367.00,0.578570
6598,1000,0.50,500,3,160,1.0112,98,4491.00,2.336869
6599,1000,0.50,500,3,160,1.0123,99,4342.00,0.743568
6600,1000,0.50,500,3,170,1.0182,0,4741.00,1.583361
6601,1000,0.50,500,3,170,0.9975,1,4730.00,1.805561
6602,1000,0.50,500,3,170,1.0036,2,4797.00,5.474743
6603,1000,0.50,500,3,170,0.9715,3,4467.00,0.670236
6604,1000,0.50,500,3,170,0.9978,4,684.00,0.456748
6605,1000,0.50,500,3,170,0.9946,5,4593.00,3.203769
6606,1000,0.50,500,3,170,0.9634,6,4654.00,0.759024
6607,1000,0.50,500,3,170,1.0464,7,4760.00,0.378379
6608,1000,0.50,500,3,170,0.9642,8,4671.00,1.553214
6609,1000,0.50,500,3,170,0.9973,9,2957.00,1.448361
6610,1000,0.50,500,3,170,1.0403,10,4720.00,4.148255
6611,1000,0.50,500,3,170,1.0296,11,4610.00,1.266438
6612,1000,0.50,500,3,170,0.9739,12,4616.00,3.185351
6613,1000,0.50,500,3,170,0.9503,13,4722.00,0.731687
6614,1000,0.50,500,3,170,1.0304,14,4766.00,0.488933
6615,1000,0.50,500,3,170,1.0003,15,4711.00,0.867942
6616,1000,0.50,500,3,170,0.9712,16,4659.00,1.738941
6617,1000,0.50,500,3,170,1.0181,17,4706.00,0.211487
6618,1000,0.50,500,3,170,1.0224,18,4689.00,3.266443
6619,1000,0.50,500,3,170,0.9739,19,4619.00,0.348971
6620,1000,0.50,500,3,170,1.0253,20,4699.00,1.582939
6621,1000,0.50,500,3,170,1.0098,21,4730.00,0.373618
6622,1000,0.50,500,3,170,1.0070,22,4701.00,0.226887
6623,1000,0.50,500,3,170,0.9994,23,4607.00,0.929344
6624,1000,0.50,500,3,170,1.0066,24,4651.00,0.430071
6625,1000,0.50,500,3,170,1.0735,25,1517.00,1.760936
6626,1000,0.50,500,3,170,1.0034,26,4796.00,2.991428
6627,1000,0.50,500,3,170,0.9846,27,4605.00,1.107097
6628,1000,0.50,500,3,170,1.0276,28,4682.00,0.976703
6629,1000,0.50,500,3,170,1.0270,29,4684.00,0.287990
6630,1000,0.50,500,3,170,0.9802,30,4851.00,0.835977
6631,1000,0.50,500,3,170,0.9596,31,4683.00,2.061070
6632,1000,0.50,500,3,170,0.9496,32,4749.00,2.098599
6633,1000,0.50,500,3,170,0.9556,33,4659.00,2.146839
6634,1000,0.50,500,3,170,0.9711,34,4751.00,1.589685
6635,1000,0.50,500,3,170,0.9842,35,4787.00,0.782489
6636,1000,0.50,500,3,170,0.9567,36,4656.00,2.029632
6637,1000,0.50,500,3,170,0.9590,37,4674.00,3.090843
6638,1000,0.50,500,3,170,0.9956,38,4614.00,2.136574
6639,1000,0.50,500,3,170,0.9227,39,4732.00,2.276287
6640,1000,0.50,500,3,170,0.9622,40,4682.00,0.797258
6641,1000,0.50,500,3,170,1.0799,41,2122.00,0.738365
6642,1000,0.50,500,3,170,0.9621,42,4700.00,0.485798
6643,1000,0.50,500,3,170,1.0368,43,4890.00,1.188144
6644,1000,0.50,500,3,170,1.0157,44,4753.00,0.258480
6645,1000,0.50,500,3,170,1.0273,45,4882.00,3.335731
6646,1000,0.50,500,3,170,0.9584,46,4718.00,3.243338
6647,1000,0.50,500,3,170,1.0527,47,4744.00,5.235951
6648,1000,0.50,500,3,170,1.0384,48,4631.00,2.597907
6649,1000,0.50,500,3,170,1.0272,49,4594.00,0.294752
6650,1000,0.50,500,3,170,1.0136,50,4630.00,0.915301
6651,1000,0.50,500,3,170,1.0183,51,4740.00,2.608932
6652,1000,0.50,500,3,170,0.9903,52,4700.00,2.104587
6653,1000,0.50,500,3,170,0.9817,53,4707.00,0.475049
6654,1000,0.50,500,3,170,0.9492,54,4600.00,0.304513
6655,1000,0.50,500,3,170,1.0183,55,4597.00,1.063202
6656,1000,0.50,500,3,170,1.0254,56,4567.00,3.491966
6657,1000,0.50,500,3,170,0.9569,57,4609.00,1.451009
6658,1000,0.50,500,3,170,1.0261,58,4748.00,0.914156
6659,1000,0.50,500,3,170,1.0222,59,4775.00,0.664845
6660,1000,0.50,500,3,170,0.9505,60,4693.00,0.409719
6661,1000,0.50,500,3,170,0.9584,61,4730.00,4.159102
6662,1000,0.50,500,3,170,0.9830,62,4603.00,1.808592
6663,1000,0.50,500,3,170,1.0136,63,4600.00,1.966581
6664,1000,0.50,500,3,170,0.9780,64,4563.00,1.155415
6665,1000,0.50,500,3,170,0.9795,65,4699.00,2.800535
6666,1000,0.50,500,3,170,0.9827,66,4583.00,0.966037
6667,1000,0.50,500,3,170,1.0274,67,4679.00,0.359611
6668,1000,0.50,500,3,170,0.9785,68,4604.00,2.934959
6669,1000,0.50,500,3,170,1.0017,69,4714.00,0.768438
6670,1000,0.50,500,3,170,0.9978,70,4659.00,0.329972
6671,1000,0.50,500,3,170,1.0173,71,4561.00,2.393240
6672,1000,0.50,500,3,170,0.9955,72,4596.00,0.260982
6673,1000,0.50,500,3,170,1.0072,73,3095.00,1.472170
6674,1000,0.50,500,3,170,1.0117,74,4674.00,2.037794
6675,1000,0.50,500,3,170,0.9758,75,4741.00,0.654421
6676,1000,0.50,500,3,170,0.9951,76,4733.00,0.538030
6677,1000,0.50,500,3,170,0.9618,77,4638.00,0.821156
6678,1000,0.50,500,3,170,1.0126,78,4538.00,3.835702
6679,1000,0.50,500,3,170,1.0256,79,4537.00,0.385950
6680,1000,0.50,500,3,170,0.9802,80,4652.00,0.836150
6681,1000,0.50,500,3,170,0.9821,81,4534.00,0.228896
6682,1000,0.50,500,3,170,1.0094,82,4653.00,0.208509
6683,1000,0.50,500,3,170,1.0295,83,4713.00,0.584876
6684,1000,0.50,500,3,170,0.9740,84,4602.00,0.384737
6685,1000,0.50,500,3,170,0.9769,85,4624.00,2.354808
6686,1000,0.50,500,3,170,0.9912,86,4652.00,2.892552
6687,1000,0.50,500,3,170,0.9949,87,4771.00,2.080542
6688,1000,0.50,500,3,170,1.0322,88,4645.00,4.520903
6689,1000,0.50,500,3,170,0.9558,89,4663.00,1.277393
6690,1000,0.50,500,3,170,0.9704,90,4670.00,0.438420
6691,1000,0.50,500,3,170,0.9712,91,4603.00,3.920068
6692,1000,0.50,500,3,170,0.9658,92,4685.00,2.219073
6693,1000,0.50,500,3,170,1.0238,93,4755.00,2.659887
6694,1000,0.50,500,3,170,1.0313,94,4652.00,0.426056
6695,1000,0.50,500,3,170,1.0272,95,4688.00,0.458334
6696,1000,0.50,500,3,170,0.9768,96,4588.00,1.933981
6697,1000,0.50,500,3,170,0.9535,97,4673.00,2.680337
6698,1000,0.50,500,3,170,1.0013,98,4743.00,0.686194
6699,1000,0.50,500,3,170,1.0032,99,4793.00,1.497796
6700,1000,0.50,500,3,180,1.0550,0,4809.00,3.744252
6701,1000,0.50,500,3,180,0.9662,1,4944.00,1.528338
6702,1000,0.50,500,3,180,0.9899,2,4846.00,0.171071
6703,1000,0.50,500,3,180,0.9579,3,4889.00,1.722969
6704,1000,0.50,500,3,180,0.9436,4,4889.00,3.129354
6705,1000,0.50,500,3,180,1.0168,5,5022.00,0.377225
6706,1000,0.50,500,3,180,0.9722,6,4880.00,0.276998
6707,1000,0.50,500,3,180,1.0159,7,5015.00,0.699410
6708,1000,0.50,500,3,180,1.0370,8,5027.00,1.750729
6709,1000,0.50,500,3,180,0.9726,9,4979.00,1.374299
6710,1000,0.50,500,3,180,1.0542,10,5034.00,2.426195
6711,1000,0.50,500,3,180,1.0606,11,4971.00,2.234791
6712,1000,0.50,500,3,180,0.9967,12,4784.00,1.365378
6713,1000,0.50,500,3,180,1.0350,13,4993.00,0.254533
6714,1000,0.50,500,3,180,0.9234,14,4922.00,0.305716
6715,1000,0.50,500,3,180,0.9728,15,4930.00,4.797701
6716,1000,0.50,500,3,180,0.9740,16,4898.00,2.913844
6717,1000,0.50,500,3,180,0.9599,17,4990.00,0.482014
6718,1000,0.50,500,3,180,1.0398,18,4971.00,1.331328
6719,1000,0.50,500,3,180,0.9927,19,4874.00,0.968281
6720,1000,0.50,500,3,180,1.0345,20,4785.00,2.111364
6721,1000,0.50,500,3,180,1.0386,21,4893.00,0.376361
6722,1000,0.50,500,3,180,1.0205,22,4909.00,0.882183
6723,1000,0.50,500,3,180,0.9694,23,4822.00,0.090086
6724,1000,0.50,500,3,180,1.0182,24,4946.00,1.680775
6725,1000,0.50,500,3,180,0.9715,25,4858.00,0.975401
6726,1000,0.50,500,3,180,1.0086,26,4856.00,1.194462
6727,1000,0.50,500,3,180,1.0253,27,4866.00,1.376699
6728,1000,0.50,500,3,180,1.0198,28,4805.00,0.893765
6729,1000,0.50,500,3,180,0.9915,29,4946.00,2.637100
6730,1000,0.50,500,3,180,1.0781,30,1738.00,1.715717
6731,1000,0.50,500,3,180,1.0080,31,4855.00,0.316206
6732,1000,0.50,500,3,180,1.0192,32,4848.00,1.301128
6733,1000,0.50,500,3,180,1.0147,33,4994.00,1.184501
6734,1000,0.50,500,3,180,1.0225,34,4928.00,3.920668
6735,1000,0.50,500,3,180,0.9838,35,4882.00,2.682606
6736,1000,0.50,500,3,180,0.9794,36,4848.00,1.734924
6737,1000,0.50,500,3,180,1.0015,37,4879.00,1.103970
6738,1000,0.50,500,3,180,1.0026,38,4855.00,1.454540
6739,1000,0.50,500,3,180,0.9860,39,4980.00,1.743970
6740,1000,0.50,500,3,180,0.9726,40,4828.00,1.377526
6741,1000,0.50,500,3,180,1.0204,41,5006.00,1.126439
6742,1000,0.50,500,3,180,1.0663,42,4953.00,0.624433
6743,1000,0.50,500,3,180,0.9705,43,4941.00,0.768187
6744,1000,0.50,500,3,180,1.0008,44,4974.00,2.185287
6745,1000,0.50,500,3,180,0.9860,45,4887.00,2.082566
6746,1000,0.50,500,3,180,1.0077,46,4757.00,1.740817
6747,1000,0.50,500,3,180,1.0397,47,5035.00,2.598714
6748,1000,0.50,500,3,180,0.9693,48,4804.00,0.853133
6749,1000,0.50,500,3,180,0.9932,49,4913.00,2.601568
6750,1000,0.50,500,3,180,1.0165,50,4931.00,0.062945
6751,1000,0.50,500,3,180,1.0105,51,4960.00,2.982841
6752,1000,0.50,500,3,180,0.9639,52,4862.00,1.404080
6753,1000,0.50,500,3,180,1.0243,53,5145.00,1.227235
6754,1000,0.50,500,3,180,1.0059,54,4897.00,1.052410
6755,1000,0.50,500,3,180,1.0026,55,4950.00,0.858526
6756,1000,0.50,500,3,180,0.9784,56,4967.00,0.809647
6757,1000,0.50,500,3,180,0.9784,57,4967.00,3.130502
6758,1000,0.50,500,3,180,0.9679,58,4869.00,2.044987
6759,1000,0.50,500,3,180,0.9721,59,4874.00,1.076013
6760,1000,0.50,500,3,180,0.9789,60,4824.00,2.620309
6761,1000,0.50,500,3,180,1.0056,61,4935.00,0.390070
6762,1000,0.50,500,3,180,1.0018,62,5137.00,6.998239
6763,1000,0.50,500,3,180,1.0036,63,4906.00,4.288765
6764,1000,0.50,500,3,180,0.9955,64,4912.00,0.985588
6765,1000,0.50,500,3,180,0.9929,65,4893.00,0.254020
6766,1000,0.50,500,3,180,1.0045,66,5041.00,0.522117
6767,1000,0.50,500,3,180,1.0364,67,4990.00,1.945198
6768,1000,0.50,500,3,180,1.0336,68,4970.00,2.755477
6769,1000,0.50,500,3,180,1.0110,69,5026.00,2.113492
6770,1000,0.50,500,3,180,1.0449,70,5017.00,0.713586
6771,1000,0.50,500,3,180,1.0049,71,4851.00,1.304346
6772,1000,0.50,500,3,180,1.0321,72,4947.00,1.734334
6773,1000,0.50,500,3,180,1.0588,73,4925.00,0.349622
6774,1000,0.50,500,3,180,1.0294,74,4950.00,2.154950
6775,1000,0.50,500,3,180,1.0114,75,4931.00,1.851423
6776,1000,0.50,500,3,180,1.0233,76,3140.00,0.591656
6777,1000,0.50,500,3,180,1.0824,77,245.00,0.760802
6778,1000,0.50,500,3,180,1.0288,78,4988.00,0.335988
6779,1000,0.50,500,3,180,1.0288,79,4933.00,1.960095
6780,1000,0.50,500,3,180,1.0090,80,4958.00,0.544017
6781,1000,0.50,500,3,180,1.0201,81,4934.00,2.314168
6782,1000,0.50,500,3,180,0.9996,82,4857.00,1.517652
6783,1000,0.50,500,3,180,1.0125,83,4850.00,2.506711
6784,1000,0.50,500,3,180,1.0083,84,4836.00,1.476123
6785,1000,0.50,500,3,180,1.0154,85,5132.00,1.017402
6786,1000,0.50,500,3,180,0.9926,86,5014.00,1.629823
6787,1000,0.50,500,3,180,1.0018,87,4987.00,0.839542
6788,1000,0.50,500,3,180,0.9951,88,4828.00,1.989538
6789,1000,0.50,500,3,180,0.9377,89,4945.00,0.299621
6790,1000,0.50,500,3,180,0.9953,90,4953.00,3.719811
6791,1000,0.50,500,3,180,1.0233,91,4865.00,2.078717
6792,1000,0.50,500,3,180,0.9698,92,4951.00,0.543076
6793,1000,0.50,500,3,180,0.9816,93,5051.00,0.080523
6794,1000,0.50,500,3,180,1.0103,94,4958.00,2.206544
6795,1000,0.50,500,3,180,1.0376,95,4903.00,1.531536
6796,1000,0.50,500,3,180,1.0043,96,5100.00,0.242647
6797,1000,0.50,500,3,180,0.9901,97,5021.00,0.392473
6798,1000,0.50,500,3,180,0.9851,98,5038.00,0.383627
6799,1000,0.50,500,3,180,0.9473,99,4914.00,2.091405
6800,1000,0.50,500,3,190,1.0012,0,5251.00,0.241810
6801,1000,0.50,500,3,190,1.0215,1,5156.00,5.414762
6802,1000,0.50,500,3,190,1.0401,2,5128.00,0.231505
6803,1000,0.50,500,3,190,1.0556,3,5277.00,0.903536
6804,1000,0.50,500,3,190,0.9726,4,4973.00,0.637179
6805,1000,0.50,500,3,190,1.0349,5,5088.00,1.779927
6806,1000,0.50,500,3,190,0.9995,6,5202.00,2.752043
6807,1000,0.50,500,3,190,0.9966,7,5154.00,0.561219
6808,1000,0.50,500,3,190,0.9980,8,5300.00,3.272736
6809,1000,0.50,500,3,190,0.9782,9,5124.00,2.789632
6810,1000,0.50,500,3,190,0.9863,10,5108.00,1.584510
6811,1000,0.50,500,3,190,1.0056,11,5046.00,0.862373
6812,1000,0.50,500,3,190,0.9101,12,5066.00,0.070654
6813,1000,0.50,500,3,190,0.9987,13,5318.00,1.811098
6814,1000,0.50,500,3,190,0.9490,14,5052.00,0.389426
6815,1000,0.50,500,3,190,1.0033,15,5150.00,0.375045
6816,1000,0.50,500,3,190,1.0145,16,4702.00,1.489763
6817,1000,0.50,500,3,190,0.9873,17,5206.00,1.005367
6818,1000,0.50,500,3,190,0.9625,18,5202.00,0.948781
6819,1000,0.50,500,3,190,1.0191,19,5071.00,1.162609
6820,1000,0.50,500,3,190,0.9863,20,5243.00,1.890971
6821,1000,0.50,500,3,190,1.0013,21,5187.00,2.174419
6822,1000,0.50,500,3,190,0.9890,22,5179.00,2.821100
6823,1000,0.50,500,3,190,1.0640,23,5241.00,1.419571
6824,1000,0.50,500,3,190,0.9929,24,5092.00,0.801912
6825,1000,0.50,500,3,190,1.0025,25,5234.00,1.134297
6826,1000,0.50,500,3,190,1.0289,26,5043.00,2.424721
6827,1000,0.50,500,3,190,1.0392,27,5052.00,0.637017
6828,1000,0.50,500,3,190,1.0513,28,5148.00,0.649402
6829,1000,0.50,500,3,190,1.0039,29,5231.00,2.677698
6830,1000,0.50,500,3,190,0.9941,30,5073.00,4.259731
6831,1000,0.50,500,3,190,0.9803,31,5035.00,0.324632
6832,1000,0.50,500,3,190,1.0033,32,5265.00,2.480497
6833,1000,0.50,500,3,190,1.0235,33,5337.00,2.084972
6834,1000,0.50,500,3,190,0.9822,34,5128.00,1.068530
6835,1000,0.50,500,3,190,0.9516,35,5099.00,0.273884
6836,1000,0.50,500,3,190,0.9506,36,5174.00,1.955683
6837,1000,0.50,500,3,190,1.0010,37,5174.00,0.468515
6838,1000,0.50,500,3,190,1.0174,38,5130.00,0.471172
6839,1000,0.50,500,3,190,0.9278,39,5085.00,1.192017
6840,1000,0.50,500,3,190,0.9803,40,5258.00,2.003915
6841,1000,0.50,500,3,190,0.9437,41,5080.00,0.382641
6842,1000,0.50,500,3,190,1.0377,42,5361.00,6.180054
6843,1000,0.50,500,3,190,1.0058,43,5217.00,3.860223
6844,1000,0.50,500,3,190,1.0213,44,5238.00,0.776096
6845,1000,0.50,500,3,190,0.9834,45,5191.00,0.326990
6846,1000,0.50,500,3,190,0.9669,46,5351.00,1.335318
6847,1000,0.50,500,3,190,0.9721,47,5319.00,3.459233
6848,1000,0.50,500,3,190,0.9512,48,5163.00,2.650396
6849,1000,0.50,500,3,190,1.0138,49,5277.00,1.188004
6850,1000,0.50,500,3,190,1.0559,50,5118.00,0.531506
6851,1000,0.50,500,3,190,1.0195,51,5238.00,1.467815
6852,1000,0.50,500,3,190,1.0567,52,5204.00,0.274463
6853,1000,0.50,500,3,190,0.9760,53,5158.00,2.199380
6854,1000,0.50,500,3,190,0.9943,54,5095.00,0.622418
6855,1000,0.50,500,3,190,0.9888,55,5239.00,0.965436
6856,1000,0.50,500,3,190,1.0243,56,5154.00,1.998245
6857,1000,0.50,500,3,190,0.9507,57,5073.00,0.178486
6858,1000,0.50,500,3,190,0.9662,58,5225.00,0.433214
6859,1000,0.50,500,3,190,1.0063,59,5126.00,0.804736
6860,1000,0.50,500,3,190,1.0242,60,5150.00,0.915589
6861,1000,0.50,500,3,190,1.0098,61,5272.00,0.151306
6862,1000,0.50,500,3,190,1.0144,62,5209.00,1.423176
6863,1000,0.50,500,3,190,0.9979,63,5108.00,1.877162
6864,1000,0.50,500,3,190,0.9943,64,5192.00,0.582262
6865,1000,0.50,500,3,190,1.0739,65,5337.00,2.216541
6866,1000,0.50,500,3,190,0.9667,66,5147.00,1.304822
6867,1000,0.50,500,3,190,0.9559,67,5094.00,0.537384
6868,1000,0.50,500,3,190,0.9838,68,5258.00,1.841010
6869,1000,0.50,500,3,190,1.0388,69,5185.00,3.595405
6870,1000,0.50,500,3,190,0.9846,70,5176.00,1.208619
6871,1000,0.50,500,3,190,0.9641,71,5208.00,1.223228
6872,1000,0.50,500,3,190,0.9798,72,5285.00,0.948136
6873,1000,0.50,500,3,190,0.9529,73,5228.00,3.155442
6874,1000,0.50,500,3,190,1.0203,74,5141.00,0.914885
6875,1000,0.50,500,3,190,0.9975,75,5362.00,0.171144
6876,1000,0.50,500,3,190,1.0028,76,5229.00,2.434659
6877,1000,0.50,500,3,190,0.9884,77,5318.00,8.022159
6878,1000,0.50,500,3,190,1.0260,78,5271.00,2.365378
6879,1000,0.50,500,3,190,1.0206,79,4571.00,0.434349
6880,1000,0.50,500,3,190,1.0030,80,5231.00,2.170190
6881,1000,0.50,500,3,190,0.9827,81,5407.00,0.495350
6882,1000,0.50,500,3,190,0.9891,82,5305.00,0.946998
6883,1000,0.50,500,3,190,0.9998,83,5324.00,0.655545
6884,1000,0.50,500,3,190,0.9649,84,5323.00,3.975005
6885,1000,0.50,500,3,190,0.9972,85,5367.00,1.556827
6886,1000,0.50,500,3,190,1.0451,86,5131.00,0.653812
6887,1000,0.50,500,3,190,1.0036,87,5375.00,0.610485
6888,1000,0.50,500,3,190,0.9360,88,5185.00,4.712845
6889,1000,0.50,500,3,190,0.9871,89,5193.00,0.648908
6890,1000,0.50,500,3,190,1.0328,90,5008.00,0.523162
6891,1000,0.50,500,3,190,0.9809,91,5018.00,0.197248
6892,1000,0.50,500,3,190,1.0175,92,5275.00,3.241243
6893,1000,0.50,500,3,190,0.9926,93,5173.00,0.613901
6894,1000,0.50,500,3,190,0.9639,94,5313.00,0.541457
6895,1000,0.50,500,3,190,0.9483,95,5102.00,1.395192
6896,1000,0.50,500,3,190,1.0046,96,5207.00,1.492243
6897,1000,0.50,500,3,190,0.9964,97,5175.00,1.600059
6898,1000,0.50,500,3,190,1.0214,98,5238.00,0.087884
6899,1000,0.50,500,3,190,0.9988,99,5201.00,1.613553
6900,1000,0.50,500,3,200,0.9753,0,5428.00,0.242295
6901,1000,0.50,500,3,200,1.0416,1,5530.00,1.022469
6902,1000,0.50,500,3,200,0.9460,2,5326.00,0.353464
6903,1000,0.50,500,3,200,1.0230,3,5386.00,0.504020
6904,1000,0.50,500,3,200,0.9859,4,5511.00,2.869921
6905,1000,0.50,500,3,200,1.0070,5,5412.00,1.011790
6906,1000,0.50,500,3,200,1.0157,6,5478.00,0.578967
6907,1000,0.50,500,3,200,0.9893,7,5369.00,1.497173
6908,1000,0.50,500,3,200,1.0082,8,5489.00,1.132975
6909,1000,0.50,500,3,200,0.9818,9,5291.00,0.673923
6910,1000,0.50,500,3,200,1.0433,10,4542.00,1.232438
6911,1000,0.50,500,3,200,0.9923,11,5547.00,0.566877
6912,1000,0.50,500,3,200,1.0452,12,5466.00,0.601463
6913,1000,0.50,500,3,200,0.9438,13,5407.00,0.135205
6914,1000,0.50,500,3,200,0.9646,14,5427.00,1.159454
6915,1000,0.50,500,3,200,0.9793,15,5439.00,2.520949
6916,1000,0.50,500,3,200,1.0524,16,5487.00,1.159854
6917,1000,0.50,500,3,200,0.9901,17,5490.00,0.587726
6918,1000,0.50,500,3,200,0.9044,18,5509.00,1.699591
6919,1000,0.50,500,3,200,1.0051,19,5415.00,1.953157
6920,1000,0.50,500,3,200,0.9967,20,5409.00,1.980976
6921,1000,0.50,500,3,200,1.0069,21,5554.00,0.973219
6922,1000,0.50,500,3,200,1.0241,22,5419.00,1.110065
6923,1000,0.50,500,3,200,1.0302,23,5319.00,0.914638
6924,1000,0.50,500,3,200,0.9958,24,5549.00,0.598853
6925,1000,0.50,500,3,200,0.9644,25,5506.00,1.147315
6926,1000,0.50,500,3,200,0.9719,26,5371.00,1.148510
6927,1000,0.50,500,3,200,1.0083,27,5364.00,1.378978
6928,1000,0.50,500,3,200,1.0344,28,5451.00,0.233541
6929,1000,0.50,500,3,200,1.0161,29,5584.00,1.533029
6930,1000,0.50,500,3,200,1.0450,30,5437.00,0.237680
6931,1000,0.50,500,3,200,0.9870,31,5454.00,0.637216
6932,1000,0.50,500,3,200,1.0177,32,5434.00,2.982064
6933,1000,0.50,500,3,200,0.9944,33,5458.00,1.041698
6934,1000,0.50,500,3,200,1.0235,34,5474.00,0.813604
6935,1000,0.50,500,3,200,0.9760,35,5592.00,3.597229
6936,1000,0.50,500,3,200,0.9781,36,5565.00,1.659350
6937,1000,0.50,500,3,200,0.9658,37,5484.00,0.483391
6938,1000,0.50,500,3,200,1.0470,38,5487.00,0.222149
6939,1000,0.50,500,3,200,0.9893,39,5445.00,1.125365
6940,1000,0.50,500,3,200,1.0262,40,5434.00,0.326880
6941,1000,0.50,500,3,200,1.0571,41,5500.00,1.222281
6942,1000,0.50,500,3,200,1.0444,42,5528.00,0.899340
6943,1000,0.50,500,3,200,0.9432,43,5352.00,0.537504
6944,1000,0.50,500,3,200,0.9872,44,5392.00,2.166858
6945,1000,0.50,500,3,200,0.9878,45,5341.00,1.186881
6946,1000,0.50,500,3,200,1.0463,46,5351.00,0.769211
6947,1000,0.50,500,3,200,1.0136,47,1879.00,1.389425
6948,1000,0.50,500,3,200,0.9635,48,5427.00,2.439574
6949,1000,0.50,500,3,200,1.0016,49,5424.00,0.560249
6950,1000,0.50,500,3,200,0.9807,50,5523.00,1.839691
6951,1000,0.50,500,3,200,0.9374,51,5517.00,2.596074
6952,1000,0.50,500,3,200,0.9264,52,5448.00,1.843676
6953,1000,0.50,500,3,200,1.0035,53,5412.00,4.587954
6954,1000,0.50,500,3,200,0.9682,54,5423.00,0.472749
6955,1000,0.50,500,3,200,0.9441,55,5514.00,0.887435
6956,1000,0.50,500,3,200,1.0393,56,5645.00,1.496946
6957,1000,0.50,500,3,200,0.9228,57,5399.00,1.282211
6958,1000,0.50,500,3,200,1.0632,58,5508.00,0.624012
6959,1000,0.50,500,3,200,0.9890,59,5542.00,1.030522
6960,1000,0.50,500,3,200,1.0209,60,5397.00,0.897589
6961,1000,0.50,500,3,200,1.0581,61,5475.00,1.214669
6962,1000,0.50,500,3,200,0.9663,62,5650.00,1.468546
6963,1000,0.50,500,3,200,1.0058,63,5519.00,1.184791
6964,1000,0.50,500,3,200,1.0767,64,5568.00,0.337406
6965,1000,0.50,500,3,200,1.0011,65,5433.00,0.830722
6966,1000,0.50,500,3,200,1.0308,66,5411.00,0.536886
6967,1000,0.50,500,3,200,1.0008,67,5605.00,2.628035
6968,1000,0.50,500,3,200,1.0006,68,5564.00,0.890269
6969,1000,0.50,500,3,200,1.0132,69,5476.00,1.726724
6970,1000,0.50,500,3,200,1.0011,70,5584.00,0.583772
6971,1000,0.50,500,3,200,0.9879,71,5532.00,2.901367
6972,1000,0.50,500,3,200,1.0028,72,5351.00,0.705648
6973,1000,0.50,500,3,200,0.9917,73,5584.00,0.495937
6974,1000,0.50,500,3,200,0.9678,74,5321.00,1.726398
6975,1000,0.50,500,3,200,0.9495,75,5399.00,1.830460
6976,1000,0.50,500,3,200,0.9735,76,5545.00,0.540349
6977,1000,0.50,500,3,200,1.0049,77,5462.00,0.897777
6978,1000,0.50,500,3,200,1.0039,78,5489.00,0.581130
6979,1000,0.50,500,3,200,1.0028,79,5535.00,4.890808
6980,1000,0.50,500,3,200,0.9451,80,5596.00,1.382891
6981,1000,0.50,500,3,200,1.0196,81,5421.00,2.305586
6982,1000,0.50,500,3,200,0.9968,82,5598.00,2.283361
6983,1000,0.50,500,3,200,1.0008,83,5575.00,1.098815
6984,1000,0.50,500,3,200,1.0111,84,5651.00,1.647988
6985,1000,0.50,500,3,200,1.0148,85,5521.00,2.147469
6986,1000,0.50,500,3,200,0.9882,86,5559.00,1.066290
6987,1000,0.50,500,3,200,1.0218,87,5480.00,1.069654
6988,1000,0.50,500,3,200,1.0179,88,4257.00,1.146629
6989,1000,0.50,500,3,200,1.0069,89,5481.00,2.225347
6990,1000,0.50,500,3,200,0.9938,90,5510.00,0.315069
6991,1000,0.50,500,3,200,1.0197,91,5428.00,2.416997
6992,1000,0.50,500,3,200,1.1175,92,5508.00,2.236035
6993,1000,0.50,500,3,200,1.0032,93,5535.00,0.144993
6994,1000,0.50,500,3,200,0.9819,94,5535.00,1.599697
6995,1000,0.50,500,3,200,1.0527,95,967.00,1.036047
6996,1000,0.50,500,3,200,1.0278,96,5569.00,2.785044
6997,1000,0.50,500,3,200,0.9841,97,5396.00,0.789139
6998,1000,0.50,500,3,200,0.9995,98,5521.00,0.294590
6999,1000,0.50,500,3,200,1.0180,99,5510.00,1.629209
7000,1000,0.50,500,3,210,0.9477,0,5588.00,3.164387
7001,1000,0.50,500,3,210,0.9770,1,5724.00,1.405249
7002,1000,0.50,500,3,210,1.0180,2,5651.00,0.344250
7003,1000,0.50,500,3,210,1.0283,3,5741.00,0.611816
7004,1000,0.50,500,3,210,1.0382,4,5684.00,0.895282
7005,1000,0.50,500,3,210,1.0024,5,5745.00,0.497914
7006,1000,0.50,500,3,210,0.9711,6,5807.00,2.051235
7007,1000,0.50,500,3,210,0.9794,7,5752.00,1.489839
7008,1000,0.50,500,3,210,0.9629,8,5703.00,1.274812
7009,1000,0.50,500,3,210,0.9853,9,5696.00,3.272143
7010,1000,0.50,500,3,210,0.9669,10,5668.00,0.751431
7011,1000,0.50,500,3,210,0.9237,11,5740.00,3.470261
7012,1000,0.50,500,3,210,1.0701,12,5709.00,1.137020
7013,1000,0.50,500,3,210,0.9952,13,5660.00,1.918961
7014,1000,0.50,500,3,210,0.9984,14,5801.00,1.992881
7015,1000,0.50,500,3,210,1.0117,15,5800.00,1.420693
7016,1000,0.50,500,3,210,0.9511,16,5665.00,1.439253
7017,1000,0.50,500,3,210,1.0096,17,5872.00,1.412705
7018,1000,0.50,500,3,210,1.0006,18,5825.00,2.571906
7019,1000,0.50,500,3,210,1.0201,19,5875.00,1.743508
7020,1000,0.50,500,3,210,0.9945,20,5699.00,0.852372
7021,1000,0.50,500,3,210,0.9550,21,5663.00,0.458062
7022,1000,0.50,500,3,210,1.0056,22,5856.00,0.731153
7023,1000,0.50,500,3,210,1.0648,23,5842.00,2.183447
7024,1000,0.50,500,3,210,1.0278,24,5833.00,2.084310
7025,1000,0.50,500,3,210,0.9650,25,5576.00,1.729566
7026,1000,0.50,500,3,210,0.9641,26,5667.00,0.225839
7027,1000,0.50,500,3,210,1.1044,27,5838.00,1.553281
7028,1000,0.50,500,3,210,0.9135,28,5700.00,1.635686
7029,1000,0.50,500,3,210,0.9705,29,5677.00,1.031004
7030,1000,0.50,500,3,210,0.9851,30,5769.00,0.896534
7031,1000,0.50,500,3,210,0.9890,31,5728.00,0.779237
7032,1000,0.50,500,3,210,0.9600,32,5757.00,0.641881
7033,1000,0.50,500,3,210,1.0269,33,5725.00,0.664381
7034,1000,0.50,500,3,210,0.9811,34,5733.00,1.418274
7035,1000,0.50,500,3,210,1.0311,35,64.00,1.619320
7036,1000,0.50,500,3,210,1.0281,36,5644.00,0.292328
7037,1000,0.50,500,3,210,0.9880,37,5760.00,1.300285
7038,1000,0.50,500,3,210,0.9804,38,5906.00,2.468385
7039,1000,0.50,500,3,210,0.9592,39,5554.00,0.559510
7040,1000,0.50,500,3,210,0.9885,40,5751.00,1.038980
7041,1000,0.50,500,3,210,0.9806,41,5826.00,0.380193
7042,1000,0.50,500,3,210,0.9732,42,5719.00,0.564431
7043,1000,0.50,500,3,210,0.9681,43,5931.00,2.323494
7044,1000,0.50,500,3,210,1.0197,44,5789.00,2.956877
7045,1000,0.50,500,3,210,0.9729,45,5774.00,0.251198
7046,1000,0.50,500,3,210,1.0058,46,5741.00,0.342635
7047,1000,0.50,500,3,210,0.9947,47,5697.00,0.606708
7048,1000,0.50,500,3,210,0.9579,48,5772.00,0.534707
7049,1000,0.50,500,3,210,0.9841,49,5799.00,0.942491
7050,1000,0.50,500,3,210,1.0246,50,5693.00,1.702771
7051,1000,0.50,500,3,210,0.9562,51,5620.00,3.080429
7052,1000,0.50,500,3,210,1.0275,52,5799.00,1.448011
7053,1000,0.50,500,3,210,1.0136,53,5810.00,1.348649
7054,1000,0.50,500,3,210,1.0059,54,5781.00,0.810715
7055,1000,0.50,500,3,210,0.9381,55,5620.00,0.804862
7056,1000,0.50,500,3,210,1.0056,56,5746.00,0.923930
7057,1000,0.50,500,3,210,1.0065,57,5760.00,1.188224
7058,1000,0.50,500,3,210,0.9737,58,5634.00,2.946590
7059,1000,0.50,500,3,210,0.9957,59,5727.00,0.301692
7060,1000,0.50,500,3,210,0.9601,60,5657.00,0.114791
7061,1000,0.50,500,3,210,0.9825,61,5631.00,5.793231
7062,1000,0.50,500,3,210,1.0344,62,5760.00,3.437896
7063,1000,0.50,500,3,210,0.9741,63,5582.00,1.421187
7064,1000,0.50,500,3,210,1.0059,64,5574.00,0.175458
7065,1000,0.50,500,3,210,1.0035,65,5837.00,2.686645
7066,1000,0.50,500,3,210,1.0239,66,5782.00,1.973573
7067,1000,0.50,500,3,210,0.9778,67,5746.00,1.249130
7068,1000,0.50,500,3,210,1.0306,68,5835.00,3.631734
7069,1000,0.50,500,3,210,1.0630,69,5693.00,1.372796
7070,1000,0.50,500,3,210,0.9691,70,5729.00,0.393570
7071,1000,0.50,500,3,210,0.9853,71,5691.00,0.137921
7072,1000,0.50,500,3,210,1.0315,72,5684.00,0.220262
7073,1000,0.50,500,3,210,0.9897,73,5772.00,0.234384
7074,1000,0.50,500,3,210,0.9458,74,5708.00,2.964520
7075,1000,0.50,500,3,210,0.9442,75,5861.00,0.587079
7076,1000,0.50,500,3,210,0.9578,76,5864.00,2.089559
7077,1000,0.50,500,3,210,1.0145,77,5750.00,0.542345
7078,1000,0.50,500,3,210,0.9583,78,5694.00,1.116499
7079,1000,0.50,500,3,210,0.9850,79,5664.00,2.664272
7080,1000,0.50,500,3,210,0.9515,80,5681.00,0.727948
7081,1000,0.50,500,3,210,0.9637,81,5680.00,0.898892
7082,1000,0.50,500,3,210,1.0311,82,5793.00,0.767827
7083,1000,0.50,500,3,210,1.0280,83,5645.00,2.156665
7084,1000,0.50,500,3,210,0.9498,84,5686.00,0.658233
7085,1000,0.50,500,3,210,1.0229,85,5729.00,2.149356
7086,1000,0.50,500,3,210,0.9881,86,5668.00,1.693123
7087,1000,0.50,500,3,210,1.0025,87,5659.00,2.287320
7088,1000,0.50,500,3,210,1.0313,88,5711.00,0.485190
7089,1000,0.50,500,3,210,1.0293,89,5669.00,1.651343
7090,1000,0.50,500,3,210,1.0193,90,5801.00,0.471759
7091,1000,0.50,500,3,210,0.9875,91,5744.00,0.120718
7092,1000,0.50,500,3,210,0.9919,92,5640.00,0.838900
7093,1000,0.50,500,3,210,0.9822,93,5709.00,1.119246
7094,1000,0.50,500,3,210,1.0124,94,5657.00,0.677685
7095,1000,0.50,500,3,210,0.9861,95,5729.00,0.510709
7096,1000,0.50,500,3,210,1.0295,96,5773.00,1.057151
7097,1000,0.50,500,3,210,0.9797,97,5742.00,0.435021
7098,1000,0.50,500,3,210,1.0510,98,779.00,0.544064
7099,1000,0.50,500,3,210,0.9622,99,5715.00,0.904619
7100,1000,0.50,500,3,220,1.0076,0,5331.00,0.474870
7101,1000,0.50,500,3,220,0.9897,1,5985.00,0.989883
7102,1000,0.50,500,3,220,0.9772,2,6047.00,0.975133
7103,1000,0.50,500,3,220,1.0060,3,5906.00,1.999342
7104,1000,0.50,500,3,220,0.9756,4,6015.00,2.162270
7105,1000,0.50,500,3,220,0.9676,5,5905.00,0.628375
7106,1000,0.50,500,3,220,1.0561,6,5972.00,0.970551
7107,1000,0.50,500,3,220,1.0208,7,6038.00,0.744339
7108,1000,0.50,500,3,220,0.9736,8,6039.00,0.158383
7109,1000,0.50,500,3,220,0.9780,9,6046.00,2.231378
7110,1000,0.50,500,3,220,0.9765,10,5972.00,1.523628
7111,1000,0.50,500,3,220,0.9623,11,5921.00,0.801977
7112,1000,0.50,500,3,220,0.9885,12,6094.00,1.824131
7113,1000,0.50,500,3,220,1.0004,13,6088.00,2.172043
7114,1000,0.50,500,3,220,1.0120,14,5909.00,0.809137
7115,1000,0.50,500,3,220,0.9953,15,5972.00,0.875248
7116,1000,0.50,500,3,220,0.9911,16,5785.00,0.172002
7117,1000,0.50,500,3,220,1.0192,17,6084.00,0.972106
7118,1000,0.50,500,3,220,1.0227,18,6067.00,1.319197
7119,1000,0.50,500,3,220,1.0257,19,6156.00,3.022164
7120,1000,0.50,500,3,220,1.0232,20,5980.00,0.911954
7121,1000,0.50,500,3,220,0.9849,21,6203.00,1.317072
7122,1000,0.50,500,3,220,1.0070,22,5939.00,1.170527
7123,1000,0.50,500,3,220,0.9612,23,5991.00,2.302693
7124,1000,0.50,500,3,220,0.9764,24,5901.00,1.216235
7125,1000,0.50,500,3,220,0.9920,25,6003.00,1.460981
7126,1000,0.50,500,3,220,1.0075,26,6043.00,1.595664
7127,1000,0.50,500,3,220,1.0505,27,869.00,0.765844
7128,1000,0.50,500,3,220,0.9481,28,5985.00,0.244785
7129,1000,0.50,500,3,220,0.9867,29,6057.00,0.162938
7130,1000,0.50,500,3,220,0.8803,30,5914.00,0.897308
7131,1000,0.50,500,3,220,0.9337,31,5874.00,2.178096
7132,1000,0.50,500,3,220,0.9588,32,6012.00,1.558647
7133,1000,0.50,500,3,220,1.0677,33,6186.00,0.124720
7134,1000,0.50,500,3,220,0.9752,34,5876.00,0.334491
7135,1000,0.50,500,3,220,0.9854,35,6068.00,0.341154
7136,1000,0.50,500,3,220,0.9952,36,5962.00,3.315085
7137,1000,0.50,500,3,220,1.0824,37,5915.00,0.393382
7138,1000,0.50,500,3,220,0.9726,38,6029.00,0.545161
7139,1000,0.50,500,3,220,1.0069,39,5838.00,0.259608
7140,1000,0.50,500,3,220,1.0249,40,5956.00,4.883362
7141,1000,0.50,500,3,220,0.9583,41,5990.00,1.089940
7142,1000,0.50,500,3,220,1.0254,42,6028.00,1.160231
7143,1000,0.50,500,3,220,0.9385,43,6014.00,1.090730
7144,1000,0.50,500,3,220,0.9956,44,5898.00,1.047750
7145,1000,0.50,500,3,220,1.0338,45,6049.00,0.568395
7146,1000,0.50,500,3,220,0.9974,46,6065.00,0.633819
7147,1000,0.50,500,3,220,1.0410,47,4006.00,2.484818
7148,1000,0.50,500,3,220,0.9901,48,6123.00,1.049668
7149,1000,0.50,500,3,220,0.9725,49,5955.00,0.106630
7150,1000,0.50,500,3,220,1.0081,50,5787.00,0.837450
7151,1000,0.50,500,3,220,0.9871,51,5984.00,1.879332
7152,1000,0.50,500,3,220,1.0277,52,5902.00,1.053718
7153,1000,0.50,500,3,220,0.9960,53,6001.00,0.195711
7154,1000,0.50,500,3,220,1.0250,54,6173.00,1.622486
7155,1000,0.50,500,3,220,0.9996,55,5970.00,1.014873
7156,1000,0.50,500,3,220,0.9990,56,6069.00,1.992203
7157,1000,0.50,500,3,220,0.9686,57,6028.00,0.425422
7158,1000,0.50,500,3,220,0.9493,58,5806.00,0.384277
7159,1000,0.50,500,3,220,0.9942,59,5967.00,0.894594
7160,1000,0.50,500,3,220,1.0158,60,5843.00,2.817394
7161,1000,0.50,500,3,220,0.9953,61,5948.00,1.952553
7162,1000,0.50,500,3,220,0.9416,62,5973.00,0.139635
7163,1000,0.50,500,3,220,0.9600,63,5971.00,1.248395
7164,1000,0.50,500,3,220,0.9890,64,5976.00,0.180131
7165,1000,0.50,500,3,220,0.9680,65,6047.00,2.161582
7166,1000,0.50,500,3,220,0.9792,66,6019.00,0.580381
7167,1000,0.50,500,3,220,0.9487,67,5898.00,0.334770
7168,1000,0.50,500,3,220,0.9640,68,5976.00,1.652433
7169,1000,0.50,500,3,220,0.9885,69,5964.00,0.305374
7170,1000,0.50,500,3,220,1.0348,70,6134.00,0.533183
7171,1000,0.50,500,3,220,1.0334,71,6046.00,0.302792
7172,1000,0.50,500,3,220,0.9728,72,6051.00,1.261582
7173,1000,0.50,500,3,220,0.9447,73,5993.00,0.837622
7174,1000,0.50,500,3,220,0.9892,74,6015.00,1.958425
7175,1000,0.50,500,3,220,1.0126,75,6120.00,4.669731
7176,1000,0.50,500,3,220,1.0317,76,6139.00,1.550237
7177,1000,0.50,500,3,220,0.9877,77,6089.00,3.239678
7178,1000,0.50,500,3,220,1.0232,78,4424.00,0.850247
7179,1000,0.50,500,3,220,0.9546,79,6097.00,1.243830
7180,1000,0.50,500,3,220,1.0085,80,6030.00,0.139980
7181,1000,0.50,500,3,220,1.0103,81,5977.00,1.451842
7182,1000,0.50,500,3,220,1.0741,82,5464.00,0.337510
7183,1000,0.50,500,3,220,1.0429,83,6222.00,0.183011
7184,1000,0.50,500,3,220,0.9968,84,5991.00,1.258922
7185,1000,0.50,500,3,220,1.0069,85,6050.00,0.142114
7186,1000,0.50,500,3,220,1.0239,86,6102.00,0.677189
7187,1000,0.50,500,3,220,1.0095,87,6078.00,0.314254
7188,1000,0.50,500,3,220,1.0154,88,6112.00,0.649509
7189,1000,0.50,500,3,220,1.0462,89,4078.00,2.155180
7190,1000,0.50,500,3,220,1.0457,90,6262.00,2.530332
7191,1000,0.50,500,3,220,1.0054,91,6166.00,1.988482
7192,1000,0.50,500,3,220,0.9924,92,5957.00,1.370762
7193,1000,0.50,500,3,220,0.9734,93,5889.00,0.157565
7194,1000,0.50,500,3,220,0.9403,94,6068.00,0.453129
7195,1000,0.50,500,3,220,0.9930,95,5931.00,1.387007
7196,1000,0.50,500,3,220,1.0032,96,5978.00,1.043146
7197,1000,0.50,500,3,220,0.9805,97,5964.00,0.648329
7198,1000,0.50,500,3,220,1.0136,98,6011.00,1.581395
7199,1000,0.50,500,3,220,1.0154,99,6051.00,1.794300
7200,1000,0.50,500,3,230,0.9927,0,6242.00,0.484617
7201,1000,0.50,500,3,230,1.0303,1,6379.00,0.284332
7202,1000,0.50,500,3,230,1.0285,2,6379.00,1.132470
7203,1000,0.50,500,3,230,0.9799,3,6215.00,1.871200
7204,1000,0.50,500,3,230,0.9029,4,6234.00,1.299838
7205,1000,0.50,500,3,230,1.0227,5,6401.00,1.914783
7206,1000,0.50,500,3,230,0.9854,6,6150.00,0.867775
7207,1000,0.50,500,3,230,0.9694,7,6286.00,0.904461
7208,1000,0.50,500,3,230,1.0087,8,6370.00,1.858117
7209,1000,0.50,500,3,230,0.9952,9,6285.00,0.386810
7210,1000,0.50,500,3,230,0.9388,10,6318.00,1.256500
7211,1000,0.50,500,3,230,0.9279,11,6187.00,0.703674
7212,1000,0.50,500,3,230,0.9731,12,6228.00,2.152590
7213,1000,0.50,500,3,230,0.9387,13,6094.00,0.669729
7214,1000,0.50,500,3,230,0.9732,14,6316.00,0.472679
7215,1000,0.50,500,3,230,0.9783,15,6545.00,3.227498
7216,1000,0.50,500,3,230,0.9653,16,6298.00,1.030026
7217,1000,0.50,500,3,230,1.0093,17,6324.00,0.156524
7218,1000,0.50,500,3,230,0.9760,18,6096.00,0.299896
7219,1000,0.50,500,3,230,1.0324,19,6169.00,1.206590
7220,1000,0.50,500,3,230,0.9600,20,6292.00,1.919427
7221,1000,0.50,500,3,230,0.9380,21,6252.00,2.260568
7222,1000,0.50,500,3,230,0.9991,22,6248.00,2.173441
7223,1000,0.50,500,3,230,0.9690,23,6210.00,0.668147
7224,1000,0.50,500,3,230,1.0176,24,6170.00,0.652380
7225,1000,0.50,500,3,230,1.0236,25,6235.00,0.117931
7226,1000,0.50,500,3,230,0.9925,26,6162.00,3.095266
7227,1000,0.50,500,3,230,0.9937,27,6302.00,2.096358
7228,1000,0.50,500,3,230,1.0160,28,6331.00,1.241376
7229,1000,0.50,500,3,230,1.0006,29,6368.00,2.805765
7230,1000,0.50,500,3,230,0.9646,30,6307.00,0.526483
7231,1000,0.50,500,3,230,0.9549,31,6203.00,0.167810
7232,1000,0.50,500,3,230,0.9828,32,6380.00,0.070538
7233,1000,0.50,500,3,230,0.9992,33,6327.00,3.015205
7234,1000,0.50,500,3,230,1.0193,34,6168.00,0.636940
7235,1000,0.50,500,3,230,0.9954,35,6343.00,0.142535
7236,1000,0.50,500,3,230,0.9875,36,6317.00,1.625751
7237,1000,0.50,500,3,230,0.9693,37,6406.00,3.215324
7238,1000,0.50,500,3,230,1.0785,38,6275.00,4.062445
7239,1000,0.50,500,3,230,1.0493,39,6341.00,1.578334
7240,1000,0.50,500,3,230,0.9442,40,6347.00,1.750754
7241,1000,0.50,500,3,230,1.0193,41,6269.00,0.689180
7242,1000,0.50,500,3,230,1.0220,42,6430.00,0.538748
7243,1000,0.50,500,3,230,1.0250,43,6273.00,1.477478
7244,1000,0.50,500,3,230,1.0329,44,6152.00,3.218244
7245,1000,0.50,500,3,230,1.0670,45,6158.00,0.677781
7246,1000,0.50,500,3,230,0.9887,46,6289.00,3.250650
7247,1000,0.50,500,3,230,0.9865,47,6212.00,2.030812
7248,1000,0.50,500,3,230,0.9874,48,6211.00,0.605818
7249,1000,0.50,500,3,230,0.9790,49,1956.00,0.672626
7250,1000,0.50,500,3,230,1.0657,50,6299.00,1.213381
7251,1000,0.50,500,3,230,0.9891,51,6263.00,0.208582
7252,1000,0.50,500,3,230,0.9833,52,6211.00,1.438697
7253,1000,0.50,500,3,230,0.9707,53,6196.00,0.517473
7254,1000,0.50,500,3,230,1.0695,54,6410.00,0.925991
7255,1000,0.50,500,3,230,0.9507,55,6341.00,1.389977
7256,1000,0.50,500,3,230,0.9596,56,6321.00,0.817003
7257,1000,0.50,500,3,230,0.9994,57,6228.00,0.650211
7258,1000,0.50,500,3,230,0.9915,58,6307.00,1.771853
7259,1000,0.50,500,3,230,0.9987,59,6370.00,1.739384
7260,1000,0.50,500,3,230,0.9823,60,6341.00,0.595203
7261,1000,0.50,500,3,230,0.9969,61,6161.00,1.412702
7262,1000,0.50,500,3,230,0.9543,62,6370.00,2.742649
7263,1000,0.50,500,3,230,1.0236,63,6086.00,0.410713
7264,1000,0.50,500,3,230,0.9813,64,6052.00,1.415587
7265,1000,0.50,500,3,230,0.9933,65,6124.00,1.256817
7266,1000,0.50,500,3,230,0.9799,66,6249.00,2.829504
7267,1000,0.50,500,3,230,0.9915,67,6082.00,0.754768
7268,1000,0.50,500,3,230,1.0263,68,6404.00,0.410554
7269,1000,0.50,500,3,230,0.9743,69,6171.00,0.715774
7270,1000,0.50,500,3,230,1.0444,70,6186.00,2.583709
7271,1000,0.50,500,3,230,0.9506,71,6147.00,1.570365
7272,1000,0.50,500,3,230,1.0211,72,6137.00,1.940106
7273,1000,0.50,500,3,230,1.0120,73,6297.00,1.741512
7274,1000,0.50,500,3,230,0.9613,74,6206.00,0.904492
7275,1000,0.50,500,3,230,0.9621,75,6363.00,0.932844
7276,1000,0.50,500,3,230,1.0176,76,6300.00,0.399104
7277,1000,0.50,500,3,230,1.0313,77,6299.00,0.293057
7278,1000,0.50,500,3,230,0.9814,78,6304.00,1.533378
7279,1000,0.50,500,3,230,0.9880,79,6259.00,2.341373
7280,1000,0.50,500,3,230,1.0537,80,6350.00,1.296297
7281,1000,0.50,500,3,230,1.0126,81,6302.00,1.791801
7282,1000,0.50,500,3,230,0.9993,82,6324.00,0.189894
7283,1000,0.50,500,3,230,0.9769,83,6188.00,0.342047
7284,1000,0.50,500,3,230,0.9982,84,6190.00,1.836357
7285,1000,0.50,500,3,230,0.9820,85,6229.00,2.115919
7286,1000,0.50,500,3,230,1.0172,86,6159.00,0.269863
7287,1000,0.50,500,3,230,1.0178,87,6331.00,1.791830
7288,1000,0.50,500,3,230,1.0120,88,6343.00,1.603668
7289,1000,0.50,500,3,230,0.9733,89,6265.00,1.044924
7290,1000,0.50,500,3,230,1.0292,90,6179.00,0.565244
7291,1000,0.50,500,3,230,1.0045,91,6216.00,4.010518
7292,1000,0.50,500,3,230,1.0216,92,6217.00,0.528268
7293,1000,0.50,500,3,230,0.9842,93,6350.00,1.205777
7294,1000,0.50,500,3,230,0.9959,94,6409.00,1.630796
7295,1000,0.50,500,3,230,1.0098,95,6317.00,0.937173
7296,1000,0.50,500,3,230,0.9766,96,6220.00,0.895403
7297,1000,0.50,500,3,230,0.9908,97,6212.00,0.018921
7298,1000,0.50,500,3,230,0.9614,98,6161.00,1.448072
7299,1000,0.50,500,3,230,0.9710,99,6254.00,2.609103
7300,1000,0.50,500,3,240,1.0138,0,6409.00,1.470016
7301,1000,0.50,500,3,240,1.0057,1,6605.00,1.475940
7302,1000,0.50,500,3,240,1.0375,2,6506.00,2.177533
7303,1000,0.50,500,3,240,1.0061,3,6575.00,0.271998
7304,1000,0.50,500,3,240,1.0453,4,6424.00,0.341665
7305,1000,0.50,500,3,240,0.9994,5,6554.00,1.852657
7306,1000,0.50,500,3,240,0.9650,6,6539.00,0.434103
7307,1000,0.50,500,3,240,0.9876,7,6546.00,0.988039
7308,1000,0.50,500,3,240,1.0288,8,6423.00,1.845011
7309,1000,0.50,500,3,240,0.9769,9,835.00,0.736881
7310,1000,0.50,500,3,240,1.0278,10,6521.00,2.143715
7311,1000,0.50,500,3,240,0.9759,11,6567.00,1.157292
7312,1000,0.50,500,3,240,0.9883,12,6676.00,0.930697
7313,1000,0.50,500,3,240,1.0108,13,6660.00,1.771112
7314,1000,0.50,500,3,240,0.9433,14,6625.00,0.314676
7315,1000,0.50,500,3,240,0.9579,15,6502.00,0.848872
7316,1000,0.50,500,3,240,0.9999,16,6416.00,1.441356
7317,1000,0.50,500,3,240,0.9495,17,6530.00,0.716036
7318,1000,0.50,500,3,240,1.0475,18,6613.00,1.852151
7319,1000,0.50,500,3,240,0.9906,19,6632.00,1.525312
7320,1000,0.50,500,3,240,0.9030,20,6656.00,0.309436
7321,1000,0.50,500,3,240,1.0764,21,1034.00,1.028282
7322,1000,0.50,500,3,240,0.9369,22,6646.00,4.721511
7323,1000,0.50,500,3,240,0.9529,23,6540.00,1.078700
7324,1000,0.50,500,3,240,1.0289,24,6451.00,0.929029
7325,1000,0.50,500,3,240,1.0001,25,6526.00,0.728001
7326,1000,0.50,500,3,240,0.9663,26,6576.00,1.531199
7327,1000,0.50,500,3,240,1.0283,27,6654.00,0.119438
7328,1000,0.50,500,3,240,1.0152,28,6753.00,0.298564
7329,1000,0.50,500,3,240,0.9687,29,6568.00,1.446893
7330,1000,0.50,500,3,240,1.0329,30,6554.00,0.631820
7331,1000,0.50,500,3,240,0.9913,31,6856.00,1.190891
7332,1000,0.50,500,3,240,0.9730,32,6449.00,0.455211
7333,1000,0.50,500,3,240,0.9817,33,6641.00,0.146978
7334,1000,0.50,500,3,240,0.9999,34,6565.00,0.127129
7335,1000,0.50,500,3,240,0.9929,35,6577.00,3.237558
7336,1000,0.50,500,3,240,0.9566,36,6554.00,1.971807
7337,1000,0.50,500,3,240,0.9513,37,6475.00,0.851781
7338,1000,0.50,500,3,240,1.0299,38,6518.00,0.655436
7339,1000,0.50,500,3,240,0.9812,39,2060.00,0.381175
7340,1000,0.50,500,3,240,1.0489,40,6521.00,0.707164
7341,1000,0.50,500,3,240,0.9849,41,6375.00,1.665325
7342,1000,0.50,500,3,240,1.0149,42,6742.00,0.598453
7343,1000,0.50,500,3,240,0.9864,43,6545.00,1.996176
7344,1000,0.50,500,3,240,0.9830,44,6465.00,0.367665
7345,1000,0.50,500,3,240,0.9859,45,6514.00,1.101821
7346,1000,0.50,500,3,240,0.9620,46,6646.00,1.189757
7347,1000,0.50,500,3,240,1.0628,47,6452.00,1.108955
7348,1000,0.50,500,3,240,1.0422,48,6528.00,1.008994
7349,1000,0.50,500,3,240,0.9619,49,6726.00,0.475019
7350,1000,0.50,500,3,240,1.0368,50,6702.00,2.036713
7351,1000,0.50,500,3,240,0.9806,51,6534.00,0.348678
7352,1000,0.50,500,3,240,0.9659,52,6379.00,0.200027
7353,1000,0.50,500,3,240,1.0202,53,6461.00,1.881045
7354,1000,0.50,500,3,240,0.9434,54,6453.00,0.793500
7355,1000,0.50,500,3,240,0.9862,55,6428.00,1.009433
7356,1000,0.50,500,3,240,1.0204,56,6479.00,1.090254
7357,1000,0.50,500,3,240,1.0080,57,6659.00,0.407644
7358,1000,0.50,500,3,240,1.0609,58,6638.00,1.819199
7359,1000,0.50,500,3,240,1.0119,59,6577.00,1.819641
7360,1000,0.50,500,3,240,0.9724,60,6430.00,0.669989
7361,1000,0.50,500,3,240,0.9419,61,6497.00,3.614844
7362,1000,0.50,500,3,240,1.0162,62,6747.00,0.380845
7363,1000,0.50,500,3,240,0.9958,63,6536.00,1.582649
7364,1000,0.50,500,3,240,0.9870,64,6732.00,1.199547
7365,1000,0.50,500,3,240,1.0131,65,6536.00,0.488764
7366,1000,0.50,500,3,240,0.9711,66,6688.00,0.375865
7367,1000,0.50,500,3,240,1.0489,67,6582.00,0.406706
7368,1000,0.50,500,3,240,0.9791,68,6506.00,1.520247
7369,1000,0.50,500,3,240,0.9830,69,6577.00,1.293605
7370,1000,0.50,500,3,240,1.0355,70,6478.00,0.531628
7371,1000,0.50,500,3,240,1.0331,71,6624.00,1.627579
7372,1000,0.50,500,3,240,0.9671,72,6382.00,1.603717
7373,1000,0.50,500,3,240,0.9867,73,6392.00,1.461621
7374,1000,0.50,500,3,240,1.0074,74,6479.00,1.330793
7375,1000,0.50,500,3,240,0.9907,75,6556.00,0.316612
7376,1000,0.50,500,3,240,1.0350,76,6678.00,2.805260
7377,1000,0.50,500,3,240,1.0242,77,6654.00,0.860980
7378,1000,0.50,500,3,240,1.0060,78,6489.00,2.310585
7379,1000,0.50,500,3,240,0.9478,79,6543.00,0.319472
7380,1000,0.50,500,3,240,0.9841,80,6516.00,2.896069
7381,1000,0.50,500,3,240,1.0043,81,6557.00,3.921909
7382,1000,0.50,500,3,240,0.9859,82,2780.00,0.638281
7383,1000,0.50,500,3,240,1.0123,83,6560.00,0.622054
7384,1000,0.50,500,3,240,1.0112,84,6541.00,0.273287
7385,1000,0.50,500,3,240,1.0032,85,6604.00,1.560300
7386,1000,0.50,500,3,240,0.9998,86,1290.00,1.332018
7387,1000,0.50,500,3,240,0.9406,87,6599.00,2.081628
7388,1000,0.50,500,3,240,1.0338,88,6727.00,1.206653
7389,1000,0.50,500,3,240,1.0229,89,6579.00,0.248324
7390,1000,0.50,500,3,240,0.9469,90,6650.00,2.010908
7391,1000,0.50,500,3,240,1.0010,91,6494.00,1.625520
7392,1000,0.50,500,3,240,0.9765,92,6671.00,0.325587
7393,1000,0.50,500,3,240,1.0323,93,6639.00,1.222846
7394,1000,0.50,500,3,240,1.0143,94,6610.00,1.045164
7395,1000,0.50,500,3,240,0.9950,95,6779.00,2.433137
7396,1000,0.50,500,3,240,0.9924,96,6407.00,1.432477
7397,1000,0.50,500,3,240,1.0179,97,6480.00,0.638016
7398,1000,0.50,500,3,240,0.9610,98,6422.00,0.871109
7399,1000,0.50,500,3,240,0.9411,99,6393.00,2.254261
7400,1000,0.50,500,3,250,0.9961,0,6626.00,0.931917
7401,1000,0.50,500,3,250,1.0153,1,6791.00,0.604528
7402,1000,0.50,500,3,250,0.9478,2,6731.00,2.906108
7403,1000,0.50,500,3,250,0.9172,3,6906.00,3.673476
7404,1000,0.50,500,3,250,1.0439,4,6820.00,1.587381
7405,1000,0.50,500,3,250,0.9637,5,6806.00,0.387098
7406,1000,0.50,500,3,250,0.9403,6,6764.00,0.930063
7407,1000,0.50,500,3,250,0.9838,7,6973.00,4.039413
7408,1000,0.50,500,3,250,1.0371,8,6757.00,1.935982
7409,1000,0.50,500,3,250,0.9847,9,6762.00,3.747688
7410,1000,0.50,500,3,250,1.0241,10,6911.00,0.840253
7411,1000,0.50,500,3,250,0.9855,11,6823.00,2.403939
7412,1000,0.50,500,3,250,1.0191,12,6724.00,0.163897
7413,1000,0.50,500,3,250,0.9359,13,6850.00,0.449914
7414,1000,0.50,500,3,250,1.0143,14,6955.00,1.279921
7415,1000,0.50,500,3,250,0.9407,15,6866.00,0.624810
7416,1000,0.50,500,3,250,0.9874,16,6998.00,0.356576
7417,1000,0.50,500,3,250,0.9894,17,7134.00,1.214032
7418,1000,0.50,500,3,250,1.0524,18,6860.00,0.309915
7419,1000,0.50,500,3,250,1.0352,19,6963.00,1.946679
7420,1000,0.50,500,3,250,1.0104,20,6908.00,0.456848
7421,1000,0.50,500,3,250,0.9808,21,6821.00,2.259495
7422,1000,0.50,500,3,250,0.9825,22,6792.00,1.057910
7423,1000,0.50,500,3,250,1.0064,23,7036.00,0.976498
7424,1000,0.50,500,3,250,0.9605,24,6719.00,0.377184
7425,1000,0.50,500,3,250,0.9572,25,6682.00,0.347173
7426,1000,0.50,500,3,250,1.0483,26,6838.00,1.216430
7427,1000,0.50,500,3,250,1.0041,27,6772.00,0.496628
7428,1000,0.50,500,3,250,1.0073,28,6684.00,2.372894
7429,1000,0.50,500,3,250,0.9770,29,6713.00,1.084230
7430,1000,0.50,500,3,250,1.0191,30,7069.00,2.969897
7431,1000,0.50,500,3,250,0.9651,31,6945.00,0.782779
7432,1000,0.50,500,3,250,0.9720,32,6816.00,0.747491
7433,1000,0.50,500,3,250,0.9282,33,6786.00,1.391985
7434,1000,0.50,500,3,250,1.0416,34,6910.00,2.051423
7435,1000,0.50,500,3,250,1.0003,35,6775.00,3.648421
7436,1000,0.50,500,3,250,0.9772,36,6971.00,1.880133
7437,1000,0.50,500,3,250,0.9772,37,6806.00,1.648931
7438,1000,0.50,500,3,250,0.9998,38,6847.00,0.724876
7439,1000,0.50,500,3,250,1.0157,39,6593.00,0.927690
7440,1000,0.50,500,3,250,1.0564,40,6773.00,1.303707
7441,1000,0.50,500,3,250,1.0265,41,6927.00,3.260927
7442,1000,0.50,500,3,250,0.9768,42,6642.00,1.295910
7443,1000,0.50,500,3,250,1.0083,43,6676.00,0.494037
7444,1000,0.50,500,3,250,1.0243,44,6784.00,0.406067
7445,1000,0.50,500,3,250,1.0351,45,1451.00,0.466382
7446,1000,0.50,500,3,250,1.0077,46,6821.00,0.348899
7447,1000,0.50,500,3,250,0.9908,47,6968.00,2.007900
7448,1000,0.50,500,3,250,1.0100,48,6735.00,1.313470
7449,1000,0.50,500,3,250,0.9653,49,6901.00,1.732073
7450,1000,0.50,500,3,250,0.9842,50,6847.00,0.827218
7451,1000,0.50,500,3,250,1.0306,51,6747.00,2.220664
7452,1000,0.50,500,3,250,1.0159,52,6880.00,1.779774
7453,1000,0.50,500,3,250,1.0075,53,6723.00,0.437111
7454,1000,0.50,500,3,250,0.9392,54,6734.00,0.520351
7455,1000,0.50,500,3,250,0.9434,55,6793.00,0.326010
7456,1000,0.50,500,3,250,0.9960,56,6757.00,0.365602
7457,1000,0.50,500,3,250,1.0335,57,6814.00,0.929825
7458,1000,0.50,500,3,250,0.9897,58,6861.00,1.184294
7459,1000,0.50,500,3,250,1.0104,59,6904.00,0.499497
7460,1000,0.50,500,3,250,1.0115,60,6822.00,1.670611
7461,1000,0.50,500,3,250,1.0152,61,6773.00,0.445578
7462,1000,0.50,500,3,250,1.0513,62,6816.00,0.363364
7463,1000,0.50,500,3,250,1.0271,63,6806.00,0.792577
7464,1000,0.50,500,3,250,0.9619,64,6699.00,0.838400
7465,1000,0.50,500,3,250,0.9959,65,6934.00,1.392362
7466,1000,0.50,500,3,250,1.0168,66,6820.00,0.501762
7467,1000,0.50,500,3,250,1.0459,67,6775.00,2.597893
7468,1000,0.50,500,3,250,0.9342,68,6822.00,0.417869
7469,1000,0.50,500,3,250,0.9641,69,6711.00,0.382077
7470,1000,0.50,500,3,250,1.0127,70,6924.00,0.330498
7471,1000,0.50,500,3,250,1.0681,71,6861.00,3.352597
7472,1000,0.50,500,3,250,1.0137,72,6875.00,1.911218
7473,1000,0.50,500,3,250,0.9758,73,6749.00,0.510065
7474,1000,0.50,500,3,250,1.0391,74,6820.00,0.330576
7475,1000,0.50,500,3,250,0.9905,75,6782.00,0.491382
7476,1000,0.50,500,3,250,0.9737,76,6895.00,1.586080
7477,1000,0.50,500,3,250,1.0085,77,6979.00,0.176918
7478,1000,0.50,500,3,250,0.9992,78,6679.00,1.262966
7479,1000,0.50,500,3,250,1.0014,79,6669.00,0.528568
7480,1000,0.50,500,3,250,1.0199,80,6988.00,0.481741
7481,1000,0.50,500,3,250,1.0142,81,6960.00,1.540671
7482,1000,0.50,500,3,250,1.0108,82,6940.00,3.366971
7483,1000,0.50,500,3,250,0.9652,83,6971.00,1.427898
7484,1000,0.50,500,3,250,1.0140,84,7054.00,2.795009
7485,1000,0.50,500,3,250,0.9765,85,6792.00,1.475770
7486,1000,0.50,500,3,250,0.9672,86,1804.00,1.231577
7487,1000,0.50,500,3,250,0.9837,87,6742.00,1.529173
7488,1000,0.50,500,3,250,1.0296,88,6863.00,0.628375
7489,1000,0.50,500,3,250,0.9743,89,6724.00,0.231319
7490,1000,0.50,500,3,250,0.9789,90,6742.00,0.985201
7491,1000,0.50,500,3,250,0.9651,91,6575.00,0.235192
7492,1000,0.50,500,3,250,0.9971,92,1625.00,0.295145
7493,1000,0.50,500,3,250,0.9841,93,6792.00,1.248144
7494,1000,0.50,500,3,250,0.9565,94,6787.00,1.968714
7495,1000,0.50,500,3,250,1.0244,95,6976.00,0.469036
7496,1000,0.50,500,3,250,0.9576,96,6915.00,0.847379
7497,1000,0.50,500,3,250,1.0417,97,6881.00,2.536233
7498,1000,0.50,500,3,250,1.0232,98,6804.00,0.883699
7499,1000,0.50,500,3,250,1.0365,99,7183.00,4.308378
7500,1000,0.50,500,3,260,0.9795,0,7291.00,1.102557
7501,1000,0.50,500,3,260,0.9909,1,7387.00,1.077311
7502,1000,0.50,500,3,260,1.0079,2,7227.00,0.623414
7503,1000,0.50,500,3,260,0.9946,3,7228.00,3.216501
7504,1000,0.50,500,3,260,1.0203,4,6540.00,0.451516
7505,1000,0.50,500,3,260,1.0135,5,7220.00,1.475362
7506,1000,0.50,500,3,260,0.9730,6,7299.00,0.258450
7507,1000,0.50,500,3,260,0.9652,7,7113.00,1.293925
7508,1000,0.50,500,3,260,0.9971,8,7207.00,0.534422
7509,1000,0.50,500,3,260,1.0551,9,7210.00,1.852399
7510,1000,0.50,500,3,260,0.9797,10,7059.00,0.743108
7511,1000,0.50,500,3,260,1.0237,11,7043.00,1.535443
7512,1000,0.50,500,3,260,1.0328,12,7105.00,2.409750
7513,1000,0.50,500,3,260,1.0337,13,7113.00,1.488905
7514,1000,0.50,500,3,260,0.9835,14,7193.00,0.570857
7515,1000,0.50,500,3,260,0.9508,15,7084.00,0.567911
7516,1000,0.50,500,3,260,0.9549,16,6990.00,1.136978
7517,1000,0.50,500,3,260,0.9831,17,7084.00,1.131999
7518,1000,0.50,500,3,260,0.9986,18,7067.00,0.461347
7519,1000,0.50,500,3,260,1.0413,19,7005.00,0.359044
7520,1000,0.50,500,3,260,0.9427,20,7021.00,1.930185
7521,1000,0.50,500,3,260,1.0006,21,7187.00,0.862453
7522,1000,0.50,500,3,260,1.0254,22,7219.00,2.082694
7523,1000,0.50,500,3,260,0.9790,23,7139.00,1.239538
7524,1000,0.50,500,3,260,1.0546,24,6943.00,1.286236
7525,1000,0.50,500,3,260,1.0439,25,7059.00,0.200357
7526,1000,0.50,500,3,260,0.9465,26,7095.00,0.182130
7527,1000,0.50,500,3,260,0.9830,27,7155.00,1.937462
7528,1000,0.50,500,3,260,1.0143,28,7074.00,2.040785
7529,1000,0.50,500,3,260,1.0285,29,7021.00,2.016451
7530,1000,0.50,500,3,260,0.9726,30,6932.00,1.982297
7531,1000,0.50,500,3,260,0.9900,31,6927.00,0.265562
7532,1000,0.50,500,3,260,0.9919,32,7072.00,1.194888
7533,1000,0.50,500,3,260,0.9857,33,6916.00,0.910018
7534,1000,0.50,500,3,260,0.9815,34,7221.00,0.608718
7535,1000,0.50,500,3,260,1.0169,35,7096.00,0.238468
7536,1000,0.50,500,3,260,0.9476,36,7117.00,0.363105
7537,1000,0.50,500,3,260,1.0452,37,7213.00,2.382002
7538,1000,0.50,500,3,260,0.9597,38,7114.00,0.995847
7539,1000,0.50,500,3,260,0.9771,39,7037.00,0.573296
7540,1000,0.50,500,3,260,1.0409,40,7055.00,1.291720
7541,1000,0.50,500,3,260,0.9728,41,7007.00,1.408080
7542,1000,0.50,500,3,260,0.9381,42,7143.00,0.422822
7543,1000,0.50,500,3,260,1.0255,43,7336.00,0.801560
7544,1000,0.50,500,3,260,1.0139,44,7050.00,0.514941
7545,1000,0.50,500,3,260,0.9639,45,7111.00,0.248149
7546,1000,0.50,500,3,260,0.9960,46,7160.00,2.412451
7547,1000,0.50,500,3,260,0.9865,47,7050.00,0.321933
7548,1000,0.50,500,3,260,1.0252,48,7065.00,0.185267
7549,1000,0.50,500,3,260,0.9752,49,7126.00,1.142021
7550,1000,0.50,500,3,260,0.9972,50,7079.00,0.524337
7551,1000,0.50,500,3,260,1.0009,51,2994.00,0.480095
7552,1000,0.50,500,3,260,0.9754,52,7122.00,0.233006
7553,1000,0.50,500,3,260,1.0565,53,7181.00,1.217226
7554,1000,0.50,500,3,260,1.0097,54,7098.00,3.062913
7555,1000,0.50,500,3,260,1.0022,55,7107.00,0.574848
7556,1000,0.50,500,3,260,0.9616,56,7037.00,2.224810
7557,1000,0.50,500,3,260,1.0165,57,7065.00,2.336353
7558,1000,0.50,500,3,260,0.9493,58,7127.00,1.814467
7559,1000,0.50,500,3,260,1.0404,59,7102.00,2.260060
7560,1000,0.50,500,3,260,1.0855,60,1830.00,1.556177
7561,1000,0.50,500,3,260,1.0125,61,6945.00,0.833829
7562,1000,0.50,500,3,260,0.9616,62,7154.00,0.331828
7563,1000,0.50,500,3,260,1.0268,63,7120.00,0.228230
7564,1000,0.50,500,3,260,0.9840,64,7238.00,0.325181
7565,1000,0.50,500,3,260,1.0009,65,7069.00,1.340336
7566,1000,0.50,500,3,260,1.0618,66,7027.00,0.669117
7567,1000,0.50,500,3,260,0.9529,67,7150.00,2.893785
7568,1000,0.50,500,3,260,0.9664,68,7024.00,0.571181
7569,1000,0.50,500,3,260,1.0078,69,7120.00,2.027419
7570,1000,0.50,500,3,260,0.9665,70,7265.00,4.836363
7571,1000,0.50,500,3,260,1.0059,71,6919.00,1.739604
7572,1000,0.50,500,3,260,1.0202,72,7228.00,1.580463
7573,1000,0.50,500,3,260,1.0221,73,7074.00,1.393636
7574,1000,0.50,500,3,260,0.9772,74,7229.00,3.519571
7575,1000,0.50,500,3,260,0.9896,75,7109.00,0.549967
7576,1000,0.50,500,3,260,0.9921,76,6966.00,3.312421
7577,1000,0.50,500,3,260,1.0769,77,3001.00,1.855521
7578,1000,0.50,500,3,260,1.0765,78,3199.00,1.680382
7579,1000,0.50,500,3,260,0.9688,79,7010.00,0.560324
7580,1000,0.50,500,3,260,0.9779,80,7093.00,0.138900
7581,1000,0.50,500,3,260,0.9787,81,6810.00,2.661307
7582,1000,0.50,500,3,260,0.9686,82,7072.00,0.752325
7583,1000,0.50,500,3,260,1.0141,83,7045.00,1.932589
7584,1000,0.50,500,3,260,1.0015,84,7184.00,2.126850
7585,1000,0.50,500,3,260,0.9877,85,7168.00,0.849951
7586,1000,0.50,500,3,260,0.9724,86,7093.00,0.970920
7587,1000,0.50,500,3,260,1.0274,87,7102.00,1.222157
7588,1000,0.50,500,3,260,0.9660,88,7184.00,1.218885
7589,1000,0.50,500,3,260,0.9869,89,7189.00,1.820026
7590,1000,0.50,500,3,260,0.9647,90,7075.00,0.810695
7591,1000,0.50,500,3,260,0.9716,91,7002.00,1.525506
7592,1000,0.50,500,3,260,0.9926,92,7173.00,2.013805
7593,1000,0.50,500,3,260,1.0384,93,7016.00,3.957720
7594,1000,0.50,500,3,260,0.9730,94,7062.00,0.730144
7595,1000,0.50,500,3,260,1.0007,95,7011.00,2.203540
7596,1000,0.50,500,3,260,1.0057,96,6961.00,0.849637
7597,1000,0.50,500,3,260,1.0135,97,7087.00,3.891601
7598,1000,0.50,500,3,260,1.0740,98,7177.00,0.547856
7599,1000,0.50,500,3,260,1.0412,99,7017.00,0.675897
7600,1000,0.50,500,3,270,0.9981,0,7284.00,0.714894
7601,1000,0.50,500,3,270,1.0256,1,7192.00,0.927897
7602,1000,0.50,500,3,270,1.0077,2,7406.00,0.511775
7603,1000,0.50,500,3,270,1.0003,3,7415.00,2.520052
7604,1000,0.50,500,3,270,1.0051,4,7354.00,1.312141
7605,1000,0.50,500,3,270,1.0314,5,7318.00,0.307449
7606,1000,0.50,500,3,270,1.0855,6,3946.00,0.727535
7607,1000,0.50,500,3,270,0.9673,7,7556.00,0.642517
7608,1000,0.50,500,3,270,1.0155,8,7311.00,2.585775
7609,1000,0.50,500,3,270,0.9960,9,7416.00,0.390190
7610,1000,0.50,500,3,270,0.9588,10,7332.00,0.765522
7611,1000,0.50,500,3,270,1.0448,11,7326.00,1.939992
7612,1000,0.50,500,3,270,1.0221,12,7258.00,0.835950
7613,1000,0.50,500,3,270,1.0248,13,7290.00,1.774006
7614,1000,0.50,500,3,270,1.0022,14,7450.00,0.609890
7615,1000,0.50,500,3,270,1.0150,15,7443.00,1.021262
7616,1000,0.50,500,3,270,1.0133,16,7327.00,0.211363
7617,1000,0.50,500,3,270,0.9663,17,7302.00,0.921612
7618,1000,0.50,500,3,270,0.9250,18,6931.00,1.534809
7619,1000,0.50,500,3,270,0.9764,19,7130.00,0.221808
7620,1000,0.50,500,3,270,0.9992,20,7371.00,1.782245
7621,1000,0.50,500,3,270,1.0275,21,7507.00,1.857112
7622,1000,0.50,500,3,270,1.0235,22,7383.00,1.313707
7623,1000,0.50,500,3,270,0.9377,23,7400.00,3.704704
7624,1000,0.50,500,3,270,0.9903,24,7324.00,1.549178
7625,1000,0.50,500,3,270,0.9635,25,7405.00,2.627650
7626,1000,0.50,500,3,270,1.0070,26,7232.00,1.862014
7627,1000,0.50,500,3,270,0.9908,27,7472.00,2.852242
7628,1000,0.50,500,3,270,1.0477,28,7436.00,0.755320
7629,1000,0.50,500,3,270,1.0075,29,7458.00,0.765631
7630,1000,0.50,500,3,270,0.9918,30,7268.00,2.783865
7631,1000,0.50,500,3,270,1.0178,31,3332.00,0.837324
7632,1000,0.50,500,3,270,0.9617,32,7264.00,0.438258
7633,1000,0.50,500,3,270,1.0277,33,7205.00,0.299073
7634,1000,0.50,500,3,270,1.0030,34,7237.00,3.400513
7635,1000,0.50,500,3,270,0.9617,35,7168.00,0.976125
7636,1000,0.50,500,3,270,0.9557,36,7293.00,2.659355
7637,1000,0.50,500,3,270,0.9987,37,7387.00,1.587736
7638,1000,0.50,500,3,270,0.9855,38,7370.00,1.811031
7639,1000,0.50,500,3,270,0.9898,39,7501.00,1.076793
7640,1000,0.50,500,3,270,0.9836,40,7510.00,1.390740
7641,1000,0.50,500,3,270,1.0089,41,7316.00,2.459908
7642,1000,0.50,500,3,270,0.9954,42,7412.00,0.234342
7643,1000,0.50,500,3,270,1.0004,43,7347.00,1.908135
7644,1000,0.50,500,3,270,1.0372,44,7352.00,1.218634
7645,1000,0.50,500,3,270,1.0001,45,7462.00,1.066102
7646,1000,0.50,500,3,270,0.9882,46,7270.00,0.905011
7647,1000,0.50,500,3,270,1.0044,47,7378.00,0.428048
7648,1000,0.50,500,3,270,1.0045,48,7264.00,0.855977
7649,1000,0.50,500,3,270,1.0080,49,7232.00,0.555690
7650,1000,0.50,500,3,270,1.0021,50,7454.00,1.352520
7651,1000,0.50,500,3,270,0.9377,51,7452.00,1.228765
7652,1000,0.50,500,3,270,0.9936,52,7433.00,1.450976
7653,1000,0.50,500,3,270,0.9562,53,7435.00,1.542310
7654,1000,0.50,500,3,270,0.9772,54,7345.00,0.494279
7655,1000,0.50,500,3,270,1.0216,55,7366.00,0.430509
7656,1000,0.50,500,3,270,0.9719,56,7246.00,0.595170
7657,1000,0.50,500,3,270,0.9830,57,7268.00,0.272071
7658,1000,0.50,500,3,270,0.9800,58,7354.00,2.809803
7659,1000,0.50,500,3,270,1.0222,59,7380.00,1.213250
7660,1000,0.50,500,3,270,0.9845,60,7340.00,0.659404
7661,1000,0.50,500,3,270,0.9734,61,7621.00,0.945197
7662,1000,0.50,500,3,270,0.9966,62,7329.00,0.501685
7663,1000,0.50,500,3,270,0.9951,63,7218.00,0.596596
7664,1000,0.50,500,3,270,1.0204,64,7388.00,1.573056
7665,1000,0.50,500,3,270,1.0017,65,7263.00,1.336982
7666,1000,0.50,500,3,270,0.9695,66,7294.00,2.289401
7667,1000,0.50,500,3,270,0.9659,67,7276.00,0.508768
7668,1000,0.50,500,3,270,0.9920,68,7304.00,1.034333
7669,1000,0.50,500,3,270,1.0339,69,7373.00,1.215984
7670,1000,0.50,500,3,270,1.0307,70,7491.00,0.418809
7671,1000,0.50,500,3,270,1.0242,71,7488.00,0.084184
7672,1000,0.50,500,3,270,1.0259,72,7459.00,1.727935
7673,1000,0.50,500,3,270,0.9846,73,7591.00,0.142778
7674,1000,0.50,500,3,270,0.9350,74,7402.00,2.244970
7675,1000,0.50,500,3,270,1.0269,75,5752.00,0.333264
7676,1000,0.50,500,3,270,0.9609,76,7501.00,2.351286
7677,1000,0.50,500,3,270,0.9837,77,7548.00,2.055657
7678,1000,0.50,500,3,270,0.9658,78,7389.00,0.577151
7679,1000,0.50,500,3,270,1.1025,79,248.00,0.383953
7680,1000,0.50,500,3,270,0.9337,80,7379.00,0.508783
7681,1000,0.50,500,3,270,0.9710,81,7416.00,2.487348
7682,1000,0.50,500,3,270,1.0063,82,7481.00,1.978391
7683,1000,0.50,500,3,270,0.9957,83,7424.00,1.598417
7684,1000,0.50,500,3,270,1.0954,84,7478.00,4.111071
7685,1000,0.50,500,3,270,1.0121,85,7328.00,1.582862
7686,1000,0.50,500,3,270,0.9349,86,7469.00,1.208671
7687,1000,0.50,500,3,270,0.9769,87,7281.00,0.702886
7688,1000,0.50,500,3,270,0.9937,88,7539.00,0.867441
7689,1000,0.50,500,3,270,0.9805,89,7369.00,0.336725
7690,1000,0.50,500,3,270,1.0424,90,7219.00,0.881065
7691,1000,0.50,500,3,270,1.0127,91,7543.00,1.906240
7692,1000,0.50,500,3,270,0.9772,92,7087.00,0.873450
7693,1000,0.50,500,3,270,1.0243,93,4425.00,1.170498
7694,1000,0.50,500,3,270,0.9982,94,7235.00,2.753729
7695,1000,0.50,500,3,270,0.9900,95,7345.00,2.224181
7696,1000,0.50,500,3,270,1.0279,96,7208.00,0.399522
7697,1000,0.50,500,3,270,1.0406,97,7362.00,2.237138
7698,1000,0.50,500,3,270,0.9870,98,7213.00,0.611320
7699,1000,0.50,500,3,270,0.9938,99,7382.00,0.334099
7700,1000,0.50,500,3,280,0.9763,0,7513.00,2.033584
7701,1000,0.50,500,3,280,0.9963,1,7467.00,0.063101
7702,1000,0.50,500,3,280,0.9494,2,7502.00,1.868899
7703,1000,0.50,500,3,280,0.9932,3,7804.00,2.385365
7704,1000,0.50,500,3,280,0.9914,4,7668.00,3.388962
7705,1000,0.50,500,3,280,1.0232,5,7733.00,3.473674
7706,1000,0.50,500,3,280,0.9839,6,7546.00,0.968149
7707,1000,0.50,500,3,280,0.9155,7,7425.00,1.947878
7708,1000,0.50,500,3,280,0.9755,8,7645.00,0.971221
7709,1000,0.50,500,3,280,1.0210,9,7623.00,0.527705
7710,1000,0.50,500,3,280,0.9866,10,7513.00,1.432894
7711,1000,0.50,500,3,280,1.0001,11,7762.00,2.990910
7712,1000,0.50,500,3,280,1.0533,12,7574.00,2.817641
7713,1000,0.50,500,3,280,1.0254,13,7593.00,1.623129
7714,1000,0.50,500,3,280,1.0170,14,7714.00,1.007810
7715,1000,0.50,500,3,280,0.9949,15,7566.00,1.774720
7716,1000,0.50,500,3,280,1.0249,16,7584.00,3.215379
7717,1000,0.50,500,3,280,0.9785,17,7464.00,1.003550
7718,1000,0.50,500,3,280,1.0480,18,7571.00,2.637772
7719,1000,0.50,500,3,280,0.9790,19,7424.00,0.250781
7720,1000,0.50,500,3,280,1.0242,20,7611.00,2.771996
7721,1000,0.50,500,3,280,1.0166,21,7702.00,2.938690
7722,1000,0.50,500,3,280,0.9807,22,7660.00,0.294549
7723,1000,0.50,500,3,280,0.9863,23,8188.00,0.740758
7724,1000,0.50,500,3,280,1.0024,24,7542.00,3.282630
7725,1000,0.50,500,3,280,0.9997,25,7365.00,0.916019
7726,1000,0.50,500,3,280,1.0307,26,7359.00,1.629346
7727,1000,0.50,500,3,280,1.0419,27,7301.00,2.166213
7728,1000,0.50,500,3,280,0.9484,28,7495.00,0.851289
7729,1000,0.50,500,3,280,1.0212,29,7392.00,0.364810
7730,1000,0.50,500,3,280,0.9821,30,7518.00,2.420657
7731,1000,0.50,500,3,280,0.9450,31,7361.00,2.274551
7732,1000,0.50,500,3,280,0.9500,32,7812.00,0.590861
7733,1000,0.50,500,3,280,0.9640,33,7451.00,0.129658
7734,1000,0.50,500,3,280,0.9810,34,7707.00,0.538149
7735,1000,0.50,500,3,280,1.0067,35,7459.00,1.527636
7736,1000,0.50,500,3,280,1.0703,36,1678.00,0.157009
7737,1000,0.50,500,3,280,0.9747,37,7509.00,2.220796
7738,1000,0.50,500,3,280,1.0009,38,7401.00,1.769545
7739,1000,0.50,500,3,280,0.9500,39,7202.00,1.098334
7740,1000,0.50,500,3,280,0.9974,40,7489.00,2.692622
7741,1000,0.50,500,3,280,0.9844,41,7301.00,1.812628
7742,1000,0.50,500,3,280,0.9191,42,7284.00,1.745438
7743,1000,0.50,500,3,280,0.9783,43,7376.00,1.933675
7744,1000,0.50,500,3,280,0.9454,44,7416.00,0.536346
7745,1000,0.50,500,3,280,1.0371,45,7396.00,2.017363
7746,1000,0.50,500,3,280,0.9478,46,7435.00,0.787593
7747,1000,0.50,500,3,280,0.9847,47,7389.00,0.485526
7748,1000,0.50,500,3,280,1.0428,48,7424.00,2.557873
7749,1000,0.50,500,3,280,1.0554,49,7462.00,0.773084
7750,1000,0.50,500,3,280,1.0039,50,7395.00,1.683238
7751,1000,0.50,500,3,280,1.0050,51,7578.00,1.873402
7752,1000,0.50,500,3,280,0.9869,52,7494.00,3.047698
7753,1000,0.50,500,3,280,0.9886,53,7300.00,0.320732
7754,1000,0.50,500,3,280,1.0008,54,7376.00,0.964986
7755,1000,0.50,500,3,280,1.0323,55,7467.00,0.237092
7756,1000,0.50,500,3,280,0.9900,56,7395.00,1.195134
7757,1000,0.50,500,3,280,0.9139,57,7538.00,3.434879
7758,1000,0.50,500,3,280,1.0202,58,7533.00,0.690601
7759,1000,0.50,500,3,280,0.9438,59,7465.00,1.610091
7760,1000,0.50,500,3,280,1.0370,60,7642.00,1.171985
7761,1000,0.50,500,3,280,1.0238,61,7564.00,0.704076
7762,1000,0.50,500,3,280,0.9494,62,7403.00,2.987419
7763,1000,0.50,500,3,280,0.9435,63,7526.00,0.445706
7764,1000,0.50,500,3,280,0.9916,64,5421.00,0.132462
7765,1000,0.50,500,3,280,0.9718,65,7074.00,0.161686
7766,1000,0.50,500,3,280,1.0050,66,7498.00,1.199323
7767,1000,0.50,500,3,280,1.0080,67,7309.00,3.355891
7768,1000,0.50,500,3,280,1.0174,68,7581.00,0.791595
7769,1000,0.50,500,3,280,1.0162,69,7362.00,1.136263
7770,1000,0.50,500,3,280,1.0058,70,7414.00,2.153165
7771,1000,0.50,500,3,280,1.0074,71,7220.00,0.935815
7772,1000,0.50,500,3,280,0.9754,72,7561.00,1.978463
7773,1000,0.50,500,3,280,0.9806,73,7701.00,0.494292
7774,1000,0.50,500,3,280,1.0001,74,7580.00,0.884985
7775,1000,0.50,500,3,280,1.0372,75,7404.00,0.479667
7776,1000,0.50,500,3,280,0.9301,76,7412.00,0.273346
7777,1000,0.50,500,3,280,0.9739,77,7458.00,0.111359
7778,1000,0.50,500,3,280,1.0328,78,7324.00,1.883487
7779,1000,0.50,500,3,280,1.0055,79,7328.00,1.082250
7780,1000,0.50,500,3,280,0.9854,80,7264.00,0.656654
7781,1000,0.50,500,3,280,0.9721,81,7439.00,0.832667
7782,1000,0.50,500,3,280,1.0089,82,7472.00,2.291636
7783,1000,0.50,500,3,280,1.0423,83,7328.00,1.703010
7784,1000,0.50,500,3,280,0.9469,84,7341.00,2.102450
7785,1000,0.50,500,3,280,0.9467,85,7296.00,1.000249
7786,1000,0.50,500,3,280,0.9881,86,7409.00,3.453587
7787,1000,0.50,500,3,280,0.9730,87,7393.00,2.817540
7788,1000,0.50,500,3,280,1.0107,88,7640.00,1.272276
7789,1000,0.50,500,3,280,0.9990,89,7530.00,0.839502
7790,1000,0.50,500,3,280,1.0072,90,7286.00,0.075909
7791,1000,0.50,500,3,280,1.0387,91,7444.00,0.201809
7792,1000,0.50,500,3,280,0.9428,92,7456.00,2.364995
7793,1000,0.50,500,3,280,1.0244,93,7565.00,0.770991
7794,1000,0.50,500,3,280,1.0417,94,7294.00,1.439180
7795,1000,0.50,500,3,280,1.0080,95,7355.00,0.189438
7796,1000,0.50,500,3,280,0.9763,96,7400.00,0.587151
7797,1000,0.50,500,3,280,1.0330,97,7468.00,2.185008
7798,1000,0.50,500,3,280,0.9668,98,7635.00,0.302692
7799,1000,0.50,500,3,280,0.9574,99,7534.00,0.488614
7800,1000,0.50,500,3,290,1.0440,0,7698.00,0.476814
7801,1000,0.50,500,3,290,0.9839,1,7405.00,1.020876
7802,1000,0.50,500,3,290,1.0278,2,7932.00,1.784907
7803,1000,0.50,500,3,290,0.9723,3,7687.00,0.282972
7804,1000,0.50,500,3,290,0.9855,4,7601.00,1.199870
7805,1000,0.50,500,3,290,0.9864,5,7717.00,1.570814
7806,1000,0.50,500,3,290,0.9756,6,7754.00,1.783433
7807,1000,0.50,500,3,290,0.9769,7,7958.00,0.436286
7808,1000,0.50,500,3,290,1.0047,8,7582.00,0.229686
7809,1000,0.50,500,3,290,1.0313,9,7670.00,1.837690
7810,1000,0.50,500,3,290,1.0370,10,8215.00,0.442039
7811,1000,0.50,500,3,290,0.9428,11,8032.00,1.343925
7812,1000,0.50,500,3,290,1.0405,12,8117.00,1.048627
7813,1000,0.50,500,3,290,0.9572,13,8036.00,0.796780
7814,1000,0.50,500,3,290,0.9672,14,8167.00,0.114187
7815,1000,0.50,500,3,290,1.0581,15,7205.00,0.659770
7816,1000,0.50,500,3,290,0.9725,16,7743.00,2.195692
7817,1000,0.50,500,3,290,0.9662,17,7406.00,0.781176
7818,1000,0.50,500,3,290,1.0006,18,7596.00,1.101177
7819,1000,0.50,500,3,290,0.9335,19,7572.00,0.755300
7820,1000,0.50,500,3,290,0.9727,20,7559.00,0.861885
7821,1000,0.50,500,3,290,0.9994,21,7633.00,0.307394
7822,1000,0.50,500,3,290,0.9545,22,7805.00,0.432514
7823,1000,0.50,500,3,290,1.1031,23,230.00,0.749050
7824,1000,0.50,500,3,290,1.0280,24,7829.00,1.475305
7825,1000,0.50,500,3,290,1.0371,25,7939.00,1.996433
7826,1000,0.50,500,3,290,1.0134,26,7752.00,1.623165
7827,1000,0.50,500,3,290,1.0096,27,7801.00,1.359036
7828,1000,0.50,500,3,290,0.9928,28,7997.00,0.335690
7829,1000,0.50,500,3,290,0.9866,29,7661.00,0.725494
7830,1000,0.50,500,3,290,1.0076,30,7682.00,0.851431
7831,1000,0.50,500,3,290,0.9640,31,7582.00,0.205451
7832,1000,0.50,500,3,290,1.0558,32,7788.00,1.134598
7833,1000,0.50,500,3,290,0.9788,33,7744.00,0.945849
7834,1000,0.50,500,3,290,1.0032,34,7737.00,0.812075
7835,1000,0.50,500,3,290,1.0222,35,7834.00,1.646643
7836,1000,0.50,500,3,290,1.0171,36,7594.00,2.721552
7837,1000,0.50,500,3,290,0.9798,37,8057.00,1.345142
7838,1000,0.50,500,3,290,1.0158,38,7713.00,3.448174
7839,1000,0.50,500,3,290,1.0242,39,7719.00,0.108364
7840,1000,0.50,500,3,290,1.0352,40,7630.00,0.576580
7841,1000,0.50,500,3,290,1.0903,41,7664.00,0.641913
7842,1000,0.50,500,3,290,0.9893,42,8108.00,2.870481
7843,1000,0.50,500,3,290,1.0315,43,125.00,0.767135
7844,1000,0.50,500,3,290,1.0571,44,7771.00,0.591206
7845,1000,0.50,500,3,290,1.0195,45,3925.00,0.401277
7846,1000,0.50,500,3,290,0.9643,46,7875.00,0.694440
7847,1000,0.50,500,3,290,0.9435,47,7553.00,0.323750
7848,1000,0.50,500,3,290,1.0282,48,7586.00,1.163405
7849,1000,0.50,500,3,290,0.9932,49,7596.00,0.973121
7850,1000,0.50,500,3,290,0.9834,50,8123.00,0.014406
7851,1000,0.50,500,3,290,1.0809,51,7887.00,0.212300
7852,1000,0.50,500,3,290,0.9657,52,8240.00,1.098862
7853,1000,0.50,500,3,290,0.9467,53,7741.00,1.988458
7854,1000,0.50,500,3,290,0.9492,54,7715.00,0.295354
7855,1000,0.50,500,3,290,0.9713,55,7663.00,0.464663
7856,1000,0.50,500,3,290,0.9858,56,7575.00,0.648846
7857,1000,0.50,500,3,290,1.0153,57,7629.00,0.339863
7858,1000,0.50,500,3,290,0.9159,58,7611.00,0.375794
7859,1000,0.50,500,3,290,0.9906,59,7750.00,1.765961
7860,1000,0.50,500,3,290,0.9923,60,7699.00,0.997118
7861,1000,0.50,500,3,290,0.9665,61,7669.00,2.819094
7862,1000,0.50,500,3,290,1.0244,62,7707.00,1.242532
7863,1000,0.50,500,3,290,1.0469,63,7720.00,3.075354
7864,1000,0.50,500,3,290,1.0301,64,7906.00,2.407287
7865,1000,0.50,500,3,290,0.9921,65,7585.00,0.416164
7866,1000,0.50,500,3,290,0.9269,66,7695.00,0.401950
7867,1000,0.50,500,3,290,0.9874,67,7653.00,0.307305
7868,1000,0.50,500,3,290,0.9723,68,7528.00,2.364818
7869,1000,0.50,500,3,290,1.0503,69,7873.00,0.332335
7870,1000,0.50,500,3,290,1.0111,70,7568.00,0.189788
7871,1000,0.50,500,3,290,0.9645,71,7659.00,0.423955
7872,1000,0.50,500,3,290,0.9447,72,7711.00,1.149420
7873,1000,0.50,500,3,290,0.9901,73,7581.00,1.576070
7874,1000,0.50,500,3,290,1.0106,74,7628.00,1.838354
7875,1000,0.50,500,3,290,0.9908,75,7825.00,0.205430
7876,1000,0.50,500,3,290,1.0159,76,7614.00,1.071205
7877,1000,0.50,500,3,290,1.0233,77,2596.00,0.600592
7878,1000,0.50,500,3,290,1.0093,78,6657.00,0.885408
7879,1000,0.50,500,3,290,0.9830,79,7857.00,1.116093
7880,1000,0.50,500,3,290,0.9806,80,7674.00,0.528586
7881,1000,0.50,500,3,290,1.0102,81,2163.00,0.802509
7882,1000,0.50,500,3,290,0.9569,82,7708.00,1.365458
7883,1000,0.50,500,3,290,0.9622,83,7691.00,3.196001
7884,1000,0.50,500,3,290,1.0030,84,7726.00,0.644600
7885,1000,0.50,500,3,290,1.0119,85,7665.00,0.362993
7886,1000,0.50,500,3,290,1.0507,86,7775.00,1.601943
7887,1000,0.50,500,3,290,0.9646,87,7699.00,1.014087
7888,1000,0.50,500,3,290,1.0070,88,7696.00,0.371436
7889,1000,0.50,500,3,290,0.9532,89,7826.00,1.615563
7890,1000,0.50,500,3,290,0.9777,90,7606.00,1.312947
7891,1000,0.50,500,3,290,1.0028,91,2084.00,1.768153
7892,1000,0.50,500,3,290,0.9792,92,4735.00,0.364099
7893,1000,0.50,500,3,290,1.0099,93,7682.00,1.249686
7894,1000,0.50,500,3,290,0.9758,94,8106.00,1.248610
7895,1000,0.50,500,3,290,0.9955,95,7660.00,0.096734
7896,1000,0.50,500,3,290,0.9670,96,7713.00,3.557510
7897,1000,0.50,500,3,290,0.9631,97,7824.00,1.280709
7898,1000,0.50,500,3,290,0.9943,98,7525.00,2.164257
7899,1000,0.50,500,3,290,1.0451,99,7593.00,0.796046
7900,1000,0.50,500,3,300,0.9845,0,7955.00,2.391831
7901,1000,0.50,500,3,300,0.9990,1,8052.00,2.910722
7902,1000,0.50,500,3,300,1.0224,2,7808.00,2.195357
7903,1000,0.50,500,3,300,0.9950,3,7976.00,0.444359
7904,1000,0.50,500,3,300,0.9511,4,7730.00,2.290844
7905,1000,0.50,500,3,300,1.0257,5,7924.00,0.552711
7906,1000,0.50,500,3,300,1.0120,6,7896.00,1.098025
7907,1000,0.50,500,3,300,1.0322,7,8038.00,1.608215
7908,1000,0.50,500,3,300,0.9858,8,7996.00,2.821122
7909,1000,0.50,500,3,300,0.9894,9,7909.00,1.141568
7910,1000,0.50,500,3,300,1.0222,10,8107.00,4.124135
7911,1000,0.50,500,3,300,0.9878,11,7755.00,0.426220
7912,1000,0.50,500,3,300,1.0449,12,8134.00,1.579512
7913,1000,0.50,500,3,300,1.0207,13,7985.00,3.727210
7914,1000,0.50,500,3,300,1.0010,14,7727.00,0.312041
7915,1000,0.50,500,3,300,0.9633,15,7892.00,0.449474
7916,1000,0.50,500,3,300,1.0008,16,7987.00,1.192179
7917,1000,0.50,500,3,300,0.9841,17,7898.00,0.357709
7918,1000,0.50,500,3,300,1.0214,18,764.00,0.772482
7919,1000,0.50,500,3,300,1.0530,19,7860.00,3.025993
7920,1000,0.50,500,3,300,0.9899,20,8017.00,1.631379
7921,1000,0.50,500,3,300,1.0025,21,7993.00,2.310466
7922,1000,0.50,500,3,300,0.9771,22,7918.00,1.140538
7923,1000,0.50,500,3,300,1.0728,23,8091.00,0.290630
7924,1000,0.50,500,3,300,0.9875,24,7960.00,1.773553
7925,1000,0.50,500,3,300,0.9387,25,8074.00,0.436065
7926,1000,0.50,500,3,300,0.9942,26,7958.00,1.366556
7927,1000,0.50,500,3,300,1.0554,27,7066.00,0.851815
7928,1000,0.50,500,3,300,1.0006,28,7893.00,1.192350
7929,1000,0.50,500,3,300,1.0015,29,7968.00,1.002369
7930,1000,0.50,500,3,300,0.9678,30,8038.00,3.559246
7931,1000,0.50,500,3,300,1.0328,31,7876.00,1.446390
7932,1000,0.50,500,3,300,1.0476,32,5379.00,1.913630
7933,1000,0.50,500,3,300,0.9533,33,8003.00,0.657849
7934,1000,0.50,500,3,300,0.9825,34,8126.00,1.031982
7935,1000,0.50,500,3,300,1.0019,35,7847.00,1.920341
7936,1000,0.50,500,3,300,0.9100,36,7934.00,0.309355
7937,1000,0.50,500,3,300,0.9707,37,8103.00,0.681471
7938,1000,0.50,500,3,300,0.9475,38,8023.00,2.564883
7939,1000,0.50,500,3,300,1.0330,39,8105.00,0.297133
7940,1000,0.50,500,3,300,0.9877,40,8109.00,0.508317
7941,1000,0.50,500,3,300,1.0416,41,7827.00,1.912545
7942,1000,0.50,500,3,300,1.0483,42,8051.00,1.909945
7943,1000,0.50,500,3,300,1.0250,43,8034.00,0.814112
7944,1000,0.50,500,3,300,0.9576,44,7918.00,2.332058
7945,1000,0.50,500,3,300,0.9689,45,7767.00,1.249170
7946,1000,0.50,500,3,300,0.9817,46,7912.00,0.981545
7947,1000,0.50,500,3,300,0.9774,47,7910.00,2.231405
7948,1000,0.50,500,3,300,0.9922,48,7916.00,0.837269
7949,1000,0.50,500,3,300,1.0013,49,8018.00,1.126796
7950,1000,0.50,500,3,300,1.0017,50,7830.00,1.453913
7951,1000,0.50,500,3,300,0.9501,51,7938.00,1.277323
7952,1000,0.50,500,3,300,1.0132,52,7885.00,3.467527
7953,1000,0.50,500,3,300,1.0013,53,8078.00,1.648101
7954,1000,0.50,500,3,300,0.9702,54,8083.00,2.048153
7955,1000,0.50,500,3,300,0.9999,55,8110.00,1.998535
7956,1000,0.50,500,3,300,0.9786,56,7939.00,0.672989
7957,1000,0.50,500,3,300,0.9308,57,7931.00,0.421597
7958,1000,0.50,500,3,300,1.0080,58,8108.00,0.447110
7959,1000,0.50,500,3,300,0.9814,59,7955.00,0.482673
7960,1000,0.50,500,3,300,1.0215,60,3355.00,0.482772
7961,1000,0.50,500,3,300,0.9994,61,7937.00,2.787411
7962,1000,0.50,500,3,300,0.9256,62,8061.00,2.367834
7963,1000,0.50,500,3,300,0.9953,63,7908.00,3.078577
7964,1000,0.50,500,3,300,0.9950,64,7952.00,1.965094
7965,1000,0.50,500,3,300,0.9880,65,8026.00,3.216461
7966,1000,0.50,500,3,300,1.0711,66,5094.00,1.538631
7967,1000,0.50,500,3,300,1.0120,67,8032.00,0.560605
7968,1000,0.50,500,3,300,1.0271,68,8163.00,0.935126
7969,1000,0.50,500,3,300,0.9572,69,7982.00,2.999033
7970,1000,0.50,500,3,300,1.0245,70,7980.00,0.346752
7971,1000,0.50,500,3,300,1.0243,71,7838.00,3.002403
7972,1000,0.50,500,3,300,0.9645,72,8024.00,1.521093
7973,1000,0.50,500,3,300,1.0004,73,7917.00,1.506360
7974,1000,0.50,500,3,300,1.0269,74,8198.00,0.354455
7975,1000,0.50,500,3,300,0.9946,75,7747.00,0.673021
7976,1000,0.50,500,3,300,1.0592,76,8211.00,0.899251
7977,1000,0.50,500,3,300,0.9715,77,7921.00,0.177782
7978,1000,0.50,500,3,300,0.9870,78,7863.00,0.707377
7979,1000,0.50,500,3,300,1.0354,79,8044.00,1.413439
7980,1000,0.50,500,3,300,0.9978,80,8182.00,0.300864
7981,1000,0.50,500,3,300,0.9819,81,7781.00,0.466265
7982,1000,0.50,500,3,300,0.9950,82,7924.00,2.836226
7983,1000,0.50,500,3,300,1.0091,83,7982.00,0.518844
7984,1000,0.50,500,3,300,0.9748,84,8032.00,3.542724
7985,1000,0.50,500,3,300,0.9905,85,7938.00,0.883236
7986,1000,0.50,500,3,300,0.9978,86,7917.00,2.837370
7987,1000,0.50,500,3,300,0.9947,87,8036.00,1.016173
7988,1000,0.50,500,3,300,0.9986,88,8014.00,3.265388
7989,1000,0.50,500,3,300,0.9691,89,7815.00,0.935734
7990,1000,0.50,500,3,300,1.0074,90,7986.00,1.054779
7991,1000,0.50,500,3,300,1.0587,91,8118.00,2.314396
7992,1000,0.50,500,3,300,0.9607,92,7858.00,0.214243
7993,1000,0.50,500,3,300,0.9802,93,7859.00,0.582582
7994,1000,0.50,500,3,300,0.9766,94,7927.00,0.270045
7995,1000,0.50,500,3,300,1.0181,95,8028.00,2.552433
7996,1000,0.50,500,3,300,0.9749,96,8064.00,0.375976
7997,1000,0.50,500,3,300,1.0297,97,7896.00,6.727095
7998,1000,0.50,500,3,300,0.9712,98,8165.00,2.043978
7999,1000,0.50,500,3,300,1.0365,99,7822.00,0.638097
8000,1000,0.50,500,3,310,0.9898,0,8091.00,3.172763
8001,1000,0.50,500,3,310,1.0316,1,8326.00,3.246109
8002,1000,0.50,500,3,310,1.0406,2,8282.00,1.561475
8003,1000,0.50,500,3,310,1.0170,3,8255.00,1.463730
8004,1000,0.50,500,3,310,0.9654,4,8081.00,0.692016
8005,1000,0.50,500,3,310,0.9841,5,8330.00,1.583087
8006,1000,0.50,500,3,310,0.9936,6,8112.00,1.035566
8007,1000,0.50,500,3,310,0.9861,7,8208.00,1.591035
8008,1000,0.50,500,3,310,1.0486,8,8377.00,1.634194
8009,1000,0.50,500,3,310,1.0397,9,8240.00,1.692560
8010,1000,0.50,500,3,310,1.0271,10,8147.00,0.997975
8011,1000,0.50,500,3,310,0.9665,11,8264.00,2.128169
8012,1000,0.50,500,3,310,0.9879,12,8178.00,0.517733
8013,1000,0.50,500,3,310,0.9529,13,8131.00,0.275483
8014,1000,0.50,500,3,310,1.0201,14,8333.00,1.821385
8015,1000,0.50,500,3,310,1.0137,15,8377.00,2.806588
8016,1000,0.50,500,3,310,1.0334,16,8128.00,0.657519
8017,1000,0.50,500,3,310,0.9241,17,8020.00,3.889440
8018,1000,0.50,500,3,310,1.0046,18,8212.00,1.742859
8019,1000,0.50,500,3,310,0.9474,19,8250.00,0.132739
8020,1000,0.50,500,3,310,1.0231,20,8227.00,1.652791
8021,1000,0.50,500,3,310,0.9790,21,8196.00,1.409715
8022,1000,0.50,500,3,310,1.0331,22,8434.00,1.753575
8023,1000,0.50,500,3,310,1.0000,23,8110.00,0.966508
8024,1000,0.50,500,3,310,1.0435,24,2775.00,0.348499
8025,1000,0.50,500,3,310,0.9897,25,7953.00,1.326728
8026,1000,0.50,500,3,310,0.9607,26,8219.00,1.318368
8027,1000,0.50,500,3,310,0.9998,27,8183.00,1.248912
8028,1000,0.50,500,3,310,0.9319,28,8290.00,0.296138
8029,1000,0.50,500,3,310,1.0221,29,8332.00,0.611064
8030,1000,0.50,500,3,310,1.0443,30,8298.00,0.198978
8031,1000,0.50,500,3,310,1.0309,31,8329.00,0.111974
8032,1000,0.50,500,3,310,0.9827,32,8099.00,0.782411
8033,1000,0.50,500,3,310,0.9982,33,8280.00,0.666055
8034,1000,0.50,500,3,310,0.9922,34,8237.00,0.680467
8035,1000,0.50,500,3,310,0.9501,35,8038.00,1.184349
8036,1000,0.50,500,3,310,1.0198,36,8374.00,0.668401
8037,1000,0.50,500,3,310,1.0228,37,8383.00,2.624409
8038,1000,0.50,500,3,310,1.0423,38,8316.00,0.247716
8039,1000,0.50,500,3,310,1.0070,39,8062.00,0.828612
8040,1000,0.50,500,3,310,0.9609,40,8282.00,0.928320
8041,1000,0.50,500,3,310,1.0055,41,8180.00,0.437870
8042,1000,0.50,500,3,310,0.9484,42,8286.00,3.981356
8043,1000,0.50,500,3,310,1.0074,43,8255.00,0.957179
8044,1000,0.50,500,3,310,0.9850,44,8255.00,1.215948
8045,1000,0.50,500,3,310,1.0054,45,8203.00,0.380189
8046,1000,0.50,500,3,310,1.0530,46,8358.00,0.715914
8047,1000,0.50,500,3,310,1.0452,47,4817.00,1.683137
8048,1000,0.50,500,3,310,1.0108,48,8321.00,0.545257
8049,1000,0.50,500,3,310,1.0160,49,8516.00,0.935082
8050,1000,0.50,500,3,310,1.0152,50,8766.00,1.989243
8051,1000,0.50,500,3,310,1.0062,51,8487.00,1.268487
8052,1000,0.50,500,3,310,0.9997,52,8498.00,2.480638
8053,1000,0.50,500,3,310,1.0084,53,8512.00,0.733626
8054,1000,0.50,500,3,310,1.0066,54,8368.00,1.017052
8055,1000,0.50,500,3,310,0.9912,55,8239.00,0.589733
8056,1000,0.50,500,3,310,0.9858,56,8133.00,0.885567
8057,1000,0.50,500,3,310,0.9777,57,8109.00,1.316538
8058,1000,0.50,500,3,310,1.0493,58,8463.00,0.078117
8059,1000,0.50,500,3,310,0.9807,59,8281.00,1.898921
8060,1000,0.50,500,3,310,0.9593,60,8087.00,2.389791
8061,1000,0.50,500,3,310,0.9913,61,8056.00,2.009930
8062,1000,0.50,500,3,310,0.9597,62,8378.00,1.468181
8063,1000,0.50,500,3,310,1.0575,63,4646.00,1.097022
8064,1000,0.50,500,3,310,0.9644,64,8144.00,1.011439
8065,1000,0.50,500,3,310,0.9554,65,8266.00,1.658513
8066,1000,0.50,500,3,310,1.0690,66,8228.00,0.772967
8067,1000,0.50,500,3,310,1.0169,67,8441.00,3.667439
8068,1000,0.50,500,3,310,1.0454,68,4501.00,2.187434
8069,1000,0.50,500,3,310,1.0586,69,4529.00,0.170499
8070,1000,0.50,500,3,310,0.9793,70,8006.00,1.205384
8071,1000,0.50,500,3,310,0.9544,71,8255.00,1.777496
8072,1000,0.50,500,3,310,0.9927,72,8014.00,1.506469
8073,1000,0.50,500,3,310,1.0321,73,8268.00,0.225130
8074,1000,0.50,500,3,310,0.9796,74,8239.00,5.834809
8075,1000,0.50,500,3,310,0.9709,75,7962.00,0.569422
8076,1000,0.50,500,3,310,1.0196,76,8202.00,0.127081
8077,1000,0.50,500,3,310,0.9422,77,8251.00,1.062493
8078,1000,0.50,500,3,310,0.9912,78,8438.00,3.265004
8079,1000,0.50,500,3,310,0.9846,79,8073.00,0.267667
8080,1000,0.50,500,3,310,1.0385,80,8198.00,1.675847
8081,1000,0.50,500,3,310,0.9787,81,8164.00,1.651646
8082,1000,0.50,500,3,310,0.9280,82,8243.00,1.195811
8083,1000,0.50,500,3,310,1.0302,83,69.00,1.638265
8084,1000,0.50,500,3,310,1.0247,84,8521.00,1.956457
8085,1000,0.50,500,3,310,0.9351,85,8123.00,0.693632
8086,1000,0.50,500,3,310,0.9942,86,8388.00,0.911768
8087,1000,0.50,500,3,310,1.0252,87,8433.00,1.443590
8088,1000,0.50,500,3,310,1.0310,88,8247.00,0.375867
8089,1000,0.50,500,3,310,0.9815,89,8133.00,2.077321
8090,1000,0.50,500,3,310,1.0120,90,8423.00,1.719895
8091,1000,0.50,500,3,310,1.0270,91,8215.00,0.632001
8092,1000,0.50,500,3,310,0.9957,92,8265.00,2.042551
8093,1000,0.50,500,3,310,1.0713,93,8149.00,0.949453
8094,1000,0.50,500,3,310,0.9730,94,8123.00,1.230479
8095,1000,0.50,500,3,310,0.9876,95,8233.00,0.181636
8096,1000,0.50,500,3,310,0.9939,96,8257.00,2.370962
8097,1000,0.50,500,3,310,0.9672,97,8239.00,1.257625
8098,1000,0.50,500,3,310,1.0312,98,8355.00,1.048012
8099,1000,0.50,500,3,310,0.9712,99,8341.00,2.014198
8100,1000,0.50,500,3,320,1.0399,0,8558.00,0.634843
8101,1000,0.50,500,3,320,1.0055,1,8474.00,0.522166
8102,1000,0.50,500,3,320,0.9708,2,8934.00,0.212496
8103,1000,0.50,500,3,320,0.9809,3,8546.00,2.090682
8104,1000,0.50,500,3,320,1.0183,4,8696.00,0.960499
8105,1000,0.50,500,3,320,0.9393,5,8515.00,0.781929
8106,1000,0.50,500,3,320,0.9949,6,8359.00,2.148269
8107,1000,0.50,500,3,320,0.9916,7,8434.00,0.766165
8108,1000,0.50,500,3,320,0.9761,8,8354.00,0.318168
8109,1000,0.50,500,3,320,1.0392,9,8658.00,0.388790
8110,1000,0.50,500,3,320,0.9331,10,8511.00,0.750470
8111,1000,0.50,500,3,320,0.9417,11,8629.00,0.499432
8112,1000,0.50,500,3,320,0.9951,12,8546.00,1.822199
8113,1000,0.50,500,3,320,0.9664,13,8417.00,2.394952
8114,1000,0.50,500,3,320,0.9737,14,8351.00,1.399829
8115,1000,0.50,500,3,320,1.0244,15,6417.00,0.818437
8116,1000,0.50,500,3,320,0.9658,16,8389.00,0.387209
8117,1000,0.50,500,3,320,0.9639,17,8453.00,0.068514
8118,1000,0.50,500,3,320,1.0250,18,8524.00,1.427393
8119,1000,0.50,500,3,320,1.0353,19,8742.00,2.238061
8120,1000,0.50,500,3,320,1.0028,20,8323.00,1.360694
8121,1000,0.50,500,3,320,1.0229,21,8474.00,1.945630
8122,1000,0.50,500,3,320,1.0014,22,8327.00,0.309672
8123,1000,0.50,500,3,320,1.0621,23,8398.00,0.330738
8124,1000,0.50,500,3,320,0.9900,24,8451.00,2.438623
8125,1000,0.50,500,3,320,0.9843,25,8504.00,2.232913
8126,1000,0.50,500,3,320,1.0127,26,8393.00,0.638519
8127,1000,0.50,500,3,320,0.9813,27,8649.00,1.686035
8128,1000,0.50,500,3,320,0.9902,28,8627.00,0.595399
8129,1000,0.50,500,3,320,0.9336,29,8394.00,1.455749
8130,1000,0.50,500,3,320,1.0087,30,8548.00,0.768982
8131,1000,0.50,500,3,320,1.0674,31,8355.00,0.234262
8132,1000,0.50,500,3,320,1.0192,32,8407.00,3.195133
8133,1000,0.50,500,3,320,0.9406,33,8468.00,3.358359
8134,1000,0.50,500,3,320,1.0421,34,8470.00,1.961639
8135,1000,0.50,500,3,320,0.9945,35,8709.00,1.624679
8136,1000,0.50,500,3,320,1.0135,36,8260.00,1.977369
8137,1000,0.50,500,3,320,0.9518,37,8662.00,0.593951
8138,1000,0.50,500,3,320,1.0148,38,8336.00,0.364331
8139,1000,0.50,500,3,320,1.0400,39,8505.00,0.991663
8140,1000,0.50,500,3,320,1.0041,40,8480.00,1.758521
8141,1000,0.50,500,3,320,1.0267,41,8571.00,0.879269
8142,1000,0.50,500,3,320,1.0041,42,8613.00,2.059627
8143,1000,0.50,500,3,320,0.9937,43,8466.00,0.672721
8144,1000,0.50,500,3,320,1.0080,44,8556.00,1.417618
8145,1000,0.50,500,3,320,1.0057,45,8493.00,1.480588
8146,1000,0.50,500,3,320,1.0615,46,8608.00,0.364838
8147,1000,0.50,500,3,320,1.0888,47,7442.00,2.166694
8148,1000,0.50,500,3,320,0.9737,48,8598.00,0.346806
8149,1000,0.50,500,3,320,1.0296,49,8483.00,0.529665
8150,1000,0.50,500,3,320,0.9799,50,8479.00,0.029022
8151,1000,0.50,500,3,320,0.9051,51,8539.00,1.244939
8152,1000,0.50,500,3,320,1.0704,52,8401.00,1.622174
8153,1000,0.50,500,3,320,1.0230,53,8528.00,0.766645
8154,1000,0.50,500,3,320,1.0033,54,8648.00,0.149512
8155,1000,0.50,500,3,320,1.0065,55,8722.00,1.060144
8156,1000,0.50,500,3,320,0.9969,56,8675.00,0.498157
8157,1000,0.50,500,3,320,1.0003,57,8819.00,1.872830
8158,1000,0.50,500,3,320,1.0304,58,8890.00,2.866459
8159,1000,0.50,500,3,320,1.0224,59,8924.00,0.092696
8160,1000,0.50,500,3,320,1.0431,60,8906.00,0.731519
8161,1000,0.50,500,3,320,0.9732,61,8759.00,0.065844
8162,1000,0.50,500,3,320,0.9588,62,8813.00,0.746844
8163,1000,0.50,500,3,320,0.9827,63,8767.00,0.261363
8164,1000,0.50,500,3,320,1.0122,64,8820.00,2.177177
8165,1000,0.50,500,3,320,0.9901,65,8832.00,1.652836
8166,1000,0.50,500,3,320,0.9596,66,8804.00,0.929438
8167,1000,0.50,500,3,320,0.9895,67,8760.00,0.715179
8168,1000,0.50,500,3,320,1.0022,68,8916.00,0.673410
8169,1000,0.50,500,3,320,0.9725,69,8951.00,0.574507
8170,1000,0.50,500,3,320,0.9248,70,8824.00,1.593375
8171,1000,0.50,500,3,320,1.0062,71,8868.00,0.841658
8172,1000,0.50,500,3,320,0.9785,72,9068.00,0.961219
8173,1000,0.50,500,3,320,1.0070,73,8723.00,1.272875
8174,1000,0.50,500,3,320,1.0208,74,8943.00,1.824620
8175,1000,0.50,500,3,320,1.0484,75,9028.00,0.745093
8176,1000,0.50,500,3,320,1.0438,76,9020.00,1.842757
8177,1000,0.50,500,3,320,1.0330,77,9050.00,0.687886
8178,1000,0.50,500,3,320,1.0555,78,8861.00,0.998079
8179,1000,0.50,500,3,320,0.9707,79,8704.00,0.219842
8180,1000,0.50,500,3,320,1.0021,80,8964.00,0.411236
8181,1000,0.50,500,3,320,1.0077,81,8933.00,0.403736
8182,1000,0.50,500,3,320,1.0086,82,2243.00,0.917807
8183,1000,0.50,500,3,320,0.9586,83,8825.00,0.554528
8184,1000,0.50,500,3,320,0.9561,84,8972.00,1.526285
8185,1000,0.50,500,3,320,0.9608,85,8841.00,0.799761
8186,1000,0.50,500,3,320,1.0093,86,8840.00,1.553676
8187,1000,0.50,500,3,320,1.0296,87,8568.00,0.420442
8188,1000,0.50,500,3,320,0.9755,88,8400.00,0.233348
8189,1000,0.50,500,3,320,0.9558,89,8585.00,1.363925
8190,1000,0.50,500,3,320,0.9838,90,8405.00,1.887542
8191,1000,0.50,500,3,320,1.0009,91,8649.00,2.129046
8192,1000,0.50,500,3,320,0.9344,92,8579.00,1.333181
8193,1000,0.50,500,3,320,0.9709,93,8364.00,0.606512
8194,1000,0.50,500,3,320,0.9615,94,8499.00,0.596562
8195,1000,0.50,500,3,320,1.0096,95,8521.00,1.312814
8196,1000,0.50,500,3,320,0.9822,96,8734.00,2.450889
8197,1000,0.50,500,3,320,1.0174,97,7139.00,0.211851
8198,1000,0.50,500,3,320,1.0124,98,8323.00,1.280428
8199,1000,0.50,500,3,320,1.0042,99,8441.00,1.986048
8200,1000,0.50,500,3,330,1.0436,0,8740.00,0.432966
8201,1000,0.50,500,3,330,0.9852,1,8644.00,1.213530
8202,1000,0.50,500,3,330,0.9521,2,8768.00,0.450685
8203,1000,0.50,500,3,330,0.9410,3,8679.00,1.324141
8204,1000,0.50,500,3,330,0.9825,4,8520.00,1.051519
8205,1000,0.50,500,3,330,0.9874,5,8970.00,1.319305
8206,1000,0.50,500,3,330,0.9890,6,8746.00,1.994650
8207,1000,0.50,500,3,330,0.9944,7,8963.00,1.275896
8208,1000,0.50,500,3,330,0.9951,8,8755.00,0.952999
8209,1000,0.50,500,3,330,1.0313,9,8788.00,1.077950
8210,1000,0.50,500,3,330,0.9873,10,8781.00,0.462400
8211,1000,0.50,500,3,330,1.0234,11,8927.00,0.591030
8212,1000,0.50,500,3,330,0.9734,12,8577.00,0.412750
8213,1000,0.50,500,3,330,0.9692,13,8869.00,1.605011
8214,1000,0.50,500,3,330,1.0012,14,8750.00,0.336387
8215,1000,0.50,500,3,330,0.9593,15,8724.00,0.459316
8216,1000,0.50,500,3,330,1.0136,16,8871.00,1.531527
8217,1000,0.50,500,3,330,0.9923,17,8706.00,1.535526
8218,1000,0.50,500,3,330,0.9733,18,8807.00,0.970172
8219,1000,0.50,500,3,330,0.9934,19,8615.00,0.574077
8220,1000,0.50,500,3,330,0.9945,20,8712.00,0.554236
8221,1000,0.50,500,3,330,1.0145,21,8876.00,0.762838
8222,1000,0.50,500,3,330,1.0310,22,8648.00,0.736704
8223,1000,0.50,500,3,330,0.9859,23,8693.00,0.263047
8224,1000,0.50,500,3,330,0.9877,24,2715.00,0.230558
8225,1000,0.50,500,3,330,0.9867,25,8756.00,0.588871
8226,1000,0.50,500,3,330,0.9750,26,8761.00,1.432641
8227,1000,0.50,500,3,330,0.9842,27,8710.00,0.504597
8228,1000,0.50,500,3,330,0.9977,28,9036.00,0.296480
8229,1000,0.50,500,3,330,0.9301,29,8708.00,0.246461
8230,1000,0.50,500,3,330,0.9865,30,8730.00,3.104488
8231,1000,0.50,500,3,330,1.0418,31,8863.00,0.609553
8232,1000,0.50,500,3,330,0.9860,32,8595.00,1.227802
8233,1000,0.50,500,3,330,0.9865,33,8898.00,0.131973
8234,1000,0.50,500,3,330,0.9996,34,8998.00,0.242437
8235,1000,0.50,500,3,330,1.0097,35,3729.00,1.071234
8236,1000,0.50,500,3,330,0.9564,36,8738.00,0.116609
8237,1000,0.50,500,3,330,0.9995,37,8605.00,0.505353
8238,1000,0.50,500,3,330,0.9840,38,8957.00,0.746818
8239,1000,0.50,500,3,330,1.0144,39,8605.00,0.164115
8240,1000,0.50,500,3,330,0.9331,40,8594.00,0.456679
8241,1000,0.50,500,3,330,0.9853,41,8498.00,0.258206
8242,1000,0.50,500,3,330,1.0103,42,8770.00,1.780725
8243,1000,0.50,500,3,330,1.0028,43,8793.00,0.472452
8244,1000,0.50,500,3,330,0.9428,44,8622.00,1.051263
8245,1000,0.50,500,3,330,0.9813,45,8747.00,1.613518
8246,1000,0.50,500,3,330,1.0473,46,8705.00,0.715185
8247,1000,0.50,500,3,330,0.9564,47,8720.00,0.629810
8248,1000,0.50,500,3,330,1.0256,48,8783.00,1.949405
8249,1000,0.50,500,3,330,1.0186,49,8803.00,0.806347
8250,1000,0.50,500,3,330,1.0083,50,8849.00,1.467804
8251,1000,0.50,500,3,330,0.9767,51,8580.00,0.730215
8252,1000,0.50,500,3,330,1.0415,52,8585.00,0.518441
8253,1000,0.50,500,3,330,1.0906,53,8689.00,3.425144
8254,1000,0.50,500,3,330,0.9583,54,8707.00,0.556158
8255,1000,0.50,500,3,330,0.9511,55,8820.00,0.472318
8256,1000,0.50,500,3,330,0.9622,56,8742.00,1.434965
8257,1000,0.50,500,3,330,0.9286,57,8756.00,1.233881
8258,1000,0.50,500,3,330,1.0012,58,8764.00,1.701034
8259,1000,0.50,500,3,330,0.9930,59,8727.00,1.087671
8260,1000,0.50,500,3,330,0.9977,60,8859.00,1.175441
8261,1000,0.50,500,3,330,0.9883,61,8817.00,1.500983
8262,1000,0.50,500,3,330,0.9679,62,8916.00,2.015006
8263,1000,0.50,500,3,330,1.0219,63,8690.00,0.393805
8264,1000,0.50,500,3,330,1.0110,64,8661.00,0.246967
8265,1000,0.50,500,3,330,0.9512,65,8619.00,0.619055
8266,1000,0.50,500,3,330,1.0062,66,8638.00,0.202741
8267,1000,0.50,500,3,330,0.9397,67,8845.00,0.330318
8268,1000,0.50,500,3,330,1.0113,68,8730.00,2.382045
8269,1000,0.50,500,3,330,1.0079,69,8832.00,0.264018
8270,1000,0.50,500,3,330,1.0713,70,8627.00,1.398627
8271,1000,0.50,500,3,330,1.0005,71,8854.00,2.433645
8272,1000,0.50,500,3,330,1.0065,72,8986.00,2.004494
8273,1000,0.50,500,3,330,1.0215,73,8777.00,0.143313
8274,1000,0.50,500,3,330,1.0433,74,8800.00,0.326733
8275,1000,0.50,500,3,330,1.0132,75,8797.00,0.337434
8276,1000,0.50,500,3,330,1.0151,76,8355.00,0.894435
8277,1000,0.50,500,3,330,0.9594,77,8727.00,1.197844
8278,1000,0.50,500,3,330,0.9668,78,8725.00,1.213224
8279,1000,0.50,500,3,330,0.9325,79,8653.00,0.841066
8280,1000,0.50,500,3,330,1.0287,80,8931.00,2.208209
8281,1000,0.50,500,3,330,0.9901,81,8659.00,0.284110
8282,1000,0.50,500,3,330,1.0419,82,8787.00,2.713740
8283,1000,0.50,500,3,330,0.9994,83,7882.00,1.268524
8284,1000,0.50,500,3,330,1.0006,84,8953.00,1.904979
8285,1000,0.50,500,3,330,1.0300,85,8716.00,0.321991
8286,1000,0.50,500,3,330,1.0220,86,8854.00,2.591532
8287,1000,0.50,500,3,330,0.9695,87,8670.00,0.777890
8288,1000,0.50,500,3,330,0.9833,88,9016.00,1.267082
8289,1000,0.50,500,3,330,1.0466,89,9184.00,0.936860
8290,1000,0.50,500,3,330,1.0645,90,9273.00,1.093574
8291,1000,0.50,500,3,330,0.9246,91,8733.00,1.813378
8292,1000,0.50,500,3,330,0.9625,92,8804.00,0.478663
8293,1000,0.50,500,3,330,0.9805,93,8829.00,3.386664
8294,1000,0.50,500,3,330,1.0137,94,8771.00,1.901277
8295,1000,0.50,500,3,330,0.9360,95,8672.00,0.664685
8296,1000,0.50,500,3,330,1.0070,96,8814.00,1.417149
8297,1000,0.50,500,3,330,0.9939,97,8824.00,0.825332
8298,1000,0.50,500,3,330,0.9796,98,8726.00,1.879054
8299,1000,0.50,500,3,330,0.9793,99,8782.00,1.117851
8300,1000,0.50,500,3,340,1.0411,0,8927.00,1.081859
8301,1000,0.50,500,3,340,1.0016,1,9038.00,0.532705
8302,1000,0.50,500,3,340,1.0242,2,8894.00,0.227743
8303,1000,0.50,500,3,340,0.9588,3,8728.00,0.066190
8304,1000,0.50,500,3,340,1.0183,4,8868.00,1.146218
8305,1000,0.50,500,3,340,1.0600,5,1328.00,0.367716
8306,1000,0.50,500,3,340,1.0148,6,9103.00,1.399367
8307,1000,0.50,500,3,340,1.0167,7,9183.00,0.913214
8308,1000,0.50,500,3,340,0.9924,8,8961.00,0.713697
8309,1000,0.50,500,3,340,1.0230,9,9275.00,0.478616
8310,1000,0.50,500,3,340,0.9833,10,9041.00,0.857792
8311,1000,0.50,500,3,340,0.9845,11,8911.00,1.108384
8312,1000,0.50,500,3,340,1.0693,12,8955.00,0.473299
8313,1000,0.50,500,3,340,0.9786,13,9005.00,1.296677
8314,1000,0.50,500,3,340,1.0078,14,9060.00,0.771195
8315,1000,0.50,500,3,340,0.9989,15,9247.00,0.134657
8316,1000,0.50,500,3,340,0.9920,16,9135.00,0.213289
8317,1000,0.50,500,3,340,1.0401,17,9174.00,1.777032
8318,1000,0.50,500,3,340,0.9841,18,8962.00,3.306929
8319,1000,0.50,500,3,340,1.0281,19,9161.00,1.543308
8320,1000,0.50,500,3,340,1.0393,20,9146.00,2.919832
8321,1000,0.50,500,3,340,0.9996,21,8985.00,0.396400
8322,1000,0.50,500,3,340,1.0709,22,9109.00,0.729885
8323,1000,0.50,500,3,340,0.9983,23,8943.00,0.169253
8324,1000,0.50,500,3,340,1.0235,24,9259.00,0.128476
8325,1000,0.50,500,3,340,1.0012,25,9472.00,1.475620
8326,1000,0.50,500,3,340,1.0104,26,9102.00,4.107245
8327,1000,0.50,500,3,340,0.9211,27,8875.00,0.580494
8328,1000,0.50,500,3,340,0.9611,28,8780.00,2.519390
8329,1000,0.50,500,3,340,0.9874,29,9334.00,3.579795
8330,1000,0.50,500,3,340,1.0406,30,9031.00,3.822355
8331,1000,0.50,500,3,340,1.0242,31,8731.00,2.279057
8332,1000,0.50,500,3,340,0.9873,32,9123.00,2.489349
8333,1000,0.50,500,3,340,0.9782,33,9153.00,0.371296
8334,1000,0.50,500,3,340,0.9942,34,9115.00,1.141313
8335,1000,0.50,500,3,340,1.0654,35,9243.00,2.428243
8336,1000,0.50,500,3,340,0.9879,36,9101.00,0.998012
8337,1000,0.50,500,3,340,1.0278,37,9378.00,0.647575
8338,1000,0.50,500,3,340,0.9978,38,8910.00,2.141532
8339,1000,0.50,500,3,340,1.0777,39,9118.00,0.250126
8340,1000,0.50,500,3,340,1.0186,40,9226.00,4.106373
8341,1000,0.50,500,3,340,1.0098,41,171.00,1.703116
8342,1000,0.50,500,3,340,0.9902,42,9180.00,0.733653
8343,1000,0.50,500,3,340,0.9504,43,8807.00,0.481592
8344,1000,0.50,500,3,340,0.9852,44,9195.00,0.692365
8345,1000,0.50,500,3,340,0.9993,45,8956.00,0.946972
8346,1000,0.50,500,3,340,1.0286,46,9111.00,1.256047
8347,1000,0.50,500,3,340,1.0114,47,8885.00,0.941538
8348,1000,0.50,500,3,340,1.0371,48,8898.00,2.851801
8349,1000,0.50,500,3,340,0.9264,49,8971.00,2.000594
8350,1000,0.50,500,3,340,1.0170,50,8988.00,2.950350
8351,1000,0.50,500,3,340,0.9997,51,9180.00,0.729823
8352,1000,0.50,500,3,340,1.0226,52,8817.00,1.430367
8353,1000,0.50,500,3,340,0.9818,53,9037.00,2.395801
8354,1000,0.50,500,3,340,1.0082,54,9017.00,1.455419
8355,1000,0.50,500,3,340,1.0547,55,9022.00,1.035649
8356,1000,0.50,500,3,340,0.9911,56,8653.00,0.705311
8357,1000,0.50,500,3,340,1.0096,57,8812.00,0.723774
8358,1000,0.50,500,3,340,0.9099,58,9011.00,0.460701
8359,1000,0.50,500,3,340,1.0218,59,9125.00,0.705789
8360,1000,0.50,500,3,340,0.9705,60,8865.00,1.041818
8361,1000,0.50,500,3,340,1.0189,61,9123.00,1.347740
8362,1000,0.50,500,3,340,1.0466,62,9147.00,1.283165
8363,1000,0.50,500,3,340,0.9701,63,8971.00,1.347127
8364,1000,0.50,500,3,340,1.0132,64,8722.00,0.503025
8365,1000,0.50,500,3,340,0.9916,65,9036.00,0.550868
8366,1000,0.50,500,3,340,1.0157,66,8991.00,1.440886
8367,1000,0.50,500,3,340,1.0135,67,9412.00,0.305302
8368,1000,0.50,500,3,340,0.9905,68,8932.00,0.215565
8369,1000,0.50,500,3,340,0.9437,69,9082.00,0.673137
8370,1000,0.50,500,3,340,1.0236,70,9290.00,1.015268
8371,1000,0.50,500,3,340,1.0364,71,9116.00,1.149015
8372,1000,0.50,500,3,340,0.9908,72,9031.00,0.221045
8373,1000,0.50,500,3,340,1.0432,73,8913.00,1.135277
8374,1000,0.50,500,3,340,1.0185,74,9263.00,2.375518
8375,1000,0.50,500,3,340,0.9922,75,9287.00,0.984558
8376,1000,0.50,500,3,340,0.9309,76,9115.00,0.936931
8377,1000,0.50,500,3,340,1.0040,77,638.00,0.182248
8378,1000,0.50,500,3,340,0.9844,78,8861.00,1.431501
8379,1000,0.50,500,3,340,1.0283,79,9115.00,2.198895
8380,1000,0.50,500,3,340,1.0197,80,9229.00,1.588029
8381,1000,0.50,500,3,340,0.9781,81,9343.00,0.459553
8382,1000,0.50,500,3,340,1.0230,82,9340.00,0.583449
8383,1000,0.50,500,3,340,0.9803,83,9532.00,0.914986
8384,1000,0.50,500,3,340,1.1030,84,9503.00,0.855737
8385,1000,0.50,500,3,340,0.9925,85,9385.00,1.188878
8386,1000,0.50,500,3,340,1.0147,86,9498.00,1.260268
8387,1000,0.50,500,3,340,0.9870,87,8900.00,0.637199
8388,1000,0.50,500,3,340,1.0134,88,9058.00,0.786030
8389,1000,0.50,500,3,340,0.9765,89,8811.00,0.975466
8390,1000,0.50,500,3,340,1.0286,90,9219.00,1.968436
8391,1000,0.50,500,3,340,1.0538,91,9013.00,0.889893
8392,1000,0.50,500,3,340,0.9593,92,9049.00,0.402437
8393,1000,0.50,500,3,340,1.0365,93,9042.00,0.247709
8394,1000,0.50,500,3,340,0.9995,94,9101.00,0.736120
8395,1000,0.50,500,3,340,0.9264,95,8966.00,0.971295
8396,1000,0.50,500,3,340,0.9615,96,9148.00,1.830910
8397,1000,0.50,500,3,340,0.9893,97,9049.00,1.462363
8398,1000,0.50,500,3,340,1.0100,98,9070.00,2.514012
8399,1000,0.50,500,3,340,1.0350,99,8972.00,1.794882
8400,1000,0.50,500,3,350,0.9914,0,1173.00,1.025144
8401,1000,0.50,500,3,350,1.0095,1,9383.00,0.646675
8402,1000,0.50,500,3,350,0.9571,2,9158.00,0.070564
8403,1000,0.50,500,3,350,1.0483,3,9242.00,1.617967
8404,1000,0.50,500,3,350,1.0120,4,9382.00,0.343080
8405,1000,0.50,500,3,350,1.0542,5,9440.00,0.720899
8406,1000,0.50,500,3,350,1.0402,6,9257.00,0.278757
8407,1000,0.50,500,3,350,0.9797,7,9303.00,0.412228
8408,1000,0.50,500,3,350,1.1137,8,4114.00,1.738995
8409,1000,0.50,500,3,350,1.0442,9,5311.00,1.088854
8410,1000,0.50,500,3,350,1.0242,10,9281.00,1.586904
8411,1000,0.50,500,3,350,0.9212,11,9148.00,2.770540
8412,1000,0.50,500,3,350,0.9884,12,9142.00,0.699847
8413,1000,0.50,500,3,350,0.9928,13,9372.00,0.760631
8414,1000,0.50,500,3,350,1.0189,14,9324.00,0.246887
8415,1000,0.50,500,3,350,1.0308,15,9262.00,1.136175
8416,1000,0.50,500,3,350,0.9826,16,9141.00,2.443566
8417,1000,0.50,500,3,350,0.9831,17,9237.00,1.641869
8418,1000,0.50,500,3,350,0.9536,18,9202.00,0.628250
8419,1000,0.50,500,3,350,1.0170,19,9052.00,1.213227
8420,1000,0.50,500,3,350,0.9719,20,9142.00,1.142399
8421,1000,0.50,500,3,350,1.0010,21,9224.00,0.265920
8422,1000,0.50,500,3,350,0.9518,22,9397.00,0.760978
8423,1000,0.50,500,3,350,1.0133,23,9108.00,0.528928
8424,1000,0.50,500,3,350,1.0515,24,789.00,1.237525
8425,1000,0.50,500,3,350,0.9559,25,9272.00,0.334892
8426,1000,0.50,500,3,350,0.9894,26,8846.00,2.294081
8427,1000,0.50,500,3,350,1.0069,27,9188.00,0.992344
8428,1000,0.50,500,3,350,0.9701,28,9666.00,2.126317
8429,1000,0.50,500,3,350,1.0337,29,6192.00,0.504152
8430,1000,0.50,500,3,350,1.0068,30,9215.00,0.155921
8431,1000,0.50,500,3,350,0.9812,31,9302.00,0.674537
8432,1000,0.50,500,3,350,1.0333,32,9159.00,1.285862
8433,1000,0.50,500,3,350,0.9696,33,9060.00,1.120156
8434,1000,0.50,500,3,350,0.9789,34,9282.00,0.945991
8435,1000,0.50,500,3,350,1.0054,35,9464.00,2.673314
8436,1000,0.50,500,3,350,0.9958,36,4627.00,1.745244
8437,1000,0.50,500,3,350,1.0229,37,9263.00,0.509356
8438,1000,0.50,500,3,350,0.9803,38,9203.00,0.649260
8439,1000,0.50,500,3,350,0.9892,39,9100.00,1.125299
8440,1000,0.50,500,3,350,1.0034,40,9652.00,0.494603
8441,1000,0.50,500,3,350,0.9888,41,9152.00,1.383511
8442,1000,0.50,500,3,350,0.9979,42,1216.00,0.159041
8443,1000,0.50,500,3,350,1.0051,43,9091.00,0.421151
8444,1000,0.50,500,3,350,0.9453,44,9391.00,2.815290
8445,1000,0.50,500,3,350,1.0044,45,9451.00,1.006381
8446,1000,0.50,500,3,350,0.9783,46,9047.00,1.036895
8447,1000,0.50,500,3,350,0.9748,47,9294.00,2.141077
8448,1000,0.50,500,3,350,1.0406,48,9483.00,0.688917
8449,1000,0.50,500,3,350,1.0309,49,9396.00,0.333080
8450,1000,0.50,500,3,350,0.9780,50,9328.00,0.393679
8451,1000,0.50,500,3,350,0.9502,51,9137.00,0.826807
8452,1000,0.50,500,3,350,1.0328,52,9198.00,0.164255
8453,1000,0.50,500,3,350,0.9669,53,9178.00,1.265011
8454,1000,0.50,500,3,350,0.9836,54,9494.00,0.386427
8455,1000,0.50,500,3,350,1.0021,55,9230.00,2.374841
8456,1000,0.50,500,3,350,0.9969,56,9468.00,3.370252
8457,1000,0.50,500,3,350,0.9867,57,9185.00,1.434428
8458,1000,0.50,500,3,350,1.0564,58,286.00,2.842729
8459,1000,0.50,500,3,350,1.0041,59,9154.00,0.400467
8460,1000,0.50,500,3,350,0.9958,60,9241.00,0.165167
8461,1000,0.50,500,3,350,0.9422,61,9450.00,0.547240
8462,1000,0.50,500,3,350,1.0441,62,9410.00,1.195380
8463,1000,0.50,500,3,350,0.9704,63,9575.00,1.408428
8464,1000,0.50,500,3,350,1.0296,64,9326.00,2.008106
8465,1000,0.50,500,3,350,0.9723,65,9304.00,1.033329
8466,1000,0.50,500,3,350,0.9594,66,9326.00,2.909424
8467,1000,0.50,500,3,350,0.9662,67,9406.00,0.240852
8468,1000,0.50,500,3,350,1.0370,68,9173.00,1.133351
8469,1000,0.50,500,3,350,0.9602,69,9141.00,0.820995
8470,1000,0.50,500,3,350,0.9381,70,9372.00,2.057187
8471,1000,0.50,500,3,350,0.9642,71,9136.00,1.284316
8472,1000,0.50,500,3,350,1.0060,72,9068.00,1.103997
8473,1000,0.50,500,3,350,1.0382,73,9372.00,0.349037
8474,1000,0.50,500,3,350,0.9959,74,9365.00,2.295737
8475,1000,0.50,500,3,350,0.9347,75,9335.00,3.058793
8476,1000,0.50,500,3,350,0.9778,76,9303.00,1.489219
8477,1000,0.50,500,3,350,1.0008,77,9050.00,0.396621
8478,1000,0.50,500,3,350,1.0201,78,9160.00,1.378097
8479,1000,0.50,500,3,350,0.9683,79,9297.00,1.248550
8480,1000,0.50,500,3,350,1.0055,80,9454.00,0.204158
8481,1000,0.50,500,3,350,1.0203,81,9364.00,2.144820
8482,1000,0.50,500,3,350,1.0700,82,9406.00,1.155277
8483,1000,0.50,500,3,350,1.0651,83,9244.00,0.787684
8484,1000,0.50,500,3,350,0.9685,84,9483.00,1.051244
8485,1000,0.50,500,3,350,0.9792,85,9342.00,2.862201
8486,1000,0.50,500,3,350,0.9590,86,9205.00,0.302693
8487,1000,0.50,500,3,350,0.9797,87,9258.00,1.819048
8488,1000,0.50,500,3,350,0.9265,88,9176.00,0.346245
8489,1000,0.50,500,3,350,0.9807,89,9304.00,2.146413
8490,1000,0.50,500,3,350,1.0444,90,9349.00,1.448120
8491,1000,0.50,500,3,350,0.9679,91,9111.00,0.943806
8492,1000,0.50,500,3,350,1.0158,92,9286.00,0.676488
8493,1000,0.50,500,3,350,1.0800,93,9156.00,1.961687
8494,1000,0.50,500,3,350,0.9333,94,9202.00,1.331906
8495,1000,0.50,500,3,350,0.9737,95,9395.00,0.776011
8496,1000,0.50,500,3,350,1.0009,96,9317.00,1.316507
8497,1000,0.50,500,3,350,0.9969,97,9139.00,0.640172
8498,1000,0.50,500,3,350,1.0052,98,9309.00,1.194283
8499,1000,0.50,500,3,350,0.9850,99,9218.00,0.419312
8500,1000,0.50,500,3,360,1.0333,0,5977.00,0.862870
8501,1000,0.50,500,3,360,0.9505,1,9364.00,1.016653
8502,1000,0.50,500,3,360,1.0359,2,8716.00,3.996654
8503,1000,0.50,500,3,360,0.9882,3,9522.00,0.433214
8504,1000,0.50,500,3,360,0.9406,4,9511.00,0.778926
8505,1000,0.50,500,3,360,0.9971,5,9414.00,1.962248
8506,1000,0.50,500,3,360,0.9502,6,9502.00,1.076551
8507,1000,0.50,500,3,360,0.9883,7,9626.00,0.749362
8508,1000,0.50,500,3,360,0.9696,8,9698.00,0.665402
8509,1000,0.50,500,3,360,0.9443,9,9316.00,0.685955
8510,1000,0.50,500,3,360,1.0369,10,9562.00,0.484629
8511,1000,0.50,500,3,360,0.9867,11,9218.00,1.990497
8512,1000,0.50,500,3,360,0.9708,12,9649.00,1.303091
8513,1000,0.50,500,3,360,0.9972,13,9705.00,0.657224
8514,1000,0.50,500,3,360,1.0830,14,9922.00,1.121752
8515,1000,0.50,500,3,360,1.0565,15,266.00,0.403830
8516,1000,0.50,500,3,360,0.9996,16,9674.00,0.140099
8517,1000,0.50,500,3,360,0.9443,17,9397.00,3.289701
8518,1000,0.50,500,3,360,0.9626,18,9575.00,1.039238
8519,1000,0.50,500,3,360,1.0552,19,9777.00,0.890412
8520,1000,0.50,500,3,360,0.9717,20,9512.00,1.215517
8521,1000,0.50,500,3,360,0.9862,21,3159.00,1.592272
8522,1000,0.50,500,3,360,1.0241,22,9501.00,0.250078
8523,1000,0.50,500,3,360,1.0092,23,9552.00,1.536593
8524,1000,0.50,500,3,360,0.9910,24,9540.00,1.870940
8525,1000,0.50,500,3,360,0.9889,25,9617.00,0.571849
8526,1000,0.50,500,3,360,0.9529,26,9219.00,1.474785
8527,1000,0.50,500,3,360,0.9343,27,9237.00,0.922122
8528,1000,0.50,500,3,360,0.9696,28,9425.00,0.192143
8529,1000,0.50,500,3,360,1.0896,29,7021.00,0.300828
8530,1000,0.50,500,3,360,1.0430,30,9625.00,0.755411
8531,1000,0.50,500,3,360,0.9405,31,9552.00,0.315346
8532,1000,0.50,500,3,360,1.0478,32,9640.00,1.569144
8533,1000,0.50,500,3,360,0.9803,33,9580.00,2.960567
8534,1000,0.50,500,3,360,0.9976,34,6355.00,1.322736
8535,1000,0.50,500,3,360,0.9644,35,9520.00,2.005057
8536,1000,0.50,500,3,360,1.0330,36,9736.00,1.077176
8537,1000,0.50,500,3,360,1.0285,37,9436.00,1.420776
8538,1000,0.50,500,3,360,1.0849,38,9902.00,1.322361
8539,1000,0.50,500,3,360,1.0292,39,9453.00,0.733686
8540,1000,0.50,500,3,360,0.9776,40,9662.00,2.536843
8541,1000,0.50,500,3,360,0.9605,41,9511.00,0.239082
8542,1000,0.50,500,3,360,1.0504,42,9564.00,0.316919
8543,1000,0.50,500,3,360,0.9980,43,9550.00,1.149778
8544,1000,0.50,500,3,360,0.9757,44,9704.00,1.134016
8545,1000,0.50,500,3,360,1.0059,45,9406.00,2.257393
8546,1000,0.50,500,3,360,0.9677,46,9660.00,1.144490
8547,1000,0.50,500,3,360,1.0346,47,3901.00,0.443989
8548,1000,0.50,500,3,360,1.0522,48,9634.00,0.477472
8549,1000,0.50,500,3,360,1.0115,49,9673.00,1.601769
8550,1000,0.50,500,3,360,1.0113,50,9325.00,1.570372
8551,1000,0.50,500,3,360,1.0092,51,9490.00,1.327071
8552,1000,0.50,500,3,360,0.9982,52,9304.00,0.414542
8553,1000,0.50,500,3,360,1.0252,53,9649.00,1.185384
8554,1000,0.50,500,3,360,0.9774,54,9585.00,2.231540
8555,1000,0.50,500,3,360,1.0276,55,9571.00,0.580429
8556,1000,0.50,500,3,360,0.9616,56,9511.00,0.497425
8557,1000,0.50,500,3,360,0.9858,57,9377.00,2.524341
8558,1000,0.50,500,3,360,1.0663,58,9767.00,1.907739
8559,1000,0.50,500,3,360,1.0936,59,9363.00,1.902665
8560,1000,0.50,500,3,360,0.9260,60,9282.00,0.338151
8561,1000,0.50,500,3,360,1.0033,61,9568.00,1.018767
8562,1000,0.50,500,3,360,0.9595,62,9724.00,0.394300
8563,1000,0.50,500,3,360,1.0157,63,9625.00,2.176353
8564,1000,0.50,500,3,360,1.0419,64,2992.00,1.111505
8565,1000,0.50,500,3,360,1.0832,65,9796.00,3.285714
8566,1000,0.50,500,3,360,0.9605,66,9332.00,0.394008
8567,1000,0.50,500,3,360,0.9974,67,9644.00,0.441078
8568,1000,0.50,500,3,360,1.0425,68,9610.00,0.791763
8569,1000,0.50,500,3,360,1.0249,69,243.00,0.333109
8570,1000,0.50,500,3,360,0.9704,70,9553.00,1.038988
8571,1000,0.50,500,3,360,1.0076,71,9508.00,0.921127
8572,1000,0.50,500,3,360,1.0383,72,9526.00,2.254980
8573,1000,0.50,500,3,360,1.0080,73,6605.00,2.843235
8574,1000,0.50,500,3,360,1.0203,74,9570.00,0.902540
8575,1000,0.50,500,3,360,0.9515,75,9531.00,0.482409
8576,1000,0.50,500,3,360,0.9857,76,9573.00,0.346452
8577,1000,0.50,500,3,360,0.9605,77,9641.00,0.501882
8578,1000,0.50,500,3,360,1.0150,78,9692.00,0.381530
8579,1000,0.50,500,3,360,1.0559,79,8835.00,0.655666
8580,1000,0.50,500,3,360,1.0355,80,9429.00,1.486314
8581,1000,0.50,500,3,360,0.9880,81,9740.00,2.427835
8582,1000,0.50,500,3,360,1.0157,82,1421.00,0.844693
8583,1000,0.50,500,3,360,0.9981,83,9571.00,1.640958
8584,1000,0.50,500,3,360,1.0190,84,9756.00,2.342140
8585,1000,0.50,500,3,360,0.9949,85,9639.00,0.319013
8586,1000,0.50,500,3,360,0.9764,86,9643.00,1.338638
8587,1000,0.50,500,3,360,0.9799,87,9670.00,0.463171
8588,1000,0.50,500,3,360,0.9916,88,9309.00,0.351595
8589,1000,0.50,500,3,360,1.0429,89,9709.00,1.615883
8590,1000,0.50,500,3,360,1.0005,90,9554.00,0.484117
8591,1000,0.50,500,3,360,1.0109,91,9478.00,1.565497
8592,1000,0.50,500,3,360,0.9418,92,9595.00,1.599868
8593,1000,0.50,500,3,360,1.0393,93,9889.00,1.274576
8594,1000,0.50,500,3,360,0.9708,94,9641.00,0.154754
8595,1000,0.50,500,3,360,1.0078,95,9556.00,2.135109
8596,1000,0.50,500,3,360,0.9867,96,9405.00,0.562612
8597,1000,0.50,500,3,360,1.0463,97,5359.00,0.236989
8598,1000,0.50,500,3,360,0.9903,98,9725.00,0.610904
8599,1000,0.50,500,3,360,0.9385,99,9393.00,0.098333
8600,1000,0.50,500,3,370,0.9748,0,9701.00,1.006993
8601,1000,0.50,500,3,370,0.9573,1,9863.00,0.915745
8602,1000,0.50,500,3,370,0.9716,2,9825.00,0.054363
8603,1000,0.50,500,3,370,0.9808,3,9845.00,3.008556
8604,1000,0.50,500,3,370,1.0004,4,9731.00,0.325493
8605,1000,0.50,500,3,370,1.0028,5,9860.00,0.314002
8606,1000,0.50,500,3,370,1.0487,6,10156.00,1.503986
8607,1000,0.50,500,3,370,0.9877,7,10264.00,0.331434
8608,1000,0.50,500,3,370,1.0045,8,10146.00,0.170356
8609,1000,0.50,500,3,370,1.0342,9,10275.00,0.406296
8610,1000,0.50,500,3,370,1.0021,10,10211.00,1.670517
8611,1000,0.50,500,3,370,1.0197,11,9862.00,0.150145
8612,1000,0.50,500,3,370,0.9942,12,9793.00,0.454743
8613,1000,0.50,500,3,370,0.9416,13,9881.00,1.020182
8614,1000,0.50,500,3,370,1.0161,14,9900.00,0.628639
8615,1000,0.50,500,3,370,1.0052,15,9984.00,1.213122
8616,1000,0.50,500,3,370,0.9982,16,9999.00,0.406808
8617,1000,0.50,500,3,370,1.0209,17,9745.00,2.609313
8618,1000,0.50,500,3,370,0.9551,18,9661.00,2.720999
8619,1000,0.50,500,3,370,0.9649,19,10035.00,2.010222
8620,1000,0.50,500,3,370,0.9721,20,9705.00,0.533178
8621,1000,0.50,500,3,370,1.0034,21,9714.00,0.288907
8622,1000,0.50,500,3,370,0.9464,22,10500.00,0.091776
8623,1000,0.50,500,3,370,0.9870,23,9553.00,0.493815
8624,1000,0.50,500,3,370,1.0012,24,9941.00,1.042768
8625,1000,0.50,500,3,370,1.0165,25,9614.00,1.554967
8626,1000,0.50,500,3,370,0.9770,26,9779.00,0.247805
8627,1000,0.50,500,3,370,1.0457,27,3175.00,0.664901
8628,1000,0.50,500,3,370,1.0044,28,9605.00,1.916684
8629,1000,0.50,500,3,370,0.9894,29,9944.00,0.351899
8630,1000,0.50,500,3,370,0.9806,30,9684.00,0.346476
8631,1000,0.50,500,3,370,0.9708,31,9854.00,0.794621
8632,1000,0.50,500,3,370,1.0410,32,9800.00,1.489434
8633,1000,0.50,500,3,370,0.9843,33,9653.00,2.273998
8634,1000,0.50,500,3,370,1.0044,34,9675.00,1.507601
8635,1000,0.50,500,3,370,0.9995,35,9867.00,0.242060
8636,1000,0.50,500,3,370,1.0041,36,10025.00,0.646146
8637,1000,0.50,500,3,370,1.0498,37,9735.00,1.248443
8638,1000,0.50,500,3,370,0.9688,38,9718.00,0.993290
8639,1000,0.50,500,3,370,1.0071,39,9758.00,1.606070
8640,1000,0.50,500,3,370,1.0490,40,9932.00,1.694195
8641,1000,0.50,500,3,370,0.9292,41,9749.00,1.179132
8642,1000,0.50,500,3,370,0.9507,42,9728.00,0.479098
8643,1000,0.50,500,3,370,1.0064,43,9838.00,1.275241
8644,1000,0.50,500,3,370,1.0130,44,9849.00,1.063070
8645,1000,0.50,500,3,370,1.0295,45,9805.00,2.758103
8646,1000,0.50,500,3,370,0.9466,46,9983.00,1.953809
8647,1000,0.50,500,3,370,1.0335,47,9860.00,0.686096
8648,1000,0.50,500,3,370,1.0012,48,9854.00,0.623584
8649,1000,0.50,500,3,370,1.0045,49,1026.00,2.812896
8650,1000,0.50,500,3,370,0.9737,50,1632.00,0.584416
8651,1000,0.50,500,3,370,0.9789,51,9732.00,1.583860
8652,1000,0.50,500,3,370,0.9569,52,9935.00,2.239880
8653,1000,0.50,500,3,370,1.0136,53,9723.00,2.413032
8654,1000,0.50,500,3,370,0.9567,54,9623.00,0.182192
8655,1000,0.50,500,3,370,1.0038,55,9580.00,1.843420
8656,1000,0.50,500,3,370,0.9607,56,9722.00,0.702654
8657,1000,0.50,500,3,370,0.9380,57,9723.00,0.401846
8658,1000,0.50,500,3,370,1.0593,58,9954.00,0.906209
8659,1000,0.50,500,3,370,1.0088,59,2774.00,1.767273
8660,1000,0.50,500,3,370,1.0302,60,9770.00,2.294289
8661,1000,0.50,500,3,370,1.0263,61,9793.00,2.879812
8662,1000,0.50,500,3,370,1.0301,62,9959.00,0.984818
8663,1000,0.50,500,3,370,1.0387,63,9865.00,1.782815
8664,1000,0.50,500,3,370,0.9397,64,9623.00,1.482612
8665,1000,0.50,500,3,370,1.0182,65,9754.00,0.416057
8666,1000,0.50,500,3,370,0.9967,66,9649.00,0.425737
8667,1000,0.50,500,3,370,1.0224,67,10048.00,0.543229
8668,1000,0.50,500,3,370,0.9889,68,9749.00,1.806223
8669,1000,0.50,500,3,370,0.9386,69,9775.00,0.090945
8670,1000,0.50,500,3,370,1.0037,70,9890.00,0.480035
8671,1000,0.50,500,3,370,0.9799,71,9931.00,0.529413
8672,1000,0.50,500,3,370,1.0029,72,9917.00,0.913928
8673,1000,0.50,500,3,370,0.9680,73,9845.00,1.238024
8674,1000,0.50,500,3,370,0.9889,74,10005.00,1.541064
8675,1000,0.50,500,3,370,1.0183,75,10182.00,2.547478
8676,1000,0.50,500,3,370,0.9894,76,9709.00,2.307223
8677,1000,0.50,500,3,370,1.0253,77,9905.00,1.473638
8678,1000,0.50,500,3,370,1.0309,78,10367.00,0.287153
8679,1000,0.50,500,3,370,0.9676,79,10310.00,0.084118
8680,1000,0.50,500,3,370,0.9993,80,10467.00,1.051212
8681,1000,0.50,500,3,370,1.0092,81,10341.00,3.674792
8682,1000,0.50,500,3,370,1.0658,82,6384.00,0.919788
8683,1000,0.50,500,3,370,1.0366,83,10087.00,0.686902
8684,1000,0.50,500,3,370,0.9803,84,10349.00,0.693846
8685,1000,0.50,500,3,370,0.9778,85,10341.00,1.680629
8686,1000,0.50,500,3,370,0.9704,86,10213.00,0.835995
8687,1000,0.50,500,3,370,1.0517,87,10438.00,2.226391
8688,1000,0.50,500,3,370,1.0176,88,10349.00,0.479904
8689,1000,0.50,500,3,370,1.0069,89,6296.00,0.221438
8690,1000,0.50,500,3,370,1.0113,90,10229.00,0.375759
8691,1000,0.50,500,3,370,1.0858,91,10393.00,0.774217
8692,1000,0.50,500,3,370,0.9485,92,10113.00,3.317000
8693,1000,0.50,500,3,370,0.9905,93,10263.00,2.034820
8694,1000,0.50,500,3,370,1.0338,94,10269.00,2.570546
8695,1000,0.50,500,3,370,0.9558,95,10405.00,0.319909
8696,1000,0.50,500,3,370,0.9879,96,10207.00,1.909145
8697,1000,0.50,500,3,370,0.9919,97,10266.00,0.454628
8698,1000,0.50,500,3,370,1.0455,98,2576.00,1.267668
8699,1000,0.50,500,3,370,1.0146,99,10366.00,0.846038
8700,1000,0.50,500,3,380,0.9504,0,10733.00,1.708966
8701,1000,0.50,500,3,380,0.9949,1,10458.00,0.150114
8702,1000,0.50,500,3,380,1.0220,2,1588.00,0.555563
8703,1000,0.50,500,3,380,1.0146,3,5342.00,1.212939
8704,1000,0.50,500,3,380,0.9811,4,9946.00,1.738835
8705,1000,0.50,500,3,380,0.9967,5,9859.00,0.318442
8706,1000,0.50,500,3,380,1.0540,6,10255.00,1.538348
8707,1000,0.50,500,3,380,1.0093,7,10095.00,1.885347
8708,1000,0.50,500,3,380,1.0229,8,4369.00,2.368097
8709,1000,0.50,500,3,380,0.9916,9,10058.00,0.875894
8710,1000,0.50,500,3,380,1.0387,10,10127.00,0.467625
8711,1000,0.50,500,3,380,1.0192,11,9916.00,0.841445
8712,1000,0.50,500,3,380,0.9597,12,9919.00,0.142616
8713,1000,0.50,500,3,380,0.9570,13,10148.00,0.458030
8714,1000,0.50,500,3,380,1.0088,14,10275.00,2.388336
8715,1000,0.50,500,3,380,1.0021,15,10219.00,0.804466
8716,1000,0.50,500,3,380,1.0242,16,9908.00,1.567272
8717,1000,0.50,500,3,380,0.9436,17,9911.00,1.406162
8718,1000,0.50,500,3,380,0.9887,18,9976.00,1.391649
8719,1000,0.50,500,3,380,0.9646,19,272.00,0.348875
8720,1000,0.50,500,3,380,0.9964,20,10312.00,2.423917
8721,1000,0.50,500,3,380,0.9885,21,10161.00,3.029053
8722,1000,0.50,500,3,380,1.0017,22,9993.00,1.779980
8723,1000,0.50,500,3,380,1.0073,23,9977.00,0.905307
8724,1000,0.50,500,3,380,0.9404,24,9988.00,0.277069
8725,1000,0.50,500,3,380,0.9917,25,10142.00,1.135809
8726,1000,0.50,500,3,380,1.0115,26,10041.00,2.550433
8727,1000,0.50,500,3,380,0.9840,27,10023.00,1.205452
8728,1000,0.50,500,3,380,1.0285,28,10221.00,0.552144
8729,1000,0.50,500,3,380,0.9796,29,9838.00,1.311113
8730,1000,0.50,500,3,380,1.0116,30,9996.00,0.317161
8731,1000,0.50,500,3,380,0.9689,31,10115.00,1.826571
8732,1000,0.50,500,3,380,0.9647,32,10203.00,1.132767
8733,1000,0.50,500,3,380,1.0115,33,9918.00,1.274403
8734,1000,0.50,500,3,380,0.9722,34,10134.00,2.741455
8735,1000,0.50,500,3,380,1.0294,35,9968.00,0.551813
8736,1000,0.50,500,3,380,1.0310,36,10292.00,0.476027
8737,1000,0.50,500,3,380,0.9663,37,10101.00,1.054601
8738,1000,0.50,500,3,380,0.9722,38,10084.00,1.581563
8739,1000,0.50,500,3,380,1.0548,39,9987.00,2.962805
8740,1000,0.50,500,3,380,0.9230,40,9830.00,0.207901
8741,1000,0.50,500,3,380,0.9834,41,9816.00,2.428872
8742,1000,0.50,500,3,380,0.9715,42,9045.00,0.483996
8743,1000,0.50,500,3,380,1.0789,43,2550.00,1.059627
8744,1000,0.50,500,3,380,1.0014,44,10164.00,0.618505
8745,1000,0.50,500,3,380,0.9450,45,9793.00,0.591650
8746,1000,0.50,500,3,380,1.0058,46,9422.00,1.169082
8747,1000,0.50,500,3,380,0.9479,47,9927.00,0.899031
8748,1000,0.50,500,3,380,0.9990,48,10200.00,0.818458
8749,1000,0.50,500,3,380,0.9997,49,10116.00,2.857181
8750,1000,0.50,500,3,380,1.0236,50,10137.00,0.368004
8751,1000,0.50,500,3,380,1.0077,51,10120.00,0.944377
8752,1000,0.50,500,3,380,0.9951,52,10133.00,0.635912
8753,1000,0.50,500,3,380,0.9687,53,10138.00,0.379867
8754,1000,0.50,500,3,380,0.9652,54,9918.00,1.387705
8755,1000,0.50,500,3,380,0.9602,55,10392.00,1.224468
8756,1000,0.50,500,3,380,1.0171,56,10115.00,0.820996
8757,1000,0.50,500,3,380,0.9988,57,10125.00,0.638243
8758,1000,0.50,500,3,380,1.0139,58,10099.00,0.633956
8759,1000,0.50,500,3,380,0.9604,59,10043.00,0.398148
8760,1000,0.50,500,3,380,1.0383,60,10071.00,2.113732
8761,1000,0.50,500,3,380,0.9161,61,10099.00,2.538952
8762,1000,0.50,500,3,380,1.0216,62,9985.00,0.323755
8763,1000,0.50,500,3,380,0.9946,63,10109.00,1.169261
8764,1000,0.50,500,3,380,1.0305,64,10110.00,1.382075
8765,1000,0.50,500,3,380,0.9834,65,9906.00,0.366022
8766,1000,0.50,500,3,380,0.9817,66,10208.00,2.935496
8767,1000,0.50,500,3,380,1.0061,67,10133.00,0.405531
8768,1000,0.50,500,3,380,0.9689,68,10093.00,0.369669
8769,1000,0.50,500,3,380,0.9121,69,9760.00,0.921293
8770,1000,0.50,500,3,380,0.9584,70,10212.00,3.649837
8771,1000,0.50,500,3,380,0.9466,71,10032.00,0.579954
8772,1000,0.50,500,3,380,0.9697,72,10151.00,0.744526
8773,1000,0.50,500,3,380,0.9770,73,10002.00,0.928619
8774,1000,0.50,500,3,380,1.0072,74,10247.00,2.170002
8775,1000,0.50,500,3,380,1.0550,75,10015.00,0.506505
8776,1000,0.50,500,3,380,1.0097,76,10181.00,1.075058
8777,1000,0.50,500,3,380,1.0128,77,364.00,1.297634
8778,1000,0.50,500,3,380,1.0272,78,10249.00,0.645965
8779,1000,0.50,500,3,380,1.0233,79,10189.00,1.046633
8780,1000,0.50,500,3,380,0.9544,80,10393.00,2.561992
8781,1000,0.50,500,3,380,1.0621,81,10011.00,1.155586
8782,1000,0.50,500,3,380,0.9617,82,9650.00,0.159352
8783,1000,0.50,500,3,380,1.0235,83,10084.00,2.238369
8784,1000,0.50,500,3,380,1.0034,84,10011.00,2.806063
8785,1000,0.50,500,3,380,0.9867,85,9998.00,0.446901
8786,1000,0.50,500,3,380,1.0038,86,10058.00,0.194313
8787,1000,0.50,500,3,380,1.0032,87,10205.00,0.947188
8788,1000,0.50,500,3,380,1.0340,88,10052.00,0.720893
8789,1000,0.50,500,3,380,1.0288,89,9912.00,1.815617
8790,1000,0.50,500,3,380,0.9474,90,10017.00,2.152362
8791,1000,0.50,500,3,380,1.0052,91,10302.00,1.681502
8792,1000,0.50,500,3,380,0.9734,92,10242.00,0.692468
8793,1000,0.50,500,3,380,0.9869,93,10061.00,0.451643
8794,1000,0.50,500,3,380,0.9634,94,10105.00,0.629251
8795,1000,0.50,500,3,380,0.9710,95,9856.00,0.234944
8796,1000,0.50,500,3,380,0.9704,96,9834.00,0.267813
8797,1000,0.50,500,3,380,0.9966,97,9984.00,0.206578
8798,1000,0.50,500,3,380,1.0132,98,9888.00,0.266847
8799,1000,0.50,500,3,380,0.9839,99,10136.00,1.039846
8800,1000,0.50,500,3,390,0.9583,0,10573.00,1.546344
8801,1000,0.50,500,3,390,0.9664,1,10125.00,0.580667
8802,1000,0.50,500,3,390,1.0104,2,10284.00,1.548967
8803,1000,0.50,500,3,390,0.9795,3,10365.00,2.185875
8804,1000,0.50,500,3,390,0.9964,4,10267.00,0.975574
8805,1000,0.50,500,3,390,0.9888,5,10497.00,1.185124
8806,1000,0.50,500,3,390,1.0549,6,10475.00,3.739116
8807,1000,0.50,500,3,390,0.9933,7,10306.00,0.416373
8808,1000,0.50,500,3,390,1.0157,8,10241.00,1.400327
8809,1000,0.50,500,3,390,1.0038,9,10360.00,0.150210
8810,1000,0.50,500,3,390,1.0100,10,10304.00,1.272787
8811,1000,0.50,500,3,390,0.9345,11,10121.00,1.481377
8812,1000,0.50,500,3,390,0.9640,12,10576.00,2.538943
8813,1000,0.50,500,3,390,0.9620,13,10489.00,1.000272
8814,1000,0.50,500,3,390,1.0181,14,10274.00,0.466812
8815,1000,0.50,500,3,390,0.9692,15,10265.00,0.097818
8816,1000,0.50,500,3,390,1.0219,16,10393.00,1.534848
8817,1000,0.50,500,3,390,1.0167,17,10456.00,2.558979
8818,1000,0.50,500,3,390,0.9769,18,10279.00,1.552733
8819,1000,0.50,500,3,390,1.0153,19,10395.00,0.147692
8820,1000,0.50,500,3,390,0.9988,20,10171.00,0.877972
8821,1000,0.50,500,3,390,1.0056,21,10549.00,0.445782
8822,1000,0.50,500,3,390,0.9718,22,10083.00,0.208466
8823,1000,0.50,500,3,390,0.9687,23,10353.00,0.438204
8824,1000,0.50,500,3,390,0.9494,24,10453.00,1.235577
8825,1000,0.50,500,3,390,1.0127,25,10444.00,1.492417
8826,1000,0.50,500,3,390,1.0436,26,10397.00,0.412291
8827,1000,0.50,500,3,390,1.0236,27,10368.00,1.126987
8828,1000,0.50,500,3,390,1.0317,28,10396.00,0.198459
8829,1000,0.50,500,3,390,0.9883,29,10337.00,1.091461
8830,1000,0.50,500,3,390,0.9866,30,10440.00,0.924182
8831,1000,0.50,500,3,390,0.9492,31,10241.00,2.167849
8832,1000,0.50,500,3,390,1.0376,32,10456.00,3.809179
8833,1000,0.50,500,3,390,0.9803,33,10154.00,1.313097
8834,1000,0.50,500,3,390,0.9706,34,10346.00,0.332815
8835,1000,0.50,500,3,390,0.9684,35,10243.00,0.250513
8836,1000,0.50,500,3,390,1.0205,36,5141.00,1.413219
8837,1000,0.50,500,3,390,1.0058,37,10271.00,0.297339
8838,1000,0.50,500,3,390,0.9440,38,10256.00,1.839939
8839,1000,0.50,500,3,390,1.0259,39,10431.00,3.198934
8840,1000,0.50,500,3,390,0.9760,40,10453.00,0.386858
8841,1000,0.50,500,3,390,1.0813,41,10390.00,2.123914
8842,1000,0.50,500,3,390,0.9720,42,10266.00,0.513222
8843,1000,0.50,500,3,390,1.0062,43,10435.00,1.473586
8844,1000,0.50,500,3,390,0.9786,44,10312.00,1.690724
8845,1000,0.50,500,3,390,1.0132,45,10271.00,1.629903
8846,1000,0.50,500,3,390,0.9999,46,10419.00,1.089400
8847,1000,0.50,500,3,390,0.9746,47,10405.00,0.785610
8848,1000,0.50,500,3,390,0.9958,48,10464.00,0.385481
8849,1000,0.50,500,3,390,1.0045,49,10593.00,1.285454
8850,1000,0.50,500,3,390,1.0337,50,10395.00,0.975637
8851,1000,0.50,500,3,390,0.9759,51,10304.00,1.543865
8852,1000,0.50,500,3,390,0.9718,52,10367.00,3.486552
8853,1000,0.50,500,3,390,1.0273,53,10365.00,1.472754
8854,1000,0.50,500,3,390,1.0248,54,10391.00,0.702980
8855,1000,0.50,500,3,390,1.0354,55,10419.00,0.816309
8856,1000,0.50,500,3,390,1.0043,56,10590.00,0.802431
8857,1000,0.50,500,3,390,0.9933,57,10497.00,1.109041
8858,1000,0.50,500,3,390,1.0566,58,10302.00,2.573611
8859,1000,0.50,500,3,390,1.0067,59,10193.00,1.394321
8860,1000,0.50,500,3,390,1.0673,60,10313.00,2.397598
8861,1000,0.50,500,3,390,0.9551,61,10508.00,0.492235
8862,1000,0.50,500,3,390,0.9964,62,10297.00,0.429593
8863,1000,0.50,500,3,390,0.9843,63,9947.00,0.656009
8864,1000,0.50,500,3,390,0.9693,64,10345.00,0.732742
8865,1000,0.50,500,3,390,0.9389,65,10044.00,1.574215
8866,1000,0.50,500,3,390,0.9694,66,10229.00,1.960690
8867,1000,0.50,500,3,390,1.0093,67,10236.00,2.546608
8868,1000,0.50,500,3,390,0.9813,68,10535.00,0.529431
8869,1000,0.50,500,3,390,0.9769,69,10410.00,1.012135
8870,1000,0.50,500,3,390,1.0047,70,10461.00,0.993510
8871,1000,0.50,500,3,390,1.0151,71,8507.00,0.914434
8872,1000,0.50,500,3,390,1.0471,72,10388.00,2.543441
8873,1000,0.50,500,3,390,0.9869,73,10342.00,0.578607
8874,1000,0.50,500,3,390,0.9739,74,10310.00,0.427657
8875,1000,0.50,500,3,390,1.0103,75,381.00,1.867521
8876,1000,0.50,500,3,390,0.9636,76,10335.00,0.054053
8877,1000,0.50,500,3,390,1.0210,77,10420.00,2.037056
8878,1000,0.50,500,3,390,1.0382,78,3491.00,1.553128
8879,1000,0.50,500,3,390,1.0078,79,10194.00,0.552443
8880,1000,0.50,500,3,390,0.9713,80,10407.00,0.344001
8881,1000,0.50,500,3,390,1.0246,81,10248.00,1.621505
8882,1000,0.50,500,3,390,0.9567,82,10149.00,0.803961
8883,1000,0.50,500,3,390,0.9917,83,10391.00,0.184988
8884,1000,0.50,500,3,390,0.9646,84,10300.00,0.443640
8885,1000,0.50,500,3,390,0.9903,85,9905.00,0.524480
8886,1000,0.50,500,3,390,0.9858,86,10207.00,0.598115
8887,1000,0.50,500,3,390,1.0242,87,9267.00,1.039994
8888,1000,0.50,500,3,390,1.0415,88,10095.00,1.741178
8889,1000,0.50,500,3,390,1.0441,89,10429.00,3.613146
8890,1000,0.50,500,3,390,1.0414,90,10662.00,0.259841
8891,1000,0.50,500,3,390,1.0028,91,10535.00,1.326832
8892,1000,0.50,500,3,390,1.0023,92,10589.00,0.259235
8893,1000,0.50,500,3,390,0.9716,93,10429.00,0.764085
8894,1000,0.50,500,3,390,0.9965,94,10188.00,0.611933
8895,1000,0.50,500,3,390,1.0582,95,10510.00,1.602878
8896,1000,0.50,500,3,390,0.9632,96,10530.00,0.573617
8897,1000,0.50,500,3,390,1.0357,97,2154.00,0.203139
8898,1000,0.50,500,3,390,1.0059,98,10375.00,0.437246
8899,1000,0.50,500,3,390,1.0066,99,10378.00,0.289687
8900,1000,0.50,500,3,400,1.0336,0,10968.00,1.572887
8901,1000,0.50,500,3,400,0.9884,1,11228.00,0.967944
8902,1000,0.50,500,3,400,1.0002,2,11163.00,0.736102
8903,1000,0.50,500,3,400,1.0259,3,11189.00,0.525218
8904,1000,0.50,500,3,400,0.9954,4,10859.00,1.178460
8905,1000,0.50,500,3,400,1.0705,5,11272.00,0.562357
8906,1000,0.50,500,3,400,1.0028,6,11132.00,0.971457
8907,1000,0.50,500,3,400,1.0381,7,11050.00,1.431152
8908,1000,0.50,500,3,400,0.9306,8,10995.00,1.091949
8909,1000,0.50,500,3,400,1.0572,9,11252.00,2.249206
8910,1000,0.50,500,3,400,0.9653,10,11223.00,0.747607
8911,1000,0.50,500,3,400,0.9336,11,10873.00,0.530226
8912,1000,0.50,500,3,400,0.9877,12,10992.00,0.572651
8913,1000,0.50,500,3,400,0.9563,13,8825.00,1.450924
8914,1000,0.50,500,3,400,0.9680,14,10579.00,0.982767
8915,1000,0.50,500,3,400,0.9922,15,10589.00,1.076738
8916,1000,0.50,500,3,400,1.0431,16,10474.00,1.440827
8917,1000,0.50,500,3,400,1.0217,17,10454.00,0.277901
8918,1000,0.50,500,3,400,1.0385,18,10666.00,0.242128
8919,1000,0.50,500,3,400,0.9939,19,10429.00,0.681192
8920,1000,0.50,500,3,400,1.0048,20,10532.00,0.420919
8921,1000,0.50,500,3,400,0.9877,21,10756.00,0.185900
8922,1000,0.50,500,3,400,1.0062,22,10726.00,3.320696
8923,1000,0.50,500,3,400,0.9557,23,10447.00,1.494454
8924,1000,0.50,500,3,400,1.0003,24,10662.00,0.587889
8925,1000,0.50,500,3,400,1.0540,25,10721.00,0.834209
8926,1000,0.50,500,3,400,0.9812,26,10498.00,2.116902
8927,1000,0.50,500,3,400,1.0088,27,10562.00,1.514305
8928,1000,0.50,500,3,400,0.9614,28,10380.00,0.777048
8929,1000,0.50,500,3,400,0.9503,29,10676.00,1.450980
8930,1000,0.50,500,3,400,0.9483,30,10535.00,0.424098
8931,1000,0.50,500,3,400,1.0544,31,10285.00,0.451511
8932,1000,0.50,500,3,400,0.9710,32,10727.00,2.071631
8933,1000,0.50,500,3,400,1.0084,33,10408.00,0.422917
8934,1000,0.50,500,3,400,0.9765,34,10486.00,2.597341
8935,1000,0.50,500,3,400,1.0116,35,10744.00,0.446977
8936,1000,0.50,500,3,400,0.9846,36,10810.00,0.569457
8937,1000,0.50,500,3,400,0.9678,37,10710.00,0.265175
8938,1000,0.50,500,3,400,0.9435,38,10655.00,2.301040
8939,1000,0.50,500,3,400,0.9742,39,10403.00,0.548130
8940,1000,0.50,500,3,400,0.9787,40,10610.00,2.395425
8941,1000,0.50,500,3,400,0.9982,41,10632.00,0.162205
8942,1000,0.50,500,3,400,0.9406,42,10618.00,0.429695
8943,1000,0.50,500,3,400,0.9908,43,10494.00,1.760576
8944,1000,0.50,500,3,400,1.0454,44,10511.00,3.595410
8945,1000,0.50,500,3,400,1.0193,45,10442.00,1.201003
8946,1000,0.50,500,3,400,1.0104,46,5981.00,0.842784
8947,1000,0.50,500,3,400,0.9538,47,10481.00,0.359823
8948,1000,0.50,500,3,400,0.9584,48,10429.00,0.281429
8949,1000,0.50,500,3,400,1.0348,49,10547.00,1.718829
8950,1000,0.50,500,3,400,0.9537,50,10576.00,0.570683
8951,1000,0.50,500,3,400,0.9766,51,10783.00,1.497358
8952,1000,0.50,500,3,400,0.9769,52,10535.00,1.366813
8953,1000,0.50,500,3,400,1.0159,53,10580.00,0.960544
8954,1000,0.50,500,3,400,1.0521,54,10560.00,0.747380
8955,1000,0.50,500,3,400,1.0007,55,10534.00,1.935595
8956,1000,0.50,500,3,400,0.9929,56,10723.00,3.115298
8957,1000,0.50,500,3,400,1.0744,57,10650.00,2.587578
8958,1000,0.50,500,3,400,1.0047,58,10494.00,1.227476
8959,1000,0.50,500,3,400,1.0057,59,10879.00,3.046913
8960,1000,0.50,500,3,400,0.9979,60,10554.00,0.185790
8961,1000,0.50,500,3,400,1.0102,61,10867.00,1.088169
8962,1000,0.50,500,3,400,1.0712,62,10768.00,3.553327
8963,1000,0.50,500,3,400,1.0292,63,10619.00,0.760423
8964,1000,0.50,500,3,400,1.0240,64,10421.00,2.282182
8965,1000,0.50,500,3,400,1.0354,65,10589.00,2.048346
8966,1000,0.50,500,3,400,0.9345,66,10663.00,0.754895
8967,1000,0.50,500,3,400,0.9544,67,10937.00,0.766042
8968,1000,0.50,500,3,400,0.9937,68,10809.00,1.247035
8969,1000,0.50,500,3,400,1.0206,69,10362.00,0.983248
8970,1000,0.50,500,3,400,1.0488,70,10840.00,1.737984
8971,1000,0.50,500,3,400,0.9784,71,10447.00,1.381926
8972,1000,0.50,500,3,400,1.0264,72,878.00,0.469597
8973,1000,0.50,500,3,400,0.9795,73,10737.00,1.845897
8974,1000,0.50,500,3,400,0.9992,74,10697.00,3.218395
8975,1000,0.50,500,3,400,1.0067,75,10824.00,0.980198
8976,1000,0.50,500,3,400,1.0474,76,10744.00,0.451547
8977,1000,0.50,500,3,400,1.0327,77,10794.00,1.552424
8978,1000,0.50,500,3,400,0.9839,78,10819.00,1.331013
8979,1000,0.50,500,3,400,0.9736,79,10347.00,2.322765
8980,1000,0.50,500,3,400,0.9292,80,10391.00,1.599256
8981,1000,0.50,500,3,400,0.9809,81,10314.00,1.021442
8982,1000,0.50,500,3,400,1.0054,82,10707.00,4.521760
8983,1000,0.50,500,3,400,0.9515,83,10468.00,0.338932
8984,1000,0.50,500,3,400,0.9582,84,10630.00,1.933999
8985,1000,0.50,500,3,400,1.0229,85,10799.00,1.241352
8986,1000,0.50,500,3,400,0.9537,86,10616.00,0.245984
8987,1000,0.50,500,3,400,0.9856,87,10597.00,0.598464
8988,1000,0.50,500,3,400,0.9322,88,10605.00,0.217594
8989,1000,0.50,500,3,400,1.0038,89,10889.00,2.027838
8990,1000,0.50,500,3,400,0.9934,90,10823.00,0.975789
8991,1000,0.50,500,3,400,1.0325,91,10700.00,1.319616
8992,1000,0.50,500,3,400,0.9931,92,10642.00,1.003582
8993,1000,0.50,500,3,400,0.9668,93,10398.00,1.320504
8994,1000,0.50,500,3,400,0.9965,94,10859.00,0.260003
8995,1000,0.50,500,3,400,0.9903,95,10708.00,0.469355
8996,1000,0.50,500,3,400,0.9453,96,10539.00,1.789711
8997,1000,0.50,500,3,400,0.9775,97,10195.00,1.952522
8998,1000,0.50,500,3,400,1.0192,98,10752.00,0.694747
8999,1000,0.50,500,3,400,0.9952,99,10693.00,0.684756
9000,1000,0.50,500,3,410,1.0153,0,10919.00,1.419313
9001,1000,0.50,500,3,410,0.9635,1,11013.00,0.158063
9002,1000,0.50,500,3,410,1.0533,2,1397.00,0.895499
9003,1000,0.50,500,3,410,1.0012,3,10955.00,0.572556
9004,1000,0.50,500,3,410,0.9892,4,10887.00,0.603652
9005,1000,0.50,500,3,410,1.0023,5,10949.00,1.980783
9006,1000,0.50,500,3,410,0.9836,6,10738.00,1.423219
9007,1000,0.50,500,3,410,0.9334,7,10877.00,0.308530
9008,1000,0.50,500,3,410,1.0624,8,11209.00,0.413864
9009,1000,0.50,500,3,410,1.0202,9,11027.00,0.168604
9010,1000,0.50,500,3,410,0.9812,10,4252.00,1.824706
9011,1000,0.50,500,3,410,1.0057,11,10864.00,2.352537
9012,1000,0.50,500,3,410,1.0158,12,11046.00,0.314036
9013,1000,0.50,500,3,410,1.0373,13,10663.00,0.483874
9014,1000,0.50,500,3,410,0.9965,14,11134.00,2.021388
9015,1000,0.50,500,3,410,0.9877,15,10898.00,1.216086
9016,1000,0.50,500,3,410,1.0320,16,11020.00,1.320672
9017,1000,0.50,500,3,410,0.9838,17,10922.00,3.414280
9018,1000,0.50,500,3,410,0.9670,18,10742.00,1.154575
9019,1000,0.50,500,3,410,1.0036,19,10932.00,2.930547
9020,1000,0.50,500,3,410,0.9898,20,11029.00,1.044925
9021,1000,0.50,500,3,410,0.9700,21,10873.00,0.507517
9022,1000,0.50,500,3,410,0.9328,22,10636.00,0.235109
9023,1000,0.50,500,3,410,1.0827,23,1101.00,1.205487
9024,1000,0.50,500,3,410,0.9912,24,10821.00,2.030030
9025,1000,0.50,500,3,410,1.0146,25,11061.00,1.274800
9026,1000,0.50,500,3,410,1.0126,26,11017.00,0.347858
9027,1000,0.50,500,3,410,1.0495,27,10872.00,1.069254
9028,1000,0.50,500,3,410,0.9432,28,10716.00,0.448376
9029,1000,0.50,500,3,410,0.9897,29,10864.00,0.609244
9030,1000,0.50,500,3,410,0.9937,30,10852.00,0.914935
9031,1000,0.50,500,3,410,0.9644,31,10866.00,1.219939
9032,1000,0.50,500,3,410,1.0018,32,10742.00,1.378530
9033,1000,0.50,500,3,410,1.0467,33,10908.00,0.551276
9034,1000,0.50,500,3,410,1.0487,34,10675.00,1.591388
9035,1000,0.50,500,3,410,1.0159,35,10829.00,1.301571
9036,1000,0.50,500,3,410,1.0134,36,10679.00,0.581937
9037,1000,0.50,500,3,410,0.9890,37,10943.00,0.601307
9038,1000,0.50,500,3,410,0.9585,38,10924.00,1.126799
9039,1000,0.50,500,3,410,1.0101,39,10580.00,0.444767
9040,1000,0.50,500,3,410,0.9679,40,10711.00,1.726735
9041,1000,0.50,500,3,410,0.9854,41,10801.00,3.158235
9042,1000,0.50,500,3,410,1.0191,42,11113.00,0.837623
9043,1000,0.50,500,3,410,1.0349,43,10827.00,0.688030
9044,1000,0.50,500,3,410,0.9717,44,10802.00,0.817707
9045,1000,0.50,500,3,410,1.0016,45,10880.00,0.178557
9046,1000,0.50,500,3,410,1.0291,46,10894.00,0.507597
9047,1000,0.50,500,3,410,0.9412,47,11068.00,1.679297
9048,1000,0.50,500,3,410,0.9642,48,10634.00,0.331299
9049,1000,0.50,500,3,410,0.9651,49,10646.00,0.406345
9050,1000,0.50,500,3,410,0.9962,50,11023.00,1.895417
9051,1000,0.50,500,3,410,1.0405,51,10961.00,0.825120
9052,1000,0.50,500,3,410,0.9840,52,11084.00,0.668056
9053,1000,0.50,500,3,410,1.0293,53,10832.00,1.448955
9054,1000,0.50,500,3,410,1.0330,54,11032.00,1.632167
9055,1000,0.50,500,3,410,1.0279,55,10762.00,0.247252
9056,1000,0.50,500,3,410,1.0048,56,10746.00,1.856818
9057,1000,0.50,500,3,410,1.0309,57,10561.00,1.324934
9058,1000,0.50,500,3,410,0.9985,58,11167.00,1.657510
9059,1000,0.50,500,3,410,0.9221,59,10593.00,1.938213
9060,1000,0.50,500,3,410,0.9885,60,10977.00,1.991381
9061,1000,0.50,500,3,410,0.9589,61,11002.00,1.497515
9062,1000,0.50,500,3,410,1.0089,62,10718.00,0.236309
9063,1000,0.50,500,3,410,1.0050,63,11085.00,1.418590
9064,1000,0.50,500,3,410,1.0492,64,11017.00,2.452661
9065,1000,0.50,500,3,410,0.9793,65,10893.00,0.282861
9066,1000,0.50,500,3,410,1.0336,66,10876.00,3.715900
9067,1000,0.50,500,3,410,1.0341,67,10935.00,1.684675
9068,1000,0.50,500,3,410,1.0189,68,11172.00,2.591729
9069,1000,0.50,500,3,410,0.9985,69,10763.00,4.594742
9070,1000,0.50,500,3,410,0.9950,70,10789.00,1.419414
9071,1000,0.50,500,3,410,0.9822,71,11002.00,1.014215
9072,1000,0.50,500,3,410,0.9967,72,10739.00,0.450611
9073,1000,0.50,500,3,410,1.0074,73,10829.00,0.907910
9074,1000,0.50,500,3,410,1.0050,74,10761.00,1.271086
9075,1000,0.50,500,3,410,1.0009,75,10809.00,0.180731
9076,1000,0.50,500,3,410,1.0008,76,10748.00,2.361550
9077,1000,0.50,500,3,410,1.0177,77,10728.00,0.552909
9078,1000,0.50,500,3,410,0.9876,78,10795.00,0.505813
9079,1000,0.50,500,3,410,0.9731,79,10879.00,1.251634
9080,1000,0.50,500,3,410,0.9953,80,10850.00,3.118198
9081,1000,0.50,500,3,410,1.0115,81,10937.00,2.561817
9082,1000,0.50,500,3,410,0.9970,82,10813.00,0.548935
9083,1000,0.50,500,3,410,0.9520,83,10955.00,1.159115
9084,1000,0.50,500,3,410,0.9815,84,11111.00,2.728240
9085,1000,0.50,500,3,410,0.9053,85,10533.00,0.201464
9086,1000,0.50,500,3,410,1.0030,86,10887.00,1.409940
9087,1000,0.50,500,3,410,1.0426,87,11533.00,1.602227
9088,1000,0.50,500,3,410,1.0482,88,920.00,2.031898
9089,1000,0.50,500,3,410,0.9616,89,11239.00,0.487001
9090,1000,0.50,500,3,410,1.0297,90,11450.00,1.757089
9091,1000,0.50,500,3,410,0.9963,91,11282.00,0.649448
9092,1000,0.50,500,3,410,1.0198,92,496.00,0.753993
9093,1000,0.50,500,3,410,1.0458,93,11538.00,1.007999
9094,1000,0.50,500,3,410,1.0563,94,11147.00,1.988198
9095,1000,0.50,500,3,410,0.9699,95,10989.00,0.851920
9096,1000,0.50,500,3,410,0.9733,96,10698.00,0.603606
9097,1000,0.50,500,3,410,0.9518,97,10999.00,0.251704
9098,1000,0.50,500,3,410,0.9732,98,11072.00,0.408906
9099,1000,0.50,500,3,410,1.0520,99,7037.00,0.390086
9100,1000,0.50,500,3,420,1.0042,0,11176.00,4.021206
9101,1000,0.50,500,3,420,0.9712,1,11063.00,1.873552
9102,1000,0.50,500,3,420,1.0031,2,10937.00,2.414703
9103,1000,0.50,500,3,420,0.9880,3,11362.00,1.330475
9104,1000,0.50,500,3,420,1.0370,4,11218.00,0.319943
9105,1000,0.50,500,3,420,0.9988,5,11258.00,0.623856
9106,1000,0.50,500,3,420,1.0019,6,11342.00,1.615838
9107,1000,0.50,500,3,420,0.9511,7,11148.00,1.145635
9108,1000,0.50,500,3,420,1.0616,8,11157.00,1.808024
9109,1000,0.50,500,3,420,1.0422,9,11119.00,1.087720
9110,1000,0.50,500,3,420,0.9712,10,11127.00,0.773713
9111,1000,0.50,500,3,420,1.0233,11,11082.00,1.706675
9112,1000,0.50,500,3,420,0.9889,12,11050.00,2.084980
9113,1000,0.50,500,3,420,0.9664,13,11086.00,4.466908
9114,1000,0.50,500,3,420,1.0733,14,7867.00,0.600175
9115,1000,0.50,500,3,420,0.9702,15,11113.00,1.475281
9116,1000,0.50,500,3,420,0.9804,16,11196.00,2.425428
9117,1000,0.50,500,3,420,1.0105,17,11040.00,0.317752
9118,1000,0.50,500,3,420,1.0185,18,11084.00,1.690897
9119,1000,0.50,500,3,420,0.9877,19,11047.00,2.614362
9120,1000,0.50,500,3,420,0.9824,20,11116.00,1.375031
9121,1000,0.50,500,3,420,1.0024,21,11176.00,0.497583
9122,1000,0.50,500,3,420,0.9528,22,10917.00,0.555629
9123,1000,0.50,500,3,420,0.9644,23,11116.00,0.786602
9124,1000,0.50,500,3,420,0.9022,24,11013.00,1.474332
9125,1000,0.50,500,3,420,0.9310,25,11259.00,1.519426
9126,1000,0.50,500,3,420,1.0132,26,11088.00,1.277856
9127,1000,0.50,500,3,420,1.0245,27,11369.00,1.034305
9128,1000,0.50,500,3,420,1.0063,28,11025.00,1.892493
9129,1000,0.50,500,3,420,1.0083,29,11367.00,4.432489
9130,1000,0.50,500,3,420,1.0345,30,10940.00,0.591843
9131,1000,0.50,500,3,420,1.0109,31,11145.00,0.347391
9132,1000,0.50,500,3,420,1.0124,32,11164.00,1.014663
9133,1000,0.50,500,3,420,1.0531,33,10990.00,0.268777
9134,1000,0.50,500,3,420,0.9688,34,11181.00,2.438843
9135,1000,0.50,500,3,420,0.9894,35,10939.00,0.970607
9136,1000,0.50,500,3,420,0.9703,36,10899.00,2.482398
9137,1000,0.50,500,3,420,0.9771,37,11034.00,0.832450
9138,1000,0.50,500,3,420,1.0208,38,10964.00,0.709235
9139,1000,0.50,500,3,420,0.9965,39,11241.00,0.282549
9140,1000,0.50,500,3,420,1.0748,40,5680.00,0.739282
9141,1000,0.50,500,3,420,0.9655,41,10959.00,2.135047
9142,1000,0.50,500,3,420,1.0307,42,11165.00,3.908149
9143,1000,0.50,500,3,420,0.9826,43,11009.00,0.189272
9144,1000,0.50,500,3,420,1.0110,44,11389.00,2.065889
9145,1000,0.50,500,3,420,1.0495,45,11335.00,1.416071
9146,1000,0.50,500,3,420,1.0335,46,10964.00,1.515733
9147,1000,0.50,500,3,420,1.0132,47,11200.00,0.525029
9148,1000,0.50,500,3,420,1.0395,48,11159.00,0.969954
9149,1000,0.50,500,3,420,1.0097,49,11174.00,1.498690
9150,1000,0.50,500,3,420,0.9935,50,11515.00,0.604550
9151,1000,0.50,500,3,420,0.9762,51,11342.00,0.767401
9152,1000,0.50,500,3,420,1.0329,52,11680.00,0.782341
9153,1000,0.50,500,3,420,0.9681,53,11744.00,1.918913
9154,1000,0.50,500,3,420,0.9857,54,8184.00,0.492393
9155,1000,0.50,500,3,420,1.0663,55,930.00,0.740095
9156,1000,0.50,500,3,420,0.9908,56,7200.00,0.311923
9157,1000,0.50,500,3,420,0.9876,57,11344.00,2.194300
9158,1000,0.50,500,3,420,0.9868,58,11786.00,3.659375
9159,1000,0.50,500,3,420,1.0177,59,11929.00,1.279016
9160,1000,0.50,500,3,420,1.0085,60,11712.00,1.911244
9161,1000,0.50,500,3,420,1.0053,61,11590.00,0.954924
9162,1000,0.50,500,3,420,0.9618,62,11413.00,0.881421
9163,1000,0.50,500,3,420,0.9242,63,11813.00,0.522555
9164,1000,0.50,500,3,420,1.0285,64,11658.00,1.364126
9165,1000,0.50,500,3,420,0.9494,65,11797.00,0.150768
9166,1000,0.50,500,3,420,0.9541,66,11898.00,0.533233
9167,1000,0.50,500,3,420,1.0496,67,11783.00,0.379308
9168,1000,0.50,500,3,420,0.9593,68,11622.00,1.582458
9169,1000,0.50,500,3,420,0.9859,69,5892.00,0.729552
9170,1000,0.50,500,3,420,0.9941,70,3908.00,1.181629
9171,1000,0.50,500,3,420,0.9874,71,11837.00,1.518280
9172,1000,0.50,500,3,420,1.0144,72,11388.00,2.106642
9173,1000,0.50,500,3,420,0.9921,73,11852.00,0.640704
9174,1000,0.50,500,3,420,1.0068,74,5583.00,0.841834
9175,1000,0.50,500,3,420,1.0041,75,11495.00,0.612989
9176,1000,0.50,500,3,420,0.9698,76,11767.00,0.553917
9177,1000,0.50,500,3,420,1.0618,77,1046.00,1.412425
9178,1000,0.50,500,3,420,0.9839,78,12274.00,0.889686
9179,1000,0.50,500,3,420,0.9808,79,11041.00,0.187329
9180,1000,0.50,500,3,420,0.9914,80,11015.00,0.112857
9181,1000,0.50,500,3,420,1.0203,81,11129.00,2.902271
9182,1000,0.50,500,3,420,1.0122,82,11008.00,0.762676
9183,1000,0.50,500,3,420,0.9796,83,10895.00,0.242754
9184,1000,0.50,500,3,420,1.0157,84,11114.00,0.893993
9185,1000,0.50,500,3,420,1.0821,85,11200.00,2.333868
9186,1000,0.50,500,3,420,0.9738,86,12098.00,0.302092
9187,1000,0.50,500,3,420,0.9758,87,11537.00,1.927665
9188,1000,0.50,500,3,420,1.0003,88,11522.00,0.880806
9189,1000,0.50,500,3,420,1.0209,89,11549.00,1.601721
9190,1000,0.50,500,3,420,0.9950,90,11546.00,2.849883
9191,1000,0.50,500,3,420,1.0095,91,11646.00,0.479461
9192,1000,0.50,500,3,420,1.0099,92,11558.00,0.528955
9193,1000,0.50,500,3,420,1.0289,93,11640.00,1.479732
9194,1000,0.50,500,3,420,1.0234,94,2344.00,2.039635
9195,1000,0.50,500,3,420,1.0244,95,11467.00,0.489751
9196,1000,0.50,500,3,420,0.9577,96,11364.00,0.224109
9197,1000,0.50,500,3,420,0.9959,97,11288.00,1.294283
9198,1000,0.50,500,3,420,1.0399,98,11691.00,0.792288
9199,1000,0.50,500,3,420,1.0096,99,11500.00,1.965799
9200,1000,0.50,500,3,430,0.9757,0,11900.00,0.720462
9201,1000,0.50,500,3,430,1.0046,1,11764.00,0.710482
9202,1000,0.50,500,3,430,1.0509,2,986.00,1.779719
9203,1000,0.50,500,3,430,0.9922,3,11729.00,1.127750
9204,1000,0.50,500,3,430,0.9729,4,11847.00,0.327657
9205,1000,0.50,500,3,430,0.9964,5,11551.00,0.339100
9206,1000,0.50,500,3,430,1.0352,6,11941.00,1.299980
9207,1000,0.50,500,3,430,0.9432,7,11923.00,1.144314
9208,1000,0.50,500,3,430,1.0636,8,8853.00,0.351952
9209,1000,0.50,500,3,430,0.9752,9,11572.00,0.584975
9210,1000,0.50,500,3,430,0.9852,10,11699.00,1.225469
9211,1000,0.50,500,3,430,0.9836,11,11913.00,4.534094
9212,1000,0.50,500,3,430,1.0071,12,11552.00,0.873472
9213,1000,0.50,500,3,430,1.0019,13,11494.00,0.286447
9214,1000,0.50,500,3,430,1.0001,14,11633.00,0.779255
9215,1000,0.50,500,3,430,0.9734,15,11566.00,0.235138
9216,1000,0.50,500,3,430,1.0050,16,3751.00,0.832853
9217,1000,0.50,500,3,430,1.0134,17,11813.00,0.386577
9218,1000,0.50,500,3,430,1.0220,18,11820.00,1.479512
9219,1000,0.50,500,3,430,0.9535,19,12033.00,0.128719
9220,1000,0.50,500,3,430,1.0204,20,11675.00,0.684000
9221,1000,0.50,500,3,430,0.9911,21,11665.00,2.128168
9222,1000,0.50,500,3,430,1.0024,22,11622.00,0.638600
9223,1000,0.50,500,3,430,1.0104,23,11748.00,1.941823
9224,1000,0.50,500,3,430,0.9751,24,11637.00,1.011744
9225,1000,0.50,500,3,430,0.9353,25,11623.00,0.145240
9226,1000,0.50,500,3,430,0.9862,26,11657.00,0.516989
9227,1000,0.50,500,3,430,1.0049,27,11496.00,0.273447
9228,1000,0.50,500,3,430,1.0389,28,11964.00,2.463723
9229,1000,0.50,500,3,430,0.9438,29,11682.00,1.168366
9230,1000,0.50,500,3,430,0.9781,30,11909.00,0.538719
9231,1000,0.50,500,3,430,0.9639,31,11872.00,1.382727
9232,1000,0.50,500,3,430,1.0417,32,12053.00,1.622502
9233,1000,0.50,500,3,430,1.0450,33,10850.00,1.162530
9234,1000,0.50,500,3,430,0.9812,34,11777.00,2.476486
9235,1000,0.50,500,3,430,0.9675,35,11973.00,1.826068
9236,1000,0.50,500,3,430,0.9969,36,11635.00,1.017348
9237,1000,0.50,500,3,430,0.9159,37,11388.00,1.267338
9238,1000,0.50,500,3,430,0.9852,38,11715.00,0.926652
9239,1000,0.50,500,3,430,0.9941,39,11760.00,2.487025
9240,1000,0.50,500,3,430,1.0207,40,11775.00,2.374966
9241,1000,0.50,500,3,430,0.9758,41,11939.00,0.664363
9242,1000,0.50,500,3,430,1.0207,42,11385.00,0.894499
9243,1000,0.50,500,3,430,0.9540,43,11736.00,0.565936
9244,1000,0.50,500,3,430,0.9425,44,11661.00,0.725615
9245,1000,0.50,500,3,430,0.9606,45,11426.00,1.518233
9246,1000,0.50,500,3,430,1.0173,46,12068.00,2.582575
9247,1000,0.50,500,3,430,0.9520,47,11724.00,0.857348
9248,1000,0.50,500,3,430,0.9879,48,11729.00,0.372733
9249,1000,0.50,500,3,430,0.9436,49,11792.00,0.679105
9250,1000,0.50,500,3,430,1.0148,50,11754.00,2.558323
9251,1000,0.50,500,3,430,0.9473,51,11779.00,0.487629
9252,1000,0.50,500,3,430,1.0302,52,11084.00,1.792116
9253,1000,0.50,500,3,430,0.9709,53,11951.00,0.501267
9254,1000,0.50,500,3,430,1.0039,54,11691.00,2.064024
9255,1000,0.50,500,3,430,0.9667,55,11769.00,0.269531
9256,1000,0.50,500,3,430,1.0189,56,11593.00,2.611033
9257,1000,0.50,500,3,430,0.9774,57,11536.00,0.279195
9258,1000,0.50,500,3,430,1.0492,58,11589.00,0.517768
9259,1000,0.50,500,3,430,1.0106,59,11629.00,0.685955
9260,1000,0.50,500,3,430,1.0432,60,1045.00,0.580542
9261,1000,0.50,500,3,430,1.0160,61,11801.00,0.566455
9262,1000,0.50,500,3,430,0.9733,62,11858.00,1.174371
9263,1000,0.50,500,3,430,1.0116,63,11427.00,0.235228
9264,1000,0.50,500,3,430,1.0500,64,12244.00,1.290225
9265,1000,0.50,500,3,430,1.0106,65,11838.00,2.144562
9266,1000,0.50,500,3,430,0.9733,66,11490.00,1.914004
9267,1000,0.50,500,3,430,0.9667,67,11511.00,0.687289
9268,1000,0.50,500,3,430,1.0095,68,11519.00,0.891570
9269,1000,0.50,500,3,430,0.9722,69,11658.00,0.688155
9270,1000,0.50,500,3,430,1.0019,70,11841.00,1.765986
9271,1000,0.50,500,3,430,1.0343,71,11790.00,1.571329
9272,1000,0.50,500,3,430,0.9832,72,11825.00,0.674442
9273,1000,0.50,500,3,430,1.0246,73,11692.00,1.030327
9274,1000,0.50,500,3,430,0.9704,74,11530.00,1.060013
9275,1000,0.50,500,3,430,0.9991,75,11887.00,0.468845
9276,1000,0.50,500,3,430,0.9828,76,11776.00,1.676428
9277,1000,0.50,500,3,430,0.9734,77,8798.00,1.970283
9278,1000,0.50,500,3,430,0.9912,78,11822.00,0.153597
9279,1000,0.50,500,3,430,1.0010,79,11418.00,0.144090
9280,1000,0.50,500,3,430,0.9505,80,11505.00,2.730111
9281,1000,0.50,500,3,430,0.9331,81,11550.00,0.187457
9282,1000,0.50,500,3,430,0.9724,82,11514.00,0.548922
9283,1000,0.50,500,3,430,0.9940,83,11730.00,0.926785
9284,1000,0.50,500,3,430,1.0469,84,11565.00,0.439521
9285,1000,0.50,500,3,430,1.0466,85,4400.00,3.085940
9286,1000,0.50,500,3,430,1.0490,86,11541.00,0.193819
9287,1000,0.50,500,3,430,0.9714,87,11798.00,0.162792
9288,1000,0.50,500,3,430,0.9703,88,11613.00,0.620611
9289,1000,0.50,500,3,430,0.9918,89,11721.00,0.493306
9290,1000,0.50,500,3,430,0.9703,90,11676.00,1.555161
9291,1000,0.50,500,3,430,0.9761,91,11389.00,0.572366
9292,1000,0.50,500,3,430,0.9769,92,11707.00,0.566603
9293,1000,0.50,500,3,430,0.9182,93,11608.00,3.104742
9294,1000,0.50,500,3,430,1.0035,94,11655.00,0.399937
9295,1000,0.50,500,3,430,0.9928,95,11783.00,1.083349
9296,1000,0.50,500,3,430,0.9614,96,11800.00,0.633621
9297,1000,0.50,500,3,430,1.0290,97,11885.00,1.048787
9298,1000,0.50,500,3,430,0.9857,98,11588.00,1.025093
9299,1000,0.50,500,3,430,1.0202,99,11773.00,0.815910
9300,1000,0.50,500,3,440,1.0148,0,12488.00,3.306080
9301,1000,0.50,500,3,440,1.0079,1,12106.00,0.689489
9302,1000,0.50,500,3,440,1.0086,2,12234.00,2.248870
9303,1000,0.50,500,3,440,1.0328,3,12034.00,0.616844
9304,1000,0.50,500,3,440,0.9631,4,12160.00,0.460924
9305,1000,0.50,500,3,440,1.0456,5,12171.00,0.223203
9306,1000,0.50,500,3,440,1.0086,6,11994.00,0.305162
9307,1000,0.50,500,3,440,0.9230,7,11888.00,0.284420
9308,1000,0.50,500,3,440,0.9624,8,11904.00,0.518647
9309,1000,0.50,500,3,440,0.9890,9,12039.00,0.322811
9310,1000,0.50,500,3,440,1.0329,10,11935.00,1.605859
9311,1000,0.50,500,3,440,1.0151,11,12151.00,2.266489
9312,1000,0.50,500,3,440,0.9907,12,12023.00,0.289988
9313,1000,0.50,500,3,440,1.0077,13,12062.00,0.743093
9314,1000,0.50,500,3,440,0.9632,14,12158.00,0.902019
9315,1000,0.50,500,3,440,1.0231,15,11908.00,0.215407
9316,1000,0.50,500,3,440,0.9918,16,11774.00,2.660648
9317,1000,0.50,500,3,440,0.9914,17,11969.00,0.704729
9318,1000,0.50,500,3,440,1.0007,18,11840.00,0.220694
9319,1000,0.50,500,3,440,1.0317,19,11980.00,0.380134
9320,1000,0.50,500,3,440,1.0028,20,11964.00,0.535842
9321,1000,0.50,500,3,440,0.9983,21,12058.00,0.215646
9322,1000,0.50,500,3,440,0.9777,22,11851.00,2.256987
9323,1000,0.50,500,3,440,0.9790,23,11859.00,2.731820
9324,1000,0.50,500,3,440,0.9921,24,12078.00,0.862048
9325,1000,0.50,500,3,440,1.0022,25,11982.00,0.399450
9326,1000,0.50,500,3,440,0.9899,26,12041.00,0.493166
9327,1000,0.50,500,3,440,1.0000,27,11948.00,0.568508
9328,1000,0.50,500,3,440,1.0268,28,11652.00,0.655472
9329,1000,0.50,500,3,440,0.9721,29,11895.00,0.187162
9330,1000,0.50,500,3,440,0.9790,30,11823.00,0.329429
9331,1000,0.50,500,3,440,0.9678,31,11878.00,1.454924
9332,1000,0.50,500,3,440,0.9769,32,12054.00,1.344022
9333,1000,0.50,500,3,440,1.0334,33,12185.00,1.116371
9334,1000,0.50,500,3,440,1.0490,34,12032.00,1.403857
9335,1000,0.50,500,3,440,1.0664,35,5295.00,2.168542
9336,1000,0.50,500,3,440,1.0637,36,12107.00,0.675955
9337,1000,0.50,500,3,440,1.0162,37,11795.00,1.298944
9338,1000,0.50,500,3,440,1.0178,38,11946.00,0.660376
9339,1000,0.50,500,3,440,1.0179,39,11836.00,2.746230
9340,1000,0.50,500,3,440,1.0165,40,11963.00,1.410958
9341,1000,0.50,500,3,440,0.9575,41,11704.00,0.645643
9342,1000,0.50,500,3,440,0.9544,42,11833.00,0.202883
9343,1000,0.50,500,3,440,0.9929,43,12080.00,0.966898
9344,1000,0.50,500,3,440,0.9750,44,12244.00,0.240861
9345,1000,0.50,500,3,440,0.9502,45,11866.00,2.936749
9346,1000,0.50,500,3,440,0.9989,46,12157.00,0.463433
9347,1000,0.50,500,3,440,1.0076,47,11893.00,0.080809
9348,1000,0.50,500,3,440,0.9885,48,11953.00,0.810544
9349,1000,0.50,500,3,440,0.9448,49,11834.00,1.988179
9350,1000,0.50,500,3,440,0.9246,50,11970.00,0.582278
9351,1000,0.50,500,3,440,0.9705,51,11994.00,0.753213
9352,1000,0.50,500,3,440,0.9873,52,11658.00,0.711798
9353,1000,0.50,500,3,440,0.9813,53,11958.00,1.147310
9354,1000,0.50,500,3,440,0.9946,54,12151.00,0.438022
9355,1000,0.50,500,3,440,0.9736,55,11933.00,1.878402
9356,1000,0.50,500,3,440,0.9938,56,11782.00,2.664005
9357,1000,0.50,500,3,440,1.0006,57,12125.00,0.516849
9358,1000,0.50,500,3,440,1.0051,58,12248.00,0.245605
9359,1000,0.50,500,3,440,1.0158,59,12051.00,1.739624
9360,1000,0.50,500,3,440,0.9926,60,12309.00,2.204899
9361,1000,0.50,500,3,440,0.9363,61,12111.00,0.809899
9362,1000,0.50,500,3,440,0.9886,62,12040.00,1.608028
9363,1000,0.50,500,3,440,1.0006,63,12060.00,0.452224
9364,1000,0.50,500,3,440,1.0010,64,11667.00,0.632069
9365,1000,0.50,500,3,440,1.0144,65,12142.00,1.406055
9366,1000,0.50,500,3,440,0.9681,66,12026.00,2.718117
9367,1000,0.50,500,3,440,1.0315,67,11763.00,0.313660
9368,1000,0.50,500,3,440,0.9773,68,12257.00,0.381881
9369,1000,0.50,500,3,440,1.0347,69,12033.00,0.662687
9370,1000,0.50,500,3,440,1.0132,70,11784.00,1.757788
9371,1000,0.50,500,3,440,1.0283,71,11951.00,0.927616
9372,1000,0.50,500,3,440,0.9899,72,11984.00,1.102531
9373,1000,0.50,500,3,440,0.9813,73,11696.00,1.387843
9374,1000,0.50,500,3,440,1.0026,74,2342.00,2.220227
9375,1000,0.50,500,3,440,1.0140,75,12164.00,1.903564
9376,1000,0.50,500,3,440,1.0863,76,1272.00,0.281005
9377,1000,0.50,500,3,440,1.0407,77,11774.00,0.313178
9378,1000,0.50,500,3,440,0.9604,78,11647.00,1.983782
9379,1000,0.50,500,3,440,1.0034,79,11793.00,1.150259
9380,1000,0.50,500,3,440,1.0051,80,11978.00,0.113534
9381,1000,0.50,500,3,440,0.9799,81,11695.00,0.733767
9382,1000,0.50,500,3,440,0.9816,82,12012.00,0.330343
9383,1000,0.50,500,3,440,1.0453,83,12011.00,1.100914
9384,1000,0.50,500,3,440,1.0020,84,9907.00,1.022409
9385,1000,0.50,500,3,440,1.0212,85,11912.00,2.081261
9386,1000,0.50,500,3,440,0.9876,86,12135.00,0.562276
9387,1000,0.50,500,3,440,0.9934,87,9378.00,0.310846
9388,1000,0.50,500,3,440,1.0120,88,12251.00,1.690985
9389,1000,0.50,500,3,440,0.9940,89,12062.00,0.761487
9390,1000,0.50,500,3,440,1.0043,90,11785.00,1.684826
9391,1000,0.50,500,3,440,1.0504,91,11939.00,0.451756
9392,1000,0.50,500,3,440,0.9704,92,12004.00,1.489665
9393,1000,0.50,500,3,440,0.9852,93,12172.00,0.797266
9394,1000,0.50,500,3,440,1.0176,94,12149.00,0.794733
9395,1000,0.50,500,3,440,1.0466,95,12032.00,0.370800
9396,1000,0.50,500,3,440,0.9855,96,11661.00,0.148493
9397,1000,0.50,500,3,440,1.0200,97,12224.00,1.221078
9398,1000,0.50,500,3,440,0.9514,98,11515.00,0.667543
9399,1000,0.50,500,3,440,0.9891,99,12054.00,0.211588
9400,1000,0.50,500,3,450,0.9442,0,12030.00,0.351005
9401,1000,0.50,500,3,450,1.0406,1,784.00,0.678395
9402,1000,0.50,500,3,450,0.9702,2,12403.00,0.760058
9403,1000,0.50,500,3,450,1.0071,3,12333.00,0.933294
9404,1000,0.50,500,3,450,0.9670,4,12538.00,0.323500
9405,1000,0.50,500,3,450,0.9895,5,12330.00,0.286573
9406,1000,0.50,500,3,450,1.0013,6,12434.00,0.781323
9407,1000,0.50,500,3,450,0.9683,7,12172.00,0.996840
9408,1000,0.50,500,3,450,0.9901,8,12155.00,2.395940
9409,1000,0.50,500,3,450,0.9663,9,12266.00,3.996028
9410,1000,0.50,500,3,450,0.9908,10,12471.00,0.497443
9411,1000,0.50,500,3,450,0.9738,11,12089.00,1.222269
9412,1000,0.50,500,3,450,0.9827,12,12241.00,0.311842
9413,1000,0.50,500,3,450,0.9628,13,12361.00,1.212768
9414,1000,0.50,500,3,450,1.0109,14,12232.00,1.635691
9415,1000,0.50,500,3,450,1.0008,15,12203.00,3.345155
9416,1000,0.50,500,3,450,0.9790,16,12268.00,1.955379
9417,1000,0.50,500,3,450,1.0372,17,12298.00,1.215883
9418,1000,0.50,500,3,450,0.9800,18,12277.00,0.485260
9419,1000,0.50,500,3,450,0.9772,19,12100.00,0.419229
9420,1000,0.50,500,3,450,1.0304,20,12223.00,1.238169
9421,1000,0.50,500,3,450,0.9730,21,12491.00,0.952065
9422,1000,0.50,500,3,450,1.1119,22,570.00,2.896746
9423,1000,0.50,500,3,450,1.0096,23,12453.00,1.551566
9424,1000,0.50,500,3,450,1.0357,24,12511.00,1.939026
9425,1000,0.50,500,3,450,1.0354,25,12119.00,0.840641
9426,1000,0.50,500,3,450,0.9729,26,12069.00,1.518485
9427,1000,0.50,500,3,450,1.0063,27,12177.00,0.436690
9428,1000,0.50,500,3,450,1.0255,28,12146.00,1.149880
9429,1000,0.50,500,3,450,0.9983,29,12233.00,0.793468
9430,1000,0.50,500,3,450,0.9717,30,12103.00,1.311066
9431,1000,0.50,500,3,450,1.0091,31,12210.00,2.042492
9432,1000,0.50,500,3,450,0.9992,32,12438.00,0.982239
9433,1000,0.50,500,3,450,1.0354,33,12220.00,0.352471
9434,1000,0.50,500,3,450,0.9953,34,12159.00,1.767610
9435,1000,0.50,500,3,450,0.9824,35,5771.00,0.241467
9436,1000,0.50,500,3,450,0.9680,36,11868.00,0.726951
9437,1000,0.50,500,3,450,1.0210,37,12547.00,0.888250
9438,1000,0.50,500,3,450,1.0148,38,12128.00,0.983445
9439,1000,0.50,500,3,450,1.0604,39,12524.00,2.440842
9440,1000,0.50,500,3,450,0.9954,40,12171.00,0.864692
9441,1000,0.50,500,3,450,0.9971,41,11933.00,1.402602
9442,1000,0.50,500,3,450,1.0408,42,12146.00,1.714825
9443,1000,0.50,500,3,450,1.0381,43,1053.00,0.949685
9444,1000,0.50,500,3,450,0.9943,44,12154.00,0.285464
9445,1000,0.50,500,3,450,0.9522,45,12021.00,0.419090
9446,1000,0.50,500,3,450,1.0093,46,12038.00,1.186329
9447,1000,0.50,500,3,450,1.0208,47,12232.00,0.529521
9448,1000,0.50,500,3,450,1.0636,48,12282.00,1.692428
9449,1000,0.50,500,3,450,1.0154,49,12311.00,0.935420
9450,1000,0.50,500,3,450,0.9876,50,12323.00,0.535394
9451,1000,0.50,500,3,450,0.9999,51,12213.00,1.697081
9452,1000,0.50,500,3,450,1.0294,52,12302.00,0.601139
9453,1000,0.50,500,3,450,1.0398,53,12487.00,0.732058
9454,1000,0.50,500,3,450,0.9766,54,12279.00,1.250260
9455,1000,0.50,500,3,450,0.9894,55,12547.00,0.696939
9456,1000,0.50,500,3,450,0.9937,56,366.00,1.759786
9457,1000,0.50,500,3,450,1.0259,57,11744.00,0.245151
9458,1000,0.50,500,3,450,0.9342,58,12142.00,0.415972
9459,1000,0.50,500,3,450,0.9917,59,12266.00,3.550257
9460,1000,0.50,500,3,450,0.9782,60,12149.00,0.997180
9461,1000,0.50,500,3,450,0.9145,61,12099.00,0.358403
9462,1000,0.50,500,3,450,1.0004,62,12353.00,0.619144
9463,1000,0.50,500,3,450,1.0070,63,12323.00,1.453410
9464,1000,0.50,500,3,450,1.0059,64,12233.00,0.254881
9465,1000,0.50,500,3,450,0.9405,65,12129.00,0.056018
9466,1000,0.50,500,3,450,1.0078,66,12195.00,0.272013
9467,1000,0.50,500,3,450,1.0106,67,5856.00,0.518800
9468,1000,0.50,500,3,450,0.9928,68,12130.00,0.991015
9469,1000,0.50,500,3,450,0.9595,69,12090.00,0.437094
9470,1000,0.50,500,3,450,1.0262,70,12047.00,1.947192
9471,1000,0.50,500,3,450,0.9603,71,12208.00,0.116512
9472,1000,0.50,500,3,450,1.0432,72,12067.00,0.771302
9473,1000,0.50,500,3,450,0.9902,73,12459.00,1.510631
9474,1000,0.50,500,3,450,0.9602,74,12354.00,0.678647
9475,1000,0.50,500,3,450,0.9762,75,12311.00,1.901298
9476,1000,0.50,500,3,450,1.0023,76,12518.00,3.050873
9477,1000,0.50,500,3,450,0.9778,77,11932.00,0.344235
9478,1000,0.50,500,3,450,0.9874,78,12302.00,0.630407
9479,1000,0.50,500,3,450,1.0188,79,12254.00,0.432128
9480,1000,0.50,500,3,450,1.0119,80,12034.00,0.556362
9481,1000,0.50,500,3,450,0.9537,81,12084.00,0.384337
9482,1000,0.50,500,3,450,0.9974,82,11970.00,1.249116
9483,1000,0.50,500,3,450,1.0134,83,12311.00,0.833295
9484,1000,0.50,500,3,450,1.0198,84,8319.00,1.934667
9485,1000,0.50,500,3,450,1.0838,85,12337.00,0.892273
9486,1000,0.50,500,3,450,1.0295,86,12361.00,0.542207
9487,1000,0.50,500,3,450,1.0184,87,12416.00,0.653001
9488,1000,0.50,500,3,450,0.9844,88,12125.00,0.075353
9489,1000,0.50,500,3,450,1.0435,89,12676.00,1.702912
9490,1000,0.50,500,3,450,1.0283,90,12452.00,1.021038
9491,1000,0.50,500,3,450,1.0061,91,12194.00,1.124104
9492,1000,0.50,500,3,450,1.0461,92,12130.00,0.437262
9493,1000,0.50,500,3,450,1.0483,93,12141.00,0.771249
9494,1000,0.50,500,3,450,1.0394,94,12501.00,0.833124
9495,1000,0.50,500,3,450,0.9786,95,12139.00,2.580234
9496,1000,0.50,500,3,450,0.9709,96,12395.00,1.918042
9497,1000,0.50,500,3,450,0.9862,97,11969.00,1.580238
9498,1000,0.50,500,3,450,1.0134,98,12348.00,0.263139
9499,1000,0.50,500,3,450,1.0156,99,12320.00,1.124444
9500,1000,0.50,500,3,460,1.0512,0,12521.00,1.152364
9501,1000,0.50,500,3,460,1.0540,1,3404.00,2.244120
9502,1000,0.50,500,3,460,1.0147,2,12436.00,1.208743
9503,1000,0.50,500,3,460,0.9934,3,12670.00,1.860147
9504,1000,0.50,500,3,460,1.0222,4,12445.00,0.214362
9505,1000,0.50,500,3,460,1.0551,5,4544.00,0.346212
9506,1000,0.50,500,3,460,0.9341,6,12546.00,0.649066
9507,1000,0.50,500,3,460,1.0022,7,12571.00,1.464138
9508,1000,0.50,500,3,460,0.9810,8,12408.00,0.849581
9509,1000,0.50,500,3,460,0.9748,9,12614.00,1.678783
9510,1000,0.50,500,3,460,1.0091,10,12385.00,0.619788
9511,1000,0.50,500,3,460,0.9514,11,12321.00,0.498747
9512,1000,0.50,500,3,460,1.0175,12,12695.00,0.775520
9513,1000,0.50,500,3,460,1.0217,13,501.00,1.295523
9514,1000,0.50,500,3,460,0.9968,14,1837.00,0.956716
9515,1000,0.50,500,3,460,1.0015,15,6448.00,0.327302
9516,1000,0.50,500,3,460,1.0118,16,12661.00,2.010705
9517,1000,0.50,500,3,460,0.9474,17,12511.00,0.356409
9518,1000,0.50,500,3,460,1.0233,18,12429.00,2.169125
9519,1000,0.50,500,3,460,0.9891,19,12331.00,0.971855
9520,1000,0.50,500,3,460,0.9990,20,12437.00,2.325717
9521,1000,0.50,500,3,460,1.0136,21,12391.00,0.270798
9522,1000,0.50,500,3,460,1.0267,22,12373.00,0.651725
9523,1000,0.50,500,3,460,1.0216,23,12309.00,0.873428
9524,1000,0.50,500,3,460,0.9895,24,12637.00,0.337210
9525,1000,0.50,500,3,460,0.9881,25,12437.00,0.279548
9526,1000,0.50,500,3,460,1.0257,26,12410.00,1.103445
9527,1000,0.50,500,3,460,1.0039,27,12397.00,0.541301
9528,1000,0.50,500,3,460,1.0354,28,12624.00,0.392004
9529,1000,0.50,500,3,460,1.0083,29,12449.00,0.317461
9530,1000,0.50,500,3,460,0.9887,30,12425.00,1.952648
9531,1000,0.50,500,3,460,1.0087,31,2244.00,3.119661
9532,1000,0.50,500,3,460,1.0471,32,959.00,0.307684
9533,1000,0.50,500,3,460,0.9588,33,12403.00,0.301579
9534,1000,0.50,500,3,460,1.0783,34,1113.00,1.787629
9535,1000,0.50,500,3,460,1.0361,35,12726.00,0.533675
9536,1000,0.50,500,3,460,0.9564,36,12485.00,0.699864
9537,1000,0.50,500,3,460,1.0041,37,12427.00,1.102989
9538,1000,0.50,500,3,460,1.0397,38,12422.00,1.765227
9539,1000,0.50,500,3,460,0.9943,39,12589.00,1.417403
9540,1000,0.50,500,3,460,0.9572,40,12398.00,1.264816
9541,1000,0.50,500,3,460,0.9741,41,12649.00,1.531454
9542,1000,0.50,500,3,460,0.9842,42,12619.00,1.802597
9543,1000,0.50,500,3,460,0.9925,43,12463.00,1.936599
9544,1000,0.50,500,3,460,1.0048,44,12591.00,1.666606
9545,1000,0.50,500,3,460,0.9770,45,12393.00,1.713534
9546,1000,0.50,500,3,460,1.0338,46,12576.00,0.451763
9547,1000,0.50,500,3,460,0.9916,47,12625.00,2.062087
9548,1000,0.50,500,3,460,1.0143,48,12622.00,0.519057
9549,1000,0.50,500,3,460,1.0151,49,12446.00,0.948232
9550,1000,0.50,500,3,460,1.0491,50,5145.00,0.475143
9551,1000,0.50,500,3,460,0.9765,51,12601.00,0.309178
9552,1000,0.50,500,3,460,0.9440,52,12474.00,0.226297
9553,1000,0.50,500,3,460,0.9574,53,12762.00,4.078874
9554,1000,0.50,500,3,460,1.0100,54,12627.00,0.227457
9555,1000,0.50,500,3,460,1.0609,55,12607.00,0.479153
9556,1000,0.50,500,3,460,1.0133,56,12498.00,1.551262
9557,1000,0.50,500,3,460,1.0141,57,12462.00,1.964849
9558,1000,0.50,500,3,460,0.9344,58,12495.00,1.672684
9559,1000,0.50,500,3,460,1.0116,59,12650.00,0.652682
9560,1000,0.50,500,3,460,0.9926,60,12745.00,0.566023
9561,1000,0.50,500,3,460,1.0601,61,12657.00,1.373954
9562,1000,0.50,500,3,460,0.9895,62,12779.00,1.626652
9563,1000,0.50,500,3,460,1.0548,63,2163.00,0.295474
9564,1000,0.50,500,3,460,1.0403,64,12602.00,0.540114
9565,1000,0.50,500,3,460,1.0102,65,12550.00,1.395443
9566,1000,0.50,500,3,460,1.0120,66,12764.00,0.806200
9567,1000,0.50,500,3,460,0.9496,67,12327.00,1.651715
9568,1000,0.50,500,3,460,1.0217,68,5297.00,0.309667
9569,1000,0.50,500,3,460,1.0114,69,12331.00,0.807815
9570,1000,0.50,500,3,460,1.0449,70,138.00,1.800937
9571,1000,0.50,500,3,460,1.0295,71,12448.00,0.662908
9572,1000,0.50,500,3,460,0.9772,72,12128.00,0.563615
9573,1000,0.50,500,3,460,0.9795,73,12782.00,0.938705
9574,1000,0.50,500,3,460,1.0064,74,12498.00,0.408100
9575,1000,0.50,500,3,460,0.9696,75,12524.00,2.172454
9576,1000,0.50,500,3,460,1.0086,76,12329.00,1.120692
9577,1000,0.50,500,3,460,1.0102,77,12479.00,2.046334
9578,1000,0.50,500,3,460,1.0156,78,12550.00,1.530177
9579,1000,0.50,500,3,460,1.0416,79,12553.00,1.319519
9580,1000,0.50,500,3,460,1.0142,80,12623.00,0.576653
9581,1000,0.50,500,3,460,1.0327,81,12421.00,4.188343
9582,1000,0.50,500,3,460,0.9720,82,12273.00,0.343579
9583,1000,0.50,500,3,460,0.9728,83,12737.00,0.558686
9584,1000,0.50,500,3,460,1.1034,84,3156.00,0.931809
9585,1000,0.50,500,3,460,1.0157,85,12384.00,0.862029
9586,1000,0.50,500,3,460,0.9929,86,12350.00,0.460304
9587,1000,0.50,500,3,460,0.9844,87,12644.00,1.105960
9588,1000,0.50,500,3,460,0.9857,88,12707.00,1.534289
9589,1000,0.50,500,3,460,1.0194,89,12809.00,2.526368
9590,1000,0.50,500,3,460,0.9814,90,12638.00,0.216564
9591,1000,0.50,500,3,460,0.9608,91,12475.00,0.482803
9592,1000,0.50,500,3,460,0.9933,92,12455.00,0.643301
9593,1000,0.50,500,3,460,1.0262,93,12575.00,1.089346
9594,1000,0.50,500,3,460,1.0168,94,12611.00,1.165051
9595,1000,0.50,500,3,460,0.9812,95,12623.00,1.302639
9596,1000,0.50,500,3,460,0.9660,96,12843.00,0.638791
9597,1000,0.50,500,3,460,1.0197,97,12840.00,1.055849
9598,1000,0.50,500,3,460,0.9866,98,12938.00,0.432466
9599,1000,0.50,500,3,460,1.0330,99,12627.00,0.239135
9600,1000,0.50,500,3,470,0.9645,0,12553.00,1.013156
9601,1000,0.50,500,3,470,1.0537,1,12898.00,0.488811
9602,1000,0.50,500,3,470,1.0370,2,7836.00,2.497564
9603,1000,0.50,500,3,470,0.9501,3,12976.00,1.802925
9604,1000,0.50,500,3,470,0.9578,4,12973.00,0.965956
9605,1000,0.50,500,3,470,0.9549,5,12719.00,0.716664
9606,1000,0.50,500,3,470,0.9287,6,12924.00,0.272689
9607,1000,0.50,500,3,470,0.9728,7,12829.00,1.227440
9608,1000,0.50,500,3,470,0.9991,8,12882.00,0.403272
9609,1000,0.50,500,3,470,1.0247,9,12789.00,3.600402
9610,1000,0.50,500,3,470,0.9427,10,12825.00,0.719510
9611,1000,0.50,500,3,470,0.9749,11,12954.00,1.656094
9612,1000,0.50,500,3,470,1.0354,12,6109.00,1.382345
9613,1000,0.50,500,3,470,0.9907,13,12975.00,2.248554
9614,1000,0.50,500,3,470,0.9539,14,12845.00,0.729723
9615,1000,0.50,500,3,470,0.9546,15,12892.00,1.612015
9616,1000,0.50,500,3,470,1.0241,16,324.00,1.666278
9617,1000,0.50,500,3,470,0.9711,17,12495.00,0.536419
9618,1000,0.50,500,3,470,1.0355,18,13233.00,2.476345
9619,1000,0.50,500,3,470,1.0263,19,12853.00,1.601073
9620,1000,0.50,500,3,470,1.0189,20,12585.00,1.207509
9621,1000,0.50,500,3,470,1.0077,21,13050.00,0.500730
9622,1000,0.50,500,3,470,1.0720,22,9310.00,1.200251
9623,1000,0.50,500,3,470,0.9637,23,12816.00,0.179143
9624,1000,0.50,500,3,470,0.9870,24,12318.00,0.220932
9625,1000,0.50,500,3,470,1.0025,25,12726.00,1.055970
9626,1000,0.50,500,3,470,0.9483,26,12931.00,3.141515
9627,1000,0.50,500,3,470,0.9878,27,12621.00,0.141363
9628,1000,0.50,500,3,470,1.0189,28,12987.00,0.385827
9629,1000,0.50,500,3,470,1.0259,29,12847.00,1.046974
9630,1000,0.50,500,3,470,1.0220,30,12879.00,1.124714
9631,1000,0.50,500,3,470,0.9785,31,12808.00,0.369140
9632,1000,0.50,500,3,470,0.9452,32,12574.00,2.483176
9633,1000,0.50,500,3,470,0.9769,33,12630.00,0.426095
9634,1000,0.50,500,3,470,0.9728,34,12592.00,1.013440
9635,1000,0.50,500,3,470,0.9759,35,12663.00,0.806925
9636,1000,0.50,500,3,470,0.9946,36,12717.00,2.152384
9637,1000,0.50,500,3,470,0.9589,37,12517.00,0.719092
9638,1000,0.50,500,3,470,1.0401,38,12903.00,0.055811
9639,1000,0.50,500,3,470,0.9899,39,12784.00,0.613002
9640,1000,0.50,500,3,470,1.0208,40,14142.00,0.381393
9641,1000,0.50,500,3,470,0.9514,41,12530.00,1.831537
9642,1000,0.50,500,3,470,1.0032,42,12780.00,0.513576
9643,1000,0.50,500,3,470,0.9878,43,12994.00,3.094638
9644,1000,0.50,500,3,470,1.0209,44,12965.00,1.218776
9645,1000,0.50,500,3,470,0.9789,45,12604.00,0.239343
9646,1000,0.50,500,3,470,1.0023,46,12933.00,1.664002
9647,1000,0.50,500,3,470,0.9842,47,12924.00,0.354284
9648,1000,0.50,500,3,470,0.9897,48,12697.00,0.354117
9649,1000,0.50,500,3,470,0.9864,49,12655.00,0.725041
9650,1000,0.50,500,3,470,1.0114,50,12702.00,1.045016
9651,1000,0.50,500,3,470,0.9745,51,12725.00,1.656960
9652,1000,0.50,500,3,470,1.0306,52,12970.00,0.706181
9653,1000,0.50,500,3,470,0.9752,53,12917.00,0.447681
9654,1000,0.50,500,3,470,0.9581,54,12717.00,0.945444
9655,1000,0.50,500,3,470,1.0307,55,12414.00,0.795327
9656,1000,0.50,500,3,470,0.9821,56,12530.00,0.747716
9657,1000,0.50,500,3,470,0.9962,57,12632.00,0.413414
9658,1000,0.50,500,3,470,0.9802,58,12588.00,0.327085
9659,1000,0.50,500,3,470,0.9533,59,12521.00,0.227410
9660,1000,0.50,500,3,470,0.9820,60,12911.00,2.422869
9661,1000,0.50,500,3,470,0.9810,61,12811.00,0.685149
9662,1000,0.50,500,3,470,0.9626,62,12858.00,0.207183
9663,1000,0.50,500,3,470,1.0597,63,12938.00,0.822973
9664,1000,0.50,500,3,470,0.9912,64,12871.00,1.983839
9665,1000,0.50,500,3,470,1.0152,65,12561.00,0.917869
9666,1000,0.50,500,3,470,0.9902,66,13084.00,1.518707
9667,1000,0.50,500,3,470,0.9320,67,12882.00,0.588038
9668,1000,0.50,500,3,470,0.9105,68,13095.00,1.604748
9669,1000,0.50,500,3,470,0.9707,69,3661.00,0.296581
9670,1000,0.50,500,3,470,1.0233,70,12962.00,1.523183
9671,1000,0.50,500,3,470,0.9728,71,12476.00,1.023038
9672,1000,0.50,500,3,470,1.0400,72,4350.00,0.237759
9673,1000,0.50,500,3,470,0.9880,73,12642.00,0.618858
9674,1000,0.50,500,3,470,0.9564,74,12726.00,0.293050
9675,1000,0.50,500,3,470,1.0153,75,12729.00,0.189934
9676,1000,0.50,500,3,470,1.0360,76,13015.00,1.861959
9677,1000,0.50,500,3,470,1.0157,77,12529.00,0.944038
9678,1000,0.50,500,3,470,0.9901,78,13223.00,0.737574
9679,1000,0.50,500,3,470,1.0441,79,2307.00,2.249848
9680,1000,0.50,500,3,470,0.9933,80,12681.00,1.512997
9681,1000,0.50,500,3,470,1.0200,81,12781.00,1.665302
9682,1000,0.50,500,3,470,1.0203,82,12922.00,1.824514
9683,1000,0.50,500,3,470,1.0129,83,12826.00,1.311649
9684,1000,0.50,500,3,470,1.0130,84,12756.00,0.651127
9685,1000,0.50,500,3,470,1.0237,85,11861.00,0.375686
9686,1000,0.50,500,3,470,0.9390,86,12725.00,1.176478
9687,1000,0.50,500,3,470,0.9780,87,12756.00,1.758433
9688,1000,0.50,500,3,470,0.9747,88,12732.00,0.156732
9689,1000,0.50,500,3,470,1.0125,89,12844.00,0.369201
9690,1000,0.50,500,3,470,1.0474,90,12922.00,0.389329
9691,1000,0.50,500,3,470,1.0022,91,12797.00,0.652653
9692,1000,0.50,500,3,470,0.9530,92,12465.00,0.991622
9693,1000,0.50,500,3,470,1.0025,93,12601.00,0.216307
9694,1000,0.50,500,3,470,1.0091,94,12625.00,0.896859
9695,1000,0.50,500,3,470,0.9862,95,12649.00,3.308909
9696,1000,0.50,500,3,470,0.9861,96,12840.00,1.474310
9697,1000,0.50,500,3,470,0.9425,97,12893.00,1.032138
9698,1000,0.50,500,3,470,0.9845,98,13168.00,1.228688
9699,1000,0.50,500,3,470,1.0032,99,13133.00,1.659923
9700,1000,0.50,500,3,480,1.0500,0,857.00,0.288984
9701,1000,0.50,500,3,480,0.9909,1,12742.00,0.983771
9702,1000,0.50,500,3,480,0.9769,2,12829.00,2.452857
9703,1000,0.50,500,3,480,1.0258,3,12762.00,3.041477
9704,1000,0.50,500,3,480,1.0126,4,12964.00,1.573335
9705,1000,0.50,500,3,480,0.9348,5,12447.00,0.533725
9706,1000,0.50,500,3,480,1.0012,6,12757.00,0.410535
9707,1000,0.50,500,3,480,0.9712,7,12222.00,2.395488
9708,1000,0.50,500,3,480,0.9924,8,12746.00,1.330576
9709,1000,0.50,500,3,480,0.9510,9,12828.00,0.853624
9710,1000,0.50,500,3,480,0.9876,10,12789.00,0.494074
9711,1000,0.50,500,3,480,0.9697,11,12639.00,1.245393
9712,1000,0.50,500,3,480,1.0243,12,12878.00,0.869496
9713,1000,0.50,500,3,480,1.0272,13,2655.00,0.253045
9714,1000,0.50,500,3,480,0.9811,14,12689.00,1.086609
9715,1000,0.50,500,3,480,1.0139,15,12266.00,0.685642
9716,1000,0.50,500,3,480,1.0003,16,12965.00,0.344897
9717,1000,0.50,500,3,480,1.0168,17,12913.00,0.397132
9718,1000,0.50,500,3,480,1.0292,18,12815.00,0.796189
9719,1000,0.50,500,3,480,0.9945,19,12573.00,0.286488
9720,1000,0.50,500,3,480,0.9975,20,12717.00,0.943302
9721,1000,0.50,500,3,480,0.9694,21,12553.00,1.835326
9722,1000,0.50,500,3,480,0.9756,22,12747.00,2.244096
9723,1000,0.50,500,3,480,0.9984,23,12622.00,2.540791
9724,1000,0.50,500,3,480,1.0400,24,12683.00,0.117868
9725,1000,0.50,500,3,480,1.0816,25,12834.00,1.039884
9726,1000,0.50,500,3,480,0.9717,26,12768.00,0.908666
9727,1000,0.50,500,3,480,1.0289,27,61.00,0.622353
9728,1000,0.50,500,3,480,0.9934,28,12353.00,1.381127
9729,1000,0.50,500,3,480,1.0165,29,12801.00,0.489182
9730,1000,0.50,500,3,480,0.9800,30,12505.00,0.280913
9731,1000,0.50,500,3,480,1.0113,31,12457.00,0.463564
9732,1000,0.50,500,3,480,0.9745,32,12777.00,0.387986
9733,1000,0.50,500,3,480,0.9501,33,12500.00,3.036786
9734,1000,0.50,500,3,480,1.0661,34,12544.00,0.475878
9735,1000,0.50,500,3,480,0.9922,35,12844.00,0.744138
9736,1000,0.50,500,3,480,1.0441,36,13154.00,0.821941
9737,1000,0.50,500,3,480,0.9780,37,13362.00,2.356316
9738,1000,0.50,500,3,480,0.9986,38,13174.00,0.946838
9739,1000,0.50,500,3,480,1.0035,39,12640.00,0.839498
9740,1000,0.50,500,3,480,0.9523,40,13203.00,0.561252
9741,1000,0.50,500,3,480,0.9967,41,13070.00,1.304198
9742,1000,0.50,500,3,480,1.0025,42,13470.00,1.158212
9743,1000,0.50,500,3,480,0.9602,43,13656.00,2.749277
9744,1000,0.50,500,3,480,0.9959,44,13412.00,1.893365
9745,1000,0.50,500,3,480,1.0564,45,2712.00,0.375472
9746,1000,0.50,500,3,480,0.9568,46,12582.00,0.448177
9747,1000,0.50,500,3,480,1.0127,47,13098.00,1.351726
9748,1000,0.50,500,3,480,0.9823,48,12564.00,0.430965
9749,1000,0.50,500,3,480,0.9597,49,12670.00,1.559281
9750,1000,0.50,500,3,480,1.0342,50,12668.00,0.670565
9751,1000,0.50,500,3,480,1.0043,51,12812.00,2.152417
9752,1000,0.50,500,3,480,1.0410,52,12679.00,1.509875
9753,1000,0.50,500,3,480,0.9296,53,12311.00,2.299826
9754,1000,0.50,500,3,480,1.0286,54,13011.00,1.750820
9755,1000,0.50,500,3,480,1.0332,55,12984.00,0.891967
9756,1000,0.50,500,3,480,0.9894,56,12494.00,0.427308
9757,1000,0.50,500,3,480,0.9790,57,13082.00,2.487094
9758,1000,0.50,500,3,480,1.0159,58,12956.00,0.822948
9759,1000,0.50,500,3,480,1.0123,59,12340.00,1.493566
9760,1000,0.50,500,3,480,1.0264,60,12575.00,0.420250
9761,1000,0.50,500,3,480,1.0311,61,9100.00,2.834939
9762,1000,0.50,500,3,480,1.0023,62,12663.00,0.181889
9763,1000,0.50,500,3,480,0.9717,63,3597.00,1.097458
9764,1000,0.50,500,3,480,0.9887,64,13143.00,0.853877
9765,1000,0.50,500,3,480,0.9628,65,13247.00,0.382516
9766,1000,0.50,500,3,480,1.0223,66,13633.00,0.487505
9767,1000,0.50,500,3,480,1.0078,67,13378.00,0.304504
9768,1000,0.50,500,3,480,1.0044,68,13282.00,1.104177
9769,1000,0.50,500,3,480,0.9834,69,12716.00,0.216547
9770,1000,0.50,500,3,480,1.0607,70,12795.00,2.789514
9771,1000,0.50,500,3,480,0.9447,71,12740.00,0.660351
9772,1000,0.50,500,3,480,0.9911,72,13074.00,1.947028
9773,1000,0.50,500,3,480,0.9176,73,13143.00,1.958923
9774,1000,0.50,500,3,480,0.9893,74,12450.00,0.195741
9775,1000,0.50,500,3,480,0.9702,75,12555.00,0.747748
9776,1000,0.50,500,3,480,0.9805,76,12660.00,1.416228
9777,1000,0.50,500,3,480,0.9735,77,12532.00,0.273546
9778,1000,0.50,500,3,480,1.0467,78,12850.00,1.878450
9779,1000,0.50,500,3,480,1.0258,79,12903.00,2.207911
9780,1000,0.50,500,3,480,0.9782,80,12916.00,0.891969
9781,1000,0.50,500,3,480,0.9898,81,12973.00,0.668660
9782,1000,0.50,500,3,480,1.0078,82,13296.00,0.267154
9783,1000,0.50,500,3,480,1.0034,83,9470.00,0.302471
9784,1000,0.50,500,3,480,0.9517,84,12795.00,0.431306
9785,1000,0.50,500,3,480,0.9386,85,12954.00,2.107376
9786,1000,0.50,500,3,480,1.0176,86,12998.00,0.933892
9787,1000,0.50,500,3,480,1.0372,87,1298.00,0.821650
9788,1000,0.50,500,3,480,1.0322,88,12737.00,0.967731
9789,1000,0.50,500,3,480,0.9970,89,4646.00,0.739787
9790,1000,0.50,500,3,480,1.0523,90,11921.00,1.863718
9791,1000,0.50,500,3,480,1.0144,91,13380.00,0.979549
9792,1000,0.50,500,3,480,1.0389,92,13383.00,0.946348
9793,1000,0.50,500,3,480,0.9643,93,13039.00,0.682259
9794,1000,0.50,500,3,480,0.9916,94,13424.00,1.021000
9795,1000,0.50,500,3,480,0.9556,95,12555.00,0.549653
9796,1000,0.50,500,3,480,1.0042,96,12972.00,1.672434
9797,1000,0.50,500,3,480,0.9664,97,12753.00,1.604285
9798,1000,0.50,500,3,480,0.9550,98,12457.00,0.753102
9799,1000,0.50,500,3,480,1.0245,99,12436.00,0.148705
9800,1000,0.50,500,3,490,0.9773,0,13397.00,0.238883
9801,1000,0.50,500,3,490,1.0293,1,13129.00,2.640912
9802,1000,0.50,500,3,490,1.0312,2,13020.00,0.720487
9803,1000,0.50,500,3,490,1.0274,3,13067.00,0.174022
9804,1000,0.50,500,3,490,1.0755,4,7467.00,1.207635
9805,1000,0.50,500,3,490,1.0296,5,13681.00,1.870366
9806,1000,0.50,500,3,490,0.9547,6,13123.00,1.022233
9807,1000,0.50,500,3,490,1.0112,7,10400.00,0.469936
9808,1000,0.50,500,3,490,0.9876,8,459.00,2.811939
9809,1000,0.50,500,3,490,1.0268,9,13039.00,0.944433
9810,1000,0.50,500,3,490,1.0140,10,13164.00,1.183581
9811,1000,0.50,500,3,490,0.9951,11,12799.00,1.072050
9812,1000,0.50,500,3,490,0.9285,12,13105.00,0.159400
9813,1000,0.50,500,3,490,0.9310,13,12855.00,0.493444
9814,1000,0.50,500,3,490,1.0128,14,13331.00,1.323102
9815,1000,0.50,500,3,490,0.9909,15,13007.00,1.203239
9816,1000,0.50,500,3,490,1.0238,16,13222.00,0.362486
9817,1000,0.50,500,3,490,1.0492,17,6800.00,0.433158
9818,1000,0.50,500,3,490,1.0155,18,13113.00,1.726687
9819,1000,0.50,500,3,490,0.9763,19,13023.00,0.932922
9820,1000,0.50,500,3,490,1.0187,20,13087.00,1.968411
9821,1000,0.50,500,3,490,0.9733,21,12958.00,1.809479
9822,1000,0.50,500,3,490,0.9877,22,12990.00,2.815648
9823,1000,0.50,500,3,490,1.0019,23,12810.00,0.525264
9824,1000,0.50,500,3,490,1.0133,24,5295.00,0.488728
9825,1000,0.50,500,3,490,0.9912,25,13050.00,0.559909
9826,1000,0.50,500,3,490,1.0215,26,13092.00,0.292434
9827,1000,0.50,500,3,490,1.0802,27,13360.00,1.231755
9828,1000,0.50,500,3,490,1.0308,28,13250.00,0.563394
9829,1000,0.50,500,3,490,1.0040,29,13149.00,0.445584
9830,1000,0.50,500,3,490,0.9817,30,13001.00,1.805678
9831,1000,0.50,500,3,490,1.0338,31,13038.00,2.359436
9832,1000,0.50,500,3,490,1.0186,32,12943.00,2.108735
9833,1000,0.50,500,3,490,0.9674,33,12742.00,0.866456
9834,1000,0.50,500,3,490,1.0011,34,12865.00,1.001399
9835,1000,0.50,500,3,490,0.9961,35,13074.00,1.545121
9836,1000,0.50,500,3,490,0.9729,36,12889.00,0.318317
9837,1000,0.50,500,3,490,0.9732,37,13108.00,2.410433
9838,1000,0.50,500,3,490,0.9332,38,12986.00,0.683867
9839,1000,0.50,500,3,490,1.0017,39,12765.00,1.590262
9840,1000,0.50,500,3,490,0.9859,40,12995.00,0.779030
9841,1000,0.50,500,3,490,1.0098,41,13107.00,0.259229
9842,1000,0.50,500,3,490,0.9434,42,13577.00,0.715112
9843,1000,0.50,500,3,490,0.9909,43,13416.00,2.111623
9844,1000,0.50,500,3,490,0.9291,44,12642.00,0.497901
9845,1000,0.50,500,3,490,0.9279,45,13103.00,0.491958
9846,1000,0.50,500,3,490,1.0090,46,12900.00,0.948857
9847,1000,0.50,500,3,490,1.0019,47,12863.00,1.544017
9848,1000,0.50,500,3,490,0.9598,48,13157.00,1.261333
9849,1000,0.50,500,3,490,1.0483,49,12910.00,0.635136
9850,1000,0.50,500,3,490,0.9994,50,12971.00,3.298811
9851,1000,0.50,500,3,490,0.9821,51,12960.00,0.326979
9852,1000,0.50,500,3,490,0.9669,52,13321.00,0.933575
9853,1000,0.50,500,3,490,1.0196,53,13023.00,0.319741
9854,1000,0.50,500,3,490,0.9483,54,12841.00,0.261580
9855,1000,0.50,500,3,490,0.9879,55,12868.00,1.436184
9856,1000,0.50,500,3,490,1.0280,56,13042.00,1.504972
9857,1000,0.50,500,3,490,1.0308,57,7387.00,1.045616
9858,1000,0.50,500,3,490,0.9982,58,13274.00,1.891332
9859,1000,0.50,500,3,490,0.9355,59,12906.00,0.308655
9860,1000,0.50,500,3,490,1.0008,60,13141.00,1.097945
9861,1000,0.50,500,3,490,0.9743,61,13133.00,1.123837
9862,1000,0.50,500,3,490,0.9867,62,12888.00,1.555684
9863,1000,0.50,500,3,490,1.0102,63,5479.00,0.360126
9864,1000,0.50,500,3,490,1.0135,64,12892.00,2.290405
9865,1000,0.50,500,3,490,0.9742,65,4465.00,0.411818
9866,1000,0.50,500,3,490,0.9978,66,13179.00,1.267911
9867,1000,0.50,500,3,490,0.9767,67,12824.00,0.534505
9868,1000,0.50,500,3,490,0.9896,68,12673.00,0.302838
9869,1000,0.50,500,3,490,0.9870,69,12962.00,0.843988
9870,1000,0.50,500,3,490,1.0230,70,12811.00,0.528859
9871,1000,0.50,500,3,490,0.9748,71,12908.00,1.272530
9872,1000,0.50,500,3,490,1.0231,72,13082.00,0.672341
9873,1000,0.50,500,3,490,1.0169,73,13244.00,0.676933
9874,1000,0.50,500,3,490,1.0308,74,13288.00,2.756613
9875,1000,0.50,500,3,490,1.0037,75,12949.00,2.249700
9876,1000,0.50,500,3,490,0.9911,76,13053.00,1.701448
9877,1000,0.50,500,3,490,1.0489,77,7530.00,1.495795
9878,1000,0.50,500,3,490,0.9786,78,12640.00,2.382268
9879,1000,0.50,500,3,490,1.0504,79,12756.00,2.672978
9880,1000,0.50,500,3,490,1.0049,80,12750.00,0.857113
9881,1000,0.50,500,3,490,1.0091,81,13335.00,0.287838
9882,1000,0.50,500,3,490,0.9926,82,12861.00,0.877045
9883,1000,0.50,500,3,490,0.9600,83,12928.00,0.279804
9884,1000,0.50,500,3,490,1.0579,84,2007.00,2.015062
9885,1000,0.50,500,3,490,1.0035,85,12769.00,0.497069
9886,1000,0.50,500,3,490,0.9906,86,13161.00,1.360350
9887,1000,0.50,500,3,490,1.0147,87,13111.00,0.635807
9888,1000,0.50,500,3,490,0.9527,88,12995.00,0.633553
9889,1000,0.50,500,3,490,0.9832,89,12973.00,1.173165
9890,1000,0.50,500,3,490,0.9695,90,13093.00,2.489536
9891,1000,0.50,500,3,490,0.9968,91,12559.00,0.425230
9892,1000,0.50,500,3,490,1.0082,92,13092.00,2.463588
9893,1000,0.50,500,3,490,1.0256,93,13007.00,3.156818
9894,1000,0.50,500,3,490,1.0141,94,13145.00,2.511850
9895,1000,0.50,500,3,490,0.9733,95,12934.00,0.815630
9896,1000,0.50,500,3,490,0.9931,96,13282.00,0.499695
9897,1000,0.50,500,3,490,0.9798,97,13107.00,2.999887
9898,1000,0.50,500,3,490,0.9706,98,13011.00,0.320511
9899,1000,0.50,500,3,490,1.0176,99,12869.00,1.408654
9900,1000,0.50,500,3,500,1.0402,0,13218.00,1.651753
9901,1000,0.50,500,3,500,1.0139,1,13512.00,0.639426
9902,1000,0.50,500,3,500,0.9057,2,13585.00,1.574607
9903,1000,0.50,500,3,500,1.0027,3,13146.00,0.287140
9904,1000,0.50,500,3,500,1.0191,4,13214.00,0.536434
9905,1000,0.50,500,3,500,0.9766,5,13257.00,0.352724
9906,1000,0.50,500,3,500,1.0357,6,3586.00,0.439024
9907,1000,0.50,500,3,500,1.0486,7,13168.00,0.890097
9908,1000,0.50,500,3,500,1.0218,8,4922.00,1.546082
9909,1000,0.50,500,3,500,0.9356,9,12971.00,0.841091
9910,1000,0.50,500,3,500,0.9767,10,13189.00,1.716243
9911,1000,0.50,500,3,500,0.9890,11,13541.00,0.259276
9912,1000,0.50,500,3,500,1.0285,12,13330.00,1.983711
9913,1000,0.50,500,3,500,0.9867,13,13297.00,2.801980
9914,1000,0.50,500,3,500,0.9803,14,13137.00,0.505457
9915,1000,0.50,500,3,500,1.0077,15,13153.00,0.695639
9916,1000,0.50,500,3,500,0.9697,16,13374.00,0.943751
9917,1000,0.50,500,3,500,0.9647,17,13175.00,1.642943
9918,1000,0.50,500,3,500,1.0046,18,13314.00,1.241485
9919,1000,0.50,500,3,500,0.9592,19,13334.00,0.101323
9920,1000,0.50,500,3,500,1.0033,20,13776.00,0.408427
9921,1000,0.50,500,3,500,0.9549,21,12977.00,0.436715
9922,1000,0.50,500,3,500,0.9570,22,12877.00,1.089356
9923,1000,0.50,500,3,500,0.9685,23,13158.00,0.498112
9924,1000,0.50,500,3,500,0.9789,24,13298.00,0.372228
9925,1000,0.50,500,3,500,1.0179,25,13194.00,0.970026
9926,1000,0.50,500,3,500,1.0294,26,13233.00,0.530554
9927,1000,0.50,500,3,500,0.9510,27,13334.00,1.034347
9928,1000,0.50,500,3,500,0.9568,28,13189.00,0.416854
9929,1000,0.50,500,3,500,1.0208,29,13118.00,0.774916
9930,1000,0.50,500,3,500,0.9993,30,4485.00,1.783965
9931,1000,0.50,500,3,500,1.0382,31,13279.00,0.714944
9932,1000,0.50,500,3,500,1.0478,32,13236.00,0.901695
9933,1000,0.50,500,3,500,1.0151,33,13331.00,1.720629
9934,1000,0.50,500,3,500,1.0017,34,13322.00,0.964416
9935,1000,0.50,500,3,500,1.0144,35,13029.00,1.254595
9936,1000,0.50,500,3,500,0.9979,36,13263.00,1.129383
9937,1000,0.50,500,3,500,0.9613,37,13242.00,1.759918
9938,1000,0.50,500,3,500,0.9605,38,13102.00,0.356228
9939,1000,0.50,500,3,500,0.9979,39,2585.00,1.378182
9940,1000,0.50,500,3,500,1.0192,40,13915.00,0.876746
9941,1000,0.50,500,3,500,0.9977,41,14051.00,0.967128
9942,1000,0.50,500,3,500,1.0140,42,13370.00,2.175976
9943,1000,0.50,500,3,500,1.0155,43,13401.00,0.399439
9944,1000,0.50,500,3,500,0.9854,44,13548.00,1.474338
9945,1000,0.50,500,3,500,0.9798,45,13079.00,0.113462
9946,1000,0.50,500,3,500,1.0385,46,13263.00,0.422558
9947,1000,0.50,500,3,500,0.9684,47,13423.00,0.500653
9948,1000,0.50,500,3,500,0.9815,48,13537.00,0.386549
9949,1000,0.50,500,3,500,0.9690,49,13375.00,1.032578
9950,1000,0.50,500,3,500,1.0231,50,13375.00,0.868935
9951,1000,0.50,500,3,500,1.0034,51,13080.00,1.228763
9952,1000,0.50,500,3,500,0.9934,52,13408.00,0.251080
9953,1000,0.50,500,3,500,1.0501,53,3939.00,1.849241
9954,1000,0.50,500,3,500,0.9695,54,13272.00,0.155564
9955,1000,0.50,500,3,500,1.0378,55,13060.00,0.933027
9956,1000,0.50,500,3,500,1.0018,56,12926.00,1.150064
9957,1000,0.50,500,3,500,1.0262,57,13104.00,1.497450
9958,1000,0.50,500,3,500,0.9428,58,13176.00,0.504212
9959,1000,0.50,500,3,500,0.9365,59,13319.00,0.294432
9960,1000,0.50,500,3,500,0.9553,60,13157.00,0.097081
9961,1000,0.50,500,3,500,0.9659,61,13278.00,1.400150
9962,1000,0.50,500,3,500,0.9625,62,13434.00,2.814386
9963,1000,0.50,500,3,500,1.0003,63,13265.00,1.111634
9964,1000,0.50,500,3,500,1.0271,64,13250.00,0.645667
9965,1000,0.50,500,3,500,1.0175,65,12914.00,0.409594
9966,1000,0.50,500,3,500,1.0247,66,13265.00,1.247757
9967,1000,0.50,500,3,500,1.0279,67,13348.00,1.239240
9968,1000,0.50,500,3,500,1.0728,68,13399.00,0.244201
9969,1000,0.50,500,3,500,0.9811,69,13182.00,0.536491
9970,1000,0.50,500,3,500,0.9813,70,13282.00,0.648102
9971,1000,0.50,500,3,500,0.9657,71,13222.00,0.465029
9972,1000,0.50,500,3,500,0.9955,72,13188.00,0.616520
9973,1000,0.50,500,3,500,0.9767,73,9138.00,0.675186
9974,1000,0.50,500,3,500,1.0217,74,13089.00,1.243410
9975,1000,0.50,500,3,500,1.0205,75,13247.00,1.742695
9976,1000,0.50,500,3,500,1.0258,76,13494.00,0.150117
9977,1000,0.50,500,3,500,1.0368,77,13261.00,0.533369
9978,1000,0.50,500,3,500,1.0150,78,13506.00,1.998217
9979,1000,0.50,500,3,500,1.0023,79,13571.00,1.975571
9980,1000,0.50,500,3,500,0.9661,80,13152.00,1.027558
9981,1000,0.50,500,3,500,0.9790,81,13333.00,2.358267
9982,1000,0.50,500,3,500,0.9854,82,13283.00,0.783768
9983,1000,0.50,500,3,500,1.0411,83,13336.00,0.543347
9984,1000,0.50,500,3,500,1.0255,84,6961.00,0.204888
9985,1000,0.50,500,3,500,1.0318,85,13042.00,0.116524
9986,1000,0.50,500,3,500,1.0674,86,3492.00,1.443828
9987,1000,0.50,500,3,500,0.9997,87,4058.00,0.701652
9988,1000,0.50,500,3,500,1.0218,88,13378.00,0.405052
9989,1000,0.50,500,3,500,1.0233,89,13328.00,0.087463
9990,1000,0.50,500,3,500,0.9671,90,13205.00,2.455794
9991,1000,0.50,500,3,500,1.0580,91,13214.00,2.338296
9992,1000,0.50,500,3,500,0.9948,92,13140.00,0.412393
9993,1000,0.50,500,3,500,0.9524,93,13067.00,1.492963
9994,1000,0.50,500,3,500,0.9820,94,13300.00,0.022285
9995,1000,0.50,500,3,500,1.0024,95,13108.00,1.377014
9996,1000,0.50,500,3,500,0.9755,96,13229.00,0.355144
9997,1000,0.50,500,3,500,0.9819,97,13042.00,1.757527
9998,1000,0.50,500,3,500,0.9681,98,13097.00,0.211370
9999,1000,0.50,500,3,500,1.0108,99,13438.00,3.719997
