index,n,epsilon,d,m,k,t,t_multiplier,repeat,time_mu_s,model_error
0,1000,0.50,500,2,17,0.2500,0.5,0,286.00,0.666166
1,1000,0.50,500,2,17,0.2500,0.5,1,258.00,0.550013
2,1000,0.50,500,2,17,0.2500,0.5,2,267.00,1.283816
3,1000,0.50,500,2,17,0.2500,0.5,3,286.00,0.793304
4,1000,0.50,500,2,17,0.2500,0.5,4,267.00,1.458768
5,1000,0.50,500,2,17,0.2500,0.5,5,271.00,0.553473
6,1000,0.50,500,2,17,0.2500,0.5,6,287.00,1.120003
7,1000,0.50,500,2,17,0.2500,0.5,7,288.00,0.834732
8,1000,0.50,500,2,17,0.2500,0.5,8,278.00,0.374635
9,1000,0.50,500,2,17,0.2500,0.5,9,268.00,0.499212
10,1000,0.50,500,2,17,0.2500,0.5,10,266.00,1.585392
11,1000,0.50,500,2,17,0.2500,0.5,11,274.00,2.610247
12,1000,0.50,500,2,17,0.2500,0.5,12,291.00,0.662873
13,1000,0.50,500,2,17,0.2500,0.5,13,278.00,1.244245
14,1000,0.50,500,2,17,0.2500,0.5,14,263.00,0.464208
15,1000,0.50,500,2,17,0.2500,0.5,15,273.00,0.477763
16,1000,0.50,500,2,17,0.2500,0.5,16,300.00,0.409640
17,1000,0.50,500,2,17,0.2500,0.5,17,283.00,0.627240
18,1000,0.50,500,2,17,0.2500,0.5,18,294.00,0.292091
19,1000,0.50,500,2,17,0.2500,0.5,19,283.00,0.091251
20,1000,0.50,500,2,17,0.2500,0.5,20,284.00,0.827422
21,1000,0.50,500,2,17,0.2500,0.5,21,285.00,0.245740
22,1000,0.50,500,2,17,0.2500,0.5,22,289.00,0.361497
23,1000,0.50,500,2,17,0.2500,0.5,23,274.00,0.824068
24,1000,0.50,500,2,17,0.2500,0.5,24,280.00,0.568423
25,1000,0.50,500,2,17,0.2500,0.5,25,284.00,0.559269
26,1000,0.50,500,2,17,0.2500,0.5,26,268.00,0.640159
27,1000,0.50,500,2,17,0.2500,0.5,27,274.00,1.080376
28,1000,0.50,500,2,17,0.2500,0.5,28,288.00,0.396022
29,1000,0.50,500,2,17,0.2500,0.5,29,277.00,0.371685
30,1000,0.50,500,2,17,0.2500,0.5,30,271.00,1.405640
31,1000,0.50,500,2,17,0.2500,0.5,31,321.00,0.273676
32,1000,0.50,500,2,17,0.2500,0.5,32,268.00,1.385871
33,1000,0.50,500,2,17,0.2500,0.5,33,280.00,0.297745
34,1000,0.50,500,2,17,0.2500,0.5,34,289.00,0.237332
35,1000,0.50,500,2,17,0.2500,0.5,35,279.00,0.531521
36,1000,0.50,500,2,17,0.2500,0.5,36,298.00,0.231697
37,1000,0.50,500,2,17,0.2500,0.5,37,297.00,0.670173
38,1000,0.50,500,2,17,0.2500,0.5,38,291.00,0.971793
39,1000,0.50,500,2,17,0.2500,0.5,39,267.00,2.642399
40,1000,0.50,500,2,17,0.2500,0.5,40,258.00,4.591766
41,1000,0.50,500,2,17,0.2500,0.5,41,286.00,0.783495
42,1000,0.50,500,2,17,0.2500,0.5,42,260.00,2.524898
43,1000,0.50,500,2,17,0.2500,0.5,43,287.00,0.255772
44,1000,0.50,500,2,17,0.2500,0.5,44,280.00,1.643878
45,1000,0.50,500,2,17,0.2500,0.5,45,259.00,2.980143
46,1000,0.50,500,2,17,0.2500,0.5,46,290.00,0.448836
47,1000,0.50,500,2,17,0.2500,0.5,47,276.00,0.557232
48,1000,0.50,500,2,17,0.2500,0.5,48,307.00,0.175045
49,1000,0.50,500,2,17,0.2500,0.5,49,282.00,0.218192
50,1000,0.50,500,2,17,0.2500,0.5,50,278.00,3.403157
51,1000,0.50,500,2,17,0.2500,0.5,51,288.00,0.117675
52,1000,0.50,500,2,17,0.2500,0.5,52,257.00,4.681676
53,1000,0.50,500,2,17,0.2500,0.5,53,277.00,0.197345
54,1000,0.50,500,2,17,0.2500,0.5,54,286.00,0.801311
55,1000,0.50,500,2,17,0.2500,0.5,55,296.00,0.408836
56,1000,0.50,500,2,17,0.2500,0.5,56,277.00,1.316196
57,1000,0.50,500,2,17,0.2500,0.5,57,289.00,0.363187
58,1000,0.50,500,2,17,0.2500,0.5,58,291.00,0.523961
59,1000,0.50,500,2,17,0.2500,0.5,59,278.00,1.133023
60,1000,0.50,500,2,17,0.2500,0.5,60,280.00,0.110059
61,1000,0.50,500,2,17,0.2500,0.5,61,284.00,0.983048
62,1000,0.50,500,2,17,0.2500,0.5,62,291.00,0.256754
63,1000,0.50,500,2,17,0.2500,0.5,63,266.00,1.272887
64,1000,0.50,500,2,17,0.2500,0.5,64,263.00,1.133224
65,1000,0.50,500,2,17,0.2500,0.5,65,286.00,0.703571
66,1000,0.50,500,2,17,0.2500,0.5,66,282.00,0.522528
67,1000,0.50,500,2,17,0.2500,0.5,67,265.00,0.136613
68,1000,0.50,500,2,17,0.2500,0.5,68,289.00,0.550861
69,1000,0.50,500,2,17,0.2500,0.5,69,275.00,1.202277
70,1000,0.50,500,2,17,0.2500,0.5,70,295.00,0.870087
71,1000,0.50,500,2,17,0.2500,0.5,71,279.00,1.484696
72,1000,0.50,500,2,17,0.2500,0.5,72,286.00,0.510230
73,1000,0.50,500,2,17,0.2500,0.5,73,299.00,0.443899
74,1000,0.50,500,2,17,0.2500,0.5,74,265.00,7.588979
75,1000,0.50,500,2,17,0.2500,0.5,75,275.00,1.005136
76,1000,0.50,500,2,17,0.2500,0.5,76,286.00,0.236097
77,1000,0.50,500,2,17,0.2500,0.5,77,286.00,1.097643
78,1000,0.50,500,2,17,0.2500,0.5,78,281.00,0.276802
79,1000,0.50,500,2,17,0.2500,0.5,79,287.00,0.513587
80,1000,0.50,500,2,17,0.2500,0.5,80,274.00,0.507662
81,1000,0.50,500,2,17,0.2500,0.5,81,296.00,0.229877
82,1000,0.50,500,2,17,0.2500,0.5,82,281.00,1.201355
83,1000,0.50,500,2,17,0.2500,0.5,83,280.00,0.825836
84,1000,0.50,500,2,17,0.2500,0.5,84,280.00,1.051026
85,1000,0.50,500,2,17,0.2500,0.5,85,295.00,0.151136
86,1000,0.50,500,2,17,0.2500,0.5,86,252.00,4.654227
87,1000,0.50,500,2,17,0.2500,0.5,87,289.00,0.432223
88,1000,0.50,500,2,17,0.2500,0.5,88,287.00,0.311221
89,1000,0.50,500,2,17,0.2500,0.5,89,269.00,1.442466
90,1000,0.50,500,2,17,0.2500,0.5,90,282.00,0.579714
91,1000,0.50,500,2,17,0.2500,0.5,91,270.00,1.003807
92,1000,0.50,500,2,17,0.2500,0.5,92,266.00,0.357121
93,1000,0.50,500,2,17,0.2500,0.5,93,264.00,2.235817
94,1000,0.50,500,2,17,0.2500,0.5,94,289.00,0.651213
95,1000,0.50,500,2,17,0.2500,0.5,95,284.00,1.023622
96,1000,0.50,500,2,17,0.2500,0.5,96,269.00,2.721310
97,1000,0.50,500,2,17,0.2500,0.5,97,285.00,1.259027
98,1000,0.50,500,2,17,0.2500,0.5,98,273.00,1.368554
99,1000,0.50,500,2,17,0.2500,0.5,99,266.00,5.739612
100,1000,0.50,500,2,17,0.5000,1.0,0,327.00,0.294529
101,1000,0.50,500,2,17,0.5000,1.0,1,316.00,0.682185
102,1000,0.50,500,2,17,0.5000,1.0,2,332.00,0.595480
103,1000,0.50,500,2,17,0.5000,1.0,3,324.00,0.360494
104,1000,0.50,500,2,17,0.5000,1.0,4,306.00,0.116601
105,1000,0.50,500,2,17,0.5000,1.0,5,325.00,1.103740
106,1000,0.50,500,2,17,0.5000,1.0,6,343.00,1.709044
107,1000,0.50,500,2,17,0.5000,1.0,7,348.00,0.321378
108,1000,0.50,500,2,17,0.5000,1.0,8,332.00,0.342527
109,1000,0.50,500,2,17,0.5000,1.0,9,334.00,1.957344
110,1000,0.50,500,2,17,0.5000,1.0,10,315.00,1.221086
111,1000,0.50,500,2,17,0.5000,1.0,11,324.00,1.079439
112,1000,0.50,500,2,17,0.5000,1.0,12,317.00,0.724800
113,1000,0.50,500,2,17,0.5000,1.0,13,333.00,0.355950
114,1000,0.50,500,2,17,0.5000,1.0,14,314.00,1.870079
115,1000,0.50,500,2,17,0.5000,1.0,15,337.00,0.696935
116,1000,0.50,500,2,17,0.5000,1.0,16,366.00,0.629956
117,1000,0.50,500,2,17,0.5000,1.0,17,349.00,0.377615
118,1000,0.50,500,2,17,0.5000,1.0,18,308.00,2.204187
119,1000,0.50,500,2,17,0.5000,1.0,19,359.00,0.596736
120,1000,0.50,500,2,17,0.5000,1.0,20,360.00,0.591101
121,1000,0.50,500,2,17,0.5000,1.0,21,340.00,0.562591
122,1000,0.50,500,2,17,0.5000,1.0,22,314.00,0.473881
123,1000,0.50,500,2,17,0.5000,1.0,23,303.00,0.138116
124,1000,0.50,500,2,17,0.5000,1.0,24,332.00,0.294723
125,1000,0.50,500,2,17,0.5000,1.0,25,354.00,0.153641
126,1000,0.50,500,2,17,0.5000,1.0,26,337.00,0.326757
127,1000,0.50,500,2,17,0.5000,1.0,27,291.00,0.390066
128,1000,0.50,500,2,17,0.5000,1.0,28,314.00,1.285740
129,1000,0.50,500,2,17,0.5000,1.0,29,306.00,1.366810
130,1000,0.50,500,2,17,0.5000,1.0,30,342.00,0.149174
131,1000,0.50,500,2,17,0.5000,1.0,31,337.00,0.849663
132,1000,0.50,500,2,17,0.5000,1.0,32,286.00,0.210416
133,1000,0.50,500,2,17,0.5000,1.0,33,329.00,0.160803
134,1000,0.50,500,2,17,0.5000,1.0,34,321.00,0.758862
135,1000,0.50,500,2,17,0.5000,1.0,35,348.00,0.389046
136,1000,0.50,500,2,17,0.5000,1.0,36,350.00,0.538924
137,1000,0.50,500,2,17,0.5000,1.0,37,326.00,0.273090
138,1000,0.50,500,2,17,0.5000,1.0,38,341.00,0.394051
139,1000,0.50,500,2,17,0.5000,1.0,39,329.00,0.362706
140,1000,0.50,500,2,17,0.5000,1.0,40,333.00,0.299057
141,1000,0.50,500,2,17,0.5000,1.0,41,355.00,0.122611
142,1000,0.50,500,2,17,0.5000,1.0,42,341.00,1.488628
143,1000,0.50,500,2,17,0.5000,1.0,43,326.00,0.378541
144,1000,0.50,500,2,17,0.5000,1.0,44,300.00,1.683073
145,1000,0.50,500,2,17,0.5000,1.0,45,305.00,1.255727
146,1000,0.50,500,2,17,0.5000,1.0,46,353.00,0.427340
147,1000,0.50,500,2,17,0.5000,1.0,47,316.00,1.175857
148,1000,0.50,500,2,17,0.5000,1.0,48,325.00,0.355818
149,1000,0.50,500,2,17,0.5000,1.0,49,331.00,0.813000
150,1000,0.50,500,2,17,0.5000,1.0,50,332.00,0.080526
151,1000,0.50,500,2,17,0.5000,1.0,51,317.00,0.423056
152,1000,0.50,500,2,17,0.5000,1.0,52,316.00,3.805124
153,1000,0.50,500,2,17,0.5000,1.0,53,322.00,0.732462
154,1000,0.50,500,2,17,0.5000,1.0,54,304.00,0.408459
155,1000,0.50,500,2,17,0.5000,1.0,55,327.00,0.180135
156,1000,0.50,500,2,17,0.5000,1.0,56,335.00,0.469314
157,1000,0.50,500,2,17,0.5000,1.0,57,314.00,1.761891
158,1000,0.50,500,2,17,0.5000,1.0,58,309.00,1.289400
159,1000,0.50,500,2,17,0.5000,1.0,59,349.00,0.184028
160,1000,0.50,500,2,17,0.5000,1.0,60,349.00,3.380893
161,1000,0.50,500,2,17,0.5000,1.0,61,321.00,0.282362
162,1000,0.50,500,2,17,0.5000,1.0,62,324.00,0.549706
163,1000,0.50,500,2,17,0.5000,1.0,63,345.00,0.367612
164,1000,0.50,500,2,17,0.5000,1.0,64,373.00,1.575138
165,1000,0.50,500,2,17,0.5000,1.0,65,322.00,0.037250
166,1000,0.50,500,2,17,0.5000,1.0,66,310.00,1.864162
167,1000,0.50,500,2,17,0.5000,1.0,67,321.00,1.008081
168,1000,0.50,500,2,17,0.5000,1.0,68,343.00,0.384687
169,1000,0.50,500,2,17,0.5000,1.0,69,341.00,0.234766
170,1000,0.50,500,2,17,0.5000,1.0,70,324.00,0.526758
171,1000,0.50,500,2,17,0.5000,1.0,71,344.00,1.000241
172,1000,0.50,500,2,17,0.5000,1.0,72,315.00,1.444055
173,1000,0.50,500,2,17,0.5000,1.0,73,334.00,1.174996
174,1000,0.50,500,2,17,0.5000,1.0,74,339.00,1.425895
175,1000,0.50,500,2,17,0.5000,1.0,75,314.00,0.088696
176,1000,0.50,500,2,17,0.5000,1.0,76,364.00,0.461885
177,1000,0.50,500,2,17,0.5000,1.0,77,342.00,0.164986
178,1000,0.50,500,2,17,0.5000,1.0,78,372.00,0.144865
179,1000,0.50,500,2,17,0.5000,1.0,79,346.00,1.190516
180,1000,0.50,500,2,17,0.5000,1.0,80,324.00,0.703321
181,1000,0.50,500,2,17,0.5000,1.0,81,339.00,0.747427
182,1000,0.50,500,2,17,0.5000,1.0,82,340.00,0.371413
183,1000,0.50,500,2,17,0.5000,1.0,83,357.00,0.120070
184,1000,0.50,500,2,17,0.5000,1.0,84,331.00,1.093384
185,1000,0.50,500,2,17,0.5000,1.0,85,342.00,0.277833
186,1000,0.50,500,2,17,0.5000,1.0,86,345.00,0.061600
187,1000,0.50,500,2,17,0.5000,1.0,87,346.00,0.577738
188,1000,0.50,500,2,17,0.5000,1.0,88,334.00,0.327831
189,1000,0.50,500,2,17,0.5000,1.0,89,333.00,1.255481
190,1000,0.50,500,2,17,0.5000,1.0,90,352.00,0.189806
191,1000,0.50,500,2,17,0.5000,1.0,91,344.00,0.799941
192,1000,0.50,500,2,17,0.5000,1.0,92,333.00,0.969611
193,1000,0.50,500,2,17,0.5000,1.0,93,357.00,1.068876
194,1000,0.50,500,2,17,0.5000,1.0,94,350.00,0.511533
195,1000,0.50,500,2,17,0.5000,1.0,95,321.00,1.140975
196,1000,0.50,500,2,17,0.5000,1.0,96,327.00,1.305331
197,1000,0.50,500,2,17,0.5000,1.0,97,328.00,0.141671
198,1000,0.50,500,2,17,0.5000,1.0,98,339.00,0.202408
199,1000,0.50,500,2,17,0.5000,1.0,99,338.00,0.615454
200,1000,0.50,500,2,17,0.7500,1.5,0,325.00,0.759214
201,1000,0.50,500,2,17,0.7500,1.5,1,366.00,2.296379
202,1000,0.50,500,2,17,0.7500,1.5,2,347.00,0.412586
203,1000,0.50,500,2,17,0.7500,1.5,3,349.00,0.006239
204,1000,0.50,500,2,17,0.7500,1.5,4,353.00,0.494244
205,1000,0.50,500,2,17,0.7500,1.5,5,368.00,0.838540
206,1000,0.50,500,2,17,0.7500,1.5,6,351.00,0.518530
207,1000,0.50,500,2,17,0.7500,1.5,7,335.00,0.053727
208,1000,0.50,500,2,17,0.7500,1.5,8,356.00,0.556964
209,1000,0.50,500,2,17,0.7500,1.5,9,316.00,0.107633
210,1000,0.50,500,2,17,0.7500,1.5,10,334.00,0.188089
211,1000,0.50,500,2,17,0.7500,1.5,11,348.00,0.100898
212,1000,0.50,500,2,17,0.7500,1.5,12,343.00,0.277282
213,1000,0.50,500,2,17,0.7500,1.5,13,321.00,0.361583
214,1000,0.50,500,2,17,0.7500,1.5,14,370.00,0.399124
215,1000,0.50,500,2,17,0.7500,1.5,15,391.00,0.737327
216,1000,0.50,500,2,17,0.7500,1.5,16,353.00,1.350421
217,1000,0.50,500,2,17,0.7500,1.5,17,359.00,2.330756
218,1000,0.50,500,2,17,0.7500,1.5,18,373.00,0.341726
219,1000,0.50,500,2,17,0.7500,1.5,19,349.00,0.150236
220,1000,0.50,500,2,17,0.7500,1.5,20,339.00,1.237732
221,1000,0.50,500,2,17,0.7500,1.5,21,349.00,0.983592
222,1000,0.50,500,2,17,0.7500,1.5,22,353.00,0.774862
223,1000,0.50,500,2,17,0.7500,1.5,23,386.00,0.142362
224,1000,0.50,500,2,17,0.7500,1.5,24,324.00,0.441089
225,1000,0.50,500,2,17,0.7500,1.5,25,338.00,0.281824
226,1000,0.50,500,2,17,0.7500,1.5,26,372.00,0.257288
227,1000,0.50,500,2,17,0.7500,1.5,27,331.00,0.162577
228,1000,0.50,500,2,17,0.7500,1.5,28,366.00,0.603890
229,1000,0.50,500,2,17,0.7500,1.5,29,367.00,0.279918
230,1000,0.50,500,2,17,0.7500,1.5,30,362.00,0.837277
231,1000,0.50,500,2,17,0.7500,1.5,31,341.00,0.336771
232,1000,0.50,500,2,17,0.7500,1.5,32,355.00,0.910412
233,1000,0.50,500,2,17,0.7500,1.5,33,383.00,1.874551
234,1000,0.50,500,2,17,0.7500,1.5,34,365.00,0.198992
235,1000,0.50,500,2,17,0.7500,1.5,35,342.00,0.484256
236,1000,0.50,500,2,17,0.7500,1.5,36,331.00,0.213225
237,1000,0.50,500,2,17,0.7500,1.5,37,343.00,0.120240
238,1000,0.50,500,2,17,0.7500,1.5,38,363.00,0.743249
239,1000,0.50,500,2,17,0.7500,1.5,39,337.00,0.943452
240,1000,0.50,500,2,17,0.7500,1.5,40,329.00,0.358747
241,1000,0.50,500,2,17,0.7500,1.5,41,350.00,0.689525
242,1000,0.50,500,2,17,0.7500,1.5,42,333.00,0.066630
243,1000,0.50,500,2,17,0.7500,1.5,43,316.00,0.106234
244,1000,0.50,500,2,17,0.7500,1.5,44,316.00,0.158124
245,1000,0.50,500,2,17,0.7500,1.5,45,342.00,0.533712
246,1000,0.50,500,2,17,0.7500,1.5,46,341.00,1.415960
247,1000,0.50,500,2,17,0.7500,1.5,47,307.00,0.971125
248,1000,0.50,500,2,17,0.7500,1.5,48,346.00,0.134697
249,1000,0.50,500,2,17,0.7500,1.5,49,366.00,0.435093
250,1000,0.50,500,2,17,0.7500,1.5,50,327.00,0.237550
251,1000,0.50,500,2,17,0.7500,1.5,51,319.00,0.315344
252,1000,0.50,500,2,17,0.7500,1.5,52,358.00,0.920588
253,1000,0.50,500,2,17,0.7500,1.5,53,378.00,0.567418
254,1000,0.50,500,2,17,0.7500,1.5,54,387.00,0.466657
255,1000,0.50,500,2,17,0.7500,1.5,55,326.00,0.400750
256,1000,0.50,500,2,17,0.7500,1.5,56,338.00,0.203446
257,1000,0.50,500,2,17,0.7500,1.5,57,335.00,0.642549
258,1000,0.50,500,2,17,0.7500,1.5,58,326.00,0.270440
259,1000,0.50,500,2,17,0.7500,1.5,59,363.00,0.172871
260,1000,0.50,500,2,17,0.7500,1.5,60,374.00,0.953681
261,1000,0.50,500,2,17,0.7500,1.5,61,358.00,0.366667
262,1000,0.50,500,2,17,0.7500,1.5,62,349.00,0.377809
263,1000,0.50,500,2,17,0.7500,1.5,63,386.00,0.340744
264,1000,0.50,500,2,17,0.7500,1.5,64,356.00,1.300576
265,1000,0.50,500,2,17,0.7500,1.5,65,334.00,0.069297
266,1000,0.50,500,2,17,0.7500,1.5,66,336.00,0.213136
267,1000,0.50,500,2,17,0.7500,1.5,67,354.00,0.180180
268,1000,0.50,500,2,17,0.7500,1.5,68,338.00,0.270923
269,1000,0.50,500,2,17,0.7500,1.5,69,341.00,1.437949
270,1000,0.50,500,2,17,0.7500,1.5,70,383.00,0.137743
271,1000,0.50,500,2,17,0.7500,1.5,71,341.00,0.465124
272,1000,0.50,500,2,17,0.7500,1.5,72,327.00,0.080969
273,1000,0.50,500,2,17,0.7500,1.5,73,335.00,0.436072
274,1000,0.50,500,2,17,0.7500,1.5,74,348.00,0.669609
275,1000,0.50,500,2,17,0.7500,1.5,75,388.00,0.809993
276,1000,0.50,500,2,17,0.7500,1.5,76,355.00,0.201275
277,1000,0.50,500,2,17,0.7500,1.5,77,337.00,1.045027
278,1000,0.50,500,2,17,0.7500,1.5,78,365.00,0.175625
279,1000,0.50,500,2,17,0.7500,1.5,79,342.00,0.532094
280,1000,0.50,500,2,17,0.7500,1.5,80,328.00,0.207935
281,1000,0.50,500,2,17,0.7500,1.5,81,337.00,0.605095
282,1000,0.50,500,2,17,0.7500,1.5,82,342.00,0.222174
283,1000,0.50,500,2,17,0.7500,1.5,83,379.00,0.348810
284,1000,0.50,500,2,17,0.7500,1.5,84,322.00,0.078455
285,1000,0.50,500,2,17,0.7500,1.5,85,344.00,0.167512
286,1000,0.50,500,2,17,0.7500,1.5,86,331.00,0.688401
287,1000,0.50,500,2,17,0.7500,1.5,87,336.00,0.790373
288,1000,0.50,500,2,17,0.7500,1.5,88,358.00,0.389794
289,1000,0.50,500,2,17,0.7500,1.5,89,327.00,0.320237
290,1000,0.50,500,2,17,0.7500,1.5,90,354.00,2.852061
291,1000,0.50,500,2,17,0.7500,1.5,91,363.00,1.280255
292,1000,0.50,500,2,17,0.7500,1.5,92,352.00,0.191022
293,1000,0.50,500,2,17,0.7500,1.5,93,346.00,0.806380
294,1000,0.50,500,2,17,0.7500,1.5,94,344.00,0.445090
295,1000,0.50,500,2,17,0.7500,1.5,95,336.00,0.374573
296,1000,0.50,500,2,17,0.7500,1.5,96,355.00,0.093665
297,1000,0.50,500,2,17,0.7500,1.5,97,342.00,0.344736
298,1000,0.50,500,2,17,0.7500,1.5,98,357.00,0.038949
299,1000,0.50,500,2,17,0.7500,1.5,99,347.00,4.399007
300,1000,0.50,500,2,17,1.0000,2.0,0,340.00,0.183369
301,1000,0.50,500,2,17,1.0000,2.0,1,382.00,0.617899
302,1000,0.50,500,2,17,1.0000,2.0,2,354.00,0.581729
303,1000,0.50,500,2,17,1.0000,2.0,3,329.00,0.459709
304,1000,0.50,500,2,17,1.0000,2.0,4,346.00,0.110462
305,1000,0.50,500,2,17,1.0000,2.0,5,353.00,3.762554
306,1000,0.50,500,2,17,1.0000,2.0,6,402.00,1.471524
307,1000,0.50,500,2,17,1.0000,2.0,7,376.00,0.327518
308,1000,0.50,500,2,17,1.0000,2.0,8,359.00,0.140029
309,1000,0.50,500,2,17,1.0000,2.0,9,330.00,0.254987
310,1000,0.50,500,2,17,1.0000,2.0,10,345.00,0.200649
311,1000,0.50,500,2,17,1.0000,2.0,11,348.00,0.195989
312,1000,0.50,500,2,17,1.0000,2.0,12,422.00,1.810487
313,1000,0.50,500,2,17,1.0000,2.0,13,362.00,0.091956
314,1000,0.50,500,2,17,1.0000,2.0,14,353.00,0.154480
315,1000,0.50,500,2,17,1.0000,2.0,15,393.00,2.511631
316,1000,0.50,500,2,17,1.0000,2.0,16,351.00,0.121461
317,1000,0.50,500,2,17,1.0000,2.0,17,386.00,1.157998
318,1000,0.50,500,2,17,1.0000,2.0,18,346.00,1.644638
319,1000,0.50,500,2,17,1.0000,2.0,19,345.00,0.210956
320,1000,0.50,500,2,17,1.0000,2.0,20,394.00,0.236543
321,1000,0.50,500,2,17,1.0000,2.0,21,352.00,0.606809
322,1000,0.50,500,2,17,1.0000,2.0,22,339.00,0.042377
323,1000,0.50,500,2,17,1.0000,2.0,23,357.00,0.323385
324,1000,0.50,500,2,17,1.0000,2.0,24,361.00,0.580293
325,1000,0.50,500,2,17,1.0000,2.0,25,369.00,0.527029
326,1000,0.50,500,2,17,1.0000,2.0,26,343.00,0.079766
327,1000,0.50,500,2,17,1.0000,2.0,27,346.00,0.263467
328,1000,0.50,500,2,17,1.0000,2.0,28,358.00,0.374424
329,1000,0.50,500,2,17,1.0000,2.0,29,379.00,0.221630
330,1000,0.50,500,2,17,1.0000,2.0,30,334.00,0.063608
331,1000,0.50,500,2,17,1.0000,2.0,31,364.00,0.697402
332,1000,0.50,500,2,17,1.0000,2.0,32,375.00,1.523725
333,1000,0.50,500,2,17,1.0000,2.0,33,373.00,0.495428
334,1000,0.50,500,2,17,1.0000,2.0,34,420.00,1.097761
335,1000,0.50,500,2,17,1.0000,2.0,35,359.00,0.813828
336,1000,0.50,500,2,17,1.0000,2.0,36,360.00,0.098879
337,1000,0.50,500,2,17,1.0000,2.0,37,367.00,1.505281
338,1000,0.50,500,2,17,1.0000,2.0,38,402.00,0.377371
339,1000,0.50,500,2,17,1.0000,2.0,39,392.00,0.272517
340,1000,0.50,500,2,17,1.0000,2.0,40,360.00,0.139116
341,1000,0.50,500,2,17,1.0000,2.0,41,371.00,0.382767
342,1000,0.50,500,2,17,1.0000,2.0,42,365.00,0.269065
343,1000,0.50,500,2,17,1.0000,2.0,43,384.00,0.310964
344,1000,0.50,500,2,17,1.0000,2.0,44,356.00,0.329736
345,1000,0.50,500,2,17,1.0000,2.0,45,351.00,0.156631
346,1000,0.50,500,2,17,1.0000,2.0,46,369.00,0.468116
347,1000,0.50,500,2,17,1.0000,2.0,47,377.00,2.885485
348,1000,0.50,500,2,17,1.0000,2.0,48,320.00,0.127800
349,1000,0.50,500,2,17,1.0000,2.0,49,375.00,0.303035
350,1000,0.50,500,2,17,1.0000,2.0,50,373.00,0.277569
351,1000,0.50,500,2,17,1.0000,2.0,51,354.00,0.215037
352,1000,0.50,500,2,17,1.0000,2.0,52,326.00,0.845682
353,1000,0.50,500,2,17,1.0000,2.0,53,358.00,0.258045
354,1000,0.50,500,2,17,1.0000,2.0,54,366.00,0.282945
355,1000,0.50,500,2,17,1.0000,2.0,55,353.00,0.109842
356,1000,0.50,500,2,17,1.0000,2.0,56,371.00,0.404050
357,1000,0.50,500,2,17,1.0000,2.0,57,367.00,0.367834
358,1000,0.50,500,2,17,1.0000,2.0,58,350.00,0.501482
359,1000,0.50,500,2,17,1.0000,2.0,59,361.00,0.160668
360,1000,0.50,500,2,17,1.0000,2.0,60,388.00,2.715758
361,1000,0.50,500,2,17,1.0000,2.0,61,337.00,0.439778
362,1000,0.50,500,2,17,1.0000,2.0,62,386.00,0.378186
363,1000,0.50,500,2,17,1.0000,2.0,63,377.00,0.321844
364,1000,0.50,500,2,17,1.0000,2.0,64,361.00,3.619804
365,1000,0.50,500,2,17,1.0000,2.0,65,84.00,0.472427
366,1000,0.50,500,2,17,1.0000,2.0,66,389.00,0.111567
367,1000,0.50,500,2,17,1.0000,2.0,67,359.00,0.501278
368,1000,0.50,500,2,17,1.0000,2.0,68,386.00,0.166649
369,1000,0.50,500,2,17,1.0000,2.0,69,363.00,0.589509
370,1000,0.50,500,2,17,1.0000,2.0,70,371.00,1.074831
371,1000,0.50,500,2,17,1.0000,2.0,71,350.00,0.325240
372,1000,0.50,500,2,17,1.0000,2.0,72,333.00,0.528185
373,1000,0.50,500,2,17,1.0000,2.0,73,367.00,0.229723
374,1000,0.50,500,2,17,1.0000,2.0,74,372.00,0.201857
375,1000,0.50,500,2,17,1.0000,2.0,75,388.00,1.814941
376,1000,0.50,500,2,17,1.0000,2.0,76,343.00,1.086847
377,1000,0.50,500,2,17,1.0000,2.0,77,369.00,0.290930
378,1000,0.50,500,2,17,1.0000,2.0,78,393.00,1.904933
379,1000,0.50,500,2,17,1.0000,2.0,79,349.00,2.059590
380,1000,0.50,500,2,17,1.0000,2.0,80,386.00,0.096538
381,1000,0.50,500,2,17,1.0000,2.0,81,350.00,0.337210
382,1000,0.50,500,2,17,1.0000,2.0,82,361.00,0.428448
383,1000,0.50,500,2,17,1.0000,2.0,83,337.00,0.299049
384,1000,0.50,500,2,17,1.0000,2.0,84,357.00,0.396078
385,1000,0.50,500,2,17,1.0000,2.0,85,383.00,0.037546
386,1000,0.50,500,2,17,1.0000,2.0,86,349.00,0.204773
387,1000,0.50,500,2,17,1.0000,2.0,87,327.00,0.145987
388,1000,0.50,500,2,17,1.0000,2.0,88,378.00,0.993633
389,1000,0.50,500,2,17,1.0000,2.0,89,356.00,0.197229
390,1000,0.50,500,2,17,1.0000,2.0,90,371.00,0.337000
391,1000,0.50,500,2,17,1.0000,2.0,91,379.00,0.149368
392,1000,0.50,500,2,17,1.0000,2.0,92,366.00,0.245211
393,1000,0.50,500,2,17,1.0000,2.0,93,375.00,0.252598
394,1000,0.50,500,2,17,1.0000,2.0,94,379.00,0.345177
395,1000,0.50,500,2,17,1.0000,2.0,95,349.00,0.237611
396,1000,0.50,500,2,17,1.0000,2.0,96,380.00,0.814824
397,1000,0.50,500,2,17,1.0000,2.0,97,362.00,0.358579
398,1000,0.50,500,2,17,1.0000,2.0,98,345.00,1.304032
399,1000,0.50,500,2,17,1.0000,2.0,99,407.00,0.467597
400,1000,0.50,500,2,17,1.2500,2.5,0,80.00,0.099761
401,1000,0.50,500,2,17,1.2500,2.5,1,404.00,1.398021
402,1000,0.50,500,2,17,1.2500,2.5,2,212.00,0.847542
403,1000,0.50,500,2,17,1.2500,2.5,3,114.00,0.791151
404,1000,0.50,500,2,17,1.2500,2.5,4,348.00,2.215842
405,1000,0.50,500,2,17,1.2500,2.5,5,138.00,0.336918
406,1000,0.50,500,2,17,1.2500,2.5,6,226.00,0.268533
407,1000,0.50,500,2,17,1.2500,2.5,7,363.00,3.055327
408,1000,0.50,500,2,17,1.2500,2.5,8,398.00,4.150346
409,1000,0.50,500,2,17,1.2500,2.5,9,341.00,1.463145
410,1000,0.50,500,2,17,1.2500,2.5,10,41.00,0.128844
411,1000,0.50,500,2,17,1.2500,2.5,11,291.00,0.397577
412,1000,0.50,500,2,17,1.2500,2.5,12,412.00,2.699832
413,1000,0.50,500,2,17,1.2500,2.5,13,397.00,1.715758
414,1000,0.50,500,2,17,1.2500,2.5,14,110.00,0.305132
415,1000,0.50,500,2,17,1.2500,2.5,15,145.00,0.084644
416,1000,0.50,500,2,17,1.2500,2.5,16,82.00,1.230111
417,1000,0.50,500,2,17,1.2500,2.5,17,53.00,0.870510
418,1000,0.50,500,2,17,1.2500,2.5,18,37.00,0.074358
419,1000,0.50,500,2,17,1.2500,2.5,19,409.00,1.366452
420,1000,0.50,500,2,17,1.2500,2.5,20,192.00,0.249570
421,1000,0.50,500,2,17,1.2500,2.5,21,119.00,0.650563
422,1000,0.50,500,2,17,1.2500,2.5,22,205.00,0.412999
423,1000,0.50,500,2,17,1.2500,2.5,23,73.00,0.907441
424,1000,0.50,500,2,17,1.2500,2.5,24,263.00,1.043631
425,1000,0.50,500,2,17,1.2500,2.5,25,86.00,0.358756
426,1000,0.50,500,2,17,1.2500,2.5,26,199.00,0.172485
427,1000,0.50,500,2,17,1.2500,2.5,27,95.00,0.460354
428,1000,0.50,500,2,17,1.2500,2.5,28,44.00,0.216520
429,1000,0.50,500,2,17,1.2500,2.5,29,190.00,0.672400
430,1000,0.50,500,2,17,1.2500,2.5,30,313.00,1.699972
431,1000,0.50,500,2,17,1.2500,2.5,31,365.00,0.132482
432,1000,0.50,500,2,17,1.2500,2.5,32,106.00,0.385354
433,1000,0.50,500,2,17,1.2500,2.5,33,130.00,1.988369
434,1000,0.50,500,2,17,1.2500,2.5,34,109.00,0.676744
435,1000,0.50,500,2,17,1.2500,2.5,35,163.00,0.135238
436,1000,0.50,500,2,17,1.2500,2.5,36,39.00,0.540298
437,1000,0.50,500,2,17,1.2500,2.5,37,391.00,0.657901
438,1000,0.50,500,2,17,1.2500,2.5,38,223.00,0.728931
439,1000,0.50,500,2,17,1.2500,2.5,39,365.00,0.410063
440,1000,0.50,500,2,17,1.2500,2.5,40,104.00,0.363458
441,1000,0.50,500,2,17,1.2500,2.5,41,43.00,0.435191
442,1000,0.50,500,2,17,1.2500,2.5,42,388.00,0.406418
443,1000,0.50,500,2,17,1.2500,2.5,43,272.00,0.403580
444,1000,0.50,500,2,17,1.2500,2.5,44,115.00,0.505868
445,1000,0.50,500,2,17,1.2500,2.5,45,136.00,0.983467
446,1000,0.50,500,2,17,1.2500,2.5,46,232.00,0.614919
447,1000,0.50,500,2,17,1.2500,2.5,47,224.00,0.385774
448,1000,0.50,500,2,17,1.2500,2.5,48,121.00,0.147682
449,1000,0.50,500,2,17,1.2500,2.5,49,360.00,0.777101
450,1000,0.50,500,2,17,1.2500,2.5,50,231.00,0.737913
451,1000,0.50,500,2,17,1.2500,2.5,51,74.00,0.203162
452,1000,0.50,500,2,17,1.2500,2.5,52,359.00,1.388983
453,1000,0.50,500,2,17,1.2500,2.5,53,347.00,0.172411
454,1000,0.50,500,2,17,1.2500,2.5,54,74.00,0.665648
455,1000,0.50,500,2,17,1.2500,2.5,55,291.00,0.865271
456,1000,0.50,500,2,17,1.2500,2.5,56,36.00,0.249811
457,1000,0.50,500,2,17,1.2500,2.5,57,146.00,0.775976
458,1000,0.50,500,2,17,1.2500,2.5,58,63.00,0.542633
459,1000,0.50,500,2,17,1.2500,2.5,59,260.00,0.243099
460,1000,0.50,500,2,17,1.2500,2.5,60,95.00,0.696612
461,1000,0.50,500,2,17,1.2500,2.5,61,40.00,0.130066
462,1000,0.50,500,2,17,1.2500,2.5,62,115.00,0.607221
463,1000,0.50,500,2,17,1.2500,2.5,63,89.00,0.465128
464,1000,0.50,500,2,17,1.2500,2.5,64,102.00,0.277634
465,1000,0.50,500,2,17,1.2500,2.5,65,326.00,0.430772
466,1000,0.50,500,2,17,1.2500,2.5,66,250.00,0.664831
467,1000,0.50,500,2,17,1.2500,2.5,67,143.00,1.477272
468,1000,0.50,500,2,17,1.2500,2.5,68,225.00,0.186856
469,1000,0.50,500,2,17,1.2500,2.5,69,114.00,0.343960
470,1000,0.50,500,2,17,1.2500,2.5,70,58.00,0.106073
471,1000,0.50,500,2,17,1.2500,2.5,71,384.00,1.093003
472,1000,0.50,500,2,17,1.2500,2.5,72,246.00,0.225269
473,1000,0.50,500,2,17,1.2500,2.5,73,101.00,0.315012
474,1000,0.50,500,2,17,1.2500,2.5,74,121.00,0.157096
475,1000,0.50,500,2,17,1.2500,2.5,75,402.00,3.394952
476,1000,0.50,500,2,17,1.2500,2.5,76,352.00,0.645050
477,1000,0.50,500,2,17,1.2500,2.5,77,119.00,0.548079
478,1000,0.50,500,2,17,1.2500,2.5,78,66.00,0.219010
479,1000,0.50,500,2,17,1.2500,2.5,79,202.00,1.113579
480,1000,0.50,500,2,17,1.2500,2.5,80,37.00,0.052564
481,1000,0.50,500,2,17,1.2500,2.5,81,389.00,1.024011
482,1000,0.50,500,2,17,1.2500,2.5,82,87.00,0.382257
483,1000,0.50,500,2,17,1.2500,2.5,83,63.00,0.502481
484,1000,0.50,500,2,17,1.2500,2.5,84,60.00,1.008980
485,1000,0.50,500,2,17,1.2500,2.5,85,176.00,0.707132
486,1000,0.50,500,2,17,1.2500,2.5,86,46.00,0.231982
487,1000,0.50,500,2,17,1.2500,2.5,87,142.00,0.922406
488,1000,0.50,500,2,17,1.2500,2.5,88,89.00,0.423744
489,1000,0.50,500,2,17,1.2500,2.5,89,59.00,1.698885
490,1000,0.50,500,2,17,1.2500,2.5,90,410.00,0.830948
491,1000,0.50,500,2,17,1.2500,2.5,91,43.00,0.828857
492,1000,0.50,500,2,17,1.2500,2.5,92,279.00,0.440352
493,1000,0.50,500,2,17,1.2500,2.5,93,300.00,0.470475
494,1000,0.50,500,2,17,1.2500,2.5,94,384.00,2.900063
495,1000,0.50,500,2,17,1.2500,2.5,95,315.00,1.504294
496,1000,0.50,500,2,17,1.2500,2.5,96,66.00,1.071156
497,1000,0.50,500,2,17,1.2500,2.5,97,96.00,0.168709
498,1000,0.50,500,2,17,1.2500,2.5,98,57.00,0.364897
499,1000,0.50,500,2,17,1.2500,2.5,99,98.00,0.134177
500,1000,0.50,500,2,17,1.5000,3.0,0,112.00,1.563280
501,1000,0.50,500,2,17,1.5000,3.0,1,75.00,3.501039
502,1000,0.50,500,2,17,1.5000,3.0,2,147.00,3.390023
503,1000,0.50,500,2,17,1.5000,3.0,3,60.00,0.160310
504,1000,0.50,500,2,17,1.5000,3.0,4,68.00,0.520245
505,1000,0.50,500,2,17,1.5000,3.0,5,120.00,0.460952
506,1000,0.50,500,2,17,1.5000,3.0,6,123.00,1.627414
507,1000,0.50,500,2,17,1.5000,3.0,7,67.00,0.359485
508,1000,0.50,500,2,17,1.5000,3.0,8,68.00,0.437681
509,1000,0.50,500,2,17,1.5000,3.0,9,69.00,0.748198
510,1000,0.50,500,2,17,1.5000,3.0,10,85.00,1.181836
511,1000,0.50,500,2,17,1.5000,3.0,11,47.00,0.690597
512,1000,0.50,500,2,17,1.5000,3.0,12,321.00,0.415876
513,1000,0.50,500,2,17,1.5000,3.0,13,86.00,0.667890
514,1000,0.50,500,2,17,1.5000,3.0,14,392.00,4.189888
515,1000,0.50,500,2,17,1.5000,3.0,15,124.00,1.599893
516,1000,0.50,500,2,17,1.5000,3.0,16,131.00,0.179600
517,1000,0.50,500,2,17,1.5000,3.0,17,122.00,1.083677
518,1000,0.50,500,2,17,1.5000,3.0,18,375.00,2.599514
519,1000,0.50,500,2,17,1.5000,3.0,19,107.00,0.943949
520,1000,0.50,500,2,17,1.5000,3.0,20,117.00,0.612024
521,1000,0.50,500,2,17,1.5000,3.0,21,363.00,0.926705
522,1000,0.50,500,2,17,1.5000,3.0,22,57.00,0.560285
523,1000,0.50,500,2,17,1.5000,3.0,23,63.00,0.423415
524,1000,0.50,500,2,17,1.5000,3.0,24,366.00,0.433825
525,1000,0.50,500,2,17,1.5000,3.0,25,360.00,0.300572
526,1000,0.50,500,2,17,1.5000,3.0,26,136.00,2.788376
527,1000,0.50,500,2,17,1.5000,3.0,27,71.00,0.205154
528,1000,0.50,500,2,17,1.5000,3.0,28,176.00,1.378502
529,1000,0.50,500,2,17,1.5000,3.0,29,226.00,1.311903
530,1000,0.50,500,2,17,1.5000,3.0,30,87.00,1.499880
531,1000,0.50,500,2,17,1.5000,3.0,31,42.00,0.116012
532,1000,0.50,500,2,17,1.5000,3.0,32,131.00,1.307001
533,1000,0.50,500,2,17,1.5000,3.0,33,127.00,2.623755
534,1000,0.50,500,2,17,1.5000,3.0,34,73.00,0.259163
535,1000,0.50,500,2,17,1.5000,3.0,35,140.00,0.457294
536,1000,0.50,500,2,17,1.5000,3.0,36,97.00,2.215431
537,1000,0.50,500,2,17,1.5000,3.0,37,323.00,0.134891
538,1000,0.50,500,2,17,1.5000,3.0,38,70.00,0.598873
539,1000,0.50,500,2,17,1.5000,3.0,39,196.00,0.472888
540,1000,0.50,500,2,17,1.5000,3.0,40,40.00,0.594566
541,1000,0.50,500,2,17,1.5000,3.0,41,230.00,2.178929
542,1000,0.50,500,2,17,1.5000,3.0,42,62.00,0.587698
543,1000,0.50,500,2,17,1.5000,3.0,43,120.00,0.964668
544,1000,0.50,500,2,17,1.5000,3.0,44,47.00,0.522909
545,1000,0.50,500,2,17,1.5000,3.0,45,84.00,0.023008
546,1000,0.50,500,2,17,1.5000,3.0,46,101.00,0.587673
547,1000,0.50,500,2,17,1.5000,3.0,47,73.00,0.345414
548,1000,0.50,500,2,17,1.5000,3.0,48,82.00,0.613438
549,1000,0.50,500,2,17,1.5000,3.0,49,380.00,3.832093
550,1000,0.50,500,2,17,1.5000,3.0,50,131.00,0.595891
551,1000,0.50,500,2,17,1.5000,3.0,51,101.00,1.758927
552,1000,0.50,500,2,17,1.5000,3.0,52,285.00,2.901836
553,1000,0.50,500,2,17,1.5000,3.0,53,61.00,2.450860
554,1000,0.50,500,2,17,1.5000,3.0,54,62.00,0.520191
555,1000,0.50,500,2,17,1.5000,3.0,55,139.00,1.137018
556,1000,0.50,500,2,17,1.5000,3.0,56,48.00,0.303485
557,1000,0.50,500,2,17,1.5000,3.0,57,133.00,1.707341
558,1000,0.50,500,2,17,1.5000,3.0,58,127.00,1.478753
559,1000,0.50,500,2,17,1.5000,3.0,59,410.00,2.965548
560,1000,0.50,500,2,17,1.5000,3.0,60,92.00,3.656514
561,1000,0.50,500,2,17,1.5000,3.0,61,95.00,1.948701
562,1000,0.50,500,2,17,1.5000,3.0,62,117.00,2.366094
563,1000,0.50,500,2,17,1.5000,3.0,63,207.00,0.810375
564,1000,0.50,500,2,17,1.5000,3.0,64,123.00,0.224946
565,1000,0.50,500,2,17,1.5000,3.0,65,87.00,1.326118
566,1000,0.50,500,2,17,1.5000,3.0,66,325.00,0.108601
567,1000,0.50,500,2,17,1.5000,3.0,67,110.00,0.181941
568,1000,0.50,500,2,17,1.5000,3.0,68,65.00,3.901627
569,1000,0.50,500,2,17,1.5000,3.0,69,136.00,2.441264
570,1000,0.50,500,2,17,1.5000,3.0,70,295.00,0.742805
571,1000,0.50,500,2,17,1.5000,3.0,71,174.00,1.458034
572,1000,0.50,500,2,17,1.5000,3.0,72,127.00,0.175303
573,1000,0.50,500,2,17,1.5000,3.0,73,109.00,0.350366
574,1000,0.50,500,2,17,1.5000,3.0,74,365.00,0.122672
575,1000,0.50,500,2,17,1.5000,3.0,75,118.00,0.274971
576,1000,0.50,500,2,17,1.5000,3.0,76,226.00,0.258387
577,1000,0.50,500,2,17,1.5000,3.0,77,102.00,0.636792
578,1000,0.50,500,2,17,1.5000,3.0,78,67.00,2.370966
579,1000,0.50,500,2,17,1.5000,3.0,79,97.00,0.273418
580,1000,0.50,500,2,17,1.5000,3.0,80,59.00,0.213274
581,1000,0.50,500,2,17,1.5000,3.0,81,93.00,0.278086
582,1000,0.50,500,2,17,1.5000,3.0,82,156.00,0.511407
583,1000,0.50,500,2,17,1.5000,3.0,83,201.00,2.765198
584,1000,0.50,500,2,17,1.5000,3.0,84,242.00,0.251564
585,1000,0.50,500,2,17,1.5000,3.0,85,61.00,0.308068
586,1000,0.50,500,2,17,1.5000,3.0,86,62.00,0.226934
587,1000,0.50,500,2,17,1.5000,3.0,87,95.00,0.642206
588,1000,0.50,500,2,17,1.5000,3.0,88,173.00,0.225328
589,1000,0.50,500,2,17,1.5000,3.0,89,45.00,0.962898
590,1000,0.50,500,2,17,1.5000,3.0,90,361.00,0.082189
591,1000,0.50,500,2,17,1.5000,3.0,91,162.00,0.902183
592,1000,0.50,500,2,17,1.5000,3.0,92,229.00,1.107185
593,1000,0.50,500,2,17,1.5000,3.0,93,171.00,0.201049
594,1000,0.50,500,2,17,1.5000,3.0,94,294.00,0.418232
595,1000,0.50,500,2,17,1.5000,3.0,95,98.00,0.644389
596,1000,0.50,500,2,17,1.5000,3.0,96,111.00,1.657157
597,1000,0.50,500,2,17,1.5000,3.0,97,105.00,3.147528
598,1000,0.50,500,2,17,1.5000,3.0,98,58.00,1.288052
599,1000,0.50,500,2,17,1.5000,3.0,99,71.00,1.498128
600,1000,0.50,500,2,17,1.7500,3.5,0,75.00,1.588921
601,1000,0.50,500,2,17,1.7500,3.5,1,97.00,4.414485
602,1000,0.50,500,2,17,1.7500,3.5,2,70.00,1.578299
603,1000,0.50,500,2,17,1.7500,3.5,3,66.00,1.004243
604,1000,0.50,500,2,17,1.7500,3.5,4,140.00,1.360614
605,1000,0.50,500,2,17,1.7500,3.5,5,59.00,0.325341
606,1000,0.50,500,2,17,1.7500,3.5,6,187.00,1.218709
607,1000,0.50,500,2,17,1.7500,3.5,7,60.00,1.868110
608,1000,0.50,500,2,17,1.7500,3.5,8,79.00,2.366004
609,1000,0.50,500,2,17,1.7500,3.5,9,79.00,1.033101
610,1000,0.50,500,2,17,1.7500,3.5,10,60.00,3.948233
611,1000,0.50,500,2,17,1.7500,3.5,11,86.00,1.063836
612,1000,0.50,500,2,17,1.7500,3.5,12,101.00,0.974209
613,1000,0.50,500,2,17,1.7500,3.5,13,113.00,1.012199
614,1000,0.50,500,2,17,1.7500,3.5,14,139.00,0.889204
615,1000,0.50,500,2,17,1.7500,3.5,15,173.00,5.568733
616,1000,0.50,500,2,17,1.7500,3.5,16,39.00,0.405119
617,1000,0.50,500,2,17,1.7500,3.5,17,83.00,2.336510
618,1000,0.50,500,2,17,1.7500,3.5,18,206.00,0.412667
619,1000,0.50,500,2,17,1.7500,3.5,19,40.00,0.567925
620,1000,0.50,500,2,17,1.7500,3.5,20,80.00,0.097799
621,1000,0.50,500,2,17,1.7500,3.5,21,62.00,1.142509
622,1000,0.50,500,2,17,1.7500,3.5,22,187.00,5.085244
623,1000,0.50,500,2,17,1.7500,3.5,23,40.00,0.968553
624,1000,0.50,500,2,17,1.7500,3.5,24,144.00,0.114027
625,1000,0.50,500,2,17,1.7500,3.5,25,99.00,0.227092
626,1000,0.50,500,2,17,1.7500,3.5,26,64.00,2.649943
627,1000,0.50,500,2,17,1.7500,3.5,27,263.00,2.897557
628,1000,0.50,500,2,17,1.7500,3.5,28,41.00,0.367853
629,1000,0.50,500,2,17,1.7500,3.5,29,99.00,4.748944
630,1000,0.50,500,2,17,1.7500,3.5,30,97.00,2.448460
631,1000,0.50,500,2,17,1.7500,3.5,31,100.00,2.853765
632,1000,0.50,500,2,17,1.7500,3.5,32,94.00,0.168991
633,1000,0.50,500,2,17,1.7500,3.5,33,202.00,1.881688
634,1000,0.50,500,2,17,1.7500,3.5,34,49.00,0.361188
635,1000,0.50,500,2,17,1.7500,3.5,35,111.00,2.821828
636,1000,0.50,500,2,17,1.7500,3.5,36,98.00,3.051317
637,1000,0.50,500,2,17,1.7500,3.5,37,190.00,4.658022
638,1000,0.50,500,2,17,1.7500,3.5,38,66.00,0.325316
639,1000,0.50,500,2,17,1.7500,3.5,39,67.00,2.769578
640,1000,0.50,500,2,17,1.7500,3.5,40,61.00,2.908485
641,1000,0.50,500,2,17,1.7500,3.5,41,124.00,2.648113
642,1000,0.50,500,2,17,1.7500,3.5,42,131.00,0.745519
643,1000,0.50,500,2,17,1.7500,3.5,43,56.00,1.169595
644,1000,0.50,500,2,17,1.7500,3.5,44,85.00,0.208228
645,1000,0.50,500,2,17,1.7500,3.5,45,79.00,0.142316
646,1000,0.50,500,2,17,1.7500,3.5,46,160.00,3.388029
647,1000,0.50,500,2,17,1.7500,3.5,47,116.00,5.146784
648,1000,0.50,500,2,17,1.7500,3.5,48,312.00,0.248792
649,1000,0.50,500,2,17,1.7500,3.5,49,95.00,0.419420
650,1000,0.50,500,2,17,1.7500,3.5,50,278.00,5.390224
651,1000,0.50,500,2,17,1.7500,3.5,51,47.00,0.420516
652,1000,0.50,500,2,17,1.7500,3.5,52,129.00,1.557579
653,1000,0.50,500,2,17,1.7500,3.5,53,160.00,1.763055
654,1000,0.50,500,2,17,1.7500,3.5,54,64.00,3.579150
655,1000,0.50,500,2,17,1.7500,3.5,55,55.00,1.864663
656,1000,0.50,500,2,17,1.7500,3.5,56,68.00,0.465274
657,1000,0.50,500,2,17,1.7500,3.5,57,89.00,0.255640
658,1000,0.50,500,2,17,1.7500,3.5,58,42.00,0.508565
659,1000,0.50,500,2,17,1.7500,3.5,59,79.00,3.610014
660,1000,0.50,500,2,17,1.7500,3.5,60,77.00,0.598377
661,1000,0.50,500,2,17,1.7500,3.5,61,80.00,3.236403
662,1000,0.50,500,2,17,1.7500,3.5,62,316.00,5.437485
663,1000,0.50,500,2,17,1.7500,3.5,63,165.00,1.737716
664,1000,0.50,500,2,17,1.7500,3.5,64,84.00,0.887275
665,1000,0.50,500,2,17,1.7500,3.5,65,107.00,4.713321
666,1000,0.50,500,2,17,1.7500,3.5,66,89.00,4.077211
667,1000,0.50,500,2,17,1.7500,3.5,67,253.00,4.493823
668,1000,0.50,500,2,17,1.7500,3.5,68,161.00,4.026917
669,1000,0.50,500,2,17,1.7500,3.5,69,77.00,0.840734
670,1000,0.50,500,2,17,1.7500,3.5,70,270.00,0.243973
671,1000,0.50,500,2,17,1.7500,3.5,71,81.00,0.362614
672,1000,0.50,500,2,17,1.7500,3.5,72,103.00,2.036309
673,1000,0.50,500,2,17,1.7500,3.5,73,71.00,2.634655
674,1000,0.50,500,2,17,1.7500,3.5,74,63.00,5.204003
675,1000,0.50,500,2,17,1.7500,3.5,75,72.00,0.618009
676,1000,0.50,500,2,17,1.7500,3.5,76,74.00,1.375732
677,1000,0.50,500,2,17,1.7500,3.5,77,103.00,2.278386
678,1000,0.50,500,2,17,1.7500,3.5,78,58.00,0.494115
679,1000,0.50,500,2,17,1.7500,3.5,79,65.00,4.153169
680,1000,0.50,500,2,17,1.7500,3.5,80,64.00,6.409827
681,1000,0.50,500,2,17,1.7500,3.5,81,73.00,4.320815
682,1000,0.50,500,2,17,1.7500,3.5,82,87.00,2.383664
683,1000,0.50,500,2,17,1.7500,3.5,83,134.00,0.361236
684,1000,0.50,500,2,17,1.7500,3.5,84,284.00,0.176835
685,1000,0.50,500,2,17,1.7500,3.5,85,58.00,1.723347
686,1000,0.50,500,2,17,1.7500,3.5,86,85.00,0.668840
687,1000,0.50,500,2,17,1.7500,3.5,87,95.00,0.527365
688,1000,0.50,500,2,17,1.7500,3.5,88,76.00,0.365178
689,1000,0.50,500,2,17,1.7500,3.5,89,147.00,0.371583
690,1000,0.50,500,2,17,1.7500,3.5,90,146.00,0.210654
691,1000,0.50,500,2,17,1.7500,3.5,91,129.00,1.312466
692,1000,0.50,500,2,17,1.7500,3.5,92,68.00,0.332409
693,1000,0.50,500,2,17,1.7500,3.5,93,116.00,0.595511
694,1000,0.50,500,2,17,1.7500,3.5,94,42.00,0.721603
695,1000,0.50,500,2,17,1.7500,3.5,95,86.00,0.367154
696,1000,0.50,500,2,17,1.7500,3.5,96,189.00,0.062132
697,1000,0.50,500,2,17,1.7500,3.5,97,72.00,0.326622
698,1000,0.50,500,2,17,1.7500,3.5,98,69.00,1.873839
699,1000,0.50,500,2,17,1.7500,3.5,99,146.00,2.256528
700,1000,0.50,500,2,17,2.0000,4.0,0,127.00,3.655972
701,1000,0.50,500,2,17,2.0000,4.0,1,81.00,0.184377
702,1000,0.50,500,2,17,2.0000,4.0,2,111.00,1.271043
703,1000,0.50,500,2,17,2.0000,4.0,3,103.00,1.657367
704,1000,0.50,500,2,17,2.0000,4.0,4,41.00,0.126441
705,1000,0.50,500,2,17,2.0000,4.0,5,95.00,4.299920
706,1000,0.50,500,2,17,2.0000,4.0,6,88.00,3.184695
707,1000,0.50,500,2,17,2.0000,4.0,7,107.00,2.796767
708,1000,0.50,500,2,17,2.0000,4.0,8,187.00,4.433165
709,1000,0.50,500,2,17,2.0000,4.0,9,88.00,2.291035
710,1000,0.50,500,2,17,2.0000,4.0,10,203.00,5.280413
711,1000,0.50,500,2,17,2.0000,4.0,11,97.00,0.244976
712,1000,0.50,500,2,17,2.0000,4.0,12,80.00,5.062171
713,1000,0.50,500,2,17,2.0000,4.0,13,50.00,0.875277
714,1000,0.50,500,2,17,2.0000,4.0,14,56.00,0.560956
715,1000,0.50,500,2,17,2.0000,4.0,15,66.00,2.071962
716,1000,0.50,500,2,17,2.0000,4.0,16,90.00,1.654481
717,1000,0.50,500,2,17,2.0000,4.0,17,65.00,2.915724
718,1000,0.50,500,2,17,2.0000,4.0,18,126.00,5.006478
719,1000,0.50,500,2,17,2.0000,4.0,19,63.00,0.279326
720,1000,0.50,500,2,17,2.0000,4.0,20,96.00,1.905909
721,1000,0.50,500,2,17,2.0000,4.0,21,86.00,1.523520
722,1000,0.50,500,2,17,2.0000,4.0,22,49.00,1.223850
723,1000,0.50,500,2,17,2.0000,4.0,23,66.00,1.874647
724,1000,0.50,500,2,17,2.0000,4.0,24,146.00,3.568775
725,1000,0.50,500,2,17,2.0000,4.0,25,61.00,4.449970
726,1000,0.50,500,2,17,2.0000,4.0,26,43.00,0.178293
727,1000,0.50,500,2,17,2.0000,4.0,27,102.00,0.732996
728,1000,0.50,500,2,17,2.0000,4.0,28,47.00,0.622050
729,1000,0.50,500,2,17,2.0000,4.0,29,74.00,1.459351
730,1000,0.50,500,2,17,2.0000,4.0,30,77.00,0.274048
731,1000,0.50,500,2,17,2.0000,4.0,31,110.00,6.028377
732,1000,0.50,500,2,17,2.0000,4.0,32,187.00,5.974201
733,1000,0.50,500,2,17,2.0000,4.0,33,59.00,1.106338
734,1000,0.50,500,2,17,2.0000,4.0,34,80.00,1.653896
735,1000,0.50,500,2,17,2.0000,4.0,35,84.00,0.089377
736,1000,0.50,500,2,17,2.0000,4.0,36,66.00,1.981932
737,1000,0.50,500,2,17,2.0000,4.0,37,60.00,2.954967
738,1000,0.50,500,2,17,2.0000,4.0,38,79.00,0.548586
739,1000,0.50,500,2,17,2.0000,4.0,39,69.00,3.678750
740,1000,0.50,500,2,17,2.0000,4.0,40,55.00,0.573689
741,1000,0.50,500,2,17,2.0000,4.0,41,50.00,1.099748
742,1000,0.50,500,2,17,2.0000,4.0,42,221.00,0.445092
743,1000,0.50,500,2,17,2.0000,4.0,43,96.00,1.474284
744,1000,0.50,500,2,17,2.0000,4.0,44,98.00,1.691684
745,1000,0.50,500,2,17,2.0000,4.0,45,64.00,3.551099
746,1000,0.50,500,2,17,2.0000,4.0,46,79.00,1.112370
747,1000,0.50,500,2,17,2.0000,4.0,47,50.00,0.709476
748,1000,0.50,500,2,17,2.0000,4.0,48,97.00,1.316598
749,1000,0.50,500,2,17,2.0000,4.0,49,188.00,2.936014
750,1000,0.50,500,2,17,2.0000,4.0,50,65.00,2.965522
751,1000,0.50,500,2,17,2.0000,4.0,51,110.00,2.444057
752,1000,0.50,500,2,17,2.0000,4.0,52,91.00,1.546591
753,1000,0.50,500,2,17,2.0000,4.0,53,57.00,6.041874
754,1000,0.50,500,2,17,2.0000,4.0,54,80.00,2.539143
755,1000,0.50,500,2,17,2.0000,4.0,55,94.00,0.394683
756,1000,0.50,500,2,17,2.0000,4.0,56,80.00,5.228776
757,1000,0.50,500,2,17,2.0000,4.0,57,51.00,1.297752
758,1000,0.50,500,2,17,2.0000,4.0,58,102.00,6.662411
759,1000,0.50,500,2,17,2.0000,4.0,59,59.00,5.051974
760,1000,0.50,500,2,17,2.0000,4.0,60,99.00,1.489959
761,1000,0.50,500,2,17,2.0000,4.0,61,56.00,0.603055
762,1000,0.50,500,2,17,2.0000,4.0,62,158.00,4.614146
763,1000,0.50,500,2,17,2.0000,4.0,63,56.00,0.589975
764,1000,0.50,500,2,17,2.0000,4.0,64,116.00,6.020001
765,1000,0.50,500,2,17,2.0000,4.0,65,49.00,0.309210
766,1000,0.50,500,2,17,2.0000,4.0,66,131.00,1.762597
767,1000,0.50,500,2,17,2.0000,4.0,67,62.00,4.501892
768,1000,0.50,500,2,17,2.0000,4.0,68,61.00,3.127290
769,1000,0.50,500,2,17,2.0000,4.0,69,39.00,0.125100
770,1000,0.50,500,2,17,2.0000,4.0,70,69.00,0.421353
771,1000,0.50,500,2,17,2.0000,4.0,71,100.00,0.799194
772,1000,0.50,500,2,17,2.0000,4.0,72,95.00,0.866773
773,1000,0.50,500,2,17,2.0000,4.0,73,59.00,5.004936
774,1000,0.50,500,2,17,2.0000,4.0,74,129.00,5.319033
775,1000,0.50,500,2,17,2.0000,4.0,75,62.00,0.980531
776,1000,0.50,500,2,17,2.0000,4.0,76,283.00,2.719028
777,1000,0.50,500,2,17,2.0000,4.0,77,105.00,0.222412
778,1000,0.50,500,2,17,2.0000,4.0,78,154.00,2.976630
779,1000,0.50,500,2,17,2.0000,4.0,79,46.00,0.227139
780,1000,0.50,500,2,17,2.0000,4.0,80,112.00,4.646113
781,1000,0.50,500,2,17,2.0000,4.0,81,52.00,3.332851
782,1000,0.50,500,2,17,2.0000,4.0,82,53.00,1.884476
783,1000,0.50,500,2,17,2.0000,4.0,83,43.00,0.121375
784,1000,0.50,500,2,17,2.0000,4.0,84,72.00,1.562958
785,1000,0.50,500,2,17,2.0000,4.0,85,82.00,4.600388
786,1000,0.50,500,2,17,2.0000,4.0,86,49.00,0.812970
787,1000,0.50,500,2,17,2.0000,4.0,87,64.00,0.294535
788,1000,0.50,500,2,17,2.0000,4.0,88,69.00,2.637454
789,1000,0.50,500,2,17,2.0000,4.0,89,39.00,0.541716
790,1000,0.50,500,2,17,2.0000,4.0,90,84.00,6.705359
791,1000,0.50,500,2,17,2.0000,4.0,91,86.00,1.963684
792,1000,0.50,500,2,17,2.0000,4.0,92,83.00,3.674349
793,1000,0.50,500,2,17,2.0000,4.0,93,82.00,4.900227
794,1000,0.50,500,2,17,2.0000,4.0,94,43.00,0.841248
795,1000,0.50,500,2,17,2.0000,4.0,95,62.00,5.993102
796,1000,0.50,500,2,17,2.0000,4.0,96,176.00,0.411582
797,1000,0.50,500,2,17,2.0000,4.0,97,71.00,1.045906
798,1000,0.50,500,2,17,2.0000,4.0,98,246.00,2.276006
799,1000,0.50,500,2,17,2.0000,4.0,99,104.00,3.338964
800,1000,0.50,500,2,17,2.2500,4.5,0,103.00,1.746420
801,1000,0.50,500,2,17,2.2500,4.5,1,64.00,0.335822
802,1000,0.50,500,2,17,2.2500,4.5,2,63.00,3.977860
803,1000,0.50,500,2,17,2.2500,4.5,3,60.00,1.432457
804,1000,0.50,500,2,17,2.2500,4.5,4,61.00,4.246927
805,1000,0.50,500,2,17,2.2500,4.5,5,74.00,5.272782
806,1000,0.50,500,2,17,2.2500,4.5,6,91.00,3.447152
807,1000,0.50,500,2,17,2.2500,4.5,7,166.00,4.694117
808,1000,0.50,500,2,17,2.2500,4.5,8,92.00,0.690300
809,1000,0.50,500,2,17,2.2500,4.5,9,110.00,4.049104
810,1000,0.50,500,2,17,2.2500,4.5,10,60.00,5.140346
811,1000,0.50,500,2,17,2.2500,4.5,11,103.00,0.739659
812,1000,0.50,500,2,17,2.2500,4.5,12,125.00,0.585718
813,1000,0.50,500,2,17,2.2500,4.5,13,68.00,0.491058
814,1000,0.50,500,2,17,2.2500,4.5,14,41.00,0.352330
815,1000,0.50,500,2,17,2.2500,4.5,15,85.00,1.519670
816,1000,0.50,500,2,17,2.2500,4.5,16,64.00,2.541486
817,1000,0.50,500,2,17,2.2500,4.5,17,82.00,0.746933
818,1000,0.50,500,2,17,2.2500,4.5,18,64.00,1.756585
819,1000,0.50,500,2,17,2.2500,4.5,19,132.00,5.019033
820,1000,0.50,500,2,17,2.2500,4.5,20,42.00,0.693940
821,1000,0.50,500,2,17,2.2500,4.5,21,55.00,1.318325
822,1000,0.50,500,2,17,2.2500,4.5,22,59.00,6.376726
823,1000,0.50,500,2,17,2.2500,4.5,23,60.00,2.057658
824,1000,0.50,500,2,17,2.2500,4.5,24,57.00,0.481788
825,1000,0.50,500,2,17,2.2500,4.5,25,69.00,0.424202
826,1000,0.50,500,2,17,2.2500,4.5,26,123.00,4.395481
827,1000,0.50,500,2,17,2.2500,4.5,27,37.00,2.883710
828,1000,0.50,500,2,17,2.2500,4.5,28,61.00,2.808931
829,1000,0.50,500,2,17,2.2500,4.5,29,56.00,5.063272
830,1000,0.50,500,2,17,2.2500,4.5,30,98.00,4.868802
831,1000,0.50,500,2,17,2.2500,4.5,31,59.00,1.507007
832,1000,0.50,500,2,17,2.2500,4.5,32,61.00,0.867420
833,1000,0.50,500,2,17,2.2500,4.5,33,56.00,5.431802
834,1000,0.50,500,2,17,2.2500,4.5,34,103.00,4.825001
835,1000,0.50,500,2,17,2.2500,4.5,35,56.00,0.499278
836,1000,0.50,500,2,17,2.2500,4.5,36,47.00,0.354419
837,1000,0.50,500,2,17,2.2500,4.5,37,88.00,0.562128
838,1000,0.50,500,2,17,2.2500,4.5,38,124.00,4.648961
839,1000,0.50,500,2,17,2.2500,4.5,39,53.00,1.525215
840,1000,0.50,500,2,17,2.2500,4.5,40,62.00,1.539552
841,1000,0.50,500,2,17,2.2500,4.5,41,93.00,1.467020
842,1000,0.50,500,2,17,2.2500,4.5,42,111.00,4.495937
843,1000,0.50,500,2,17,2.2500,4.5,43,107.00,5.149264
844,1000,0.50,500,2,17,2.2500,4.5,44,68.00,1.335399
845,1000,0.50,500,2,17,2.2500,4.5,45,64.00,0.139343
846,1000,0.50,500,2,17,2.2500,4.5,46,84.00,0.698663
847,1000,0.50,500,2,17,2.2500,4.5,47,61.00,1.213397
848,1000,0.50,500,2,17,2.2500,4.5,48,79.00,2.978602
849,1000,0.50,500,2,17,2.2500,4.5,49,57.00,0.479103
850,1000,0.50,500,2,17,2.2500,4.5,50,57.00,0.901697
851,1000,0.50,500,2,17,2.2500,4.5,51,61.00,1.924609
852,1000,0.50,500,2,17,2.2500,4.5,52,55.00,6.286356
853,1000,0.50,500,2,17,2.2500,4.5,53,91.00,4.810756
854,1000,0.50,500,2,17,2.2500,4.5,54,116.00,3.529986
855,1000,0.50,500,2,17,2.2500,4.5,55,49.00,0.303892
856,1000,0.50,500,2,17,2.2500,4.5,56,129.00,4.362431
857,1000,0.50,500,2,17,2.2500,4.5,57,63.00,2.268545
858,1000,0.50,500,2,17,2.2500,4.5,58,79.00,0.344322
859,1000,0.50,500,2,17,2.2500,4.5,59,78.00,0.595667
860,1000,0.50,500,2,17,2.2500,4.5,60,64.00,4.836084
861,1000,0.50,500,2,17,2.2500,4.5,61,58.00,0.490637
862,1000,0.50,500,2,17,2.2500,4.5,62,83.00,4.058759
863,1000,0.50,500,2,17,2.2500,4.5,63,56.00,2.861896
864,1000,0.50,500,2,17,2.2500,4.5,64,61.00,4.452589
865,1000,0.50,500,2,17,2.2500,4.5,65,105.00,0.399999
866,1000,0.50,500,2,17,2.2500,4.5,66,66.00,3.069854
867,1000,0.50,500,2,17,2.2500,4.5,67,67.00,2.581646
868,1000,0.50,500,2,17,2.2500,4.5,68,48.00,0.591620
869,1000,0.50,500,2,17,2.2500,4.5,69,55.00,0.680925
870,1000,0.50,500,2,17,2.2500,4.5,70,47.00,0.221752
871,1000,0.50,500,2,17,2.2500,4.5,71,65.00,4.209125
872,1000,0.50,500,2,17,2.2500,4.5,72,60.00,6.179071
873,1000,0.50,500,2,17,2.2500,4.5,73,54.00,6.998835
874,1000,0.50,500,2,17,2.2500,4.5,74,61.00,5.876219
875,1000,0.50,500,2,17,2.2500,4.5,75,62.00,5.863103
876,1000,0.50,500,2,17,2.2500,4.5,76,64.00,2.219116
877,1000,0.50,500,2,17,2.2500,4.5,77,89.00,4.582042
878,1000,0.50,500,2,17,2.2500,4.5,78,80.00,2.674441
879,1000,0.50,500,2,17,2.2500,4.5,79,54.00,0.494130
880,1000,0.50,500,2,17,2.2500,4.5,80,111.00,4.204032
881,1000,0.50,500,2,17,2.2500,4.5,81,57.00,0.645882
882,1000,0.50,500,2,17,2.2500,4.5,82,97.00,4.266285
883,1000,0.50,500,2,17,2.2500,4.5,83,63.00,3.350255
884,1000,0.50,500,2,17,2.2500,4.5,84,67.00,1.126373
885,1000,0.50,500,2,17,2.2500,4.5,85,52.00,4.087667
886,1000,0.50,500,2,17,2.2500,4.5,86,104.00,3.336349
887,1000,0.50,500,2,17,2.2500,4.5,87,84.00,0.681092
888,1000,0.50,500,2,17,2.2500,4.5,88,132.00,0.799142
889,1000,0.50,500,2,17,2.2500,4.5,89,72.00,4.418653
890,1000,0.50,500,2,17,2.2500,4.5,90,63.00,4.995169
891,1000,0.50,500,2,17,2.2500,4.5,91,51.00,4.928154
892,1000,0.50,500,2,17,2.2500,4.5,92,57.00,0.538528
893,1000,0.50,500,2,17,2.2500,4.5,93,139.00,0.427800
894,1000,0.50,500,2,17,2.2500,4.5,94,75.00,5.282296
895,1000,0.50,500,2,17,2.2500,4.5,95,62.00,1.082863
896,1000,0.50,500,2,17,2.2500,4.5,96,57.00,4.611670
897,1000,0.50,500,2,17,2.2500,4.5,97,73.00,0.882550
898,1000,0.50,500,2,17,2.2500,4.5,98,62.00,3.015841
899,1000,0.50,500,2,17,2.2500,4.5,99,69.00,0.404914
900,1000,0.50,500,2,17,2.5000,5.0,0,88.00,1.463729
901,1000,0.50,500,2,17,2.5000,5.0,1,96.00,0.440134
902,1000,0.50,500,2,17,2.5000,5.0,2,61.00,0.870866
903,1000,0.50,500,2,17,2.5000,5.0,3,58.00,0.583135
904,1000,0.50,500,2,17,2.5000,5.0,4,62.00,0.778767
905,1000,0.50,500,2,17,2.5000,5.0,5,57.00,6.230477
906,1000,0.50,500,2,17,2.5000,5.0,6,59.00,5.534523
907,1000,0.50,500,2,17,2.5000,5.0,7,55.00,5.760605
908,1000,0.50,500,2,17,2.5000,5.0,8,137.00,1.484805
909,1000,0.50,500,2,17,2.5000,5.0,9,60.00,0.619880
910,1000,0.50,500,2,17,2.5000,5.0,10,77.00,0.523382
911,1000,0.50,500,2,17,2.5000,5.0,11,58.00,0.406199
912,1000,0.50,500,2,17,2.5000,5.0,12,58.00,4.380962
913,1000,0.50,500,2,17,2.5000,5.0,13,56.00,4.008186
914,1000,0.50,500,2,17,2.5000,5.0,14,110.00,3.182896
915,1000,0.50,500,2,17,2.5000,5.0,15,47.00,5.089531
916,1000,0.50,500,2,17,2.5000,5.0,16,61.00,1.446143
917,1000,0.50,500,2,17,2.5000,5.0,17,174.00,0.690853
918,1000,0.50,500,2,17,2.5000,5.0,18,64.00,2.642487
919,1000,0.50,500,2,17,2.5000,5.0,19,80.00,0.927059
920,1000,0.50,500,2,17,2.5000,5.0,20,84.00,6.033617
921,1000,0.50,500,2,17,2.5000,5.0,21,71.00,0.548531
922,1000,0.50,500,2,17,2.5000,5.0,22,58.00,0.685670
923,1000,0.50,500,2,17,2.5000,5.0,23,129.00,0.414959
924,1000,0.50,500,2,17,2.5000,5.0,24,73.00,6.164357
925,1000,0.50,500,2,17,2.5000,5.0,25,59.00,0.682838
926,1000,0.50,500,2,17,2.5000,5.0,26,86.00,0.266945
927,1000,0.50,500,2,17,2.5000,5.0,27,56.00,4.576827
928,1000,0.50,500,2,17,2.5000,5.0,28,48.00,1.058663
929,1000,0.50,500,2,17,2.5000,5.0,29,71.00,1.988048
930,1000,0.50,500,2,17,2.5000,5.0,30,60.00,1.897635
931,1000,0.50,500,2,17,2.5000,5.0,31,44.00,2.815944
932,1000,0.50,500,2,17,2.5000,5.0,32,47.00,1.102583
933,1000,0.50,500,2,17,2.5000,5.0,33,67.00,0.473463
934,1000,0.50,500,2,17,2.5000,5.0,34,58.00,0.697472
935,1000,0.50,500,2,17,2.5000,5.0,35,111.00,1.419548
936,1000,0.50,500,2,17,2.5000,5.0,36,73.00,0.462931
937,1000,0.50,500,2,17,2.5000,5.0,37,64.00,3.714925
938,1000,0.50,500,2,17,2.5000,5.0,38,63.00,1.766178
939,1000,0.50,500,2,17,2.5000,5.0,39,54.00,1.154606
940,1000,0.50,500,2,17,2.5000,5.0,40,80.00,2.219483
941,1000,0.50,500,2,17,2.5000,5.0,41,48.00,0.339120
942,1000,0.50,500,2,17,2.5000,5.0,42,53.00,3.382226
943,1000,0.50,500,2,17,2.5000,5.0,43,57.00,5.312462
944,1000,0.50,500,2,17,2.5000,5.0,44,85.00,0.595535
945,1000,0.50,500,2,17,2.5000,5.0,45,50.00,5.740477
946,1000,0.50,500,2,17,2.5000,5.0,46,65.00,3.392947
947,1000,0.50,500,2,17,2.5000,5.0,47,74.00,4.879554
948,1000,0.50,500,2,17,2.5000,5.0,48,64.00,2.764762
949,1000,0.50,500,2,17,2.5000,5.0,49,57.00,5.151160
950,1000,0.50,500,2,17,2.5000,5.0,50,68.00,0.653134
951,1000,0.50,500,2,17,2.5000,5.0,51,58.00,0.682571
952,1000,0.50,500,2,17,2.5000,5.0,52,92.00,2.937500
953,1000,0.50,500,2,17,2.5000,5.0,53,59.00,0.407171
954,1000,0.50,500,2,17,2.5000,5.0,54,60.00,1.090727
955,1000,0.50,500,2,17,2.5000,5.0,55,59.00,5.918485
956,1000,0.50,500,2,17,2.5000,5.0,56,67.00,2.478176
957,1000,0.50,500,2,17,2.5000,5.0,57,81.00,4.214056
958,1000,0.50,500,2,17,2.5000,5.0,58,64.00,5.081341
959,1000,0.50,500,2,17,2.5000,5.0,59,61.00,5.417643
960,1000,0.50,500,2,17,2.5000,5.0,60,49.00,0.946971
961,1000,0.50,500,2,17,2.5000,5.0,61,60.00,4.478568
962,1000,0.50,500,2,17,2.5000,5.0,62,48.00,2.174859
963,1000,0.50,500,2,17,2.5000,5.0,63,59.00,2.644603
964,1000,0.50,500,2,17,2.5000,5.0,64,59.00,0.450760
965,1000,0.50,500,2,17,2.5000,5.0,65,62.00,0.603579
966,1000,0.50,500,2,17,2.5000,5.0,66,89.00,2.376762
967,1000,0.50,500,2,17,2.5000,5.0,67,74.00,3.642213
968,1000,0.50,500,2,17,2.5000,5.0,68,80.00,3.706717
969,1000,0.50,500,2,17,2.5000,5.0,69,120.00,3.585855
970,1000,0.50,500,2,17,2.5000,5.0,70,121.00,0.489719
971,1000,0.50,500,2,17,2.5000,5.0,71,112.00,4.119285
972,1000,0.50,500,2,17,2.5000,5.0,72,63.00,2.049702
973,1000,0.50,500,2,17,2.5000,5.0,73,153.00,1.403328
974,1000,0.50,500,2,17,2.5000,5.0,74,90.00,3.076286
975,1000,0.50,500,2,17,2.5000,5.0,75,64.00,1.114722
976,1000,0.50,500,2,17,2.5000,5.0,76,51.00,3.402102
977,1000,0.50,500,2,17,2.5000,5.0,77,74.00,1.687014
978,1000,0.50,500,2,17,2.5000,5.0,78,55.00,3.538837
979,1000,0.50,500,2,17,2.5000,5.0,79,55.00,0.415120
980,1000,0.50,500,2,17,2.5000,5.0,80,110.00,4.619663
981,1000,0.50,500,2,17,2.5000,5.0,81,64.00,1.998467
982,1000,0.50,500,2,17,2.5000,5.0,82,62.00,3.454446
983,1000,0.50,500,2,17,2.5000,5.0,83,140.00,1.901897
984,1000,0.50,500,2,17,2.5000,5.0,84,116.00,1.295599
985,1000,0.50,500,2,17,2.5000,5.0,85,58.00,1.524932
986,1000,0.50,500,2,17,2.5000,5.0,86,61.00,3.043932
987,1000,0.50,500,2,17,2.5000,5.0,87,82.00,0.517550
988,1000,0.50,500,2,17,2.5000,5.0,88,105.00,3.898806
989,1000,0.50,500,2,17,2.5000,5.0,89,64.00,5.566810
990,1000,0.50,500,2,17,2.5000,5.0,90,60.00,1.378905
991,1000,0.50,500,2,17,2.5000,5.0,91,57.00,0.403829
992,1000,0.50,500,2,17,2.5000,5.0,92,62.00,2.940622
993,1000,0.50,500,2,17,2.5000,5.0,93,92.00,5.454964
994,1000,0.50,500,2,17,2.5000,5.0,94,112.00,5.608944
995,1000,0.50,500,2,17,2.5000,5.0,95,63.00,0.743451
996,1000,0.50,500,2,17,2.5000,5.0,96,79.00,0.778811
997,1000,0.50,500,2,17,2.5000,5.0,97,54.00,3.183455
998,1000,0.50,500,2,17,2.5000,5.0,98,79.00,4.307324
999,1000,0.50,500,2,17,2.5000,5.0,99,58.00,0.589724
1000,1000,0.50,500,3,35,0.2500,0.5,0,895.00,4.317888
1001,1000,0.50,500,3,35,0.2500,0.5,1,895.00,2.810911
1002,1000,0.50,500,3,35,0.2500,0.5,2,909.00,10.084582
1003,1000,0.50,500,3,35,0.2500,0.5,3,872.00,5.889318
1004,1000,0.50,500,3,35,0.2500,0.5,4,900.00,3.398304
1005,1000,0.50,500,3,35,0.2500,0.5,5,890.00,1.144066
1006,1000,0.50,500,3,35,0.2500,0.5,6,876.00,9.029270
1007,1000,0.50,500,3,35,0.2500,0.5,7,892.00,7.854864
1008,1000,0.50,500,3,35,0.2500,0.5,8,889.00,7.792224
1009,1000,0.50,500,3,35,0.2500,0.5,9,882.00,2.310763
1010,1000,0.50,500,3,35,0.2500,0.5,10,897.00,1.814610
1011,1000,0.50,500,3,35,0.2500,0.5,11,881.00,9.980592
1012,1000,0.50,500,3,35,0.2500,0.5,12,901.00,10.904563
1013,1000,0.50,500,3,35,0.2500,0.5,13,837.00,4.363921
1014,1000,0.50,500,3,35,0.2500,0.5,14,865.00,8.926399
1015,1000,0.50,500,3,35,0.2500,0.5,15,893.00,14.085341
1016,1000,0.50,500,3,35,0.2500,0.5,16,870.00,12.936651
1017,1000,0.50,500,3,35,0.2500,0.5,17,879.00,15.305825
1018,1000,0.50,500,3,35,0.2500,0.5,18,871.00,1.604670
1019,1000,0.50,500,3,35,0.2500,0.5,19,866.00,0.680179
1020,1000,0.50,500,3,35,0.2500,0.5,20,875.00,11.517008
1021,1000,0.50,500,3,35,0.2500,0.5,21,866.00,2.767098
1022,1000,0.50,500,3,35,0.2500,0.5,22,891.00,1.310816
1023,1000,0.50,500,3,35,0.2500,0.5,23,890.00,4.237911
1024,1000,0.50,500,3,35,0.2500,0.5,24,875.00,5.605899
1025,1000,0.50,500,3,35,0.2500,0.5,25,869.00,2.622678
1026,1000,0.50,500,3,35,0.2500,0.5,26,862.00,28.660780
1027,1000,0.50,500,3,35,0.2500,0.5,27,881.00,0.705700
1028,1000,0.50,500,3,35,0.2500,0.5,28,887.00,1.578304
1029,1000,0.50,500,3,35,0.2500,0.5,29,852.00,14.183689
1030,1000,0.50,500,3,35,0.2500,0.5,30,875.00,31.288698
1031,1000,0.50,500,3,35,0.2500,0.5,31,878.00,20.913982
1032,1000,0.50,500,3,35,0.2500,0.5,32,872.00,5.854514
1033,1000,0.50,500,3,35,0.2500,0.5,33,870.00,1.388182
1034,1000,0.50,500,3,35,0.2500,0.5,34,866.00,4.529913
1035,1000,0.50,500,3,35,0.2500,0.5,35,866.00,20.228264
1036,1000,0.50,500,3,35,0.2500,0.5,36,899.00,7.007362
1037,1000,0.50,500,3,35,0.2500,0.5,37,883.00,8.037990
1038,1000,0.50,500,3,35,0.2500,0.5,38,891.00,10.193611
1039,1000,0.50,500,3,35,0.2500,0.5,39,863.00,13.681190
1040,1000,0.50,500,3,35,0.2500,0.5,40,884.00,3.567330
1041,1000,0.50,500,3,35,0.2500,0.5,41,882.00,0.863971
1042,1000,0.50,500,3,35,0.2500,0.5,42,887.00,5.818504
1043,1000,0.50,500,3,35,0.2500,0.5,43,912.00,1.290216
1044,1000,0.50,500,3,35,0.2500,0.5,44,874.00,25.802526
1045,1000,0.50,500,3,35,0.2500,0.5,45,880.00,0.766026
1046,1000,0.50,500,3,35,0.2500,0.5,46,888.00,4.320901
1047,1000,0.50,500,3,35,0.2500,0.5,47,881.00,11.966955
1048,1000,0.50,500,3,35,0.2500,0.5,48,887.00,3.658608
1049,1000,0.50,500,3,35,0.2500,0.5,49,908.00,13.456491
1050,1000,0.50,500,3,35,0.2500,0.5,50,882.00,4.395207
1051,1000,0.50,500,3,35,0.2500,0.5,51,888.00,5.909406
1052,1000,0.50,500,3,35,0.2500,0.5,52,874.00,1.000431
1053,1000,0.50,500,3,35,0.2500,0.5,53,883.00,5.056096
1054,1000,0.50,500,3,35,0.2500,0.5,54,870.00,11.501360
1055,1000,0.50,500,3,35,0.2500,0.5,55,882.00,1.951346
1056,1000,0.50,500,3,35,0.2500,0.5,56,815.00,20.821896
1057,1000,0.50,500,3,35,0.2500,0.5,57,884.00,0.512141
1058,1000,0.50,500,3,35,0.2500,0.5,58,894.00,4.143559
1059,1000,0.50,500,3,35,0.2500,0.5,59,866.00,8.452655
1060,1000,0.50,500,3,35,0.2500,0.5,60,871.00,8.677333
1061,1000,0.50,500,3,35,0.2500,0.5,61,871.00,6.003236
1062,1000,0.50,500,3,35,0.2500,0.5,62,900.00,2.518774
1063,1000,0.50,500,3,35,0.2500,0.5,63,885.00,2.308233
1064,1000,0.50,500,3,35,0.2500,0.5,64,877.00,5.083260
1065,1000,0.50,500,3,35,0.2500,0.5,65,846.00,29.330635
1066,1000,0.50,500,3,35,0.2500,0.5,66,888.00,1.058421
1067,1000,0.50,500,3,35,0.2500,0.5,67,878.00,1.314005
1068,1000,0.50,500,3,35,0.2500,0.5,68,887.00,4.553331
1069,1000,0.50,500,3,35,0.2500,0.5,69,1094.00,6.505946
1070,1000,0.50,500,3,35,0.2500,0.5,70,872.00,2.196367
1071,1000,0.50,500,3,35,0.2500,0.5,71,860.00,10.784679
1072,1000,0.50,500,3,35,0.2500,0.5,72,843.00,2.696500
1073,1000,0.50,500,3,35,0.2500,0.5,73,848.00,4.367327
1074,1000,0.50,500,3,35,0.2500,0.5,74,816.00,1.355925
1075,1000,0.50,500,3,35,0.2500,0.5,75,837.00,3.554727
1076,1000,0.50,500,3,35,0.2500,0.5,76,850.00,5.804888
1077,1000,0.50,500,3,35,0.2500,0.5,77,848.00,8.552599
1078,1000,0.50,500,3,35,0.2500,0.5,78,820.00,6.237179
1079,1000,0.50,500,3,35,0.2500,0.5,79,814.00,22.011780
1080,1000,0.50,500,3,35,0.2500,0.5,80,802.00,19.550152
1081,1000,0.50,500,3,35,0.2500,0.5,81,849.00,4.786451
1082,1000,0.50,500,3,35,0.2500,0.5,82,865.00,2.441161
1083,1000,0.50,500,3,35,0.2500,0.5,83,883.00,19.543285
1084,1000,0.50,500,3,35,0.2500,0.5,84,875.00,15.014407
1085,1000,0.50,500,3,35,0.2500,0.5,85,880.00,6.033056
1086,1000,0.50,500,3,35,0.2500,0.5,86,908.00,3.419744
1087,1000,0.50,500,3,35,0.2500,0.5,87,873.00,21.431650
1088,1000,0.50,500,3,35,0.2500,0.5,88,893.00,4.480737
1089,1000,0.50,500,3,35,0.2500,0.5,89,896.00,0.243408
1090,1000,0.50,500,3,35,0.2500,0.5,90,883.00,10.219597
1091,1000,0.50,500,3,35,0.2500,0.5,91,849.00,19.552643
1092,1000,0.50,500,3,35,0.2500,0.5,92,888.00,3.091446
1093,1000,0.50,500,3,35,0.2500,0.5,93,867.00,1.703312
1094,1000,0.50,500,3,35,0.2500,0.5,94,882.00,5.139135
1095,1000,0.50,500,3,35,0.2500,0.5,95,903.00,5.265318
1096,1000,0.50,500,3,35,0.2500,0.5,96,864.00,8.953140
1097,1000,0.50,500,3,35,0.2500,0.5,97,863.00,2.103444
1098,1000,0.50,500,3,35,0.2500,0.5,98,888.00,8.303418
1099,1000,0.50,500,3,35,0.2500,0.5,99,870.00,4.261963
1100,1000,0.50,500,3,35,0.5000,1.0,0,949.00,9.048748
1101,1000,0.50,500,3,35,0.5000,1.0,1,945.00,6.013474
1102,1000,0.50,500,3,35,0.5000,1.0,2,952.00,1.228595
1103,1000,0.50,500,3,35,0.5000,1.0,3,950.00,6.041121
1104,1000,0.50,500,3,35,0.5000,1.0,4,950.00,4.385149
1105,1000,0.50,500,3,35,0.5000,1.0,5,926.00,2.697088
1106,1000,0.50,500,3,35,0.5000,1.0,6,925.00,23.713928
1107,1000,0.50,500,3,35,0.5000,1.0,7,957.00,1.800215
1108,1000,0.50,500,3,35,0.5000,1.0,8,951.00,0.476899
1109,1000,0.50,500,3,35,0.5000,1.0,9,951.00,4.530929
1110,1000,0.50,500,3,35,0.5000,1.0,10,958.00,9.339977
1111,1000,0.50,500,3,35,0.5000,1.0,11,925.00,2.729903
1112,1000,0.50,500,3,35,0.5000,1.0,12,981.00,3.052410
1113,1000,0.50,500,3,35,0.5000,1.0,13,956.00,8.040020
1114,1000,0.50,500,3,35,0.5000,1.0,14,966.00,0.618677
1115,1000,0.50,500,3,35,0.5000,1.0,15,964.00,9.876353
1116,1000,0.50,500,3,35,0.5000,1.0,16,1000.00,1.311442
1117,1000,0.50,500,3,35,0.5000,1.0,17,976.00,10.542299
1118,1000,0.50,500,3,35,0.5000,1.0,18,965.00,5.588124
1119,1000,0.50,500,3,35,0.5000,1.0,19,955.00,4.283459
1120,1000,0.50,500,3,35,0.5000,1.0,20,983.00,0.793539
1121,1000,0.50,500,3,35,0.5000,1.0,21,962.00,9.765391
1122,1000,0.50,500,3,35,0.5000,1.0,22,938.00,1.375199
1123,1000,0.50,500,3,35,0.5000,1.0,23,955.00,18.581978
1124,1000,0.50,500,3,35,0.5000,1.0,24,955.00,4.592700
1125,1000,0.50,500,3,35,0.5000,1.0,25,996.00,2.192385
1126,1000,0.50,500,3,35,0.5000,1.0,26,978.00,2.640118
1127,1000,0.50,500,3,35,0.5000,1.0,27,969.00,6.922819
1128,1000,0.50,500,3,35,0.5000,1.0,28,945.00,9.294458
1129,1000,0.50,500,3,35,0.5000,1.0,29,947.00,8.678082
1130,1000,0.50,500,3,35,0.5000,1.0,30,933.00,12.846644
1131,1000,0.50,500,3,35,0.5000,1.0,31,982.00,1.249047
1132,1000,0.50,500,3,35,0.5000,1.0,32,953.00,6.369682
1133,1000,0.50,500,3,35,0.5000,1.0,33,944.00,12.467795
1134,1000,0.50,500,3,35,0.5000,1.0,34,979.00,1.724489
1135,1000,0.50,500,3,35,0.5000,1.0,35,963.00,1.954312
1136,1000,0.50,500,3,35,0.5000,1.0,36,951.00,10.654359
1137,1000,0.50,500,3,35,0.5000,1.0,37,954.00,0.800980
1138,1000,0.50,500,3,35,0.5000,1.0,38,942.00,4.333669
1139,1000,0.50,500,3,35,0.5000,1.0,39,943.00,9.301491
1140,1000,0.50,500,3,35,0.5000,1.0,40,971.00,3.768342
1141,1000,0.50,500,3,35,0.5000,1.0,41,954.00,15.975301
1142,1000,0.50,500,3,35,0.5000,1.0,42,963.00,2.317858
1143,1000,0.50,500,3,35,0.5000,1.0,43,958.00,5.921982
1144,1000,0.50,500,3,35,0.5000,1.0,44,1029.00,1.434442
1145,1000,0.50,500,3,35,0.5000,1.0,45,974.00,2.514595
1146,1000,0.50,500,3,35,0.5000,1.0,46,950.00,19.685764
1147,1000,0.50,500,3,35,0.5000,1.0,47,951.00,5.299057
1148,1000,0.50,500,3,35,0.5000,1.0,48,923.00,7.513025
1149,1000,0.50,500,3,35,0.5000,1.0,49,932.00,1.401507
1150,1000,0.50,500,3,35,0.5000,1.0,50,953.00,1.945016
1151,1000,0.50,500,3,35,0.5000,1.0,51,946.00,19.815737
1152,1000,0.50,500,3,35,0.5000,1.0,52,942.00,5.568133
1153,1000,0.50,500,3,35,0.5000,1.0,53,956.00,3.257932
1154,1000,0.50,500,3,35,0.5000,1.0,54,975.00,20.420906
1155,1000,0.50,500,3,35,0.5000,1.0,55,970.00,11.563338
1156,1000,0.50,500,3,35,0.5000,1.0,56,1008.00,3.346223
1157,1000,0.50,500,3,35,0.5000,1.0,57,978.00,14.652656
1158,1000,0.50,500,3,35,0.5000,1.0,58,972.00,1.123888
1159,1000,0.50,500,3,35,0.5000,1.0,59,1023.00,2.778084
1160,1000,0.50,500,3,35,0.5000,1.0,60,939.00,41.728817
1161,1000,0.50,500,3,35,0.5000,1.0,61,957.00,11.397521
1162,1000,0.50,500,3,35,0.5000,1.0,62,912.00,1.518153
1163,1000,0.50,500,3,35,0.5000,1.0,63,955.00,0.793621
1164,1000,0.50,500,3,35,0.5000,1.0,64,979.00,2.804556
1165,1000,0.50,500,3,35,0.5000,1.0,65,983.00,8.865532
1166,1000,0.50,500,3,35,0.5000,1.0,66,954.00,5.581893
1167,1000,0.50,500,3,35,0.5000,1.0,67,974.00,6.942078
1168,1000,0.50,500,3,35,0.5000,1.0,68,1005.00,2.778377
1169,1000,0.50,500,3,35,0.5000,1.0,69,971.00,4.082139
1170,1000,0.50,500,3,35,0.5000,1.0,70,926.00,17.471867
1171,1000,0.50,500,3,35,0.5000,1.0,71,969.00,14.333368
1172,1000,0.50,500,3,35,0.5000,1.0,72,923.00,6.173018
1173,1000,0.50,500,3,35,0.5000,1.0,73,929.00,6.874647
1174,1000,0.50,500,3,35,0.5000,1.0,74,962.00,0.821453
1175,1000,0.50,500,3,35,0.5000,1.0,75,973.00,0.432444
1176,1000,0.50,500,3,35,0.5000,1.0,76,969.00,7.845418
1177,1000,0.50,500,3,35,0.5000,1.0,77,943.00,3.402632
1178,1000,0.50,500,3,35,0.5000,1.0,78,970.00,2.085555
1179,1000,0.50,500,3,35,0.5000,1.0,79,951.00,3.601077
1180,1000,0.50,500,3,35,0.5000,1.0,80,1000.00,1.400122
1181,1000,0.50,500,3,35,0.5000,1.0,81,981.00,3.591484
1182,1000,0.50,500,3,35,0.5000,1.0,82,942.00,2.840293
1183,1000,0.50,500,3,35,0.5000,1.0,83,977.00,16.250204
1184,1000,0.50,500,3,35,0.5000,1.0,84,952.00,6.872928
1185,1000,0.50,500,3,35,0.5000,1.0,85,957.00,9.758893
1186,1000,0.50,500,3,35,0.5000,1.0,86,947.00,13.607787
1187,1000,0.50,500,3,35,0.5000,1.0,87,966.00,6.205878
1188,1000,0.50,500,3,35,0.5000,1.0,88,979.00,0.263492
1189,1000,0.50,500,3,35,0.5000,1.0,89,936.00,0.820120
1190,1000,0.50,500,3,35,0.5000,1.0,90,958.00,4.231406
1191,1000,0.50,500,3,35,0.5000,1.0,91,943.00,32.823921
1192,1000,0.50,500,3,35,0.5000,1.0,92,986.00,1.574772
1193,1000,0.50,500,3,35,0.5000,1.0,93,952.00,4.127037
1194,1000,0.50,500,3,35,0.5000,1.0,94,966.00,17.853035
1195,1000,0.50,500,3,35,0.5000,1.0,95,957.00,6.658705
1196,1000,0.50,500,3,35,0.5000,1.0,96,882.00,12.678123
1197,1000,0.50,500,3,35,0.5000,1.0,97,952.00,5.708163
1198,1000,0.50,500,3,35,0.5000,1.0,98,938.00,8.685578
1199,1000,0.50,500,3,35,0.5000,1.0,99,958.00,8.915945
1200,1000,0.50,500,3,35,0.7500,1.5,0,966.00,0.758892
1201,1000,0.50,500,3,35,0.7500,1.5,1,1019.00,9.443624
1202,1000,0.50,500,3,35,0.7500,1.5,2,1003.00,3.939606
1203,1000,0.50,500,3,35,0.7500,1.5,3,1010.00,1.195824
1204,1000,0.50,500,3,35,0.7500,1.5,4,987.00,0.657044
1205,1000,0.50,500,3,35,0.7500,1.5,5,992.00,33.466393
1206,1000,0.50,500,3,35,0.7500,1.5,6,1012.00,8.349158
1207,1000,0.50,500,3,35,0.7500,1.5,7,992.00,28.050554
1208,1000,0.50,500,3,35,0.7500,1.5,8,978.00,5.821024
1209,1000,0.50,500,3,35,0.7500,1.5,9,969.00,16.571415
1210,1000,0.50,500,3,35,0.7500,1.5,10,1019.00,4.658447
1211,1000,0.50,500,3,35,0.7500,1.5,11,985.00,0.289333
1212,1000,0.50,500,3,35,0.7500,1.5,12,963.00,2.200581
1213,1000,0.50,500,3,35,0.7500,1.5,13,970.00,1.028009
1214,1000,0.50,500,3,35,0.7500,1.5,14,980.00,2.282190
1215,1000,0.50,500,3,35,0.7500,1.5,15,990.00,1.801742
1216,1000,0.50,500,3,35,0.7500,1.5,16,992.00,2.462292
1217,1000,0.50,500,3,35,0.7500,1.5,17,964.00,0.279527
1218,1000,0.50,500,3,35,0.7500,1.5,18,997.00,6.359491
1219,1000,0.50,500,3,35,0.7500,1.5,19,1000.00,0.470835
1220,1000,0.50,500,3,35,0.7500,1.5,20,989.00,5.353168
1221,1000,0.50,500,3,35,0.7500,1.5,21,959.00,0.078572
1222,1000,0.50,500,3,35,0.7500,1.5,22,1003.00,0.913603
1223,1000,0.50,500,3,35,0.7500,1.5,23,947.00,1.566549
1224,1000,0.50,500,3,35,0.7500,1.5,24,927.00,1.894543
1225,1000,0.50,500,3,35,0.7500,1.5,25,935.00,1.708276
1226,1000,0.50,500,3,35,0.7500,1.5,26,911.00,5.700900
1227,1000,0.50,500,3,35,0.7500,1.5,27,939.00,1.841361
1228,1000,0.50,500,3,35,0.7500,1.5,28,930.00,4.944667
1229,1000,0.50,500,3,35,0.7500,1.5,29,940.00,7.035559
1230,1000,0.50,500,3,35,0.7500,1.5,30,936.00,1.705774
1231,1000,0.50,500,3,35,0.7500,1.5,31,954.00,4.760027
1232,1000,0.50,500,3,35,0.7500,1.5,32,941.00,23.508245
1233,1000,0.50,500,3,35,0.7500,1.5,33,997.00,1.299584
1234,1000,0.50,500,3,35,0.7500,1.5,34,967.00,0.772996
1235,1000,0.50,500,3,35,0.7500,1.5,35,997.00,1.165426
1236,1000,0.50,500,3,35,0.7500,1.5,36,981.00,6.090230
1237,1000,0.50,500,3,35,0.7500,1.5,37,979.00,1.909211
1238,1000,0.50,500,3,35,0.7500,1.5,38,974.00,5.974535
1239,1000,0.50,500,3,35,0.7500,1.5,39,992.00,0.299770
1240,1000,0.50,500,3,35,0.7500,1.5,40,1000.00,0.350687
1241,1000,0.50,500,3,35,0.7500,1.5,41,950.00,1.881132
1242,1000,0.50,500,3,35,0.7500,1.5,42,981.00,4.795300
1243,1000,0.50,500,3,35,0.7500,1.5,43,988.00,15.627181
1244,1000,0.50,500,3,35,0.7500,1.5,44,1032.00,0.943581
1245,1000,0.50,500,3,35,0.7500,1.5,45,967.00,2.751980
1246,1000,0.50,500,3,35,0.7500,1.5,46,985.00,4.259218
1247,1000,0.50,500,3,35,0.7500,1.5,47,974.00,5.828695
1248,1000,0.50,500,3,35,0.7500,1.5,48,994.00,2.776845
1249,1000,0.50,500,3,35,0.7500,1.5,49,975.00,1.403004
1250,1000,0.50,500,3,35,0.7500,1.5,50,1010.00,8.304995
1251,1000,0.50,500,3,35,0.7500,1.5,51,998.00,0.539094
1252,1000,0.50,500,3,35,0.7500,1.5,52,988.00,3.371077
1253,1000,0.50,500,3,35,0.7500,1.5,53,988.00,3.743491
1254,1000,0.50,500,3,35,0.7500,1.5,54,962.00,4.587419
1255,1000,0.50,500,3,35,0.7500,1.5,55,1003.00,2.576176
1256,1000,0.50,500,3,35,0.7500,1.5,56,961.00,1.422880
1257,1000,0.50,500,3,35,0.7500,1.5,57,989.00,0.719814
1258,1000,0.50,500,3,35,0.7500,1.5,58,968.00,17.625610
1259,1000,0.50,500,3,35,0.7500,1.5,59,982.00,0.090324
1260,1000,0.50,500,3,35,0.7500,1.5,60,1010.00,0.682165
1261,1000,0.50,500,3,35,0.7500,1.5,61,982.00,1.328436
1262,1000,0.50,500,3,35,0.7500,1.5,62,988.00,2.594658
1263,1000,0.50,500,3,35,0.7500,1.5,63,996.00,0.259521
1264,1000,0.50,500,3,35,0.7500,1.5,64,996.00,5.640362
1265,1000,0.50,500,3,35,0.7500,1.5,65,980.00,3.135737
1266,1000,0.50,500,3,35,0.7500,1.5,66,1007.00,7.702051
1267,1000,0.50,500,3,35,0.7500,1.5,67,963.00,3.069322
1268,1000,0.50,500,3,35,0.7500,1.5,68,962.00,3.154440
1269,1000,0.50,500,3,35,0.7500,1.5,69,989.00,4.575499
1270,1000,0.50,500,3,35,0.7500,1.5,70,989.00,18.667362
1271,1000,0.50,500,3,35,0.7500,1.5,71,965.00,1.888962
1272,1000,0.50,500,3,35,0.7500,1.5,72,975.00,1.941705
1273,1000,0.50,500,3,35,0.7500,1.5,73,969.00,1.048534
1274,1000,0.50,500,3,35,0.7500,1.5,74,959.00,4.644879
1275,1000,0.50,500,3,35,0.7500,1.5,75,990.00,9.047906
1276,1000,0.50,500,3,35,0.7500,1.5,76,983.00,9.897392
1277,1000,0.50,500,3,35,0.7500,1.5,77,975.00,1.229530
1278,1000,0.50,500,3,35,0.7500,1.5,78,959.00,0.413946
1279,1000,0.50,500,3,35,0.7500,1.5,79,994.00,10.636874
1280,1000,0.50,500,3,35,0.7500,1.5,80,991.00,0.573173
1281,1000,0.50,500,3,35,0.7500,1.5,81,924.00,2.858628
1282,1000,0.50,500,3,35,0.7500,1.5,82,953.00,9.013770
1283,1000,0.50,500,3,35,0.7500,1.5,83,966.00,1.720956
1284,1000,0.50,500,3,35,0.7500,1.5,84,980.00,25.067276
1285,1000,0.50,500,3,35,0.7500,1.5,85,1005.00,9.485453
1286,1000,0.50,500,3,35,0.7500,1.5,86,1020.00,4.731892
1287,1000,0.50,500,3,35,0.7500,1.5,87,1017.00,21.997482
1288,1000,0.50,500,3,35,0.7500,1.5,88,990.00,8.814043
1289,1000,0.50,500,3,35,0.7500,1.5,89,981.00,4.672043
1290,1000,0.50,500,3,35,0.7500,1.5,90,980.00,4.208345
1291,1000,0.50,500,3,35,0.7500,1.5,91,1007.00,12.320474
1292,1000,0.50,500,3,35,0.7500,1.5,92,981.00,5.770632
1293,1000,0.50,500,3,35,0.7500,1.5,93,946.00,1.765999
1294,1000,0.50,500,3,35,0.7500,1.5,94,988.00,1.333501
1295,1000,0.50,500,3,35,0.7500,1.5,95,1009.00,7.940713
1296,1000,0.50,500,3,35,0.7500,1.5,96,967.00,6.693457
1297,1000,0.50,500,3,35,0.7500,1.5,97,995.00,11.845188
1298,1000,0.50,500,3,35,0.7500,1.5,98,1019.00,10.323405
1299,1000,0.50,500,3,35,0.7500,1.5,99,964.00,15.634312
1300,1000,0.50,500,3,35,1.0000,2.0,0,1014.00,1.754954
1301,1000,0.50,500,3,35,1.0000,2.0,1,1017.00,0.352989
1302,1000,0.50,500,3,35,1.0000,2.0,2,993.00,2.441100
1303,1000,0.50,500,3,35,1.0000,2.0,3,1059.00,6.736946
1304,1000,0.50,500,3,35,1.0000,2.0,4,1026.00,3.747382
1305,1000,0.50,500,3,35,1.0000,2.0,5,1027.00,15.609263
1306,1000,0.50,500,3,35,1.0000,2.0,6,989.00,3.023055
1307,1000,0.50,500,3,35,1.0000,2.0,7,1013.00,25.059248
1308,1000,0.50,500,3,35,1.0000,2.0,8,950.00,0.972143
1309,1000,0.50,500,3,35,1.0000,2.0,9,966.00,0.419448
1310,1000,0.50,500,3,35,1.0000,2.0,10,1043.00,5.420867
1311,1000,0.50,500,3,35,1.0000,2.0,11,972.00,0.696870
1312,1000,0.50,500,3,35,1.0000,2.0,12,982.00,6.730739
1313,1000,0.50,500,3,35,1.0000,2.0,13,1033.00,0.921058
1314,1000,0.50,500,3,35,1.0000,2.0,14,995.00,7.428280
1315,1000,0.50,500,3,35,1.0000,2.0,15,1011.00,0.364452
1316,1000,0.50,500,3,35,1.0000,2.0,16,1016.00,6.559312
1317,1000,0.50,500,3,35,1.0000,2.0,17,987.00,3.498062
1318,1000,0.50,500,3,35,1.0000,2.0,18,990.00,0.686326
1319,1000,0.50,500,3,35,1.0000,2.0,19,975.00,2.299952
1320,1000,0.50,500,3,35,1.0000,2.0,20,988.00,1.410085
1321,1000,0.50,500,3,35,1.0000,2.0,21,987.00,2.811883
1322,1000,0.50,500,3,35,1.0000,2.0,22,980.00,0.384342
1323,1000,0.50,500,3,35,1.0000,2.0,23,991.00,0.470947
1324,1000,0.50,500,3,35,1.0000,2.0,24,960.00,6.983664
1325,1000,0.50,500,3,35,1.0000,2.0,25,978.00,0.328999
1326,1000,0.50,500,3,35,1.0000,2.0,26,979.00,8.210917
1327,1000,0.50,500,3,35,1.0000,2.0,27,993.00,7.623228
1328,1000,0.50,500,3,35,1.0000,2.0,28,1001.00,1.292109
1329,1000,0.50,500,3,35,1.0000,2.0,29,1003.00,5.929461
1330,1000,0.50,500,3,35,1.0000,2.0,30,992.00,2.790333
1331,1000,0.50,500,3,35,1.0000,2.0,31,1025.00,3.468033
1332,1000,0.50,500,3,35,1.0000,2.0,32,959.00,0.800001
1333,1000,0.50,500,3,35,1.0000,2.0,33,1013.00,7.556614
1334,1000,0.50,500,3,35,1.0000,2.0,34,966.00,8.543917
1335,1000,0.50,500,3,35,1.0000,2.0,35,992.00,1.198149
1336,1000,0.50,500,3,35,1.0000,2.0,36,1011.00,1.681242
1337,1000,0.50,500,3,35,1.0000,2.0,37,1003.00,2.973100
1338,1000,0.50,500,3,35,1.0000,2.0,38,1001.00,2.749413
1339,1000,0.50,500,3,35,1.0000,2.0,39,995.00,6.984815
1340,1000,0.50,500,3,35,1.0000,2.0,40,972.00,1.756814
1341,1000,0.50,500,3,35,1.0000,2.0,41,1024.00,1.921797
1342,1000,0.50,500,3,35,1.0000,2.0,42,982.00,2.910180
1343,1000,0.50,500,3,35,1.0000,2.0,43,979.00,1.210997
1344,1000,0.50,500,3,35,1.0000,2.0,44,959.00,4.707071
1345,1000,0.50,500,3,35,1.0000,2.0,45,987.00,1.312705
1346,1000,0.50,500,3,35,1.0000,2.0,46,955.00,3.993350
1347,1000,0.50,500,3,35,1.0000,2.0,47,978.00,0.795607
1348,1000,0.50,500,3,35,1.0000,2.0,48,975.00,7.227374
1349,1000,0.50,500,3,35,1.0000,2.0,49,1014.00,9.516488
1350,1000,0.50,500,3,35,1.0000,2.0,50,1019.00,20.021477
1351,1000,0.50,500,3,35,1.0000,2.0,51,985.00,2.015245
1352,1000,0.50,500,3,35,1.0000,2.0,52,1030.00,1.630478
1353,1000,0.50,500,3,35,1.0000,2.0,53,1043.00,1.664938
1354,1000,0.50,500,3,35,1.0000,2.0,54,988.00,23.305223
1355,1000,0.50,500,3,35,1.0000,2.0,55,1016.00,0.395566
1356,1000,0.50,500,3,35,1.0000,2.0,56,1013.00,0.252089
1357,1000,0.50,500,3,35,1.0000,2.0,57,966.00,2.522589
1358,1000,0.50,500,3,35,1.0000,2.0,58,965.00,0.595483
1359,1000,0.50,500,3,35,1.0000,2.0,59,989.00,2.138658
1360,1000,0.50,500,3,35,1.0000,2.0,60,1024.00,0.907749
1361,1000,0.50,500,3,35,1.0000,2.0,61,998.00,0.623443
1362,1000,0.50,500,3,35,1.0000,2.0,62,947.00,0.346944
1363,1000,0.50,500,3,35,1.0000,2.0,63,1025.00,7.517883
1364,1000,0.50,500,3,35,1.0000,2.0,64,1040.00,12.100379
1365,1000,0.50,500,3,35,1.0000,2.0,65,980.00,0.389037
1366,1000,0.50,500,3,35,1.0000,2.0,66,1008.00,4.497704
1367,1000,0.50,500,3,35,1.0000,2.0,67,1000.00,5.191111
1368,1000,0.50,500,3,35,1.0000,2.0,68,989.00,3.307271
1369,1000,0.50,500,3,35,1.0000,2.0,69,978.00,1.982647
1370,1000,0.50,500,3,35,1.0000,2.0,70,995.00,0.800514
1371,1000,0.50,500,3,35,1.0000,2.0,71,991.00,1.808811
1372,1000,0.50,500,3,35,1.0000,2.0,72,990.00,6.390273
1373,1000,0.50,500,3,35,1.0000,2.0,73,1031.00,1.808250
1374,1000,0.50,500,3,35,1.0000,2.0,74,1011.00,15.680154
1375,1000,0.50,500,3,35,1.0000,2.0,75,1001.00,0.398477
1376,1000,0.50,500,3,35,1.0000,2.0,76,1010.00,3.257459
1377,1000,0.50,500,3,35,1.0000,2.0,77,953.00,5.956445
1378,1000,0.50,500,3,35,1.0000,2.0,78,977.00,4.558181
1379,1000,0.50,500,3,35,1.0000,2.0,79,1023.00,4.636392
1380,1000,0.50,500,3,35,1.0000,2.0,80,986.00,10.035828
1381,1000,0.50,500,3,35,1.0000,2.0,81,962.00,2.114352
1382,1000,0.50,500,3,35,1.0000,2.0,82,1003.00,2.879177
1383,1000,0.50,500,3,35,1.0000,2.0,83,1019.00,3.395533
1384,1000,0.50,500,3,35,1.0000,2.0,84,975.00,0.659622
1385,1000,0.50,500,3,35,1.0000,2.0,85,1020.00,1.495547
1386,1000,0.50,500,3,35,1.0000,2.0,86,974.00,0.310716
1387,1000,0.50,500,3,35,1.0000,2.0,87,995.00,3.098267
1388,1000,0.50,500,3,35,1.0000,2.0,88,980.00,4.290966
1389,1000,0.50,500,3,35,1.0000,2.0,89,988.00,0.821006
1390,1000,0.50,500,3,35,1.0000,2.0,90,989.00,0.886894
1391,1000,0.50,500,3,35,1.0000,2.0,91,1009.00,1.502451
1392,1000,0.50,500,3,35,1.0000,2.0,92,974.00,3.084846
1393,1000,0.50,500,3,35,1.0000,2.0,93,999.00,0.572110
1394,1000,0.50,500,3,35,1.0000,2.0,94,992.00,2.067223
1395,1000,0.50,500,3,35,1.0000,2.0,95,981.00,0.742174
1396,1000,0.50,500,3,35,1.0000,2.0,96,999.00,4.327868
1397,1000,0.50,500,3,35,1.0000,2.0,97,1007.00,18.490593
1398,1000,0.50,500,3,35,1.0000,2.0,98,999.00,15.025822
1399,1000,0.50,500,3,35,1.0000,2.0,99,986.00,2.474750
1400,1000,0.50,500,3,35,1.2500,2.5,0,944.00,1.928258
1401,1000,0.50,500,3,35,1.2500,2.5,1,1033.00,1.412275
1402,1000,0.50,500,3,35,1.2500,2.5,2,326.00,2.520515
1403,1000,0.50,500,3,35,1.2500,2.5,3,1014.00,7.562547
1404,1000,0.50,500,3,35,1.2500,2.5,4,223.00,1.144062
1405,1000,0.50,500,3,35,1.2500,2.5,5,454.00,5.269085
1406,1000,0.50,500,3,35,1.2500,2.5,6,977.00,0.449322
1407,1000,0.50,500,3,35,1.2500,2.5,7,723.00,1.099003
1408,1000,0.50,500,3,35,1.2500,2.5,8,1033.00,6.134230
1409,1000,0.50,500,3,35,1.2500,2.5,9,1026.00,18.359127
1410,1000,0.50,500,3,35,1.2500,2.5,10,144.00,0.876263
1411,1000,0.50,500,3,35,1.2500,2.5,11,408.00,2.260073
1412,1000,0.50,500,3,35,1.2500,2.5,12,170.00,1.259003
1413,1000,0.50,500,3,35,1.2500,2.5,13,383.00,9.794315
1414,1000,0.50,500,3,35,1.2500,2.5,14,1008.00,4.719842
1415,1000,0.50,500,3,35,1.2500,2.5,15,196.00,0.999147
1416,1000,0.50,500,3,35,1.2500,2.5,16,624.00,2.505326
1417,1000,0.50,500,3,35,1.2500,2.5,17,1005.00,1.724302
1418,1000,0.50,500,3,35,1.2500,2.5,18,665.00,1.270369
1419,1000,0.50,500,3,35,1.2500,2.5,19,637.00,2.156675
1420,1000,0.50,500,3,35,1.2500,2.5,20,637.00,8.642365
1421,1000,0.50,500,3,35,1.2500,2.5,21,316.00,0.884245
1422,1000,0.50,500,3,35,1.2500,2.5,22,672.00,8.313260
1423,1000,0.50,500,3,35,1.2500,2.5,23,187.00,0.685663
1424,1000,0.50,500,3,35,1.2500,2.5,24,496.00,2.414474
1425,1000,0.50,500,3,35,1.2500,2.5,25,1048.00,5.810500
1426,1000,0.50,500,3,35,1.2500,2.5,26,1039.00,9.547441
1427,1000,0.50,500,3,35,1.2500,2.5,27,1018.00,1.196547
1428,1000,0.50,500,3,35,1.2500,2.5,28,1038.00,0.867352
1429,1000,0.50,500,3,35,1.2500,2.5,29,326.00,3.017197
1430,1000,0.50,500,3,35,1.2500,2.5,30,1058.00,18.244370
1431,1000,0.50,500,3,35,1.2500,2.5,31,1020.00,3.549520
1432,1000,0.50,500,3,35,1.2500,2.5,32,1043.00,6.227441
1433,1000,0.50,500,3,35,1.2500,2.5,33,1080.00,19.405687
1434,1000,0.50,500,3,35,1.2500,2.5,34,68.00,1.601252
1435,1000,0.50,500,3,35,1.2500,2.5,35,1069.00,10.606912
1436,1000,0.50,500,3,35,1.2500,2.5,36,1104.00,12.062148
1437,1000,0.50,500,3,35,1.2500,2.5,37,1029.00,6.868961
1438,1000,0.50,500,3,35,1.2500,2.5,38,61.00,0.858952
1439,1000,0.50,500,3,35,1.2500,2.5,39,71.00,0.905809
1440,1000,0.50,500,3,35,1.2500,2.5,40,974.00,12.923733
1441,1000,0.50,500,3,35,1.2500,2.5,41,1033.00,4.613370
1442,1000,0.50,500,3,35,1.2500,2.5,42,404.00,1.422130
1443,1000,0.50,500,3,35,1.2500,2.5,43,1014.00,3.904155
1444,1000,0.50,500,3,35,1.2500,2.5,44,986.00,2.973053
1445,1000,0.50,500,3,35,1.2500,2.5,45,1026.00,3.184911
1446,1000,0.50,500,3,35,1.2500,2.5,46,1045.00,1.394882
1447,1000,0.50,500,3,35,1.2500,2.5,47,840.00,1.114891
1448,1000,0.50,500,3,35,1.2500,2.5,48,959.00,2.809082
1449,1000,0.50,500,3,35,1.2500,2.5,49,566.00,0.882148
1450,1000,0.50,500,3,35,1.2500,2.5,50,289.00,2.564235
1451,1000,0.50,500,3,35,1.2500,2.5,51,844.00,1.187104
1452,1000,0.50,500,3,35,1.2500,2.5,52,1045.00,9.166472
1453,1000,0.50,500,3,35,1.2500,2.5,53,96.00,2.894603
1454,1000,0.50,500,3,35,1.2500,2.5,54,1060.00,6.071000
1455,1000,0.50,500,3,35,1.2500,2.5,55,1083.00,18.249969
1456,1000,0.50,500,3,35,1.2500,2.5,56,723.00,3.863935
1457,1000,0.50,500,3,35,1.2500,2.5,57,540.00,1.796162
1458,1000,0.50,500,3,35,1.2500,2.5,58,1041.00,2.148108
1459,1000,0.50,500,3,35,1.2500,2.5,59,61.00,2.894536
1460,1000,0.50,500,3,35,1.2500,2.5,60,1034.00,11.128090
1461,1000,0.50,500,3,35,1.2500,2.5,61,1027.00,2.393480
1462,1000,0.50,500,3,35,1.2500,2.5,62,939.00,0.301854
1463,1000,0.50,500,3,35,1.2500,2.5,63,1050.00,8.421187
1464,1000,0.50,500,3,35,1.2500,2.5,64,731.00,1.012375
1465,1000,0.50,500,3,35,1.2500,2.5,65,228.00,0.250455
1466,1000,0.50,500,3,35,1.2500,2.5,66,295.00,0.162642
1467,1000,0.50,500,3,35,1.2500,2.5,67,1044.00,1.098116
1468,1000,0.50,500,3,35,1.2500,2.5,68,277.00,4.628749
1469,1000,0.50,500,3,35,1.2500,2.5,69,760.00,0.720869
1470,1000,0.50,500,3,35,1.2500,2.5,70,67.00,10.293629
1471,1000,0.50,500,3,35,1.2500,2.5,71,770.00,4.588224
1472,1000,0.50,500,3,35,1.2500,2.5,72,229.00,0.979712
1473,1000,0.50,500,3,35,1.2500,2.5,73,880.00,2.503367
1474,1000,0.50,500,3,35,1.2500,2.5,74,830.00,3.786342
1475,1000,0.50,500,3,35,1.2500,2.5,75,1017.00,20.359644
1476,1000,0.50,500,3,35,1.2500,2.5,76,1028.00,5.879434
1477,1000,0.50,500,3,35,1.2500,2.5,77,1040.00,8.381005
1478,1000,0.50,500,3,35,1.2500,2.5,78,1053.00,16.151083
1479,1000,0.50,500,3,35,1.2500,2.5,79,1030.00,4.036754
1480,1000,0.50,500,3,35,1.2500,2.5,80,1084.00,13.978191
1481,1000,0.50,500,3,35,1.2500,2.5,81,975.00,0.660678
1482,1000,0.50,500,3,35,1.2500,2.5,82,1050.00,20.262634
1483,1000,0.50,500,3,35,1.2500,2.5,83,323.00,2.840357
1484,1000,0.50,500,3,35,1.2500,2.5,84,356.00,0.437430
1485,1000,0.50,500,3,35,1.2500,2.5,85,1076.00,0.255401
1486,1000,0.50,500,3,35,1.2500,2.5,86,407.00,2.447254
1487,1000,0.50,500,3,35,1.2500,2.5,87,137.00,1.951247
1488,1000,0.50,500,3,35,1.2500,2.5,88,1047.00,4.234165
1489,1000,0.50,500,3,35,1.2500,2.5,89,821.00,1.592595
1490,1000,0.50,500,3,35,1.2500,2.5,90,376.00,0.310501
1491,1000,0.50,500,3,35,1.2500,2.5,91,404.00,3.624504
1492,1000,0.50,500,3,35,1.2500,2.5,92,60.00,0.200733
1493,1000,0.50,500,3,35,1.2500,2.5,93,1043.00,24.168713
1494,1000,0.50,500,3,35,1.2500,2.5,94,407.00,3.524926
1495,1000,0.50,500,3,35,1.2500,2.5,95,1065.00,1.038713
1496,1000,0.50,500,3,35,1.2500,2.5,96,643.00,10.113017
1497,1000,0.50,500,3,35,1.2500,2.5,97,1021.00,4.917463
1498,1000,0.50,500,3,35,1.2500,2.5,98,446.00,0.881524
1499,1000,0.50,500,3,35,1.2500,2.5,99,417.00,7.380250
1500,1000,0.50,500,3,35,1.5000,3.0,0,336.00,0.944278
1501,1000,0.50,500,3,35,1.5000,3.0,1,505.00,1.456630
1502,1000,0.50,500,3,35,1.5000,3.0,2,179.00,0.294031
1503,1000,0.50,500,3,35,1.5000,3.0,3,432.00,0.791371
1504,1000,0.50,500,3,35,1.5000,3.0,4,251.00,10.897795
1505,1000,0.50,500,3,35,1.5000,3.0,5,766.00,3.979947
1506,1000,0.50,500,3,35,1.5000,3.0,6,797.00,1.391824
1507,1000,0.50,500,3,35,1.5000,3.0,7,1042.00,25.330868
1508,1000,0.50,500,3,35,1.5000,3.0,8,145.00,2.301124
1509,1000,0.50,500,3,35,1.5000,3.0,9,155.00,3.383876
1510,1000,0.50,500,3,35,1.5000,3.0,10,233.00,0.600828
1511,1000,0.50,500,3,35,1.5000,3.0,11,414.00,13.469632
1512,1000,0.50,500,3,35,1.5000,3.0,12,400.00,1.249085
1513,1000,0.50,500,3,35,1.5000,3.0,13,645.00,2.619003
1514,1000,0.50,500,3,35,1.5000,3.0,14,321.00,4.551357
1515,1000,0.50,500,3,35,1.5000,3.0,15,653.00,9.569057
1516,1000,0.50,500,3,35,1.5000,3.0,16,333.00,12.518151
1517,1000,0.50,500,3,35,1.5000,3.0,17,1056.00,14.375701
1518,1000,0.50,500,3,35,1.5000,3.0,18,821.00,0.515443
1519,1000,0.50,500,3,35,1.5000,3.0,19,258.00,9.169171
1520,1000,0.50,500,3,35,1.5000,3.0,20,792.00,9.698093
1521,1000,0.50,500,3,35,1.5000,3.0,21,87.00,2.109734
1522,1000,0.50,500,3,35,1.5000,3.0,22,111.00,4.876960
1523,1000,0.50,500,3,35,1.5000,3.0,23,200.00,0.912712
1524,1000,0.50,500,3,35,1.5000,3.0,24,539.00,8.420541
1525,1000,0.50,500,3,35,1.5000,3.0,25,368.00,0.257782
1526,1000,0.50,500,3,35,1.5000,3.0,26,263.00,4.839802
1527,1000,0.50,500,3,35,1.5000,3.0,27,69.00,1.458158
1528,1000,0.50,500,3,35,1.5000,3.0,28,379.00,6.333351
1529,1000,0.50,500,3,35,1.5000,3.0,29,257.00,2.514615
1530,1000,0.50,500,3,35,1.5000,3.0,30,131.00,7.295385
1531,1000,0.50,500,3,35,1.5000,3.0,31,1029.00,9.546401
1532,1000,0.50,500,3,35,1.5000,3.0,32,230.00,0.218578
1533,1000,0.50,500,3,35,1.5000,3.0,33,89.00,3.827378
1534,1000,0.50,500,3,35,1.5000,3.0,34,1111.00,19.370600
1535,1000,0.50,500,3,35,1.5000,3.0,35,186.00,4.586824
1536,1000,0.50,500,3,35,1.5000,3.0,36,135.00,0.699988
1537,1000,0.50,500,3,35,1.5000,3.0,37,308.00,3.796107
1538,1000,0.50,500,3,35,1.5000,3.0,38,370.00,23.421986
1539,1000,0.50,500,3,35,1.5000,3.0,39,72.00,3.585122
1540,1000,0.50,500,3,35,1.5000,3.0,40,300.00,25.417286
1541,1000,0.50,500,3,35,1.5000,3.0,41,488.00,4.635958
1542,1000,0.50,500,3,35,1.5000,3.0,42,380.00,1.130471
1543,1000,0.50,500,3,35,1.5000,3.0,43,112.00,2.085740
1544,1000,0.50,500,3,35,1.5000,3.0,44,79.00,15.575006
1545,1000,0.50,500,3,35,1.5000,3.0,45,282.00,3.077874
1546,1000,0.50,500,3,35,1.5000,3.0,46,92.00,10.244225
1547,1000,0.50,500,3,35,1.5000,3.0,47,65.00,3.043356
1548,1000,0.50,500,3,35,1.5000,3.0,48,292.00,2.933671
1549,1000,0.50,500,3,35,1.5000,3.0,49,152.00,8.473658
1550,1000,0.50,500,3,35,1.5000,3.0,50,85.00,13.058111
1551,1000,0.50,500,3,35,1.5000,3.0,51,104.00,6.588145
1552,1000,0.50,500,3,35,1.5000,3.0,52,689.00,4.236209
1553,1000,0.50,500,3,35,1.5000,3.0,53,106.00,15.012715
1554,1000,0.50,500,3,35,1.5000,3.0,54,404.00,8.654481
1555,1000,0.50,500,3,35,1.5000,3.0,55,234.00,4.545076
1556,1000,0.50,500,3,35,1.5000,3.0,56,81.00,3.388320
1557,1000,0.50,500,3,35,1.5000,3.0,57,469.00,20.983334
1558,1000,0.50,500,3,35,1.5000,3.0,58,125.00,3.337265
1559,1000,0.50,500,3,35,1.5000,3.0,59,972.00,3.036083
1560,1000,0.50,500,3,35,1.5000,3.0,60,474.00,1.630445
1561,1000,0.50,500,3,35,1.5000,3.0,61,144.00,16.429358
1562,1000,0.50,500,3,35,1.5000,3.0,62,457.00,0.619017
1563,1000,0.50,500,3,35,1.5000,3.0,63,777.00,2.020894
1564,1000,0.50,500,3,35,1.5000,3.0,64,61.00,0.533630
1565,1000,0.50,500,3,35,1.5000,3.0,65,847.00,0.446428
1566,1000,0.50,500,3,35,1.5000,3.0,66,999.00,4.025083
1567,1000,0.50,500,3,35,1.5000,3.0,67,109.00,9.988820
1568,1000,0.50,500,3,35,1.5000,3.0,68,152.00,4.721218
1569,1000,0.50,500,3,35,1.5000,3.0,69,118.00,7.946429
1570,1000,0.50,500,3,35,1.5000,3.0,70,482.00,1.306361
1571,1000,0.50,500,3,35,1.5000,3.0,71,375.00,0.819262
1572,1000,0.50,500,3,35,1.5000,3.0,72,156.00,12.852493
1573,1000,0.50,500,3,35,1.5000,3.0,73,719.00,1.964106
1574,1000,0.50,500,3,35,1.5000,3.0,74,529.00,8.399249
1575,1000,0.50,500,3,35,1.5000,3.0,75,1049.00,9.912395
1576,1000,0.50,500,3,35,1.5000,3.0,76,223.00,1.275553
1577,1000,0.50,500,3,35,1.5000,3.0,77,67.00,1.388689
1578,1000,0.50,500,3,35,1.5000,3.0,78,209.00,0.705334
1579,1000,0.50,500,3,35,1.5000,3.0,79,148.00,19.556553
1580,1000,0.50,500,3,35,1.5000,3.0,80,67.00,2.682857
1581,1000,0.50,500,3,35,1.5000,3.0,81,132.00,1.098716
1582,1000,0.50,500,3,35,1.5000,3.0,82,108.00,8.818245
1583,1000,0.50,500,3,35,1.5000,3.0,83,301.00,1.899968
1584,1000,0.50,500,3,35,1.5000,3.0,84,130.00,5.517671
1585,1000,0.50,500,3,35,1.5000,3.0,85,141.00,4.875831
1586,1000,0.50,500,3,35,1.5000,3.0,86,164.00,0.688936
1587,1000,0.50,500,3,35,1.5000,3.0,87,275.00,9.114281
1588,1000,0.50,500,3,35,1.5000,3.0,88,99.00,1.384022
1589,1000,0.50,500,3,35,1.5000,3.0,89,168.00,21.202526
1590,1000,0.50,500,3,35,1.5000,3.0,90,114.00,2.868219
1591,1000,0.50,500,3,35,1.5000,3.0,91,119.00,9.391065
1592,1000,0.50,500,3,35,1.5000,3.0,92,1044.00,9.900220
1593,1000,0.50,500,3,35,1.5000,3.0,93,213.00,10.995779
1594,1000,0.50,500,3,35,1.5000,3.0,94,519.00,1.891868
1595,1000,0.50,500,3,35,1.5000,3.0,95,332.00,14.283718
1596,1000,0.50,500,3,35,1.5000,3.0,96,211.00,0.700476
1597,1000,0.50,500,3,35,1.5000,3.0,97,214.00,10.089558
1598,1000,0.50,500,3,35,1.5000,3.0,98,420.00,4.181144
1599,1000,0.50,500,3,35,1.5000,3.0,99,109.00,1.409094
1600,1000,0.50,500,3,35,1.7500,3.5,0,111.00,0.921381
1601,1000,0.50,500,3,35,1.7500,3.5,1,136.00,2.693764
1602,1000,0.50,500,3,35,1.7500,3.5,2,190.00,17.042336
1603,1000,0.50,500,3,35,1.7500,3.5,3,100.00,2.462193
1604,1000,0.50,500,3,35,1.7500,3.5,4,387.00,0.751030
1605,1000,0.50,500,3,35,1.7500,3.5,5,154.00,14.692499
1606,1000,0.50,500,3,35,1.7500,3.5,6,149.00,8.619402
1607,1000,0.50,500,3,35,1.7500,3.5,7,106.00,12.616357
1608,1000,0.50,500,3,35,1.7500,3.5,8,97.00,1.640636
1609,1000,0.50,500,3,35,1.7500,3.5,9,333.00,10.313925
1610,1000,0.50,500,3,35,1.7500,3.5,10,97.00,1.811573
1611,1000,0.50,500,3,35,1.7500,3.5,11,176.00,23.182240
1612,1000,0.50,500,3,35,1.7500,3.5,12,250.00,14.182896
1613,1000,0.50,500,3,35,1.7500,3.5,13,107.00,29.220470
1614,1000,0.50,500,3,35,1.7500,3.5,14,208.00,12.293766
1615,1000,0.50,500,3,35,1.7500,3.5,15,283.00,2.389760
1616,1000,0.50,500,3,35,1.7500,3.5,16,73.00,10.985054
1617,1000,0.50,500,3,35,1.7500,3.5,17,98.00,11.056782
1618,1000,0.50,500,3,35,1.7500,3.5,18,219.00,19.135210
1619,1000,0.50,500,3,35,1.7500,3.5,19,68.00,1.226857
1620,1000,0.50,500,3,35,1.7500,3.5,20,371.00,3.411812
1621,1000,0.50,500,3,35,1.7500,3.5,21,121.00,12.926458
1622,1000,0.50,500,3,35,1.7500,3.5,22,220.00,6.599144
1623,1000,0.50,500,3,35,1.7500,3.5,23,482.00,18.043427
1624,1000,0.50,500,3,35,1.7500,3.5,24,293.00,15.584020
1625,1000,0.50,500,3,35,1.7500,3.5,25,392.00,2.979568
1626,1000,0.50,500,3,35,1.7500,3.5,26,315.00,9.364625
1627,1000,0.50,500,3,35,1.7500,3.5,27,94.00,5.229387
1628,1000,0.50,500,3,35,1.7500,3.5,28,124.00,0.704506
1629,1000,0.50,500,3,35,1.7500,3.5,29,209.00,3.966365
1630,1000,0.50,500,3,35,1.7500,3.5,30,167.00,13.252302
1631,1000,0.50,500,3,35,1.7500,3.5,31,169.00,5.811853
1632,1000,0.50,500,3,35,1.7500,3.5,32,135.00,16.147636
1633,1000,0.50,500,3,35,1.7500,3.5,33,682.00,3.052949
1634,1000,0.50,500,3,35,1.7500,3.5,34,336.00,6.658957
1635,1000,0.50,500,3,35,1.7500,3.5,35,296.00,18.867739
1636,1000,0.50,500,3,35,1.7500,3.5,36,468.00,5.939243
1637,1000,0.50,500,3,35,1.7500,3.5,37,332.00,1.851406
1638,1000,0.50,500,3,35,1.7500,3.5,38,96.00,5.720195
1639,1000,0.50,500,3,35,1.7500,3.5,39,104.00,16.082144
1640,1000,0.50,500,3,35,1.7500,3.5,40,365.00,1.338290
1641,1000,0.50,500,3,35,1.7500,3.5,41,73.00,0.797511
1642,1000,0.50,500,3,35,1.7500,3.5,42,211.00,7.182255
1643,1000,0.50,500,3,35,1.7500,3.5,43,148.00,1.208885
1644,1000,0.50,500,3,35,1.7500,3.5,44,134.00,3.571236
1645,1000,0.50,500,3,35,1.7500,3.5,45,350.00,14.075844
1646,1000,0.50,500,3,35,1.7500,3.5,46,150.00,2.306361
1647,1000,0.50,500,3,35,1.7500,3.5,47,189.00,1.151570
1648,1000,0.50,500,3,35,1.7500,3.5,48,96.00,13.691180
1649,1000,0.50,500,3,35,1.7500,3.5,49,105.00,1.090017
1650,1000,0.50,500,3,35,1.7500,3.5,50,71.00,2.362487
1651,1000,0.50,500,3,35,1.7500,3.5,51,136.00,23.799114
1652,1000,0.50,500,3,35,1.7500,3.5,52,143.00,26.234112
1653,1000,0.50,500,3,35,1.7500,3.5,53,180.00,14.100146
1654,1000,0.50,500,3,35,1.7500,3.5,54,165.00,2.735688
1655,1000,0.50,500,3,35,1.7500,3.5,55,189.00,5.384500
1656,1000,0.50,500,3,35,1.7500,3.5,56,170.00,1.340204
1657,1000,0.50,500,3,35,1.7500,3.5,57,100.00,11.505180
1658,1000,0.50,500,3,35,1.7500,3.5,58,203.00,15.819095
1659,1000,0.50,500,3,35,1.7500,3.5,59,130.00,10.127137
1660,1000,0.50,500,3,35,1.7500,3.5,60,509.00,17.555546
1661,1000,0.50,500,3,35,1.7500,3.5,61,115.00,0.527073
1662,1000,0.50,500,3,35,1.7500,3.5,62,87.00,10.944954
1663,1000,0.50,500,3,35,1.7500,3.5,63,110.00,4.507581
1664,1000,0.50,500,3,35,1.7500,3.5,64,238.00,2.340064
1665,1000,0.50,500,3,35,1.7500,3.5,65,397.00,3.944558
1666,1000,0.50,500,3,35,1.7500,3.5,66,101.00,3.165016
1667,1000,0.50,500,3,35,1.7500,3.5,67,224.00,13.241984
1668,1000,0.50,500,3,35,1.7500,3.5,68,79.00,15.570439
1669,1000,0.50,500,3,35,1.7500,3.5,69,69.00,0.769040
1670,1000,0.50,500,3,35,1.7500,3.5,70,257.00,17.557417
1671,1000,0.50,500,3,35,1.7500,3.5,71,177.00,4.896040
1672,1000,0.50,500,3,35,1.7500,3.5,72,109.00,7.257781
1673,1000,0.50,500,3,35,1.7500,3.5,73,106.00,10.121508
1674,1000,0.50,500,3,35,1.7500,3.5,74,78.00,19.874409
1675,1000,0.50,500,3,35,1.7500,3.5,75,410.00,18.142092
1676,1000,0.50,500,3,35,1.7500,3.5,76,262.00,7.330904
1677,1000,0.50,500,3,35,1.7500,3.5,77,176.00,25.616663
1678,1000,0.50,500,3,35,1.7500,3.5,78,453.00,7.096575
1679,1000,0.50,500,3,35,1.7500,3.5,79,488.00,11.089337
1680,1000,0.50,500,3,35,1.7500,3.5,80,101.00,1.910325
1681,1000,0.50,500,3,35,1.7500,3.5,81,68.00,3.114106
1682,1000,0.50,500,3,35,1.7500,3.5,82,76.00,1.540007
1683,1000,0.50,500,3,35,1.7500,3.5,83,81.00,11.586190
1684,1000,0.50,500,3,35,1.7500,3.5,84,74.00,6.804808
1685,1000,0.50,500,3,35,1.7500,3.5,85,732.00,2.244039
1686,1000,0.50,500,3,35,1.7500,3.5,86,558.00,1.108325
1687,1000,0.50,500,3,35,1.7500,3.5,87,240.00,22.182247
1688,1000,0.50,500,3,35,1.7500,3.5,88,79.00,7.335938
1689,1000,0.50,500,3,35,1.7500,3.5,89,206.00,10.626733
1690,1000,0.50,500,3,35,1.7500,3.5,90,413.00,1.841723
1691,1000,0.50,500,3,35,1.7500,3.5,91,362.00,2.426727
1692,1000,0.50,500,3,35,1.7500,3.5,92,638.00,1.366708
1693,1000,0.50,500,3,35,1.7500,3.5,93,112.00,5.820139
1694,1000,0.50,500,3,35,1.7500,3.5,94,96.00,0.492164
1695,1000,0.50,500,3,35,1.7500,3.5,95,250.00,16.290556
1696,1000,0.50,500,3,35,1.7500,3.5,96,506.00,22.908243
1697,1000,0.50,500,3,35,1.7500,3.5,97,280.00,15.163894
1698,1000,0.50,500,3,35,1.7500,3.5,98,515.00,3.152856
1699,1000,0.50,500,3,35,1.7500,3.5,99,238.00,0.342689
1700,1000,0.50,500,3,35,2.0000,4.0,0,87.00,16.184170
1701,1000,0.50,500,3,35,2.0000,4.0,1,85.00,15.735013
1702,1000,0.50,500,3,35,2.0000,4.0,2,81.00,5.479321
1703,1000,0.50,500,3,35,2.0000,4.0,3,82.00,24.695543
1704,1000,0.50,500,3,35,2.0000,4.0,4,145.00,6.763978
1705,1000,0.50,500,3,35,2.0000,4.0,5,114.00,12.328561
1706,1000,0.50,500,3,35,2.0000,4.0,6,152.00,24.978016
1707,1000,0.50,500,3,35,2.0000,4.0,7,174.00,17.218145
1708,1000,0.50,500,3,35,2.0000,4.0,8,129.00,9.998065
1709,1000,0.50,500,3,35,2.0000,4.0,9,82.00,19.384882
1710,1000,0.50,500,3,35,2.0000,4.0,10,115.00,33.482758
1711,1000,0.50,500,3,35,2.0000,4.0,11,100.00,11.127785
1712,1000,0.50,500,3,35,2.0000,4.0,12,233.00,31.235565
1713,1000,0.50,500,3,35,2.0000,4.0,13,81.00,16.074999
1714,1000,0.50,500,3,35,2.0000,4.0,14,215.00,14.965295
1715,1000,0.50,500,3,35,2.0000,4.0,15,282.00,21.494165
1716,1000,0.50,500,3,35,2.0000,4.0,16,288.00,6.935390
1717,1000,0.50,500,3,35,2.0000,4.0,17,74.00,7.178522
1718,1000,0.50,500,3,35,2.0000,4.0,18,105.00,15.542760
1719,1000,0.50,500,3,35,2.0000,4.0,19,117.00,18.568630
1720,1000,0.50,500,3,35,2.0000,4.0,20,147.00,4.278214
1721,1000,0.50,500,3,35,2.0000,4.0,21,271.00,12.330668
1722,1000,0.50,500,3,35,2.0000,4.0,22,117.00,30.891947
1723,1000,0.50,500,3,35,2.0000,4.0,23,355.00,3.575313
1724,1000,0.50,500,3,35,2.0000,4.0,24,233.00,19.250181
1725,1000,0.50,500,3,35,2.0000,4.0,25,126.00,9.067639
1726,1000,0.50,500,3,35,2.0000,4.0,26,367.00,7.958668
1727,1000,0.50,500,3,35,2.0000,4.0,27,112.00,6.960855
1728,1000,0.50,500,3,35,2.0000,4.0,28,116.00,20.601002
1729,1000,0.50,500,3,35,2.0000,4.0,29,123.00,14.262148
1730,1000,0.50,500,3,35,2.0000,4.0,30,103.00,1.338203
1731,1000,0.50,500,3,35,2.0000,4.0,31,121.00,3.130972
1732,1000,0.50,500,3,35,2.0000,4.0,32,236.00,16.744486
1733,1000,0.50,500,3,35,2.0000,4.0,33,151.00,32.575245
1734,1000,0.50,500,3,35,2.0000,4.0,34,82.00,18.750330
1735,1000,0.50,500,3,35,2.0000,4.0,35,114.00,5.393802
1736,1000,0.50,500,3,35,2.0000,4.0,36,102.00,9.028962
1737,1000,0.50,500,3,35,2.0000,4.0,37,178.00,10.399757
1738,1000,0.50,500,3,35,2.0000,4.0,38,130.00,4.407552
1739,1000,0.50,500,3,35,2.0000,4.0,39,159.00,1.906488
1740,1000,0.50,500,3,35,2.0000,4.0,40,276.00,1.733836
1741,1000,0.50,500,3,35,2.0000,4.0,41,261.00,10.318554
1742,1000,0.50,500,3,35,2.0000,4.0,42,81.00,17.341499
1743,1000,0.50,500,3,35,2.0000,4.0,43,103.00,6.213474
1744,1000,0.50,500,3,35,2.0000,4.0,44,109.00,18.753412
1745,1000,0.50,500,3,35,2.0000,4.0,45,105.00,5.626030
1746,1000,0.50,500,3,35,2.0000,4.0,46,109.00,23.560886
1747,1000,0.50,500,3,35,2.0000,4.0,47,78.00,7.517878
1748,1000,0.50,500,3,35,2.0000,4.0,48,76.00,6.771646
1749,1000,0.50,500,3,35,2.0000,4.0,49,70.00,2.591624
1750,1000,0.50,500,3,35,2.0000,4.0,50,83.00,3.155445
1751,1000,0.50,500,3,35,2.0000,4.0,51,229.00,3.435684
1752,1000,0.50,500,3,35,2.0000,4.0,52,143.00,9.422394
1753,1000,0.50,500,3,35,2.0000,4.0,53,75.00,1.916367
1754,1000,0.50,500,3,35,2.0000,4.0,54,179.00,3.956088
1755,1000,0.50,500,3,35,2.0000,4.0,55,145.00,4.749633
1756,1000,0.50,500,3,35,2.0000,4.0,56,358.00,28.602247
1757,1000,0.50,500,3,35,2.0000,4.0,57,147.00,26.591835
1758,1000,0.50,500,3,35,2.0000,4.0,58,253.00,15.929271
1759,1000,0.50,500,3,35,2.0000,4.0,59,147.00,22.264233
1760,1000,0.50,500,3,35,2.0000,4.0,60,142.00,9.736373
1761,1000,0.50,500,3,35,2.0000,4.0,61,100.00,2.478670
1762,1000,0.50,500,3,35,2.0000,4.0,62,80.00,28.462925
1763,1000,0.50,500,3,35,2.0000,4.0,63,170.00,2.045596
1764,1000,0.50,500,3,35,2.0000,4.0,64,292.00,0.730489
1765,1000,0.50,500,3,35,2.0000,4.0,65,147.00,15.976344
1766,1000,0.50,500,3,35,2.0000,4.0,66,113.00,23.821518
1767,1000,0.50,500,3,35,2.0000,4.0,67,88.00,2.593081
1768,1000,0.50,500,3,35,2.0000,4.0,68,224.00,12.227870
1769,1000,0.50,500,3,35,2.0000,4.0,69,243.00,17.365770
1770,1000,0.50,500,3,35,2.0000,4.0,70,72.00,1.197334
1771,1000,0.50,500,3,35,2.0000,4.0,71,152.00,17.621096
1772,1000,0.50,500,3,35,2.0000,4.0,72,137.00,9.867547
1773,1000,0.50,500,3,35,2.0000,4.0,73,149.00,4.069521
1774,1000,0.50,500,3,35,2.0000,4.0,74,174.00,8.180090
1775,1000,0.50,500,3,35,2.0000,4.0,75,159.00,6.590136
1776,1000,0.50,500,3,35,2.0000,4.0,76,537.00,17.322010
1777,1000,0.50,500,3,35,2.0000,4.0,77,249.00,24.260622
1778,1000,0.50,500,3,35,2.0000,4.0,78,77.00,3.676250
1779,1000,0.50,500,3,35,2.0000,4.0,79,175.00,10.892414
1780,1000,0.50,500,3,35,2.0000,4.0,80,121.00,8.174420
1781,1000,0.50,500,3,35,2.0000,4.0,81,410.00,3.064272
1782,1000,0.50,500,3,35,2.0000,4.0,82,79.00,9.634928
1783,1000,0.50,500,3,35,2.0000,4.0,83,177.00,1.563533
1784,1000,0.50,500,3,35,2.0000,4.0,84,201.00,4.264315
1785,1000,0.50,500,3,35,2.0000,4.0,85,74.00,0.677364
1786,1000,0.50,500,3,35,2.0000,4.0,86,237.00,27.775118
1787,1000,0.50,500,3,35,2.0000,4.0,87,80.00,25.372307
1788,1000,0.50,500,3,35,2.0000,4.0,88,80.00,7.745811
1789,1000,0.50,500,3,35,2.0000,4.0,89,77.00,7.888107
1790,1000,0.50,500,3,35,2.0000,4.0,90,133.00,1.261401
1791,1000,0.50,500,3,35,2.0000,4.0,91,91.00,12.750343
1792,1000,0.50,500,3,35,2.0000,4.0,92,102.00,9.673372
1793,1000,0.50,500,3,35,2.0000,4.0,93,107.00,23.984478
1794,1000,0.50,500,3,35,2.0000,4.0,94,187.00,4.299197
1795,1000,0.50,500,3,35,2.0000,4.0,95,135.00,9.679336
1796,1000,0.50,500,3,35,2.0000,4.0,96,150.00,10.096412
1797,1000,0.50,500,3,35,2.0000,4.0,97,112.00,2.980761
1798,1000,0.50,500,3,35,2.0000,4.0,98,102.00,11.262694
1799,1000,0.50,500,3,35,2.0000,4.0,99,79.00,12.152281
1800,1000,0.50,500,3,35,2.2500,4.5,0,111.00,17.958652
1801,1000,0.50,500,3,35,2.2500,4.5,1,394.00,10.601899
1802,1000,0.50,500,3,35,2.2500,4.5,2,89.00,19.784527
1803,1000,0.50,500,3,35,2.2500,4.5,3,181.00,35.561996
1804,1000,0.50,500,3,35,2.2500,4.5,4,325.00,26.048586
1805,1000,0.50,500,3,35,2.2500,4.5,5,82.00,33.415363
1806,1000,0.50,500,3,35,2.2500,4.5,6,82.00,24.879021
1807,1000,0.50,500,3,35,2.2500,4.5,7,356.00,2.962757
1808,1000,0.50,500,3,35,2.2500,4.5,8,74.00,2.523570
1809,1000,0.50,500,3,35,2.2500,4.5,9,108.00,9.133733
1810,1000,0.50,500,3,35,2.2500,4.5,10,86.00,19.409632
1811,1000,0.50,500,3,35,2.2500,4.5,11,144.00,22.964270
1812,1000,0.50,500,3,35,2.2500,4.5,12,82.00,25.357515
1813,1000,0.50,500,3,35,2.2500,4.5,13,107.00,13.193570
1814,1000,0.50,500,3,35,2.2500,4.5,14,100.00,5.695997
1815,1000,0.50,500,3,35,2.2500,4.5,15,121.00,17.070452
1816,1000,0.50,500,3,35,2.2500,4.5,16,244.00,6.814004
1817,1000,0.50,500,3,35,2.2500,4.5,17,67.00,3.058664
1818,1000,0.50,500,3,35,2.2500,4.5,18,250.00,20.742727
1819,1000,0.50,500,3,35,2.2500,4.5,19,76.00,6.617125
1820,1000,0.50,500,3,35,2.2500,4.5,20,173.00,19.714218
1821,1000,0.50,500,3,35,2.2500,4.5,21,84.00,31.202547
1822,1000,0.50,500,3,35,2.2500,4.5,22,74.00,1.014857
1823,1000,0.50,500,3,35,2.2500,4.5,23,78.00,5.794294
1824,1000,0.50,500,3,35,2.2500,4.5,24,146.00,16.712889
1825,1000,0.50,500,3,35,2.2500,4.5,25,81.00,6.776697
1826,1000,0.50,500,3,35,2.2500,4.5,26,104.00,12.630589
1827,1000,0.50,500,3,35,2.2500,4.5,27,177.00,24.556595
1828,1000,0.50,500,3,35,2.2500,4.5,28,84.00,15.650921
1829,1000,0.50,500,3,35,2.2500,4.5,29,385.00,2.373127
1830,1000,0.50,500,3,35,2.2500,4.5,30,117.00,4.944701
1831,1000,0.50,500,3,35,2.2500,4.5,31,111.00,4.556983
1832,1000,0.50,500,3,35,2.2500,4.5,32,86.00,11.017138
1833,1000,0.50,500,3,35,2.2500,4.5,33,339.00,0.892345
1834,1000,0.50,500,3,35,2.2500,4.5,34,244.00,17.539221
1835,1000,0.50,500,3,35,2.2500,4.5,35,122.00,4.296300
1836,1000,0.50,500,3,35,2.2500,4.5,36,116.00,22.859325
1837,1000,0.50,500,3,35,2.2500,4.5,37,124.00,21.317554
1838,1000,0.50,500,3,35,2.2500,4.5,38,165.00,20.991482
1839,1000,0.50,500,3,35,2.2500,4.5,39,101.00,8.887500
1840,1000,0.50,500,3,35,2.2500,4.5,40,354.00,5.474799
1841,1000,0.50,500,3,35,2.2500,4.5,41,242.00,14.704484
1842,1000,0.50,500,3,35,2.2500,4.5,42,75.00,1.963639
1843,1000,0.50,500,3,35,2.2500,4.5,43,86.00,19.710337
1844,1000,0.50,500,3,35,2.2500,4.5,44,147.00,31.862846
1845,1000,0.50,500,3,35,2.2500,4.5,45,82.00,24.775162
1846,1000,0.50,500,3,35,2.2500,4.5,46,187.00,17.722534
1847,1000,0.50,500,3,35,2.2500,4.5,47,200.00,1.805102
1848,1000,0.50,500,3,35,2.2500,4.5,48,151.00,18.885742
1849,1000,0.50,500,3,35,2.2500,4.5,49,288.00,3.947889
1850,1000,0.50,500,3,35,2.2500,4.5,50,115.00,11.061226
1851,1000,0.50,500,3,35,2.2500,4.5,51,311.00,15.756689
1852,1000,0.50,500,3,35,2.2500,4.5,52,108.00,1.786066
1853,1000,0.50,500,3,35,2.2500,4.5,53,268.00,6.281188
1854,1000,0.50,500,3,35,2.2500,4.5,54,156.00,7.784307
1855,1000,0.50,500,3,35,2.2500,4.5,55,104.00,1.788988
1856,1000,0.50,500,3,35,2.2500,4.5,56,182.00,3.966340
1857,1000,0.50,500,3,35,2.2500,4.5,57,71.00,3.149878
1858,1000,0.50,500,3,35,2.2500,4.5,58,113.00,10.063816
1859,1000,0.50,500,3,35,2.2500,4.5,59,191.00,2.882466
1860,1000,0.50,500,3,35,2.2500,4.5,60,86.00,10.822935
1861,1000,0.50,500,3,35,2.2500,4.5,61,85.00,11.573727
1862,1000,0.50,500,3,35,2.2500,4.5,62,194.00,7.471492
1863,1000,0.50,500,3,35,2.2500,4.5,63,122.00,24.818092
1864,1000,0.50,500,3,35,2.2500,4.5,64,82.00,6.755620
1865,1000,0.50,500,3,35,2.2500,4.5,65,112.00,29.642462
1866,1000,0.50,500,3,35,2.2500,4.5,66,143.00,5.938709
1867,1000,0.50,500,3,35,2.2500,4.5,67,114.00,22.524841
1868,1000,0.50,500,3,35,2.2500,4.5,68,241.00,33.530907
1869,1000,0.50,500,3,35,2.2500,4.5,69,177.00,0.949804
1870,1000,0.50,500,3,35,2.2500,4.5,70,153.00,28.376072
1871,1000,0.50,500,3,35,2.2500,4.5,71,112.00,6.965694
1872,1000,0.50,500,3,35,2.2500,4.5,72,142.00,21.518242
1873,1000,0.50,500,3,35,2.2500,4.5,73,147.00,9.693969
1874,1000,0.50,500,3,35,2.2500,4.5,74,258.00,7.162347
1875,1000,0.50,500,3,35,2.2500,4.5,75,73.00,10.819465
1876,1000,0.50,500,3,35,2.2500,4.5,76,101.00,4.767550
1877,1000,0.50,500,3,35,2.2500,4.5,77,108.00,2.341905
1878,1000,0.50,500,3,35,2.2500,4.5,78,80.00,1.661695
1879,1000,0.50,500,3,35,2.2500,4.5,79,170.00,20.954994
1880,1000,0.50,500,3,35,2.2500,4.5,80,89.00,11.897162
1881,1000,0.50,500,3,35,2.2500,4.5,81,112.00,27.414326
1882,1000,0.50,500,3,35,2.2500,4.5,82,133.00,24.774382
1883,1000,0.50,500,3,35,2.2500,4.5,83,205.00,14.801007
1884,1000,0.50,500,3,35,2.2500,4.5,84,123.00,5.204947
1885,1000,0.50,500,3,35,2.2500,4.5,85,117.00,12.285771
1886,1000,0.50,500,3,35,2.2500,4.5,86,84.00,29.143337
1887,1000,0.50,500,3,35,2.2500,4.5,87,156.00,7.012164
1888,1000,0.50,500,3,35,2.2500,4.5,88,226.00,15.989887
1889,1000,0.50,500,3,35,2.2500,4.5,89,109.00,33.684605
1890,1000,0.50,500,3,35,2.2500,4.5,90,121.00,33.688648
1891,1000,0.50,500,3,35,2.2500,4.5,91,108.00,16.997902
1892,1000,0.50,500,3,35,2.2500,4.5,92,242.00,9.062075
1893,1000,0.50,500,3,35,2.2500,4.5,93,111.00,24.211664
1894,1000,0.50,500,3,35,2.2500,4.5,94,196.00,13.776199
1895,1000,0.50,500,3,35,2.2500,4.5,95,243.00,25.771784
1896,1000,0.50,500,3,35,2.2500,4.5,96,81.00,9.517786
1897,1000,0.50,500,3,35,2.2500,4.5,97,130.00,20.274748
1898,1000,0.50,500,3,35,2.2500,4.5,98,85.00,17.568155
1899,1000,0.50,500,3,35,2.2500,4.5,99,106.00,4.704779
1900,1000,0.50,500,3,35,2.5000,5.0,0,91.00,13.797248
1901,1000,0.50,500,3,35,2.5000,5.0,1,115.00,1.764551
1902,1000,0.50,500,3,35,2.5000,5.0,2,87.00,24.298529
1903,1000,0.50,500,3,35,2.5000,5.0,3,91.00,11.772341
1904,1000,0.50,500,3,35,2.5000,5.0,4,85.00,2.535493
1905,1000,0.50,500,3,35,2.5000,5.0,5,88.00,2.514506
1906,1000,0.50,500,3,35,2.5000,5.0,6,123.00,9.210524
1907,1000,0.50,500,3,35,2.5000,5.0,7,111.00,11.915686
1908,1000,0.50,500,3,35,2.5000,5.0,8,140.00,22.037470
1909,1000,0.50,500,3,35,2.5000,5.0,9,126.00,4.116051
1910,1000,0.50,500,3,35,2.5000,5.0,10,113.00,38.685947
1911,1000,0.50,500,3,35,2.5000,5.0,11,74.00,0.894774
1912,1000,0.50,500,3,35,2.5000,5.0,12,138.00,5.328371
1913,1000,0.50,500,3,35,2.5000,5.0,13,218.00,21.985523
1914,1000,0.50,500,3,35,2.5000,5.0,14,168.00,12.262940
1915,1000,0.50,500,3,35,2.5000,5.0,15,87.00,14.313411
1916,1000,0.50,500,3,35,2.5000,5.0,16,220.00,12.334866
1917,1000,0.50,500,3,35,2.5000,5.0,17,83.00,23.001848
1918,1000,0.50,500,3,35,2.5000,5.0,18,104.00,10.903758
1919,1000,0.50,500,3,35,2.5000,5.0,19,83.00,15.206369
1920,1000,0.50,500,3,35,2.5000,5.0,20,173.00,8.286674
1921,1000,0.50,500,3,35,2.5000,5.0,21,161.00,16.659098
1922,1000,0.50,500,3,35,2.5000,5.0,22,79.00,15.704412
1923,1000,0.50,500,3,35,2.5000,5.0,23,137.00,3.368189
1924,1000,0.50,500,3,35,2.5000,5.0,24,150.00,23.953028
1925,1000,0.50,500,3,35,2.5000,5.0,25,88.00,6.493156
1926,1000,0.50,500,3,35,2.5000,5.0,26,150.00,17.960176
1927,1000,0.50,500,3,35,2.5000,5.0,27,302.00,20.626616
1928,1000,0.50,500,3,35,2.5000,5.0,28,198.00,13.091867
1929,1000,0.50,500,3,35,2.5000,5.0,29,117.00,4.530971
1930,1000,0.50,500,3,35,2.5000,5.0,30,72.00,7.538985
1931,1000,0.50,500,3,35,2.5000,5.0,31,83.00,33.457573
1932,1000,0.50,500,3,35,2.5000,5.0,32,128.00,6.285339
1933,1000,0.50,500,3,35,2.5000,5.0,33,113.00,5.141467
1934,1000,0.50,500,3,35,2.5000,5.0,34,118.00,22.537264
1935,1000,0.50,500,3,35,2.5000,5.0,35,89.00,19.277758
1936,1000,0.50,500,3,35,2.5000,5.0,36,113.00,14.628048
1937,1000,0.50,500,3,35,2.5000,5.0,37,180.00,19.343523
1938,1000,0.50,500,3,35,2.5000,5.0,38,75.00,2.711592
1939,1000,0.50,500,3,35,2.5000,5.0,39,140.00,10.934319
1940,1000,0.50,500,3,35,2.5000,5.0,40,117.00,19.628929
1941,1000,0.50,500,3,35,2.5000,5.0,41,200.00,25.606709
1942,1000,0.50,500,3,35,2.5000,5.0,42,87.00,14.034357
1943,1000,0.50,500,3,35,2.5000,5.0,43,82.00,32.393295
1944,1000,0.50,500,3,35,2.5000,5.0,44,143.00,32.363609
1945,1000,0.50,500,3,35,2.5000,5.0,45,171.00,21.264862
1946,1000,0.50,500,3,35,2.5000,5.0,46,218.00,21.086664
1947,1000,0.50,500,3,35,2.5000,5.0,47,85.00,1.713262
1948,1000,0.50,500,3,35,2.5000,5.0,48,124.00,5.002562
1949,1000,0.50,500,3,35,2.5000,5.0,49,110.00,14.400400
1950,1000,0.50,500,3,35,2.5000,5.0,50,85.00,2.820686
1951,1000,0.50,500,3,35,2.5000,5.0,51,104.00,15.763989
1952,1000,0.50,500,3,35,2.5000,5.0,52,288.00,26.735785
1953,1000,0.50,500,3,35,2.5000,5.0,53,91.00,8.272326
1954,1000,0.50,500,3,35,2.5000,5.0,54,209.00,8.486684
1955,1000,0.50,500,3,35,2.5000,5.0,55,86.00,3.655350
1956,1000,0.50,500,3,35,2.5000,5.0,56,139.00,4.800818
1957,1000,0.50,500,3,35,2.5000,5.0,57,149.00,24.810823
1958,1000,0.50,500,3,35,2.5000,5.0,58,210.00,18.201784
1959,1000,0.50,500,3,35,2.5000,5.0,59,82.00,27.247086
1960,1000,0.50,500,3,35,2.5000,5.0,60,87.00,15.191831
1961,1000,0.50,500,3,35,2.5000,5.0,61,82.00,37.285328
1962,1000,0.50,500,3,35,2.5000,5.0,62,181.00,24.705727
1963,1000,0.50,500,3,35,2.5000,5.0,63,117.00,11.360065
1964,1000,0.50,500,3,35,2.5000,5.0,64,69.00,9.969120
1965,1000,0.50,500,3,35,2.5000,5.0,65,81.00,17.749056
1966,1000,0.50,500,3,35,2.5000,5.0,66,232.00,23.433193
1967,1000,0.50,500,3,35,2.5000,5.0,67,140.00,6.443976
1968,1000,0.50,500,3,35,2.5000,5.0,68,187.00,4.128050
1969,1000,0.50,500,3,35,2.5000,5.0,69,103.00,26.047276
1970,1000,0.50,500,3,35,2.5000,5.0,70,105.00,26.957821
1971,1000,0.50,500,3,35,2.5000,5.0,71,84.00,38.109093
1972,1000,0.50,500,3,35,2.5000,5.0,72,88.00,16.693794
1973,1000,0.50,500,3,35,2.5000,5.0,73,81.00,17.351517
1974,1000,0.50,500,3,35,2.5000,5.0,74,134.00,16.552687
1975,1000,0.50,500,3,35,2.5000,5.0,75,253.00,5.125430
1976,1000,0.50,500,3,35,2.5000,5.0,76,83.00,0.788612
1977,1000,0.50,500,3,35,2.5000,5.0,77,190.00,3.755421
1978,1000,0.50,500,3,35,2.5000,5.0,78,182.00,10.482337
1979,1000,0.50,500,3,35,2.5000,5.0,79,279.00,1.252207
1980,1000,0.50,500,3,35,2.5000,5.0,80,119.00,2.036304
1981,1000,0.50,500,3,35,2.5000,5.0,81,149.00,11.828311
1982,1000,0.50,500,3,35,2.5000,5.0,82,109.00,30.132988
1983,1000,0.50,500,3,35,2.5000,5.0,83,131.00,12.766936
1984,1000,0.50,500,3,35,2.5000,5.0,84,83.00,39.266804
1985,1000,0.50,500,3,35,2.5000,5.0,85,196.00,4.782160
1986,1000,0.50,500,3,35,2.5000,5.0,86,119.00,3.295454
1987,1000,0.50,500,3,35,2.5000,5.0,87,180.00,12.758447
1988,1000,0.50,500,3,35,2.5000,5.0,88,120.00,4.041340
1989,1000,0.50,500,3,35,2.5000,5.0,89,165.00,13.391062
1990,1000,0.50,500,3,35,2.5000,5.0,90,84.00,27.649652
1991,1000,0.50,500,3,35,2.5000,5.0,91,188.00,22.844975
1992,1000,0.50,500,3,35,2.5000,5.0,92,103.00,9.436109
1993,1000,0.50,500,3,35,2.5000,5.0,93,115.00,15.412732
1994,1000,0.50,500,3,35,2.5000,5.0,94,76.00,4.340904
1995,1000,0.50,500,3,35,2.5000,5.0,95,178.00,5.159185
1996,1000,0.50,500,3,35,2.5000,5.0,96,134.00,1.793937
1997,1000,0.50,500,3,35,2.5000,5.0,97,81.00,1.935891
1998,1000,0.50,500,3,35,2.5000,5.0,98,117.00,8.577804
1999,1000,0.50,500,3,35,2.5000,5.0,99,213.00,8.450256
