index,n,epsilon,d,m,k,t,repeat,time_mu_s,model_error
0,1000,0.05,950,2,17,0.9904,0,380.00,0.050324
1,1000,0.05,950,2,17,1.0031,1,376.00,0.127356
2,1000,0.05,950,2,17,0.9774,2,382.00,0.220660
3,1000,0.05,950,2,17,1.0148,3,367.00,0.134875
4,1000,0.05,950,2,17,0.9971,4,393.00,0.092197
5,1000,0.05,950,2,17,1.0192,5,374.00,0.076343
6,1000,0.05,950,2,17,1.0089,6,382.00,0.217778
7,1000,0.05,950,2,17,0.9866,7,392.00,0.062307
8,1000,0.05,950,2,17,1.0274,8,386.00,0.240487
9,1000,0.05,950,2,17,1.0345,9,370.00,0.074250
10,1000,0.05,950,2,17,1.0091,10,376.00,0.131790
11,1000,0.05,950,2,17,0.9941,11,398.00,0.174243
12,1000,0.05,950,2,17,1.0065,12,356.00,0.219666
13,1000,0.05,950,2,17,0.9869,13,408.00,0.060184
14,1000,0.05,950,2,17,0.9851,14,418.00,0.080632
15,1000,0.05,950,2,17,1.0217,15,351.00,0.027860
16,1000,0.05,950,2,17,1.0044,16,362.00,0.205670
17,1000,0.05,950,2,17,1.0979,17,367.00,0.060003
18,1000,0.05,950,2,17,0.9901,18,355.00,0.190747
19,1000,0.05,950,2,17,0.9774,19,385.00,0.029614
20,1000,0.05,950,2,17,1.0267,20,394.00,0.044231
21,1000,0.05,950,2,17,1.0126,21,367.00,0.066039
22,1000,0.05,950,2,17,1.0411,22,381.00,0.073593
23,1000,0.05,950,2,17,1.0160,23,360.00,0.317973
24,1000,0.05,950,2,17,1.0244,24,353.00,0.159219
25,1000,0.05,950,2,17,0.9649,25,345.00,0.039519
26,1000,0.05,950,2,17,1.0324,26,390.00,0.043915
27,1000,0.05,950,2,17,0.9980,27,362.00,0.022859
28,1000,0.05,950,2,17,1.0177,28,332.00,0.064828
29,1000,0.05,950,2,17,1.0462,29,398.00,0.028483
30,1000,0.05,950,2,17,1.0220,30,397.00,0.068717
31,1000,0.05,950,2,17,1.0331,31,376.00,0.152359
32,1000,0.05,950,2,17,0.9904,32,349.00,0.036192
33,1000,0.05,950,2,17,1.0128,33,354.00,0.127778
34,1000,0.05,950,2,17,1.0277,34,338.00,0.125550
35,1000,0.05,950,2,17,1.0131,35,402.00,0.146061
36,1000,0.05,950,2,17,0.9757,36,393.00,0.317475
37,1000,0.05,950,2,17,1.0289,37,361.00,0.117030
38,1000,0.05,950,2,17,0.9992,38,346.00,0.123859
39,1000,0.05,950,2,17,0.9800,39,391.00,0.137096
40,1000,0.05,950,2,17,0.9589,40,372.00,0.158905
41,1000,0.05,950,2,17,0.9848,41,387.00,0.091334
42,1000,0.05,950,2,17,0.9756,42,388.00,0.220072
43,1000,0.05,950,2,17,1.0320,43,380.00,0.124480
44,1000,0.05,950,2,17,0.9384,44,376.00,0.066943
45,1000,0.05,950,2,17,1.0153,45,374.00,0.177733
46,1000,0.05,950,2,17,1.0290,46,376.00,0.116506
47,1000,0.05,950,2,17,1.0187,47,375.00,0.078077
48,1000,0.05,950,2,17,1.0102,48,372.00,0.109010
49,1000,0.05,950,2,17,0.9799,49,389.00,0.018838
50,1000,0.05,950,2,17,1.0307,50,349.00,0.041038
51,1000,0.05,950,2,17,1.0006,51,369.00,0.057971
52,1000,0.05,950,2,17,1.0419,52,361.00,0.040535
53,1000,0.05,950,2,17,0.9965,53,368.00,0.044937
54,1000,0.05,950,2,17,1.0244,54,371.00,0.042627
55,1000,0.05,950,2,17,1.0294,55,380.00,0.161042
56,1000,0.05,950,2,17,0.9827,56,361.00,0.077025
57,1000,0.05,950,2,17,0.9752,57,353.00,0.020591
58,1000,0.05,950,2,17,0.9626,58,419.00,0.285893
59,1000,0.05,950,2,17,0.9866,59,416.00,0.224666
60,1000,0.05,950,2,17,1.0202,60,405.00,0.360725
61,1000,0.05,950,2,17,0.9890,61,415.00,0.081224
62,1000,0.05,950,2,17,0.9743,62,399.00,0.099921
63,1000,0.05,950,2,17,1.0435,63,366.00,0.008556
64,1000,0.05,950,2,17,1.0244,64,405.00,0.033830
65,1000,0.05,950,2,17,0.9858,65,374.00,0.067713
66,1000,0.05,950,2,17,1.0446,66,386.00,0.029074
67,1000,0.05,950,2,17,1.0236,67,389.00,0.194619
68,1000,0.05,950,2,17,0.9864,68,401.00,0.046403
69,1000,0.05,950,2,17,0.9745,69,404.00,0.127053
70,1000,0.05,950,2,17,0.9917,70,396.00,0.022969
71,1000,0.05,950,2,17,0.9800,71,393.00,0.065134
72,1000,0.05,950,2,17,0.9972,72,369.00,0.065824
73,1000,0.05,950,2,17,1.0094,73,411.00,0.080660
74,1000,0.05,950,2,17,0.9984,74,375.00,0.042104
75,1000,0.05,950,2,17,1.0396,75,392.00,0.269585
76,1000,0.05,950,2,17,1.0101,76,389.00,0.102911
77,1000,0.05,950,2,17,0.9640,77,380.00,0.023922
78,1000,0.05,950,2,17,0.9801,78,357.00,0.128160
79,1000,0.05,950,2,17,0.9643,79,346.00,0.187482
80,1000,0.05,950,2,17,1.0066,80,406.00,0.278946
81,1000,0.05,950,2,17,1.0185,81,396.00,0.189826
82,1000,0.05,950,2,17,1.0510,82,346.00,0.188600
83,1000,0.05,950,2,17,0.9870,83,380.00,0.157729
84,1000,0.05,950,2,17,0.9968,84,346.00,0.027840
85,1000,0.05,950,2,17,0.9849,85,350.00,0.167117
86,1000,0.05,950,2,17,0.9683,86,390.00,0.100575
87,1000,0.05,950,2,17,1.0030,87,347.00,0.110664
88,1000,0.05,950,2,17,1.0201,88,376.00,0.205070
89,1000,0.05,950,2,17,1.0223,89,392.00,0.083628
90,1000,0.05,950,2,17,1.0077,90,365.00,0.073221
91,1000,0.05,950,2,17,0.9852,91,399.00,0.018065
92,1000,0.05,950,2,17,0.9877,92,357.00,0.231047
93,1000,0.05,950,2,17,1.0315,93,376.00,0.394927
94,1000,0.05,950,2,17,1.0354,94,371.00,0.052280
95,1000,0.05,950,2,17,1.0328,95,340.00,0.103975
96,1000,0.05,950,2,17,1.0539,96,405.00,0.154319
97,1000,0.05,950,2,17,1.0182,97,394.00,0.025515
98,1000,0.05,950,2,17,0.9610,98,377.00,0.097151
99,1000,0.05,950,2,17,0.9756,99,399.00,0.099942
100,1000,0.10,900,2,17,1.0169,0,364.00,0.123240
101,1000,0.10,900,2,17,0.9774,1,341.00,0.069527
102,1000,0.10,900,2,17,1.0354,2,383.00,0.137717
103,1000,0.10,900,2,17,0.9987,3,381.00,0.110394
104,1000,0.10,900,2,17,1.0103,4,384.00,0.281135
105,1000,0.10,900,2,17,1.0104,5,361.00,0.100065
106,1000,0.10,900,2,17,1.0026,6,410.00,0.852478
107,1000,0.10,900,2,17,0.9813,7,386.00,0.244636
108,1000,0.10,900,2,17,0.9964,8,366.00,0.078383
109,1000,0.10,900,2,17,0.9945,9,344.00,0.137919
110,1000,0.10,900,2,17,1.0213,10,413.00,0.306368
111,1000,0.10,900,2,17,0.9818,11,358.00,0.120483
112,1000,0.10,900,2,17,0.9989,12,389.00,0.067692
113,1000,0.10,900,2,17,1.0112,13,360.00,0.008637
114,1000,0.10,900,2,17,1.0454,14,382.00,0.233905
115,1000,0.10,900,2,17,0.9595,15,369.00,0.177393
116,1000,0.10,900,2,17,0.9977,16,373.00,0.086316
117,1000,0.10,900,2,17,0.9927,17,366.00,0.046406
118,1000,0.10,900,2,17,1.0203,18,336.00,0.092648
119,1000,0.10,900,2,17,0.9983,19,351.00,0.081837
120,1000,0.10,900,2,17,0.9643,20,400.00,0.139027
121,1000,0.10,900,2,17,1.0340,21,376.00,0.373619
122,1000,0.10,900,2,17,0.9852,22,383.00,0.267390
123,1000,0.10,900,2,17,0.9873,23,385.00,0.038325
124,1000,0.10,900,2,17,1.0255,24,384.00,0.111150
125,1000,0.10,900,2,17,0.9996,25,387.00,0.233546
126,1000,0.10,900,2,17,1.0246,26,357.00,0.066469
127,1000,0.10,900,2,17,0.9901,27,358.00,0.047013
128,1000,0.10,900,2,17,0.9773,28,359.00,0.049423
129,1000,0.10,900,2,17,0.9692,29,397.00,0.203393
130,1000,0.10,900,2,17,1.0370,30,395.00,0.094400
131,1000,0.10,900,2,17,1.0408,31,380.00,0.070141
132,1000,0.10,900,2,17,1.0064,32,391.00,0.116848
133,1000,0.10,900,2,17,0.9888,33,376.00,0.238152
134,1000,0.10,900,2,17,0.9939,34,371.00,0.044338
135,1000,0.10,900,2,17,0.9914,35,378.00,0.159144
136,1000,0.10,900,2,17,1.0053,36,355.00,0.144321
137,1000,0.10,900,2,17,0.9995,37,340.00,0.119419
138,1000,0.10,900,2,17,1.0070,38,343.00,0.158937
139,1000,0.10,900,2,17,1.0011,39,382.00,0.036054
140,1000,0.10,900,2,17,1.0057,40,341.00,0.053292
141,1000,0.10,900,2,17,1.0137,41,374.00,0.195506
142,1000,0.10,900,2,17,1.0060,42,358.00,0.229949
143,1000,0.10,900,2,17,1.0215,43,369.00,0.381520
144,1000,0.10,900,2,17,1.0145,44,395.00,0.024463
145,1000,0.10,900,2,17,0.9944,45,377.00,0.567935
146,1000,0.10,900,2,17,1.0185,46,361.00,0.042339
147,1000,0.10,900,2,17,0.9779,47,379.00,0.033036
148,1000,0.10,900,2,17,1.0096,48,347.00,0.088205
149,1000,0.10,900,2,17,0.9956,49,333.00,0.265807
150,1000,0.10,900,2,17,1.0026,50,398.00,0.249515
151,1000,0.10,900,2,17,1.0053,51,369.00,0.047419
152,1000,0.10,900,2,17,0.9957,52,372.00,0.213260
153,1000,0.10,900,2,17,1.0514,53,399.00,0.024136
154,1000,0.10,900,2,17,1.0303,54,354.00,0.118365
155,1000,0.10,900,2,17,1.0405,55,378.00,0.268998
156,1000,0.10,900,2,17,1.0179,56,377.00,0.032880
157,1000,0.10,900,2,17,0.9947,57,331.00,0.110919
158,1000,0.10,900,2,17,0.9920,58,393.00,0.060096
159,1000,0.10,900,2,17,1.0042,59,347.00,0.047443
160,1000,0.10,900,2,17,0.9934,60,352.00,0.162518
161,1000,0.10,900,2,17,0.9853,61,394.00,0.194867
162,1000,0.10,900,2,17,0.9759,62,375.00,0.049981
163,1000,0.10,900,2,17,0.9891,63,347.00,0.080629
164,1000,0.10,900,2,17,0.9703,64,368.00,0.194603
165,1000,0.10,900,2,17,0.9571,65,377.00,0.026443
166,1000,0.10,900,2,17,0.9646,66,365.00,0.044341
167,1000,0.10,900,2,17,1.0058,67,394.00,0.059804
168,1000,0.10,900,2,17,0.9986,68,390.00,0.242844
169,1000,0.10,900,2,17,1.0332,69,390.00,0.610056
170,1000,0.10,900,2,17,0.9637,70,360.00,0.090658
171,1000,0.10,900,2,17,0.9596,71,391.00,0.177354
172,1000,0.10,900,2,17,0.9767,72,349.00,0.138975
173,1000,0.10,900,2,17,1.0049,73,339.00,0.127379
174,1000,0.10,900,2,17,1.0155,74,370.00,0.107841
175,1000,0.10,900,2,17,1.0309,75,387.00,0.212725
176,1000,0.10,900,2,17,1.0713,76,365.00,0.297650
177,1000,0.10,900,2,17,1.0139,77,358.00,0.067707
178,1000,0.10,900,2,17,1.0150,78,357.00,0.138761
179,1000,0.10,900,2,17,0.9989,79,374.00,0.032656
180,1000,0.10,900,2,17,1.0291,80,363.00,0.087406
181,1000,0.10,900,2,17,1.0118,81,367.00,0.061156
182,1000,0.10,900,2,17,1.0084,82,381.00,0.107277
183,1000,0.10,900,2,17,0.9515,83,344.00,0.275181
184,1000,0.10,900,2,17,0.9795,84,338.00,0.095512
185,1000,0.10,900,2,17,0.9849,85,354.00,0.032493
186,1000,0.10,900,2,17,0.9885,86,347.00,0.216912
187,1000,0.10,900,2,17,0.9982,87,346.00,0.392179
188,1000,0.10,900,2,17,0.9939,88,372.00,0.351622
189,1000,0.10,900,2,17,0.9969,89,366.00,0.018253
190,1000,0.10,900,2,17,0.9183,90,374.00,0.033924
191,1000,0.10,900,2,17,1.0303,91,342.00,0.052332
192,1000,0.10,900,2,17,1.0187,92,365.00,0.076651
193,1000,0.10,900,2,17,1.0146,93,368.00,0.064626
194,1000,0.10,900,2,17,1.0380,94,365.00,0.174267
195,1000,0.10,900,2,17,1.0080,95,346.00,0.024532
196,1000,0.10,900,2,17,1.0515,96,344.00,0.388532
197,1000,0.10,900,2,17,0.9983,97,381.00,0.093254
198,1000,0.10,900,2,17,0.9972,98,363.00,0.163080
199,1000,0.10,900,2,17,0.9910,99,362.00,0.018462
200,1000,0.15,850,2,17,0.9622,0,365.00,0.187541
201,1000,0.15,850,2,17,0.9998,1,349.00,0.205168
202,1000,0.15,850,2,17,1.0272,2,374.00,0.077458
203,1000,0.15,850,2,17,1.0005,3,376.00,0.058841
204,1000,0.15,850,2,17,1.0161,4,378.00,0.209794
205,1000,0.15,850,2,17,1.0230,5,368.00,0.063816
206,1000,0.15,850,2,17,0.9813,6,348.00,0.044909
207,1000,0.15,850,2,17,0.9994,7,336.00,0.033683
208,1000,0.15,850,2,17,1.0533,8,379.00,0.234590
209,1000,0.15,850,2,17,1.0340,9,347.00,0.164927
210,1000,0.15,850,2,17,0.9991,10,360.00,0.065825
211,1000,0.15,850,2,17,1.0022,11,341.00,0.087857
212,1000,0.15,850,2,17,0.9858,12,353.00,0.180457
213,1000,0.15,850,2,17,1.0264,13,356.00,0.040287
214,1000,0.15,850,2,17,1.0129,14,352.00,0.142583
215,1000,0.15,850,2,17,0.9888,15,347.00,0.129258
216,1000,0.15,850,2,17,1.0230,16,373.00,0.325129
217,1000,0.15,850,2,17,0.9826,17,343.00,0.040217
218,1000,0.15,850,2,17,0.9776,18,323.00,0.131148
219,1000,0.15,850,2,17,1.0297,19,369.00,0.376787
220,1000,0.15,850,2,17,0.9890,20,382.00,0.191999
221,1000,0.15,850,2,17,0.9746,21,363.00,0.029551
222,1000,0.15,850,2,17,1.0109,22,354.00,0.050826
223,1000,0.15,850,2,17,0.9906,23,349.00,0.292829
224,1000,0.15,850,2,17,0.9640,24,347.00,0.093991
225,1000,0.15,850,2,17,0.9820,25,379.00,0.054296
226,1000,0.15,850,2,17,1.0099,26,351.00,0.064152
227,1000,0.15,850,2,17,1.0027,27,345.00,0.103980
228,1000,0.15,850,2,17,1.0000,28,384.00,0.093510
229,1000,0.15,850,2,17,1.0409,29,399.00,0.113183
230,1000,0.15,850,2,17,0.9262,30,371.00,0.012028
231,1000,0.15,850,2,17,0.9712,31,353.00,0.027907
232,1000,0.15,850,2,17,1.0292,32,358.00,0.110449
233,1000,0.15,850,2,17,0.9654,33,388.00,0.142158
234,1000,0.15,850,2,17,1.0183,34,354.00,0.119105
235,1000,0.15,850,2,17,1.0390,35,353.00,0.053251
236,1000,0.15,850,2,17,1.0315,36,378.00,0.175068
237,1000,0.15,850,2,17,1.0482,37,350.00,0.069657
238,1000,0.15,850,2,17,0.9925,38,343.00,0.166895
239,1000,0.15,850,2,17,1.0271,39,344.00,0.149279
240,1000,0.15,850,2,17,0.9949,40,346.00,0.293908
241,1000,0.15,850,2,17,0.9530,41,331.00,0.105985
242,1000,0.15,850,2,17,0.9762,42,357.00,0.052613
243,1000,0.15,850,2,17,0.9742,43,350.00,0.046828
244,1000,0.15,850,2,17,1.0117,44,337.00,0.044626
245,1000,0.15,850,2,17,0.9856,45,380.00,0.079033
246,1000,0.15,850,2,17,1.0226,46,360.00,0.169545
247,1000,0.15,850,2,17,1.0075,47,352.00,0.132737
248,1000,0.15,850,2,17,1.0018,48,352.00,0.112587
249,1000,0.15,850,2,17,0.9865,49,356.00,0.024149
250,1000,0.15,850,2,17,1.0328,50,382.00,0.036372
251,1000,0.15,850,2,17,0.9827,51,344.00,0.072027
252,1000,0.15,850,2,17,0.9763,52,378.00,0.106042
253,1000,0.15,850,2,17,1.0208,53,385.00,0.038599
254,1000,0.15,850,2,17,1.0093,54,364.00,0.069383
255,1000,0.15,850,2,17,0.9853,55,373.00,0.083725
256,1000,0.15,850,2,17,1.0247,56,376.00,0.349348
257,1000,0.15,850,2,17,1.0172,57,403.00,0.017809
258,1000,0.15,850,2,17,0.9684,58,361.00,0.063417
259,1000,0.15,850,2,17,0.9974,59,353.00,0.105230
260,1000,0.15,850,2,17,0.9864,60,360.00,0.251113
261,1000,0.15,850,2,17,0.9966,61,375.00,0.196749
262,1000,0.15,850,2,17,0.9307,62,362.00,0.105286
263,1000,0.15,850,2,17,0.9813,63,399.00,0.023499
264,1000,0.15,850,2,17,1.0327,64,357.00,0.077877
265,1000,0.15,850,2,17,1.0181,65,371.00,0.287831
266,1000,0.15,850,2,17,0.9968,66,366.00,0.078626
267,1000,0.15,850,2,17,0.9967,67,342.00,0.023146
268,1000,0.15,850,2,17,0.9762,68,339.00,0.204577
269,1000,0.15,850,2,17,0.9881,69,352.00,0.127766
270,1000,0.15,850,2,17,1.0055,70,380.00,0.041283
271,1000,0.15,850,2,17,0.9871,71,396.00,0.032107
272,1000,0.15,850,2,17,0.9457,72,380.00,0.210755
273,1000,0.15,850,2,17,0.9529,73,345.00,0.206387
274,1000,0.15,850,2,17,0.9662,74,383.00,0.008224
275,1000,0.15,850,2,17,0.9524,75,382.00,0.155728
276,1000,0.15,850,2,17,0.9681,76,371.00,0.116305
277,1000,0.15,850,2,17,0.9979,77,336.00,0.028768
278,1000,0.15,850,2,17,1.0094,78,335.00,0.068777
279,1000,0.15,850,2,17,1.0509,79,367.00,0.352880
280,1000,0.15,850,2,17,1.0243,80,356.00,0.251526
281,1000,0.15,850,2,17,1.0579,81,360.00,0.037384
282,1000,0.15,850,2,17,0.9722,82,376.00,0.070087
283,1000,0.15,850,2,17,0.9867,83,372.00,0.163801
284,1000,0.15,850,2,17,0.9756,84,365.00,0.027379
285,1000,0.15,850,2,17,0.9992,85,336.00,0.019311
286,1000,0.15,850,2,17,1.0155,86,366.00,0.029038
287,1000,0.15,850,2,17,0.9756,87,364.00,0.094188
288,1000,0.15,850,2,17,1.0471,88,387.00,0.177323
289,1000,0.15,850,2,17,1.0105,89,401.00,0.289595
290,1000,0.15,850,2,17,0.9795,90,384.00,0.053783
291,1000,0.15,850,2,17,0.9983,91,340.00,0.230895
292,1000,0.15,850,2,17,1.0227,92,423.00,0.366774
293,1000,0.15,850,2,17,0.9917,93,382.00,0.132426
294,1000,0.15,850,2,17,0.9954,94,397.00,0.108554
295,1000,0.15,850,2,17,0.9884,95,356.00,0.083851
296,1000,0.15,850,2,17,0.9855,96,344.00,0.103179
297,1000,0.15,850,2,17,1.0504,97,331.00,0.082744
298,1000,0.15,850,2,17,0.9463,98,356.00,0.099706
299,1000,0.15,850,2,17,0.9938,99,381.00,0.034314
300,1000,0.20,800,2,17,1.0309,0,332.00,0.113247
301,1000,0.20,800,2,17,0.9958,1,341.00,0.048094
302,1000,0.20,800,2,17,0.9756,2,328.00,0.099159
303,1000,0.20,800,2,17,0.9985,3,339.00,0.173096
304,1000,0.20,800,2,17,1.0071,4,343.00,0.022301
305,1000,0.20,800,2,17,1.0111,5,335.00,0.207756
306,1000,0.20,800,2,17,1.0101,6,323.00,0.267042
307,1000,0.20,800,2,17,0.9992,7,361.00,0.245021
308,1000,0.20,800,2,17,0.9639,8,358.00,0.201712
309,1000,0.20,800,2,17,1.0101,9,344.00,0.014327
310,1000,0.20,800,2,17,0.9974,10,330.00,0.170705
311,1000,0.20,800,2,17,1.0350,11,347.00,0.221592
312,1000,0.20,800,2,17,1.0087,12,354.00,0.155333
313,1000,0.20,800,2,17,0.9831,13,319.00,0.036020
314,1000,0.20,800,2,17,1.0091,14,372.00,0.135120
315,1000,0.20,800,2,17,1.0020,15,355.00,0.118219
316,1000,0.20,800,2,17,1.0030,16,351.00,0.143924
317,1000,0.20,800,2,17,1.0435,17,326.00,0.060167
318,1000,0.20,800,2,17,1.0133,18,343.00,0.119654
319,1000,0.20,800,2,17,0.9787,19,387.00,0.396313
320,1000,0.20,800,2,17,0.9922,20,368.00,0.063263
321,1000,0.20,800,2,17,1.0293,21,358.00,0.152848
322,1000,0.20,800,2,17,0.9883,22,340.00,0.092283
323,1000,0.20,800,2,17,1.0108,23,339.00,0.162526
324,1000,0.20,800,2,17,1.0025,24,367.00,0.088124
325,1000,0.20,800,2,17,0.9807,25,367.00,0.122854
326,1000,0.20,800,2,17,0.9451,26,334.00,0.256503
327,1000,0.20,800,2,17,1.0122,27,373.00,0.090609
328,1000,0.20,800,2,17,0.9736,28,312.00,0.085118
329,1000,0.20,800,2,17,0.9889,29,339.00,0.157224
330,1000,0.20,800,2,17,1.0139,30,361.00,0.177780
331,1000,0.20,800,2,17,0.9673,31,373.00,0.062651
332,1000,0.20,800,2,17,0.9939,32,388.00,0.411834
333,1000,0.20,800,2,17,1.0042,33,341.00,0.729838
334,1000,0.20,800,2,17,1.0466,34,367.00,0.022769
335,1000,0.20,800,2,17,0.9818,35,335.00,0.942441
336,1000,0.20,800,2,17,0.9751,36,369.00,0.096095
337,1000,0.20,800,2,17,1.0154,37,335.00,0.241843
338,1000,0.20,800,2,17,1.0401,38,385.00,0.248184
339,1000,0.20,800,2,17,0.9788,39,351.00,0.260894
340,1000,0.20,800,2,17,1.0003,40,376.00,0.160426
341,1000,0.20,800,2,17,1.0305,41,373.00,0.031269
342,1000,0.20,800,2,17,0.9845,42,378.00,0.153161
343,1000,0.20,800,2,17,0.9810,43,357.00,0.098930
344,1000,0.20,800,2,17,1.0346,44,400.00,0.121243
345,1000,0.20,800,2,17,1.0126,45,341.00,0.172333
346,1000,0.20,800,2,17,1.0149,46,360.00,0.347755
347,1000,0.20,800,2,17,1.0297,47,358.00,0.438104
348,1000,0.20,800,2,17,0.9979,48,360.00,0.068104
349,1000,0.20,800,2,17,0.9985,49,380.00,0.322954
350,1000,0.20,800,2,17,1.0537,50,367.00,0.032729
351,1000,0.20,800,2,17,0.9709,51,335.00,0.158512
352,1000,0.20,800,2,17,0.9627,52,346.00,0.181741
353,1000,0.20,800,2,17,0.9808,53,365.00,0.248554
354,1000,0.20,800,2,17,1.0329,54,359.00,0.134941
355,1000,0.20,800,2,17,0.9789,55,346.00,0.152338
356,1000,0.20,800,2,17,0.9845,56,353.00,0.119631
357,1000,0.20,800,2,17,1.0585,57,329.00,0.202742
358,1000,0.20,800,2,17,1.0236,58,378.00,0.267115
359,1000,0.20,800,2,17,0.9539,59,374.00,0.279342
360,1000,0.20,800,2,17,1.0071,60,336.00,0.031933
361,1000,0.20,800,2,17,0.9917,61,347.00,0.108698
362,1000,0.20,800,2,17,1.0003,62,363.00,0.147645
363,1000,0.20,800,2,17,1.0309,63,362.00,0.096022
364,1000,0.20,800,2,17,1.0501,64,342.00,0.120496
365,1000,0.20,800,2,17,0.9747,65,378.00,0.198983
366,1000,0.20,800,2,17,1.0337,66,356.00,0.121139
367,1000,0.20,800,2,17,0.9687,67,351.00,0.274514
368,1000,0.20,800,2,17,0.9750,68,385.00,0.133094
369,1000,0.20,800,2,17,1.0235,69,353.00,0.077137
370,1000,0.20,800,2,17,1.0250,70,382.00,0.242839
371,1000,0.20,800,2,17,0.9965,71,361.00,0.194416
372,1000,0.20,800,2,17,0.9878,72,374.00,0.240947
373,1000,0.20,800,2,17,0.9960,73,342.00,0.085861
374,1000,0.20,800,2,17,1.0351,74,341.00,0.117468
375,1000,0.20,800,2,17,0.9981,75,343.00,0.070385
376,1000,0.20,800,2,17,0.9653,76,354.00,0.049878
377,1000,0.20,800,2,17,1.0233,77,359.00,0.232141
378,1000,0.20,800,2,17,1.0075,78,351.00,0.099905
379,1000,0.20,800,2,17,0.9803,79,367.00,0.061437
380,1000,0.20,800,2,17,0.9727,80,377.00,0.179247
381,1000,0.20,800,2,17,0.9586,81,379.00,0.118894
382,1000,0.20,800,2,17,1.0216,82,356.00,0.448247
383,1000,0.20,800,2,17,1.0048,83,355.00,0.136418
384,1000,0.20,800,2,17,1.0498,84,351.00,0.269782
385,1000,0.20,800,2,17,0.9606,85,360.00,0.197735
386,1000,0.20,800,2,17,1.0385,86,353.00,0.087648
387,1000,0.20,800,2,17,1.0003,87,366.00,0.082018
388,1000,0.20,800,2,17,0.9651,88,343.00,0.169222
389,1000,0.20,800,2,17,1.0227,89,354.00,0.101592
390,1000,0.20,800,2,17,0.9623,90,361.00,0.274754
391,1000,0.20,800,2,17,0.9861,91,326.00,0.275938
392,1000,0.20,800,2,17,0.9813,92,359.00,0.055887
393,1000,0.20,800,2,17,1.0454,93,347.00,0.186397
394,1000,0.20,800,2,17,1.0205,94,366.00,0.143242
395,1000,0.20,800,2,17,1.0315,95,341.00,0.060724
396,1000,0.20,800,2,17,1.0216,96,348.00,0.089452
397,1000,0.20,800,2,17,0.9895,97,355.00,0.156869
398,1000,0.20,800,2,17,1.0112,98,382.00,0.450163
399,1000,0.20,800,2,17,0.9653,99,360.00,0.264292
400,1000,0.25,750,2,17,0.9496,0,319.00,0.276961
401,1000,0.25,750,2,17,0.9959,1,334.00,0.109871
402,1000,0.25,750,2,17,0.9638,2,364.00,0.113851
403,1000,0.25,750,2,17,0.9977,3,345.00,0.465380
404,1000,0.25,750,2,17,0.9807,4,359.00,0.457251
405,1000,0.25,750,2,17,0.9659,5,311.00,0.106121
406,1000,0.25,750,2,17,0.9932,6,349.00,0.074063
407,1000,0.25,750,2,17,1.0212,7,332.00,0.051514
408,1000,0.25,750,2,17,0.9991,8,337.00,0.018211
409,1000,0.25,750,2,17,0.9912,9,347.00,0.034321
410,1000,0.25,750,2,17,0.9724,10,357.00,0.073117
411,1000,0.25,750,2,17,1.0026,11,372.00,0.066358
412,1000,0.25,750,2,17,0.9938,12,350.00,0.173896
413,1000,0.25,750,2,17,1.0001,13,354.00,0.125012
414,1000,0.25,750,2,17,0.9837,14,346.00,0.114619
415,1000,0.25,750,2,17,1.0261,15,385.00,0.404059
416,1000,0.25,750,2,17,1.0068,16,352.00,0.097757
417,1000,0.25,750,2,17,1.0543,17,359.00,0.358835
418,1000,0.25,750,2,17,1.0008,18,342.00,0.395899
419,1000,0.25,750,2,17,0.9848,19,319.00,0.040424
420,1000,0.25,750,2,17,0.9578,20,388.00,0.072377
421,1000,0.25,750,2,17,0.9861,21,384.00,0.109003
422,1000,0.25,750,2,17,0.9735,22,342.00,0.225925
423,1000,0.25,750,2,17,0.9467,23,348.00,0.077380
424,1000,0.25,750,2,17,0.9389,24,345.00,0.085813
425,1000,0.25,750,2,17,0.9562,25,346.00,0.224643
426,1000,0.25,750,2,17,1.0098,26,335.00,0.080942
427,1000,0.25,750,2,17,1.0175,27,349.00,0.539702
428,1000,0.25,750,2,17,0.9777,28,366.00,0.023590
429,1000,0.25,750,2,17,0.9560,29,333.00,0.347783
430,1000,0.25,750,2,17,1.0039,30,343.00,0.043265
431,1000,0.25,750,2,17,1.0413,31,331.00,0.180428
432,1000,0.25,750,2,17,0.9463,32,352.00,0.275047
433,1000,0.25,750,2,17,1.0228,33,367.00,0.230998
434,1000,0.25,750,2,17,0.9785,34,362.00,0.528017
435,1000,0.25,750,2,17,1.0083,35,344.00,0.047409
436,1000,0.25,750,2,17,1.0389,36,342.00,0.097081
437,1000,0.25,750,2,17,1.0209,37,353.00,0.118543
438,1000,0.25,750,2,17,1.0034,38,354.00,0.149607
439,1000,0.25,750,2,17,1.0507,39,353.00,0.243520
440,1000,0.25,750,2,17,1.0103,40,331.00,0.021980
441,1000,0.25,750,2,17,1.0043,41,341.00,0.125369
442,1000,0.25,750,2,17,0.9552,42,333.00,0.112857
443,1000,0.25,750,2,17,1.0354,43,373.00,0.226566
444,1000,0.25,750,2,17,1.0227,44,368.00,0.632688
445,1000,0.25,750,2,17,0.9726,45,351.00,0.058404
446,1000,0.25,750,2,17,1.0090,46,347.00,0.326421
447,1000,0.25,750,2,17,1.0514,47,334.00,0.275134
448,1000,0.25,750,2,17,1.0500,48,391.00,0.389849
449,1000,0.25,750,2,17,1.0080,49,346.00,0.090818
450,1000,0.25,750,2,17,1.0219,50,356.00,0.382104
451,1000,0.25,750,2,17,1.0268,51,395.00,0.357647
452,1000,0.25,750,2,17,1.0163,52,348.00,0.381162
453,1000,0.25,750,2,17,1.0477,53,355.00,0.085780
454,1000,0.25,750,2,17,0.9521,54,338.00,0.297695
455,1000,0.25,750,2,17,0.9817,55,341.00,0.131167
456,1000,0.25,750,2,17,1.0165,56,345.00,0.328732
457,1000,0.25,750,2,17,1.0174,57,341.00,0.182730
458,1000,0.25,750,2,17,0.9966,58,359.00,0.477189
459,1000,0.25,750,2,17,1.0064,59,332.00,0.152201
460,1000,0.25,750,2,17,1.0248,60,368.00,0.540097
461,1000,0.25,750,2,17,1.0089,61,353.00,0.120095
462,1000,0.25,750,2,17,1.0560,62,378.00,0.129633
463,1000,0.25,750,2,17,1.0075,63,357.00,0.288639
464,1000,0.25,750,2,17,0.9970,64,348.00,0.072592
465,1000,0.25,750,2,17,1.0032,65,356.00,0.328435
466,1000,0.25,750,2,17,0.9634,66,342.00,0.418160
467,1000,0.25,750,2,17,1.0086,67,361.00,0.108132
468,1000,0.25,750,2,17,0.9932,68,340.00,0.009753
469,1000,0.25,750,2,17,0.9957,69,360.00,0.416862
470,1000,0.25,750,2,17,0.9973,70,345.00,0.310082
471,1000,0.25,750,2,17,0.9985,71,356.00,0.299164
472,1000,0.25,750,2,17,0.9941,72,345.00,0.035241
473,1000,0.25,750,2,17,0.9508,73,379.00,0.128012
474,1000,0.25,750,2,17,0.9955,74,393.00,0.398093
475,1000,0.25,750,2,17,1.0294,75,345.00,0.224899
476,1000,0.25,750,2,17,0.9851,76,334.00,0.145850
477,1000,0.25,750,2,17,0.9675,77,375.00,0.114184
478,1000,0.25,750,2,17,1.0326,78,339.00,0.144828
479,1000,0.25,750,2,17,1.0209,79,371.00,0.219283
480,1000,0.25,750,2,17,0.9923,80,336.00,0.154646
481,1000,0.25,750,2,17,0.9536,81,340.00,0.080821
482,1000,0.25,750,2,17,1.0304,82,324.00,0.197733
483,1000,0.25,750,2,17,0.9582,83,367.00,0.010523
484,1000,0.25,750,2,17,1.0057,84,364.00,0.135720
485,1000,0.25,750,2,17,0.9758,85,328.00,0.308216
486,1000,0.25,750,2,17,0.9988,86,355.00,0.518068
487,1000,0.25,750,2,17,1.0068,87,365.00,0.215531
488,1000,0.25,750,2,17,0.9826,88,375.00,0.105635
489,1000,0.25,750,2,17,1.0342,89,355.00,0.138750
490,1000,0.25,750,2,17,1.0155,90,349.00,0.042897
491,1000,0.25,750,2,17,1.0163,91,365.00,0.207069
492,1000,0.25,750,2,17,1.0163,92,348.00,0.178147
493,1000,0.25,750,2,17,0.9812,93,348.00,0.546998
494,1000,0.25,750,2,17,1.0574,94,356.00,0.090060
495,1000,0.25,750,2,17,0.9861,95,313.00,0.021495
496,1000,0.25,750,2,17,1.0156,96,360.00,0.147313
497,1000,0.25,750,2,17,1.0137,97,366.00,0.501749
498,1000,0.25,750,2,17,1.0243,98,342.00,0.059194
499,1000,0.25,750,2,17,1.0451,99,369.00,0.121751
500,1000,0.30,700,2,17,1.0037,0,347.00,0.318636
501,1000,0.30,700,2,17,0.9846,1,352.00,0.179929
502,1000,0.30,700,2,17,0.9460,2,365.00,1.298744
503,1000,0.30,700,2,17,1.0405,3,374.00,0.463853
504,1000,0.30,700,2,17,0.9760,4,375.00,0.356922
505,1000,0.30,700,2,17,1.0317,5,338.00,0.482973
506,1000,0.30,700,2,17,0.9761,6,362.00,0.112044
507,1000,0.30,700,2,17,0.9672,7,348.00,0.050339
508,1000,0.30,700,2,17,1.0630,8,346.00,0.109561
509,1000,0.30,700,2,17,1.0039,9,343.00,0.108634
510,1000,0.30,700,2,17,0.9919,10,362.00,0.376646
511,1000,0.30,700,2,17,1.0263,11,355.00,0.388471
512,1000,0.30,700,2,17,0.9813,12,326.00,0.387254
513,1000,0.30,700,2,17,1.0057,13,354.00,0.118503
514,1000,0.30,700,2,17,1.0489,14,330.00,0.070753
515,1000,0.30,700,2,17,0.9950,15,341.00,0.639611
516,1000,0.30,700,2,17,0.9907,16,341.00,0.207809
517,1000,0.30,700,2,17,0.9882,17,331.00,0.111898
518,1000,0.30,700,2,17,0.9975,18,333.00,0.099276
519,1000,0.30,700,2,17,1.0277,19,354.00,0.069992
520,1000,0.30,700,2,17,0.9853,20,336.00,0.081219
521,1000,0.30,700,2,17,0.9841,21,309.00,0.008256
522,1000,0.30,700,2,17,0.9801,22,346.00,0.279028
523,1000,0.30,700,2,17,0.9602,23,358.00,0.062937
524,1000,0.30,700,2,17,0.9680,24,343.00,0.115721
525,1000,0.30,700,2,17,0.9894,25,349.00,0.120174
526,1000,0.30,700,2,17,1.0429,26,350.00,0.151851
527,1000,0.30,700,2,17,1.0007,27,368.00,0.349299
528,1000,0.30,700,2,17,1.0161,28,354.00,0.052182
529,1000,0.30,700,2,17,1.0147,29,342.00,0.103868
530,1000,0.30,700,2,17,1.0033,30,367.00,0.262032
531,1000,0.30,700,2,17,0.9879,31,379.00,0.142511
532,1000,0.30,700,2,17,1.0021,32,375.00,0.180214
533,1000,0.30,700,2,17,1.0151,33,364.00,0.064931
534,1000,0.30,700,2,17,1.0012,34,329.00,0.111995
535,1000,0.30,700,2,17,0.9976,35,352.00,0.054824
536,1000,0.30,700,2,17,1.0077,36,339.00,0.145931
537,1000,0.30,700,2,17,1.0014,37,350.00,0.105448
538,1000,0.30,700,2,17,0.9866,38,335.00,0.062717
539,1000,0.30,700,2,17,0.9628,39,329.00,0.438568
540,1000,0.30,700,2,17,1.0258,40,366.00,0.370593
541,1000,0.30,700,2,17,0.9826,41,349.00,0.016311
542,1000,0.30,700,2,17,1.0375,42,350.00,0.107192
543,1000,0.30,700,2,17,0.9849,43,342.00,0.202022
544,1000,0.30,700,2,17,1.0171,44,342.00,0.169192
545,1000,0.30,700,2,17,1.0074,45,328.00,0.274853
546,1000,0.30,700,2,17,1.0353,46,347.00,0.462619
547,1000,0.30,700,2,17,0.9905,47,365.00,0.073174
548,1000,0.30,700,2,17,1.0012,48,347.00,0.154921
549,1000,0.30,700,2,17,1.0152,49,333.00,0.160536
550,1000,0.30,700,2,17,0.9329,50,334.00,0.047632
551,1000,0.30,700,2,17,1.0275,51,312.00,0.047248
552,1000,0.30,700,2,17,0.9774,52,332.00,0.173392
553,1000,0.30,700,2,17,1.0191,53,335.00,0.074918
554,1000,0.30,700,2,17,0.9937,54,376.00,0.098058
555,1000,0.30,700,2,17,0.9802,55,345.00,0.217196
556,1000,0.30,700,2,17,1.0667,56,348.00,0.323787
557,1000,0.30,700,2,17,0.9993,57,332.00,0.049305
558,1000,0.30,700,2,17,0.9990,58,334.00,0.211734
559,1000,0.30,700,2,17,1.0529,59,342.00,0.077871
560,1000,0.30,700,2,17,0.9740,60,337.00,0.073104
561,1000,0.30,700,2,17,0.9808,61,374.00,0.157959
562,1000,0.30,700,2,17,0.9912,62,345.00,0.293175
563,1000,0.30,700,2,17,1.0131,63,349.00,0.267324
564,1000,0.30,700,2,17,1.0069,64,344.00,0.022020
565,1000,0.30,700,2,17,1.0320,65,345.00,0.305733
566,1000,0.30,700,2,17,0.9466,66,357.00,0.062750
567,1000,0.30,700,2,17,0.9902,67,338.00,0.267393
568,1000,0.30,700,2,17,1.0125,68,326.00,0.067099
569,1000,0.30,700,2,17,0.9752,69,341.00,0.081491
570,1000,0.30,700,2,17,0.9431,70,335.00,0.323267
571,1000,0.30,700,2,17,1.0003,71,325.00,0.252689
572,1000,0.30,700,2,17,1.0399,72,359.00,0.091098
573,1000,0.30,700,2,17,0.9701,73,359.00,0.124986
574,1000,0.30,700,2,17,0.9796,74,337.00,0.257480
575,1000,0.30,700,2,17,0.9954,75,341.00,0.233656
576,1000,0.30,700,2,17,1.0372,76,358.00,0.064810
577,1000,0.30,700,2,17,1.0204,77,351.00,0.078434
578,1000,0.30,700,2,17,1.0293,78,360.00,0.079752
579,1000,0.30,700,2,17,1.0421,79,384.00,0.767494
580,1000,0.30,700,2,17,1.0000,80,341.00,0.055411
581,1000,0.30,700,2,17,0.9534,81,370.00,0.295828
582,1000,0.30,700,2,17,0.9758,82,342.00,0.239737
583,1000,0.30,700,2,17,0.9907,83,357.00,0.065538
584,1000,0.30,700,2,17,1.0002,84,369.00,0.446303
585,1000,0.30,700,2,17,0.9929,85,339.00,0.413953
586,1000,0.30,700,2,17,0.9524,86,344.00,0.355449
587,1000,0.30,700,2,17,1.0166,87,327.00,0.055887
588,1000,0.30,700,2,17,0.9513,88,353.00,0.202507
589,1000,0.30,700,2,17,1.0015,89,339.00,0.145348
590,1000,0.30,700,2,17,1.0355,90,364.00,0.315380
591,1000,0.30,700,2,17,0.9677,91,353.00,0.131387
592,1000,0.30,700,2,17,1.0250,92,360.00,0.214696
593,1000,0.30,700,2,17,1.0109,93,356.00,0.531872
594,1000,0.30,700,2,17,1.0332,94,339.00,0.096680
595,1000,0.30,700,2,17,1.0027,95,307.00,1.295536
596,1000,0.30,700,2,17,1.0234,96,345.00,0.298181
597,1000,0.30,700,2,17,0.9973,97,352.00,0.030850
598,1000,0.30,700,2,17,0.9962,98,332.00,0.743489
599,1000,0.30,700,2,17,0.9422,99,334.00,0.144598
600,1000,0.35,650,2,17,1.0380,0,345.00,0.391002
601,1000,0.35,650,2,17,0.9865,1,331.00,0.006692
602,1000,0.35,650,2,17,1.0052,2,368.00,1.090542
603,1000,0.35,650,2,17,1.0257,3,362.00,0.360203
604,1000,0.35,650,2,17,1.0201,4,332.00,0.049574
605,1000,0.35,650,2,17,1.0098,5,329.00,0.513019
606,1000,0.35,650,2,17,0.9961,6,347.00,0.115167
607,1000,0.35,650,2,17,1.0143,7,345.00,0.115714
608,1000,0.35,650,2,17,0.9946,8,361.00,0.015458
609,1000,0.35,650,2,17,1.0377,9,342.00,0.472131
610,1000,0.35,650,2,17,1.0511,10,349.00,0.232808
611,1000,0.35,650,2,17,0.9941,11,357.00,0.625323
612,1000,0.35,650,2,17,0.9817,12,316.00,0.166902
613,1000,0.35,650,2,17,1.0259,13,359.00,0.257477
614,1000,0.35,650,2,17,0.9705,14,346.00,0.716931
615,1000,0.35,650,2,17,0.9969,15,328.00,0.400558
616,1000,0.35,650,2,17,1.0015,16,344.00,0.091761
617,1000,0.35,650,2,17,0.9799,17,347.00,0.420167
618,1000,0.35,650,2,17,1.0056,18,336.00,0.368364
619,1000,0.35,650,2,17,1.0195,19,343.00,0.178181
620,1000,0.35,650,2,17,1.0030,20,350.00,0.476730
621,1000,0.35,650,2,17,0.9607,21,364.00,0.077544
622,1000,0.35,650,2,17,0.9647,22,363.00,0.187166
623,1000,0.35,650,2,17,1.0441,23,340.00,0.466174
624,1000,0.35,650,2,17,1.0470,24,376.00,0.372593
625,1000,0.35,650,2,17,0.9560,25,349.00,0.116619
626,1000,0.35,650,2,17,0.9626,26,338.00,0.304225
627,1000,0.35,650,2,17,1.0456,27,366.00,0.312466
628,1000,0.35,650,2,17,0.9921,28,378.00,0.073875
629,1000,0.35,650,2,17,1.0178,29,346.00,0.181524
630,1000,0.35,650,2,17,0.9712,30,338.00,0.236233
631,1000,0.35,650,2,17,1.0197,31,352.00,0.036846
632,1000,0.35,650,2,17,1.0250,32,354.00,0.274947
633,1000,0.35,650,2,17,1.0080,33,359.00,0.178707
634,1000,0.35,650,2,17,1.0152,34,353.00,0.032268
635,1000,0.35,650,2,17,0.9698,35,343.00,0.210874
636,1000,0.35,650,2,17,0.9600,36,315.00,0.108291
637,1000,0.35,650,2,17,0.9547,37,368.00,0.342684
638,1000,0.35,650,2,17,1.0088,38,345.00,0.172796
639,1000,0.35,650,2,17,1.0052,39,303.00,0.185844
640,1000,0.35,650,2,17,1.0070,40,369.00,0.206763
641,1000,0.35,650,2,17,1.0835,41,368.00,0.539664
642,1000,0.35,650,2,17,1.0145,42,328.00,0.066910
643,1000,0.35,650,2,17,0.9772,43,335.00,0.375585
644,1000,0.35,650,2,17,1.0573,44,344.00,0.118481
645,1000,0.35,650,2,17,0.9490,45,346.00,0.164262
646,1000,0.35,650,2,17,1.0180,46,332.00,0.304432
647,1000,0.35,650,2,17,1.0007,47,360.00,0.276909
648,1000,0.35,650,2,17,0.9935,48,350.00,0.192219
649,1000,0.35,650,2,17,1.0120,49,345.00,0.089415
650,1000,0.35,650,2,17,0.9325,50,339.00,0.338035
651,1000,0.35,650,2,17,0.9952,51,359.00,0.174005
652,1000,0.35,650,2,17,0.9972,52,322.00,0.144148
653,1000,0.35,650,2,17,0.9553,53,352.00,0.135257
654,1000,0.35,650,2,17,0.9287,54,355.00,0.176677
655,1000,0.35,650,2,17,0.9834,55,353.00,0.231178
656,1000,0.35,650,2,17,0.9842,56,341.00,0.288555
657,1000,0.35,650,2,17,1.0097,57,336.00,0.116741
658,1000,0.35,650,2,17,0.9991,58,353.00,0.839945
659,1000,0.35,650,2,17,1.0029,59,384.00,0.420116
660,1000,0.35,650,2,17,0.9994,60,340.00,0.153202
661,1000,0.35,650,2,17,1.0048,61,330.00,0.291253
662,1000,0.35,650,2,17,1.0107,62,352.00,0.248709
663,1000,0.35,650,2,17,0.9982,63,328.00,0.069903
664,1000,0.35,650,2,17,1.0312,64,345.00,0.261743
665,1000,0.35,650,2,17,0.9956,65,358.00,0.099802
666,1000,0.35,650,2,17,0.9728,66,360.00,0.034237
667,1000,0.35,650,2,17,0.9925,67,343.00,0.107718
668,1000,0.35,650,2,17,0.9983,68,383.00,0.347949
669,1000,0.35,650,2,17,1.0174,69,365.00,0.159375
670,1000,0.35,650,2,17,1.0403,70,327.00,0.092574
671,1000,0.35,650,2,17,0.9918,71,338.00,0.206021
672,1000,0.35,650,2,17,0.9923,72,371.00,0.241338
673,1000,0.35,650,2,17,1.0638,73,348.00,0.196386
674,1000,0.35,650,2,17,1.0104,74,364.00,0.151905
675,1000,0.35,650,2,17,0.9999,75,357.00,0.066726
676,1000,0.35,650,2,17,0.9629,76,348.00,0.477337
677,1000,0.35,650,2,17,0.9445,77,375.00,0.785579
678,1000,0.35,650,2,17,1.0310,78,354.00,0.217253
679,1000,0.35,650,2,17,0.9694,79,345.00,0.297377
680,1000,0.35,650,2,17,0.9675,80,349.00,0.151366
681,1000,0.35,650,2,17,1.0097,81,344.00,0.518722
682,1000,0.35,650,2,17,0.9830,82,371.00,0.235911
683,1000,0.35,650,2,17,0.9964,83,367.00,0.568397
684,1000,0.35,650,2,17,0.9755,84,370.00,0.277998
685,1000,0.35,650,2,17,0.9430,85,351.00,0.161181
686,1000,0.35,650,2,17,0.9479,86,341.00,0.042414
687,1000,0.35,650,2,17,1.0354,87,358.00,0.023412
688,1000,0.35,650,2,17,0.9926,88,342.00,0.579968
689,1000,0.35,650,2,17,1.0000,89,327.00,0.135638
690,1000,0.35,650,2,17,0.9998,90,348.00,0.608243
691,1000,0.35,650,2,17,1.0341,91,367.00,0.316091
692,1000,0.35,650,2,17,0.9871,92,361.00,0.071333
693,1000,0.35,650,2,17,0.9834,93,334.00,0.245789
694,1000,0.35,650,2,17,0.9680,94,343.00,0.121272
695,1000,0.35,650,2,17,1.0669,95,372.00,0.030974
696,1000,0.35,650,2,17,1.0069,96,351.00,0.219768
697,1000,0.35,650,2,17,1.0191,97,332.00,0.055193
698,1000,0.35,650,2,17,0.9888,98,324.00,0.080075
699,1000,0.35,650,2,17,0.9547,99,312.00,0.432179
700,1000,0.40,600,2,17,1.0060,0,351.00,0.493555
701,1000,0.40,600,2,17,1.0114,1,330.00,0.041584
702,1000,0.40,600,2,17,1.0194,2,362.00,0.169718
703,1000,0.40,600,2,17,0.9730,3,334.00,0.137805
704,1000,0.40,600,2,17,1.0111,4,331.00,0.068573
705,1000,0.40,600,2,17,0.9914,5,338.00,0.056504
706,1000,0.40,600,2,17,1.0299,6,340.00,0.093198
707,1000,0.40,600,2,17,1.0101,7,362.00,0.745625
708,1000,0.40,600,2,17,0.9891,8,366.00,0.337195
709,1000,0.40,600,2,17,0.9434,9,330.00,0.780408
710,1000,0.40,600,2,17,0.9839,10,341.00,0.086322
711,1000,0.40,600,2,17,1.0354,11,346.00,0.406604
712,1000,0.40,600,2,17,0.9729,12,368.00,0.672769
713,1000,0.40,600,2,17,0.9790,13,375.00,0.237525
714,1000,0.40,600,2,17,0.9903,14,360.00,0.255552
715,1000,0.40,600,2,17,0.9173,15,356.00,0.252727
716,1000,0.40,600,2,17,0.9901,16,347.00,0.992403
717,1000,0.40,600,2,17,0.9258,17,357.00,0.347822
718,1000,0.40,600,2,17,0.9991,18,343.00,0.037490
719,1000,0.40,600,2,17,1.0024,19,364.00,0.153701
720,1000,0.40,600,2,17,0.9599,20,347.00,0.160021
721,1000,0.40,600,2,17,0.9874,21,354.00,0.359118
722,1000,0.40,600,2,17,1.0126,22,336.00,0.193660
723,1000,0.40,600,2,17,0.9577,23,345.00,0.150250
724,1000,0.40,600,2,17,1.0301,24,345.00,0.051823
725,1000,0.40,600,2,17,0.9719,25,356.00,0.705491
726,1000,0.40,600,2,17,0.9930,26,373.00,0.299531
727,1000,0.40,600,2,17,1.0011,27,387.00,1.058952
728,1000,0.40,600,2,17,0.9986,28,361.00,0.107475
729,1000,0.40,600,2,17,0.9221,29,341.00,0.171171
730,1000,0.40,600,2,17,0.9840,30,348.00,0.442063
731,1000,0.40,600,2,17,0.9615,31,324.00,0.133557
732,1000,0.40,600,2,17,1.0197,32,337.00,1.167022
733,1000,0.40,600,2,17,1.0090,33,356.00,0.235161
734,1000,0.40,600,2,17,0.9881,34,369.00,0.165351
735,1000,0.40,600,2,17,0.9572,35,331.00,0.233704
736,1000,0.40,600,2,17,0.9634,36,358.00,0.309524
737,1000,0.40,600,2,17,0.9798,37,370.00,0.757261
738,1000,0.40,600,2,17,1.0218,38,338.00,0.146781
739,1000,0.40,600,2,17,0.9969,39,370.00,0.628169
740,1000,0.40,600,2,17,0.9762,40,332.00,0.076645
741,1000,0.40,600,2,17,0.9528,41,363.00,0.380463
742,1000,0.40,600,2,17,1.0392,42,336.00,0.260930
743,1000,0.40,600,2,17,1.0105,43,345.00,0.216189
744,1000,0.40,600,2,17,1.0080,44,356.00,0.184580
745,1000,0.40,600,2,17,0.9525,45,376.00,0.199031
746,1000,0.40,600,2,17,0.9795,46,343.00,0.158602
747,1000,0.40,600,2,17,0.9954,47,399.00,0.101341
748,1000,0.40,600,2,17,1.0284,48,335.00,0.366203
749,1000,0.40,600,2,17,1.0106,49,339.00,1.132388
750,1000,0.40,600,2,17,1.0401,50,364.00,0.377355
751,1000,0.40,600,2,17,0.9729,51,325.00,0.159065
752,1000,0.40,600,2,17,1.0120,52,345.00,0.095088
753,1000,0.40,600,2,17,1.0017,53,350.00,0.319955
754,1000,0.40,600,2,17,0.9779,54,334.00,0.074396
755,1000,0.40,600,2,17,1.0039,55,378.00,0.981613
756,1000,0.40,600,2,17,0.9538,56,361.00,0.137274
757,1000,0.40,600,2,17,0.9667,57,376.00,0.212476
758,1000,0.40,600,2,17,1.0360,58,369.00,0.357474
759,1000,0.40,600,2,17,1.0000,59,364.00,0.296487
760,1000,0.40,600,2,17,0.9774,60,310.00,0.197455
761,1000,0.40,600,2,17,0.9508,61,349.00,0.777660
762,1000,0.40,600,2,17,0.9729,62,375.00,1.117092
763,1000,0.40,600,2,17,0.9833,63,326.00,0.222535
764,1000,0.40,600,2,17,0.9925,64,355.00,0.104667
765,1000,0.40,600,2,17,1.0408,65,362.00,0.695968
766,1000,0.40,600,2,17,1.0316,66,343.00,0.297076
767,1000,0.40,600,2,17,0.9884,67,343.00,0.708449
768,1000,0.40,600,2,17,1.0298,68,387.00,0.177070
769,1000,0.40,600,2,17,1.0015,69,364.00,0.377917
770,1000,0.40,600,2,17,1.0030,70,322.00,0.082005
771,1000,0.40,600,2,17,1.0019,71,334.00,0.584743
772,1000,0.40,600,2,17,1.0008,72,374.00,1.002493
773,1000,0.40,600,2,17,0.9622,73,337.00,0.069555
774,1000,0.40,600,2,17,0.9500,74,359.00,0.101296
775,1000,0.40,600,2,17,0.9801,75,357.00,0.700481
776,1000,0.40,600,2,17,0.9924,76,355.00,0.091835
777,1000,0.40,600,2,17,0.9683,77,354.00,0.143573
778,1000,0.40,600,2,17,1.0074,78,341.00,0.099485
779,1000,0.40,600,2,17,0.9631,79,348.00,0.045697
780,1000,0.40,600,2,17,1.0193,80,365.00,0.693026
781,1000,0.40,600,2,17,1.0172,81,357.00,0.836119
782,1000,0.40,600,2,17,0.9868,82,387.00,0.942111
783,1000,0.40,600,2,17,1.0116,83,357.00,0.063590
784,1000,0.40,600,2,17,1.0081,84,318.00,0.244082
785,1000,0.40,600,2,17,0.9553,85,359.00,0.105418
786,1000,0.40,600,2,17,0.9895,86,342.00,0.187621
787,1000,0.40,600,2,17,1.0150,87,331.00,0.246139
788,1000,0.40,600,2,17,0.9981,88,356.00,0.126014
789,1000,0.40,600,2,17,1.0448,89,330.00,0.388733
790,1000,0.40,600,2,17,0.9545,90,367.00,0.760087
791,1000,0.40,600,2,17,1.0131,91,353.00,0.400275
792,1000,0.40,600,2,17,0.9658,92,359.00,0.384814
793,1000,0.40,600,2,17,0.9809,93,348.00,0.074163
794,1000,0.40,600,2,17,0.9862,94,358.00,0.179712
795,1000,0.40,600,2,17,0.9842,95,362.00,0.200095
796,1000,0.40,600,2,17,1.0182,96,338.00,0.285666
797,1000,0.40,600,2,17,1.0596,97,378.00,0.479490
798,1000,0.40,600,2,17,1.0290,98,365.00,0.244839
799,1000,0.40,600,2,17,0.9832,99,347.00,0.198311
800,1000,0.45,550,2,17,0.9812,0,341.00,0.365042
801,1000,0.45,550,2,17,0.9822,1,369.00,0.469042
802,1000,0.45,550,2,17,0.9906,2,361.00,0.162700
803,1000,0.45,550,2,17,1.0367,3,348.00,0.879675
804,1000,0.45,550,2,17,0.9561,4,353.00,0.048466
805,1000,0.45,550,2,17,0.9914,5,358.00,0.655861
806,1000,0.45,550,2,17,1.0234,6,359.00,0.259110
807,1000,0.45,550,2,17,0.9520,7,324.00,0.440807
808,1000,0.45,550,2,17,1.0070,8,372.00,1.130109
809,1000,0.45,550,2,17,0.9616,9,320.00,0.245057
810,1000,0.45,550,2,17,1.0647,10,366.00,0.048436
811,1000,0.45,550,2,17,0.9595,11,358.00,1.500098
812,1000,0.45,550,2,17,1.0200,12,339.00,0.074106
813,1000,0.45,550,2,17,1.0139,13,366.00,0.310811
814,1000,0.45,550,2,17,0.9872,14,371.00,0.124432
815,1000,0.45,550,2,17,0.9427,15,377.00,2.339928
816,1000,0.45,550,2,17,0.9854,16,369.00,0.670835
817,1000,0.45,550,2,17,1.0409,17,353.00,0.130497
818,1000,0.45,550,2,17,0.9914,18,370.00,0.308442
819,1000,0.45,550,2,17,1.0138,19,368.00,0.312400
820,1000,0.45,550,2,17,1.0235,20,344.00,0.847657
821,1000,0.45,550,2,17,0.9443,21,326.00,0.427214
822,1000,0.45,550,2,17,1.0517,22,353.00,0.156627
823,1000,0.45,550,2,17,1.0053,23,344.00,0.727898
824,1000,0.45,550,2,17,0.9927,24,363.00,0.268129
825,1000,0.45,550,2,17,0.9613,25,351.00,0.245938
826,1000,0.45,550,2,17,0.9348,26,335.00,0.452902
827,1000,0.45,550,2,17,0.9697,27,349.00,0.172590
828,1000,0.45,550,2,17,1.0262,28,360.00,0.146164
829,1000,0.45,550,2,17,0.9932,29,346.00,0.213440
830,1000,0.45,550,2,17,0.9773,30,324.00,0.241893
831,1000,0.45,550,2,17,0.9573,31,350.00,0.009387
832,1000,0.45,550,2,17,1.0373,32,338.00,0.109442
833,1000,0.45,550,2,17,1.0115,33,349.00,0.378220
834,1000,0.45,550,2,17,1.0006,34,341.00,0.642406
835,1000,0.45,550,2,17,0.9786,35,389.00,0.372209
836,1000,0.45,550,2,17,1.0317,36,325.00,0.363900
837,1000,0.45,550,2,17,0.9505,37,378.00,0.045565
838,1000,0.45,550,2,17,0.9908,38,346.00,0.626933
839,1000,0.45,550,2,17,0.9813,39,395.00,0.280555
840,1000,0.45,550,2,17,0.9847,40,347.00,0.381990
841,1000,0.45,550,2,17,0.9948,41,350.00,0.173717
842,1000,0.45,550,2,17,1.0024,42,379.00,0.117372
843,1000,0.45,550,2,17,0.9634,43,351.00,0.328363
844,1000,0.45,550,2,17,0.9918,44,388.00,0.759841
845,1000,0.45,550,2,17,1.0292,45,379.00,0.447933
846,1000,0.45,550,2,17,1.0371,46,386.00,0.173592
847,1000,0.45,550,2,17,1.0175,47,368.00,0.345786
848,1000,0.45,550,2,17,1.0063,48,354.00,0.092119
849,1000,0.45,550,2,17,0.9855,49,369.00,0.193450
850,1000,0.45,550,2,17,1.0096,50,357.00,1.269089
851,1000,0.45,550,2,17,0.9481,51,347.00,0.542755
852,1000,0.45,550,2,17,0.9963,52,370.00,0.114227
853,1000,0.45,550,2,17,0.9855,53,398.00,2.547992
854,1000,0.45,550,2,17,1.0237,54,374.00,0.080235
855,1000,0.45,550,2,17,0.9582,55,366.00,0.048983
856,1000,0.45,550,2,17,1.0521,56,371.00,0.374102
857,1000,0.45,550,2,17,0.9814,57,374.00,0.380450
858,1000,0.45,550,2,17,1.0297,58,361.00,0.425456
859,1000,0.45,550,2,17,0.9868,59,346.00,0.364245
860,1000,0.45,550,2,17,0.9729,60,370.00,0.547370
861,1000,0.45,550,2,17,1.0125,61,365.00,0.148151
862,1000,0.45,550,2,17,0.9839,62,356.00,0.021010
863,1000,0.45,550,2,17,0.9513,63,366.00,0.270265
864,1000,0.45,550,2,17,1.0119,64,320.00,0.101692
865,1000,0.45,550,2,17,1.0056,65,363.00,0.150329
866,1000,0.45,550,2,17,0.9733,66,338.00,0.116987
867,1000,0.45,550,2,17,1.0161,67,381.00,0.465448
868,1000,0.45,550,2,17,1.0310,68,370.00,0.169708
869,1000,0.45,550,2,17,1.0351,69,348.00,0.434132
870,1000,0.45,550,2,17,0.9675,70,342.00,1.365287
871,1000,0.45,550,2,17,1.0100,71,362.00,0.325069
872,1000,0.45,550,2,17,1.0138,72,333.00,0.719074
873,1000,0.45,550,2,17,1.0076,73,336.00,0.120035
874,1000,0.45,550,2,17,0.9829,74,354.00,0.248772
875,1000,0.45,550,2,17,1.0287,75,357.00,0.437202
876,1000,0.45,550,2,17,0.9460,76,362.00,0.089580
877,1000,0.45,550,2,17,0.9839,77,342.00,0.062184
878,1000,0.45,550,2,17,1.0105,78,329.00,0.163118
879,1000,0.45,550,2,17,0.9684,79,353.00,0.391488
880,1000,0.45,550,2,17,1.0123,80,356.00,0.653339
881,1000,0.45,550,2,17,1.0028,81,380.00,0.237211
882,1000,0.45,550,2,17,0.9791,82,343.00,0.793793
883,1000,0.45,550,2,17,1.0138,83,402.00,0.489939
884,1000,0.45,550,2,17,1.0125,84,373.00,0.192077
885,1000,0.45,550,2,17,0.9761,85,405.00,0.062351
886,1000,0.45,550,2,17,0.9689,86,369.00,0.697318
887,1000,0.45,550,2,17,0.9821,87,341.00,0.350143
888,1000,0.45,550,2,17,0.9889,88,354.00,0.263983
889,1000,0.45,550,2,17,1.0160,89,359.00,0.444691
890,1000,0.45,550,2,17,1.0105,90,350.00,0.444610
891,1000,0.45,550,2,17,1.0815,91,328.00,0.288565
892,1000,0.45,550,2,17,0.9822,92,347.00,0.182356
893,1000,0.45,550,2,17,0.9693,93,356.00,0.134132
894,1000,0.45,550,2,17,0.9874,94,371.00,0.107092
895,1000,0.45,550,2,17,0.9684,95,387.00,0.311544
896,1000,0.45,550,2,17,0.9640,96,351.00,0.432602
897,1000,0.45,550,2,17,1.0449,97,369.00,0.084940
898,1000,0.45,550,2,17,1.0538,98,378.00,1.093532
899,1000,0.45,550,2,17,0.9877,99,345.00,0.370562
900,1000,0.50,500,2,17,1.0073,0,341.00,0.128255
901,1000,0.50,500,2,17,0.9409,1,356.00,0.492262
902,1000,0.50,500,2,17,0.9638,2,381.00,0.654032
903,1000,0.50,500,2,17,0.9670,3,335.00,0.176706
904,1000,0.50,500,2,17,0.9815,4,366.00,0.295199
905,1000,0.50,500,2,17,0.9752,5,379.00,0.164968
906,1000,0.50,500,2,17,1.0210,6,331.00,7.222975
907,1000,0.50,500,2,17,0.9999,7,391.00,0.749300
908,1000,0.50,500,2,17,1.0112,8,351.00,0.106842
909,1000,0.50,500,2,17,1.0134,9,373.00,0.500400
910,1000,0.50,500,2,17,1.0314,10,376.00,0.930672
911,1000,0.50,500,2,17,1.0020,11,405.00,2.638299
912,1000,0.50,500,2,17,1.0033,12,363.00,0.062985
913,1000,0.50,500,2,17,1.0112,13,358.00,0.109694
914,1000,0.50,500,2,17,0.9251,14,347.00,1.224280
915,1000,0.50,500,2,17,1.0303,15,351.00,0.448573
916,1000,0.50,500,2,17,1.0359,16,343.00,0.252221
917,1000,0.50,500,2,17,0.9229,17,359.00,0.763410
918,1000,0.50,500,2,17,1.0142,18,390.00,1.344172
919,1000,0.50,500,2,17,0.9587,19,340.00,0.579246
920,1000,0.50,500,2,17,0.9578,20,327.00,0.237967
921,1000,0.50,500,2,17,0.9960,21,385.00,0.405544
922,1000,0.50,500,2,17,1.0049,22,330.00,0.087076
923,1000,0.50,500,2,17,1.0037,23,391.00,0.201368
924,1000,0.50,500,2,17,0.9887,24,374.00,1.547742
925,1000,0.50,500,2,17,0.9604,25,381.00,0.206948
926,1000,0.50,500,2,17,0.9260,26,390.00,0.479013
927,1000,0.50,500,2,17,0.9757,27,347.00,0.582059
928,1000,0.50,500,2,17,1.0424,28,392.00,0.623524
929,1000,0.50,500,2,17,1.0161,29,369.00,0.070123
930,1000,0.50,500,2,17,1.0006,30,331.00,0.189308
931,1000,0.50,500,2,17,0.9700,31,353.00,0.368869
932,1000,0.50,500,2,17,0.9886,32,389.00,0.216304
933,1000,0.50,500,2,17,0.9691,33,358.00,0.441126
934,1000,0.50,500,2,17,1.0219,34,399.00,0.604878
935,1000,0.50,500,2,17,0.9845,35,341.00,0.151105
936,1000,0.50,500,2,17,0.9534,36,352.00,0.288358
937,1000,0.50,500,2,17,1.0304,37,364.00,0.129097
938,1000,0.50,500,2,17,0.9572,38,422.00,2.654278
939,1000,0.50,500,2,17,1.0090,39,380.00,0.172391
940,1000,0.50,500,2,17,1.0449,40,359.00,0.470542
941,1000,0.50,500,2,17,0.9444,41,388.00,1.131793
942,1000,0.50,500,2,17,0.9680,42,357.00,0.065637
943,1000,0.50,500,2,17,0.9903,43,342.00,0.121791
944,1000,0.50,500,2,17,0.9798,44,364.00,0.197729
945,1000,0.50,500,2,17,0.9891,45,382.00,0.253736
946,1000,0.50,500,2,17,1.0254,46,342.00,0.793577
947,1000,0.50,500,2,17,0.9678,47,357.00,0.125927
948,1000,0.50,500,2,17,0.9806,48,340.00,0.420657
949,1000,0.50,500,2,17,0.9271,49,348.00,0.295755
950,1000,0.50,500,2,17,0.9916,50,405.00,0.163011
951,1000,0.50,500,2,17,1.0373,51,402.00,0.937624
952,1000,0.50,500,2,17,1.0312,52,353.00,0.271303
953,1000,0.50,500,2,17,0.9938,53,365.00,0.297830
954,1000,0.50,500,2,17,1.0135,54,400.00,0.173263
955,1000,0.50,500,2,17,1.0096,55,331.00,0.640725
956,1000,0.50,500,2,17,0.9521,56,351.00,0.098441
957,1000,0.50,500,2,17,0.9819,57,357.00,0.871302
958,1000,0.50,500,2,17,1.0221,58,366.00,0.269387
959,1000,0.50,500,2,17,1.0304,59,360.00,0.288406
960,1000,0.50,500,2,17,0.9376,60,367.00,0.160299
961,1000,0.50,500,2,17,0.9860,61,369.00,0.476713
962,1000,0.50,500,2,17,1.0056,62,389.00,0.968176
963,1000,0.50,500,2,17,0.9985,63,370.00,0.173298
964,1000,0.50,500,2,17,0.9616,64,382.00,4.827325
965,1000,0.50,500,2,17,1.0439,65,360.00,4.472691
966,1000,0.50,500,2,17,1.0302,66,354.00,4.024539
967,1000,0.50,500,2,17,1.0109,67,339.00,0.208938
968,1000,0.50,500,2,17,1.0257,68,357.00,0.612855
969,1000,0.50,500,2,17,1.0211,69,366.00,5.652221
970,1000,0.50,500,2,17,1.0218,70,388.00,0.714942
971,1000,0.50,500,2,17,1.0157,71,358.00,0.294947
972,1000,0.50,500,2,17,0.9894,72,384.00,0.123299
973,1000,0.50,500,2,17,1.0183,73,325.00,0.219129
974,1000,0.50,500,2,17,1.0185,74,353.00,0.305095
975,1000,0.50,500,2,17,0.9759,75,391.00,0.152409
976,1000,0.50,500,2,17,1.0292,76,358.00,0.931960
977,1000,0.50,500,2,17,1.0330,77,346.00,0.889202
978,1000,0.50,500,2,17,1.0454,78,363.00,0.530648
979,1000,0.50,500,2,17,1.0083,79,394.00,0.222717
980,1000,0.50,500,2,17,0.9820,80,412.00,0.785785
981,1000,0.50,500,2,17,0.9624,81,344.00,0.086444
982,1000,0.50,500,2,17,0.9887,82,360.00,0.556325
983,1000,0.50,500,2,17,1.0017,83,346.00,0.366891
984,1000,0.50,500,2,17,0.9295,84,331.00,0.359030
985,1000,0.50,500,2,17,1.0533,85,384.00,0.388524
986,1000,0.50,500,2,17,1.0000,86,323.00,0.091567
987,1000,0.50,500,2,17,1.0027,87,368.00,0.930913
988,1000,0.50,500,2,17,1.0264,88,341.00,0.167856
989,1000,0.50,500,2,17,1.0227,89,346.00,0.398237
990,1000,0.50,500,2,17,0.9792,90,348.00,0.617857
991,1000,0.50,500,2,17,0.9800,91,356.00,0.706513
992,1000,0.50,500,2,17,0.9377,92,325.00,0.211457
993,1000,0.50,500,2,17,0.9897,93,390.00,0.269894
994,1000,0.50,500,2,17,0.9996,94,396.00,0.562953
995,1000,0.50,500,2,17,0.9964,95,354.00,0.148108
996,1000,0.50,500,2,17,0.9970,96,360.00,0.901865
997,1000,0.50,500,2,17,1.0300,97,387.00,0.821250
998,1000,0.50,500,2,17,1.0785,98,384.00,1.006272
999,1000,0.50,500,2,17,0.9647,99,378.00,0.075475
1000,1000,0.55,450,2,17,1.0244,0,398.00,0.598950
1001,1000,0.55,450,2,17,1.0620,1,355.00,2.798259
1002,1000,0.55,450,2,17,1.0655,2,393.00,0.519960
1003,1000,0.55,450,2,17,0.9770,3,376.00,0.313004
1004,1000,0.55,450,2,17,1.0329,4,328.00,0.480880
1005,1000,0.55,450,2,17,1.0200,5,398.00,1.057744
1006,1000,0.55,450,2,17,1.0462,6,316.00,0.194158
1007,1000,0.55,450,2,17,1.0187,7,310.00,0.277602
1008,1000,0.55,450,2,17,0.9514,8,377.00,0.174934
1009,1000,0.55,450,2,17,1.0136,9,386.00,1.425264
1010,1000,0.55,450,2,17,1.0176,10,397.00,0.478826
1011,1000,0.55,450,2,17,1.0348,11,165.00,0.563549
1012,1000,0.55,450,2,17,0.9719,12,425.00,0.446890
1013,1000,0.55,450,2,17,0.9760,13,369.00,2.561412
1014,1000,0.55,450,2,17,1.0223,14,377.00,0.431110
1015,1000,0.55,450,2,17,0.9438,15,162.00,0.515918
1016,1000,0.55,450,2,17,1.0157,16,328.00,0.652314
1017,1000,0.55,450,2,17,1.0132,17,358.00,0.498533
1018,1000,0.55,450,2,17,1.0049,18,337.00,0.092826
1019,1000,0.55,450,2,17,0.9371,19,346.00,0.398447
1020,1000,0.55,450,2,17,0.9804,20,260.00,1.172278
1021,1000,0.55,450,2,17,1.0245,21,399.00,0.488192
1022,1000,0.55,450,2,17,0.9786,22,391.00,0.041907
1023,1000,0.55,450,2,17,1.0339,23,400.00,0.257758
1024,1000,0.55,450,2,17,1.0026,24,330.00,0.121305
1025,1000,0.55,450,2,17,0.9922,25,386.00,0.993302
1026,1000,0.55,450,2,17,0.9903,26,377.00,0.286041
1027,1000,0.55,450,2,17,1.0271,27,398.00,0.911379
1028,1000,0.55,450,2,17,1.0142,28,394.00,0.295685
1029,1000,0.55,450,2,17,1.0273,29,389.00,0.241112
1030,1000,0.55,450,2,17,1.0124,30,192.00,0.522103
1031,1000,0.55,450,2,17,1.0308,31,407.00,0.797336
1032,1000,0.55,450,2,17,0.9964,32,396.00,0.480498
1033,1000,0.55,450,2,17,1.0267,33,378.00,0.361276
1034,1000,0.55,450,2,17,0.9628,34,389.00,1.650130
1035,1000,0.55,450,2,17,1.0418,35,371.00,0.064541
1036,1000,0.55,450,2,17,0.9628,36,347.00,0.179595
1037,1000,0.55,450,2,17,1.0055,37,396.00,0.761187
1038,1000,0.55,450,2,17,0.9934,38,368.00,0.629002
1039,1000,0.55,450,2,17,1.0840,39,133.00,0.648668
1040,1000,0.55,450,2,17,0.9930,40,357.00,0.546209
1041,1000,0.55,450,2,17,0.9898,41,359.00,3.666314
1042,1000,0.55,450,2,17,0.9481,42,354.00,0.441271
1043,1000,0.55,450,2,17,1.0228,43,414.00,1.683204
1044,1000,0.55,450,2,17,1.0318,44,246.00,0.684848
1045,1000,0.55,450,2,17,1.0024,45,398.00,0.335305
1046,1000,0.55,450,2,17,0.9921,46,353.00,0.097286
1047,1000,0.55,450,2,17,0.9974,47,361.00,0.257694
1048,1000,0.55,450,2,17,0.9971,48,349.00,0.457192
1049,1000,0.55,450,2,17,0.9675,49,392.00,0.933323
1050,1000,0.55,450,2,17,1.0067,50,393.00,1.676448
1051,1000,0.55,450,2,17,0.9986,51,132.00,0.069759
1052,1000,0.55,450,2,17,0.9852,52,224.00,0.172341
1053,1000,0.55,450,2,17,1.0276,53,358.00,0.637491
1054,1000,0.55,450,2,17,0.9433,54,367.00,0.358310
1055,1000,0.55,450,2,17,0.9323,55,344.00,0.215978
1056,1000,0.55,450,2,17,1.0240,56,368.00,0.374913
1057,1000,0.55,450,2,17,0.9806,57,374.00,1.474116
1058,1000,0.55,450,2,17,1.0108,58,378.00,0.369827
1059,1000,0.55,450,2,17,0.9630,59,349.00,0.230912
1060,1000,0.55,450,2,17,0.9860,60,383.00,0.945468
1061,1000,0.55,450,2,17,0.9655,61,379.00,0.206004
1062,1000,0.55,450,2,17,1.0022,62,391.00,1.806498
1063,1000,0.55,450,2,17,0.9104,63,408.00,0.164909
1064,1000,0.55,450,2,17,0.9662,64,416.00,1.091650
1065,1000,0.55,450,2,17,0.9892,65,360.00,0.722691
1066,1000,0.55,450,2,17,0.9850,66,406.00,0.271917
1067,1000,0.55,450,2,17,0.9522,67,400.00,0.356215
1068,1000,0.55,450,2,17,0.9855,68,377.00,0.278406
1069,1000,0.55,450,2,17,1.0199,69,92.00,0.256480
1070,1000,0.55,450,2,17,1.0429,70,376.00,0.462838
1071,1000,0.55,450,2,17,1.0244,71,340.00,0.091151
1072,1000,0.55,450,2,17,1.0460,72,358.00,0.706056
1073,1000,0.55,450,2,17,0.9529,73,365.00,0.546337
1074,1000,0.55,450,2,17,0.9974,74,405.00,0.221197
1075,1000,0.55,450,2,17,1.0133,75,357.00,0.246141
1076,1000,0.55,450,2,17,1.0075,76,357.00,0.145692
1077,1000,0.55,450,2,17,1.0177,77,393.00,0.904160
1078,1000,0.55,450,2,17,0.9250,78,356.00,0.163448
1079,1000,0.55,450,2,17,0.9882,79,376.00,1.122383
1080,1000,0.55,450,2,17,1.0671,80,370.00,0.203299
1081,1000,0.55,450,2,17,1.0209,81,241.00,0.207300
1082,1000,0.55,450,2,17,1.0032,82,378.00,0.299495
1083,1000,0.55,450,2,17,0.9761,83,383.00,1.155804
1084,1000,0.55,450,2,17,1.0127,84,413.00,1.484885
1085,1000,0.55,450,2,17,0.9964,85,383.00,0.320693
1086,1000,0.55,450,2,17,0.9983,86,335.00,0.430670
1087,1000,0.55,450,2,17,1.0171,87,379.00,0.443548
1088,1000,0.55,450,2,17,0.9617,88,385.00,0.080689
1089,1000,0.55,450,2,17,1.0023,89,428.00,2.054583
1090,1000,0.55,450,2,17,1.0513,90,393.00,0.109732
1091,1000,0.55,450,2,17,0.9932,91,120.00,0.185895
1092,1000,0.55,450,2,17,1.0472,92,392.00,0.167454
1093,1000,0.55,450,2,17,1.0273,93,385.00,0.110174
1094,1000,0.55,450,2,17,0.9198,94,363.00,0.629739
1095,1000,0.55,450,2,17,1.0095,95,360.00,0.438916
1096,1000,0.55,450,2,17,0.9715,96,331.00,0.288078
1097,1000,0.55,450,2,17,1.0251,97,357.00,0.659726
1098,1000,0.55,450,2,17,1.0476,98,365.00,0.131676
1099,1000,0.55,450,2,17,1.0361,99,379.00,0.204954
1100,1000,0.60,399,2,17,0.9685,0,377.00,0.112773
1101,1000,0.60,399,2,17,0.9995,1,373.00,0.105379
1102,1000,0.60,399,2,17,1.0333,2,420.00,3.392390
1103,1000,0.60,399,2,17,0.9551,3,412.00,1.403692
1104,1000,0.60,399,2,17,0.9669,4,394.00,0.955272
1105,1000,0.60,399,2,17,1.0216,5,402.00,0.395196
1106,1000,0.60,399,2,17,1.0099,6,389.00,2.567257
1107,1000,0.60,399,2,17,0.9759,7,441.00,4.292719
1108,1000,0.60,399,2,17,0.9760,8,353.00,1.397306
1109,1000,0.60,399,2,17,0.9999,9,275.00,0.378283
1110,1000,0.60,399,2,17,1.0346,10,375.00,0.416734
1111,1000,0.60,399,2,17,1.0047,11,360.00,1.063571
1112,1000,0.60,399,2,17,0.9398,12,321.00,0.472068
1113,1000,0.60,399,2,17,0.9486,13,364.00,0.536209
1114,1000,0.60,399,2,17,0.9701,14,349.00,3.673282
1115,1000,0.60,399,2,17,0.9995,15,412.00,4.239997
1116,1000,0.60,399,2,17,1.0572,16,391.00,2.137188
1117,1000,0.60,399,2,17,0.9817,17,380.00,0.474777
1118,1000,0.60,399,2,17,0.9622,18,380.00,0.169905
1119,1000,0.60,399,2,17,0.9835,19,373.00,0.052282
1120,1000,0.60,399,2,17,0.9972,20,344.00,1.197579
1121,1000,0.60,399,2,17,1.0012,21,395.00,0.267459
1122,1000,0.60,399,2,17,1.0430,22,390.00,0.029556
1123,1000,0.60,399,2,17,0.9947,23,401.00,1.335301
1124,1000,0.60,399,2,17,0.9343,24,376.00,4.530888
1125,1000,0.60,399,2,17,0.9982,25,138.00,0.730967
1126,1000,0.60,399,2,17,1.0115,26,409.00,6.264178
1127,1000,0.60,399,2,17,1.0152,27,398.00,3.705237
1128,1000,0.60,399,2,17,0.9898,28,375.00,0.101076
1129,1000,0.60,399,2,17,1.0635,29,315.00,0.147498
1130,1000,0.60,399,2,17,0.9276,30,377.00,0.302185
1131,1000,0.60,399,2,17,0.9954,31,369.00,0.684337
1132,1000,0.60,399,2,17,1.0013,32,407.00,1.390617
1133,1000,0.60,399,2,17,0.9894,33,351.00,0.132783
1134,1000,0.60,399,2,17,1.0678,34,383.00,7.760623
1135,1000,0.60,399,2,17,0.9803,35,363.00,0.085990
1136,1000,0.60,399,2,17,0.9680,36,215.00,0.462165
1137,1000,0.60,399,2,17,0.9519,37,402.00,0.453955
1138,1000,0.60,399,2,17,0.9840,38,366.00,0.710879
1139,1000,0.60,399,2,17,1.0701,39,405.00,2.010733
1140,1000,0.60,399,2,17,0.9712,40,408.00,1.311264
1141,1000,0.60,399,2,17,1.0398,41,370.00,1.773502
1142,1000,0.60,399,2,17,0.9438,42,444.00,0.765174
1143,1000,0.60,399,2,17,1.0163,43,406.00,0.612322
1144,1000,0.60,399,2,17,0.9575,44,390.00,0.159029
1145,1000,0.60,399,2,17,0.9614,45,374.00,0.472571
1146,1000,0.60,399,2,17,0.9481,46,403.00,2.233306
1147,1000,0.60,399,2,17,0.9709,47,427.00,0.768470
1148,1000,0.60,399,2,17,0.9863,48,419.00,2.671826
1149,1000,0.60,399,2,17,1.1204,49,253.00,0.091125
1150,1000,0.60,399,2,17,1.0310,50,427.00,5.859479
1151,1000,0.60,399,2,17,1.0031,51,355.00,1.094074
1152,1000,0.60,399,2,17,1.0022,52,415.00,0.289174
1153,1000,0.60,399,2,17,0.9561,53,396.00,0.791277
1154,1000,0.60,399,2,17,1.0040,54,391.00,4.870930
1155,1000,0.60,399,2,17,0.9965,55,386.00,0.381225
1156,1000,0.60,399,2,17,0.9534,56,413.00,0.162559
1157,1000,0.60,399,2,17,1.0204,57,389.00,0.686362
1158,1000,0.60,399,2,17,0.9740,58,396.00,0.519472
1159,1000,0.60,399,2,17,1.0539,59,361.00,0.010711
1160,1000,0.60,399,2,17,0.9880,60,354.00,0.445429
1161,1000,0.60,399,2,17,1.0777,61,396.00,1.401543
1162,1000,0.60,399,2,17,0.9977,62,113.00,0.548567
1163,1000,0.60,399,2,17,0.9939,63,308.00,0.521047
1164,1000,0.60,399,2,17,1.0158,64,424.00,3.248084
1165,1000,0.60,399,2,17,0.9851,65,416.00,0.459229
1166,1000,0.60,399,2,17,0.9896,66,405.00,4.537822
1167,1000,0.60,399,2,17,0.9886,67,355.00,0.595535
1168,1000,0.60,399,2,17,0.9307,68,405.00,1.006730
1169,1000,0.60,399,2,17,0.9849,69,220.00,0.808592
1170,1000,0.60,399,2,17,1.0334,70,348.00,0.327959
1171,1000,0.60,399,2,17,1.0055,71,438.00,1.196060
1172,1000,0.60,399,2,17,0.9068,72,365.00,0.180605
1173,1000,0.60,399,2,17,1.0128,73,197.00,0.315368
1174,1000,0.60,399,2,17,1.0455,74,389.00,1.005384
1175,1000,0.60,399,2,17,1.0416,75,390.00,0.743031
1176,1000,0.60,399,2,17,0.9887,76,390.00,0.480163
1177,1000,0.60,399,2,17,0.9853,77,423.00,6.117729
1178,1000,0.60,399,2,17,1.0212,78,396.00,0.759899
1179,1000,0.60,399,2,17,0.9654,79,395.00,1.353982
1180,1000,0.60,399,2,17,0.9461,80,192.00,0.372887
1181,1000,0.60,399,2,17,1.0728,81,73.00,0.550357
1182,1000,0.60,399,2,17,1.0384,82,382.00,0.344932
1183,1000,0.60,399,2,17,0.9063,83,368.00,0.327522
1184,1000,0.60,399,2,17,0.9829,84,376.00,0.269478
1185,1000,0.60,399,2,17,0.9951,85,391.00,1.279708
1186,1000,0.60,399,2,17,0.9917,86,399.00,0.997463
1187,1000,0.60,399,2,17,1.0091,87,415.00,0.974031
1188,1000,0.60,399,2,17,1.0071,88,162.00,0.299954
1189,1000,0.60,399,2,17,0.9600,89,153.00,0.266816
1190,1000,0.60,399,2,17,0.9946,90,381.00,1.110528
1191,1000,0.60,399,2,17,0.9733,91,229.00,0.310082
1192,1000,0.60,399,2,17,0.9340,92,382.00,4.711160
1193,1000,0.60,399,2,17,1.0257,93,340.00,0.061885
1194,1000,0.60,399,2,17,0.9954,94,384.00,0.490176
1195,1000,0.60,399,2,17,0.9948,95,392.00,0.689419
1196,1000,0.60,399,2,17,0.9884,96,44.00,0.599909
1197,1000,0.60,399,2,17,1.0144,97,367.00,4.733023
1198,1000,0.60,399,2,17,1.0522,98,36.00,0.569277
1199,1000,0.60,399,2,17,0.9685,99,392.00,2.655797
1200,1000,0.65,350,2,17,0.9846,0,106.00,0.503691
1201,1000,0.65,350,2,17,0.9533,1,401.00,0.223925
1202,1000,0.65,350,2,17,0.9653,2,83.00,4.039315
1203,1000,0.65,350,2,17,0.9891,3,153.00,1.463437
1204,1000,0.65,350,2,17,1.0418,4,104.00,4.050941
1205,1000,0.65,350,2,17,0.9614,5,351.00,0.442364
1206,1000,0.65,350,2,17,1.0706,6,424.00,2.501290
1207,1000,0.65,350,2,17,1.0143,7,350.00,0.155839
1208,1000,0.65,350,2,17,0.9911,8,262.00,2.229347
1209,1000,0.65,350,2,17,0.9617,9,427.00,4.842428
1210,1000,0.65,350,2,17,0.9654,10,383.00,1.545019
1211,1000,0.65,350,2,17,1.0044,11,389.00,2.457429
1212,1000,0.65,350,2,17,1.0778,12,289.00,0.931315
1213,1000,0.65,350,2,17,0.9432,13,389.00,2.093717
1214,1000,0.65,350,2,17,0.9416,14,448.00,3.466901
1215,1000,0.65,350,2,17,1.0318,15,419.00,1.237979
1216,1000,0.65,350,2,17,1.0481,16,33.00,0.015959
1217,1000,0.65,350,2,17,1.0422,17,385.00,1.838731
1218,1000,0.65,350,2,17,0.9761,18,437.00,6.050460
1219,1000,0.65,350,2,17,1.0243,19,404.00,0.591431
1220,1000,0.65,350,2,17,1.0441,20,55.00,2.797716
1221,1000,0.65,350,2,17,0.9647,21,406.00,1.576588
1222,1000,0.65,350,2,17,1.0262,22,419.00,2.982428
1223,1000,0.65,350,2,17,1.0077,23,168.00,2.709201
1224,1000,0.65,350,2,17,1.0472,24,304.00,1.020273
1225,1000,0.65,350,2,17,1.0492,25,378.00,1.323267
1226,1000,0.65,350,2,17,0.9638,26,348.00,1.574534
1227,1000,0.65,350,2,17,0.9927,27,84.00,4.336167
1228,1000,0.65,350,2,17,0.9589,28,156.00,0.226242
1229,1000,0.65,350,2,17,0.9963,29,397.00,2.428159
1230,1000,0.65,350,2,17,1.0858,30,150.00,4.178382
1231,1000,0.65,350,2,17,1.0152,31,430.00,4.499824
1232,1000,0.65,350,2,17,0.9992,32,384.00,3.761176
1233,1000,0.65,350,2,17,0.9320,33,426.00,2.336634
1234,1000,0.65,350,2,17,1.0068,34,271.00,4.270601
1235,1000,0.65,350,2,17,0.9753,35,432.00,4.086154
1236,1000,0.65,350,2,17,0.9573,36,381.00,1.182773
1237,1000,0.65,350,2,17,0.9998,37,387.00,4.625256
1238,1000,0.65,350,2,17,0.9897,38,418.00,1.049173
1239,1000,0.65,350,2,17,0.9882,39,38.00,0.498458
1240,1000,0.65,350,2,17,1.0216,40,48.00,1.418402
1241,1000,0.65,350,2,17,1.0480,41,176.00,0.266782
1242,1000,0.65,350,2,17,0.9697,42,444.00,3.221442
1243,1000,0.65,350,2,17,0.9839,43,362.00,0.665899
1244,1000,0.65,350,2,17,0.9907,44,130.00,4.926634
1245,1000,0.65,350,2,17,0.9478,45,386.00,0.832888
1246,1000,0.65,350,2,17,1.0915,46,295.00,3.584139
1247,1000,0.65,350,2,17,0.9803,47,346.00,0.502655
1248,1000,0.65,350,2,17,0.9879,48,383.00,3.400028
1249,1000,0.65,350,2,17,0.9668,49,391.00,4.565244
1250,1000,0.65,350,2,17,0.9424,50,178.00,2.078765
1251,1000,0.65,350,2,17,0.9297,51,409.00,2.808589
1252,1000,0.65,350,2,17,1.0326,52,392.00,0.293055
1253,1000,0.65,350,2,17,1.0250,53,405.00,4.913279
1254,1000,0.65,350,2,17,0.9860,54,441.00,2.040733
1255,1000,0.65,350,2,17,1.0103,55,444.00,2.314146
1256,1000,0.65,350,2,17,0.9434,56,252.00,2.609607
1257,1000,0.65,350,2,17,1.0416,57,438.00,5.627676
1258,1000,0.65,350,2,17,1.0090,58,39.00,0.185159
1259,1000,0.65,350,2,17,0.9578,59,136.00,0.664358
1260,1000,0.65,350,2,17,0.9998,60,384.00,1.884831
1261,1000,0.65,350,2,17,1.0023,61,92.00,0.989910
1262,1000,0.65,350,2,17,0.9961,62,397.00,3.080157
1263,1000,0.65,350,2,17,0.9625,63,447.00,2.633232
1264,1000,0.65,350,2,17,1.0060,64,397.00,1.133482
1265,1000,0.65,350,2,17,0.9684,65,304.00,4.853663
1266,1000,0.65,350,2,17,0.9724,66,281.00,0.669706
1267,1000,0.65,350,2,17,1.0371,67,214.00,1.789167
1268,1000,0.65,350,2,17,0.9201,68,232.00,0.113244
1269,1000,0.65,350,2,17,0.9750,69,407.00,2.797043
1270,1000,0.65,350,2,17,0.9693,70,125.00,0.424941
1271,1000,0.65,350,2,17,0.9927,71,395.00,4.993890
1272,1000,0.65,350,2,17,0.9853,72,419.00,3.623914
1273,1000,0.65,350,2,17,0.9730,73,381.00,0.373213
1274,1000,0.65,350,2,17,0.9652,74,140.00,2.690676
1275,1000,0.65,350,2,17,1.0277,75,437.00,1.004717
1276,1000,0.65,350,2,17,0.9300,76,407.00,3.029169
1277,1000,0.65,350,2,17,0.9845,77,407.00,1.928494
1278,1000,0.65,350,2,17,0.9663,78,394.00,0.915740
1279,1000,0.65,350,2,17,0.9918,79,422.00,3.332564
1280,1000,0.65,350,2,17,1.0090,80,422.00,3.578745
1281,1000,0.65,350,2,17,0.9550,81,257.00,0.210333
1282,1000,0.65,350,2,17,0.9405,82,370.00,1.788604
1283,1000,0.65,350,2,17,0.9907,83,385.00,0.987579
1284,1000,0.65,350,2,17,1.0157,84,166.00,0.627344
1285,1000,0.65,350,2,17,1.0331,85,197.00,3.001091
1286,1000,0.65,350,2,17,1.0237,86,218.00,5.174954
1287,1000,0.65,350,2,17,1.0317,87,365.00,0.089675
1288,1000,0.65,350,2,17,0.9817,88,49.00,1.501466
1289,1000,0.65,350,2,17,1.0425,89,65.00,1.850839
1290,1000,0.65,350,2,17,0.9931,90,261.00,0.320124
1291,1000,0.65,350,2,17,1.0262,91,355.00,1.413720
1292,1000,0.65,350,2,17,0.9394,92,397.00,2.134550
1293,1000,0.65,350,2,17,0.9352,93,429.00,3.204602
1294,1000,0.65,350,2,17,0.9596,94,422.00,1.837942
1295,1000,0.65,350,2,17,0.9717,95,158.00,2.193997
1296,1000,0.65,350,2,17,1.0020,96,362.00,7.492884
1297,1000,0.65,350,2,17,0.9770,97,404.00,3.267933
1298,1000,0.65,350,2,17,0.9973,98,463.00,0.985082
1299,1000,0.65,350,2,17,0.9610,99,202.00,2.611380
1300,1000,0.70,300,2,17,0.9561,0,132.00,2.109747
1301,1000,0.70,300,2,17,0.9676,1,65.00,2.771878
1302,1000,0.70,300,2,17,0.9203,2,95.00,4.231870
1303,1000,0.70,300,2,17,1.0348,3,282.00,2.694048
1304,1000,0.70,300,2,17,0.9889,4,84.00,3.933373
1305,1000,0.70,300,2,17,0.9683,5,58.00,2.894918
1306,1000,0.70,300,2,17,0.9297,6,56.00,3.883997
1307,1000,0.70,300,2,17,1.0520,7,80.00,3.640840
1308,1000,0.70,300,2,17,0.9876,8,61.00,5.382607
1309,1000,0.70,300,2,17,1.0336,9,207.00,5.121496
1310,1000,0.70,300,2,17,1.0969,10,60.00,6.009613
1311,1000,0.70,300,2,17,1.0194,11,63.00,2.916487
1312,1000,0.70,300,2,17,1.0374,12,80.00,3.623025
1313,1000,0.70,300,2,17,0.9705,13,169.00,4.738059
1314,1000,0.70,300,2,17,1.0357,14,84.00,2.753904
1315,1000,0.70,300,2,17,0.9343,15,62.00,4.754348
1316,1000,0.70,300,2,17,1.0280,16,77.00,5.704676
1317,1000,0.70,300,2,17,1.0365,17,108.00,3.140676
1318,1000,0.70,300,2,17,1.0120,18,322.00,3.762628
1319,1000,0.70,300,2,17,1.0047,19,60.00,4.826416
1320,1000,0.70,300,2,17,1.0554,20,81.00,6.330925
1321,1000,0.70,300,2,17,1.0256,21,62.00,4.840428
1322,1000,0.70,300,2,17,1.0465,22,80.00,3.849066
1323,1000,0.70,300,2,17,0.9814,23,103.00,3.906833
1324,1000,0.70,300,2,17,0.9803,24,196.00,5.727783
1325,1000,0.70,300,2,17,1.0098,25,65.00,0.781565
1326,1000,0.70,300,2,17,1.0142,26,75.00,4.131015
1327,1000,0.70,300,2,17,0.9767,27,362.00,4.154446
1328,1000,0.70,300,2,17,1.0399,28,58.00,3.064018
1329,1000,0.70,300,2,17,1.0122,29,171.00,7.328632
1330,1000,0.70,300,2,17,0.9423,30,254.00,3.296179
1331,1000,0.70,300,2,17,1.0164,31,87.00,4.723680
1332,1000,0.70,300,2,17,1.0190,32,217.00,5.081872
1333,1000,0.70,300,2,17,1.0387,33,58.00,1.006585
1334,1000,0.70,300,2,17,0.9779,34,56.00,4.262719
1335,1000,0.70,300,2,17,0.9792,35,83.00,4.771521
1336,1000,0.70,300,2,17,0.9637,36,62.00,4.868266
1337,1000,0.70,300,2,17,0.9438,37,65.00,4.519196
1338,1000,0.70,300,2,17,1.0584,38,104.00,3.718574
1339,1000,0.70,300,2,17,0.8676,39,194.00,2.640659
1340,1000,0.70,300,2,17,0.9444,40,183.00,1.250969
1341,1000,0.70,300,2,17,0.9777,41,120.00,4.995949
1342,1000,0.70,300,2,17,1.0408,42,60.00,3.361845
1343,1000,0.70,300,2,17,0.9093,43,69.00,4.313131
1344,1000,0.70,300,2,17,0.9566,44,187.00,6.984174
1345,1000,0.70,300,2,17,1.0478,45,62.00,3.377410
1346,1000,0.70,300,2,17,1.0340,46,40.00,0.862789
1347,1000,0.70,300,2,17,1.0175,47,397.00,6.408243
1348,1000,0.70,300,2,17,1.0196,48,61.00,4.098544
1349,1000,0.70,300,2,17,0.9864,49,85.00,2.762939
1350,1000,0.70,300,2,17,0.9928,50,147.00,6.600296
1351,1000,0.70,300,2,17,0.9859,51,109.00,4.945817
1352,1000,0.70,300,2,17,0.9525,52,59.00,4.237816
1353,1000,0.70,300,2,17,1.0541,53,134.00,3.022369
1354,1000,0.70,300,2,17,1.0007,54,216.00,4.690886
1355,1000,0.70,300,2,17,0.9368,55,62.00,2.683528
1356,1000,0.70,300,2,17,0.9579,56,63.00,5.516939
1357,1000,0.70,300,2,17,0.9896,57,74.00,6.075748
1358,1000,0.70,300,2,17,0.9319,58,61.00,4.194029
1359,1000,0.70,300,2,17,0.9983,59,67.00,4.158125
1360,1000,0.70,300,2,17,1.0502,60,160.00,2.441261
1361,1000,0.70,300,2,17,1.0011,61,67.00,2.241729
1362,1000,0.70,300,2,17,1.0742,62,206.00,5.182682
1363,1000,0.70,300,2,17,0.9942,63,82.00,3.163652
1364,1000,0.70,300,2,17,1.0065,64,82.00,3.160312
1365,1000,0.70,300,2,17,0.9435,65,92.00,3.737782
1366,1000,0.70,300,2,17,0.9616,66,97.00,2.982285
1367,1000,0.70,300,2,17,1.0443,67,79.00,3.200875
1368,1000,0.70,300,2,17,0.9469,68,63.00,1.549792
1369,1000,0.70,300,2,17,0.9642,69,196.00,4.277010
1370,1000,0.70,300,2,17,0.9925,70,77.00,4.015104
1371,1000,0.70,300,2,17,0.9679,71,108.00,2.815325
1372,1000,0.70,300,2,17,1.0871,72,69.00,7.120869
1373,1000,0.70,300,2,17,1.0674,73,96.00,1.833387
1374,1000,0.70,300,2,17,0.9598,74,61.00,4.995963
1375,1000,0.70,300,2,17,0.9625,75,151.00,4.607856
1376,1000,0.70,300,2,17,0.9094,76,115.00,3.616684
1377,1000,0.70,300,2,17,0.9762,77,42.00,1.161259
1378,1000,0.70,300,2,17,0.9711,78,64.00,4.829849
1379,1000,0.70,300,2,17,0.9239,79,139.00,1.574960
1380,1000,0.70,300,2,17,1.0029,80,81.00,4.089717
1381,1000,0.70,300,2,17,0.9609,81,76.00,1.824734
1382,1000,0.70,300,2,17,0.9766,82,61.00,3.591701
1383,1000,0.70,300,2,17,0.9986,83,36.00,0.274640
1384,1000,0.70,300,2,17,1.0292,84,64.00,1.569298
1385,1000,0.70,300,2,17,1.0025,85,209.00,3.462765
1386,1000,0.70,300,2,17,1.1016,86,57.00,5.374146
1387,1000,0.70,300,2,17,1.0446,87,152.00,5.281577
1388,1000,0.70,300,2,17,0.9910,88,127.00,3.642083
1389,1000,0.70,300,2,17,1.0468,89,102.00,2.341652
1390,1000,0.70,300,2,17,1.0139,90,202.00,3.239019
1391,1000,0.70,300,2,17,0.9388,91,137.00,0.526858
1392,1000,0.70,300,2,17,0.9726,92,82.00,5.202093
1393,1000,0.70,300,2,17,0.9152,93,88.00,4.063765
1394,1000,0.70,300,2,17,0.9896,94,111.00,4.039918
1395,1000,0.70,300,2,17,1.0061,95,63.00,4.415748
1396,1000,0.70,300,2,17,1.0025,96,119.00,3.601096
1397,1000,0.70,300,2,17,0.9885,97,95.00,5.093766
1398,1000,0.70,300,2,17,0.9925,98,75.00,2.932694
1399,1000,0.70,300,2,17,0.9471,99,86.00,4.358494
1400,1000,0.75,250,2,17,1.0277,0,57.00,3.907637
1401,1000,0.75,250,2,17,0.9837,1,104.00,5.147687
1402,1000,0.75,250,2,17,0.9287,2,79.00,5.373554
1403,1000,0.75,250,2,17,0.9357,3,151.00,1.429501
1404,1000,0.75,250,2,17,0.9306,4,70.00,2.472768
1405,1000,0.75,250,2,17,1.0546,5,57.00,7.706901
1406,1000,0.75,250,2,17,0.9896,6,144.00,2.644887
1407,1000,0.75,250,2,17,1.0545,7,71.00,1.646567
1408,1000,0.75,250,2,17,0.9467,8,61.00,5.147858
1409,1000,0.75,250,2,17,1.0245,9,64.00,5.839280
1410,1000,0.75,250,2,17,1.0384,10,57.00,7.833735
1411,1000,0.75,250,2,17,1.0682,11,64.00,3.272636
1412,1000,0.75,250,2,17,1.0081,12,60.00,3.308300
1413,1000,0.75,250,2,17,1.0184,13,76.00,3.219185
1414,1000,0.75,250,2,17,1.0458,14,108.00,5.734587
1415,1000,0.75,250,2,17,0.9519,15,113.00,2.467114
1416,1000,0.75,250,2,17,1.0343,16,58.00,4.252333
1417,1000,0.75,250,2,17,0.9404,17,116.00,5.277267
1418,1000,0.75,250,2,17,0.9448,18,70.00,2.684678
1419,1000,0.75,250,2,17,1.0392,19,63.00,6.827523
1420,1000,0.75,250,2,17,0.9980,20,78.00,2.570258
1421,1000,0.75,250,2,17,0.9613,21,199.00,6.572581
1422,1000,0.75,250,2,17,1.0382,22,65.00,6.702192
1423,1000,0.75,250,2,17,1.0029,23,67.00,4.954288
1424,1000,0.75,250,2,17,0.9486,24,56.00,5.199450
1425,1000,0.75,250,2,17,0.9316,25,88.00,4.081720
1426,1000,0.75,250,2,17,1.0097,26,101.00,5.907403
1427,1000,0.75,250,2,17,0.9791,27,71.00,3.947340
1428,1000,0.75,250,2,17,1.0381,28,168.00,1.699315
1429,1000,0.75,250,2,17,1.0362,29,114.00,3.609209
1430,1000,0.75,250,2,17,1.0187,30,58.00,5.794976
1431,1000,0.75,250,2,17,0.9119,31,61.00,6.169390
1432,1000,0.75,250,2,17,1.0347,32,68.00,4.835495
1433,1000,0.75,250,2,17,0.9742,33,59.00,2.961551
1434,1000,0.75,250,2,17,0.8572,34,96.00,5.695043
1435,1000,0.75,250,2,17,0.9442,35,63.00,6.028872
1436,1000,0.75,250,2,17,0.9670,36,43.00,1.754222
1437,1000,0.75,250,2,17,0.9950,37,60.00,5.397940
1438,1000,0.75,250,2,17,0.9380,38,66.00,1.912993
1439,1000,0.75,250,2,17,0.9758,39,60.00,2.981256
1440,1000,0.75,250,2,17,0.9443,40,56.00,3.802044
1441,1000,0.75,250,2,17,1.0776,41,77.00,3.599038
1442,1000,0.75,250,2,17,0.9426,42,80.00,4.472120
1443,1000,0.75,250,2,17,0.9833,43,64.00,2.664692
1444,1000,0.75,250,2,17,1.0459,44,51.00,2.385524
1445,1000,0.75,250,2,17,0.9941,45,135.00,6.506921
1446,1000,0.75,250,2,17,0.9729,46,83.00,4.679522
1447,1000,0.75,250,2,17,0.9561,47,84.00,2.941472
1448,1000,0.75,250,2,17,0.9653,48,67.00,1.520630
1449,1000,0.75,250,2,17,0.9694,49,75.00,1.214901
1450,1000,0.75,250,2,17,1.0228,50,57.00,8.414814
1451,1000,0.75,250,2,17,0.9583,51,63.00,1.560838
1452,1000,0.75,250,2,17,0.9458,52,65.00,3.112546
1453,1000,0.75,250,2,17,1.0407,53,56.00,7.771949
1454,1000,0.75,250,2,17,0.9798,54,68.00,2.360944
1455,1000,0.75,250,2,17,1.0041,55,119.00,5.825520
1456,1000,0.75,250,2,17,0.9396,56,65.00,3.401152
1457,1000,0.75,250,2,17,1.0034,57,63.00,5.451376
1458,1000,0.75,250,2,17,0.9423,58,77.00,7.628803
1459,1000,0.75,250,2,17,0.9468,59,104.00,7.993839
1460,1000,0.75,250,2,17,0.9397,60,111.00,2.245105
1461,1000,0.75,250,2,17,0.9676,61,81.00,2.863174
1462,1000,0.75,250,2,17,0.9476,62,113.00,3.637368
1463,1000,0.75,250,2,17,1.0316,63,43.00,1.705086
1464,1000,0.75,250,2,17,1.0002,64,88.00,6.360216
1465,1000,0.75,250,2,17,0.9084,65,58.00,5.063365
1466,1000,0.75,250,2,17,1.0479,66,66.00,3.297180
1467,1000,0.75,250,2,17,0.9426,67,65.00,5.369469
1468,1000,0.75,250,2,17,0.9549,68,74.00,3.063337
1469,1000,0.75,250,2,17,0.9531,69,96.00,5.540668
1470,1000,0.75,250,2,17,1.0572,70,99.00,1.436394
1471,1000,0.75,250,2,17,0.9767,71,117.00,4.071081
1472,1000,0.75,250,2,17,1.0128,72,88.00,5.640732
1473,1000,0.75,250,2,17,0.9652,73,67.00,3.716085
1474,1000,0.75,250,2,17,0.9541,74,66.00,1.907427
1475,1000,0.75,250,2,17,0.9946,75,69.00,5.269820
1476,1000,0.75,250,2,17,1.0716,76,103.00,2.275138
1477,1000,0.75,250,2,17,1.0392,77,55.00,9.205878
1478,1000,0.75,250,2,17,0.9418,78,113.00,3.109254
1479,1000,0.75,250,2,17,0.9654,79,86.00,3.613542
1480,1000,0.75,250,2,17,1.0382,80,63.00,2.780914
1481,1000,0.75,250,2,17,1.0111,81,112.00,3.459056
1482,1000,0.75,250,2,17,0.9950,82,60.00,4.070172
1483,1000,0.75,250,2,17,0.9079,83,73.00,4.886063
1484,1000,0.75,250,2,17,1.0514,84,63.00,2.976388
1485,1000,0.75,250,2,17,0.9786,85,87.00,5.880447
1486,1000,0.75,250,2,17,0.9844,86,57.00,6.514963
1487,1000,0.75,250,2,17,0.9851,87,127.00,1.710649
1488,1000,0.75,250,2,17,0.9782,88,147.00,6.685978
1489,1000,0.75,250,2,17,0.9409,89,55.00,0.610282
1490,1000,0.75,250,2,17,0.9998,90,98.00,5.024410
1491,1000,0.75,250,2,17,0.9937,91,63.00,4.794478
1492,1000,0.75,250,2,17,1.0137,92,72.00,6.544798
1493,1000,0.75,250,2,17,0.9755,93,67.00,2.927546
1494,1000,0.75,250,2,17,1.0214,94,60.00,7.527001
1495,1000,0.75,250,2,17,1.1536,95,97.00,3.351570
1496,1000,0.75,250,2,17,1.0139,96,107.00,7.181011
1497,1000,0.75,250,2,17,1.0099,97,86.00,5.828480
1498,1000,0.75,250,2,17,0.9993,98,103.00,5.914927
1499,1000,0.75,250,2,17,0.9192,99,57.00,6.430779
1500,1000,0.80,199,2,17,0.9434,0,68.00,4.500681
1501,1000,0.80,199,2,17,0.9622,1,71.00,2.381976
1502,1000,0.80,199,2,17,0.9690,2,99.00,3.587328
1503,1000,0.80,199,2,17,0.9780,3,85.00,7.021185
1504,1000,0.80,199,2,17,0.9862,4,45.00,1.192780
1505,1000,0.80,199,2,17,0.9587,5,69.00,2.757613
1506,1000,0.80,199,2,17,1.0889,6,61.00,6.075373
1507,1000,0.80,199,2,17,1.0779,7,71.00,1.780017
1508,1000,0.80,199,2,17,0.9792,8,70.00,2.419402
1509,1000,0.80,199,2,17,0.9444,9,66.00,4.030647
1510,1000,0.80,199,2,17,0.9802,10,67.00,8.516046
1511,1000,0.80,199,2,17,0.9886,11,112.00,4.363279
1512,1000,0.80,199,2,17,0.9234,12,72.00,4.347232
1513,1000,0.80,199,2,17,1.0166,13,63.00,8.719434
1514,1000,0.80,199,2,17,1.0264,14,103.00,2.665331
1515,1000,0.80,199,2,17,1.0023,15,84.00,8.296243
1516,1000,0.80,199,2,17,0.9984,16,66.00,3.297761
1517,1000,0.80,199,2,17,0.9751,17,70.00,2.619056
1518,1000,0.80,199,2,17,0.9127,18,123.00,9.347306
1519,1000,0.80,199,2,17,1.1064,19,67.00,4.661908
1520,1000,0.80,199,2,17,0.9995,20,76.00,6.366627
1521,1000,0.80,199,2,17,0.9602,21,84.00,1.938225
1522,1000,0.80,199,2,17,1.0253,22,71.00,5.762887
1523,1000,0.80,199,2,17,1.0247,23,69.00,3.396513
1524,1000,0.80,199,2,17,1.0077,24,73.00,2.026050
1525,1000,0.80,199,2,17,0.9730,25,92.00,2.702918
1526,1000,0.80,199,2,17,1.0190,26,125.00,4.856979
1527,1000,0.80,199,2,17,1.0197,27,105.00,2.168410
1528,1000,0.80,199,2,17,0.9694,28,84.00,8.153926
1529,1000,0.80,199,2,17,0.9663,29,69.00,1.958033
1530,1000,0.80,199,2,17,0.9162,30,73.00,2.694043
1531,1000,0.80,199,2,17,1.0364,31,77.00,7.643126
1532,1000,0.80,199,2,17,1.0016,32,84.00,3.463677
1533,1000,0.80,199,2,17,1.0015,33,65.00,2.800522
1534,1000,0.80,199,2,17,1.0223,34,64.00,4.742691
1535,1000,0.80,199,2,17,1.0105,35,68.00,4.325391
1536,1000,0.80,199,2,17,1.0566,36,85.00,4.209855
1537,1000,0.80,199,2,17,1.0459,37,84.00,5.873996
1538,1000,0.80,199,2,17,0.9475,38,103.00,5.707531
1539,1000,0.80,199,2,17,1.0476,39,59.00,5.104966
1540,1000,0.80,199,2,17,1.0015,40,92.00,4.571632
1541,1000,0.80,199,2,17,0.8954,41,59.00,7.257233
1542,1000,0.80,199,2,17,1.0742,42,109.00,8.709785
1543,1000,0.80,199,2,17,1.0299,43,86.00,3.529573
1544,1000,0.80,199,2,17,1.0302,44,65.00,3.237104
1545,1000,0.80,199,2,17,0.9616,45,83.00,3.634069
1546,1000,0.80,199,2,17,0.9799,46,68.00,4.176672
1547,1000,0.80,199,2,17,1.0101,47,61.00,5.586138
1548,1000,0.80,199,2,17,1.0013,48,68.00,2.777303
1549,1000,0.80,199,2,17,0.9938,49,67.00,2.435062
1550,1000,0.80,199,2,17,1.0698,50,85.00,2.478224
1551,1000,0.80,199,2,17,1.0172,51,78.00,7.483972
1552,1000,0.80,199,2,17,0.9569,52,70.00,2.649908
1553,1000,0.80,199,2,17,1.0058,53,63.00,3.122034
1554,1000,0.80,199,2,17,0.9242,54,110.00,3.790882
1555,1000,0.80,199,2,17,0.9874,55,64.00,4.318208
1556,1000,0.80,199,2,17,0.9058,56,88.00,6.792864
1557,1000,0.80,199,2,17,1.0570,57,61.00,6.096452
1558,1000,0.80,199,2,17,0.9506,58,69.00,1.924091
1559,1000,0.80,199,2,17,1.0015,59,68.00,2.894255
1560,1000,0.80,199,2,17,0.9583,60,68.00,3.377913
1561,1000,0.80,199,2,17,0.9850,61,58.00,7.221525
1562,1000,0.80,199,2,17,1.0018,62,68.00,4.123762
1563,1000,0.80,199,2,17,0.9559,63,84.00,8.725069
1564,1000,0.80,199,2,17,0.9905,64,59.00,5.522816
1565,1000,0.80,199,2,17,0.9621,65,60.00,8.292517
1566,1000,0.80,199,2,17,1.0170,66,102.00,1.607897
1567,1000,0.80,199,2,17,1.0394,67,69.00,6.679622
1568,1000,0.80,199,2,17,1.0210,68,95.00,6.503563
1569,1000,0.80,199,2,17,1.0078,69,69.00,4.488013
1570,1000,0.80,199,2,17,0.9807,70,71.00,3.142265
1571,1000,0.80,199,2,17,1.0405,71,67.00,3.602185
1572,1000,0.80,199,2,17,1.0550,72,56.00,11.487639
1573,1000,0.80,199,2,17,0.9661,73,66.00,4.016146
1574,1000,0.80,199,2,17,0.9291,74,68.00,3.082110
1575,1000,0.80,199,2,17,0.8626,75,81.00,5.404551
1576,1000,0.80,199,2,17,0.9558,76,69.00,2.237797
1577,1000,0.80,199,2,17,1.1415,77,66.00,4.275335
1578,1000,0.80,199,2,17,1.0432,78,100.00,3.479365
1579,1000,0.80,199,2,17,0.9452,79,65.00,5.377725
1580,1000,0.80,199,2,17,1.0291,80,55.00,8.034747
1581,1000,0.80,199,2,17,0.9443,81,83.00,2.595606
1582,1000,0.80,199,2,17,1.0296,82,81.00,3.234947
1583,1000,0.80,199,2,17,0.9824,83,54.00,6.915392
1584,1000,0.80,199,2,17,0.9552,84,87.00,3.824029
1585,1000,0.80,199,2,17,0.9512,85,66.00,1.845360
1586,1000,0.80,199,2,17,0.9995,86,61.00,3.848871
1587,1000,0.80,199,2,17,1.0010,87,61.00,4.661993
1588,1000,0.80,199,2,17,1.0010,88,84.00,7.319883
1589,1000,0.80,199,2,17,1.0068,89,67.00,3.350601
1590,1000,0.80,199,2,17,1.0040,90,89.00,6.485982
1591,1000,0.80,199,2,17,1.0648,91,54.00,4.390157
1592,1000,0.80,199,2,17,1.0583,92,70.00,2.818479
1593,1000,0.80,199,2,17,1.0214,93,64.00,4.740857
1594,1000,0.80,199,2,17,0.9946,94,66.00,3.225805
1595,1000,0.80,199,2,17,1.0465,95,63.00,4.326156
1596,1000,0.80,199,2,17,0.9815,96,63.00,4.773336
1597,1000,0.80,199,2,17,1.0127,97,73.00,1.506845
1598,1000,0.80,199,2,17,1.0295,98,66.00,1.858482
1599,1000,0.80,199,2,17,1.0479,99,58.00,9.305043
1600,1000,0.85,149,2,17,0.9579,0,62.00,4.206663
1601,1000,0.85,149,2,17,0.9197,1,50.00,9.133964
1602,1000,0.85,149,2,17,1.0445,2,70.00,2.746806
1603,1000,0.85,149,2,17,1.0970,3,70.00,2.367423
1604,1000,0.85,149,2,17,0.9151,4,84.00,3.338440
1605,1000,0.85,149,2,17,0.9875,5,76.00,2.354569
1606,1000,0.85,149,2,17,0.9118,6,75.00,7.813193
1607,1000,0.85,149,2,17,0.8950,7,51.00,9.914079
1608,1000,0.85,149,2,17,0.8561,8,50.00,8.146499
1609,1000,0.85,149,2,17,1.0044,9,83.00,6.423442
1610,1000,0.85,149,2,17,0.9912,10,74.00,4.044136
1611,1000,0.85,149,2,17,0.9438,11,72.00,3.490319
1612,1000,0.85,149,2,17,0.9798,12,50.00,4.843449
1613,1000,0.85,149,2,17,1.0728,13,69.00,7.416671
1614,1000,0.85,149,2,17,0.9443,14,57.00,8.123409
1615,1000,0.85,149,2,17,0.9119,15,87.00,4.627921
1616,1000,0.85,149,2,17,1.0513,16,62.00,6.259577
1617,1000,0.85,149,2,17,0.9875,17,71.00,2.857726
1618,1000,0.85,149,2,17,0.9358,18,71.00,2.909753
1619,1000,0.85,149,2,17,0.9235,19,74.00,2.285472
1620,1000,0.85,149,2,17,0.9992,20,69.00,2.967737
1621,1000,0.85,149,2,17,0.9833,21,76.00,1.483160
1622,1000,0.85,149,2,17,0.9272,22,62.00,5.752225
1623,1000,0.85,149,2,17,1.0003,23,77.00,6.134470
1624,1000,0.85,149,2,17,1.0228,24,71.00,2.739464
1625,1000,0.85,149,2,17,1.0187,25,56.00,9.509857
1626,1000,0.85,149,2,17,0.9202,26,51.00,3.710734
1627,1000,0.85,149,2,17,1.0712,27,71.00,3.445416
1628,1000,0.85,149,2,17,0.9737,28,54.00,10.878114
1629,1000,0.85,149,2,17,1.0241,29,68.00,3.880644
1630,1000,0.85,149,2,17,0.8151,30,44.00,11.002102
1631,1000,0.85,149,2,17,0.9263,31,43.00,14.594749
1632,1000,0.85,149,2,17,0.8792,32,44.00,11.071218
1633,1000,0.85,149,2,17,1.0267,33,79.00,4.736330
1634,1000,0.85,149,2,17,0.9695,34,57.00,5.261862
1635,1000,0.85,149,2,17,0.9732,35,84.00,2.615287
1636,1000,0.85,149,2,17,0.9629,36,71.00,3.574190
1637,1000,0.85,149,2,17,1.0378,37,81.00,3.020075
1638,1000,0.85,149,2,17,1.0037,38,60.00,7.546267
1639,1000,0.85,149,2,17,0.9709,39,76.00,4.759262
1640,1000,0.85,149,2,17,1.0802,40,71.00,3.280042
1641,1000,0.85,149,2,17,0.9527,41,48.00,11.226789
1642,1000,0.85,149,2,17,0.9321,42,53.00,6.104194
1643,1000,0.85,149,2,17,0.9832,43,127.00,3.993631
1644,1000,0.85,149,2,17,0.9545,44,74.00,2.434520
1645,1000,0.85,149,2,17,1.0011,45,47.00,11.104753
1646,1000,0.85,149,2,17,1.0517,46,67.00,7.544604
1647,1000,0.85,149,2,17,1.0513,47,71.00,2.241617
1648,1000,0.85,149,2,17,0.8917,48,72.00,2.235005
1649,1000,0.85,149,2,17,1.0067,49,102.00,3.060838
1650,1000,0.85,149,2,17,0.9802,50,72.00,2.248689
1651,1000,0.85,149,2,17,1.0014,51,82.00,4.767617
1652,1000,0.85,149,2,17,1.0279,52,90.00,2.050064
1653,1000,0.85,149,2,17,1.1066,53,70.00,3.211118
1654,1000,0.85,149,2,17,1.0048,54,73.00,3.205138
1655,1000,0.85,149,2,17,1.0250,55,56.00,7.957163
1656,1000,0.85,149,2,17,1.0384,56,90.00,3.779150
1657,1000,0.85,149,2,17,0.9814,57,96.00,5.321548
1658,1000,0.85,149,2,17,1.0675,58,67.00,4.508343
1659,1000,0.85,149,2,17,0.8904,59,63.00,4.248166
1660,1000,0.85,149,2,17,1.0611,60,75.00,3.032543
1661,1000,0.85,149,2,17,0.9227,61,69.00,4.572476
1662,1000,0.85,149,2,17,1.0840,62,64.00,6.766179
1663,1000,0.85,149,2,17,0.9386,63,51.00,10.050618
1664,1000,0.85,149,2,17,0.8543,64,85.00,1.404675
1665,1000,0.85,149,2,17,0.9620,65,67.00,5.443345
1666,1000,0.85,149,2,17,0.9844,66,68.00,1.775687
1667,1000,0.85,149,2,17,1.0574,67,57.00,9.174361
1668,1000,0.85,149,2,17,1.0371,68,72.00,4.077799
1669,1000,0.85,149,2,17,1.0366,69,58.00,7.417376
1670,1000,0.85,149,2,17,1.1306,70,127.00,8.404421
1671,1000,0.85,149,2,17,1.0153,71,77.00,3.276516
1672,1000,0.85,149,2,17,0.9696,72,72.00,3.354469
1673,1000,0.85,149,2,17,0.9109,73,69.00,1.652838
1674,1000,0.85,149,2,17,1.0360,74,51.00,8.908113
1675,1000,0.85,149,2,17,1.0450,75,66.00,3.124977
1676,1000,0.85,149,2,17,1.0474,76,70.00,4.787481
1677,1000,0.85,149,2,17,0.9054,77,68.00,4.494122
1678,1000,0.85,149,2,17,1.0193,78,75.00,3.369954
1679,1000,0.85,149,2,17,0.9463,79,74.00,2.932902
1680,1000,0.85,149,2,17,1.0186,80,79.00,3.103191
1681,1000,0.85,149,2,17,1.0123,81,75.00,1.895104
1682,1000,0.85,149,2,17,1.0160,82,69.00,5.065274
1683,1000,0.85,149,2,17,1.0193,83,61.00,4.610038
1684,1000,0.85,149,2,17,0.9276,84,70.00,4.920038
1685,1000,0.85,149,2,17,1.0425,85,71.00,2.218594
1686,1000,0.85,149,2,17,1.0493,86,73.00,4.013005
1687,1000,0.85,149,2,17,0.9898,87,75.00,6.330808
1688,1000,0.85,149,2,17,0.9388,88,72.00,2.243772
1689,1000,0.85,149,2,17,0.9930,89,57.00,7.488537
1690,1000,0.85,149,2,17,0.8484,90,167.00,7.611275
1691,1000,0.85,149,2,17,1.0478,91,72.00,2.573393
1692,1000,0.85,149,2,17,0.9170,92,71.00,3.685807
1693,1000,0.85,149,2,17,0.9956,93,85.00,1.381450
1694,1000,0.85,149,2,17,0.9654,94,58.00,11.479767
1695,1000,0.85,149,2,17,0.9393,95,95.00,3.849581
1696,1000,0.85,149,2,17,0.9122,96,90.00,2.060891
1697,1000,0.85,149,2,17,0.9555,97,56.00,6.137430
1698,1000,0.85,149,2,17,1.0152,98,72.00,1.822175
1699,1000,0.85,149,2,17,0.9327,99,47.00,8.705432
1700,1000,0.90,100,2,17,0.9638,0,60.00,5.233147
1701,1000,0.90,100,2,17,0.9441,1,80.00,3.942050
1702,1000,0.90,100,2,17,0.9064,2,76.00,3.852027
1703,1000,0.90,100,2,17,1.0832,3,68.00,7.570856
1704,1000,0.90,100,2,17,0.9637,4,66.00,7.108129
1705,1000,0.90,100,2,17,0.9678,5,56.00,16.706980
1706,1000,0.90,100,2,17,0.9274,6,75.00,5.268965
1707,1000,0.90,100,2,17,0.9854,7,47.00,11.702211
1708,1000,0.90,100,2,17,0.9783,8,49.00,7.574090
1709,1000,0.90,100,2,17,0.8910,9,68.00,4.864799
1710,1000,0.90,100,2,17,1.0426,10,72.00,3.593116
1711,1000,0.90,100,2,17,0.9358,11,71.00,3.131586
1712,1000,0.90,100,2,17,1.0766,12,71.00,1.940950
1713,1000,0.90,100,2,17,0.9112,13,74.00,3.505003
1714,1000,0.90,100,2,17,1.0673,14,72.00,4.478205
1715,1000,0.90,100,2,17,0.9534,15,71.00,4.240043
1716,1000,0.90,100,2,17,0.9277,16,72.00,2.387796
1717,1000,0.90,100,2,17,1.1119,17,69.00,5.411388
1718,1000,0.90,100,2,17,0.9191,18,68.00,4.465524
1719,1000,0.90,100,2,17,1.0097,19,78.00,5.491670
1720,1000,0.90,100,2,17,0.9758,20,36.00,0.596123
1721,1000,0.90,100,2,17,0.9819,21,83.00,7.945313
1722,1000,0.90,100,2,17,0.8955,22,72.00,3.951863
1723,1000,0.90,100,2,17,0.9441,23,70.00,2.931954
1724,1000,0.90,100,2,17,0.9821,24,87.00,5.040778
1725,1000,0.90,100,2,17,0.9699,25,69.00,2.053112
1726,1000,0.90,100,2,17,0.9138,26,55.00,5.583032
1727,1000,0.90,100,2,17,1.0663,27,74.00,6.936660
1728,1000,0.90,100,2,17,1.0453,28,76.00,3.946503
1729,1000,0.90,100,2,17,0.9583,29,64.00,7.447309
1730,1000,0.90,100,2,17,1.0358,30,63.00,12.098637
1731,1000,0.90,100,2,17,1.0355,31,49.00,11.730597
1732,1000,0.90,100,2,17,0.9709,32,68.00,6.434500
1733,1000,0.90,100,2,17,0.9754,33,67.00,2.502733
1734,1000,0.90,100,2,17,0.9894,34,91.00,3.103438
1735,1000,0.90,100,2,17,0.9749,35,52.00,7.535577
1736,1000,0.90,100,2,17,1.0033,36,74.00,3.293789
1737,1000,0.90,100,2,17,0.9756,37,76.00,3.584411
1738,1000,0.90,100,2,17,0.9366,38,39.00,16.356657
1739,1000,0.90,100,2,17,0.9038,39,62.00,1.429813
1740,1000,0.90,100,2,17,1.0525,40,73.00,4.132578
1741,1000,0.90,100,2,17,1.1893,41,67.00,8.607467
1742,1000,0.90,100,2,17,0.9895,42,74.00,2.658572
1743,1000,0.90,100,2,17,0.9608,43,74.00,1.574589
1744,1000,0.90,100,2,17,0.9344,44,71.00,1.998244
1745,1000,0.90,100,2,17,0.8833,45,72.00,2.384960
1746,1000,0.90,100,2,17,0.9584,46,59.00,5.744922
1747,1000,0.90,100,2,17,0.9842,47,74.00,3.279710
1748,1000,0.90,100,2,17,0.9752,48,38.00,16.430384
1749,1000,0.90,100,2,17,1.0460,49,72.00,3.834553
1750,1000,0.90,100,2,17,0.9187,50,75.00,2.114065
1751,1000,0.90,100,2,17,0.8754,51,71.00,2.951129
1752,1000,0.90,100,2,17,0.9988,52,59.00,12.699958
1753,1000,0.90,100,2,17,0.9960,53,74.00,2.699226
1754,1000,0.90,100,2,17,1.0681,54,66.00,4.524565
1755,1000,0.90,100,2,17,1.0396,55,38.00,23.867085
1756,1000,0.90,100,2,17,1.0157,56,44.00,9.877502
1757,1000,0.90,100,2,17,1.0437,57,65.00,4.959792
1758,1000,0.90,100,2,17,1.0429,58,72.00,1.760533
1759,1000,0.90,100,2,17,1.0022,59,67.00,3.906028
1760,1000,0.90,100,2,17,1.0160,60,66.00,4.760442
1761,1000,0.90,100,2,17,0.9651,61,72.00,5.288454
1762,1000,0.90,100,2,17,1.0380,62,72.00,5.695110
1763,1000,0.90,100,2,17,0.8189,63,95.00,3.386225
1764,1000,0.90,100,2,17,0.9599,64,62.00,14.704451
1765,1000,0.90,100,2,17,0.9800,65,76.00,3.178627
1766,1000,0.90,100,2,17,0.9402,66,75.00,2.856685
1767,1000,0.90,100,2,17,1.0293,67,75.00,1.604595
1768,1000,0.90,100,2,17,1.0080,68,70.00,2.556032
1769,1000,0.90,100,2,17,0.9283,69,64.00,8.171161
1770,1000,0.90,100,2,17,1.0510,70,76.00,4.730814
1771,1000,0.90,100,2,17,0.9205,71,89.00,2.269501
1772,1000,0.90,100,2,17,0.9413,72,77.00,6.160147
1773,1000,0.90,100,2,17,1.0406,73,76.00,3.281871
1774,1000,0.90,100,2,17,0.9963,74,67.00,6.902871
1775,1000,0.90,100,2,17,0.8477,75,57.00,5.256816
1776,1000,0.90,100,2,17,0.9443,76,76.00,8.373219
1777,1000,0.90,100,2,17,0.9734,77,56.00,21.882170
1778,1000,0.90,100,2,17,1.1076,78,78.00,13.792445
1779,1000,0.90,100,2,17,1.0609,79,70.00,3.495935
1780,1000,0.90,100,2,17,1.0007,80,70.00,7.385604
1781,1000,0.90,100,2,17,0.8441,81,62.00,5.412416
1782,1000,0.90,100,2,17,1.0595,82,72.00,5.650074
1783,1000,0.90,100,2,17,1.0239,83,73.00,4.067719
1784,1000,0.90,100,2,17,1.0654,84,84.00,5.303839
1785,1000,0.90,100,2,17,0.8571,85,65.00,4.090674
1786,1000,0.90,100,2,17,0.9938,86,66.00,11.660801
1787,1000,0.90,100,2,17,0.9881,87,45.00,17.272959
1788,1000,0.90,100,2,17,1.0354,88,65.00,6.650430
1789,1000,0.90,100,2,17,0.9040,89,66.00,5.686189
1790,1000,0.90,100,2,17,0.9614,90,70.00,3.920727
1791,1000,0.90,100,2,17,0.9517,91,71.00,3.809914
1792,1000,0.90,100,2,17,0.9630,92,57.00,8.527508
1793,1000,0.90,100,2,17,1.0415,93,65.00,1.548247
1794,1000,0.90,100,2,17,1.0648,94,72.00,5.985624
1795,1000,0.90,100,2,17,0.9555,95,82.00,5.558249
1796,1000,0.90,100,2,17,0.9798,96,52.00,9.517243
1797,1000,0.90,100,2,17,1.0957,97,54.00,7.876120
1798,1000,0.90,100,2,17,1.0671,98,50.00,5.818255
1799,1000,0.90,100,2,17,1.0444,99,41.00,16.767891
1800,1000,0.95,50,2,17,1.1294,0,80.00,2.674188
1801,1000,0.95,50,2,17,0.8301,1,70.00,3.239059
1802,1000,0.95,50,2,17,1.0815,2,72.00,3.611698
1803,1000,0.95,50,2,17,1.0652,3,76.00,2.910828
1804,1000,0.95,50,2,17,0.8822,4,58.00,7.312394
1805,1000,0.95,50,2,17,0.8618,5,77.00,4.510820
1806,1000,0.95,50,2,17,0.8431,6,74.00,4.700721
1807,1000,0.95,50,2,17,0.9756,7,75.00,3.363175
1808,1000,0.95,50,2,17,0.8644,8,73.00,4.675133
1809,1000,0.95,50,2,17,0.9317,9,62.00,5.459747
1810,1000,0.95,50,2,17,0.9983,10,76.00,4.167581
1811,1000,0.95,50,2,17,0.8050,11,92.00,3.581196
1812,1000,0.95,50,2,17,1.0768,12,56.00,8.984890
1813,1000,0.95,50,2,17,0.9184,13,75.00,2.244611
1814,1000,0.95,50,2,17,1.0366,14,77.00,3.538113
1815,1000,0.95,50,2,17,0.9152,15,79.00,1.686449
1816,1000,0.95,50,2,17,0.8788,16,74.00,4.620906
1817,1000,0.95,50,2,17,0.8632,17,47.00,9.315594
1818,1000,0.95,50,2,17,1.0154,18,74.00,3.641306
1819,1000,0.95,50,2,17,0.9976,19,40.00,20.990822
1820,1000,0.95,50,2,17,0.9863,20,75.00,2.518071
1821,1000,0.95,50,2,17,0.7852,21,93.00,4.243461
1822,1000,0.95,50,2,17,0.9100,22,60.00,6.097538
1823,1000,0.95,50,2,17,0.9199,23,72.00,3.585162
1824,1000,0.95,50,2,17,0.8204,24,42.00,12.456911
1825,1000,0.95,50,2,17,0.8984,25,70.00,2.822592
1826,1000,0.95,50,2,17,0.9344,26,44.00,12.086194
1827,1000,0.95,50,2,17,0.9143,27,74.00,3.250925
1828,1000,0.95,50,2,17,0.9314,28,64.00,4.893589
1829,1000,0.95,50,2,17,0.9492,29,75.00,2.742394
1830,1000,0.95,50,2,17,0.8116,30,74.00,2.825161
1831,1000,0.95,50,2,17,1.0581,31,78.00,2.924764
1832,1000,0.95,50,2,17,0.9492,32,76.00,1.996700
1833,1000,0.95,50,2,17,1.0847,33,73.00,3.609102
1834,1000,0.95,50,2,17,0.9011,34,70.00,6.383498
1835,1000,0.95,50,2,17,0.7029,35,72.00,2.877825
1836,1000,0.95,50,2,17,0.9364,36,72.00,5.846838
1837,1000,0.95,50,2,17,1.1108,37,44.00,15.771895
1838,1000,0.95,50,2,17,0.8565,38,79.00,2.089315
1839,1000,0.95,50,2,17,1.0914,39,77.00,2.327765
1840,1000,0.95,50,2,17,0.8936,40,75.00,4.203717
1841,1000,0.95,50,2,17,1.0452,41,78.00,2.604765
1842,1000,0.95,50,2,17,1.0966,42,80.00,2.669596
1843,1000,0.95,50,2,17,1.1449,43,67.00,5.878749
1844,1000,0.95,50,2,17,0.7772,44,41.00,3.317059
1845,1000,0.95,50,2,17,1.0439,45,55.00,7.890855
1846,1000,0.95,50,2,17,0.8876,46,42.00,12.813282
1847,1000,0.95,50,2,17,0.8651,47,44.00,8.309922
1848,1000,0.95,50,2,17,0.9829,48,77.00,1.601904
1849,1000,0.95,50,2,17,1.0748,49,73.00,3.970236
1850,1000,0.95,50,2,17,0.8790,50,73.00,3.676653
1851,1000,0.95,50,2,17,0.8655,51,49.00,10.928241
1852,1000,0.95,50,2,17,1.0200,52,75.00,3.344045
1853,1000,0.95,50,2,17,0.9518,53,46.00,12.419932
1854,1000,0.95,50,2,17,1.0041,54,76.00,5.134819
1855,1000,0.95,50,2,17,0.7519,55,68.00,1.215456
1856,1000,0.95,50,2,17,0.9612,56,50.00,7.785252
1857,1000,0.95,50,2,17,1.0002,57,72.00,2.984235
1858,1000,0.95,50,2,17,1.1732,58,39.00,24.683584
1859,1000,0.95,50,2,17,0.8790,59,64.00,6.026766
1860,1000,0.95,50,2,17,0.8175,60,75.00,3.303616
1861,1000,0.95,50,2,17,1.0518,61,73.00,4.548590
1862,1000,0.95,50,2,17,1.1269,62,74.00,1.956080
1863,1000,0.95,50,2,17,1.0639,63,77.00,3.228243
1864,1000,0.95,50,2,17,1.1080,64,74.00,3.320303
1865,1000,0.95,50,2,17,0.8613,65,75.00,2.973406
1866,1000,0.95,50,2,17,0.9478,66,75.00,5.292988
1867,1000,0.95,50,2,17,0.8961,67,66.00,5.600873
1868,1000,0.95,50,2,17,0.9006,68,75.00,4.113550
1869,1000,0.95,50,2,17,1.1082,69,37.00,10.463568
1870,1000,0.95,50,2,17,0.9736,70,63.00,5.025148
1871,1000,0.95,50,2,17,1.0414,71,42.00,12.842065
1872,1000,0.95,50,2,17,1.0561,72,48.00,10.593681
1873,1000,0.95,50,2,17,0.8432,73,75.00,2.792280
1874,1000,0.95,50,2,17,1.0289,74,41.00,6.511717
1875,1000,0.95,50,2,17,0.9860,75,76.00,5.016159
1876,1000,0.95,50,2,17,0.9814,76,66.00,4.028156
1877,1000,0.95,50,2,17,1.1884,77,78.00,1.919834
1878,1000,0.95,50,2,17,0.9180,78,54.00,6.406117
1879,1000,0.95,50,2,17,0.8195,79,61.00,1.691053
1880,1000,0.95,50,2,17,1.0215,80,77.00,4.689410
1881,1000,0.95,50,2,17,0.7830,81,39.00,13.910365
1882,1000,0.95,50,2,17,0.9916,82,60.00,6.946192
1883,1000,0.95,50,2,17,1.0170,83,54.00,9.554371
1884,1000,0.95,50,2,17,0.9414,84,48.00,5.635756
1885,1000,0.95,50,2,17,0.8623,85,73.00,2.902319
1886,1000,0.95,50,2,17,1.0048,86,83.00,1.763226
1887,1000,0.95,50,2,17,1.0066,87,73.00,2.916734
1888,1000,0.95,50,2,17,1.0751,88,67.00,5.207987
1889,1000,0.95,50,2,17,0.9750,89,75.00,2.706009
1890,1000,0.95,50,2,17,1.1192,90,57.00,9.748755
1891,1000,0.95,50,2,17,0.7420,91,49.00,7.223508
1892,1000,0.95,50,2,17,1.0008,92,53.00,8.954199
1893,1000,0.95,50,2,17,0.8007,93,70.00,4.528942
1894,1000,0.95,50,2,17,0.9082,94,74.00,3.034779
1895,1000,0.95,50,2,17,0.9598,95,66.00,4.517646
1896,1000,0.95,50,2,17,1.0874,96,76.00,2.862180
1897,1000,0.95,50,2,17,1.0289,97,48.00,6.141122
1898,1000,0.95,50,2,17,0.9935,98,77.00,1.451804
1899,1000,0.95,50,2,17,1.0436,99,72.00,3.401998
1900,1000,0.05,950,3,35,0.9923,0,1095.00,1.822664
1901,1000,0.05,950,3,35,0.9985,1,1070.00,0.099470
1902,1000,0.05,950,3,35,1.0092,2,1034.00,0.097758
1903,1000,0.05,950,3,35,0.9807,3,1063.00,0.454407
1904,1000,0.05,950,3,35,0.9701,4,1004.00,1.154502
1905,1000,0.05,950,3,35,1.0234,5,1032.00,0.893630
1906,1000,0.05,950,3,35,1.0181,6,1035.00,0.566630
1907,1000,0.05,950,3,35,1.0029,7,1050.00,0.174050
1908,1000,0.05,950,3,35,0.9762,8,989.00,0.276812
1909,1000,0.05,950,3,35,1.0142,9,1063.00,0.105932
1910,1000,0.05,950,3,35,0.9843,10,1033.00,0.616125
1911,1000,0.05,950,3,35,1.0136,11,1038.00,0.770149
1912,1000,0.05,950,3,35,0.9461,12,1058.00,0.125899
1913,1000,0.05,950,3,35,0.9669,13,1056.00,1.216901
1914,1000,0.05,950,3,35,0.9808,14,1047.00,0.178545
1915,1000,0.05,950,3,35,0.9871,15,1104.00,0.336207
1916,1000,0.05,950,3,35,1.0309,16,1024.00,0.238798
1917,1000,0.05,950,3,35,1.0260,17,1060.00,0.113691
1918,1000,0.05,950,3,35,1.0320,18,1047.00,0.182926
1919,1000,0.05,950,3,35,1.0306,19,1054.00,0.504665
1920,1000,0.05,950,3,35,0.9941,20,1045.00,0.355963
1921,1000,0.05,950,3,35,0.9864,21,1074.00,0.434882
1922,1000,0.05,950,3,35,1.0103,22,1099.00,0.776187
1923,1000,0.05,950,3,35,1.0517,23,1040.00,0.861740
1924,1000,0.05,950,3,35,0.9957,24,1060.00,0.758000
1925,1000,0.05,950,3,35,0.9962,25,992.00,0.134450
1926,1000,0.05,950,3,35,0.9442,26,991.00,0.713908
1927,1000,0.05,950,3,35,1.0035,27,1019.00,0.402889
1928,1000,0.05,950,3,35,1.0188,28,1036.00,1.194632
1929,1000,0.05,950,3,35,1.0380,29,994.00,0.727833
1930,1000,0.05,950,3,35,0.9730,30,1066.00,1.939120
1931,1000,0.05,950,3,35,0.9949,31,1019.00,1.559142
1932,1000,0.05,950,3,35,0.9924,32,1024.00,0.420881
1933,1000,0.05,950,3,35,1.0144,33,999.00,0.623557
1934,1000,0.05,950,3,35,0.9986,34,1014.00,1.263319
1935,1000,0.05,950,3,35,1.0407,35,1039.00,0.805908
1936,1000,0.05,950,3,35,1.0063,36,1029.00,0.156970
1937,1000,0.05,950,3,35,1.0046,37,996.00,0.276938
1938,1000,0.05,950,3,35,1.0208,38,1055.00,0.991864
1939,1000,0.05,950,3,35,1.0051,39,1025.00,0.898299
1940,1000,0.05,950,3,35,1.0497,40,1035.00,0.666860
1941,1000,0.05,950,3,35,0.9919,41,1052.00,1.164612
1942,1000,0.05,950,3,35,0.9983,42,1016.00,0.078983
1943,1000,0.05,950,3,35,1.0213,43,1008.00,0.835520
1944,1000,0.05,950,3,35,1.0179,44,1045.00,0.387190
1945,1000,0.05,950,3,35,1.0090,45,1030.00,0.285535
1946,1000,0.05,950,3,35,0.9994,46,1042.00,0.110467
1947,1000,0.05,950,3,35,0.9964,47,1081.00,2.489502
1948,1000,0.05,950,3,35,1.0123,48,1015.00,0.154928
1949,1000,0.05,950,3,35,1.0298,49,1012.00,1.296088
1950,1000,0.05,950,3,35,1.0283,50,1002.00,0.089730
1951,1000,0.05,950,3,35,1.0174,51,1065.00,0.378223
1952,1000,0.05,950,3,35,0.9852,52,1065.00,0.040341
1953,1000,0.05,950,3,35,0.9595,53,998.00,0.598154
1954,1000,0.05,950,3,35,1.0377,54,1011.00,0.316237
1955,1000,0.05,950,3,35,0.9837,55,1007.00,1.769930
1956,1000,0.05,950,3,35,1.0200,56,1040.00,0.052499
1957,1000,0.05,950,3,35,0.9856,57,1056.00,1.171205
1958,1000,0.05,950,3,35,1.0123,58,1048.00,0.133649
1959,1000,0.05,950,3,35,0.9830,59,1068.00,0.466384
1960,1000,0.05,950,3,35,1.0276,60,1010.00,1.479069
1961,1000,0.05,950,3,35,0.9972,61,1036.00,0.208797
1962,1000,0.05,950,3,35,0.9593,62,1031.00,1.001901
1963,1000,0.05,950,3,35,0.9993,63,995.00,1.970200
1964,1000,0.05,950,3,35,0.9977,64,1054.00,0.811942
1965,1000,0.05,950,3,35,0.9812,65,973.00,0.749441
1966,1000,0.05,950,3,35,0.9937,66,1033.00,0.212708
1967,1000,0.05,950,3,35,1.0082,67,1017.00,1.346361
1968,1000,0.05,950,3,35,1.0449,68,1017.00,0.851438
1969,1000,0.05,950,3,35,1.0046,69,1097.00,1.563736
1970,1000,0.05,950,3,35,1.0101,70,1123.00,1.046804
1971,1000,0.05,950,3,35,0.9669,71,1041.00,0.571700
1972,1000,0.05,950,3,35,1.0036,72,1023.00,1.453381
1973,1000,0.05,950,3,35,1.0102,73,1034.00,0.211432
1974,1000,0.05,950,3,35,1.0269,74,1029.00,0.729640
1975,1000,0.05,950,3,35,0.9458,75,1041.00,0.102292
1976,1000,0.05,950,3,35,0.9891,76,1005.00,0.371528
1977,1000,0.05,950,3,35,0.9772,77,1049.00,1.349880
1978,1000,0.05,950,3,35,1.0179,78,1068.00,0.711147
1979,1000,0.05,950,3,35,1.0101,79,997.00,1.189431
1980,1000,0.05,950,3,35,1.0139,80,1002.00,0.937163
1981,1000,0.05,950,3,35,1.0229,81,1051.00,0.649894
1982,1000,0.05,950,3,35,0.9903,82,1050.00,0.569676
1983,1000,0.05,950,3,35,1.0165,83,1046.00,1.950848
1984,1000,0.05,950,3,35,1.0137,84,1056.00,1.190085
1985,1000,0.05,950,3,35,1.0038,85,1019.00,1.264900
1986,1000,0.05,950,3,35,1.0276,86,1039.00,1.050609
1987,1000,0.05,950,3,35,0.9884,87,1048.00,0.378547
1988,1000,0.05,950,3,35,0.9837,88,1022.00,1.862037
1989,1000,0.05,950,3,35,1.0094,89,993.00,0.799649
1990,1000,0.05,950,3,35,1.0224,90,1046.00,1.995948
1991,1000,0.05,950,3,35,0.9828,91,1045.00,0.292685
1992,1000,0.05,950,3,35,1.0104,92,1025.00,0.508327
1993,1000,0.05,950,3,35,1.0080,93,1014.00,0.779575
1994,1000,0.05,950,3,35,0.9951,94,1016.00,0.054583
1995,1000,0.05,950,3,35,0.9679,95,1047.00,1.153230
1996,1000,0.05,950,3,35,0.9884,96,1055.00,0.578513
1997,1000,0.05,950,3,35,0.9868,97,1064.00,0.620559
1998,1000,0.05,950,3,35,1.0033,98,1038.00,0.400264
1999,1000,0.05,950,3,35,1.0250,99,1007.00,1.305667
2000,1000,0.10,900,3,35,0.9813,0,975.00,0.476283
2001,1000,0.10,900,3,35,1.0021,1,1000.00,0.476918
2002,1000,0.10,900,3,35,1.0191,2,1041.00,0.156282
2003,1000,0.10,900,3,35,1.0566,3,983.00,1.921240
2004,1000,0.10,900,3,35,1.0151,4,1025.00,0.806325
2005,1000,0.10,900,3,35,0.9889,5,1004.00,0.459957
2006,1000,0.10,900,3,35,0.9768,6,1035.00,1.933010
2007,1000,0.10,900,3,35,1.0040,7,1018.00,2.567671
2008,1000,0.10,900,3,35,1.0060,8,1151.00,0.828396
2009,1000,0.10,900,3,35,0.9533,9,1018.00,0.690738
2010,1000,0.10,900,3,35,1.0212,10,994.00,1.166761
2011,1000,0.10,900,3,35,0.9867,11,1023.00,0.371560
2012,1000,0.10,900,3,35,0.9902,12,1039.00,1.742317
2013,1000,0.10,900,3,35,0.9884,13,998.00,0.689573
2014,1000,0.10,900,3,35,1.0272,14,1024.00,0.210562
2015,1000,0.10,900,3,35,1.0398,15,1025.00,0.507667
2016,1000,0.10,900,3,35,0.9854,16,1009.00,1.214615
2017,1000,0.10,900,3,35,1.0106,17,1011.00,0.245859
2018,1000,0.10,900,3,35,1.0197,18,1015.00,0.372142
2019,1000,0.10,900,3,35,1.0290,19,1024.00,0.181535
2020,1000,0.10,900,3,35,1.0196,20,995.00,0.571235
2021,1000,0.10,900,3,35,1.0065,21,1008.00,0.133671
2022,1000,0.10,900,3,35,1.0279,22,1040.00,0.737052
2023,1000,0.10,900,3,35,0.9691,23,1030.00,0.992396
2024,1000,0.10,900,3,35,1.0100,24,990.00,1.170768
2025,1000,0.10,900,3,35,0.9746,25,1031.00,1.261454
2026,1000,0.10,900,3,35,1.0139,26,1031.00,1.178232
2027,1000,0.10,900,3,35,0.9851,27,1015.00,0.988042
2028,1000,0.10,900,3,35,1.0375,28,992.00,0.116876
2029,1000,0.10,900,3,35,1.0200,29,984.00,0.438085
2030,1000,0.10,900,3,35,1.0521,30,1031.00,0.186000
2031,1000,0.10,900,3,35,0.9707,31,1001.00,0.420030
2032,1000,0.10,900,3,35,1.0177,32,973.00,0.511799
2033,1000,0.10,900,3,35,1.0078,33,1034.00,0.863913
2034,1000,0.10,900,3,35,1.0373,34,1026.00,0.251867
2035,1000,0.10,900,3,35,0.9616,35,1006.00,0.138262
2036,1000,0.10,900,3,35,1.0049,36,1029.00,0.402183
2037,1000,0.10,900,3,35,0.9872,37,1017.00,0.642808
2038,1000,0.10,900,3,35,1.0210,38,1012.00,0.281236
2039,1000,0.10,900,3,35,1.0023,39,995.00,0.063287
2040,1000,0.10,900,3,35,1.0252,40,974.00,0.406910
2041,1000,0.10,900,3,35,1.0026,41,1000.00,0.277748
2042,1000,0.10,900,3,35,1.0099,42,1020.00,1.134001
2043,1000,0.10,900,3,35,1.0417,43,1064.00,0.148574
2044,1000,0.10,900,3,35,1.0259,44,997.00,0.907960
2045,1000,0.10,900,3,35,0.9839,45,1053.00,0.342921
2046,1000,0.10,900,3,35,1.0004,46,1023.00,0.178252
2047,1000,0.10,900,3,35,1.0136,47,999.00,1.077172
2048,1000,0.10,900,3,35,1.0019,48,1058.00,1.669080
2049,1000,0.10,900,3,35,1.0265,49,1011.00,0.759487
2050,1000,0.10,900,3,35,0.9778,50,1001.00,1.575988
2051,1000,0.10,900,3,35,1.0156,51,1026.00,0.157650
2052,1000,0.10,900,3,35,0.9738,52,1047.00,0.330570
2053,1000,0.10,900,3,35,0.9778,53,1056.00,0.576033
2054,1000,0.10,900,3,35,0.9745,54,1003.00,0.943359
2055,1000,0.10,900,3,35,1.0212,55,1042.00,1.204504
2056,1000,0.10,900,3,35,1.0072,56,997.00,0.635273
2057,1000,0.10,900,3,35,1.0084,57,998.00,0.944828
2058,1000,0.10,900,3,35,0.9354,58,981.00,1.006609
2059,1000,0.10,900,3,35,1.0015,59,1033.00,0.306913
2060,1000,0.10,900,3,35,1.0044,60,1015.00,0.620457
2061,1000,0.10,900,3,35,1.0021,61,1024.00,0.720346
2062,1000,0.10,900,3,35,0.9926,62,999.00,1.306203
2063,1000,0.10,900,3,35,0.9761,63,1015.00,0.075809
2064,1000,0.10,900,3,35,0.9873,64,1037.00,1.084755
2065,1000,0.10,900,3,35,1.0150,65,1036.00,1.079354
2066,1000,0.10,900,3,35,0.9945,66,1036.00,0.923489
2067,1000,0.10,900,3,35,0.9871,67,1016.00,0.349786
2068,1000,0.10,900,3,35,1.0021,68,1017.00,0.304937
2069,1000,0.10,900,3,35,0.9852,69,1023.00,0.305188
2070,1000,0.10,900,3,35,0.9826,70,1019.00,3.393821
2071,1000,0.10,900,3,35,0.9790,71,1003.00,1.212793
2072,1000,0.10,900,3,35,0.9604,72,1023.00,0.521724
2073,1000,0.10,900,3,35,0.9968,73,1023.00,0.179695
2074,1000,0.10,900,3,35,0.9740,74,996.00,0.389984
2075,1000,0.10,900,3,35,1.0135,75,1035.00,0.481225
2076,1000,0.10,900,3,35,0.9575,76,1013.00,0.995570
2077,1000,0.10,900,3,35,1.0326,77,967.00,0.250108
2078,1000,0.10,900,3,35,0.9934,78,1017.00,0.883645
2079,1000,0.10,900,3,35,0.9971,79,1022.00,0.129598
2080,1000,0.10,900,3,35,1.0092,80,1023.00,0.139822
2081,1000,0.10,900,3,35,1.0409,81,981.00,0.919397
2082,1000,0.10,900,3,35,1.0327,82,1002.00,1.043122
2083,1000,0.10,900,3,35,0.9702,83,1031.00,0.700033
2084,1000,0.10,900,3,35,1.0398,84,1054.00,0.714632
2085,1000,0.10,900,3,35,0.9904,85,993.00,0.231664
2086,1000,0.10,900,3,35,0.9948,86,1001.00,0.569836
2087,1000,0.10,900,3,35,1.0261,87,1015.00,1.154269
2088,1000,0.10,900,3,35,0.9920,88,1004.00,0.619274
2089,1000,0.10,900,3,35,0.9644,89,1020.00,0.477648
2090,1000,0.10,900,3,35,1.0256,90,1026.00,0.475609
2091,1000,0.10,900,3,35,0.9784,91,1022.00,0.572231
2092,1000,0.10,900,3,35,1.0012,92,1007.00,1.336774
2093,1000,0.10,900,3,35,0.9994,93,1033.00,0.138484
2094,1000,0.10,900,3,35,1.0108,94,1037.00,0.929720
2095,1000,0.10,900,3,35,1.0300,95,1017.00,1.263599
2096,1000,0.10,900,3,35,1.0079,96,1026.00,0.478939
2097,1000,0.10,900,3,35,0.9649,97,1024.00,0.600995
2098,1000,0.10,900,3,35,1.0232,98,1029.00,0.140340
2099,1000,0.10,900,3,35,1.0002,99,997.00,0.594785
2100,1000,0.15,850,3,35,1.0266,0,1017.00,0.223177
2101,1000,0.15,850,3,35,0.9572,1,985.00,0.210333
2102,1000,0.15,850,3,35,0.9853,2,1019.00,0.219712
2103,1000,0.15,850,3,35,1.0157,3,1019.00,3.333859
2104,1000,0.15,850,3,35,1.0023,4,1018.00,2.040361
2105,1000,0.15,850,3,35,0.9830,5,965.00,1.532509
2106,1000,0.15,850,3,35,0.9815,6,969.00,1.234032
2107,1000,0.15,850,3,35,0.9841,7,1018.00,0.098866
2108,1000,0.15,850,3,35,0.9734,8,1010.00,1.713814
2109,1000,0.15,850,3,35,0.9669,9,1031.00,1.069880
2110,1000,0.15,850,3,35,1.0261,10,990.00,1.227425
2111,1000,0.15,850,3,35,0.9934,11,967.00,1.419737
2112,1000,0.15,850,3,35,0.9643,12,1014.00,0.914693
2113,1000,0.15,850,3,35,1.0651,13,991.00,1.777982
2114,1000,0.15,850,3,35,1.0161,14,1022.00,2.297353
2115,1000,0.15,850,3,35,1.0251,15,1001.00,0.310211
2116,1000,0.15,850,3,35,0.9658,16,1030.00,1.420580
2117,1000,0.15,850,3,35,0.9826,17,991.00,0.918281
2118,1000,0.15,850,3,35,0.9826,18,1024.00,0.332773
2119,1000,0.15,850,3,35,1.0236,19,1017.00,1.214149
2120,1000,0.15,850,3,35,1.0085,20,968.00,0.652016
2121,1000,0.15,850,3,35,0.9582,21,999.00,0.663971
2122,1000,0.15,850,3,35,0.9539,22,976.00,0.401279
2123,1000,0.15,850,3,35,0.9912,23,979.00,1.554085
2124,1000,0.15,850,3,35,0.9770,24,1001.00,0.198353
2125,1000,0.15,850,3,35,0.9974,25,1022.00,1.148960
2126,1000,0.15,850,3,35,1.0237,26,1003.00,0.232430
2127,1000,0.15,850,3,35,1.0328,27,955.00,0.660650
2128,1000,0.15,850,3,35,0.9761,28,994.00,0.076020
2129,1000,0.15,850,3,35,0.9981,29,982.00,1.093967
2130,1000,0.15,850,3,35,0.9903,30,948.00,1.244308
2131,1000,0.15,850,3,35,0.9943,31,970.00,0.319420
2132,1000,0.15,850,3,35,1.0548,32,981.00,0.088157
2133,1000,0.15,850,3,35,1.0087,33,964.00,0.829977
2134,1000,0.15,850,3,35,0.9809,34,996.00,1.457775
2135,1000,0.15,850,3,35,0.9965,35,1070.00,0.310465
2136,1000,0.15,850,3,35,0.9646,36,1037.00,0.500374
2137,1000,0.15,850,3,35,0.9389,37,1025.00,0.325148
2138,1000,0.15,850,3,35,0.9831,38,1052.00,1.121344
2139,1000,0.15,850,3,35,0.9798,39,961.00,0.727887
2140,1000,0.15,850,3,35,0.9922,40,962.00,2.986958
2141,1000,0.15,850,3,35,0.9658,41,1021.00,0.032232
2142,1000,0.15,850,3,35,0.9983,42,1026.00,0.308856
2143,1000,0.15,850,3,35,1.0366,43,979.00,0.629912
2144,1000,0.15,850,3,35,0.9953,44,1020.00,1.186054
2145,1000,0.15,850,3,35,1.0082,45,998.00,0.764184
2146,1000,0.15,850,3,35,0.9894,46,1008.00,0.173887
2147,1000,0.15,850,3,35,1.0081,47,992.00,1.192948
2148,1000,0.15,850,3,35,0.9535,48,1023.00,0.078159
2149,1000,0.15,850,3,35,0.9866,49,1024.00,0.676354
2150,1000,0.15,850,3,35,1.0154,50,999.00,0.877748
2151,1000,0.15,850,3,35,1.0111,51,955.00,0.096251
2152,1000,0.15,850,3,35,1.0078,52,1001.00,0.336183
2153,1000,0.15,850,3,35,1.0029,53,1029.00,2.186316
2154,1000,0.15,850,3,35,1.0163,54,1028.00,1.094974
2155,1000,0.15,850,3,35,1.0146,55,1011.00,0.672435
2156,1000,0.15,850,3,35,1.0182,56,1007.00,0.113635
2157,1000,0.15,850,3,35,1.0230,57,961.00,0.328824
2158,1000,0.15,850,3,35,1.0657,58,969.00,1.508012
2159,1000,0.15,850,3,35,1.0208,59,992.00,0.453275
2160,1000,0.15,850,3,35,1.0365,60,997.00,0.520538
2161,1000,0.15,850,3,35,0.9574,61,990.00,1.238048
2162,1000,0.15,850,3,35,0.9594,62,1006.00,0.915459
2163,1000,0.15,850,3,35,1.0366,63,997.00,0.450496
2164,1000,0.15,850,3,35,0.9848,64,1008.00,0.382968
2165,1000,0.15,850,3,35,1.0253,65,1015.00,1.271721
2166,1000,0.15,850,3,35,1.0080,66,1035.00,1.406153
2167,1000,0.15,850,3,35,1.0175,67,1051.00,1.713977
2168,1000,0.15,850,3,35,1.0031,68,1022.00,0.390353
2169,1000,0.15,850,3,35,0.9769,69,1005.00,2.162355
2170,1000,0.15,850,3,35,1.0280,70,973.00,0.781303
2171,1000,0.15,850,3,35,0.9842,71,979.00,0.827223
2172,1000,0.15,850,3,35,1.0058,72,999.00,0.596709
2173,1000,0.15,850,3,35,0.9939,73,972.00,0.719473
2174,1000,0.15,850,3,35,0.9953,74,1056.00,0.230693
2175,1000,0.15,850,3,35,0.9663,75,970.00,1.718732
2176,1000,0.15,850,3,35,1.0178,76,984.00,0.799614
2177,1000,0.15,850,3,35,0.9770,77,964.00,0.531449
2178,1000,0.15,850,3,35,0.9738,78,1033.00,0.762879
2179,1000,0.15,850,3,35,1.0205,79,979.00,0.604641
2180,1000,0.15,850,3,35,0.9834,80,995.00,0.422875
2181,1000,0.15,850,3,35,1.0033,81,1062.00,0.196967
2182,1000,0.15,850,3,35,0.9992,82,995.00,0.826814
2183,1000,0.15,850,3,35,0.9811,83,992.00,0.773504
2184,1000,0.15,850,3,35,1.0067,84,987.00,0.090774
2185,1000,0.15,850,3,35,1.0188,85,1001.00,1.097882
2186,1000,0.15,850,3,35,1.0114,86,1052.00,1.049927
2187,1000,0.15,850,3,35,0.9622,87,1003.00,0.326221
2188,1000,0.15,850,3,35,0.9947,88,986.00,0.171115
2189,1000,0.15,850,3,35,1.0243,89,1025.00,2.124645
2190,1000,0.15,850,3,35,1.0200,90,1006.00,0.221655
2191,1000,0.15,850,3,35,0.9968,91,993.00,2.135704
2192,1000,0.15,850,3,35,1.0189,92,981.00,0.350023
2193,1000,0.15,850,3,35,0.9845,93,1049.00,1.335356
2194,1000,0.15,850,3,35,1.0154,94,1018.00,1.185320
2195,1000,0.15,850,3,35,1.0047,95,1040.00,1.348206
2196,1000,0.15,850,3,35,1.0318,96,1016.00,1.381904
2197,1000,0.15,850,3,35,1.0412,97,995.00,0.300814
2198,1000,0.15,850,3,35,0.9759,98,1008.00,1.397525
2199,1000,0.15,850,3,35,0.9757,99,1021.00,0.331645
2200,1000,0.20,800,3,35,0.9805,0,986.00,1.459282
2201,1000,0.20,800,3,35,0.9525,1,1016.00,1.858635
2202,1000,0.20,800,3,35,0.9993,2,1011.00,0.369273
2203,1000,0.20,800,3,35,0.9869,3,986.00,0.322436
2204,1000,0.20,800,3,35,1.0361,4,981.00,0.305327
2205,1000,0.20,800,3,35,1.0401,5,992.00,2.417663
2206,1000,0.20,800,3,35,1.0014,6,976.00,0.302254
2207,1000,0.20,800,3,35,0.9756,7,958.00,1.993037
2208,1000,0.20,800,3,35,0.9836,8,980.00,0.547114
2209,1000,0.20,800,3,35,1.0348,9,987.00,1.606785
2210,1000,0.20,800,3,35,1.0580,10,1013.00,1.777118
2211,1000,0.20,800,3,35,1.0034,11,965.00,2.558127
2212,1000,0.20,800,3,35,0.9928,12,979.00,0.224401
2213,1000,0.20,800,3,35,1.0223,13,1008.00,1.249974
2214,1000,0.20,800,3,35,1.0139,14,1013.00,0.125280
2215,1000,0.20,800,3,35,1.0353,15,978.00,0.978124
2216,1000,0.20,800,3,35,1.0020,16,986.00,0.352639
2217,1000,0.20,800,3,35,0.9777,17,990.00,0.130046
2218,1000,0.20,800,3,35,1.0466,18,1008.00,1.742023
2219,1000,0.20,800,3,35,1.0206,19,974.00,0.266343
2220,1000,0.20,800,3,35,0.9747,20,1029.00,2.331821
2221,1000,0.20,800,3,35,1.0156,21,1009.00,0.255464
2222,1000,0.20,800,3,35,0.9823,22,1016.00,0.164396
2223,1000,0.20,800,3,35,0.9925,23,983.00,1.287608
2224,1000,0.20,800,3,35,0.9866,24,1014.00,0.360765
2225,1000,0.20,800,3,35,0.9983,25,978.00,1.802014
2226,1000,0.20,800,3,35,0.9678,26,1026.00,2.288456
2227,1000,0.20,800,3,35,0.9601,27,999.00,2.123366
2228,1000,0.20,800,3,35,1.0110,28,1020.00,2.006928
2229,1000,0.20,800,3,35,1.0111,29,975.00,0.884465
2230,1000,0.20,800,3,35,1.0111,30,987.00,0.229174
2231,1000,0.20,800,3,35,0.9821,31,997.00,0.769807
2232,1000,0.20,800,3,35,0.9993,32,962.00,0.920818
2233,1000,0.20,800,3,35,0.9864,33,1016.00,0.364822
2234,1000,0.20,800,3,35,1.0079,34,980.00,2.994375
2235,1000,0.20,800,3,35,1.0079,35,977.00,1.165324
2236,1000,0.20,800,3,35,0.9735,36,952.00,1.936870
2237,1000,0.20,800,3,35,1.0007,37,968.00,0.292131
2238,1000,0.20,800,3,35,0.9839,38,979.00,0.904934
2239,1000,0.20,800,3,35,1.0151,39,1004.00,0.892516
2240,1000,0.20,800,3,35,1.0115,40,989.00,0.624672
2241,1000,0.20,800,3,35,1.0754,41,991.00,1.447838
2242,1000,0.20,800,3,35,0.9661,42,1017.00,0.270738
2243,1000,0.20,800,3,35,0.9893,43,999.00,0.440405
2244,1000,0.20,800,3,35,0.9876,44,1036.00,0.389202
2245,1000,0.20,800,3,35,1.0335,45,1038.00,0.190942
2246,1000,0.20,800,3,35,0.9913,46,1006.00,0.714708
2247,1000,0.20,800,3,35,0.9929,47,986.00,0.384942
2248,1000,0.20,800,3,35,0.9576,48,1009.00,0.668215
2249,1000,0.20,800,3,35,0.9588,49,964.00,0.260553
2250,1000,0.20,800,3,35,0.9938,50,984.00,1.251915
2251,1000,0.20,800,3,35,0.9847,51,983.00,0.762774
2252,1000,0.20,800,3,35,1.0211,52,993.00,1.609152
2253,1000,0.20,800,3,35,1.0124,53,1043.00,2.068536
2254,1000,0.20,800,3,35,1.0075,54,950.00,0.456576
2255,1000,0.20,800,3,35,1.0113,55,980.00,1.310970
2256,1000,0.20,800,3,35,0.9982,56,998.00,2.264652
2257,1000,0.20,800,3,35,1.0407,57,964.00,0.385482
2258,1000,0.20,800,3,35,0.9970,58,990.00,0.609538
2259,1000,0.20,800,3,35,1.0263,59,1034.00,1.344292
2260,1000,0.20,800,3,35,0.9861,60,1011.00,0.269030
2261,1000,0.20,800,3,35,0.9792,61,1092.00,0.639686
2262,1000,0.20,800,3,35,1.0029,62,966.00,0.162077
2263,1000,0.20,800,3,35,1.0121,63,987.00,3.139914
2264,1000,0.20,800,3,35,0.9903,64,955.00,0.147182
2265,1000,0.20,800,3,35,1.0254,65,964.00,0.808429
2266,1000,0.20,800,3,35,1.0199,66,965.00,1.714246
2267,1000,0.20,800,3,35,1.0087,67,984.00,0.224447
2268,1000,0.20,800,3,35,1.0384,68,1007.00,0.264011
2269,1000,0.20,800,3,35,0.9797,69,1030.00,0.225911
2270,1000,0.20,800,3,35,0.9498,70,987.00,1.008014
2271,1000,0.20,800,3,35,1.0357,71,1020.00,0.803119
2272,1000,0.20,800,3,35,0.9882,72,984.00,0.890559
2273,1000,0.20,800,3,35,1.0027,73,959.00,1.380164
2274,1000,0.20,800,3,35,0.9654,74,1005.00,0.161277
2275,1000,0.20,800,3,35,1.0075,75,1023.00,0.609005
2276,1000,0.20,800,3,35,1.0170,76,1002.00,1.025178
2277,1000,0.20,800,3,35,0.9802,77,947.00,0.286784
2278,1000,0.20,800,3,35,1.0049,78,989.00,3.208016
2279,1000,0.20,800,3,35,1.0071,79,997.00,1.188370
2280,1000,0.20,800,3,35,0.9433,80,970.00,0.290075
2281,1000,0.20,800,3,35,1.0255,81,1007.00,1.082352
2282,1000,0.20,800,3,35,0.9954,82,976.00,0.127538
2283,1000,0.20,800,3,35,0.9757,83,999.00,2.985823
2284,1000,0.20,800,3,35,1.0169,84,967.00,0.179421
2285,1000,0.20,800,3,35,1.0103,85,1007.00,1.643530
2286,1000,0.20,800,3,35,0.9955,86,1039.00,0.602876
2287,1000,0.20,800,3,35,1.0022,87,1006.00,0.741257
2288,1000,0.20,800,3,35,1.0192,88,973.00,0.453328
2289,1000,0.20,800,3,35,1.0084,89,954.00,0.757573
2290,1000,0.20,800,3,35,0.9568,90,1015.00,0.060344
2291,1000,0.20,800,3,35,1.0107,91,979.00,0.151522
2292,1000,0.20,800,3,35,1.0146,92,985.00,3.120203
2293,1000,0.20,800,3,35,1.0001,93,1010.00,0.196765
2294,1000,0.20,800,3,35,1.0149,94,964.00,0.156029
2295,1000,0.20,800,3,35,0.9748,95,1012.00,0.821880
2296,1000,0.20,800,3,35,0.9818,96,990.00,1.512001
2297,1000,0.20,800,3,35,1.0077,97,1016.00,1.439401
2298,1000,0.20,800,3,35,0.9685,98,1031.00,1.146103
2299,1000,0.20,800,3,35,1.0246,99,991.00,0.595003
2300,1000,0.25,750,3,35,1.0066,0,967.00,1.965533
2301,1000,0.25,750,3,35,0.9863,1,944.00,0.263468
2302,1000,0.25,750,3,35,0.9943,2,975.00,0.398924
2303,1000,0.25,750,3,35,0.9970,3,978.00,1.240094
2304,1000,0.25,750,3,35,0.9818,4,1009.00,0.432234
2305,1000,0.25,750,3,35,0.9543,5,995.00,0.671916
2306,1000,0.25,750,3,35,0.9690,6,1007.00,0.559426
2307,1000,0.25,750,3,35,1.0465,7,987.00,0.685170
2308,1000,0.25,750,3,35,0.9963,8,990.00,0.700188
2309,1000,0.25,750,3,35,0.9934,9,1010.00,1.972233
2310,1000,0.25,750,3,35,1.0114,10,993.00,0.455962
2311,1000,0.25,750,3,35,0.9786,11,972.00,0.543429
2312,1000,0.25,750,3,35,1.0341,12,970.00,0.169509
2313,1000,0.25,750,3,35,0.9872,13,984.00,2.384229
2314,1000,0.25,750,3,35,1.0008,14,956.00,0.366539
2315,1000,0.25,750,3,35,0.9746,15,983.00,0.152605
2316,1000,0.25,750,3,35,0.9908,16,990.00,0.481551
2317,1000,0.25,750,3,35,1.0428,17,1008.00,0.485048
2318,1000,0.25,750,3,35,1.0256,18,1004.00,0.402245
2319,1000,0.25,750,3,35,0.9975,19,965.00,0.994243
2320,1000,0.25,750,3,35,0.9935,20,968.00,1.145686
2321,1000,0.25,750,3,35,1.0103,21,996.00,0.325842
2322,1000,0.25,750,3,35,0.9966,22,967.00,1.147256
2323,1000,0.25,750,3,35,0.9644,23,985.00,0.158367
2324,1000,0.25,750,3,35,1.0222,24,1033.00,1.140772
2325,1000,0.25,750,3,35,1.0022,25,1006.00,2.318093
2326,1000,0.25,750,3,35,1.0070,26,1014.00,2.818357
2327,1000,0.25,750,3,35,0.9870,27,1000.00,0.704038
2328,1000,0.25,750,3,35,1.0660,28,1036.00,5.172390
2329,1000,0.25,750,3,35,0.9417,29,1009.00,3.084306
2330,1000,0.25,750,3,35,1.0505,30,1016.00,0.454468
2331,1000,0.25,750,3,35,0.9918,31,985.00,0.606563
2332,1000,0.25,750,3,35,0.9713,32,989.00,0.613676
2333,1000,0.25,750,3,35,0.9685,33,969.00,0.358338
2334,1000,0.25,750,3,35,1.0121,34,1000.00,0.737235
2335,1000,0.25,750,3,35,1.0068,35,994.00,2.875041
2336,1000,0.25,750,3,35,1.0113,36,996.00,1.050954
2337,1000,0.25,750,3,35,0.9880,37,1000.00,0.751963
2338,1000,0.25,750,3,35,0.9805,38,998.00,1.183237
2339,1000,0.25,750,3,35,0.9871,39,989.00,1.763199
2340,1000,0.25,750,3,35,0.9907,40,1022.00,2.051542
2341,1000,0.25,750,3,35,0.9916,41,972.00,1.418774
2342,1000,0.25,750,3,35,0.9870,42,981.00,0.112508
2343,1000,0.25,750,3,35,1.0105,43,987.00,0.565658
2344,1000,0.25,750,3,35,1.0264,44,979.00,0.925076
2345,1000,0.25,750,3,35,1.0012,45,1004.00,0.390589
2346,1000,0.25,750,3,35,0.9615,46,957.00,0.853514
2347,1000,0.25,750,3,35,0.9921,47,1003.00,0.727997
2348,1000,0.25,750,3,35,1.0074,48,955.00,0.067431
2349,1000,0.25,750,3,35,0.9468,49,1003.00,2.407873
2350,1000,0.25,750,3,35,1.0499,50,975.00,0.560514
2351,1000,0.25,750,3,35,0.9957,51,991.00,1.454208
2352,1000,0.25,750,3,35,1.0200,52,1000.00,1.336889
2353,1000,0.25,750,3,35,0.9654,53,1002.00,0.931502
2354,1000,0.25,750,3,35,0.9978,54,1007.00,1.065472
2355,1000,0.25,750,3,35,0.9857,55,984.00,6.271929
2356,1000,0.25,750,3,35,1.0042,56,1002.00,0.624681
2357,1000,0.25,750,3,35,0.9926,57,1015.00,0.939043
2358,1000,0.25,750,3,35,0.9799,58,983.00,0.684909
2359,1000,0.25,750,3,35,0.9948,59,991.00,1.056398
2360,1000,0.25,750,3,35,1.0299,60,986.00,0.210557
2361,1000,0.25,750,3,35,1.0739,61,1010.00,0.754588
2362,1000,0.25,750,3,35,1.0008,62,996.00,0.178157
2363,1000,0.25,750,3,35,0.9912,63,978.00,0.452300
2364,1000,0.25,750,3,35,1.0089,64,1041.00,0.923707
2365,1000,0.25,750,3,35,0.9912,65,1001.00,1.103829
2366,1000,0.25,750,3,35,0.9484,66,1022.00,2.224598
2367,1000,0.25,750,3,35,1.0163,67,997.00,4.485631
2368,1000,0.25,750,3,35,0.9874,68,1004.00,1.182282
2369,1000,0.25,750,3,35,0.9894,69,1022.00,1.954647
2370,1000,0.25,750,3,35,0.9965,70,998.00,1.377795
2371,1000,0.25,750,3,35,1.0197,71,1018.00,1.568921
2372,1000,0.25,750,3,35,0.9915,72,986.00,4.252518
2373,1000,0.25,750,3,35,0.9827,73,1010.00,1.314448
2374,1000,0.25,750,3,35,0.9681,74,988.00,1.018748
2375,1000,0.25,750,3,35,0.9801,75,976.00,0.389829
2376,1000,0.25,750,3,35,0.9975,76,991.00,0.359821
2377,1000,0.25,750,3,35,0.9789,77,991.00,0.128617
2378,1000,0.25,750,3,35,1.0446,78,1017.00,0.743778
2379,1000,0.25,750,3,35,0.9518,79,1036.00,1.074705
2380,1000,0.25,750,3,35,0.9877,80,1020.00,0.484014
2381,1000,0.25,750,3,35,0.9876,81,985.00,1.019653
2382,1000,0.25,750,3,35,1.0245,82,1043.00,1.079857
2383,1000,0.25,750,3,35,1.0497,83,1068.00,0.281139
2384,1000,0.25,750,3,35,1.0140,84,1006.00,0.160759
2385,1000,0.25,750,3,35,0.9759,85,982.00,0.061814
2386,1000,0.25,750,3,35,0.9840,86,1012.00,0.425416
2387,1000,0.25,750,3,35,0.9939,87,1044.00,0.202834
2388,1000,0.25,750,3,35,1.0072,88,1033.00,0.713911
2389,1000,0.25,750,3,35,0.9912,89,1002.00,0.564950
2390,1000,0.25,750,3,35,1.0000,90,1003.00,0.239035
2391,1000,0.25,750,3,35,1.0102,91,1019.00,5.686202
2392,1000,0.25,750,3,35,1.0028,92,1028.00,0.059440
2393,1000,0.25,750,3,35,0.9742,93,980.00,0.633139
2394,1000,0.25,750,3,35,0.9605,94,1018.00,1.108901
2395,1000,0.25,750,3,35,1.0208,95,982.00,0.255067
2396,1000,0.25,750,3,35,0.9711,96,1010.00,2.188421
2397,1000,0.25,750,3,35,0.9892,97,1001.00,2.316987
2398,1000,0.25,750,3,35,0.9691,98,990.00,0.084267
2399,1000,0.25,750,3,35,1.0266,99,1058.00,2.134398
2400,1000,0.30,700,3,35,0.9779,0,981.00,0.912328
2401,1000,0.30,700,3,35,0.9903,1,994.00,2.069960
2402,1000,0.30,700,3,35,1.0146,2,981.00,1.436489
2403,1000,0.30,700,3,35,0.9790,3,1026.00,3.216285
2404,1000,0.30,700,3,35,0.9920,4,974.00,2.389041
2405,1000,0.30,700,3,35,0.9407,5,998.00,2.129776
2406,1000,0.30,700,3,35,0.9858,6,1019.00,3.944657
2407,1000,0.30,700,3,35,0.9801,7,991.00,0.596462
2408,1000,0.30,700,3,35,1.0366,8,1007.00,0.942652
2409,1000,0.30,700,3,35,0.9873,9,1008.00,4.350102
2410,1000,0.30,700,3,35,0.9835,10,1009.00,3.330375
2411,1000,0.30,700,3,35,0.9854,11,1011.00,0.961747
2412,1000,0.30,700,3,35,0.9595,12,989.00,0.401842
2413,1000,0.30,700,3,35,1.0507,13,968.00,1.617117
2414,1000,0.30,700,3,35,1.0161,14,1004.00,0.807984
2415,1000,0.30,700,3,35,1.0181,15,1058.00,0.373997
2416,1000,0.30,700,3,35,0.9578,16,930.00,1.856412
2417,1000,0.30,700,3,35,1.0123,17,1015.00,0.152020
2418,1000,0.30,700,3,35,1.0176,18,1025.00,1.542885
2419,1000,0.30,700,3,35,0.9888,19,963.00,0.776451
2420,1000,0.30,700,3,35,0.9627,20,1000.00,0.086225
2421,1000,0.30,700,3,35,1.0225,21,957.00,1.986650
2422,1000,0.30,700,3,35,1.0052,22,999.00,5.266819
2423,1000,0.30,700,3,35,0.9407,23,964.00,0.144940
2424,1000,0.30,700,3,35,0.9653,24,970.00,1.541127
2425,1000,0.30,700,3,35,1.0404,25,1010.00,0.229705
2426,1000,0.30,700,3,35,0.9721,26,940.00,1.131675
2427,1000,0.30,700,3,35,1.0218,27,963.00,0.992499
2428,1000,0.30,700,3,35,0.9585,28,993.00,2.488804
2429,1000,0.30,700,3,35,0.9911,29,972.00,1.620684
2430,1000,0.30,700,3,35,1.0398,30,969.00,1.063542
2431,1000,0.30,700,3,35,0.9782,31,968.00,0.290180
2432,1000,0.30,700,3,35,0.9586,32,964.00,0.743393
2433,1000,0.30,700,3,35,1.0106,33,977.00,1.543017
2434,1000,0.30,700,3,35,0.9916,34,990.00,0.873897
2435,1000,0.30,700,3,35,1.0303,35,956.00,2.151075
2436,1000,0.30,700,3,35,1.0022,36,972.00,0.563552
2437,1000,0.30,700,3,35,1.0063,37,932.00,0.461506
2438,1000,0.30,700,3,35,1.0063,38,937.00,0.648521
2439,1000,0.30,700,3,35,1.0316,39,963.00,1.858090
2440,1000,0.30,700,3,35,0.9956,40,968.00,2.559359
2441,1000,0.30,700,3,35,0.9975,41,986.00,0.697093
2442,1000,0.30,700,3,35,1.0654,42,955.00,0.221171
2443,1000,0.30,700,3,35,0.9890,43,962.00,1.242309
2444,1000,0.30,700,3,35,0.9652,44,1009.00,2.825299
2445,1000,0.30,700,3,35,1.0135,45,981.00,1.631504
2446,1000,0.30,700,3,35,0.9265,46,945.00,0.616327
2447,1000,0.30,700,3,35,1.0071,47,934.00,1.058684
2448,1000,0.30,700,3,35,1.0084,48,954.00,0.153508
2449,1000,0.30,700,3,35,1.0006,49,961.00,1.172981
2450,1000,0.30,700,3,35,0.9584,50,967.00,3.924042
2451,1000,0.30,700,3,35,0.9543,51,952.00,0.583643
2452,1000,0.30,700,3,35,1.0198,52,952.00,0.451968
2453,1000,0.30,700,3,35,0.9756,53,954.00,0.971369
2454,1000,0.30,700,3,35,1.0023,54,960.00,0.764038
2455,1000,0.30,700,3,35,1.0246,55,970.00,2.465292
2456,1000,0.30,700,3,35,1.0190,56,958.00,1.450602
2457,1000,0.30,700,3,35,0.9843,57,930.00,0.154907
2458,1000,0.30,700,3,35,1.0243,58,980.00,2.036002
2459,1000,0.30,700,3,35,0.9799,59,935.00,1.518706
2460,1000,0.30,700,3,35,1.0753,60,946.00,0.948952
2461,1000,0.30,700,3,35,0.9745,61,948.00,0.424350
2462,1000,0.30,700,3,35,1.0101,62,980.00,1.465078
2463,1000,0.30,700,3,35,0.9987,63,962.00,0.368659
2464,1000,0.30,700,3,35,0.9393,64,939.00,0.281308
2465,1000,0.30,700,3,35,1.0421,65,1007.00,3.257545
2466,1000,0.30,700,3,35,0.9969,66,924.00,2.114011
2467,1000,0.30,700,3,35,0.9636,67,958.00,1.492403
2468,1000,0.30,700,3,35,0.9764,68,987.00,1.291750
2469,1000,0.30,700,3,35,1.0357,69,942.00,0.202268
2470,1000,0.30,700,3,35,1.0167,70,932.00,0.966665
2471,1000,0.30,700,3,35,1.0329,71,974.00,2.765829
2472,1000,0.30,700,3,35,1.0228,72,964.00,0.629695
2473,1000,0.30,700,3,35,1.0098,73,970.00,0.470009
2474,1000,0.30,700,3,35,0.9735,74,972.00,1.178458
2475,1000,0.30,700,3,35,1.0315,75,945.00,0.392999
2476,1000,0.30,700,3,35,0.9907,76,973.00,1.400449
2477,1000,0.30,700,3,35,0.9886,77,903.00,0.823343
2478,1000,0.30,700,3,35,1.0243,78,924.00,1.228120
2479,1000,0.30,700,3,35,0.9784,79,970.00,1.356272
2480,1000,0.30,700,3,35,0.9791,80,964.00,1.090721
2481,1000,0.30,700,3,35,0.9558,81,964.00,0.890036
2482,1000,0.30,700,3,35,1.0289,82,965.00,0.981713
2483,1000,0.30,700,3,35,0.9951,83,960.00,1.801049
2484,1000,0.30,700,3,35,1.0084,84,995.00,0.307191
2485,1000,0.30,700,3,35,0.9769,85,939.00,2.136567
2486,1000,0.30,700,3,35,0.9795,86,959.00,1.853338
2487,1000,0.30,700,3,35,0.9867,87,956.00,1.645512
2488,1000,0.30,700,3,35,1.0822,88,927.00,0.281413
2489,1000,0.30,700,3,35,0.9904,89,945.00,0.746425
2490,1000,0.30,700,3,35,1.0218,90,1000.00,0.876758
2491,1000,0.30,700,3,35,1.0322,91,1044.00,0.805045
2492,1000,0.30,700,3,35,0.9764,92,1031.00,0.379339
2493,1000,0.30,700,3,35,0.9317,93,976.00,0.361810
2494,1000,0.30,700,3,35,0.9845,94,999.00,0.841889
2495,1000,0.30,700,3,35,0.9983,95,1023.00,0.932634
2496,1000,0.30,700,3,35,0.9455,96,991.00,0.843099
2497,1000,0.30,700,3,35,1.0247,97,1008.00,0.605029
2498,1000,0.30,700,3,35,0.9981,98,1010.00,0.879095
2499,1000,0.30,700,3,35,1.0664,99,978.00,0.809451
2500,1000,0.35,650,3,35,0.9936,0,980.00,0.820818
2501,1000,0.35,650,3,35,0.9791,1,1010.00,2.685932
2502,1000,0.35,650,3,35,1.0278,2,984.00,0.712795
2503,1000,0.35,650,3,35,0.9788,3,987.00,3.089852
2504,1000,0.35,650,3,35,1.0037,4,1009.00,0.415582
2505,1000,0.35,650,3,35,0.9941,5,973.00,0.817496
2506,1000,0.35,650,3,35,1.0407,6,1017.00,0.396818
2507,1000,0.35,650,3,35,1.0068,7,1007.00,1.253934
2508,1000,0.35,650,3,35,0.9685,8,983.00,1.218750
2509,1000,0.35,650,3,35,1.0241,9,1004.00,1.550989
2510,1000,0.35,650,3,35,0.9756,10,981.00,2.939662
2511,1000,0.35,650,3,35,1.0256,11,1026.00,0.744553
2512,1000,0.35,650,3,35,0.9768,12,1008.00,0.091227
2513,1000,0.35,650,3,35,1.0281,13,1012.00,4.578656
2514,1000,0.35,650,3,35,0.9998,14,986.00,1.760773
2515,1000,0.35,650,3,35,1.0079,15,970.00,0.694081
2516,1000,0.35,650,3,35,1.0041,16,948.00,2.106039
2517,1000,0.35,650,3,35,0.9864,17,989.00,0.748908
2518,1000,0.35,650,3,35,0.9884,18,964.00,0.991674
2519,1000,0.35,650,3,35,1.0001,19,987.00,0.922162
2520,1000,0.35,650,3,35,1.0428,20,995.00,0.710761
2521,1000,0.35,650,3,35,0.9745,21,1007.00,1.014715
2522,1000,0.35,650,3,35,1.0061,22,986.00,3.128031
2523,1000,0.35,650,3,35,0.9664,23,939.00,1.418029
2524,1000,0.35,650,3,35,1.0312,24,982.00,0.810596
2525,1000,0.35,650,3,35,0.9745,25,973.00,4.802600
2526,1000,0.35,650,3,35,1.0293,26,931.00,0.416367
2527,1000,0.35,650,3,35,1.0094,27,988.00,0.254590
2528,1000,0.35,650,3,35,0.9796,28,955.00,1.202250
2529,1000,0.35,650,3,35,1.0185,29,946.00,1.110865
2530,1000,0.35,650,3,35,0.9682,30,959.00,0.277425
2531,1000,0.35,650,3,35,0.9632,31,957.00,0.151436
2532,1000,0.35,650,3,35,1.0139,32,964.00,2.934851
2533,1000,0.35,650,3,35,0.9426,33,956.00,1.497362
2534,1000,0.35,650,3,35,0.9970,34,982.00,0.876565
2535,1000,0.35,650,3,35,1.0406,35,977.00,0.552866
2536,1000,0.35,650,3,35,0.9974,36,982.00,0.768487
2537,1000,0.35,650,3,35,1.0574,37,950.00,3.650501
2538,1000,0.35,650,3,35,0.9909,38,937.00,1.265379
2539,1000,0.35,650,3,35,1.0078,39,938.00,2.634900
2540,1000,0.35,650,3,35,0.9767,40,951.00,0.896374
2541,1000,0.35,650,3,35,0.9815,41,955.00,0.306481
2542,1000,0.35,650,3,35,0.9170,42,945.00,2.388853
2543,1000,0.35,650,3,35,0.9720,43,979.00,3.270469
2544,1000,0.35,650,3,35,1.0074,44,983.00,0.349505
2545,1000,0.35,650,3,35,0.9790,45,992.00,2.069220
2546,1000,0.35,650,3,35,0.9874,46,1021.00,0.541837
2547,1000,0.35,650,3,35,1.0065,47,1004.00,0.189916
2548,1000,0.35,650,3,35,1.0051,48,995.00,3.392921
2549,1000,0.35,650,3,35,0.9888,49,970.00,4.026603
2550,1000,0.35,650,3,35,1.0295,50,1025.00,0.705138
2551,1000,0.35,650,3,35,1.0200,51,1003.00,1.813413
2552,1000,0.35,650,3,35,1.0184,52,1031.00,3.216702
2553,1000,0.35,650,3,35,0.9443,53,989.00,1.839077
2554,1000,0.35,650,3,35,0.9922,54,988.00,14.529830
2555,1000,0.35,650,3,35,1.0108,55,972.00,1.208665
2556,1000,0.35,650,3,35,0.9665,56,989.00,0.157799
2557,1000,0.35,650,3,35,1.0134,57,991.00,3.526182
2558,1000,0.35,650,3,35,0.9831,58,994.00,0.686473
2559,1000,0.35,650,3,35,1.0040,59,1011.00,4.203445
2560,1000,0.35,650,3,35,1.0318,60,1006.00,1.104783
2561,1000,0.35,650,3,35,1.0471,61,957.00,3.949130
2562,1000,0.35,650,3,35,1.0392,62,1019.00,2.023335
2563,1000,0.35,650,3,35,1.0000,63,967.00,0.494335
2564,1000,0.35,650,3,35,1.0158,64,999.00,1.029872
2565,1000,0.35,650,3,35,0.9906,65,1010.00,1.228997
2566,1000,0.35,650,3,35,0.9951,66,1020.00,2.282886
2567,1000,0.35,650,3,35,1.0073,67,984.00,0.918070
2568,1000,0.35,650,3,35,1.0055,68,1017.00,1.596126
2569,1000,0.35,650,3,35,1.0184,69,1000.00,0.578886
2570,1000,0.35,650,3,35,0.9901,70,974.00,0.785169
2571,1000,0.35,650,3,35,0.9736,71,991.00,0.125915
2572,1000,0.35,650,3,35,1.0093,72,1008.00,0.260694
2573,1000,0.35,650,3,35,1.0034,73,994.00,0.352314
2574,1000,0.35,650,3,35,1.0015,74,993.00,1.279392
2575,1000,0.35,650,3,35,0.9825,75,974.00,2.277341
2576,1000,0.35,650,3,35,0.9888,76,986.00,2.085739
2577,1000,0.35,650,3,35,0.9840,77,999.00,0.471788
2578,1000,0.35,650,3,35,0.9601,78,1012.00,3.162218
2579,1000,0.35,650,3,35,1.0120,79,973.00,0.467706
2580,1000,0.35,650,3,35,1.0221,80,1005.00,0.707854
2581,1000,0.35,650,3,35,1.0118,81,963.00,1.489818
2582,1000,0.35,650,3,35,1.0149,82,970.00,9.468837
2583,1000,0.35,650,3,35,1.0369,83,1053.00,0.100221
2584,1000,0.35,650,3,35,0.9711,84,964.00,1.144951
2585,1000,0.35,650,3,35,1.0249,85,989.00,1.719654
2586,1000,0.35,650,3,35,1.0279,86,993.00,0.355130
2587,1000,0.35,650,3,35,1.0075,87,1015.00,0.563337
2588,1000,0.35,650,3,35,0.9646,88,982.00,2.757975
2589,1000,0.35,650,3,35,1.0276,89,981.00,1.432966
2590,1000,0.35,650,3,35,1.0181,90,1025.00,0.870752
2591,1000,0.35,650,3,35,1.0060,91,1004.00,1.521969
2592,1000,0.35,650,3,35,0.9510,92,946.00,3.178986
2593,1000,0.35,650,3,35,1.0673,93,976.00,2.864649
2594,1000,0.35,650,3,35,1.0051,94,942.00,1.547635
2595,1000,0.35,650,3,35,1.0079,95,942.00,0.755721
2596,1000,0.35,650,3,35,1.0292,96,972.00,2.330591
2597,1000,0.35,650,3,35,1.0146,97,992.00,1.799518
2598,1000,0.35,650,3,35,1.0783,98,1020.00,0.351768
2599,1000,0.35,650,3,35,1.0093,99,1018.00,0.943187
2600,1000,0.40,600,3,35,0.9584,0,942.00,2.320855
2601,1000,0.40,600,3,35,0.9325,1,1005.00,3.654068
2602,1000,0.40,600,3,35,1.0328,2,1003.00,0.796651
2603,1000,0.40,600,3,35,1.0230,3,961.00,0.496005
2604,1000,0.40,600,3,35,1.0377,4,990.00,1.105128
2605,1000,0.40,600,3,35,0.9659,5,963.00,1.789303
2606,1000,0.40,600,3,35,0.9687,6,998.00,0.701022
2607,1000,0.40,600,3,35,1.0387,7,987.00,1.998301
2608,1000,0.40,600,3,35,0.9949,8,973.00,0.936053
2609,1000,0.40,600,3,35,0.9859,9,1021.00,4.312491
2610,1000,0.40,600,3,35,0.9470,10,1014.00,2.306544
2611,1000,0.40,600,3,35,1.0010,11,950.00,1.476462
2612,1000,0.40,600,3,35,0.9340,12,943.00,3.342640
2613,1000,0.40,600,3,35,0.9855,13,980.00,0.940849
2614,1000,0.40,600,3,35,0.9681,14,996.00,0.579910
2615,1000,0.40,600,3,35,1.0283,15,984.00,2.721281
2616,1000,0.40,600,3,35,0.9930,16,974.00,0.208319
2617,1000,0.40,600,3,35,1.0295,17,995.00,0.422354
2618,1000,0.40,600,3,35,0.9642,18,961.00,1.878533
2619,1000,0.40,600,3,35,1.0141,19,1015.00,3.291164
2620,1000,0.40,600,3,35,1.0028,20,991.00,6.897593
2621,1000,0.40,600,3,35,0.9918,21,1031.00,0.553107
2622,1000,0.40,600,3,35,0.9949,22,987.00,0.340221
2623,1000,0.40,600,3,35,0.9525,23,1001.00,0.588839
2624,1000,0.40,600,3,35,1.0272,24,995.00,0.485297
2625,1000,0.40,600,3,35,1.0497,25,975.00,2.677474
2626,1000,0.40,600,3,35,0.9869,26,991.00,3.457587
2627,1000,0.40,600,3,35,0.9992,27,987.00,0.673443
2628,1000,0.40,600,3,35,1.0054,28,1011.00,5.494523
2629,1000,0.40,600,3,35,1.0381,29,1009.00,1.758484
2630,1000,0.40,600,3,35,0.9992,30,955.00,0.254664
2631,1000,0.40,600,3,35,1.0054,31,980.00,0.177589
2632,1000,0.40,600,3,35,1.0130,32,988.00,1.254846
2633,1000,0.40,600,3,35,0.9997,33,1027.00,6.638182
2634,1000,0.40,600,3,35,1.0616,34,1049.00,11.112037
2635,1000,0.40,600,3,35,1.0576,35,989.00,1.247833
2636,1000,0.40,600,3,35,0.9918,36,992.00,6.431476
2637,1000,0.40,600,3,35,0.9800,37,1030.00,0.855502
2638,1000,0.40,600,3,35,1.0124,38,993.00,1.564438
2639,1000,0.40,600,3,35,1.0110,39,1025.00,2.640053
2640,1000,0.40,600,3,35,0.9969,40,936.00,1.262787
2641,1000,0.40,600,3,35,1.0009,41,966.00,0.597465
2642,1000,0.40,600,3,35,0.9870,42,992.00,1.019125
2643,1000,0.40,600,3,35,0.9870,43,982.00,1.651962
2644,1000,0.40,600,3,35,1.0534,44,981.00,0.986104
2645,1000,0.40,600,3,35,1.0090,45,973.00,0.591913
2646,1000,0.40,600,3,35,1.0401,46,983.00,0.948002
2647,1000,0.40,600,3,35,0.9862,47,975.00,0.603693
2648,1000,0.40,600,3,35,1.0221,48,993.00,0.637648
2649,1000,0.40,600,3,35,1.0367,49,980.00,0.139692
2650,1000,0.40,600,3,35,1.0437,50,985.00,1.680979
2651,1000,0.40,600,3,35,0.9848,51,982.00,6.694409
2652,1000,0.40,600,3,35,1.0203,52,1044.00,0.427988
2653,1000,0.40,600,3,35,0.9904,53,1030.00,25.420481
2654,1000,0.40,600,3,35,1.0208,54,973.00,0.614753
2655,1000,0.40,600,3,35,1.0723,55,1030.00,3.084008
2656,1000,0.40,600,3,35,0.9973,56,1008.00,2.804276
2657,1000,0.40,600,3,35,0.9975,57,1019.00,2.249208
2658,1000,0.40,600,3,35,0.9941,58,990.00,1.335569
2659,1000,0.40,600,3,35,0.9511,59,1007.00,3.932756
2660,1000,0.40,600,3,35,0.9998,60,983.00,2.471999
2661,1000,0.40,600,3,35,1.0002,61,1039.00,2.293564
2662,1000,0.40,600,3,35,0.9935,62,1002.00,3.886287
2663,1000,0.40,600,3,35,1.0246,63,1090.00,0.257937
2664,1000,0.40,600,3,35,1.0118,64,985.00,0.279278
2665,1000,0.40,600,3,35,0.9748,65,998.00,3.100022
2666,1000,0.40,600,3,35,0.9773,66,976.00,0.183333
2667,1000,0.40,600,3,35,0.9720,67,1033.00,0.353094
2668,1000,0.40,600,3,35,1.0187,68,966.00,5.516531
2669,1000,0.40,600,3,35,1.0270,69,1001.00,20.516220
2670,1000,0.40,600,3,35,0.9932,70,917.00,5.588871
2671,1000,0.40,600,3,35,1.0187,71,983.00,4.853665
2672,1000,0.40,600,3,35,1.0341,72,1033.00,4.999473
2673,1000,0.40,600,3,35,1.0186,73,992.00,0.970637
2674,1000,0.40,600,3,35,0.9576,74,1025.00,2.370993
2675,1000,0.40,600,3,35,1.0298,75,1010.00,7.319027
2676,1000,0.40,600,3,35,0.9841,76,999.00,1.247499
2677,1000,0.40,600,3,35,0.9951,77,994.00,1.342592
2678,1000,0.40,600,3,35,1.0052,78,986.00,1.574631
2679,1000,0.40,600,3,35,0.9795,79,979.00,2.688730
2680,1000,0.40,600,3,35,0.9723,80,1001.00,3.842788
2681,1000,0.40,600,3,35,0.9125,81,989.00,0.356847
2682,1000,0.40,600,3,35,0.9922,82,1002.00,1.210594
2683,1000,0.40,600,3,35,1.0066,83,1009.00,4.490137
2684,1000,0.40,600,3,35,1.0009,84,971.00,2.485526
2685,1000,0.40,600,3,35,0.9626,85,940.00,0.706918
2686,1000,0.40,600,3,35,1.0138,86,1013.00,0.858617
2687,1000,0.40,600,3,35,1.0300,87,961.00,0.313378
2688,1000,0.40,600,3,35,0.9837,88,944.00,0.430462
2689,1000,0.40,600,3,35,1.0380,89,984.00,0.778185
2690,1000,0.40,600,3,35,1.0246,90,997.00,2.699384
2691,1000,0.40,600,3,35,1.0032,91,958.00,0.578745
2692,1000,0.40,600,3,35,0.9896,92,955.00,0.603522
2693,1000,0.40,600,3,35,0.9544,93,941.00,1.301563
2694,1000,0.40,600,3,35,1.0729,94,978.00,6.474585
2695,1000,0.40,600,3,35,0.9738,95,965.00,1.409797
2696,1000,0.40,600,3,35,1.0223,96,948.00,0.384715
2697,1000,0.40,600,3,35,1.0360,97,970.00,3.120406
2698,1000,0.40,600,3,35,0.9674,98,998.00,0.234116
2699,1000,0.40,600,3,35,1.0274,99,987.00,0.515395
2700,1000,0.45,550,3,35,0.9897,0,943.00,0.100900
2701,1000,0.45,550,3,35,0.9717,1,933.00,2.924149
2702,1000,0.45,550,3,35,1.0390,2,996.00,0.327490
2703,1000,0.45,550,3,35,1.0185,3,903.00,1.373429
2704,1000,0.45,550,3,35,0.9759,4,984.00,1.815449
2705,1000,0.45,550,3,35,1.0374,5,926.00,9.719746
2706,1000,0.45,550,3,35,1.0466,6,1001.00,0.484042
2707,1000,0.45,550,3,35,1.0297,7,989.00,0.095128
2708,1000,0.45,550,3,35,1.0005,8,971.00,1.016559
2709,1000,0.45,550,3,35,1.0207,9,936.00,0.239038
2710,1000,0.45,550,3,35,0.9978,10,960.00,6.249110
2711,1000,0.45,550,3,35,0.9671,11,971.00,6.791899
2712,1000,0.45,550,3,35,0.9878,12,987.00,0.287891
2713,1000,0.45,550,3,35,0.9568,13,938.00,0.844344
2714,1000,0.45,550,3,35,0.9819,14,936.00,1.174611
2715,1000,0.45,550,3,35,0.9909,15,953.00,12.663596
2716,1000,0.45,550,3,35,0.9579,16,982.00,2.740820
2717,1000,0.45,550,3,35,0.9620,17,985.00,7.652115
2718,1000,0.45,550,3,35,0.9811,18,998.00,7.527806
2719,1000,0.45,550,3,35,1.0431,19,952.00,0.017446
2720,1000,0.45,550,3,35,1.0080,20,962.00,2.256855
2721,1000,0.45,550,3,35,1.0070,21,1023.00,1.730225
2722,1000,0.45,550,3,35,0.9868,22,973.00,5.332100
2723,1000,0.45,550,3,35,0.9563,23,989.00,0.638950
2724,1000,0.45,550,3,35,0.9687,24,953.00,4.913604
2725,1000,0.45,550,3,35,1.0562,25,1011.00,5.146411
2726,1000,0.45,550,3,35,0.9860,26,1004.00,2.943854
2727,1000,0.45,550,3,35,1.0543,27,990.00,0.244621
2728,1000,0.45,550,3,35,1.0292,28,990.00,0.879648
2729,1000,0.45,550,3,35,1.0542,29,1025.00,0.721750
2730,1000,0.45,550,3,35,1.0123,30,986.00,8.883402
2731,1000,0.45,550,3,35,1.0215,31,967.00,3.140169
2732,1000,0.45,550,3,35,0.9623,32,955.00,3.472010
2733,1000,0.45,550,3,35,0.9526,33,963.00,2.079056
2734,1000,0.45,550,3,35,1.0679,34,940.00,1.386917
2735,1000,0.45,550,3,35,1.0387,35,1003.00,2.884423
2736,1000,0.45,550,3,35,1.0361,36,978.00,8.177532
2737,1000,0.45,550,3,35,1.0227,37,1006.00,8.461545
2738,1000,0.45,550,3,35,1.0119,38,972.00,3.296010
2739,1000,0.45,550,3,35,1.0687,39,1031.00,5.096231
2740,1000,0.45,550,3,35,0.9462,40,936.00,12.976155
2741,1000,0.45,550,3,35,1.0279,41,959.00,0.561997
2742,1000,0.45,550,3,35,1.0223,42,1009.00,13.104693
2743,1000,0.45,550,3,35,0.9529,43,1015.00,2.464468
2744,1000,0.45,550,3,35,1.0279,44,999.00,1.302957
2745,1000,0.45,550,3,35,1.0116,45,1007.00,2.028970
2746,1000,0.45,550,3,35,0.9884,46,987.00,0.921586
2747,1000,0.45,550,3,35,1.0136,47,972.00,0.690661
2748,1000,0.45,550,3,35,1.0086,48,990.00,10.106803
2749,1000,0.45,550,3,35,1.0058,49,992.00,2.331843
2750,1000,0.45,550,3,35,0.9684,50,961.00,0.887440
2751,1000,0.45,550,3,35,0.9885,51,950.00,1.975277
2752,1000,0.45,550,3,35,1.0197,52,996.00,3.850217
2753,1000,0.45,550,3,35,0.9976,53,978.00,1.916428
2754,1000,0.45,550,3,35,1.0487,54,978.00,6.478524
2755,1000,0.45,550,3,35,1.0024,55,954.00,7.342598
2756,1000,0.45,550,3,35,1.0293,56,990.00,7.760672
2757,1000,0.45,550,3,35,0.9673,57,971.00,1.989500
2758,1000,0.45,550,3,35,0.9848,58,991.00,1.128459
2759,1000,0.45,550,3,35,0.9901,59,959.00,3.606277
2760,1000,0.45,550,3,35,0.9888,60,1005.00,4.084273
2761,1000,0.45,550,3,35,1.0349,61,985.00,2.867442
2762,1000,0.45,550,3,35,1.0171,62,1009.00,17.028564
2763,1000,0.45,550,3,35,0.9830,63,983.00,2.069731
2764,1000,0.45,550,3,35,0.9777,64,966.00,1.072356
2765,1000,0.45,550,3,35,0.9986,65,984.00,0.734409
2766,1000,0.45,550,3,35,0.9576,66,974.00,0.425764
2767,1000,0.45,550,3,35,1.0094,67,968.00,0.302874
2768,1000,0.45,550,3,35,1.0124,68,1021.00,3.502678
2769,1000,0.45,550,3,35,1.0247,69,1016.00,0.999146
2770,1000,0.45,550,3,35,0.9923,70,970.00,1.013681
2771,1000,0.45,550,3,35,0.9646,71,981.00,2.033037
2772,1000,0.45,550,3,35,1.0278,72,979.00,1.914179
2773,1000,0.45,550,3,35,0.9741,73,913.00,8.635057
2774,1000,0.45,550,3,35,0.9999,74,971.00,5.639239
2775,1000,0.45,550,3,35,1.0122,75,974.00,1.861713
2776,1000,0.45,550,3,35,1.0338,76,952.00,9.606405
2777,1000,0.45,550,3,35,0.9903,77,898.00,0.745003
2778,1000,0.45,550,3,35,0.9938,78,965.00,5.883476
2779,1000,0.45,550,3,35,1.0146,79,999.00,0.819892
2780,1000,0.45,550,3,35,1.0517,80,973.00,0.836558
2781,1000,0.45,550,3,35,1.0311,81,967.00,0.785485
2782,1000,0.45,550,3,35,1.0401,82,968.00,1.000954
2783,1000,0.45,550,3,35,0.9970,83,937.00,1.417404
2784,1000,0.45,550,3,35,0.9774,84,929.00,0.943564
2785,1000,0.45,550,3,35,1.0016,85,952.00,1.164354
2786,1000,0.45,550,3,35,1.0161,86,948.00,0.667350
2787,1000,0.45,550,3,35,0.9826,87,946.00,1.752078
2788,1000,0.45,550,3,35,0.9321,88,962.00,2.105536
2789,1000,0.45,550,3,35,1.0882,89,1021.00,12.205091
2790,1000,0.45,550,3,35,1.0057,90,943.00,4.435741
2791,1000,0.45,550,3,35,0.9646,91,955.00,1.684775
2792,1000,0.45,550,3,35,1.0117,92,995.00,0.463650
2793,1000,0.45,550,3,35,1.0290,93,993.00,5.248269
2794,1000,0.45,550,3,35,1.0053,94,1001.00,0.224263
2795,1000,0.45,550,3,35,1.0009,95,970.00,3.144121
2796,1000,0.45,550,3,35,1.0195,96,960.00,2.101031
2797,1000,0.45,550,3,35,0.9279,97,948.00,0.455250
2798,1000,0.45,550,3,35,0.9620,98,967.00,2.125420
2799,1000,0.45,550,3,35,0.9292,99,939.00,0.494175
2800,1000,0.50,500,3,35,0.9362,0,978.00,1.426425
2801,1000,0.50,500,3,35,0.9696,1,975.00,0.749025
2802,1000,0.50,500,3,35,0.9294,2,991.00,0.295048
2803,1000,0.50,500,3,35,1.0407,3,995.00,1.477306
2804,1000,0.50,500,3,35,0.9615,4,1023.00,6.081037
2805,1000,0.50,500,3,35,0.9625,5,958.00,1.171376
2806,1000,0.50,500,3,35,1.0570,6,943.00,0.309849
2807,1000,0.50,500,3,35,1.0696,7,993.00,3.537069
2808,1000,0.50,500,3,35,0.9933,8,965.00,0.789322
2809,1000,0.50,500,3,35,0.9404,9,955.00,0.125847
2810,1000,0.50,500,3,35,1.0003,10,1005.00,0.655137
2811,1000,0.50,500,3,35,1.0409,11,940.00,4.066332
2812,1000,0.50,500,3,35,0.9715,12,941.00,15.852787
2813,1000,0.50,500,3,35,0.9686,13,985.00,2.476559
2814,1000,0.50,500,3,35,0.9968,14,946.00,3.091890
2815,1000,0.50,500,3,35,1.0016,15,1017.00,5.073579
2816,1000,0.50,500,3,35,1.0203,16,976.00,3.473690
2817,1000,0.50,500,3,35,0.9163,17,966.00,0.178566
2818,1000,0.50,500,3,35,0.9885,18,956.00,0.609216
2819,1000,0.50,500,3,35,0.9785,19,956.00,12.781661
2820,1000,0.50,500,3,35,0.9980,20,1065.00,2.178512
2821,1000,0.50,500,3,35,0.9773,21,988.00,4.492830
2822,1000,0.50,500,3,35,0.9430,22,1016.00,2.993136
2823,1000,0.50,500,3,35,1.0105,23,920.00,0.131483
2824,1000,0.50,500,3,35,1.0072,24,1026.00,0.515809
2825,1000,0.50,500,3,35,0.9833,25,969.00,1.385163
2826,1000,0.50,500,3,35,0.9526,26,980.00,11.892732
2827,1000,0.50,500,3,35,0.9421,27,948.00,0.825975
2828,1000,0.50,500,3,35,0.9636,28,934.00,1.034047
2829,1000,0.50,500,3,35,0.9853,29,1004.00,1.641129
2830,1000,0.50,500,3,35,0.9617,30,1005.00,3.308615
2831,1000,0.50,500,3,35,0.9862,31,955.00,2.934680
2832,1000,0.50,500,3,35,0.9263,32,963.00,2.623115
2833,1000,0.50,500,3,35,0.9837,33,971.00,3.203594
2834,1000,0.50,500,3,35,1.0302,34,843.00,0.759899
2835,1000,0.50,500,3,35,1.0094,35,989.00,0.834113
2836,1000,0.50,500,3,35,1.0222,36,984.00,0.925372
2837,1000,0.50,500,3,35,1.0521,37,948.00,9.113260
2838,1000,0.50,500,3,35,0.9666,38,957.00,3.602221
2839,1000,0.50,500,3,35,0.9677,39,960.00,1.675538
2840,1000,0.50,500,3,35,1.0458,40,982.00,0.969642
2841,1000,0.50,500,3,35,0.9975,41,945.00,0.287635
2842,1000,0.50,500,3,35,0.9884,42,950.00,8.833567
2843,1000,0.50,500,3,35,0.9811,43,998.00,1.836088
2844,1000,0.50,500,3,35,1.0028,44,949.00,0.628087
2845,1000,0.50,500,3,35,0.9279,45,982.00,2.148705
2846,1000,0.50,500,3,35,0.9922,46,956.00,1.128066
2847,1000,0.50,500,3,35,0.9856,47,961.00,0.879971
2848,1000,0.50,500,3,35,1.0182,48,1018.00,4.957891
2849,1000,0.50,500,3,35,0.9819,49,938.00,2.378259
2850,1000,0.50,500,3,35,0.9623,50,1150.00,0.374185
2851,1000,0.50,500,3,35,0.9519,51,1005.00,23.796032
2852,1000,0.50,500,3,35,1.0225,52,928.00,16.502542
2853,1000,0.50,500,3,35,0.9457,53,989.00,5.257141
2854,1000,0.50,500,3,35,1.0156,54,953.00,3.897171
2855,1000,0.50,500,3,35,1.0149,55,969.00,1.069220
2856,1000,0.50,500,3,35,0.9838,56,1019.00,6.381897
2857,1000,0.50,500,3,35,1.0641,57,1024.00,2.739268
2858,1000,0.50,500,3,35,0.9593,58,1024.00,10.512540
2859,1000,0.50,500,3,35,0.9338,59,1014.00,2.061841
2860,1000,0.50,500,3,35,0.9258,60,1038.00,3.816969
2861,1000,0.50,500,3,35,1.0462,61,992.00,0.556572
2862,1000,0.50,500,3,35,1.0608,62,1059.00,15.462123
2863,1000,0.50,500,3,35,0.9678,63,982.00,3.490736
2864,1000,0.50,500,3,35,1.0267,64,978.00,2.194582
2865,1000,0.50,500,3,35,0.9491,65,1014.00,2.666703
2866,1000,0.50,500,3,35,1.0717,66,976.00,16.956837
2867,1000,0.50,500,3,35,1.0049,67,1041.00,17.042704
2868,1000,0.50,500,3,35,1.0146,68,1041.00,1.520754
2869,1000,0.50,500,3,35,0.9771,69,1005.00,0.449208
2870,1000,0.50,500,3,35,1.0046,70,953.00,0.412048
2871,1000,0.50,500,3,35,1.0112,71,988.00,4.851525
2872,1000,0.50,500,3,35,1.0214,72,966.00,2.175431
2873,1000,0.50,500,3,35,0.9718,73,1046.00,3.200908
2874,1000,0.50,500,3,35,0.9538,74,1038.00,2.521413
2875,1000,0.50,500,3,35,0.9720,75,1009.00,6.307907
2876,1000,0.50,500,3,35,1.0025,76,982.00,1.279600
2877,1000,0.50,500,3,35,0.9800,77,951.00,16.493139
2878,1000,0.50,500,3,35,0.9833,78,977.00,2.462385
2879,1000,0.50,500,3,35,1.0653,79,971.00,3.102961
2880,1000,0.50,500,3,35,0.9879,80,1050.00,4.116532
2881,1000,0.50,500,3,35,0.9794,81,1029.00,1.081131
2882,1000,0.50,500,3,35,1.0588,82,975.00,4.022883
2883,1000,0.50,500,3,35,1.0328,83,1033.00,1.958733
2884,1000,0.50,500,3,35,0.9752,84,1020.00,1.956026
2885,1000,0.50,500,3,35,0.9765,85,997.00,1.520790
2886,1000,0.50,500,3,35,0.9737,86,951.00,0.649693
2887,1000,0.50,500,3,35,0.9796,87,979.00,0.509103
2888,1000,0.50,500,3,35,1.0008,88,1022.00,5.074594
2889,1000,0.50,500,3,35,0.9918,89,1012.00,5.002799
2890,1000,0.50,500,3,35,0.9952,90,1034.00,3.826807
2891,1000,0.50,500,3,35,1.0011,91,1063.00,5.077032
2892,1000,0.50,500,3,35,1.0289,92,958.00,2.889039
2893,1000,0.50,500,3,35,1.0455,93,991.00,17.588673
2894,1000,0.50,500,3,35,1.0061,94,967.00,0.197851
2895,1000,0.50,500,3,35,0.9901,95,978.00,1.394110
2896,1000,0.50,500,3,35,1.0219,96,1020.00,2.961583
2897,1000,0.50,500,3,35,1.0316,97,1025.00,2.601678
2898,1000,0.50,500,3,35,1.0134,98,1034.00,1.516177
2899,1000,0.50,500,3,35,1.0027,99,1024.00,19.386721
2900,1000,0.55,450,3,35,1.0122,0,1038.00,5.790518
2901,1000,0.55,450,3,35,0.9761,1,1012.00,13.584802
2902,1000,0.55,450,3,35,1.0050,2,983.00,1.057873
2903,1000,0.55,450,3,35,1.0035,3,1019.00,2.319774
2904,1000,0.55,450,3,35,1.0211,4,1002.00,3.562204
2905,1000,0.55,450,3,35,1.0569,5,1079.00,1.844521
2906,1000,0.55,450,3,35,0.9801,6,997.00,4.739417
2907,1000,0.55,450,3,35,0.9777,7,1013.00,20.508503
2908,1000,0.55,450,3,35,1.0568,8,1091.00,5.486165
2909,1000,0.55,450,3,35,0.9553,9,1059.00,3.129310
2910,1000,0.55,450,3,35,0.9923,10,1047.00,0.539092
2911,1000,0.55,450,3,35,0.9875,11,1044.00,0.950071
2912,1000,0.55,450,3,35,0.9315,12,980.00,2.084422
2913,1000,0.55,450,3,35,1.0951,13,1013.00,3.688811
2914,1000,0.55,450,3,35,0.9975,14,1010.00,0.303554
2915,1000,0.55,450,3,35,0.9543,15,1021.00,6.946164
2916,1000,0.55,450,3,35,0.9932,16,993.00,18.501564
2917,1000,0.55,450,3,35,1.0053,17,979.00,2.009160
2918,1000,0.55,450,3,35,0.9821,18,1044.00,5.787856
2919,1000,0.55,450,3,35,0.9937,19,1050.00,12.882536
2920,1000,0.55,450,3,35,0.9937,20,1011.00,6.543134
2921,1000,0.55,450,3,35,0.9562,21,1030.00,0.269321
2922,1000,0.55,450,3,35,0.9767,22,1028.00,3.146990
2923,1000,0.55,450,3,35,1.0377,23,994.00,0.947713
2924,1000,0.55,450,3,35,0.9512,24,1014.00,5.749471
2925,1000,0.55,450,3,35,0.9752,25,1028.00,1.494242
2926,1000,0.55,450,3,35,0.9486,26,1000.00,1.072653
2927,1000,0.55,450,3,35,0.9735,27,1019.00,1.863613
2928,1000,0.55,450,3,35,0.9440,28,1005.00,3.502140
2929,1000,0.55,450,3,35,0.9864,29,1020.00,15.043808
2930,1000,0.55,450,3,35,1.0200,30,1060.00,5.960091
2931,1000,0.55,450,3,35,1.0050,31,1052.00,0.358210
2932,1000,0.55,450,3,35,1.0014,32,1025.00,23.025597
2933,1000,0.55,450,3,35,1.0209,33,962.00,0.946845
2934,1000,0.55,450,3,35,0.9872,34,1055.00,3.389937
2935,1000,0.55,450,3,35,0.9757,35,1028.00,0.434622
2936,1000,0.55,450,3,35,0.9721,36,1019.00,6.435929
2937,1000,0.55,450,3,35,0.9673,37,987.00,26.450047
2938,1000,0.55,450,3,35,1.0007,38,792.00,1.512139
2939,1000,0.55,450,3,35,0.9730,39,1001.00,8.182288
2940,1000,0.55,450,3,35,1.0652,40,965.00,1.027339
2941,1000,0.55,450,3,35,0.9599,41,998.00,6.716430
2942,1000,0.55,450,3,35,1.0406,42,1006.00,9.786801
2943,1000,0.55,450,3,35,1.0568,43,1010.00,3.240224
2944,1000,0.55,450,3,35,1.0644,44,1048.00,0.275062
2945,1000,0.55,450,3,35,0.9451,45,985.00,0.328326
2946,1000,0.55,450,3,35,1.0098,46,984.00,1.659075
2947,1000,0.55,450,3,35,0.9831,47,1019.00,0.768211
2948,1000,0.55,450,3,35,0.9909,48,994.00,8.667790
2949,1000,0.55,450,3,35,0.9475,49,1018.00,11.888514
2950,1000,0.55,450,3,35,0.9784,50,1034.00,0.803055
2951,1000,0.55,450,3,35,0.9967,51,976.00,16.786293
2952,1000,0.55,450,3,35,1.0169,52,1024.00,4.043093
2953,1000,0.55,450,3,35,1.0175,53,1066.00,5.174739
2954,1000,0.55,450,3,35,0.9990,54,1020.00,1.720677
2955,1000,0.55,450,3,35,0.9592,55,1046.00,2.591283
2956,1000,0.55,450,3,35,1.0002,56,1078.00,16.717211
2957,1000,0.55,450,3,35,1.0131,57,1004.00,0.138947
2958,1000,0.55,450,3,35,0.9894,58,1029.00,11.295388
2959,1000,0.55,450,3,35,1.0108,59,1068.00,8.828197
2960,1000,0.55,450,3,35,0.9943,60,1030.00,2.193639
2961,1000,0.55,450,3,35,0.9769,61,1043.00,1.456137
2962,1000,0.55,450,3,35,0.9855,62,1036.00,6.837394
2963,1000,0.55,450,3,35,1.0095,63,1050.00,6.861238
2964,1000,0.55,450,3,35,1.0312,64,998.00,4.188539
2965,1000,0.55,450,3,35,1.0514,65,1047.00,8.989635
2966,1000,0.55,450,3,35,1.0056,66,1088.00,9.003491
2967,1000,0.55,450,3,35,0.9519,67,1056.00,0.480809
2968,1000,0.55,450,3,35,0.9554,68,963.00,1.856030
2969,1000,0.55,450,3,35,0.9509,69,979.00,3.141363
2970,1000,0.55,450,3,35,1.0074,70,1008.00,0.807111
2971,1000,0.55,450,3,35,0.9633,71,1042.00,9.992968
2972,1000,0.55,450,3,35,1.0116,72,1060.00,17.123882
2973,1000,0.55,450,3,35,0.9546,73,989.00,2.943732
2974,1000,0.55,450,3,35,1.0115,74,1007.00,1.152813
2975,1000,0.55,450,3,35,0.9510,75,998.00,1.001770
2976,1000,0.55,450,3,35,1.0324,76,1010.00,7.563457
2977,1000,0.55,450,3,35,0.9676,77,1031.00,3.290309
2978,1000,0.55,450,3,35,1.0120,78,1042.00,0.523002
2979,1000,0.55,450,3,35,1.0530,79,1015.00,2.233500
2980,1000,0.55,450,3,35,0.9307,80,1025.00,2.063337
2981,1000,0.55,450,3,35,1.0387,81,1029.00,0.489557
2982,1000,0.55,450,3,35,0.9872,82,1026.00,7.095736
2983,1000,0.55,450,3,35,0.9946,83,991.00,16.459278
2984,1000,0.55,450,3,35,1.0166,84,987.00,0.762369
2985,1000,0.55,450,3,35,1.0372,85,1086.00,20.994799
2986,1000,0.55,450,3,35,0.9491,86,1011.00,2.694981
2987,1000,0.55,450,3,35,0.9642,87,1039.00,0.586117
2988,1000,0.55,450,3,35,1.0019,88,1022.00,0.315620
2989,1000,0.55,450,3,35,1.0013,89,1029.00,0.646102
2990,1000,0.55,450,3,35,1.0111,90,1002.00,1.326230
2991,1000,0.55,450,3,35,0.9736,91,1053.00,6.351995
2992,1000,0.55,450,3,35,1.0161,92,1006.00,1.745796
2993,1000,0.55,450,3,35,1.0288,93,1016.00,0.452191
2994,1000,0.55,450,3,35,1.0631,94,1026.00,4.008756
2995,1000,0.55,450,3,35,0.9733,95,1019.00,5.017723
2996,1000,0.55,450,3,35,1.0237,96,1035.00,1.127792
2997,1000,0.55,450,3,35,1.0012,97,994.00,2.066841
2998,1000,0.55,450,3,35,0.9970,98,1031.00,2.884586
2999,1000,0.55,450,3,35,0.9826,99,993.00,1.731693
3000,1000,0.60,399,3,35,1.0478,0,1032.00,6.402593
3001,1000,0.60,399,3,35,0.9402,1,1008.00,5.011419
3002,1000,0.60,399,3,35,1.0160,2,1065.00,2.227381
3003,1000,0.60,399,3,35,0.9663,3,993.00,15.375773
3004,1000,0.60,399,3,35,0.9864,4,1060.00,1.042483
3005,1000,0.60,399,3,35,1.0639,5,1043.00,4.676198
3006,1000,0.60,399,3,35,1.0410,6,977.00,18.178301
3007,1000,0.60,399,3,35,1.0407,7,1042.00,0.842133
3008,1000,0.60,399,3,35,1.0297,8,1072.00,10.737177
3009,1000,0.60,399,3,35,1.0118,9,1082.00,2.470194
3010,1000,0.60,399,3,35,0.9961,10,1026.00,2.318054
3011,1000,0.60,399,3,35,1.0256,11,1116.00,10.950550
3012,1000,0.60,399,3,35,0.9577,12,1022.00,20.690796
3013,1000,0.60,399,3,35,0.9906,13,992.00,3.403659
3014,1000,0.60,399,3,35,1.0594,14,1088.00,4.038086
3015,1000,0.60,399,3,35,1.0477,15,1061.00,14.944688
3016,1000,0.60,399,3,35,1.0346,16,1015.00,11.725264
3017,1000,0.60,399,3,35,0.9878,17,1030.00,6.815518
3018,1000,0.60,399,3,35,1.0473,18,1072.00,2.391032
3019,1000,0.60,399,3,35,1.0205,19,1039.00,17.235857
3020,1000,0.60,399,3,35,1.0120,20,1018.00,14.566371
3021,1000,0.60,399,3,35,0.9675,21,1009.00,0.529743
3022,1000,0.60,399,3,35,1.0191,22,991.00,5.103604
3023,1000,0.60,399,3,35,0.9364,23,1008.00,16.674437
3024,1000,0.60,399,3,35,1.0597,24,1073.00,8.334585
3025,1000,0.60,399,3,35,1.0450,25,952.00,3.268046
3026,1000,0.60,399,3,35,0.9549,26,1055.00,3.826953
3027,1000,0.60,399,3,35,0.9142,27,1036.00,11.827879
3028,1000,0.60,399,3,35,0.9650,28,1038.00,1.516602
3029,1000,0.60,399,3,35,1.0541,29,1082.00,2.689631
3030,1000,0.60,399,3,35,0.9721,30,1101.00,6.226866
3031,1000,0.60,399,3,35,0.9416,31,985.00,6.147202
3032,1000,0.60,399,3,35,0.9649,32,1007.00,15.998898
3033,1000,0.60,399,3,35,1.0766,33,1019.00,6.648822
3034,1000,0.60,399,3,35,1.0224,34,1029.00,0.455085
3035,1000,0.60,399,3,35,1.0149,35,1028.00,14.232586
3036,1000,0.60,399,3,35,1.0269,36,1031.00,18.152435
3037,1000,0.60,399,3,35,0.9558,37,969.00,5.429440
3038,1000,0.60,399,3,35,1.0583,38,1006.00,8.802821
3039,1000,0.60,399,3,35,0.9866,39,1040.00,9.711748
3040,1000,0.60,399,3,35,1.0050,40,1015.00,9.106548
3041,1000,0.60,399,3,35,0.9442,41,1099.00,10.825582
3042,1000,0.60,399,3,35,0.9586,42,1057.00,15.962638
3043,1000,0.60,399,3,35,1.0504,43,1036.00,2.972275
3044,1000,0.60,399,3,35,0.9409,44,978.00,2.217099
3045,1000,0.60,399,3,35,1.0688,45,1060.00,25.441172
3046,1000,0.60,399,3,35,0.9665,46,997.00,18.129229
3047,1000,0.60,399,3,35,1.0186,47,987.00,12.270018
3048,1000,0.60,399,3,35,1.0225,48,984.00,9.904418
3049,1000,0.60,399,3,35,0.9624,49,1036.00,23.502659
3050,1000,0.60,399,3,35,0.9909,50,1095.00,4.646258
3051,1000,0.60,399,3,35,1.0540,51,1004.00,0.944579
3052,1000,0.60,399,3,35,1.0161,52,972.00,24.825085
3053,1000,0.60,399,3,35,0.9854,53,1022.00,13.712144
3054,1000,0.60,399,3,35,1.0107,54,347.00,4.772893
3055,1000,0.60,399,3,35,0.9788,55,977.00,8.538212
3056,1000,0.60,399,3,35,0.9879,56,996.00,19.190664
3057,1000,0.60,399,3,35,0.9895,57,1026.00,1.629256
3058,1000,0.60,399,3,35,0.9852,58,1054.00,6.264984
3059,1000,0.60,399,3,35,0.9450,59,1010.00,1.145824
3060,1000,0.60,399,3,35,0.9928,60,1044.00,3.803054
3061,1000,0.60,399,3,35,0.9386,61,1054.00,17.438019
3062,1000,0.60,399,3,35,0.9763,62,1049.00,19.247301
3063,1000,0.60,399,3,35,1.0243,63,1034.00,7.620800
3064,1000,0.60,399,3,35,0.9508,64,1014.00,0.680634
3065,1000,0.60,399,3,35,1.0142,65,966.00,0.584686
3066,1000,0.60,399,3,35,0.9809,66,999.00,14.855025
3067,1000,0.60,399,3,35,0.9428,67,966.00,2.551486
3068,1000,0.60,399,3,35,0.9961,68,1000.00,12.573359
3069,1000,0.60,399,3,35,0.9939,69,1030.00,18.506096
3070,1000,0.60,399,3,35,1.0778,70,1030.00,5.317901
3071,1000,0.60,399,3,35,0.9858,71,963.00,9.732734
3072,1000,0.60,399,3,35,0.9864,72,1026.00,3.408786
3073,1000,0.60,399,3,35,1.0523,73,1014.00,10.334479
3074,1000,0.60,399,3,35,1.0042,74,998.00,2.473347
3075,1000,0.60,399,3,35,0.9792,75,1006.00,20.422617
3076,1000,0.60,399,3,35,0.9842,76,955.00,27.022955
3077,1000,0.60,399,3,35,0.9911,77,1033.00,5.197865
3078,1000,0.60,399,3,35,1.0128,78,1045.00,9.022690
3079,1000,0.60,399,3,35,0.9580,79,984.00,25.284060
3080,1000,0.60,399,3,35,0.9855,80,1036.00,18.209879
3081,1000,0.60,399,3,35,1.0065,81,1075.00,15.353405
3082,1000,0.60,399,3,35,0.9750,82,985.00,1.084985
3083,1000,0.60,399,3,35,0.8894,83,950.00,13.265836
3084,1000,0.60,399,3,35,0.9845,84,58.00,1.319774
3085,1000,0.60,399,3,35,0.9738,85,977.00,13.819265
3086,1000,0.60,399,3,35,0.9597,86,974.00,4.278007
3087,1000,0.60,399,3,35,1.0222,87,791.00,0.728725
3088,1000,0.60,399,3,35,1.0162,88,1005.00,13.131927
3089,1000,0.60,399,3,35,1.0368,89,1085.00,11.468421
3090,1000,0.60,399,3,35,1.0141,90,1031.00,12.420646
3091,1000,0.60,399,3,35,0.9860,91,956.00,0.467096
3092,1000,0.60,399,3,35,1.0291,92,993.00,1.621192
3093,1000,0.60,399,3,35,0.9775,93,1058.00,23.794933
3094,1000,0.60,399,3,35,0.9663,94,229.00,4.725651
3095,1000,0.60,399,3,35,0.9615,95,117.00,1.209285
3096,1000,0.60,399,3,35,0.9799,96,1024.00,1.826173
3097,1000,0.60,399,3,35,1.0221,97,974.00,13.127099
3098,1000,0.60,399,3,35,0.9940,98,1026.00,8.934263
3099,1000,0.60,399,3,35,0.9789,99,994.00,3.603515
3100,1000,0.65,350,3,35,0.9993,0,1081.00,16.466476
3101,1000,0.65,350,3,35,0.9515,1,1050.00,14.506077
3102,1000,0.65,350,3,35,1.0362,2,1055.00,21.438156
3103,1000,0.65,350,3,35,0.9468,3,1027.00,8.641772
3104,1000,0.65,350,3,35,0.9615,4,1037.00,12.424533
3105,1000,0.65,350,3,35,1.0005,5,978.00,12.140557
3106,1000,0.65,350,3,35,0.9941,6,301.00,4.020737
3107,1000,0.65,350,3,35,0.9548,7,1093.00,4.476202
3108,1000,0.65,350,3,35,0.9904,8,1045.00,6.640035
3109,1000,0.65,350,3,35,1.0152,9,1091.00,7.909541
3110,1000,0.65,350,3,35,0.9817,10,1020.00,3.723172
3111,1000,0.65,350,3,35,0.9899,11,848.00,2.640101
3112,1000,0.65,350,3,35,0.9985,12,1002.00,10.399334
3113,1000,0.65,350,3,35,1.0119,13,108.00,6.823114
3114,1000,0.65,350,3,35,1.0587,14,915.00,5.209662
3115,1000,0.65,350,3,35,0.9724,15,991.00,12.101562
3116,1000,0.65,350,3,35,0.9432,16,1012.00,18.707941
3117,1000,0.65,350,3,35,0.9921,17,1025.00,3.899365
3118,1000,0.65,350,3,35,0.9734,18,846.00,15.859957
3119,1000,0.65,350,3,35,1.0022,19,209.00,19.417158
3120,1000,0.65,350,3,35,0.9780,20,1053.00,14.573471
3121,1000,0.65,350,3,35,1.0249,21,441.00,16.073551
3122,1000,0.65,350,3,35,1.0543,22,435.00,14.468708
3123,1000,0.65,350,3,35,1.0409,23,1029.00,25.678959
3124,1000,0.65,350,3,35,1.0453,24,216.00,10.854467
3125,1000,0.65,350,3,35,0.9421,25,1037.00,17.004772
3126,1000,0.65,350,3,35,0.9467,26,1022.00,17.091375
3127,1000,0.65,350,3,35,1.0328,27,1032.00,1.234548
3128,1000,0.65,350,3,35,0.9579,28,1038.00,15.306034
3129,1000,0.65,350,3,35,1.0020,29,1004.00,9.300615
3130,1000,0.65,350,3,35,1.0653,30,1018.00,10.843799
3131,1000,0.65,350,3,35,1.0702,31,285.00,3.733136
3132,1000,0.65,350,3,35,1.0169,32,245.00,5.534571
3133,1000,0.65,350,3,35,0.9905,33,561.00,9.982814
3134,1000,0.65,350,3,35,1.0014,34,1006.00,9.732427
3135,1000,0.65,350,3,35,0.9857,35,1048.00,21.979164
3136,1000,0.65,350,3,35,0.9907,36,762.00,12.084483
3137,1000,0.65,350,3,35,0.9439,37,1013.00,3.694812
3138,1000,0.65,350,3,35,0.9177,38,87.00,11.870188
3139,1000,0.65,350,3,35,1.0684,39,1055.00,27.606840
3140,1000,0.65,350,3,35,1.0377,40,575.00,8.588888
3141,1000,0.65,350,3,35,1.0031,41,1066.00,6.928917
3142,1000,0.65,350,3,35,0.9389,42,1077.00,6.884302
3143,1000,0.65,350,3,35,1.0151,43,1046.00,2.015487
3144,1000,0.65,350,3,35,0.9796,44,333.00,1.401397
3145,1000,0.65,350,3,35,0.9531,45,1055.00,1.071494
3146,1000,0.65,350,3,35,1.0329,46,806.00,12.039337
3147,1000,0.65,350,3,35,1.0090,47,1044.00,22.585064
3148,1000,0.65,350,3,35,1.0676,48,222.00,11.805086
3149,1000,0.65,350,3,35,1.0153,49,86.00,7.667383
3150,1000,0.65,350,3,35,0.9989,50,1015.00,13.051343
3151,1000,0.65,350,3,35,1.0288,51,877.00,6.677080
3152,1000,0.65,350,3,35,0.9611,52,1050.00,13.799313
3153,1000,0.65,350,3,35,0.9816,53,328.00,16.429247
3154,1000,0.65,350,3,35,1.0551,54,124.00,11.067636
3155,1000,0.65,350,3,35,1.0032,55,345.00,9.103658
3156,1000,0.65,350,3,35,0.9742,56,1130.00,16.969391
3157,1000,0.65,350,3,35,0.9642,57,1043.00,11.999301
3158,1000,0.65,350,3,35,0.9891,58,826.00,9.347661
3159,1000,0.65,350,3,35,1.0651,59,1049.00,25.428053
3160,1000,0.65,350,3,35,0.9205,60,984.00,6.157862
3161,1000,0.65,350,3,35,0.9567,61,705.00,15.028054
3162,1000,0.65,350,3,35,1.0091,62,1017.00,0.593457
3163,1000,0.65,350,3,35,1.0546,63,192.00,16.810881
3164,1000,0.65,350,3,35,1.0031,64,290.00,7.644641
3165,1000,0.65,350,3,35,1.0530,65,194.00,6.987505
3166,1000,0.65,350,3,35,1.0090,66,990.00,3.598026
3167,1000,0.65,350,3,35,1.0050,67,762.00,6.414486
3168,1000,0.65,350,3,35,1.0545,68,1024.00,6.397248
3169,1000,0.65,350,3,35,0.9480,69,1062.00,17.140728
3170,1000,0.65,350,3,35,0.9671,70,962.00,5.008205
3171,1000,0.65,350,3,35,0.9668,71,824.00,5.247484
3172,1000,0.65,350,3,35,0.9740,72,998.00,10.931969
3173,1000,0.65,350,3,35,1.0449,73,264.00,2.826343
3174,1000,0.65,350,3,35,1.0138,74,1032.00,3.635323
3175,1000,0.65,350,3,35,0.9543,75,983.00,8.006711
3176,1000,0.65,350,3,35,1.0327,76,1082.00,3.962717
3177,1000,0.65,350,3,35,1.0007,77,713.00,16.399563
3178,1000,0.65,350,3,35,0.9995,78,153.00,5.678134
3179,1000,0.65,350,3,35,0.9804,79,425.00,4.477076
3180,1000,0.65,350,3,35,1.0102,80,995.00,2.520170
3181,1000,0.65,350,3,35,1.0563,81,1032.00,23.505667
3182,1000,0.65,350,3,35,0.9795,82,986.00,8.239238
3183,1000,0.65,350,3,35,0.9957,83,1021.00,19.368263
3184,1000,0.65,350,3,35,0.9893,84,1035.00,14.383645
3185,1000,0.65,350,3,35,1.0811,85,1071.00,5.103163
3186,1000,0.65,350,3,35,1.0525,86,997.00,16.529774
3187,1000,0.65,350,3,35,0.9874,87,1118.00,7.751757
3188,1000,0.65,350,3,35,0.9333,88,671.00,2.911583
3189,1000,0.65,350,3,35,1.0414,89,262.00,2.811205
3190,1000,0.65,350,3,35,0.9466,90,1078.00,22.399559
3191,1000,0.65,350,3,35,0.9268,91,1034.00,21.966038
3192,1000,0.65,350,3,35,0.9932,92,1054.00,3.945021
3193,1000,0.65,350,3,35,0.9290,93,991.00,13.019888
3194,1000,0.65,350,3,35,1.0428,94,1041.00,7.687570
3195,1000,0.65,350,3,35,1.0346,95,976.00,9.476601
3196,1000,0.65,350,3,35,1.0155,96,385.00,1.934272
3197,1000,0.65,350,3,35,0.9856,97,1037.00,2.971027
3198,1000,0.65,350,3,35,0.9889,98,987.00,16.548460
3199,1000,0.65,350,3,35,0.9458,99,1031.00,9.485074
3200,1000,0.70,300,3,35,0.9929,0,131.00,6.597096
3201,1000,0.70,300,3,35,0.9712,1,250.00,4.773505
3202,1000,0.70,300,3,35,0.9652,2,144.00,5.557644
3203,1000,0.70,300,3,35,0.9920,3,108.00,10.638816
3204,1000,0.70,300,3,35,1.0142,4,130.00,11.091756
3205,1000,0.70,300,3,35,0.9768,5,201.00,3.873312
3206,1000,0.70,300,3,35,1.0884,6,81.00,13.221481
3207,1000,0.70,300,3,35,0.9916,7,151.00,13.436669
3208,1000,0.70,300,3,35,1.0108,8,199.00,11.217520
3209,1000,0.70,300,3,35,1.0720,9,82.00,4.435183
3210,1000,0.70,300,3,35,1.0292,10,82.00,21.885187
3211,1000,0.70,300,3,35,1.0157,11,348.00,30.811996
3212,1000,0.70,300,3,35,1.0421,12,79.00,11.171994
3213,1000,0.70,300,3,35,1.0317,13,293.00,1.364162
3214,1000,0.70,300,3,35,0.9211,14,134.00,10.413248
3215,1000,0.70,300,3,35,1.0146,15,133.00,29.190813
3216,1000,0.70,300,3,35,1.0304,16,181.00,13.672276
3217,1000,0.70,300,3,35,0.9873,17,381.00,22.641218
3218,1000,0.70,300,3,35,0.9806,18,102.00,4.092952
3219,1000,0.70,300,3,35,1.0892,19,81.00,21.187950
3220,1000,0.70,300,3,35,0.8798,20,135.00,6.228885
3221,1000,0.70,300,3,35,0.9738,21,112.00,11.313606
3222,1000,0.70,300,3,35,0.9949,22,162.00,13.298878
3223,1000,0.70,300,3,35,0.9306,23,270.00,24.560026
3224,1000,0.70,300,3,35,0.9952,24,73.00,19.510330
3225,1000,0.70,300,3,35,1.0217,25,277.00,19.040676
3226,1000,0.70,300,3,35,0.9980,26,179.00,8.984197
3227,1000,0.70,300,3,35,0.9703,27,85.00,19.390930
3228,1000,0.70,300,3,35,0.9797,28,209.00,8.671086
3229,1000,0.70,300,3,35,1.0319,29,120.00,8.840724
3230,1000,0.70,300,3,35,0.9912,30,252.00,30.827005
3231,1000,0.70,300,3,35,0.9815,31,82.00,7.512760
3232,1000,0.70,300,3,35,0.9709,32,257.00,4.799546
3233,1000,0.70,300,3,35,1.0230,33,359.00,25.122356
3234,1000,0.70,300,3,35,0.9819,34,79.00,23.088619
3235,1000,0.70,300,3,35,0.9929,35,601.00,5.140014
3236,1000,0.70,300,3,35,1.0053,36,146.00,15.523222
3237,1000,0.70,300,3,35,1.0570,37,112.00,18.264713
3238,1000,0.70,300,3,35,1.0162,38,140.00,29.932253
3239,1000,0.70,300,3,35,1.0935,39,226.00,16.686165
3240,1000,0.70,300,3,35,1.0253,40,83.00,3.057598
3241,1000,0.70,300,3,35,0.9859,41,108.00,12.333388
3242,1000,0.70,300,3,35,1.0624,42,310.00,17.065882
3243,1000,0.70,300,3,35,0.9960,43,561.00,12.001315
3244,1000,0.70,300,3,35,1.0199,44,203.00,14.373490
3245,1000,0.70,300,3,35,0.9850,45,224.00,26.926571
3246,1000,0.70,300,3,35,0.9191,46,349.00,13.090769
3247,1000,0.70,300,3,35,1.0041,47,241.00,9.298091
3248,1000,0.70,300,3,35,0.9801,48,109.00,5.968624
3249,1000,0.70,300,3,35,1.0141,49,135.00,17.645683
3250,1000,0.70,300,3,35,1.0358,50,371.00,13.604504
3251,1000,0.70,300,3,35,0.9325,51,205.00,19.375542
3252,1000,0.70,300,3,35,1.0425,52,200.00,4.878664
3253,1000,0.70,300,3,35,1.0465,53,580.00,4.646479
3254,1000,0.70,300,3,35,0.9687,54,83.00,8.126949
3255,1000,0.70,300,3,35,0.9705,55,105.00,4.808979
3256,1000,0.70,300,3,35,0.9811,56,132.00,21.513561
3257,1000,0.70,300,3,35,1.0291,57,536.00,19.936106
3258,1000,0.70,300,3,35,0.9447,58,149.00,6.101404
3259,1000,0.70,300,3,35,1.0140,59,586.00,17.279209
3260,1000,0.70,300,3,35,1.0103,60,65.00,9.465394
3261,1000,0.70,300,3,35,1.0537,61,118.00,3.275820
3262,1000,0.70,300,3,35,0.9559,62,76.00,8.341645
3263,1000,0.70,300,3,35,1.0298,63,198.00,15.296932
3264,1000,0.70,300,3,35,1.0278,64,134.00,15.619028
3265,1000,0.70,300,3,35,0.9657,65,386.00,9.374912
3266,1000,0.70,300,3,35,1.0086,66,132.00,8.809647
3267,1000,0.70,300,3,35,0.9552,67,490.00,19.946968
3268,1000,0.70,300,3,35,1.0101,68,127.00,30.545574
3269,1000,0.70,300,3,35,0.9311,69,109.00,3.947727
3270,1000,0.70,300,3,35,0.9801,70,106.00,6.975259
3271,1000,0.70,300,3,35,0.9377,71,111.00,4.655114
3272,1000,0.70,300,3,35,0.9114,72,377.00,10.836549
3273,1000,0.70,300,3,35,0.9797,73,116.00,7.687035
3274,1000,0.70,300,3,35,1.1126,74,188.00,3.743735
3275,1000,0.70,300,3,35,1.0247,75,1013.00,23.267857
3276,1000,0.70,300,3,35,0.9649,76,648.00,4.741192
3277,1000,0.70,300,3,35,0.9967,77,129.00,26.177414
3278,1000,0.70,300,3,35,0.9714,78,105.00,7.487149
3279,1000,0.70,300,3,35,1.0118,79,174.00,29.265465
3280,1000,0.70,300,3,35,1.0569,80,121.00,7.113031
3281,1000,0.70,300,3,35,1.0212,81,299.00,7.455966
3282,1000,0.70,300,3,35,1.0260,82,79.00,11.883441
3283,1000,0.70,300,3,35,0.9664,83,228.00,14.263003
3284,1000,0.70,300,3,35,1.0143,84,80.00,15.666303
3285,1000,0.70,300,3,35,0.9599,85,177.00,7.808607
3286,1000,0.70,300,3,35,0.9969,86,171.00,8.352597
3287,1000,0.70,300,3,35,0.9823,87,314.00,2.236096
3288,1000,0.70,300,3,35,0.9515,88,203.00,13.283838
3289,1000,0.70,300,3,35,1.0074,89,123.00,3.231813
3290,1000,0.70,300,3,35,0.9627,90,117.00,6.386531
3291,1000,0.70,300,3,35,1.0403,91,111.00,23.264139
3292,1000,0.70,300,3,35,0.9600,92,338.00,9.825024
3293,1000,0.70,300,3,35,1.0738,93,136.00,13.081250
3294,1000,0.70,300,3,35,1.0089,94,482.00,13.290442
3295,1000,0.70,300,3,35,0.9872,95,393.00,12.015037
3296,1000,0.70,300,3,35,1.0212,96,329.00,4.100304
3297,1000,0.70,300,3,35,0.9996,97,472.00,16.012983
3298,1000,0.70,300,3,35,0.9918,98,106.00,9.115101
3299,1000,0.70,300,3,35,1.0341,99,137.00,13.886241
3300,1000,0.75,250,3,35,1.0951,0,80.00,16.684078
3301,1000,0.75,250,3,35,0.9510,1,206.00,24.284975
3302,1000,0.75,250,3,35,0.9553,2,114.00,6.751975
3303,1000,0.75,250,3,35,1.0169,3,112.00,5.730823
3304,1000,0.75,250,3,35,1.0004,4,80.00,4.474677
3305,1000,0.75,250,3,35,0.9670,5,142.00,17.671095
3306,1000,0.75,250,3,35,1.0699,6,119.00,4.054236
3307,1000,0.75,250,3,35,0.9876,7,94.00,5.135159
3308,1000,0.75,250,3,35,0.9302,8,129.00,10.667950
3309,1000,0.75,250,3,35,1.0101,9,133.00,10.750937
3310,1000,0.75,250,3,35,0.9658,10,111.00,10.646289
3311,1000,0.75,250,3,35,0.9180,11,208.00,5.636067
3312,1000,0.75,250,3,35,0.9656,12,75.00,32.162453
3313,1000,0.75,250,3,35,1.0833,13,264.00,23.448114
3314,1000,0.75,250,3,35,0.9094,14,135.00,13.559699
3315,1000,0.75,250,3,35,1.0346,15,267.00,23.470047
3316,1000,0.75,250,3,35,1.0138,16,80.00,30.564400
3317,1000,0.75,250,3,35,0.9461,17,91.00,31.036396
3318,1000,0.75,250,3,35,0.9987,18,135.00,30.739483
3319,1000,0.75,250,3,35,0.9324,19,226.00,30.317698
3320,1000,0.75,250,3,35,0.9499,20,114.00,26.142076
3321,1000,0.75,250,3,35,1.0465,21,149.00,7.592956
3322,1000,0.75,250,3,35,0.9498,22,236.00,19.452007
3323,1000,0.75,250,3,35,0.9000,23,82.00,22.022612
3324,1000,0.75,250,3,35,0.9750,24,120.00,15.202419
3325,1000,0.75,250,3,35,0.9671,25,89.00,4.355573
3326,1000,0.75,250,3,35,0.9829,26,79.00,12.700773
3327,1000,0.75,250,3,35,1.0119,27,238.00,13.772811
3328,1000,0.75,250,3,35,1.0850,28,111.00,9.664580
3329,1000,0.75,250,3,35,0.9508,29,114.00,6.289408
3330,1000,0.75,250,3,35,0.9563,30,81.00,31.746298
3331,1000,0.75,250,3,35,0.9922,31,166.00,34.463364
3332,1000,0.75,250,3,35,0.9800,32,119.00,25.427530
3333,1000,0.75,250,3,35,0.9361,33,238.00,6.718005
3334,1000,0.75,250,3,35,1.0335,34,203.00,5.229544
3335,1000,0.75,250,3,35,1.0225,35,129.00,10.339547
3336,1000,0.75,250,3,35,0.9410,36,246.00,4.235669
3337,1000,0.75,250,3,35,0.9918,37,161.00,32.293629
3338,1000,0.75,250,3,35,1.0134,38,124.00,33.679794
3339,1000,0.75,250,3,35,0.8921,39,105.00,23.887072
3340,1000,0.75,250,3,35,1.0537,40,100.00,7.087449
3341,1000,0.75,250,3,35,1.0059,41,106.00,22.862436
3342,1000,0.75,250,3,35,0.9777,42,137.00,16.928551
3343,1000,0.75,250,3,35,0.9750,43,185.00,11.600528
3344,1000,0.75,250,3,35,0.9184,44,82.00,39.332489
3345,1000,0.75,250,3,35,0.9846,45,85.00,12.941041
3346,1000,0.75,250,3,35,1.0005,46,73.00,13.723009
3347,1000,0.75,250,3,35,1.0539,47,79.00,7.428001
3348,1000,0.75,250,3,35,0.9503,48,102.00,24.831322
3349,1000,0.75,250,3,35,1.0004,49,101.00,27.229586
3350,1000,0.75,250,3,35,1.0508,50,211.00,10.651321
3351,1000,0.75,250,3,35,0.9768,51,87.00,16.884945
3352,1000,0.75,250,3,35,0.9518,52,139.00,4.403028
3353,1000,0.75,250,3,35,0.9514,53,87.00,6.930167
3354,1000,0.75,250,3,35,0.9833,54,70.00,35.722572
3355,1000,0.75,250,3,35,0.9311,55,329.00,8.653275
3356,1000,0.75,250,3,35,0.9080,56,161.00,5.054770
3357,1000,0.75,250,3,35,0.9618,57,79.00,27.322006
3358,1000,0.75,250,3,35,0.9676,58,129.00,33.087212
3359,1000,0.75,250,3,35,1.0774,59,150.00,16.099669
3360,1000,0.75,250,3,35,0.9587,60,88.00,11.254956
3361,1000,0.75,250,3,35,0.9204,61,86.00,4.481878
3362,1000,0.75,250,3,35,0.9433,62,73.00,9.749521
3363,1000,0.75,250,3,35,1.0643,63,86.00,6.961350
3364,1000,0.75,250,3,35,0.9728,64,207.00,5.095625
3365,1000,0.75,250,3,35,0.9747,65,101.00,13.151438
3366,1000,0.75,250,3,35,0.9490,66,167.00,24.983789
3367,1000,0.75,250,3,35,0.9778,67,241.00,11.340397
3368,1000,0.75,250,3,35,1.0602,68,104.00,9.650580
3369,1000,0.75,250,3,35,1.0290,69,102.00,17.422411
3370,1000,0.75,250,3,35,0.9746,70,126.00,37.903580
3371,1000,0.75,250,3,35,1.0280,71,114.00,9.401840
3372,1000,0.75,250,3,35,0.8459,72,69.00,37.710625
3373,1000,0.75,250,3,35,0.9812,73,102.00,18.700228
3374,1000,0.75,250,3,35,0.9587,74,150.00,21.725353
3375,1000,0.75,250,3,35,0.9719,75,173.00,19.846134
3376,1000,0.75,250,3,35,0.9568,76,146.00,20.598009
3377,1000,0.75,250,3,35,0.9456,77,77.00,19.860256
3378,1000,0.75,250,3,35,0.9046,78,304.00,29.005625
3379,1000,0.75,250,3,35,1.0200,79,119.00,19.160910
3380,1000,0.75,250,3,35,0.9991,80,91.00,11.245707
3381,1000,0.75,250,3,35,1.0625,81,112.00,7.750139
3382,1000,0.75,250,3,35,1.0146,82,120.00,15.172393
3383,1000,0.75,250,3,35,0.9801,83,78.00,28.784290
3384,1000,0.75,250,3,35,1.0322,84,69.00,19.588490
3385,1000,0.75,250,3,35,0.9604,85,81.00,24.566734
3386,1000,0.75,250,3,35,0.9276,86,119.00,14.496822
3387,1000,0.75,250,3,35,1.0109,87,74.00,3.916184
3388,1000,0.75,250,3,35,1.0061,88,265.00,30.864164
3389,1000,0.75,250,3,35,1.0220,89,161.00,9.631542
3390,1000,0.75,250,3,35,1.0128,90,72.00,7.675575
3391,1000,0.75,250,3,35,0.9743,91,159.00,30.968592
3392,1000,0.75,250,3,35,0.9391,92,113.00,14.026927
3393,1000,0.75,250,3,35,0.9762,93,87.00,10.913322
3394,1000,0.75,250,3,35,0.9697,94,73.00,20.772770
3395,1000,0.75,250,3,35,1.0418,95,185.00,25.351313
3396,1000,0.75,250,3,35,0.9884,96,170.00,14.243670
3397,1000,0.75,250,3,35,1.0169,97,75.00,34.137077
3398,1000,0.75,250,3,35,0.9875,98,94.00,17.344688
3399,1000,0.75,250,3,35,0.9277,99,147.00,13.572492
3400,1000,0.80,199,3,35,1.0050,0,70.00,25.860188
3401,1000,0.80,199,3,35,1.0234,1,439.00,6.773643
3402,1000,0.80,199,3,35,1.0261,2,157.00,2.367933
3403,1000,0.80,199,3,35,0.9091,3,85.00,5.590515
3404,1000,0.80,199,3,35,1.0176,4,133.00,6.085989
3405,1000,0.80,199,3,35,0.9592,5,150.00,37.891075
3406,1000,0.80,199,3,35,0.9181,6,189.00,5.252409
3407,1000,0.80,199,3,35,0.9324,7,144.00,14.154963
3408,1000,0.80,199,3,35,0.9799,8,114.00,30.770462
3409,1000,0.80,199,3,35,0.9674,9,124.00,41.898937
3410,1000,0.80,199,3,35,0.9506,10,79.00,19.958023
3411,1000,0.80,199,3,35,0.9817,11,80.00,17.529074
3412,1000,0.80,199,3,35,1.0207,12,76.00,59.835159
3413,1000,0.80,199,3,35,0.9226,13,111.00,15.563607
3414,1000,0.80,199,3,35,0.9830,14,110.00,13.608935
3415,1000,0.80,199,3,35,0.9009,15,87.00,24.709488
3416,1000,0.80,199,3,35,1.0317,16,67.00,21.351501
3417,1000,0.80,199,3,35,1.0086,17,230.00,16.724403
3418,1000,0.80,199,3,35,1.0525,18,137.00,42.681190
3419,1000,0.80,199,3,35,0.9651,19,122.00,3.541985
3420,1000,0.80,199,3,35,0.9073,20,239.00,21.757986
3421,1000,0.80,199,3,35,1.0340,21,66.00,23.103399
3422,1000,0.80,199,3,35,0.9919,22,139.00,7.476295
3423,1000,0.80,199,3,35,0.9288,23,170.00,10.395282
3424,1000,0.80,199,3,35,0.9707,24,112.00,12.042899
3425,1000,0.80,199,3,35,1.0228,25,158.00,4.114928
3426,1000,0.80,199,3,35,1.0706,26,98.00,21.762037
3427,1000,0.80,199,3,35,0.9808,27,155.00,11.230917
3428,1000,0.80,199,3,35,0.8559,28,138.00,72.346184
3429,1000,0.80,199,3,35,0.9688,29,155.00,14.117891
3430,1000,0.80,199,3,35,0.9815,30,121.00,15.083844
3431,1000,0.80,199,3,35,1.0212,31,95.00,42.597164
3432,1000,0.80,199,3,35,1.0664,32,80.00,15.851556
3433,1000,0.80,199,3,35,0.9697,33,66.00,71.968315
3434,1000,0.80,199,3,35,0.9708,34,87.00,18.079945
3435,1000,0.80,199,3,35,0.9476,35,70.00,36.454437
3436,1000,0.80,199,3,35,1.1106,36,77.00,17.524742
3437,1000,0.80,199,3,35,0.9228,37,103.00,26.031540
3438,1000,0.80,199,3,35,0.9646,38,67.00,38.379368
3439,1000,0.80,199,3,35,0.9926,39,81.00,8.078869
3440,1000,0.80,199,3,35,1.0179,40,114.00,4.082459
3441,1000,0.80,199,3,35,1.0217,41,125.00,24.276659
3442,1000,0.80,199,3,35,0.9905,42,112.00,15.750649
3443,1000,0.80,199,3,35,0.9690,43,75.00,55.455673
3444,1000,0.80,199,3,35,1.0025,44,75.00,3.873116
3445,1000,0.80,199,3,35,1.0068,45,129.00,9.703071
3446,1000,0.80,199,3,35,1.0245,46,82.00,16.156488
3447,1000,0.80,199,3,35,0.9488,47,117.00,35.508423
3448,1000,0.80,199,3,35,1.0082,48,69.00,18.904663
3449,1000,0.80,199,3,35,0.9284,49,141.00,6.658137
3450,1000,0.80,199,3,35,0.9927,50,248.00,26.806160
3451,1000,0.80,199,3,35,0.9769,51,288.00,5.790665
3452,1000,0.80,199,3,35,0.9908,52,170.00,12.604778
3453,1000,0.80,199,3,35,1.0462,53,66.00,58.479008
3454,1000,0.80,199,3,35,1.0224,54,84.00,25.730993
3455,1000,0.80,199,3,35,0.8644,55,81.00,19.101353
3456,1000,0.80,199,3,35,1.0646,56,97.00,23.040573
3457,1000,0.80,199,3,35,0.9840,57,126.00,2.317448
3458,1000,0.80,199,3,35,1.0622,58,69.00,66.437469
3459,1000,0.80,199,3,35,1.0612,59,107.00,3.426009
3460,1000,0.80,199,3,35,0.9760,60,90.00,12.487596
3461,1000,0.80,199,3,35,1.0372,61,82.00,29.404791
3462,1000,0.80,199,3,35,1.0255,62,70.00,7.516840
3463,1000,0.80,199,3,35,0.9417,63,213.00,37.023838
3464,1000,0.80,199,3,35,0.9968,64,90.00,5.407530
3465,1000,0.80,199,3,35,1.0330,65,99.00,61.205757
3466,1000,0.80,199,3,35,1.0063,66,128.00,9.799732
3467,1000,0.80,199,3,35,1.0330,67,88.00,3.157853
3468,1000,0.80,199,3,35,0.9404,68,153.00,15.893219
3469,1000,0.80,199,3,35,1.0146,69,83.00,15.238854
3470,1000,0.80,199,3,35,1.0242,70,119.00,24.327644
3471,1000,0.80,199,3,35,0.9457,71,148.00,7.085369
3472,1000,0.80,199,3,35,0.9400,72,72.00,30.180309
3473,1000,0.80,199,3,35,1.0482,73,73.00,70.304497
3474,1000,0.80,199,3,35,1.0769,74,148.00,5.871583
3475,1000,0.80,199,3,35,1.0037,75,72.00,9.139632
3476,1000,0.80,199,3,35,0.9759,76,138.00,14.730584
3477,1000,0.80,199,3,35,1.0464,77,72.00,2.763601
3478,1000,0.80,199,3,35,0.9615,78,85.00,11.822117
3479,1000,0.80,199,3,35,1.0011,79,75.00,16.789347
3480,1000,0.80,199,3,35,1.0479,80,70.00,66.987099
3481,1000,0.80,199,3,35,1.0785,81,113.00,10.375511
3482,1000,0.80,199,3,35,1.0328,82,129.00,25.820242
3483,1000,0.80,199,3,35,0.9249,83,249.00,20.272131
3484,1000,0.80,199,3,35,0.9723,84,88.00,44.324223
3485,1000,0.80,199,3,35,0.9693,85,197.00,17.560484
3486,1000,0.80,199,3,35,1.0040,86,73.00,24.710152
3487,1000,0.80,199,3,35,0.9911,87,185.00,34.725075
3488,1000,0.80,199,3,35,1.0435,88,103.00,7.265428
3489,1000,0.80,199,3,35,1.0335,89,115.00,5.291960
3490,1000,0.80,199,3,35,1.0110,90,237.00,70.068764
3491,1000,0.80,199,3,35,0.9423,91,69.00,54.854053
3492,1000,0.80,199,3,35,0.8866,92,83.00,2.634144
3493,1000,0.80,199,3,35,0.9428,93,85.00,15.964334
3494,1000,0.80,199,3,35,0.9772,94,87.00,11.706412
3495,1000,0.80,199,3,35,0.9242,95,91.00,11.989273
3496,1000,0.80,199,3,35,0.9986,96,67.00,13.946511
3497,1000,0.80,199,3,35,1.0315,97,94.00,11.614655
3498,1000,0.80,199,3,35,1.0182,98,70.00,18.821264
3499,1000,0.80,199,3,35,0.9672,99,123.00,3.623030
3500,1000,0.85,149,3,35,0.9182,0,168.00,22.465641
3501,1000,0.85,149,3,35,0.9624,1,119.00,70.534309
3502,1000,0.85,149,3,35,0.9607,2,127.00,11.655518
3503,1000,0.85,149,3,35,1.0396,3,106.00,51.845062
3504,1000,0.85,149,3,35,0.9742,4,112.00,27.026819
3505,1000,0.85,149,3,35,0.9584,5,125.00,15.699948
3506,1000,0.85,149,3,35,0.9074,6,79.00,30.802967
3507,1000,0.85,149,3,35,0.9496,7,90.00,15.295338
3508,1000,0.85,149,3,35,1.0071,8,103.00,6.636468
3509,1000,0.85,149,3,35,0.9487,9,100.00,48.620266
3510,1000,0.85,149,3,35,0.9290,10,113.00,46.948696
3511,1000,0.85,149,3,35,0.9399,11,67.00,31.882727
3512,1000,0.85,149,3,35,0.9583,12,103.00,53.437145
3513,1000,0.85,149,3,35,1.0292,13,81.00,27.177553
3514,1000,0.85,149,3,35,1.0368,14,82.00,39.748756
3515,1000,0.85,149,3,35,0.9806,15,87.00,26.300667
3516,1000,0.85,149,3,35,0.9788,16,110.00,10.307457
3517,1000,0.85,149,3,35,1.0536,17,91.00,11.219752
3518,1000,0.85,149,3,35,0.9725,18,63.00,40.762581
3519,1000,0.85,149,3,35,0.9031,19,66.00,16.208696
3520,1000,0.85,149,3,35,1.0505,20,67.00,40.721886
3521,1000,0.85,149,3,35,1.0166,21,86.00,18.988325
3522,1000,0.85,149,3,35,1.0387,22,91.00,92.408340
3523,1000,0.85,149,3,35,0.9825,23,65.00,40.519653
3524,1000,0.85,149,3,35,0.8942,24,91.00,13.110819
3525,1000,0.85,149,3,35,0.8725,25,71.00,101.735374
3526,1000,0.85,149,3,35,1.0321,26,64.00,46.677334
3527,1000,0.85,149,3,35,1.0573,27,86.00,21.142681
3528,1000,0.85,149,3,35,0.9765,28,130.00,27.195871
3529,1000,0.85,149,3,35,1.0221,29,96.00,15.060937
3530,1000,0.85,149,3,35,0.9788,30,144.00,5.002342
3531,1000,0.85,149,3,35,1.0201,31,94.00,25.401237
3532,1000,0.85,149,3,35,0.9227,32,81.00,34.126991
3533,1000,0.85,149,3,35,0.9698,33,65.00,54.912182
3534,1000,0.85,149,3,35,0.9745,34,84.00,32.571159
3535,1000,0.85,149,3,35,0.9958,35,85.00,11.135117
3536,1000,0.85,149,3,35,0.9655,36,90.00,16.576759
3537,1000,0.85,149,3,35,1.0660,37,102.00,45.342892
3538,1000,0.85,149,3,35,1.0259,38,87.00,9.767703
3539,1000,0.85,149,3,35,0.9751,39,95.00,3.321537
3540,1000,0.85,149,3,35,0.9060,40,132.00,19.221432
3541,1000,0.85,149,3,35,0.9705,41,84.00,23.521784
3542,1000,0.85,149,3,35,0.9323,42,63.00,106.516899
3543,1000,0.85,149,3,35,1.0596,43,62.00,65.961624
3544,1000,0.85,149,3,35,1.0017,44,123.00,3.849707
3545,1000,0.85,149,3,35,1.0048,45,80.00,32.507431
3546,1000,0.85,149,3,35,0.8890,46,81.00,15.193755
3547,1000,0.85,149,3,35,1.0247,47,75.00,14.062163
3548,1000,0.85,149,3,35,1.2142,48,82.00,47.394127
3549,1000,0.85,149,3,35,1.0172,49,113.00,19.228420
3550,1000,0.85,149,3,35,1.0576,50,98.00,5.435662
3551,1000,0.85,149,3,35,0.8655,51,109.00,24.062048
3552,1000,0.85,149,3,35,0.9024,52,149.00,9.862041
3553,1000,0.85,149,3,35,0.9322,53,68.00,41.390308
3554,1000,0.85,149,3,35,0.9268,54,113.00,19.766809
3555,1000,0.85,149,3,35,0.9727,55,147.00,9.614998
3556,1000,0.85,149,3,35,0.9056,56,93.00,18.811586
3557,1000,0.85,149,3,35,0.8692,57,76.00,19.069372
3558,1000,0.85,149,3,35,0.9903,58,95.00,4.834478
3559,1000,0.85,149,3,35,0.9834,59,96.00,8.195454
3560,1000,0.85,149,3,35,1.0614,60,71.00,33.618725
3561,1000,0.85,149,3,35,1.0697,61,68.00,41.438274
3562,1000,0.85,149,3,35,0.9367,62,71.00,23.447180
3563,1000,0.85,149,3,35,1.0152,63,64.00,165.695923
3564,1000,0.85,149,3,35,1.0329,64,130.00,32.621307
3565,1000,0.85,149,3,35,1.0313,65,92.00,86.950600
3566,1000,0.85,149,3,35,0.9618,66,63.00,37.849506
3567,1000,0.85,149,3,35,0.9019,67,63.00,20.420464
3568,1000,0.85,149,3,35,0.9845,68,67.00,34.590843
3569,1000,0.85,149,3,35,0.9880,69,61.00,41.263790
3570,1000,0.85,149,3,35,0.9529,70,146.00,16.396694
3571,1000,0.85,149,3,35,0.9243,71,97.00,12.830677
3572,1000,0.85,149,3,35,0.9795,72,91.00,19.035076
3573,1000,0.85,149,3,35,0.9447,73,71.00,24.289555
3574,1000,0.85,149,3,35,1.0594,74,87.00,5.994318
3575,1000,0.85,149,3,35,0.9983,75,117.00,43.874485
3576,1000,0.85,149,3,35,0.8670,76,78.00,30.700790
3577,1000,0.85,149,3,35,0.9522,77,90.00,4.479228
3578,1000,0.85,149,3,35,0.9644,78,62.00,116.637398
3579,1000,0.85,149,3,35,1.0044,79,78.00,33.017998
3580,1000,0.85,149,3,35,1.1243,80,76.00,73.844734
3581,1000,0.85,149,3,35,0.8900,81,76.00,11.447842
3582,1000,0.85,149,3,35,1.1035,82,99.00,16.338921
3583,1000,0.85,149,3,35,0.9774,83,91.00,10.576715
3584,1000,0.85,149,3,35,0.9929,84,79.00,3.382499
3585,1000,0.85,149,3,35,0.9317,85,115.00,91.259987
3586,1000,0.85,149,3,35,1.0284,86,145.00,41.755859
3587,1000,0.85,149,3,35,0.9040,87,74.00,16.698074
3588,1000,0.85,149,3,35,0.9409,88,92.00,8.305853
3589,1000,0.85,149,3,35,0.8888,89,63.00,68.094391
3590,1000,0.85,149,3,35,0.9636,90,131.00,43.987625
3591,1000,0.85,149,3,35,1.0133,91,90.00,21.986120
3592,1000,0.85,149,3,35,0.9935,92,76.00,65.405884
3593,1000,0.85,149,3,35,1.0230,93,81.00,35.540558
3594,1000,0.85,149,3,35,1.0217,94,76.00,33.509323
3595,1000,0.85,149,3,35,0.9815,95,182.00,25.615805
3596,1000,0.85,149,3,35,1.0220,96,82.00,6.437587
3597,1000,0.85,149,3,35,0.9503,97,152.00,28.845680
3598,1000,0.85,149,3,35,0.8830,98,138.00,11.266061
3599,1000,0.85,149,3,35,0.9561,99,90.00,3.970886
3600,1000,0.90,100,3,35,0.9057,0,87.00,28.442183
3601,1000,0.90,100,3,35,0.9565,1,54.00,191.154221
3602,1000,0.90,100,3,35,1.0626,2,65.00,96.502464
3603,1000,0.90,100,3,35,1.0226,3,65.00,116.360184
3604,1000,0.90,100,3,35,1.0257,4,94.00,104.989212
3605,1000,0.90,100,3,35,0.9710,5,108.00,19.169155
3606,1000,0.90,100,3,35,0.8960,6,77.00,12.513417
3607,1000,0.90,100,3,35,1.0774,7,57.00,31.643305
3608,1000,0.90,100,3,35,1.1791,8,77.00,24.307634
3609,1000,0.90,100,3,35,0.9355,9,98.00,5.858687
3610,1000,0.90,100,3,35,1.0450,10,99.00,3.229419
3611,1000,0.90,100,3,35,1.1419,11,115.00,8.252170
3612,1000,0.90,100,3,35,0.9912,12,81.00,53.404076
3613,1000,0.90,100,3,35,1.0226,13,76.00,35.247753
3614,1000,0.90,100,3,35,1.0685,14,63.00,102.035843
3615,1000,0.90,100,3,35,1.0933,15,91.00,20.725267
3616,1000,0.90,100,3,35,0.9784,16,123.00,4.807355
3617,1000,0.90,100,3,35,0.9879,17,91.00,14.421318
3618,1000,0.90,100,3,35,0.8992,18,82.00,19.504225
3619,1000,0.90,100,3,35,0.9915,19,82.00,28.233818
3620,1000,0.90,100,3,35,0.9855,20,91.00,4.318260
3621,1000,0.90,100,3,35,0.9265,21,73.00,62.201092
3622,1000,0.90,100,3,35,1.1029,22,101.00,3.781500
3623,1000,0.90,100,3,35,0.9726,23,72.00,121.238358
3624,1000,0.90,100,3,35,1.0189,24,78.00,47.356556
3625,1000,0.90,100,3,35,1.0140,25,79.00,15.101958
3626,1000,0.90,100,3,35,0.9521,26,81.00,11.661078
3627,1000,0.90,100,3,35,1.0364,27,84.00,27.784273
3628,1000,0.90,100,3,35,0.9993,28,97.00,8.672217
3629,1000,0.90,100,3,35,0.9573,29,64.00,42.755154
3630,1000,0.90,100,3,35,0.9500,30,81.00,23.863834
3631,1000,0.90,100,3,35,1.1181,31,65.00,47.054146
3632,1000,0.90,100,3,35,1.0038,32,97.00,15.479195
3633,1000,0.90,100,3,35,0.9877,33,92.00,19.200630
3634,1000,0.90,100,3,35,0.9111,34,56.00,218.758057
3635,1000,0.90,100,3,35,1.1023,35,71.00,15.522409
3636,1000,0.90,100,3,35,1.0102,36,106.00,4.282822
3637,1000,0.90,100,3,35,0.9568,37,57.00,336.025604
3638,1000,0.90,100,3,35,0.9880,38,78.00,38.852921
3639,1000,0.90,100,3,35,1.0724,39,89.00,8.682199
3640,1000,0.90,100,3,35,1.0413,40,75.00,36.145988
3641,1000,0.90,100,3,35,0.9549,41,101.00,5.157467
3642,1000,0.90,100,3,35,0.9783,42,54.00,13.386586
3643,1000,0.90,100,3,35,1.0224,43,94.00,14.095548
3644,1000,0.90,100,3,35,0.9656,44,73.00,7.075258
3645,1000,0.90,100,3,35,1.0065,45,92.00,8.764859
3646,1000,0.90,100,3,35,0.9231,46,86.00,21.846296
3647,1000,0.90,100,3,35,0.9581,47,89.00,20.791058
3648,1000,0.90,100,3,35,1.0243,48,96.00,20.070765
3649,1000,0.90,100,3,35,0.9396,49,95.00,13.119536
3650,1000,0.90,100,3,35,0.9676,50,88.00,5.845532
3651,1000,0.90,100,3,35,1.1357,51,100.00,6.628471
3652,1000,0.90,100,3,35,1.0543,52,67.00,71.418243
3653,1000,0.90,100,3,35,0.9349,53,96.00,16.673687
3654,1000,0.90,100,3,35,1.0212,54,92.00,11.427536
3655,1000,0.90,100,3,35,0.9688,55,93.00,22.080845
3656,1000,0.90,100,3,35,0.9514,56,94.00,3.861807
3657,1000,0.90,100,3,35,1.0090,57,64.00,19.000845
3658,1000,0.90,100,3,35,0.8252,58,79.00,103.275673
3659,1000,0.90,100,3,35,1.0177,59,64.00,77.186707
3660,1000,0.90,100,3,35,1.0162,60,80.00,37.106098
3661,1000,0.90,100,3,35,0.8610,61,57.00,85.312195
3662,1000,0.90,100,3,35,1.1156,62,73.00,42.392857
3663,1000,0.90,100,3,35,0.9155,63,74.00,31.540792
3664,1000,0.90,100,3,35,1.0283,64,90.00,28.076439
3665,1000,0.90,100,3,35,1.0075,65,82.00,43.484901
3666,1000,0.90,100,3,35,0.9918,66,108.00,36.990421
3667,1000,0.90,100,3,35,0.9822,67,81.00,38.719833
3668,1000,0.90,100,3,35,0.9010,68,65.00,24.284798
3669,1000,0.90,100,3,35,0.9021,69,70.00,49.263699
3670,1000,0.90,100,3,35,0.9398,70,69.00,45.737240
3671,1000,0.90,100,3,35,1.0794,71,56.00,211.391693
3672,1000,0.90,100,3,35,1.0278,72,100.00,20.430199
3673,1000,0.90,100,3,35,0.9945,73,69.00,24.250210
3674,1000,0.90,100,3,35,1.0622,74,79.00,27.648560
3675,1000,0.90,100,3,35,1.0720,75,122.00,2.754321
3676,1000,0.90,100,3,35,0.9859,76,85.00,68.200256
3677,1000,0.90,100,3,35,0.9304,77,75.00,52.781639
3678,1000,0.90,100,3,35,0.9493,78,79.00,8.711804
3679,1000,0.90,100,3,35,0.9800,79,69.00,23.444630
3680,1000,0.90,100,3,35,1.0251,80,75.00,48.949306
3681,1000,0.90,100,3,35,1.0335,81,105.00,2.405742
3682,1000,0.90,100,3,35,1.0823,82,74.00,23.548531
3683,1000,0.90,100,3,35,0.9765,83,53.00,122.961159
3684,1000,0.90,100,3,35,0.8938,84,69.00,38.686714
3685,1000,0.90,100,3,35,0.9678,85,67.00,97.317772
3686,1000,0.90,100,3,35,0.9168,86,87.00,15.368882
3687,1000,0.90,100,3,35,0.9003,87,97.00,3.426415
3688,1000,0.90,100,3,35,0.9130,88,89.00,29.886774
3689,1000,0.90,100,3,35,0.9914,89,123.00,4.270402
3690,1000,0.90,100,3,35,1.0136,90,88.00,20.892942
3691,1000,0.90,100,3,35,0.9850,91,98.00,6.890726
3692,1000,0.90,100,3,35,0.9946,92,64.00,172.836960
3693,1000,0.90,100,3,35,1.0798,93,84.00,29.436949
3694,1000,0.90,100,3,35,0.8785,94,91.00,13.321328
3695,1000,0.90,100,3,35,1.0314,95,112.00,25.230623
3696,1000,0.90,100,3,35,1.0123,96,92.00,4.677128
3697,1000,0.90,100,3,35,1.1129,97,89.00,5.843622
3698,1000,0.90,100,3,35,0.9931,98,72.00,29.288811
3699,1000,0.90,100,3,35,1.0244,99,99.00,11.343893
3700,1000,0.95,50,3,35,0.8353,0,54.00,96.450630
3701,1000,0.95,50,3,35,1.1102,1,89.00,21.569424
3702,1000,0.95,50,3,35,0.8336,2,86.00,7.535264
3703,1000,0.95,50,3,35,0.8836,3,101.00,7.926727
3704,1000,0.95,50,3,35,0.8674,4,98.00,3.929577
3705,1000,0.95,50,3,35,1.0109,5,64.00,219.736618
3706,1000,0.95,50,3,35,0.9729,6,95.00,15.927410
3707,1000,0.95,50,3,35,1.0009,7,84.00,17.592777
3708,1000,0.95,50,3,35,0.7596,8,97.00,3.080125
3709,1000,0.95,50,3,35,0.9549,9,69.00,62.592670
3710,1000,0.95,50,3,35,1.0438,10,61.00,64.902306
3711,1000,0.95,50,3,35,1.0009,11,106.00,5.993662
3712,1000,0.95,50,3,35,0.8941,12,71.00,90.620438
3713,1000,0.95,50,3,35,0.8246,13,57.00,45.507359
3714,1000,0.95,50,3,35,1.1123,14,51.00,608.711243
3715,1000,0.95,50,3,35,0.9713,15,72.00,429.017456
3716,1000,0.95,50,3,35,1.0230,16,70.00,32.682358
3717,1000,0.95,50,3,35,0.9531,17,89.00,34.292145
3718,1000,0.95,50,3,35,0.9606,18,93.00,4.301394
3719,1000,0.95,50,3,35,0.8613,19,52.00,396.466614
3720,1000,0.95,50,3,35,0.8263,20,64.00,77.457672
3721,1000,0.95,50,3,35,0.9605,21,99.00,8.511967
3722,1000,0.95,50,3,35,0.9875,22,76.00,66.838547
3723,1000,0.95,50,3,35,0.8331,23,81.00,33.036518
3724,1000,0.95,50,3,35,0.9591,24,52.00,25.309345
3725,1000,0.95,50,3,35,0.8647,25,95.00,16.385584
3726,1000,0.95,50,3,35,0.9598,26,97.00,4.612399
3727,1000,0.95,50,3,35,0.9392,27,75.00,43.986275
3728,1000,0.95,50,3,35,0.9272,28,79.00,35.020958
3729,1000,0.95,50,3,35,1.0771,29,54.00,57.903015
3730,1000,0.95,50,3,35,0.9300,30,103.00,11.737676
3731,1000,0.95,50,3,35,0.9988,31,94.00,4.199897
3732,1000,0.95,50,3,35,0.8634,32,79.00,25.306595
3733,1000,0.95,50,3,35,1.0200,33,82.00,42.012814
3734,1000,0.95,50,3,35,0.9973,34,94.00,14.631796
3735,1000,0.95,50,3,35,1.0982,35,81.00,13.198931
3736,1000,0.95,50,3,35,1.0936,36,51.00,90.429253
3737,1000,0.95,50,3,35,0.8532,37,63.00,27.760761
3738,1000,0.95,50,3,35,1.0234,38,97.00,11.983927
3739,1000,0.95,50,3,35,0.9954,39,87.00,16.504078
3740,1000,0.95,50,3,35,1.0103,40,92.00,3.706774
3741,1000,0.95,50,3,35,1.0419,41,101.00,11.323693
3742,1000,0.95,50,3,35,0.9250,42,86.00,17.353743
3743,1000,0.95,50,3,35,1.0238,43,48.00,394.387970
3744,1000,0.95,50,3,35,0.9086,44,79.00,45.238640
3745,1000,0.95,50,3,35,0.9028,45,76.00,44.139580
3746,1000,0.95,50,3,35,0.7842,46,76.00,24.003225
3747,1000,0.95,50,3,35,0.9009,47,82.00,11.778852
3748,1000,0.95,50,3,35,1.0419,48,117.00,3.668449
3749,1000,0.95,50,3,35,1.1826,49,92.00,24.198294
3750,1000,0.95,50,3,35,0.9588,50,64.00,88.276772
3751,1000,0.95,50,3,35,1.0388,51,80.00,20.002008
3752,1000,0.95,50,3,35,0.8081,52,84.00,22.620523
3753,1000,0.95,50,3,35,1.0257,53,78.00,25.616226
3754,1000,0.95,50,3,35,0.8990,54,84.00,4.555567
3755,1000,0.95,50,3,35,0.9579,55,93.00,7.220775
3756,1000,0.95,50,3,35,0.9035,56,99.00,9.110499
3757,1000,0.95,50,3,35,1.0310,57,81.00,44.093334
3758,1000,0.95,50,3,35,0.7492,58,47.00,388.531982
3759,1000,0.95,50,3,35,1.0893,59,102.00,5.372403
3760,1000,0.95,50,3,35,0.8727,60,45.00,357.494415
3761,1000,0.95,50,3,35,0.9989,61,57.00,54.079350
3762,1000,0.95,50,3,35,1.0762,62,68.00,11.589555
3763,1000,0.95,50,3,35,1.0515,63,93.00,6.667654
3764,1000,0.95,50,3,35,1.2058,64,71.00,43.564060
3765,1000,0.95,50,3,35,0.8267,65,92.00,8.630383
3766,1000,0.95,50,3,35,1.1702,66,53.00,501.583710
3767,1000,0.95,50,3,35,1.2093,67,75.00,103.553085
3768,1000,0.95,50,3,35,0.9787,68,89.00,16.661322
3769,1000,0.95,50,3,35,1.0184,69,94.00,11.892146
3770,1000,0.95,50,3,35,0.8618,70,100.00,9.384610
3771,1000,0.95,50,3,35,0.9350,71,79.00,51.615826
3772,1000,0.95,50,3,35,0.8208,72,57.00,142.754211
3773,1000,0.95,50,3,35,0.7604,73,81.00,4.911394
3774,1000,0.95,50,3,35,1.0700,74,101.00,18.801483
3775,1000,0.95,50,3,35,1.1593,75,94.00,35.257610
3776,1000,0.95,50,3,35,0.9072,76,97.00,8.222258
3777,1000,0.95,50,3,35,0.9356,77,54.00,53.129868
3778,1000,0.95,50,3,35,0.9128,78,100.00,3.954262
3779,1000,0.95,50,3,35,0.8258,79,67.00,69.797722
3780,1000,0.95,50,3,35,0.7364,80,101.00,28.275085
3781,1000,0.95,50,3,35,0.7066,81,96.00,8.994810
3782,1000,0.95,50,3,35,0.9857,82,57.00,447.313354
3783,1000,0.95,50,3,35,0.8994,83,52.00,524.382874
3784,1000,0.95,50,3,35,0.7466,84,51.00,669.116455
3785,1000,0.95,50,3,35,0.9250,85,88.00,23.412624
3786,1000,0.95,50,3,35,1.0113,86,131.00,5.153074
3787,1000,0.95,50,3,35,0.9475,87,146.00,4.319414
3788,1000,0.95,50,3,35,0.8899,88,61.00,46.249859
3789,1000,0.95,50,3,35,0.8788,89,98.00,9.090337
3790,1000,0.95,50,3,35,1.1801,90,48.00,143.811478
3791,1000,0.95,50,3,35,1.1567,91,96.00,27.795013
3792,1000,0.95,50,3,35,0.9362,92,97.00,3.173026
3793,1000,0.95,50,3,35,0.8902,93,62.00,175.547180
3794,1000,0.95,50,3,35,0.8257,94,92.00,21.713928
3795,1000,0.95,50,3,35,0.8385,95,62.00,43.443729
3796,1000,0.95,50,3,35,0.9332,96,79.00,10.350953
3797,1000,0.95,50,3,35,0.9688,97,81.00,33.730175
3798,1000,0.95,50,3,35,0.9891,98,72.00,26.434359
3799,1000,0.95,50,3,35,0.9741,99,68.00,51.754662
