index,n,epsilon,d,m,k,t,repeat,time_mu_s,model_error
0,1000,0.50,500,2,10,0.9315,0,215.00,0.325828
1,1000,0.50,500,2,10,0.9842,1,230.00,0.592882
2,1000,0.50,500,2,10,1.0207,2,225.00,1.408793
3,1000,0.50,500,2,10,1.0226,3,212.00,0.024269
4,1000,0.50,500,2,10,1.0154,4,241.00,1.372812
5,1000,0.50,500,2,10,0.9804,5,211.00,1.113709
6,1000,0.50,500,2,10,1.0261,6,194.00,0.320794
7,1000,0.50,500,2,10,1.0434,7,219.00,0.777226
8,1000,0.50,500,2,10,1.0463,8,99.00,0.320539
9,1000,0.50,500,2,10,1.0136,9,217.00,5.879191
10,1000,0.50,500,2,10,0.9362,10,238.00,1.529170
11,1000,0.50,500,2,10,0.9741,11,205.00,2.277122
12,1000,0.50,500,2,10,0.9991,12,219.00,0.469057
13,1000,0.50,500,2,10,0.9900,13,212.00,0.122473
14,1000,0.50,500,2,10,1.0109,14,225.00,2.843610
15,1000,0.50,500,2,10,0.9968,15,224.00,2.535934
16,1000,0.50,500,2,10,1.0011,16,216.00,0.947467
17,1000,0.50,500,2,10,0.9751,17,229.00,0.618454
18,1000,0.50,500,2,10,1.0156,18,210.00,0.222441
19,1000,0.50,500,2,10,0.9637,19,228.00,1.311218
20,1000,0.50,500,2,10,1.0189,20,215.00,1.139284
21,1000,0.50,500,2,10,1.0141,21,237.00,0.545463
22,1000,0.50,500,2,10,1.0379,22,216.00,0.572524
23,1000,0.50,500,2,10,1.0186,23,201.00,1.738569
24,1000,0.50,500,2,10,1.0568,24,237.00,1.212620
25,1000,0.50,500,2,10,0.9725,25,215.00,2.249137
26,1000,0.50,500,2,10,0.9462,26,224.00,0.144752
27,1000,0.50,500,2,10,0.9839,27,219.00,0.286142
28,1000,0.50,500,2,10,0.9794,28,234.00,0.361186
29,1000,0.50,500,2,10,1.0255,29,227.00,0.690844
30,1000,0.50,500,2,10,0.9652,30,189.00,0.582365
31,1000,0.50,500,2,10,0.9689,31,220.00,0.439565
32,1000,0.50,500,2,10,1.0130,32,230.00,0.094372
33,1000,0.50,500,2,10,1.0042,33,215.00,0.124258
34,1000,0.50,500,2,10,1.0147,34,221.00,2.694879
35,1000,0.50,500,2,10,1.0081,35,224.00,1.826019
36,1000,0.50,500,2,10,1.0147,36,252.00,2.868834
37,1000,0.50,500,2,10,0.9962,37,204.00,0.495559
38,1000,0.50,500,2,10,1.0270,38,232.00,0.773536
39,1000,0.50,500,2,10,1.0319,39,211.00,0.611583
40,1000,0.50,500,2,10,0.9769,40,248.00,0.814485
41,1000,0.50,500,2,10,0.9847,41,204.00,0.020125
42,1000,0.50,500,2,10,0.9940,42,227.00,0.507537
43,1000,0.50,500,2,10,1.0201,43,233.00,0.508585
44,1000,0.50,500,2,10,1.0029,44,197.00,0.058641
45,1000,0.50,500,2,10,0.9922,45,230.00,1.925351
46,1000,0.50,500,2,10,1.0759,46,216.00,0.556571
47,1000,0.50,500,2,10,1.0314,47,215.00,6.600418
48,1000,0.50,500,2,10,1.0437,48,250.00,0.738919
49,1000,0.50,500,2,10,1.0508,49,218.00,0.872712
50,1000,0.50,500,2,10,1.0039,50,230.00,0.445269
51,1000,0.50,500,2,10,1.0003,51,229.00,0.064141
52,1000,0.50,500,2,10,1.0178,52,203.00,1.179491
53,1000,0.50,500,2,10,1.0028,53,230.00,0.146279
54,1000,0.50,500,2,10,0.9695,54,224.00,0.290074
55,1000,0.50,500,2,10,1.0201,55,200.00,0.312289
56,1000,0.50,500,2,10,1.0248,56,217.00,0.326685
57,1000,0.50,500,2,10,0.9930,57,198.00,0.290308
58,1000,0.50,500,2,10,1.0535,58,211.00,0.621804
59,1000,0.50,500,2,10,1.0030,59,229.00,0.947531
60,1000,0.50,500,2,10,1.0443,60,201.00,0.644982
61,1000,0.50,500,2,10,1.0084,61,205.00,5.819072
62,1000,0.50,500,2,10,1.0325,62,201.00,1.412344
63,1000,0.50,500,2,10,1.0150,63,230.00,0.086153
64,1000,0.50,500,2,10,1.0111,64,234.00,0.669517
65,1000,0.50,500,2,10,1.0061,65,215.00,0.213651
66,1000,0.50,500,2,10,1.0243,66,229.00,0.144612
67,1000,0.50,500,2,10,1.0302,67,237.00,1.702369
68,1000,0.50,500,2,10,0.9985,68,243.00,0.353433
69,1000,0.50,500,2,10,0.9606,69,205.00,1.137443
70,1000,0.50,500,2,10,1.0500,70,223.00,2.913451
71,1000,0.50,500,2,10,0.9469,71,211.00,2.511399
72,1000,0.50,500,2,10,1.0276,72,195.00,3.039409
73,1000,0.50,500,2,10,1.0075,73,228.00,0.063849
74,1000,0.50,500,2,10,1.0177,74,229.00,0.166370
75,1000,0.50,500,2,10,0.9798,75,203.00,0.654332
76,1000,0.50,500,2,10,1.0011,76,224.00,1.266753
77,1000,0.50,500,2,10,1.0400,77,221.00,0.421595
78,1000,0.50,500,2,10,0.9854,78,210.00,0.409317
79,1000,0.50,500,2,10,0.9937,79,213.00,0.897441
80,1000,0.50,500,2,10,1.0080,80,193.00,0.107729
81,1000,0.50,500,2,10,1.0117,81,203.00,1.459504
82,1000,0.50,500,2,10,1.0193,82,227.00,0.348347
83,1000,0.50,500,2,10,0.9966,83,203.00,0.611525
84,1000,0.50,500,2,10,1.0039,84,220.00,1.147854
85,1000,0.50,500,2,10,1.0352,85,201.00,6.985689
86,1000,0.50,500,2,10,1.0644,86,225.00,2.067890
87,1000,0.50,500,2,10,0.9814,87,205.00,0.330303
88,1000,0.50,500,2,10,1.0208,88,197.00,0.382156
89,1000,0.50,500,2,10,0.9889,89,218.00,0.401817
90,1000,0.50,500,2,10,1.0434,90,228.00,3.319140
91,1000,0.50,500,2,10,0.9812,91,229.00,0.379084
92,1000,0.50,500,2,10,1.0642,92,236.00,1.140544
93,1000,0.50,500,2,10,0.9690,93,221.00,0.079424
94,1000,0.50,500,2,10,1.0182,94,245.00,1.073733
95,1000,0.50,500,2,10,1.0416,95,243.00,1.994499
96,1000,0.50,500,2,10,0.9965,96,84.00,0.652429
97,1000,0.50,500,2,10,1.0618,97,202.00,0.177176
98,1000,0.50,500,2,10,1.0135,98,235.00,0.497283
99,1000,0.50,500,2,10,0.9453,99,216.00,0.127439
100,1000,0.50,500,2,20,1.0510,0,343.00,0.389434
101,1000,0.50,500,2,20,0.9532,1,400.00,1.100154
102,1000,0.50,500,2,20,0.9711,2,397.00,0.107726
103,1000,0.50,500,2,20,1.0001,3,457.00,0.054336
104,1000,0.50,500,2,20,0.9704,4,381.00,0.101824
105,1000,0.50,500,2,20,1.0296,5,393.00,0.080323
106,1000,0.50,500,2,20,1.0037,6,417.00,0.740536
107,1000,0.50,500,2,20,1.0042,7,408.00,0.478718
108,1000,0.50,500,2,20,0.9753,8,423.00,0.293108
109,1000,0.50,500,2,20,1.0238,9,445.00,0.423320
110,1000,0.50,500,2,20,0.9985,10,421.00,0.082896
111,1000,0.50,500,2,20,0.9745,11,421.00,0.763540
112,1000,0.50,500,2,20,1.0023,12,453.00,0.161023
113,1000,0.50,500,2,20,1.0231,13,452.00,3.082305
114,1000,0.50,500,2,20,0.9979,14,398.00,0.649125
115,1000,0.50,500,2,20,1.0694,15,396.00,0.131131
116,1000,0.50,500,2,20,1.0176,16,415.00,0.305171
117,1000,0.50,500,2,20,0.9844,17,401.00,0.200075
118,1000,0.50,500,2,20,1.0163,18,431.00,0.387159
119,1000,0.50,500,2,20,1.0059,19,424.00,0.323059
120,1000,0.50,500,2,20,0.9734,20,419.00,0.184074
121,1000,0.50,500,2,20,0.9983,21,430.00,0.617016
122,1000,0.50,500,2,20,1.0049,22,402.00,0.510453
123,1000,0.50,500,2,20,0.9761,23,454.00,0.083400
124,1000,0.50,500,2,20,1.0197,24,404.00,0.594858
125,1000,0.50,500,2,20,0.9797,25,439.00,0.361856
126,1000,0.50,500,2,20,1.0230,26,436.00,0.745036
127,1000,0.50,500,2,20,1.0253,27,406.00,0.686289
128,1000,0.50,500,2,20,1.0310,28,438.00,0.719782
129,1000,0.50,500,2,20,1.0015,29,397.00,0.184252
130,1000,0.50,500,2,20,1.0107,30,403.00,0.222679
131,1000,0.50,500,2,20,1.0323,31,315.00,0.579939
132,1000,0.50,500,2,20,0.9583,32,453.00,0.940921
133,1000,0.50,500,2,20,1.0346,33,415.00,0.223416
134,1000,0.50,500,2,20,0.9847,34,411.00,0.202170
135,1000,0.50,500,2,20,1.0541,35,98.00,0.148553
136,1000,0.50,500,2,20,1.0097,36,421.00,0.397978
137,1000,0.50,500,2,20,0.9617,37,420.00,2.489016
138,1000,0.50,500,2,20,0.9150,38,394.00,0.097517
139,1000,0.50,500,2,20,1.0273,39,438.00,0.225373
140,1000,0.50,500,2,20,1.0031,40,398.00,0.202982
141,1000,0.50,500,2,20,0.9855,41,414.00,0.090317
142,1000,0.50,500,2,20,0.9799,42,369.00,0.197869
143,1000,0.50,500,2,20,1.0486,43,417.00,0.126443
144,1000,0.50,500,2,20,0.9683,44,400.00,1.359017
145,1000,0.50,500,2,20,1.0148,45,225.00,0.393926
146,1000,0.50,500,2,20,0.9695,46,403.00,0.433871
147,1000,0.50,500,2,20,1.0107,47,414.00,0.572196
148,1000,0.50,500,2,20,0.9749,48,356.00,0.051220
149,1000,0.50,500,2,20,1.0100,49,426.00,2.074323
150,1000,0.50,500,2,20,0.9712,50,399.00,0.169329
151,1000,0.50,500,2,20,1.0629,51,407.00,0.151156
152,1000,0.50,500,2,20,0.9819,52,410.00,1.646083
153,1000,0.50,500,2,20,1.0160,53,415.00,0.801359
154,1000,0.50,500,2,20,0.9714,54,364.00,0.537302
155,1000,0.50,500,2,20,1.0170,55,416.00,0.496104
156,1000,0.50,500,2,20,0.9863,56,394.00,0.041574
157,1000,0.50,500,2,20,0.9997,57,447.00,1.203099
158,1000,0.50,500,2,20,0.9445,58,394.00,0.245421
159,1000,0.50,500,2,20,1.0613,59,439.00,0.129459
160,1000,0.50,500,2,20,0.9619,60,401.00,0.098297
161,1000,0.50,500,2,20,0.9660,61,390.00,0.597781
162,1000,0.50,500,2,20,0.9395,62,439.00,0.271051
163,1000,0.50,500,2,20,0.9972,63,405.00,0.631648
164,1000,0.50,500,2,20,1.0210,64,403.00,0.831556
165,1000,0.50,500,2,20,1.0642,65,453.00,0.362771
166,1000,0.50,500,2,20,0.9831,66,441.00,0.152718
167,1000,0.50,500,2,20,1.0268,67,423.00,0.081061
168,1000,0.50,500,2,20,1.0204,68,434.00,0.342343
169,1000,0.50,500,2,20,0.9639,69,421.00,0.244504
170,1000,0.50,500,2,20,0.9754,70,384.00,0.725165
171,1000,0.50,500,2,20,1.0041,71,401.00,0.298070
172,1000,0.50,500,2,20,1.0084,72,425.00,0.094831
173,1000,0.50,500,2,20,0.9625,73,394.00,0.131523
174,1000,0.50,500,2,20,0.9736,74,388.00,0.213669
175,1000,0.50,500,2,20,0.9768,75,398.00,0.130639
176,1000,0.50,500,2,20,0.9882,76,407.00,1.140917
177,1000,0.50,500,2,20,1.0166,77,274.00,0.234991
178,1000,0.50,500,2,20,0.9523,78,406.00,0.045725
179,1000,0.50,500,2,20,1.0505,79,419.00,0.324881
180,1000,0.50,500,2,20,0.9247,80,410.00,0.398858
181,1000,0.50,500,2,20,0.9678,81,449.00,0.954796
182,1000,0.50,500,2,20,0.9435,82,442.00,0.467734
183,1000,0.50,500,2,20,1.0099,83,419.00,0.231618
184,1000,0.50,500,2,20,1.0211,84,416.00,1.278180
185,1000,0.50,500,2,20,0.9696,85,408.00,0.273894
186,1000,0.50,500,2,20,0.9732,86,376.00,0.132680
187,1000,0.50,500,2,20,0.9674,87,380.00,0.034735
188,1000,0.50,500,2,20,0.9922,88,431.00,1.371112
189,1000,0.50,500,2,20,0.9509,89,419.00,0.683104
190,1000,0.50,500,2,20,1.0038,90,378.00,0.252577
191,1000,0.50,500,2,20,1.0609,91,398.00,0.059439
192,1000,0.50,500,2,20,1.0405,92,440.00,0.368737
193,1000,0.50,500,2,20,0.9821,93,402.00,0.968014
194,1000,0.50,500,2,20,0.9717,94,413.00,0.554756
195,1000,0.50,500,2,20,0.9182,95,410.00,0.100278
196,1000,0.50,500,2,20,1.0284,96,409.00,1.073018
197,1000,0.50,500,2,20,0.9593,97,393.00,0.177285
198,1000,0.50,500,2,20,1.0073,98,414.00,0.162998
199,1000,0.50,500,2,20,1.0532,99,391.00,0.350646
200,1000,0.50,500,2,30,0.9979,0,597.00,0.177306
201,1000,0.50,500,2,30,1.0624,1,655.00,0.739694
202,1000,0.50,500,2,30,0.9517,2,594.00,0.650461
203,1000,0.50,500,2,30,1.0130,3,619.00,0.163502
204,1000,0.50,500,2,30,1.0360,4,599.00,0.266832
205,1000,0.50,500,2,30,1.0023,5,587.00,0.343385
206,1000,0.50,500,2,30,1.0211,6,611.00,0.043961
207,1000,0.50,500,2,30,0.9802,7,619.00,0.128257
208,1000,0.50,500,2,30,0.9746,8,600.00,0.006977
209,1000,0.50,500,2,30,1.0543,9,647.00,1.415272
210,1000,0.50,500,2,30,0.9585,10,624.00,1.230796
211,1000,0.50,500,2,30,0.9408,11,533.00,0.264481
212,1000,0.50,500,2,30,0.9691,12,571.00,0.205627
213,1000,0.50,500,2,30,0.9597,13,629.00,0.242913
214,1000,0.50,500,2,30,0.9998,14,626.00,0.745691
215,1000,0.50,500,2,30,1.0341,15,328.00,0.112317
216,1000,0.50,500,2,30,1.0069,16,598.00,1.268884
217,1000,0.50,500,2,30,0.9385,17,616.00,0.987072
218,1000,0.50,500,2,30,1.0083,18,596.00,0.097681
219,1000,0.50,500,2,30,1.0058,19,627.00,0.740420
220,1000,0.50,500,2,30,1.0340,20,597.00,0.601893
221,1000,0.50,500,2,30,1.0083,21,653.00,2.404574
222,1000,0.50,500,2,30,1.0041,22,651.00,0.778497
223,1000,0.50,500,2,30,1.0413,23,616.00,0.065496
224,1000,0.50,500,2,30,1.0453,24,593.00,0.192239
225,1000,0.50,500,2,30,1.0367,25,623.00,0.630088
226,1000,0.50,500,2,30,1.0156,26,591.00,0.049643
227,1000,0.50,500,2,30,1.0224,27,151.00,0.176523
228,1000,0.50,500,2,30,1.0058,28,643.00,0.514079
229,1000,0.50,500,2,30,1.0930,29,649.00,0.329808
230,1000,0.50,500,2,30,0.9439,30,571.00,0.198988
231,1000,0.50,500,2,30,0.9641,31,579.00,0.493194
232,1000,0.50,500,2,30,0.9701,32,589.00,0.423706
233,1000,0.50,500,2,30,1.0219,33,629.00,0.368064
234,1000,0.50,500,2,30,0.9804,34,556.00,0.176823
235,1000,0.50,500,2,30,1.0628,35,611.00,0.613982
236,1000,0.50,500,2,30,0.9863,36,572.00,0.098983
237,1000,0.50,500,2,30,0.9416,37,636.00,0.170355
238,1000,0.50,500,2,30,1.0194,38,585.00,0.319016
239,1000,0.50,500,2,30,0.9671,39,580.00,0.109483
240,1000,0.50,500,2,30,0.9887,40,581.00,0.288181
241,1000,0.50,500,2,30,1.0857,41,596.00,5.134803
242,1000,0.50,500,2,30,0.9779,42,566.00,0.366733
243,1000,0.50,500,2,30,1.0235,43,630.00,0.526758
244,1000,0.50,500,2,30,0.9998,44,560.00,0.161547
245,1000,0.50,500,2,30,1.0574,45,605.00,0.110168
246,1000,0.50,500,2,30,0.9686,46,620.00,0.039467
247,1000,0.50,500,2,30,1.0329,47,621.00,0.306929
248,1000,0.50,500,2,30,0.9653,48,634.00,1.091781
249,1000,0.50,500,2,30,1.0025,49,570.00,0.488638
250,1000,0.50,500,2,30,0.9875,50,545.00,0.135549
251,1000,0.50,500,2,30,0.9291,51,557.00,0.058669
252,1000,0.50,500,2,30,1.0267,52,591.00,0.214190
253,1000,0.50,500,2,30,0.9864,53,603.00,0.398532
254,1000,0.50,500,2,30,1.0238,54,597.00,0.378275
255,1000,0.50,500,2,30,1.0012,55,591.00,0.432779
256,1000,0.50,500,2,30,0.9674,56,606.00,0.152198
257,1000,0.50,500,2,30,1.0336,57,575.00,0.096604
258,1000,0.50,500,2,30,1.0009,58,614.00,0.571450
259,1000,0.50,500,2,30,1.0472,59,628.00,0.998672
260,1000,0.50,500,2,30,1.0449,60,619.00,0.777270
261,1000,0.50,500,2,30,1.0233,61,612.00,0.317764
262,1000,0.50,500,2,30,1.0270,62,603.00,0.251238
263,1000,0.50,500,2,30,0.9743,63,625.00,0.241515
264,1000,0.50,500,2,30,0.9771,64,586.00,0.719776
265,1000,0.50,500,2,30,1.0198,65,646.00,0.177277
266,1000,0.50,500,2,30,1.0202,66,567.00,0.264070
267,1000,0.50,500,2,30,1.0088,67,573.00,0.299171
268,1000,0.50,500,2,30,1.0042,68,634.00,1.103580
269,1000,0.50,500,2,30,0.9578,69,614.00,0.897022
270,1000,0.50,500,2,30,0.9752,70,584.00,0.078569
271,1000,0.50,500,2,30,0.9833,71,594.00,0.212086
272,1000,0.50,500,2,30,0.9701,72,610.00,0.204068
273,1000,0.50,500,2,30,1.0025,73,612.00,0.276111
274,1000,0.50,500,2,30,0.9881,74,611.00,0.118361
275,1000,0.50,500,2,30,0.9975,75,616.00,0.553079
276,1000,0.50,500,2,30,0.9971,76,618.00,1.222319
277,1000,0.50,500,2,30,0.9929,77,590.00,0.215504
278,1000,0.50,500,2,30,0.9757,78,607.00,0.114921
279,1000,0.50,500,2,30,0.9910,79,583.00,0.364778
280,1000,0.50,500,2,30,1.0315,80,616.00,0.671241
281,1000,0.50,500,2,30,1.0438,81,588.00,0.301502
282,1000,0.50,500,2,30,0.9981,82,591.00,0.240162
283,1000,0.50,500,2,30,0.9890,83,623.00,0.429772
284,1000,0.50,500,2,30,0.9966,84,647.00,0.354370
285,1000,0.50,500,2,30,0.9742,85,589.00,0.185899
286,1000,0.50,500,2,30,0.9874,86,605.00,0.417199
287,1000,0.50,500,2,30,0.9919,87,602.00,0.213936
288,1000,0.50,500,2,30,1.0180,88,608.00,0.350819
289,1000,0.50,500,2,30,1.0090,89,627.00,0.187532
290,1000,0.50,500,2,30,0.9574,90,599.00,0.009650
291,1000,0.50,500,2,30,0.9729,91,555.00,0.273090
292,1000,0.50,500,2,30,1.0399,92,629.00,0.425767
293,1000,0.50,500,2,30,1.0444,93,590.00,0.325041
294,1000,0.50,500,2,30,0.9439,94,593.00,0.198834
295,1000,0.50,500,2,30,0.9861,95,600.00,0.313217
296,1000,0.50,500,2,30,1.0067,96,603.00,0.435934
297,1000,0.50,500,2,30,0.9465,97,604.00,0.422740
298,1000,0.50,500,2,30,0.9980,98,171.00,0.302680
299,1000,0.50,500,2,30,1.0095,99,574.00,0.309947
300,1000,0.50,500,2,40,0.9875,0,738.00,0.275648
301,1000,0.50,500,2,40,0.9798,1,755.00,0.118371
302,1000,0.50,500,2,40,1.0666,2,847.00,1.269645
303,1000,0.50,500,2,40,0.9989,3,749.00,0.271405
304,1000,0.50,500,2,40,1.0084,4,810.00,1.093004
305,1000,0.50,500,2,40,0.9907,5,741.00,0.107209
306,1000,0.50,500,2,40,0.9794,6,822.00,0.146325
307,1000,0.50,500,2,40,0.9748,7,742.00,0.288514
308,1000,0.50,500,2,40,0.9897,8,839.00,0.734165
309,1000,0.50,500,2,40,0.9834,9,778.00,0.376619
310,1000,0.50,500,2,40,1.0407,10,746.00,0.257521
311,1000,0.50,500,2,40,0.9767,11,829.00,0.613142
312,1000,0.50,500,2,40,0.9713,12,799.00,0.404179
313,1000,0.50,500,2,40,0.9871,13,732.00,0.306374
314,1000,0.50,500,2,40,1.0212,14,741.00,0.249621
315,1000,0.50,500,2,40,1.0075,15,789.00,0.212717
316,1000,0.50,500,2,40,1.0561,16,449.00,0.138231
317,1000,0.50,500,2,40,0.9723,17,804.00,0.267357
318,1000,0.50,500,2,40,0.9624,18,787.00,0.214613
319,1000,0.50,500,2,40,1.0494,19,808.00,0.492193
320,1000,0.50,500,2,40,1.0052,20,772.00,0.777661
321,1000,0.50,500,2,40,1.0003,21,800.00,0.336881
322,1000,0.50,500,2,40,0.9804,22,807.00,0.147615
323,1000,0.50,500,2,40,1.0058,23,726.00,0.048770
324,1000,0.50,500,2,40,0.9674,24,801.00,0.184037
325,1000,0.50,500,2,40,1.0123,25,746.00,0.436337
326,1000,0.50,500,2,40,0.9783,26,782.00,0.465281
327,1000,0.50,500,2,40,0.9915,27,793.00,0.500182
328,1000,0.50,500,2,40,0.9454,28,779.00,0.486646
329,1000,0.50,500,2,40,0.9815,29,821.00,0.786343
330,1000,0.50,500,2,40,0.9870,30,777.00,0.237085
331,1000,0.50,500,2,40,0.9884,31,828.00,0.090485
332,1000,0.50,500,2,40,0.9710,32,764.00,0.636335
333,1000,0.50,500,2,40,0.9724,33,756.00,0.287784
334,1000,0.50,500,2,40,0.9390,34,757.00,0.074908
335,1000,0.50,500,2,40,1.0052,35,797.00,0.474467
336,1000,0.50,500,2,40,1.0217,36,790.00,0.591528
337,1000,0.50,500,2,40,0.9725,37,794.00,0.312288
338,1000,0.50,500,2,40,0.9718,38,776.00,0.114681
339,1000,0.50,500,2,40,0.9676,39,763.00,0.104203
340,1000,0.50,500,2,40,1.0132,40,862.00,0.107855
341,1000,0.50,500,2,40,1.0928,41,299.00,0.401002
342,1000,0.50,500,2,40,0.9957,42,815.00,0.433244
343,1000,0.50,500,2,40,1.0214,43,786.00,0.297778
344,1000,0.50,500,2,40,1.0120,44,852.00,0.421291
345,1000,0.50,500,2,40,0.9334,45,816.00,0.441488
346,1000,0.50,500,2,40,0.9870,46,763.00,0.193338
347,1000,0.50,500,2,40,0.9978,47,81.00,0.178553
348,1000,0.50,500,2,40,0.9708,48,791.00,0.304817
349,1000,0.50,500,2,40,1.0015,49,760.00,0.215123
350,1000,0.50,500,2,40,1.0198,50,750.00,0.335241
351,1000,0.50,500,2,40,1.0513,51,874.00,0.096041
352,1000,0.50,500,2,40,0.9823,52,788.00,0.366487
353,1000,0.50,500,2,40,0.9903,53,820.00,0.365132
354,1000,0.50,500,2,40,0.9773,54,824.00,0.581799
355,1000,0.50,500,2,40,0.9376,55,764.00,0.130612
356,1000,0.50,500,2,40,1.0197,56,800.00,0.681713
357,1000,0.50,500,2,40,1.0060,57,837.00,0.511656
358,1000,0.50,500,2,40,1.0208,58,830.00,0.298686
359,1000,0.50,500,2,40,0.9803,59,808.00,0.364766
360,1000,0.50,500,2,40,1.0129,60,781.00,0.126746
361,1000,0.50,500,2,40,1.0384,61,843.00,0.098687
362,1000,0.50,500,2,40,1.0483,62,878.00,0.860662
363,1000,0.50,500,2,40,0.9941,63,752.00,0.086357
364,1000,0.50,500,2,40,0.9995,64,555.00,0.215625
365,1000,0.50,500,2,40,0.9888,65,784.00,0.098157
366,1000,0.50,500,2,40,1.0351,66,765.00,0.222793
367,1000,0.50,500,2,40,0.9600,67,854.00,0.065463
368,1000,0.50,500,2,40,1.0221,68,818.00,0.170717
369,1000,0.50,500,2,40,0.9415,69,755.00,0.198097
370,1000,0.50,500,2,40,1.0393,70,815.00,0.038022
371,1000,0.50,500,2,40,1.0086,71,786.00,0.221378
372,1000,0.50,500,2,40,1.0621,72,41.00,0.483529
373,1000,0.50,500,2,40,0.9807,73,824.00,0.870349
374,1000,0.50,500,2,40,1.0059,74,790.00,0.237673
375,1000,0.50,500,2,40,0.9973,75,825.00,0.120692
376,1000,0.50,500,2,40,0.9645,76,797.00,0.242530
377,1000,0.50,500,2,40,0.9852,77,814.00,0.080281
378,1000,0.50,500,2,40,0.9200,78,799.00,0.187931
379,1000,0.50,500,2,40,1.0207,79,837.00,0.090252
380,1000,0.50,500,2,40,0.9804,80,772.00,0.225559
381,1000,0.50,500,2,40,0.9637,81,796.00,0.107164
382,1000,0.50,500,2,40,1.0206,82,110.00,0.230569
383,1000,0.50,500,2,40,1.0226,83,850.00,0.174289
384,1000,0.50,500,2,40,1.0458,84,727.00,0.915548
385,1000,0.50,500,2,40,0.9268,85,763.00,0.162065
386,1000,0.50,500,2,40,1.0275,86,805.00,0.426823
387,1000,0.50,500,2,40,0.9469,87,811.00,0.399407
388,1000,0.50,500,2,40,0.9935,88,738.00,0.225457
389,1000,0.50,500,2,40,0.9601,89,810.00,0.299611
390,1000,0.50,500,2,40,0.9999,90,836.00,0.325006
391,1000,0.50,500,2,40,1.0026,91,745.00,0.815412
392,1000,0.50,500,2,40,0.9735,92,770.00,0.239966
393,1000,0.50,500,2,40,0.9941,93,796.00,0.159182
394,1000,0.50,500,2,40,0.9625,94,794.00,0.263308
395,1000,0.50,500,2,40,1.0408,95,794.00,0.501123
396,1000,0.50,500,2,40,1.0447,96,827.00,0.193655
397,1000,0.50,500,2,40,1.0148,97,744.00,0.176667
398,1000,0.50,500,2,40,1.0241,98,776.00,0.122725
399,1000,0.50,500,2,40,1.0169,99,765.00,0.786152
400,1000,0.50,500,2,50,1.0003,0,939.00,0.253577
401,1000,0.50,500,2,50,0.9834,1,941.00,0.117761
402,1000,0.50,500,2,50,0.9568,2,1008.00,0.718107
403,1000,0.50,500,2,50,1.0058,3,1023.00,0.591492
404,1000,0.50,500,2,50,0.9927,4,980.00,0.248620
405,1000,0.50,500,2,50,1.0485,5,700.00,0.408534
406,1000,0.50,500,2,50,0.9657,6,986.00,0.039639
407,1000,0.50,500,2,50,0.9935,7,965.00,0.115544
408,1000,0.50,500,2,50,0.9919,8,925.00,0.138512
409,1000,0.50,500,2,50,0.9858,9,987.00,0.736164
410,1000,0.50,500,2,50,1.0078,10,883.00,0.320008
411,1000,0.50,500,2,50,0.9526,11,1002.00,0.108504
412,1000,0.50,500,2,50,1.0075,12,967.00,0.258750
413,1000,0.50,500,2,50,0.9482,13,1033.00,0.048133
414,1000,0.50,500,2,50,0.9769,14,1004.00,0.785319
415,1000,0.50,500,2,50,1.0823,15,471.00,0.694360
416,1000,0.50,500,2,50,1.0356,16,734.00,0.453977
417,1000,0.50,500,2,50,0.9688,17,957.00,0.197832
418,1000,0.50,500,2,50,0.9815,18,997.00,0.215720
419,1000,0.50,500,2,50,0.9431,19,976.00,0.196451
420,1000,0.50,500,2,50,1.0355,20,992.00,0.267007
421,1000,0.50,500,2,50,0.9410,21,997.00,0.437402
422,1000,0.50,500,2,50,0.9722,22,998.00,0.151259
423,1000,0.50,500,2,50,1.0308,23,994.00,1.344945
424,1000,0.50,500,2,50,1.0152,24,957.00,0.483805
425,1000,0.50,500,2,50,0.9806,25,1028.00,0.427609
426,1000,0.50,500,2,50,0.9848,26,1028.00,1.048107
427,1000,0.50,500,2,50,0.9518,27,1014.00,0.048820
428,1000,0.50,500,2,50,0.9621,28,1033.00,0.110020
429,1000,0.50,500,2,50,1.0365,29,992.00,0.390960
430,1000,0.50,500,2,50,0.9489,30,935.00,0.364028
431,1000,0.50,500,2,50,1.0068,31,984.00,0.389337
432,1000,0.50,500,2,50,0.9917,32,1021.00,0.319369
433,1000,0.50,500,2,50,0.9605,33,974.00,0.338107
434,1000,0.50,500,2,50,0.9962,34,992.00,0.542764
435,1000,0.50,500,2,50,1.0262,35,960.00,0.090202
436,1000,0.50,500,2,50,0.9768,36,959.00,0.089516
437,1000,0.50,500,2,50,1.0046,37,1006.00,0.381539
438,1000,0.50,500,2,50,0.9498,38,1007.00,0.128026
439,1000,0.50,500,2,50,1.0339,39,44.00,0.203745
440,1000,0.50,500,2,50,0.9750,40,984.00,0.038551
441,1000,0.50,500,2,50,0.9794,41,958.00,0.695594
442,1000,0.50,500,2,50,0.9852,42,1050.00,0.158545
443,1000,0.50,500,2,50,0.9556,43,960.00,0.124509
444,1000,0.50,500,2,50,0.9190,44,956.00,0.133560
445,1000,0.50,500,2,50,1.0065,45,942.00,0.535747
446,1000,0.50,500,2,50,1.0103,46,943.00,0.545720
447,1000,0.50,500,2,50,0.9962,47,948.00,0.203869
448,1000,0.50,500,2,50,0.9841,48,963.00,0.256024
449,1000,0.50,500,2,50,0.9955,49,1031.00,0.229168
450,1000,0.50,500,2,50,0.9770,50,948.00,0.509963
451,1000,0.50,500,2,50,0.9937,51,1009.00,0.434537
452,1000,0.50,500,2,50,0.9869,52,968.00,0.093513
453,1000,0.50,500,2,50,1.1081,53,715.00,0.283036
454,1000,0.50,500,2,50,0.9833,54,986.00,0.145601
455,1000,0.50,500,2,50,0.9904,55,1038.00,0.265047
456,1000,0.50,500,2,50,0.9664,56,954.00,0.167563
457,1000,0.50,500,2,50,0.9901,57,1010.00,0.460039
458,1000,0.50,500,2,50,1.0297,58,977.00,0.489459
459,1000,0.50,500,2,50,0.9848,59,952.00,0.063341
460,1000,0.50,500,2,50,0.9585,60,988.00,0.230997
461,1000,0.50,500,2,50,1.0050,61,959.00,0.172796
462,1000,0.50,500,2,50,1.0264,62,989.00,0.473561
463,1000,0.50,500,2,50,1.0024,63,951.00,0.366039
464,1000,0.50,500,2,50,1.0225,64,986.00,0.573310
465,1000,0.50,500,2,50,1.0188,65,979.00,0.829563
466,1000,0.50,500,2,50,0.9567,66,934.00,0.047518
467,1000,0.50,500,2,50,1.0063,67,970.00,0.333148
468,1000,0.50,500,2,50,1.0174,68,579.00,0.210677
469,1000,0.50,500,2,50,0.9792,69,917.00,0.054344
470,1000,0.50,500,2,50,1.0218,70,1005.00,0.130418
471,1000,0.50,500,2,50,1.0305,71,979.00,0.409228
472,1000,0.50,500,2,50,1.0315,72,995.00,0.168912
473,1000,0.50,500,2,50,0.9694,73,986.00,0.338170
474,1000,0.50,500,2,50,1.0461,74,943.00,0.260260
475,1000,0.50,500,2,50,0.9578,75,940.00,0.137189
476,1000,0.50,500,2,50,1.0113,76,998.00,0.332484
477,1000,0.50,500,2,50,0.9909,77,1003.00,0.262764
478,1000,0.50,500,2,50,0.9645,78,951.00,0.744307
479,1000,0.50,500,2,50,1.0362,79,1002.00,0.240321
480,1000,0.50,500,2,50,0.9515,80,1019.00,0.369783
481,1000,0.50,500,2,50,1.0141,81,1010.00,0.308172
482,1000,0.50,500,2,50,1.0320,82,997.00,0.074533
483,1000,0.50,500,2,50,1.0414,83,473.00,0.258954
484,1000,0.50,500,2,50,1.0022,84,968.00,0.602727
485,1000,0.50,500,2,50,1.0191,85,1021.00,0.624899
486,1000,0.50,500,2,50,1.0560,86,912.00,0.380015
487,1000,0.50,500,2,50,1.0382,87,940.00,0.170694
488,1000,0.50,500,2,50,0.9872,88,1011.00,0.396224
489,1000,0.50,500,2,50,1.0351,89,966.00,0.492564
490,1000,0.50,500,2,50,0.9857,90,985.00,0.197935
491,1000,0.50,500,2,50,1.0081,91,1028.00,0.130498
492,1000,0.50,500,2,50,1.0116,92,971.00,0.403361
493,1000,0.50,500,2,50,1.0132,93,966.00,0.250709
494,1000,0.50,500,2,50,0.9700,94,1000.00,0.104943
495,1000,0.50,500,2,50,1.0549,95,220.00,0.300599
496,1000,0.50,500,2,50,1.0399,96,608.00,0.838296
497,1000,0.50,500,2,50,0.9984,97,1012.00,0.492867
498,1000,0.50,500,2,50,0.9648,98,999.00,0.403986
499,1000,0.50,500,2,50,1.0178,99,970.00,0.107703
500,1000,0.50,500,2,60,1.0096,0,1165.00,0.246322
501,1000,0.50,500,2,60,0.9340,1,1170.00,0.281353
502,1000,0.50,500,2,60,1.0109,2,1180.00,0.096320
503,1000,0.50,500,2,60,1.0505,3,1154.00,0.148942
504,1000,0.50,500,2,60,0.9952,4,1188.00,0.227199
505,1000,0.50,500,2,60,0.9843,5,1152.00,0.308700
506,1000,0.50,500,2,60,1.0397,6,1205.00,0.210434
507,1000,0.50,500,2,60,1.0163,7,1210.00,0.119333
508,1000,0.50,500,2,60,0.9938,8,1188.00,0.101629
509,1000,0.50,500,2,60,0.9451,9,1225.00,0.112355
510,1000,0.50,500,2,60,0.9584,10,1274.00,0.188831
511,1000,0.50,500,2,60,1.0201,11,1183.00,0.096402
512,1000,0.50,500,2,60,1.0120,12,1186.00,0.470639
513,1000,0.50,500,2,60,1.0058,13,1229.00,0.383258
514,1000,0.50,500,2,60,0.9583,14,1201.00,0.832090
515,1000,0.50,500,2,60,1.0072,15,1162.00,0.180172
516,1000,0.50,500,2,60,0.9590,16,1161.00,0.310666
517,1000,0.50,500,2,60,1.0126,17,1182.00,0.019094
518,1000,0.50,500,2,60,0.9983,18,1190.00,0.140136
519,1000,0.50,500,2,60,1.0348,19,1263.00,0.109845
520,1000,0.50,500,2,60,0.9839,20,1171.00,0.245323
521,1000,0.50,500,2,60,1.0258,21,1164.00,0.155939
522,1000,0.50,500,2,60,0.9725,22,1131.00,0.164428
523,1000,0.50,500,2,60,0.9840,23,1176.00,0.302710
524,1000,0.50,500,2,60,0.9616,24,1205.00,0.084540
525,1000,0.50,500,2,60,0.9662,25,1155.00,0.131389
526,1000,0.50,500,2,60,1.0145,26,1183.00,0.226391
527,1000,0.50,500,2,60,0.9384,27,1188.00,0.424340
528,1000,0.50,500,2,60,0.9562,28,1167.00,0.108864
529,1000,0.50,500,2,60,1.0016,29,1222.00,0.026907
530,1000,0.50,500,2,60,0.9780,30,1222.00,0.440204
531,1000,0.50,500,2,60,0.9695,31,1191.00,0.414011
532,1000,0.50,500,2,60,1.0120,32,1148.00,0.104026
533,1000,0.50,500,2,60,0.9735,33,1239.00,0.486444
534,1000,0.50,500,2,60,0.9917,34,1236.00,0.494796
535,1000,0.50,500,2,60,0.9452,35,1151.00,0.210922
536,1000,0.50,500,2,60,0.9986,36,1123.00,0.337794
537,1000,0.50,500,2,60,1.0071,37,1232.00,0.137835
538,1000,0.50,500,2,60,0.9660,38,1145.00,0.222763
539,1000,0.50,500,2,60,1.0612,39,1152.00,0.591697
540,1000,0.50,500,2,60,0.9887,40,1170.00,0.324435
541,1000,0.50,500,2,60,0.9972,41,1208.00,0.212923
542,1000,0.50,500,2,60,1.0174,42,659.00,0.240075
543,1000,0.50,500,2,60,1.0010,43,1123.00,0.277331
544,1000,0.50,500,2,60,0.9819,44,1210.00,0.380454
545,1000,0.50,500,2,60,0.9713,45,1173.00,0.678952
546,1000,0.50,500,2,60,0.9730,46,1187.00,0.151778
547,1000,0.50,500,2,60,0.9783,47,1169.00,0.092685
548,1000,0.50,500,2,60,0.9689,48,1161.00,0.233486
549,1000,0.50,500,2,60,1.0504,49,1201.00,0.224968
550,1000,0.50,500,2,60,0.9369,50,1190.00,0.383638
551,1000,0.50,500,2,60,0.9928,51,1239.00,0.111239
552,1000,0.50,500,2,60,1.0296,52,1148.00,0.211187
553,1000,0.50,500,2,60,0.9191,53,1127.00,0.046640
554,1000,0.50,500,2,60,0.9817,54,1148.00,0.308794
555,1000,0.50,500,2,60,0.9901,55,1124.00,0.153993
556,1000,0.50,500,2,60,1.0220,56,1167.00,0.073570
557,1000,0.50,500,2,60,1.0222,57,1231.00,0.106800
558,1000,0.50,500,2,60,0.9808,58,1216.00,0.271065
559,1000,0.50,500,2,60,1.0342,59,1122.00,0.486454
560,1000,0.50,500,2,60,0.9885,60,1164.00,0.429570
561,1000,0.50,500,2,60,0.9997,61,1208.00,0.604670
562,1000,0.50,500,2,60,0.9847,62,1183.00,0.109459
563,1000,0.50,500,2,60,1.0555,63,1224.00,0.316228
564,1000,0.50,500,2,60,0.9874,64,1116.00,0.220098
565,1000,0.50,500,2,60,1.0283,65,1271.00,0.571850
566,1000,0.50,500,2,60,1.0102,66,1213.00,0.520352
567,1000,0.50,500,2,60,1.0201,67,1245.00,0.182561
568,1000,0.50,500,2,60,0.9448,68,1126.00,0.170792
569,1000,0.50,500,2,60,0.9771,69,1177.00,0.423906
570,1000,0.50,500,2,60,1.0187,70,1214.00,0.116090
571,1000,0.50,500,2,60,0.9921,71,1188.00,0.124092
572,1000,0.50,500,2,60,0.9924,72,1252.00,0.828754
573,1000,0.50,500,2,60,0.9956,73,1251.00,0.274894
574,1000,0.50,500,2,60,0.9843,74,1202.00,0.274897
575,1000,0.50,500,2,60,0.9914,75,1179.00,0.029243
576,1000,0.50,500,2,60,1.0526,76,1157.00,0.168212
577,1000,0.50,500,2,60,1.0185,77,1154.00,0.233674
578,1000,0.50,500,2,60,1.0364,78,1223.00,0.223128
579,1000,0.50,500,2,60,1.0226,79,1328.00,0.153841
580,1000,0.50,500,2,60,0.9737,80,1159.00,0.304216
581,1000,0.50,500,2,60,1.0174,81,1294.00,0.205377
582,1000,0.50,500,2,60,1.0554,82,1231.00,0.211830
583,1000,0.50,500,2,60,0.9586,83,1264.00,0.343695
584,1000,0.50,500,2,60,0.9799,84,1157.00,0.334864
585,1000,0.50,500,2,60,1.0814,85,1240.00,0.713750
586,1000,0.50,500,2,60,1.0085,86,1179.00,0.248695
587,1000,0.50,500,2,60,0.9885,87,1200.00,0.678020
588,1000,0.50,500,2,60,1.0295,88,1207.00,0.534826
589,1000,0.50,500,2,60,0.9800,89,1262.00,0.565345
590,1000,0.50,500,2,60,0.9824,90,1182.00,0.238873
591,1000,0.50,500,2,60,0.9714,91,1183.00,0.102992
592,1000,0.50,500,2,60,1.0571,92,606.00,0.345121
593,1000,0.50,500,2,60,1.0191,93,1251.00,0.221885
594,1000,0.50,500,2,60,0.9792,94,1131.00,0.056091
595,1000,0.50,500,2,60,0.9947,95,1235.00,0.354781
596,1000,0.50,500,2,60,1.0012,96,1193.00,0.514587
597,1000,0.50,500,2,60,1.0194,97,1184.00,0.609729
598,1000,0.50,500,2,60,0.9552,98,289.00,0.110658
599,1000,0.50,500,2,60,1.0036,99,1173.00,0.105565
600,1000,0.50,500,2,70,1.0420,0,1475.00,0.336477
601,1000,0.50,500,2,70,1.0275,1,1416.00,0.090628
602,1000,0.50,500,2,70,1.0268,2,1429.00,0.721448
603,1000,0.50,500,2,70,0.9987,3,1335.00,0.163847
604,1000,0.50,500,2,70,0.9948,4,1418.00,0.190205
605,1000,0.50,500,2,70,0.9784,5,1481.00,0.193858
606,1000,0.50,500,2,70,0.9956,6,1531.00,0.232428
607,1000,0.50,500,2,70,1.0021,7,138.00,0.384042
608,1000,0.50,500,2,70,1.0070,8,1424.00,0.227921
609,1000,0.50,500,2,70,1.0256,9,476.00,0.361416
610,1000,0.50,500,2,70,1.0310,10,1463.00,0.529826
611,1000,0.50,500,2,70,1.0225,11,1446.00,0.420157
612,1000,0.50,500,2,70,0.9631,12,1355.00,0.243202
613,1000,0.50,500,2,70,0.9720,13,1343.00,0.134444
614,1000,0.50,500,2,70,1.0284,14,1371.00,0.164497
615,1000,0.50,500,2,70,1.0429,15,1402.00,0.607548
616,1000,0.50,500,2,70,1.0148,16,1393.00,0.391064
617,1000,0.50,500,2,70,0.9987,17,1344.00,0.148057
618,1000,0.50,500,2,70,1.0116,18,91.00,0.228568
619,1000,0.50,500,2,70,0.9838,19,1394.00,0.144051
620,1000,0.50,500,2,70,1.0038,20,1401.00,0.544058
621,1000,0.50,500,2,70,1.0208,21,1414.00,0.700426
622,1000,0.50,500,2,70,1.0408,22,1377.00,0.483112
623,1000,0.50,500,2,70,0.9748,23,1424.00,0.135649
624,1000,0.50,500,2,70,0.9677,24,1395.00,0.262922
625,1000,0.50,500,2,70,0.9768,25,1300.00,0.112925
626,1000,0.50,500,2,70,1.0596,26,1391.00,0.087698
627,1000,0.50,500,2,70,0.9766,27,1402.00,0.263207
628,1000,0.50,500,2,70,1.0186,28,1439.00,0.247156
629,1000,0.50,500,2,70,0.9552,29,1387.00,0.266810
630,1000,0.50,500,2,70,0.9788,30,1378.00,0.342880
631,1000,0.50,500,2,70,1.0173,31,1364.00,0.182460
632,1000,0.50,500,2,70,1.0235,32,1437.00,0.693415
633,1000,0.50,500,2,70,0.9974,33,1364.00,0.383123
634,1000,0.50,500,2,70,0.9792,34,1306.00,0.442269
635,1000,0.50,500,2,70,1.0671,35,1449.00,0.289864
636,1000,0.50,500,2,70,0.9612,36,1386.00,0.535197
637,1000,0.50,500,2,70,1.0198,37,671.00,0.100181
638,1000,0.50,500,2,70,0.9568,38,1393.00,0.006643
639,1000,0.50,500,2,70,1.0437,39,1407.00,0.489198
640,1000,0.50,500,2,70,1.0071,40,1412.00,0.102907
641,1000,0.50,500,2,70,0.9573,41,1396.00,0.100205
642,1000,0.50,500,2,70,0.9950,42,1386.00,0.395908
643,1000,0.50,500,2,70,1.0091,43,1329.00,0.202001
644,1000,0.50,500,2,70,1.0153,44,1483.00,0.263363
645,1000,0.50,500,2,70,0.9810,45,1385.00,0.471390
646,1000,0.50,500,2,70,0.9555,46,1372.00,0.192804
647,1000,0.50,500,2,70,0.9692,47,1408.00,0.509977
648,1000,0.50,500,2,70,0.9946,48,1443.00,0.445943
649,1000,0.50,500,2,70,0.9626,49,1456.00,0.678531
650,1000,0.50,500,2,70,1.0163,50,1387.00,0.341191
651,1000,0.50,500,2,70,1.0292,51,1367.00,0.260752
652,1000,0.50,500,2,70,1.0037,52,1385.00,0.113307
653,1000,0.50,500,2,70,0.9927,53,1479.00,0.209068
654,1000,0.50,500,2,70,1.0568,54,1404.00,0.526659
655,1000,0.50,500,2,70,0.9625,55,1382.00,0.190518
656,1000,0.50,500,2,70,0.9266,56,1457.00,0.263632
657,1000,0.50,500,2,70,0.9541,57,1360.00,0.513460
658,1000,0.50,500,2,70,1.0214,58,1340.00,0.241480
659,1000,0.50,500,2,70,0.9636,59,1297.00,0.090568
660,1000,0.50,500,2,70,1.0327,60,1420.00,0.217951
661,1000,0.50,500,2,70,0.9697,61,1350.00,0.207811
662,1000,0.50,500,2,70,1.0042,62,1392.00,0.135871
663,1000,0.50,500,2,70,1.0188,63,1356.00,0.483188
664,1000,0.50,500,2,70,1.0001,64,1400.00,0.575587
665,1000,0.50,500,2,70,0.9886,65,1377.00,0.395885
666,1000,0.50,500,2,70,0.9164,66,1333.00,0.120825
667,1000,0.50,500,2,70,1.0177,67,1450.00,0.099695
668,1000,0.50,500,2,70,1.0297,68,1376.00,0.078246
669,1000,0.50,500,2,70,0.9776,69,1364.00,0.254414
670,1000,0.50,500,2,70,0.9911,70,1313.00,0.188046
671,1000,0.50,500,2,70,1.0161,71,1380.00,0.417399
672,1000,0.50,500,2,70,0.9997,72,1379.00,0.647476
673,1000,0.50,500,2,70,1.0545,73,1420.00,0.655208
674,1000,0.50,500,2,70,0.9566,74,1382.00,0.133935
675,1000,0.50,500,2,70,1.0008,75,1466.00,0.050403
676,1000,0.50,500,2,70,0.9639,76,1426.00,0.102832
677,1000,0.50,500,2,70,0.9538,77,1362.00,0.376922
678,1000,0.50,500,2,70,0.9697,78,1381.00,0.365193
679,1000,0.50,500,2,70,1.0093,79,1396.00,0.374315
680,1000,0.50,500,2,70,0.9830,80,1390.00,0.047333
681,1000,0.50,500,2,70,0.9720,81,1444.00,0.144029
682,1000,0.50,500,2,70,1.0451,82,1453.00,0.720204
683,1000,0.50,500,2,70,1.0002,83,543.00,0.218276
684,1000,0.50,500,2,70,1.0468,84,156.00,0.382995
685,1000,0.50,500,2,70,1.0488,85,1480.00,0.341555
686,1000,0.50,500,2,70,1.0072,86,1414.00,0.304135
687,1000,0.50,500,2,70,0.9719,87,1290.00,0.259193
688,1000,0.50,500,2,70,0.9762,88,1369.00,0.210936
689,1000,0.50,500,2,70,0.9880,89,1430.00,0.232297
690,1000,0.50,500,2,70,1.0293,90,1369.00,0.262081
691,1000,0.50,500,2,70,0.9810,91,1392.00,0.623246
692,1000,0.50,500,2,70,0.9893,92,1323.00,0.121890
693,1000,0.50,500,2,70,0.9702,93,1301.00,0.379252
694,1000,0.50,500,2,70,0.9870,94,1349.00,0.292636
695,1000,0.50,500,2,70,1.0102,95,1342.00,0.419885
696,1000,0.50,500,2,70,1.0043,96,1397.00,0.317763
697,1000,0.50,500,2,70,1.0132,97,1404.00,0.058060
698,1000,0.50,500,2,70,1.0096,98,1401.00,0.194712
699,1000,0.50,500,2,70,1.0349,99,1333.00,0.364467
700,1000,0.50,500,2,80,1.0061,0,1578.00,0.028501
701,1000,0.50,500,2,80,0.9607,1,1520.00,0.051557
702,1000,0.50,500,2,80,1.0029,2,1554.00,0.285561
703,1000,0.50,500,2,80,1.0108,3,1568.00,0.103455
704,1000,0.50,500,2,80,1.0095,4,1539.00,0.557193
705,1000,0.50,500,2,80,0.9923,5,1572.00,0.491382
706,1000,0.50,500,2,80,0.9855,6,1563.00,0.257870
707,1000,0.50,500,2,80,1.0199,7,1616.00,0.300463
708,1000,0.50,500,2,80,0.9869,8,1545.00,0.000848
709,1000,0.50,500,2,80,0.9866,9,1544.00,0.229993
710,1000,0.50,500,2,80,0.9422,10,1544.00,0.027924
711,1000,0.50,500,2,80,0.9666,11,791.00,0.405414
712,1000,0.50,500,2,80,0.9936,12,1688.00,0.148403
713,1000,0.50,500,2,80,0.9955,13,1631.00,0.282215
714,1000,0.50,500,2,80,0.9778,14,1613.00,0.366299
715,1000,0.50,500,2,80,1.0096,15,1612.00,0.410681
716,1000,0.50,500,2,80,0.9816,16,1588.00,0.126216
717,1000,0.50,500,2,80,1.0433,17,270.00,0.238431
718,1000,0.50,500,2,80,0.9648,18,1614.00,0.692959
719,1000,0.50,500,2,80,1.0025,19,1693.00,0.139612
720,1000,0.50,500,2,80,1.0790,20,1636.00,0.323906
721,1000,0.50,500,2,80,1.0128,21,1557.00,0.165139
722,1000,0.50,500,2,80,1.0385,22,375.00,0.289508
723,1000,0.50,500,2,80,1.0146,23,1562.00,0.294369
724,1000,0.50,500,2,80,0.9524,24,1554.00,0.197071
725,1000,0.50,500,2,80,1.0062,25,1577.00,0.335151
726,1000,0.50,500,2,80,0.9738,26,1582.00,0.181270
727,1000,0.50,500,2,80,1.0575,27,1036.00,0.448659
728,1000,0.50,500,2,80,0.9318,28,1449.00,0.150447
729,1000,0.50,500,2,80,1.0323,29,1620.00,0.083599
730,1000,0.50,500,2,80,0.9604,30,1627.00,0.801952
731,1000,0.50,500,2,80,1.0148,31,1659.00,0.489871
732,1000,0.50,500,2,80,0.9722,32,1581.00,0.188116
733,1000,0.50,500,2,80,0.9679,33,1593.00,0.312754
734,1000,0.50,500,2,80,1.0158,34,619.00,0.295338
735,1000,0.50,500,2,80,0.9925,35,605.00,0.749175
736,1000,0.50,500,2,80,1.0410,36,1568.00,0.248390
737,1000,0.50,500,2,80,0.9974,37,1561.00,0.337311
738,1000,0.50,500,2,80,0.9905,38,1574.00,0.075621
739,1000,0.50,500,2,80,1.0022,39,1529.00,0.141151
740,1000,0.50,500,2,80,0.9880,40,715.00,0.171698
741,1000,0.50,500,2,80,1.0085,41,1623.00,0.233583
742,1000,0.50,500,2,80,0.9765,42,1488.00,0.207681
743,1000,0.50,500,2,80,1.0102,43,1494.00,0.540142
744,1000,0.50,500,2,80,0.9634,44,1552.00,0.533268
745,1000,0.50,500,2,80,1.0484,45,1555.00,0.289287
746,1000,0.50,500,2,80,0.9729,46,1632.00,0.328370
747,1000,0.50,500,2,80,1.0256,47,1528.00,0.194624
748,1000,0.50,500,2,80,1.0746,48,1640.00,0.989690
749,1000,0.50,500,2,80,1.0482,49,1539.00,0.572463
750,1000,0.50,500,2,80,0.9799,50,1598.00,0.144401
751,1000,0.50,500,2,80,1.0513,51,981.00,0.340836
752,1000,0.50,500,2,80,1.0004,52,1600.00,0.124383
753,1000,0.50,500,2,80,0.9781,53,1622.00,0.024844
754,1000,0.50,500,2,80,1.0183,54,1586.00,0.238587
755,1000,0.50,500,2,80,0.9850,55,1617.00,0.049271
756,1000,0.50,500,2,80,0.9472,56,1543.00,0.089143
757,1000,0.50,500,2,80,1.0455,57,1589.00,0.305770
758,1000,0.50,500,2,80,0.9613,58,1535.00,0.281103
759,1000,0.50,500,2,80,0.9309,59,1639.00,0.388512
760,1000,0.50,500,2,80,1.0147,60,384.00,0.327993
761,1000,0.50,500,2,80,1.0200,61,1485.00,0.318683
762,1000,0.50,500,2,80,0.9985,62,1632.00,0.367346
763,1000,0.50,500,2,80,1.0031,63,1545.00,0.415274
764,1000,0.50,500,2,80,0.9870,64,1563.00,0.313715
765,1000,0.50,500,2,80,0.9696,65,1541.00,0.381339
766,1000,0.50,500,2,80,1.0258,66,1592.00,0.278897
767,1000,0.50,500,2,80,1.0606,67,1536.00,0.355043
768,1000,0.50,500,2,80,0.9968,68,1592.00,0.701364
769,1000,0.50,500,2,80,0.9764,69,1546.00,0.369931
770,1000,0.50,500,2,80,0.9955,70,1637.00,0.487589
771,1000,0.50,500,2,80,1.0109,71,1576.00,0.494383
772,1000,0.50,500,2,80,0.9998,72,1570.00,0.133678
773,1000,0.50,500,2,80,0.9845,73,1630.00,0.026106
774,1000,0.50,500,2,80,0.9329,74,1621.00,0.062455
775,1000,0.50,500,2,80,0.9932,75,1593.00,0.350774
776,1000,0.50,500,2,80,1.0288,76,400.00,0.455118
777,1000,0.50,500,2,80,0.9703,77,1547.00,0.083129
778,1000,0.50,500,2,80,0.9682,78,1638.00,0.188741
779,1000,0.50,500,2,80,1.0080,79,1610.00,0.583501
780,1000,0.50,500,2,80,1.0136,80,1706.00,0.186949
781,1000,0.50,500,2,80,0.9805,81,1589.00,0.486771
782,1000,0.50,500,2,80,0.9984,82,1630.00,0.133975
783,1000,0.50,500,2,80,0.9492,83,1607.00,0.125128
784,1000,0.50,500,2,80,1.0182,84,1554.00,0.146920
785,1000,0.50,500,2,80,1.0274,85,1676.00,0.441037
786,1000,0.50,500,2,80,0.9914,86,1538.00,0.113134
787,1000,0.50,500,2,80,1.0157,87,1638.00,0.563099
788,1000,0.50,500,2,80,1.0156,88,1603.00,0.489004
789,1000,0.50,500,2,80,1.0177,89,1702.00,0.147218
790,1000,0.50,500,2,80,1.0198,90,1561.00,0.397755
791,1000,0.50,500,2,80,1.0366,91,843.00,0.766906
792,1000,0.50,500,2,80,1.0161,92,1178.00,0.208241
793,1000,0.50,500,2,80,1.0090,93,1653.00,0.183121
794,1000,0.50,500,2,80,1.0042,94,1563.00,0.113765
795,1000,0.50,500,2,80,0.9888,95,1600.00,0.207332
796,1000,0.50,500,2,80,0.9957,96,991.00,0.240897
797,1000,0.50,500,2,80,0.9950,97,1572.00,0.043232
798,1000,0.50,500,2,80,1.0466,98,1623.00,0.471386
799,1000,0.50,500,2,80,1.0048,99,1609.00,0.468287
800,1000,0.50,500,2,90,1.0247,0,1808.00,0.447375
801,1000,0.50,500,2,90,1.0311,1,115.00,0.267365
802,1000,0.50,500,2,90,0.9930,2,1911.00,0.450100
803,1000,0.50,500,2,90,1.0246,3,92.00,0.633781
804,1000,0.50,500,2,90,1.0298,4,1759.00,0.413475
805,1000,0.50,500,2,90,1.0366,5,1858.00,0.331974
806,1000,0.50,500,2,90,1.0165,6,1748.00,0.307403
807,1000,0.50,500,2,90,0.9894,7,1734.00,0.258033
808,1000,0.50,500,2,90,0.9930,8,1776.00,0.225486
809,1000,0.50,500,2,90,0.9622,9,1778.00,0.306689
810,1000,0.50,500,2,90,1.0480,10,1218.00,0.562276
811,1000,0.50,500,2,90,1.0059,11,1695.00,0.281770
812,1000,0.50,500,2,90,0.9585,12,1725.00,0.013675
813,1000,0.50,500,2,90,1.0540,13,1776.00,0.061015
814,1000,0.50,500,2,90,1.0008,14,1724.00,0.278164
815,1000,0.50,500,2,90,1.0360,15,924.00,0.185231
816,1000,0.50,500,2,90,0.9975,16,1865.00,0.247144
817,1000,0.50,500,2,90,1.0195,17,1733.00,0.263314
818,1000,0.50,500,2,90,1.0159,18,1751.00,0.120197
819,1000,0.50,500,2,90,1.0344,19,1707.00,0.177871
820,1000,0.50,500,2,90,0.9903,20,1759.00,0.283957
821,1000,0.50,500,2,90,0.9457,21,1767.00,0.091832
822,1000,0.50,500,2,90,0.9905,22,1719.00,0.263811
823,1000,0.50,500,2,90,0.9999,23,1663.00,0.219511
824,1000,0.50,500,2,90,0.9857,24,1816.00,0.159640
825,1000,0.50,500,2,90,1.0342,25,1702.00,0.083604
826,1000,0.50,500,2,90,1.0283,26,1766.00,0.631600
827,1000,0.50,500,2,90,0.9997,27,1787.00,0.130383
828,1000,0.50,500,2,90,0.9649,28,1726.00,0.248695
829,1000,0.50,500,2,90,0.9622,29,1766.00,0.448112
830,1000,0.50,500,2,90,0.9618,30,1753.00,0.184880
831,1000,0.50,500,2,90,0.9489,31,1795.00,0.228294
832,1000,0.50,500,2,90,0.9545,32,1775.00,0.130894
833,1000,0.50,500,2,90,1.0258,33,1741.00,0.398331
834,1000,0.50,500,2,90,1.0090,34,1736.00,0.137249
835,1000,0.50,500,2,90,0.9462,35,1734.00,0.154546
836,1000,0.50,500,2,90,1.0133,36,1824.00,0.556511
837,1000,0.50,500,2,90,1.0252,37,1705.00,0.525155
838,1000,0.50,500,2,90,0.9430,38,1787.00,0.049286
839,1000,0.50,500,2,90,1.0405,39,1804.00,0.112080
840,1000,0.50,500,2,90,0.9350,40,1731.00,0.381380
841,1000,0.50,500,2,90,1.0328,41,1744.00,0.148707
842,1000,0.50,500,2,90,1.0236,42,1837.00,0.210884
843,1000,0.50,500,2,90,0.9674,43,1702.00,0.193912
844,1000,0.50,500,2,90,1.0204,44,1837.00,0.449984
845,1000,0.50,500,2,90,0.9810,45,1727.00,0.023819
846,1000,0.50,500,2,90,1.0296,46,436.00,0.159645
847,1000,0.50,500,2,90,0.9762,47,1696.00,0.047536
848,1000,0.50,500,2,90,1.0333,48,555.00,0.231040
849,1000,0.50,500,2,90,0.9941,49,1680.00,0.282553
850,1000,0.50,500,2,90,0.9879,50,1630.00,0.081443
851,1000,0.50,500,2,90,0.9626,51,1787.00,0.151904
852,1000,0.50,500,2,90,0.9969,52,1867.00,0.423875
853,1000,0.50,500,2,90,0.9936,53,1639.00,0.118802
854,1000,0.50,500,2,90,0.9873,54,1712.00,0.309485
855,1000,0.50,500,2,90,0.9464,55,1742.00,0.154693
856,1000,0.50,500,2,90,1.0126,56,1203.00,0.236097
857,1000,0.50,500,2,90,0.9752,57,1712.00,0.191705
858,1000,0.50,500,2,90,0.9867,58,1684.00,0.159614
859,1000,0.50,500,2,90,1.0374,59,1806.00,0.203790
860,1000,0.50,500,2,90,0.9589,60,1729.00,0.221681
861,1000,0.50,500,2,90,1.0069,61,1768.00,0.276541
862,1000,0.50,500,2,90,0.9402,62,1760.00,0.229016
863,1000,0.50,500,2,90,1.0374,63,105.00,0.534473
864,1000,0.50,500,2,90,0.9632,64,1715.00,0.137084
865,1000,0.50,500,2,90,1.0592,65,1780.00,0.340563
866,1000,0.50,500,2,90,1.0047,66,1816.00,0.059306
867,1000,0.50,500,2,90,0.9916,67,736.00,0.205128
868,1000,0.50,500,2,90,1.0119,68,1790.00,0.140050
869,1000,0.50,500,2,90,0.9713,69,1663.00,0.100739
870,1000,0.50,500,2,90,0.9438,70,1722.00,0.330253
871,1000,0.50,500,2,90,0.9433,71,1722.00,0.102007
872,1000,0.50,500,2,90,1.0414,72,1348.00,0.294510
873,1000,0.50,500,2,90,0.9675,73,1821.00,0.104684
874,1000,0.50,500,2,90,0.9979,74,1591.00,0.219291
875,1000,0.50,500,2,90,1.0128,75,1791.00,0.309136
876,1000,0.50,500,2,90,0.9576,76,1816.00,0.517987
877,1000,0.50,500,2,90,1.0607,77,1609.00,0.113499
878,1000,0.50,500,2,90,0.9761,78,1865.00,0.925556
879,1000,0.50,500,2,90,0.9884,79,1800.00,0.108066
880,1000,0.50,500,2,90,1.0254,80,1799.00,0.273018
881,1000,0.50,500,2,90,1.0010,81,1771.00,0.468115
882,1000,0.50,500,2,90,1.0042,82,1787.00,0.664740
883,1000,0.50,500,2,90,0.9868,83,1796.00,0.450349
884,1000,0.50,500,2,90,0.9231,84,1791.00,0.390701
885,1000,0.50,500,2,90,1.0165,85,1777.00,0.819775
886,1000,0.50,500,2,90,1.0066,86,1781.00,0.264307
887,1000,0.50,500,2,90,1.0055,87,1871.00,0.492171
888,1000,0.50,500,2,90,1.0108,88,1854.00,0.258760
889,1000,0.50,500,2,90,1.0576,89,1850.00,0.216885
890,1000,0.50,500,2,90,1.0596,90,1839.00,0.077565
891,1000,0.50,500,2,90,0.9760,91,1783.00,0.142742
892,1000,0.50,500,2,90,1.0222,92,1837.00,0.369879
893,1000,0.50,500,2,90,1.0168,93,486.00,0.198771
894,1000,0.50,500,2,90,0.9447,94,1667.00,0.022459
895,1000,0.50,500,2,90,1.0103,95,1834.00,0.146299
896,1000,0.50,500,2,90,1.0474,96,1990.00,0.672236
897,1000,0.50,500,2,90,0.9701,97,1846.00,0.590204
898,1000,0.50,500,2,90,1.0089,98,467.00,0.155569
899,1000,0.50,500,2,90,1.0443,99,1705.00,0.180551
900,1000,0.50,500,2,100,0.9807,0,1882.00,0.450469
901,1000,0.50,500,2,100,0.9878,1,1985.00,0.407102
902,1000,0.50,500,2,100,1.0572,2,2078.00,0.094929
903,1000,0.50,500,2,100,0.9547,3,1804.00,0.323186
904,1000,0.50,500,2,100,1.0812,4,1344.00,0.125074
905,1000,0.50,500,2,100,0.9814,5,1943.00,0.118693
906,1000,0.50,500,2,100,1.0278,6,1951.00,0.178164
907,1000,0.50,500,2,100,1.0243,7,1980.00,0.379137
908,1000,0.50,500,2,100,0.9943,8,2021.00,0.226291
909,1000,0.50,500,2,100,1.0090,9,2106.00,0.857060
910,1000,0.50,500,2,100,1.0288,10,2011.00,0.350664
911,1000,0.50,500,2,100,1.0128,11,1387.00,0.445462
912,1000,0.50,500,2,100,1.0038,12,1967.00,0.079906
913,1000,0.50,500,2,100,0.9902,13,1975.00,0.229697
914,1000,0.50,500,2,100,1.0174,14,105.00,0.176397
915,1000,0.50,500,2,100,0.9439,15,1847.00,0.139549
916,1000,0.50,500,2,100,0.9967,16,1609.00,0.231895
917,1000,0.50,500,2,100,0.9648,17,1989.00,0.253484
918,1000,0.50,500,2,100,1.0394,18,1999.00,0.205266
919,1000,0.50,500,2,100,1.0041,19,1880.00,0.151110
920,1000,0.50,500,2,100,0.9875,20,1968.00,0.724826
921,1000,0.50,500,2,100,0.9883,21,1967.00,0.041830
922,1000,0.50,500,2,100,1.0071,22,1968.00,0.314494
923,1000,0.50,500,2,100,1.0197,23,1984.00,0.501899
924,1000,0.50,500,2,100,1.0073,24,1945.00,0.957570
925,1000,0.50,500,2,100,0.9719,25,1942.00,0.423912
926,1000,0.50,500,2,100,1.0007,26,2033.00,0.331976
927,1000,0.50,500,2,100,0.9729,27,1890.00,0.380290
928,1000,0.50,500,2,100,1.0148,28,1860.00,0.231866
929,1000,0.50,500,2,100,0.9698,29,1950.00,0.110623
930,1000,0.50,500,2,100,1.0030,30,1837.00,0.349414
931,1000,0.50,500,2,100,0.9736,31,1938.00,0.132830
932,1000,0.50,500,2,100,0.9808,32,2001.00,0.284379
933,1000,0.50,500,2,100,0.9419,33,1860.00,0.134738
934,1000,0.50,500,2,100,1.0218,34,1893.00,0.400493
935,1000,0.50,500,2,100,0.9881,35,2001.00,0.130969
936,1000,0.50,500,2,100,0.9228,36,1955.00,0.241101
937,1000,0.50,500,2,100,1.0159,37,1892.00,0.451301
938,1000,0.50,500,2,100,1.0124,38,1974.00,0.705343
939,1000,0.50,500,2,100,0.9628,39,1915.00,0.222063
940,1000,0.50,500,2,100,1.0148,40,1888.00,0.534444
941,1000,0.50,500,2,100,1.0672,41,195.00,0.488544
942,1000,0.50,500,2,100,0.9814,42,1920.00,0.032702
943,1000,0.50,500,2,100,0.9565,43,1915.00,0.196726
944,1000,0.50,500,2,100,1.0076,44,1974.00,0.397085
945,1000,0.50,500,2,100,0.9675,45,2018.00,0.570766
946,1000,0.50,500,2,100,1.0365,46,2091.00,0.154661
947,1000,0.50,500,2,100,1.0409,47,863.00,0.278761
948,1000,0.50,500,2,100,1.0074,48,1941.00,0.235238
949,1000,0.50,500,2,100,0.9913,49,1905.00,0.358770
950,1000,0.50,500,2,100,1.0437,50,1947.00,0.031975
951,1000,0.50,500,2,100,0.9838,51,1944.00,0.166177
952,1000,0.50,500,2,100,0.9901,52,2039.00,0.259562
953,1000,0.50,500,2,100,1.0429,53,1702.00,0.157116
954,1000,0.50,500,2,100,0.9563,54,1989.00,0.524620
955,1000,0.50,500,2,100,0.9779,55,1213.00,0.172343
956,1000,0.50,500,2,100,0.9484,56,2046.00,0.435124
957,1000,0.50,500,2,100,1.0146,57,1900.00,0.125310
958,1000,0.50,500,2,100,1.0818,58,815.00,0.216695
959,1000,0.50,500,2,100,0.9345,59,1885.00,0.222331
960,1000,0.50,500,2,100,1.0203,60,1965.00,0.284286
961,1000,0.50,500,2,100,1.0400,61,1916.00,0.368491
962,1000,0.50,500,2,100,0.9752,62,1943.00,0.341168
963,1000,0.50,500,2,100,1.0198,63,1975.00,0.309166
964,1000,0.50,500,2,100,1.0052,64,1889.00,0.125820
965,1000,0.50,500,2,100,1.0152,65,2055.00,0.184879
966,1000,0.50,500,2,100,0.9756,66,1874.00,0.239250
967,1000,0.50,500,2,100,1.0262,67,1322.00,0.183362
968,1000,0.50,500,2,100,1.0118,68,1884.00,0.582965
969,1000,0.50,500,2,100,0.9153,69,1981.00,0.112401
970,1000,0.50,500,2,100,1.0300,70,2015.00,0.595810
971,1000,0.50,500,2,100,0.9771,71,1913.00,0.115886
972,1000,0.50,500,2,100,0.9536,72,1879.00,0.068622
973,1000,0.50,500,2,100,1.0050,73,1901.00,0.133159
974,1000,0.50,500,2,100,0.9866,74,1939.00,0.039245
975,1000,0.50,500,2,100,1.0142,75,1946.00,0.186555
976,1000,0.50,500,2,100,1.0290,76,1973.00,0.476953
977,1000,0.50,500,2,100,0.9396,77,1864.00,0.166030
978,1000,0.50,500,2,100,1.0189,78,1894.00,0.247972
979,1000,0.50,500,2,100,1.0012,79,613.00,0.262042
980,1000,0.50,500,2,100,1.0224,80,1889.00,0.290792
981,1000,0.50,500,2,100,0.9646,81,2003.00,0.212296
982,1000,0.50,500,2,100,0.9849,82,1867.00,0.205290
983,1000,0.50,500,2,100,0.9801,83,398.00,0.181936
984,1000,0.50,500,2,100,1.0056,84,1888.00,0.835524
985,1000,0.50,500,2,100,0.9945,85,1887.00,0.248343
986,1000,0.50,500,2,100,0.9679,86,1940.00,0.045910
987,1000,0.50,500,2,100,1.0205,87,1957.00,0.331423
988,1000,0.50,500,2,100,0.9834,88,1953.00,0.452705
989,1000,0.50,500,2,100,1.0047,89,1902.00,0.433871
990,1000,0.50,500,2,100,1.0432,90,1977.00,0.321907
991,1000,0.50,500,2,100,0.9762,91,1957.00,0.502074
992,1000,0.50,500,2,100,0.9896,92,1951.00,0.287936
993,1000,0.50,500,2,100,1.0196,93,483.00,0.341330
994,1000,0.50,500,2,100,1.0505,94,2012.00,0.093997
995,1000,0.50,500,2,100,0.9967,95,1929.00,0.331353
996,1000,0.50,500,2,100,0.9563,96,1928.00,0.181230
997,1000,0.50,500,2,100,1.0065,97,1993.00,0.296723
998,1000,0.50,500,2,100,1.0220,98,1901.00,0.162449
999,1000,0.50,500,2,100,0.9888,99,1902.00,0.021719
1000,1000,0.50,500,2,110,0.9496,0,2210.00,0.173808
1001,1000,0.50,500,2,110,0.9790,1,193.00,0.174895
1002,1000,0.50,500,2,110,0.9624,2,2216.00,0.112944
1003,1000,0.50,500,2,110,0.9567,3,2221.00,0.193103
1004,1000,0.50,500,2,110,1.0030,4,2157.00,0.050848
1005,1000,0.50,500,2,110,0.9922,5,2134.00,0.169700
1006,1000,0.50,500,2,110,1.0263,6,952.00,0.195251
1007,1000,0.50,500,2,110,0.9896,7,2190.00,0.120696
1008,1000,0.50,500,2,110,1.0349,8,2200.00,0.356812
1009,1000,0.50,500,2,110,1.0072,9,2020.00,0.454822
1010,1000,0.50,500,2,110,0.9943,10,2141.00,0.161548
1011,1000,0.50,500,2,110,1.0089,11,2110.00,0.324093
1012,1000,0.50,500,2,110,1.0142,12,1950.00,0.117505
1013,1000,0.50,500,2,110,0.9384,13,2256.00,0.272114
1014,1000,0.50,500,2,110,0.9902,14,2202.00,0.623472
1015,1000,0.50,500,2,110,1.0161,15,2170.00,0.106730
1016,1000,0.50,500,2,110,1.0178,16,174.00,0.236559
1017,1000,0.50,500,2,110,1.0257,17,2068.00,0.257600
1018,1000,0.50,500,2,110,0.9577,18,2048.00,0.358948
1019,1000,0.50,500,2,110,1.0661,19,2094.00,0.248021
1020,1000,0.50,500,2,110,1.0476,20,2095.00,0.461723
1021,1000,0.50,500,2,110,1.0145,21,2166.00,0.147225
1022,1000,0.50,500,2,110,1.0190,22,2145.00,0.153518
1023,1000,0.50,500,2,110,1.0009,23,2106.00,0.390414
1024,1000,0.50,500,2,110,0.9872,24,2133.00,0.251918
1025,1000,0.50,500,2,110,0.9759,25,2130.00,0.277275
1026,1000,0.50,500,2,110,1.0052,26,2167.00,0.153460
1027,1000,0.50,500,2,110,1.0122,27,1209.00,0.210676
1028,1000,0.50,500,2,110,1.0172,28,149.00,0.184605
1029,1000,0.50,500,2,110,0.9865,29,2180.00,0.356407
1030,1000,0.50,500,2,110,0.9895,30,2132.00,0.332988
1031,1000,0.50,500,2,110,1.0189,31,1994.00,0.123575
1032,1000,0.50,500,2,110,1.0029,32,2109.00,0.322741
1033,1000,0.50,500,2,110,0.9885,33,2137.00,0.204335
1034,1000,0.50,500,2,110,0.9995,34,2075.00,0.144481
1035,1000,0.50,500,2,110,1.0316,35,2227.00,0.274629
1036,1000,0.50,500,2,110,1.0339,36,2068.00,0.166536
1037,1000,0.50,500,2,110,0.9884,37,2157.00,0.100372
1038,1000,0.50,500,2,110,0.9453,38,2159.00,0.243502
1039,1000,0.50,500,2,110,1.0002,39,2140.00,0.186189
1040,1000,0.50,500,2,110,1.0545,40,555.00,0.389534
1041,1000,0.50,500,2,110,1.0395,41,2117.00,0.386951
1042,1000,0.50,500,2,110,1.0059,42,2154.00,0.198649
1043,1000,0.50,500,2,110,0.9437,43,2105.00,0.101027
1044,1000,0.50,500,2,110,1.0184,44,2031.00,0.104212
1045,1000,0.50,500,2,110,0.9460,45,2114.00,0.280503
1046,1000,0.50,500,2,110,0.9843,46,2103.00,0.155972
1047,1000,0.50,500,2,110,1.0005,47,2168.00,0.311382
1048,1000,0.50,500,2,110,0.9684,48,2138.00,0.213485
1049,1000,0.50,500,2,110,0.9414,49,2055.00,0.024910
1050,1000,0.50,500,2,110,0.9582,50,2166.00,0.384205
1051,1000,0.50,500,2,110,1.0990,51,483.00,0.208579
1052,1000,0.50,500,2,110,1.0419,52,2028.00,0.147832
1053,1000,0.50,500,2,110,0.9856,53,2109.00,0.088005
1054,1000,0.50,500,2,110,0.9859,54,2156.00,0.289036
1055,1000,0.50,500,2,110,0.9945,55,371.00,0.257282
1056,1000,0.50,500,2,110,0.9852,56,2106.00,0.058272
1057,1000,0.50,500,2,110,1.0151,57,2093.00,0.297982
1058,1000,0.50,500,2,110,1.0439,58,1104.00,0.201880
1059,1000,0.50,500,2,110,0.9779,59,2243.00,0.543971
1060,1000,0.50,500,2,110,1.0193,60,2145.00,0.669966
1061,1000,0.50,500,2,110,0.9986,61,2107.00,0.372548
1062,1000,0.50,500,2,110,0.9750,62,2155.00,0.157594
1063,1000,0.50,500,2,110,0.9722,63,2133.00,0.325783
1064,1000,0.50,500,2,110,0.9167,64,2028.00,0.141077
1065,1000,0.50,500,2,110,1.0156,65,860.00,0.227440
1066,1000,0.50,500,2,110,0.9708,66,2035.00,0.160974
1067,1000,0.50,500,2,110,0.9366,67,2089.00,0.387109
1068,1000,0.50,500,2,110,0.9875,68,2044.00,0.193588
1069,1000,0.50,500,2,110,1.0021,69,2144.00,0.434461
1070,1000,0.50,500,2,110,1.0316,70,2200.00,0.490458
1071,1000,0.50,500,2,110,1.0098,71,1398.00,0.594729
1072,1000,0.50,500,2,110,0.9623,72,2156.00,0.316738
1073,1000,0.50,500,2,110,0.9898,73,2083.00,0.054950
1074,1000,0.50,500,2,110,1.0761,74,2180.00,0.083016
1075,1000,0.50,500,2,110,1.0114,75,2003.00,0.253156
1076,1000,0.50,500,2,110,0.9977,76,2006.00,0.265607
1077,1000,0.50,500,2,110,0.9543,77,2188.00,0.237729
1078,1000,0.50,500,2,110,1.0315,78,2193.00,0.494100
1079,1000,0.50,500,2,110,0.9538,79,2034.00,0.123604
1080,1000,0.50,500,2,110,1.0047,80,990.00,0.150878
1081,1000,0.50,500,2,110,1.0248,81,2158.00,0.123738
1082,1000,0.50,500,2,110,1.0278,82,2107.00,0.231493
1083,1000,0.50,500,2,110,0.9830,83,2179.00,0.166591
1084,1000,0.50,500,2,110,0.9935,84,2143.00,0.211550
1085,1000,0.50,500,2,110,1.0593,85,2203.00,0.382437
1086,1000,0.50,500,2,110,0.9907,86,2177.00,0.338577
1087,1000,0.50,500,2,110,0.9727,87,2119.00,0.317613
1088,1000,0.50,500,2,110,0.9994,88,2112.00,0.345520
1089,1000,0.50,500,2,110,0.9852,89,2065.00,0.599823
1090,1000,0.50,500,2,110,1.0119,90,1660.00,0.135204
1091,1000,0.50,500,2,110,1.0006,91,2062.00,0.091312
1092,1000,0.50,500,2,110,0.9894,92,2179.00,0.127581
1093,1000,0.50,500,2,110,0.9729,93,2150.00,0.061342
1094,1000,0.50,500,2,110,1.0202,94,2057.00,0.170836
1095,1000,0.50,500,2,110,0.9645,95,2101.00,0.399091
1096,1000,0.50,500,2,110,0.9908,96,2158.00,0.121307
1097,1000,0.50,500,2,110,1.0000,97,2102.00,0.304673
1098,1000,0.50,500,2,110,1.0142,98,1753.00,0.172316
1099,1000,0.50,500,2,110,0.9896,99,2101.00,0.035745
1100,1000,0.50,500,2,120,1.0526,0,2385.00,0.295027
1101,1000,0.50,500,2,120,0.9606,1,2374.00,0.304565
1102,1000,0.50,500,2,120,1.0241,2,2423.00,0.312380
1103,1000,0.50,500,2,120,1.0204,3,2416.00,0.268373
1104,1000,0.50,500,2,120,1.0418,4,1418.00,0.175109
1105,1000,0.50,500,2,120,0.9882,5,2402.00,0.831458
1106,1000,0.50,500,2,120,0.9780,6,2338.00,0.233354
1107,1000,0.50,500,2,120,1.0221,7,2224.00,0.166930
1108,1000,0.50,500,2,120,0.9504,8,2255.00,0.141319
1109,1000,0.50,500,2,120,1.0264,9,2239.00,0.097729
1110,1000,0.50,500,2,120,0.9668,10,2290.00,0.290769
1111,1000,0.50,500,2,120,1.0195,11,2301.00,0.515291
1112,1000,0.50,500,2,120,1.0410,12,1095.00,0.375814
1113,1000,0.50,500,2,120,1.0194,13,2255.00,0.168773
1114,1000,0.50,500,2,120,0.9937,14,2260.00,0.238796
1115,1000,0.50,500,2,120,0.9403,15,2377.00,0.204843
1116,1000,0.50,500,2,120,1.0265,16,148.00,0.593646
1117,1000,0.50,500,2,120,0.9394,17,2375.00,0.066728
1118,1000,0.50,500,2,120,0.9914,18,2351.00,0.065236
1119,1000,0.50,500,2,120,0.9458,19,2389.00,0.066874
1120,1000,0.50,500,2,120,0.9722,20,2326.00,0.266848
1121,1000,0.50,500,2,120,1.0046,21,96.00,0.142511
1122,1000,0.50,500,2,120,0.9700,22,2268.00,0.221564
1123,1000,0.50,500,2,120,1.0340,23,2399.00,0.326068
1124,1000,0.50,500,2,120,0.9609,24,2324.00,0.135865
1125,1000,0.50,500,2,120,1.0042,25,2290.00,0.406582
1126,1000,0.50,500,2,120,1.0254,26,251.00,0.265379
1127,1000,0.50,500,2,120,0.9730,27,2359.00,0.138922
1128,1000,0.50,500,2,120,1.0339,28,2382.00,0.212109
1129,1000,0.50,500,2,120,0.9682,29,2327.00,0.126900
1130,1000,0.50,500,2,120,0.9752,30,2274.00,0.509424
1131,1000,0.50,500,2,120,0.9427,31,2209.00,0.445181
1132,1000,0.50,500,2,120,1.0404,32,2235.00,0.623344
1133,1000,0.50,500,2,120,1.0637,33,2139.00,0.302447
1134,1000,0.50,500,2,120,0.9972,34,2364.00,0.048109
1135,1000,0.50,500,2,120,0.9813,35,2337.00,0.324439
1136,1000,0.50,500,2,120,0.9913,36,2278.00,0.129286
1137,1000,0.50,500,2,120,1.0157,37,2184.00,0.161566
1138,1000,0.50,500,2,120,1.0347,38,2470.00,0.159563
1139,1000,0.50,500,2,120,0.9555,39,2245.00,0.187092
1140,1000,0.50,500,2,120,1.0337,40,2227.00,0.277053
1141,1000,0.50,500,2,120,1.0204,41,2270.00,0.201456
1142,1000,0.50,500,2,120,0.9600,42,2263.00,0.077534
1143,1000,0.50,500,2,120,0.9796,43,2428.00,0.148235
1144,1000,0.50,500,2,120,1.0336,44,2363.00,0.158101
1145,1000,0.50,500,2,120,0.9725,45,2382.00,0.322282
1146,1000,0.50,500,2,120,1.0106,46,2460.00,0.335242
1147,1000,0.50,500,2,120,0.9633,47,2356.00,0.532175
1148,1000,0.50,500,2,120,0.9770,48,2360.00,0.108168
1149,1000,0.50,500,2,120,1.0324,49,2444.00,0.873622
1150,1000,0.50,500,2,120,0.9458,50,2291.00,0.198656
1151,1000,0.50,500,2,120,1.0206,51,77.00,0.260982
1152,1000,0.50,500,2,120,0.9977,52,2375.00,0.179788
1153,1000,0.50,500,2,120,1.0388,53,2285.00,0.138473
1154,1000,0.50,500,2,120,0.9916,54,2301.00,0.319899
1155,1000,0.50,500,2,120,0.9865,55,2202.00,0.097141
1156,1000,0.50,500,2,120,1.0132,56,2393.00,0.133861
1157,1000,0.50,500,2,120,1.0341,57,180.00,0.207794
1158,1000,0.50,500,2,120,1.0242,58,2349.00,0.243494
1159,1000,0.50,500,2,120,1.0034,59,2391.00,0.098820
1160,1000,0.50,500,2,120,1.0359,60,2382.00,0.504250
1161,1000,0.50,500,2,120,0.9422,61,2444.00,0.066013
1162,1000,0.50,500,2,120,0.9698,62,2247.00,0.117144
1163,1000,0.50,500,2,120,0.9640,63,1342.00,0.464502
1164,1000,0.50,500,2,120,0.9606,64,2253.00,0.454038
1165,1000,0.50,500,2,120,0.9765,65,2250.00,0.178667
1166,1000,0.50,500,2,120,0.9847,66,2313.00,0.207715
1167,1000,0.50,500,2,120,1.0035,67,469.00,0.260241
1168,1000,0.50,500,2,120,1.0059,68,2195.00,0.390871
1169,1000,0.50,500,2,120,0.9827,69,2215.00,0.166334
1170,1000,0.50,500,2,120,1.0134,70,2359.00,0.344059
1171,1000,0.50,500,2,120,0.9454,71,2411.00,0.102680
1172,1000,0.50,500,2,120,0.9958,72,2272.00,0.129006
1173,1000,0.50,500,2,120,0.9570,73,2196.00,0.305133
1174,1000,0.50,500,2,120,0.9986,74,2328.00,0.107106
1175,1000,0.50,500,2,120,1.0200,75,2359.00,0.198957
1176,1000,0.50,500,2,120,1.0307,76,569.00,0.324028
1177,1000,0.50,500,2,120,0.9789,77,2275.00,0.088879
1178,1000,0.50,500,2,120,1.0482,78,927.00,0.150897
1179,1000,0.50,500,2,120,0.9807,79,2368.00,0.144919
1180,1000,0.50,500,2,120,1.0081,80,2390.00,0.306715
1181,1000,0.50,500,2,120,1.0315,81,2299.00,0.221535
1182,1000,0.50,500,2,120,0.9630,82,2267.00,0.282347
1183,1000,0.50,500,2,120,1.0598,83,2234.00,0.323980
1184,1000,0.50,500,2,120,1.0454,84,2399.00,0.163097
1185,1000,0.50,500,2,120,1.0042,85,2309.00,0.072838
1186,1000,0.50,500,2,120,0.9997,86,2344.00,0.271821
1187,1000,0.50,500,2,120,1.0650,87,2280.00,0.279678
1188,1000,0.50,500,2,120,0.9970,88,2272.00,0.066865
1189,1000,0.50,500,2,120,1.0580,89,2001.00,0.440520
1190,1000,0.50,500,2,120,0.9643,90,2301.00,0.050227
1191,1000,0.50,500,2,120,0.9413,91,2340.00,0.116986
1192,1000,0.50,500,2,120,1.0076,92,337.00,0.223847
1193,1000,0.50,500,2,120,1.0436,93,2372.00,0.334400
1194,1000,0.50,500,2,120,0.9436,94,2257.00,0.224974
1195,1000,0.50,500,2,120,1.0025,95,2289.00,0.461551
1196,1000,0.50,500,2,120,1.0057,96,2343.00,0.149950
1197,1000,0.50,500,2,120,1.0090,97,2367.00,0.027017
1198,1000,0.50,500,2,120,0.9845,98,2243.00,0.295057
1199,1000,0.50,500,2,120,0.9800,99,2351.00,0.509261
1200,1000,0.50,500,2,130,1.0083,0,2439.00,0.125273
1201,1000,0.50,500,2,130,0.9823,1,2590.00,0.108541
1202,1000,0.50,500,2,130,1.0036,2,2651.00,0.373743
1203,1000,0.50,500,2,130,0.9911,3,2616.00,0.246414
1204,1000,0.50,500,2,130,0.9982,4,2670.00,0.377831
1205,1000,0.50,500,2,130,1.0172,5,505.00,0.340885
1206,1000,0.50,500,2,130,0.9238,6,2643.00,0.280456
1207,1000,0.50,500,2,130,1.0313,7,650.00,0.264025
1208,1000,0.50,500,2,130,0.9683,8,2665.00,0.322016
1209,1000,0.50,500,2,130,1.0038,9,2559.00,0.186513
1210,1000,0.50,500,2,130,1.0067,10,2504.00,0.150785
1211,1000,0.50,500,2,130,1.0138,11,2475.00,0.155731
1212,1000,0.50,500,2,130,1.0334,12,2522.00,0.292994
1213,1000,0.50,500,2,130,1.0101,13,2486.00,0.151217
1214,1000,0.50,500,2,130,1.0329,14,2556.00,0.187870
1215,1000,0.50,500,2,130,1.0069,15,2446.00,0.231830
1216,1000,0.50,500,2,130,0.9788,16,2638.00,0.813751
1217,1000,0.50,500,2,130,0.9449,17,2634.00,0.167695
1218,1000,0.50,500,2,130,0.9758,18,2675.00,0.372611
1219,1000,0.50,500,2,130,0.9922,19,2730.00,0.189330
1220,1000,0.50,500,2,130,0.9986,20,2615.00,0.217832
1221,1000,0.50,500,2,130,1.0279,21,2556.00,0.507319
1222,1000,0.50,500,2,130,1.0443,22,2567.00,0.361685
1223,1000,0.50,500,2,130,1.0130,23,2516.00,0.089808
1224,1000,0.50,500,2,130,1.0634,24,1327.00,0.141780
1225,1000,0.50,500,2,130,1.0431,25,430.00,0.314037
1226,1000,0.50,500,2,130,1.0041,26,2488.00,0.242051
1227,1000,0.50,500,2,130,1.0080,27,2582.00,0.259926
1228,1000,0.50,500,2,130,0.9589,28,2580.00,0.548763
1229,1000,0.50,500,2,130,0.9492,29,2594.00,0.281276
1230,1000,0.50,500,2,130,0.9374,30,2660.00,0.028143
1231,1000,0.50,500,2,130,0.9782,31,2718.00,0.301229
1232,1000,0.50,500,2,130,0.9556,32,2550.00,0.567456
1233,1000,0.50,500,2,130,1.0035,33,2560.00,0.130864
1234,1000,0.50,500,2,130,0.9929,34,2609.00,0.142988
1235,1000,0.50,500,2,130,0.9805,35,2663.00,0.396995
1236,1000,0.50,500,2,130,0.9345,36,788.00,0.559120
1237,1000,0.50,500,2,130,0.9486,37,2608.00,0.292175
1238,1000,0.50,500,2,130,1.0399,38,845.00,0.329205
1239,1000,0.50,500,2,130,1.0232,39,2705.00,0.155644
1240,1000,0.50,500,2,130,1.0402,40,2727.00,0.188225
1241,1000,0.50,500,2,130,1.0360,41,2646.00,0.315967
1242,1000,0.50,500,2,130,1.0293,42,2643.00,0.133281
1243,1000,0.50,500,2,130,1.0339,43,2718.00,0.271837
1244,1000,0.50,500,2,130,0.9730,44,2738.00,0.387475
1245,1000,0.50,500,2,130,0.9678,45,2586.00,0.204617
1246,1000,0.50,500,2,130,0.9699,46,2644.00,0.452270
1247,1000,0.50,500,2,130,1.0084,47,2613.00,0.352873
1248,1000,0.50,500,2,130,0.9750,48,2687.00,0.254001
1249,1000,0.50,500,2,130,0.9812,49,2658.00,0.250054
1250,1000,0.50,500,2,130,1.0180,50,2629.00,0.222135
1251,1000,0.50,500,2,130,1.0121,51,2408.00,0.386671
1252,1000,0.50,500,2,130,1.0444,52,2801.00,0.151194
1253,1000,0.50,500,2,130,0.9310,53,2604.00,0.155914
1254,1000,0.50,500,2,130,0.9606,54,2591.00,0.304019
1255,1000,0.50,500,2,130,0.9553,55,2540.00,0.230105
1256,1000,0.50,500,2,130,0.9949,56,2662.00,0.229291
1257,1000,0.50,500,2,130,1.0090,57,2689.00,0.769676
1258,1000,0.50,500,2,130,1.0097,58,2666.00,0.239847
1259,1000,0.50,500,2,130,0.9678,59,2422.00,0.184345
1260,1000,0.50,500,2,130,0.9795,60,1615.00,0.444762
1261,1000,0.50,500,2,130,1.0259,61,2665.00,0.330964
1262,1000,0.50,500,2,130,1.0465,62,2432.00,0.189830
1263,1000,0.50,500,2,130,1.0134,63,2449.00,0.376274
1264,1000,0.50,500,2,130,0.9641,64,2532.00,0.475743
1265,1000,0.50,500,2,130,1.0487,65,2529.00,0.046256
1266,1000,0.50,500,2,130,0.9888,66,339.00,0.344196
1267,1000,0.50,500,2,130,0.9794,67,2536.00,0.246088
1268,1000,0.50,500,2,130,1.0445,68,2560.00,0.166464
1269,1000,0.50,500,2,130,1.0181,69,2582.00,0.751785
1270,1000,0.50,500,2,130,0.9986,70,2414.00,0.127385
1271,1000,0.50,500,2,130,0.9787,71,2479.00,0.161230
1272,1000,0.50,500,2,130,0.9698,72,2571.00,0.255296
1273,1000,0.50,500,2,130,0.9435,73,2476.00,0.545014
1274,1000,0.50,500,2,130,0.9949,74,2520.00,0.142526
1275,1000,0.50,500,2,130,0.9885,75,2631.00,0.131389
1276,1000,0.50,500,2,130,1.0086,76,2514.00,0.206342
1277,1000,0.50,500,2,130,1.0111,77,2374.00,0.032233
1278,1000,0.50,500,2,130,1.0132,78,2565.00,0.205259
1279,1000,0.50,500,2,130,0.9957,79,2590.00,0.561771
1280,1000,0.50,500,2,130,0.9716,80,2499.00,0.074308
1281,1000,0.50,500,2,130,0.9830,81,2595.00,0.297765
1282,1000,0.50,500,2,130,0.9972,82,2409.00,0.282307
1283,1000,0.50,500,2,130,1.0166,83,659.00,0.246782
1284,1000,0.50,500,2,130,0.9651,84,2546.00,0.292132
1285,1000,0.50,500,2,130,1.0418,85,91.00,0.170984
1286,1000,0.50,500,2,130,1.0299,86,2435.00,0.181324
1287,1000,0.50,500,2,130,1.0141,87,831.00,0.352261
1288,1000,0.50,500,2,130,1.0294,88,2469.00,0.048430
1289,1000,0.50,500,2,130,1.0086,89,2530.00,0.094310
1290,1000,0.50,500,2,130,0.9758,90,2543.00,0.177445
1291,1000,0.50,500,2,130,0.9854,91,2505.00,0.255764
1292,1000,0.50,500,2,130,1.0074,92,2487.00,0.134267
1293,1000,0.50,500,2,130,1.0135,93,2255.00,0.216763
1294,1000,0.50,500,2,130,1.0092,94,2478.00,0.185865
1295,1000,0.50,500,2,130,0.9411,95,2467.00,0.018203
1296,1000,0.50,500,2,130,1.0083,96,2528.00,0.294126
1297,1000,0.50,500,2,130,0.9987,97,2447.00,0.230864
1298,1000,0.50,500,2,130,1.0028,98,250.00,0.193962
1299,1000,0.50,500,2,130,0.9876,99,2572.00,0.405570
1300,1000,0.50,500,2,140,0.9515,0,2725.00,0.152969
1301,1000,0.50,500,2,140,1.0095,1,2742.00,0.187031
1302,1000,0.50,500,2,140,0.9818,2,2586.00,0.035267
1303,1000,0.50,500,2,140,1.0230,3,2701.00,0.321870
1304,1000,0.50,500,2,140,0.9308,4,2642.00,0.607325
1305,1000,0.50,500,2,140,1.0027,5,2828.00,0.148197
1306,1000,0.50,500,2,140,1.0316,6,180.00,0.127431
1307,1000,0.50,500,2,140,0.9621,7,2724.00,0.152065
1308,1000,0.50,500,2,140,1.0228,8,2702.00,0.262148
1309,1000,0.50,500,2,140,1.0269,9,44.00,0.212055
1310,1000,0.50,500,2,140,0.9808,10,2723.00,0.207375
1311,1000,0.50,500,2,140,0.9603,11,2660.00,0.182216
1312,1000,0.50,500,2,140,1.0218,12,2735.00,0.432145
1313,1000,0.50,500,2,140,1.0930,13,388.00,0.186346
1314,1000,0.50,500,2,140,1.0583,14,2804.00,0.327999
1315,1000,0.50,500,2,140,0.9962,15,607.00,0.307668
1316,1000,0.50,500,2,140,0.9651,16,2680.00,0.387477
1317,1000,0.50,500,2,140,0.9655,17,2639.00,0.238151
1318,1000,0.50,500,2,140,0.9107,18,2656.00,0.298309
1319,1000,0.50,500,2,140,0.9835,19,2666.00,0.451301
1320,1000,0.50,500,2,140,0.9952,20,2184.00,0.185376
1321,1000,0.50,500,2,140,0.9617,21,2588.00,0.110065
1322,1000,0.50,500,2,140,0.9598,22,2723.00,0.213249
1323,1000,0.50,500,2,140,1.0074,23,1414.00,0.170850
1324,1000,0.50,500,2,140,0.9840,24,2710.00,0.195734
1325,1000,0.50,500,2,140,1.0111,25,2678.00,0.122554
1326,1000,0.50,500,2,140,0.9521,26,2633.00,0.466337
1327,1000,0.50,500,2,140,0.9387,27,2641.00,0.233831
1328,1000,0.50,500,2,140,0.9110,28,2687.00,0.037486
1329,1000,0.50,500,2,140,0.9307,29,2696.00,0.378459
1330,1000,0.50,500,2,140,0.9954,30,2835.00,0.465437
1331,1000,0.50,500,2,140,0.9947,31,2691.00,0.408285
1332,1000,0.50,500,2,140,0.9905,32,2700.00,0.395660
1333,1000,0.50,500,2,140,1.0079,33,2555.00,0.223340
1334,1000,0.50,500,2,140,1.0445,34,2490.00,0.088459
1335,1000,0.50,500,2,140,0.9686,35,2786.00,0.163448
1336,1000,0.50,500,2,140,0.9336,36,2777.00,0.319828
1337,1000,0.50,500,2,140,1.0437,37,2680.00,0.218407
1338,1000,0.50,500,2,140,0.9736,38,329.00,0.110181
1339,1000,0.50,500,2,140,0.9881,39,2633.00,0.602446
1340,1000,0.50,500,2,140,1.0222,40,831.00,0.151452
1341,1000,0.50,500,2,140,0.9627,41,2651.00,0.150342
1342,1000,0.50,500,2,140,1.0177,42,2665.00,0.144924
1343,1000,0.50,500,2,140,0.9970,43,2525.00,0.497826
1344,1000,0.50,500,2,140,0.9655,44,2558.00,0.057878
1345,1000,0.50,500,2,140,1.0260,45,2811.00,0.442410
1346,1000,0.50,500,2,140,1.0317,46,2728.00,0.547522
1347,1000,0.50,500,2,140,1.0044,47,335.00,0.285236
1348,1000,0.50,500,2,140,1.0342,48,2280.00,0.178543
1349,1000,0.50,500,2,140,1.0444,49,174.00,0.135090
1350,1000,0.50,500,2,140,1.0077,50,2700.00,0.224994
1351,1000,0.50,500,2,140,1.0077,51,104.00,0.746583
1352,1000,0.50,500,2,140,1.0227,52,2838.00,0.180271
1353,1000,0.50,500,2,140,0.9439,53,2638.00,0.193351
1354,1000,0.50,500,2,140,0.9888,54,2702.00,0.408595
1355,1000,0.50,500,2,140,0.9933,55,2548.00,0.117944
1356,1000,0.50,500,2,140,1.0086,56,2669.00,0.520508
1357,1000,0.50,500,2,140,1.0029,57,2691.00,0.143292
1358,1000,0.50,500,2,140,1.0434,58,2853.00,0.502376
1359,1000,0.50,500,2,140,0.9757,59,2712.00,0.409126
1360,1000,0.50,500,2,140,1.0444,60,2725.00,0.163767
1361,1000,0.50,500,2,140,0.9586,61,2740.00,0.262910
1362,1000,0.50,500,2,140,0.9596,62,2822.00,0.189309
1363,1000,0.50,500,2,140,1.0228,63,2815.00,0.221964
1364,1000,0.50,500,2,140,0.9486,64,2564.00,0.126990
1365,1000,0.50,500,2,140,1.0542,65,2749.00,0.227721
1366,1000,0.50,500,2,140,0.9911,66,2731.00,0.285582
1367,1000,0.50,500,2,140,0.9981,67,2721.00,0.137880
1368,1000,0.50,500,2,140,1.0489,68,2691.00,0.235438
1369,1000,0.50,500,2,140,1.0335,69,2772.00,0.119000
1370,1000,0.50,500,2,140,1.0180,70,2785.00,0.273257
1371,1000,0.50,500,2,140,1.0190,71,2709.00,0.164001
1372,1000,0.50,500,2,140,1.0369,72,472.00,0.248858
1373,1000,0.50,500,2,140,1.0606,73,2804.00,0.574899
1374,1000,0.50,500,2,140,0.9621,74,2649.00,0.174261
1375,1000,0.50,500,2,140,0.9622,75,2736.00,0.292278
1376,1000,0.50,500,2,140,1.0195,76,2683.00,0.270554
1377,1000,0.50,500,2,140,1.0527,77,2722.00,0.072936
1378,1000,0.50,500,2,140,0.9376,78,2638.00,0.422175
1379,1000,0.50,500,2,140,1.0152,79,2804.00,0.104692
1380,1000,0.50,500,2,140,0.9626,80,2654.00,0.203106
1381,1000,0.50,500,2,140,1.0088,81,2688.00,0.124751
1382,1000,0.50,500,2,140,1.0491,82,2816.00,0.173297
1383,1000,0.50,500,2,140,1.0374,83,2660.00,0.306247
1384,1000,0.50,500,2,140,0.9648,84,2795.00,0.212173
1385,1000,0.50,500,2,140,0.9813,85,2764.00,0.155463
1386,1000,0.50,500,2,140,0.9648,86,2785.00,0.107471
1387,1000,0.50,500,2,140,0.9364,87,2664.00,0.171413
1388,1000,0.50,500,2,140,0.9813,88,2762.00,0.367275
1389,1000,0.50,500,2,140,0.9746,89,2791.00,0.326692
1390,1000,0.50,500,2,140,1.0204,90,2674.00,0.368222
1391,1000,0.50,500,2,140,0.9897,91,2726.00,0.164852
1392,1000,0.50,500,2,140,1.0173,92,2843.00,0.349095
1393,1000,0.50,500,2,140,0.9979,93,2778.00,0.057357
1394,1000,0.50,500,2,140,0.9865,94,2819.00,0.101793
1395,1000,0.50,500,2,140,1.0079,95,2737.00,0.196154
1396,1000,0.50,500,2,140,1.0085,96,2689.00,0.258161
1397,1000,0.50,500,2,140,0.9679,97,2699.00,0.127003
1398,1000,0.50,500,2,140,1.0100,98,2693.00,0.221421
1399,1000,0.50,500,2,140,0.9939,99,1359.00,0.215415
1400,1000,0.50,500,2,150,0.9970,0,2753.00,0.143115
1401,1000,0.50,500,2,150,0.9950,1,2781.00,0.382672
1402,1000,0.50,500,2,150,1.0220,2,3022.00,0.435280
1403,1000,0.50,500,2,150,0.9661,3,2741.00,0.390654
1404,1000,0.50,500,2,150,1.0260,4,2893.00,0.145209
1405,1000,0.50,500,2,150,0.9432,5,2877.00,0.123719
1406,1000,0.50,500,2,150,1.0377,6,947.00,0.188820
1407,1000,0.50,500,2,150,0.9905,7,2891.00,0.465745
1408,1000,0.50,500,2,150,1.0580,8,564.00,0.207335
1409,1000,0.50,500,2,150,0.9589,9,2861.00,0.083064
1410,1000,0.50,500,2,150,1.0181,10,2860.00,0.070113
1411,1000,0.50,500,2,150,0.9942,11,2939.00,0.510146
1412,1000,0.50,500,2,150,1.0454,12,2159.00,0.185153
1413,1000,0.50,500,2,150,1.0430,13,2907.00,0.103011
1414,1000,0.50,500,2,150,1.0030,14,2821.00,0.341605
1415,1000,0.50,500,2,150,1.0721,15,2937.00,0.262970
1416,1000,0.50,500,2,150,1.0041,16,2965.00,0.070518
1417,1000,0.50,500,2,150,1.0168,17,1194.00,0.205751
1418,1000,0.50,500,2,150,1.0340,18,2359.00,0.240871
1419,1000,0.50,500,2,150,1.0617,19,194.00,0.334229
1420,1000,0.50,500,2,150,1.0016,20,2823.00,0.278781
1421,1000,0.50,500,2,150,0.9917,21,2789.00,0.130499
1422,1000,0.50,500,2,150,0.9648,22,2977.00,0.183358
1423,1000,0.50,500,2,150,0.9782,23,2825.00,0.037179
1424,1000,0.50,500,2,150,0.9840,24,2745.00,0.151164
1425,1000,0.50,500,2,150,1.0051,25,2947.00,0.166294
1426,1000,0.50,500,2,150,1.0721,26,2439.00,0.379196
1427,1000,0.50,500,2,150,0.9803,27,2848.00,0.397513
1428,1000,0.50,500,2,150,1.0476,28,1986.00,0.260181
1429,1000,0.50,500,2,150,0.9362,29,2844.00,0.392280
1430,1000,0.50,500,2,150,1.0046,30,2934.00,0.083735
1431,1000,0.50,500,2,150,0.9959,31,2496.00,0.309877
1432,1000,0.50,500,2,150,1.0129,32,2909.00,0.124566
1433,1000,0.50,500,2,150,1.0509,33,1478.00,0.091163
1434,1000,0.50,500,2,150,0.9802,34,2983.00,0.374895
1435,1000,0.50,500,2,150,0.9800,35,2855.00,0.180449
1436,1000,0.50,500,2,150,0.9613,36,2913.00,0.084538
1437,1000,0.50,500,2,150,0.9734,37,2960.00,0.178260
1438,1000,0.50,500,2,150,0.9576,38,2971.00,0.620226
1439,1000,0.50,500,2,150,0.9831,39,2873.00,0.429638
1440,1000,0.50,500,2,150,0.9924,40,452.00,0.238359
1441,1000,0.50,500,2,150,1.0049,41,2952.00,0.303715
1442,1000,0.50,500,2,150,0.9580,42,2761.00,0.097179
1443,1000,0.50,500,2,150,0.9969,43,3027.00,0.206902
1444,1000,0.50,500,2,150,1.0443,44,3006.00,0.346858
1445,1000,0.50,500,2,150,1.0135,45,2867.00,0.199568
1446,1000,0.50,500,2,150,1.0394,46,1413.00,0.545122
1447,1000,0.50,500,2,150,1.0442,47,2918.00,0.623147
1448,1000,0.50,500,2,150,1.0125,48,2943.00,0.292606
1449,1000,0.50,500,2,150,0.9691,49,2823.00,0.282903
1450,1000,0.50,500,2,150,0.9937,50,2915.00,0.288343
1451,1000,0.50,500,2,150,0.9738,51,1166.00,0.356408
1452,1000,0.50,500,2,150,0.9391,52,2845.00,0.125396
1453,1000,0.50,500,2,150,0.9718,53,2925.00,0.245484
1454,1000,0.50,500,2,150,1.0271,54,2937.00,0.105407
1455,1000,0.50,500,2,150,1.0382,55,2929.00,0.442356
1456,1000,0.50,500,2,150,1.0115,56,2785.00,0.136319
1457,1000,0.50,500,2,150,1.0037,57,2852.00,0.363544
1458,1000,0.50,500,2,150,1.0076,58,2876.00,0.170378
1459,1000,0.50,500,2,150,1.0229,59,1015.00,0.285752
1460,1000,0.50,500,2,150,0.9870,60,2913.00,0.410094
1461,1000,0.50,500,2,150,1.0182,61,2809.00,0.657059
1462,1000,0.50,500,2,150,1.0049,62,2869.00,0.485050
1463,1000,0.50,500,2,150,1.0311,63,2445.00,0.188331
1464,1000,0.50,500,2,150,1.0295,64,1177.00,0.525064
1465,1000,0.50,500,2,150,1.0116,65,2780.00,0.209203
1466,1000,0.50,500,2,150,1.0314,66,2892.00,0.520331
1467,1000,0.50,500,2,150,0.9772,67,1950.00,0.183664
1468,1000,0.50,500,2,150,1.0152,68,2874.00,0.542835
1469,1000,0.50,500,2,150,0.9811,69,3067.00,0.414508
1470,1000,0.50,500,2,150,1.0043,70,2986.00,0.581675
1471,1000,0.50,500,2,150,1.0138,71,2853.00,0.405248
1472,1000,0.50,500,2,150,0.9938,72,2864.00,0.229817
1473,1000,0.50,500,2,150,1.0337,73,2858.00,0.204068
1474,1000,0.50,500,2,150,0.9573,74,3013.00,0.130343
1475,1000,0.50,500,2,150,0.9817,75,2857.00,0.206689
1476,1000,0.50,500,2,150,1.0278,76,3154.00,0.576511
1477,1000,0.50,500,2,150,0.9601,77,2878.00,0.436521
1478,1000,0.50,500,2,150,0.9638,78,2889.00,0.184161
1479,1000,0.50,500,2,150,1.0037,79,2978.00,0.160635
1480,1000,0.50,500,2,150,0.9918,80,2498.00,0.383592
1481,1000,0.50,500,2,150,0.9948,81,3009.00,0.244834
1482,1000,0.50,500,2,150,1.0629,82,651.00,0.466031
1483,1000,0.50,500,2,150,0.9895,83,2883.00,0.108991
1484,1000,0.50,500,2,150,0.9639,84,2878.00,0.174656
1485,1000,0.50,500,2,150,0.9611,85,2843.00,0.536489
1486,1000,0.50,500,2,150,0.9350,86,2840.00,0.287684
1487,1000,0.50,500,2,150,0.9961,87,2790.00,0.113672
1488,1000,0.50,500,2,150,1.0371,88,1367.00,0.322656
1489,1000,0.50,500,2,150,0.9523,89,2807.00,0.109047
1490,1000,0.50,500,2,150,1.0279,90,2888.00,0.123317
1491,1000,0.50,500,2,150,1.0106,91,2897.00,0.125200
1492,1000,0.50,500,2,150,1.0057,92,2951.00,0.238089
1493,1000,0.50,500,2,150,1.0118,93,2792.00,0.102216
1494,1000,0.50,500,2,150,0.9699,94,2823.00,0.381646
1495,1000,0.50,500,2,150,1.0235,95,2832.00,0.274480
1496,1000,0.50,500,2,150,1.0366,96,2930.00,0.111618
1497,1000,0.50,500,2,150,0.9641,97,2906.00,0.247186
1498,1000,0.50,500,2,150,1.0100,98,2852.00,0.307478
1499,1000,0.50,500,2,150,1.0019,99,2956.00,0.039638
1500,1000,0.50,500,2,160,0.9786,0,3129.00,0.031206
1501,1000,0.50,500,2,160,0.9873,1,3045.00,0.283727
1502,1000,0.50,500,2,160,1.0001,2,3139.00,0.309391
1503,1000,0.50,500,2,160,0.9864,3,3013.00,0.338973
1504,1000,0.50,500,2,160,1.0368,4,3109.00,0.061945
1505,1000,0.50,500,2,160,0.9922,5,3086.00,0.080827
1506,1000,0.50,500,2,160,0.9786,6,3076.00,0.212518
1507,1000,0.50,500,2,160,1.0052,7,3079.00,0.421136
1508,1000,0.50,500,2,160,0.9393,8,3115.00,0.125157
1509,1000,0.50,500,2,160,0.9976,9,3021.00,0.320017
1510,1000,0.50,500,2,160,0.9982,10,3171.00,0.531408
1511,1000,0.50,500,2,160,1.0277,11,3079.00,0.589249
1512,1000,0.50,500,2,160,0.9595,12,3032.00,0.194542
1513,1000,0.50,500,2,160,0.9872,13,3003.00,0.203040
1514,1000,0.50,500,2,160,0.9418,14,2882.00,0.140691
1515,1000,0.50,500,2,160,1.0175,15,2957.00,0.174123
1516,1000,0.50,500,2,160,0.9867,16,3044.00,0.362451
1517,1000,0.50,500,2,160,1.0182,17,594.00,0.166306
1518,1000,0.50,500,2,160,0.9820,18,3087.00,0.121933
1519,1000,0.50,500,2,160,1.0317,19,2489.00,0.613063
1520,1000,0.50,500,2,160,0.9624,20,3086.00,0.221218
1521,1000,0.50,500,2,160,1.0273,21,3101.00,0.183713
1522,1000,0.50,500,2,160,1.0104,22,3234.00,0.584640
1523,1000,0.50,500,2,160,0.9652,23,3014.00,0.482676
1524,1000,0.50,500,2,160,0.9525,24,3016.00,0.287861
1525,1000,0.50,500,2,160,0.9982,25,3149.00,0.302089
1526,1000,0.50,500,2,160,1.0286,26,3133.00,0.024290
1527,1000,0.50,500,2,160,1.0776,27,1817.00,0.191921
1528,1000,0.50,500,2,160,1.0173,28,3105.00,0.741660
1529,1000,0.50,500,2,160,1.0182,29,1762.00,0.236138
1530,1000,0.50,500,2,160,0.9916,30,1734.00,0.604082
1531,1000,0.50,500,2,160,1.0317,31,3051.00,0.215677
1532,1000,0.50,500,2,160,1.0171,32,1876.00,0.297960
1533,1000,0.50,500,2,160,1.0275,33,1286.00,0.213048
1534,1000,0.50,500,2,160,0.9210,34,3007.00,0.537320
1535,1000,0.50,500,2,160,0.9925,35,3115.00,0.223212
1536,1000,0.50,500,2,160,1.0093,36,3108.00,0.317365
1537,1000,0.50,500,2,160,1.0119,37,3052.00,0.062545
1538,1000,0.50,500,2,160,1.0162,38,3012.00,0.146657
1539,1000,0.50,500,2,160,0.9496,39,3068.00,0.168272
1540,1000,0.50,500,2,160,1.0483,40,3038.00,0.193428
1541,1000,0.50,500,2,160,0.9520,41,3004.00,0.197388
1542,1000,0.50,500,2,160,0.9608,42,3009.00,0.330274
1543,1000,0.50,500,2,160,0.9792,43,3002.00,0.085388
1544,1000,0.50,500,2,160,1.0494,44,3119.00,0.240324
1545,1000,0.50,500,2,160,0.9347,45,3075.00,0.228585
1546,1000,0.50,500,2,160,0.9543,46,3185.00,0.502069
1547,1000,0.50,500,2,160,1.0224,47,3022.00,0.170813
1548,1000,0.50,500,2,160,1.0084,48,3022.00,0.400638
1549,1000,0.50,500,2,160,0.9725,49,2996.00,0.037414
1550,1000,0.50,500,2,160,0.9832,50,2996.00,0.093874
1551,1000,0.50,500,2,160,1.0035,51,3193.00,0.122621
1552,1000,0.50,500,2,160,0.9663,52,3123.00,0.198918
1553,1000,0.50,500,2,160,0.9931,53,3146.00,0.215924
1554,1000,0.50,500,2,160,0.9910,54,3206.00,0.154634
1555,1000,0.50,500,2,160,1.0420,55,1741.00,0.183028
1556,1000,0.50,500,2,160,0.9867,56,3216.00,0.153941
1557,1000,0.50,500,2,160,0.9780,57,3229.00,0.237705
1558,1000,0.50,500,2,160,0.9855,58,1179.00,0.457567
1559,1000,0.50,500,2,160,0.9908,59,2941.00,0.178010
1560,1000,0.50,500,2,160,0.9861,60,3189.00,0.334534
1561,1000,0.50,500,2,160,0.9722,61,3007.00,0.134616
1562,1000,0.50,500,2,160,0.9726,62,2974.00,0.223289
1563,1000,0.50,500,2,160,0.9883,63,3117.00,0.287495
1564,1000,0.50,500,2,160,1.0030,64,3174.00,0.177352
1565,1000,0.50,500,2,160,0.9451,65,3058.00,0.473452
1566,1000,0.50,500,2,160,1.0534,66,1943.00,0.677735
1567,1000,0.50,500,2,160,0.9482,67,3006.00,0.343561
1568,1000,0.50,500,2,160,1.0088,68,86.00,0.344995
1569,1000,0.50,500,2,160,0.9256,69,2970.00,0.307421
1570,1000,0.50,500,2,160,1.0385,70,3025.00,0.253934
1571,1000,0.50,500,2,160,0.9962,71,3148.00,0.639914
1572,1000,0.50,500,2,160,0.9408,72,3197.00,0.467074
1573,1000,0.50,500,2,160,1.0043,73,3125.00,0.210791
1574,1000,0.50,500,2,160,1.0234,74,619.00,0.294720
1575,1000,0.50,500,2,160,0.9996,75,3066.00,0.093827
1576,1000,0.50,500,2,160,0.9285,76,3249.00,0.447540
1577,1000,0.50,500,2,160,0.9426,77,3110.00,0.309604
1578,1000,0.50,500,2,160,0.9872,78,3254.00,0.172513
1579,1000,0.50,500,2,160,0.9729,79,3348.00,0.240990
1580,1000,0.50,500,2,160,0.9850,80,3089.00,0.438819
1581,1000,0.50,500,2,160,0.9979,81,3093.00,0.193005
1582,1000,0.50,500,2,160,0.9793,82,3063.00,0.130424
1583,1000,0.50,500,2,160,1.0220,83,3196.00,0.127391
1584,1000,0.50,500,2,160,0.9825,84,3249.00,0.457211
1585,1000,0.50,500,2,160,0.9839,85,3191.00,0.207740
1586,1000,0.50,500,2,160,0.9890,86,2912.00,0.491178
1587,1000,0.50,500,2,160,0.9819,87,3205.00,0.110051
1588,1000,0.50,500,2,160,1.0005,88,3096.00,0.209738
1589,1000,0.50,500,2,160,1.0104,89,3134.00,0.454814
1590,1000,0.50,500,2,160,1.0020,90,2339.00,0.127144
1591,1000,0.50,500,2,160,1.0001,91,3188.00,0.275712
1592,1000,0.50,500,2,160,0.9754,92,3070.00,0.293851
1593,1000,0.50,500,2,160,0.9711,93,3400.00,0.527140
1594,1000,0.50,500,2,160,0.9825,94,2926.00,0.140409
1595,1000,0.50,500,2,160,0.9566,95,3068.00,0.364715
1596,1000,0.50,500,2,160,0.9742,96,3272.00,0.205643
1597,1000,0.50,500,2,160,0.9536,97,3184.00,0.277198
1598,1000,0.50,500,2,160,0.9680,98,3134.00,0.023241
1599,1000,0.50,500,2,160,1.0133,99,3249.00,0.316896
1600,1000,0.50,500,2,170,0.9880,0,3262.00,0.356285
1601,1000,0.50,500,2,170,0.9898,1,357.00,0.120187
1602,1000,0.50,500,2,170,1.0129,2,2754.00,0.129000
1603,1000,0.50,500,2,170,0.9992,3,3502.00,0.178004
1604,1000,0.50,500,2,170,1.0566,4,533.00,0.216353
1605,1000,0.50,500,2,170,1.0212,5,3362.00,0.101853
1606,1000,0.50,500,2,170,1.0365,6,2619.00,0.281316
1607,1000,0.50,500,2,170,1.0090,7,3322.00,0.183070
1608,1000,0.50,500,2,170,1.0348,8,3384.00,0.104916
1609,1000,0.50,500,2,170,1.0113,9,3308.00,0.449476
1610,1000,0.50,500,2,170,0.9753,10,3370.00,0.285591
1611,1000,0.50,500,2,170,0.9707,11,3393.00,0.076262
1612,1000,0.50,500,2,170,0.9714,12,3322.00,0.081025
1613,1000,0.50,500,2,170,1.0236,13,3321.00,0.225370
1614,1000,0.50,500,2,170,0.9720,14,3155.00,0.333281
1615,1000,0.50,500,2,170,0.9286,15,3217.00,0.070125
1616,1000,0.50,500,2,170,1.0303,16,3221.00,0.187103
1617,1000,0.50,500,2,170,0.9893,17,3225.00,0.079543
1618,1000,0.50,500,2,170,0.9822,18,3199.00,0.217987
1619,1000,0.50,500,2,170,0.9704,19,3151.00,0.195887
1620,1000,0.50,500,2,170,1.0541,20,3251.00,0.209635
1621,1000,0.50,500,2,170,1.0016,21,3317.00,0.190406
1622,1000,0.50,500,2,170,1.0195,22,3364.00,0.256155
1623,1000,0.50,500,2,170,1.0277,23,1011.00,0.335425
1624,1000,0.50,500,2,170,0.9768,24,3293.00,0.146883
1625,1000,0.50,500,2,170,1.0366,25,3259.00,0.135198
1626,1000,0.50,500,2,170,0.9683,26,3444.00,0.537083
1627,1000,0.50,500,2,170,1.0394,27,3332.00,0.344049
1628,1000,0.50,500,2,170,1.0067,28,3063.00,0.179664
1629,1000,0.50,500,2,170,0.9483,29,3104.00,0.146952
1630,1000,0.50,500,2,170,0.9806,30,2659.00,0.160897
1631,1000,0.50,500,2,170,0.9375,31,3256.00,0.123713
1632,1000,0.50,500,2,170,0.9941,32,3435.00,0.472625
1633,1000,0.50,500,2,170,1.0512,33,3337.00,0.067393
1634,1000,0.50,500,2,170,1.0035,34,91.00,0.307104
1635,1000,0.50,500,2,170,0.9822,35,3118.00,0.477763
1636,1000,0.50,500,2,170,1.0376,36,288.00,0.119825
1637,1000,0.50,500,2,170,0.9802,37,3275.00,0.463274
1638,1000,0.50,500,2,170,0.9659,38,3231.00,0.138232
1639,1000,0.50,500,2,170,0.9834,39,3429.00,0.270983
1640,1000,0.50,500,2,170,1.0302,40,3435.00,0.208186
1641,1000,0.50,500,2,170,1.0563,41,3365.00,0.114633
1642,1000,0.50,500,2,170,0.9780,42,3291.00,0.202559
1643,1000,0.50,500,2,170,0.9989,43,3536.00,0.315855
1644,1000,0.50,500,2,170,1.0028,44,3366.00,0.377860
1645,1000,0.50,500,2,170,0.9905,45,3553.00,0.302319
1646,1000,0.50,500,2,170,1.0579,46,2330.00,0.400068
1647,1000,0.50,500,2,170,1.0081,47,3292.00,0.383691
1648,1000,0.50,500,2,170,1.0112,48,3062.00,0.409277
1649,1000,0.50,500,2,170,0.9563,49,3443.00,0.294046
1650,1000,0.50,500,2,170,1.0152,50,3216.00,0.146735
1651,1000,0.50,500,2,170,1.0194,51,3282.00,0.064339
1652,1000,0.50,500,2,170,0.9864,52,3221.00,0.073378
1653,1000,0.50,500,2,170,0.9323,53,3359.00,0.115351
1654,1000,0.50,500,2,170,1.0086,54,3364.00,0.197642
1655,1000,0.50,500,2,170,0.9947,55,3400.00,0.295384
1656,1000,0.50,500,2,170,0.9527,56,3242.00,0.285204
1657,1000,0.50,500,2,170,0.9418,57,3361.00,0.167551
1658,1000,0.50,500,2,170,0.9812,58,3154.00,0.102813
1659,1000,0.50,500,2,170,1.0121,59,2740.00,0.127859
1660,1000,0.50,500,2,170,0.9748,60,3202.00,0.016199
1661,1000,0.50,500,2,170,0.9845,61,3377.00,0.151860
1662,1000,0.50,500,2,170,0.9942,62,3318.00,0.628917
1663,1000,0.50,500,2,170,0.9938,63,2731.00,0.188422
1664,1000,0.50,500,2,170,1.0158,64,55.00,0.173269
1665,1000,0.50,500,2,170,0.9848,65,3300.00,0.250081
1666,1000,0.50,500,2,170,1.0321,66,3214.00,0.151890
1667,1000,0.50,500,2,170,0.9212,67,3284.00,0.253139
1668,1000,0.50,500,2,170,1.0101,68,2808.00,0.392454
1669,1000,0.50,500,2,170,0.9945,69,3351.00,0.530170
1670,1000,0.50,500,2,170,0.9706,70,3363.00,0.154228
1671,1000,0.50,500,2,170,1.0156,71,3436.00,0.208407
1672,1000,0.50,500,2,170,0.9320,72,3307.00,0.222869
1673,1000,0.50,500,2,170,1.0104,73,3363.00,0.176083
1674,1000,0.50,500,2,170,0.9935,74,3519.00,0.112527
1675,1000,0.50,500,2,170,0.9829,75,3517.00,0.096403
1676,1000,0.50,500,2,170,0.9512,76,3577.00,0.297951
1677,1000,0.50,500,2,170,1.0451,77,190.00,0.173338
1678,1000,0.50,500,2,170,0.9774,78,3516.00,0.561179
1679,1000,0.50,500,2,170,0.9647,79,3446.00,0.199975
1680,1000,0.50,500,2,170,0.9693,80,3456.00,0.131041
1681,1000,0.50,500,2,170,0.9918,81,3416.00,0.163886
1682,1000,0.50,500,2,170,1.0207,82,3246.00,0.247097
1683,1000,0.50,500,2,170,1.0081,83,3440.00,0.329394
1684,1000,0.50,500,2,170,1.0251,84,3500.00,0.333740
1685,1000,0.50,500,2,170,0.9654,85,3430.00,0.047747
1686,1000,0.50,500,2,170,0.9834,86,3375.00,0.300709
1687,1000,0.50,500,2,170,1.0363,87,1381.00,0.207443
1688,1000,0.50,500,2,170,0.9970,88,3377.00,0.229631
1689,1000,0.50,500,2,170,0.9708,89,3275.00,0.625679
1690,1000,0.50,500,2,170,1.0212,90,3316.00,0.303415
1691,1000,0.50,500,2,170,1.0410,91,1563.00,0.159041
1692,1000,0.50,500,2,170,1.0125,92,3267.00,0.164491
1693,1000,0.50,500,2,170,1.0040,93,3247.00,0.170618
1694,1000,0.50,500,2,170,0.9768,94,3234.00,0.362519
1695,1000,0.50,500,2,170,0.9928,95,3222.00,0.097189
1696,1000,0.50,500,2,170,0.9800,96,3266.00,0.327018
1697,1000,0.50,500,2,170,0.9973,97,3122.00,0.089578
1698,1000,0.50,500,2,170,0.9584,98,3171.00,0.134110
1699,1000,0.50,500,2,170,0.9814,99,3327.00,0.194933
1700,1000,0.50,500,2,180,0.9980,0,3618.00,0.148262
1701,1000,0.50,500,2,180,1.0195,1,3526.00,0.222998
1702,1000,0.50,500,2,180,0.9921,2,3498.00,0.469411
1703,1000,0.50,500,2,180,1.0666,3,2690.00,0.546295
1704,1000,0.50,500,2,180,0.9869,4,3484.00,0.235946
1705,1000,0.50,500,2,180,1.0473,5,3436.00,0.261743
1706,1000,0.50,500,2,180,1.0076,6,3579.00,0.465037
1707,1000,0.50,500,2,180,0.9850,7,3442.00,0.173305
1708,1000,0.50,500,2,180,0.9807,8,3399.00,0.202351
1709,1000,0.50,500,2,180,0.9791,9,3475.00,0.176778
1710,1000,0.50,500,2,180,0.9790,10,3571.00,0.091425
1711,1000,0.50,500,2,180,0.9571,11,3442.00,0.140042
1712,1000,0.50,500,2,180,1.0196,12,3755.00,0.266870
1713,1000,0.50,500,2,180,0.9938,13,3467.00,0.097953
1714,1000,0.50,500,2,180,1.0152,14,3611.00,0.299197
1715,1000,0.50,500,2,180,0.9920,15,3548.00,0.101388
1716,1000,0.50,500,2,180,0.9558,16,3541.00,0.345481
1717,1000,0.50,500,2,180,1.0083,17,3578.00,0.416432
1718,1000,0.50,500,2,180,1.0055,18,3534.00,0.164747
1719,1000,0.50,500,2,180,0.9987,19,1767.00,0.135404
1720,1000,0.50,500,2,180,0.9705,20,3452.00,0.055727
1721,1000,0.50,500,2,180,1.0192,21,349.00,0.263879
1722,1000,0.50,500,2,180,1.0667,22,2411.00,0.349953
1723,1000,0.50,500,2,180,0.9923,23,1495.00,0.327781
1724,1000,0.50,500,2,180,0.9829,24,3501.00,0.267042
1725,1000,0.50,500,2,180,1.0348,25,3373.00,0.427650
1726,1000,0.50,500,2,180,0.9719,26,3411.00,0.333545
1727,1000,0.50,500,2,180,0.9570,27,3443.00,0.138746
1728,1000,0.50,500,2,180,1.0177,28,3448.00,0.215671
1729,1000,0.50,500,2,180,1.0048,29,3427.00,0.298787
1730,1000,0.50,500,2,180,0.9959,30,972.00,0.426669
1731,1000,0.50,500,2,180,1.0071,31,3440.00,0.157883
1732,1000,0.50,500,2,180,1.0393,32,3280.00,0.302913
1733,1000,0.50,500,2,180,1.0538,33,3596.00,0.128806
1734,1000,0.50,500,2,180,0.9915,34,3501.00,0.300674
1735,1000,0.50,500,2,180,1.0332,35,628.00,0.199061
1736,1000,0.50,500,2,180,1.0452,36,3498.00,0.135642
1737,1000,0.50,500,2,180,1.0138,37,870.00,0.160539
1738,1000,0.50,500,2,180,1.0223,38,2541.00,0.230444
1739,1000,0.50,500,2,180,0.9599,39,3427.00,0.070772
1740,1000,0.50,500,2,180,0.9664,40,3368.00,0.314819
1741,1000,0.50,500,2,180,1.0106,41,3550.00,0.223985
1742,1000,0.50,500,2,180,1.0675,42,803.00,0.197571
1743,1000,0.50,500,2,180,0.9652,43,2244.00,0.380392
1744,1000,0.50,500,2,180,1.0478,44,3612.00,0.190144
1745,1000,0.50,500,2,180,1.0000,45,1288.00,0.189759
1746,1000,0.50,500,2,180,1.0343,46,3331.00,0.230627
1747,1000,0.50,500,2,180,1.0363,47,3495.00,0.338074
1748,1000,0.50,500,2,180,0.9428,48,3432.00,0.152370
1749,1000,0.50,500,2,180,1.0349,49,3451.00,0.187555
1750,1000,0.50,500,2,180,0.9685,50,3479.00,0.589590
1751,1000,0.50,500,2,180,1.0037,51,3409.00,0.156926
1752,1000,0.50,500,2,180,1.0034,52,1841.00,0.337540
1753,1000,0.50,500,2,180,1.0073,53,3224.00,0.279959
1754,1000,0.50,500,2,180,1.0278,54,1507.00,0.339230
1755,1000,0.50,500,2,180,0.9636,55,3393.00,0.121619
1756,1000,0.50,500,2,180,0.9906,56,3431.00,0.333173
1757,1000,0.50,500,2,180,1.0256,57,3562.00,0.590739
1758,1000,0.50,500,2,180,0.9702,58,3502.00,0.252917
1759,1000,0.50,500,2,180,1.0767,59,3515.00,0.539614
1760,1000,0.50,500,2,180,0.9834,60,3467.00,0.139760
1761,1000,0.50,500,2,180,0.9931,61,127.00,0.139548
1762,1000,0.50,500,2,180,1.0551,62,2378.00,0.184897
1763,1000,0.50,500,2,180,0.9633,63,699.00,0.123658
1764,1000,0.50,500,2,180,0.9814,64,3641.00,0.390256
1765,1000,0.50,500,2,180,1.0281,65,3529.00,0.230457
1766,1000,0.50,500,2,180,1.0106,66,3465.00,0.380005
1767,1000,0.50,500,2,180,1.0151,67,998.00,0.360186
1768,1000,0.50,500,2,180,0.9870,68,1842.00,0.179465
1769,1000,0.50,500,2,180,0.9996,69,3461.00,0.103667
1770,1000,0.50,500,2,180,0.9628,70,3417.00,0.347981
1771,1000,0.50,500,2,180,0.9794,71,3147.00,0.462733
1772,1000,0.50,500,2,180,1.0152,72,3496.00,0.374352
1773,1000,0.50,500,2,180,0.9635,73,3632.00,0.209966
1774,1000,0.50,500,2,180,0.9342,74,3342.00,0.056246
1775,1000,0.50,500,2,180,0.9345,75,3370.00,0.225702
1776,1000,0.50,500,2,180,0.9973,76,3018.00,0.165229
1777,1000,0.50,500,2,180,0.9724,77,3434.00,0.403839
1778,1000,0.50,500,2,180,0.9754,78,3384.00,0.367639
1779,1000,0.50,500,2,180,0.9739,79,3426.00,0.161203
1780,1000,0.50,500,2,180,1.0318,80,1113.00,0.240379
1781,1000,0.50,500,2,180,0.9925,81,3490.00,0.290556
1782,1000,0.50,500,2,180,0.9565,82,3410.00,0.077387
1783,1000,0.50,500,2,180,0.9468,83,3551.00,0.140443
1784,1000,0.50,500,2,180,1.0155,84,3592.00,0.109218
1785,1000,0.50,500,2,180,0.9718,85,1910.00,0.311327
1786,1000,0.50,500,2,180,0.9842,86,3400.00,0.171741
1787,1000,0.50,500,2,180,0.9821,87,3462.00,0.069849
1788,1000,0.50,500,2,180,1.0253,88,3447.00,0.168762
1789,1000,0.50,500,2,180,1.0215,89,3447.00,0.178937
1790,1000,0.50,500,2,180,1.0833,90,114.00,0.636193
1791,1000,0.50,500,2,180,0.9657,91,3502.00,0.133552
1792,1000,0.50,500,2,180,0.9531,92,3507.00,0.178253
1793,1000,0.50,500,2,180,1.0010,93,3441.00,0.184259
1794,1000,0.50,500,2,180,0.9747,94,3518.00,0.146814
1795,1000,0.50,500,2,180,0.9757,95,3424.00,0.243556
1796,1000,0.50,500,2,180,0.9664,96,3517.00,0.150327
1797,1000,0.50,500,2,180,1.0009,97,3560.00,0.568611
1798,1000,0.50,500,2,180,0.9959,98,2692.00,0.191029
1799,1000,0.50,500,2,180,1.0105,99,832.00,0.089751
1800,1000,0.50,500,2,190,1.0470,0,3652.00,0.322168
1801,1000,0.50,500,2,190,0.9823,1,3878.00,0.427031
1802,1000,0.50,500,2,190,1.0011,2,3819.00,0.385589
1803,1000,0.50,500,2,190,1.0878,3,2044.00,0.380910
1804,1000,0.50,500,2,190,0.9885,4,3815.00,0.752385
1805,1000,0.50,500,2,190,1.0613,5,3262.00,0.295096
1806,1000,0.50,500,2,190,0.9796,6,3595.00,0.261161
1807,1000,0.50,500,2,190,1.0254,7,3612.00,0.532639
1808,1000,0.50,500,2,190,1.0148,8,3733.00,0.525916
1809,1000,0.50,500,2,190,1.0100,9,3586.00,0.231621
1810,1000,0.50,500,2,190,1.0007,10,3765.00,0.170774
1811,1000,0.50,500,2,190,1.0210,11,3757.00,0.255877
1812,1000,0.50,500,2,190,0.9853,12,3630.00,0.146258
1813,1000,0.50,500,2,190,1.0397,13,3704.00,0.461042
1814,1000,0.50,500,2,190,1.0181,14,3686.00,0.274092
1815,1000,0.50,500,2,190,1.0239,15,3580.00,0.085503
1816,1000,0.50,500,2,190,1.0347,16,3878.00,0.230228
1817,1000,0.50,500,2,190,0.9919,17,3820.00,0.232296
1818,1000,0.50,500,2,190,0.9944,18,3756.00,0.202665
1819,1000,0.50,500,2,190,0.9698,19,3625.00,0.356208
1820,1000,0.50,500,2,190,1.0570,20,2185.00,0.252192
1821,1000,0.50,500,2,190,0.9707,21,3601.00,0.124222
1822,1000,0.50,500,2,190,0.9964,22,3653.00,0.591111
1823,1000,0.50,500,2,190,1.0099,23,3815.00,0.228424
1824,1000,0.50,500,2,190,0.9405,24,3677.00,0.111616
1825,1000,0.50,500,2,190,0.9814,25,3603.00,0.282741
1826,1000,0.50,500,2,190,1.0376,26,3703.00,0.297646
1827,1000,0.50,500,2,190,1.0279,27,3613.00,0.144763
1828,1000,0.50,500,2,190,0.9697,28,3443.00,0.179046
1829,1000,0.50,500,2,190,1.0549,29,1145.00,0.228298
1830,1000,0.50,500,2,190,0.9573,30,3532.00,0.353148
1831,1000,0.50,500,2,190,1.0374,31,1917.00,0.308264
1832,1000,0.50,500,2,190,1.0075,32,3619.00,0.197140
1833,1000,0.50,500,2,190,0.9664,33,3589.00,0.234926
1834,1000,0.50,500,2,190,1.0330,34,567.00,0.546468
1835,1000,0.50,500,2,190,1.0167,35,3593.00,0.259868
1836,1000,0.50,500,2,190,1.0004,36,849.00,0.456944
1837,1000,0.50,500,2,190,0.9780,37,3572.00,0.113077
1838,1000,0.50,500,2,190,1.0993,38,200.00,0.212310
1839,1000,0.50,500,2,190,1.0667,39,3594.00,0.436622
1840,1000,0.50,500,2,190,1.0007,40,3680.00,0.245420
1841,1000,0.50,500,2,190,0.9935,41,3723.00,0.135906
1842,1000,0.50,500,2,190,1.0120,42,3597.00,0.193436
1843,1000,0.50,500,2,190,0.9577,43,3489.00,0.163457
1844,1000,0.50,500,2,190,0.9746,44,3730.00,0.404784
1845,1000,0.50,500,2,190,0.9967,45,3832.00,0.277175
1846,1000,0.50,500,2,190,1.0000,46,3749.00,0.115358
1847,1000,0.50,500,2,190,1.0488,47,695.00,0.246880
1848,1000,0.50,500,2,190,1.0384,48,3881.00,0.193956
1849,1000,0.50,500,2,190,1.0129,49,3927.00,0.523761
1850,1000,0.50,500,2,190,0.9859,50,3820.00,0.178254
1851,1000,0.50,500,2,190,0.9878,51,3676.00,0.139440
1852,1000,0.50,500,2,190,0.9749,52,3512.00,0.124975
1853,1000,0.50,500,2,190,0.9970,53,3697.00,0.259095
1854,1000,0.50,500,2,190,0.9892,54,4012.00,0.153777
1855,1000,0.50,500,2,190,0.9662,55,3838.00,0.391413
1856,1000,0.50,500,2,190,0.9882,56,3763.00,0.137188
1857,1000,0.50,500,2,190,0.9893,57,4015.00,0.113972
1858,1000,0.50,500,2,190,0.9604,58,3978.00,0.138544
1859,1000,0.50,500,2,190,0.9433,59,3699.00,0.268474
1860,1000,0.50,500,2,190,1.0395,60,3706.00,0.108093
1861,1000,0.50,500,2,190,0.9898,61,3833.00,0.260027
1862,1000,0.50,500,2,190,0.9900,62,3828.00,0.291813
1863,1000,0.50,500,2,190,0.9977,63,3746.00,0.293930
1864,1000,0.50,500,2,190,1.0086,64,3769.00,0.067658
1865,1000,0.50,500,2,190,0.9700,65,3487.00,0.306233
1866,1000,0.50,500,2,190,0.9769,66,3557.00,0.237472
1867,1000,0.50,500,2,190,0.9603,67,3570.00,0.278783
1868,1000,0.50,500,2,190,0.9837,68,3689.00,0.285435
1869,1000,0.50,500,2,190,0.9485,69,3602.00,0.270292
1870,1000,0.50,500,2,190,1.0193,70,3722.00,0.307728
1871,1000,0.50,500,2,190,0.9780,71,3605.00,0.078948
1872,1000,0.50,500,2,190,0.9018,72,3557.00,0.192621
1873,1000,0.50,500,2,190,1.0194,73,3831.00,0.218388
1874,1000,0.50,500,2,190,0.9716,74,3587.00,0.315850
1875,1000,0.50,500,2,190,1.0750,75,3776.00,0.232988
1876,1000,0.50,500,2,190,0.9965,76,3825.00,0.078830
1877,1000,0.50,500,2,190,0.9660,77,3639.00,0.151937
1878,1000,0.50,500,2,190,1.0054,78,2143.00,0.282909
1879,1000,0.50,500,2,190,1.0186,79,3827.00,0.135476
1880,1000,0.50,500,2,190,0.9799,80,3548.00,0.074268
1881,1000,0.50,500,2,190,1.0435,81,3739.00,0.113442
1882,1000,0.50,500,2,190,1.0302,82,1056.00,0.160448
1883,1000,0.50,500,2,190,0.9733,83,3467.00,0.180418
1884,1000,0.50,500,2,190,1.0134,84,1625.00,0.356417
1885,1000,0.50,500,2,190,0.9644,85,3732.00,0.118131
1886,1000,0.50,500,2,190,1.0283,86,3616.00,0.567486
1887,1000,0.50,500,2,190,0.9911,87,3742.00,0.145245
1888,1000,0.50,500,2,190,1.0199,88,3767.00,0.352269
1889,1000,0.50,500,2,190,0.9627,89,3694.00,0.103483
1890,1000,0.50,500,2,190,0.9862,90,3667.00,0.241623
1891,1000,0.50,500,2,190,0.9673,91,3836.00,0.299761
1892,1000,0.50,500,2,190,1.0081,92,389.00,0.158948
1893,1000,0.50,500,2,190,1.0111,93,3711.00,0.184498
1894,1000,0.50,500,2,190,1.0088,94,3927.00,0.437599
1895,1000,0.50,500,2,190,1.0636,95,1729.00,0.218376
1896,1000,0.50,500,2,190,0.9495,96,3630.00,0.258487
1897,1000,0.50,500,2,190,0.9764,97,3801.00,0.335078
1898,1000,0.50,500,2,190,0.9653,98,3500.00,0.354360
1899,1000,0.50,500,2,190,1.0209,99,3633.00,0.138969
1900,1000,0.50,500,2,200,0.9731,0,3926.00,0.301455
1901,1000,0.50,500,2,200,1.0246,1,3945.00,0.254913
1902,1000,0.50,500,2,200,1.0484,2,4057.00,0.495778
1903,1000,0.50,500,2,200,1.0056,3,3976.00,0.109415
1904,1000,0.50,500,2,200,0.9959,4,3830.00,0.294189
1905,1000,0.50,500,2,200,0.9696,5,3958.00,0.492683
1906,1000,0.50,500,2,200,0.9754,6,3995.00,0.180876
1907,1000,0.50,500,2,200,0.9861,7,3883.00,0.139357
1908,1000,0.50,500,2,200,0.9664,8,3923.00,0.171404
1909,1000,0.50,500,2,200,1.0076,9,4062.00,0.080899
1910,1000,0.50,500,2,200,1.0138,10,3953.00,0.401988
1911,1000,0.50,500,2,200,0.9494,11,3881.00,0.266240
1912,1000,0.50,500,2,200,1.0264,12,4074.00,0.182257
1913,1000,0.50,500,2,200,0.9916,13,3960.00,0.326719
1914,1000,0.50,500,2,200,0.9908,14,516.00,0.185074
1915,1000,0.50,500,2,200,0.9860,15,3801.00,0.401165
1916,1000,0.50,500,2,200,0.9483,16,3776.00,0.335518
1917,1000,0.50,500,2,200,0.9638,17,3739.00,0.079185
1918,1000,0.50,500,2,200,0.9786,18,3953.00,0.591297
1919,1000,0.50,500,2,200,0.9854,19,157.00,0.766831
1920,1000,0.50,500,2,200,1.0146,20,1724.00,0.133302
1921,1000,0.50,500,2,200,1.0062,21,3737.00,0.357635
1922,1000,0.50,500,2,200,0.9761,22,3778.00,0.099326
1923,1000,0.50,500,2,200,0.9809,23,3853.00,0.406708
1924,1000,0.50,500,2,200,1.0102,24,2537.00,0.410462
1925,1000,0.50,500,2,200,1.0866,25,3811.00,0.207349
1926,1000,0.50,500,2,200,0.9964,26,3746.00,0.071864
1927,1000,0.50,500,2,200,0.9820,27,3864.00,0.156606
1928,1000,0.50,500,2,200,0.9637,28,3800.00,0.117974
1929,1000,0.50,500,2,200,0.9960,29,3876.00,0.149879
1930,1000,0.50,500,2,200,0.9750,30,3914.00,0.335061
1931,1000,0.50,500,2,200,1.0058,31,2584.00,0.344193
1932,1000,0.50,500,2,200,1.0113,32,3974.00,0.107907
1933,1000,0.50,500,2,200,0.9678,33,3778.00,0.122254
1934,1000,0.50,500,2,200,1.0070,34,1362.00,0.288909
1935,1000,0.50,500,2,200,0.9822,35,3903.00,0.200873
1936,1000,0.50,500,2,200,0.9872,36,3758.00,0.073820
1937,1000,0.50,500,2,200,1.0026,37,3814.00,0.077232
1938,1000,0.50,500,2,200,1.0060,38,524.00,0.172691
1939,1000,0.50,500,2,200,1.0074,39,3838.00,0.120214
1940,1000,0.50,500,2,200,0.9619,40,3933.00,0.170484
1941,1000,0.50,500,2,200,0.9816,41,3874.00,0.082769
1942,1000,0.50,500,2,200,0.9953,42,3799.00,0.184119
1943,1000,0.50,500,2,200,0.9903,43,3842.00,0.195055
1944,1000,0.50,500,2,200,0.9457,44,3778.00,0.202941
1945,1000,0.50,500,2,200,0.9695,45,3704.00,0.113033
1946,1000,0.50,500,2,200,0.9747,46,3885.00,0.112385
1947,1000,0.50,500,2,200,0.9736,47,3848.00,0.064228
1948,1000,0.50,500,2,200,1.0201,48,43.00,0.272989
1949,1000,0.50,500,2,200,1.0315,49,3903.00,0.370438
1950,1000,0.50,500,2,200,1.0287,50,3876.00,0.235642
1951,1000,0.50,500,2,200,0.9444,51,3542.00,0.180926
1952,1000,0.50,500,2,200,0.9872,52,3678.00,0.568614
1953,1000,0.50,500,2,200,1.0034,53,3829.00,0.233731
1954,1000,0.50,500,2,200,0.9660,54,3459.00,0.605334
1955,1000,0.50,500,2,200,0.9745,55,3961.00,0.147528
1956,1000,0.50,500,2,200,1.0409,56,4011.00,0.151330
1957,1000,0.50,500,2,200,1.0343,57,3971.00,0.532487
1958,1000,0.50,500,2,200,1.0098,58,3762.00,0.390355
1959,1000,0.50,500,2,200,0.9568,59,3823.00,0.117141
1960,1000,0.50,500,2,200,0.9246,60,3981.00,0.385947
1961,1000,0.50,500,2,200,0.9481,61,3984.00,0.527004
1962,1000,0.50,500,2,200,0.9819,62,2129.00,0.243467
1963,1000,0.50,500,2,200,0.9641,63,3963.00,0.260850
1964,1000,0.50,500,2,200,0.9664,64,4171.00,0.875267
1965,1000,0.50,500,2,200,1.0435,65,899.00,0.176216
1966,1000,0.50,500,2,200,0.9827,66,4015.00,0.311181
1967,1000,0.50,500,2,200,0.9890,67,989.00,0.160648
1968,1000,0.50,500,2,200,1.0022,68,4078.00,0.322587
1969,1000,0.50,500,2,200,0.9898,69,3990.00,0.259126
1970,1000,0.50,500,2,200,0.9775,70,3923.00,0.098119
1971,1000,0.50,500,2,200,0.9883,71,3946.00,0.142914
1972,1000,0.50,500,2,200,1.0311,72,1933.00,0.424526
1973,1000,0.50,500,2,200,0.9674,73,3967.00,0.168066
1974,1000,0.50,500,2,200,1.0135,74,3690.00,0.199089
1975,1000,0.50,500,2,200,1.0014,75,3845.00,0.093129
1976,1000,0.50,500,2,200,1.0472,76,2673.00,0.742562
1977,1000,0.50,500,2,200,0.9888,77,4121.00,0.283262
1978,1000,0.50,500,2,200,1.0083,78,4027.00,0.121479
1979,1000,0.50,500,2,200,0.9989,79,4167.00,0.494838
1980,1000,0.50,500,2,200,0.9560,80,3877.00,0.444548
1981,1000,0.50,500,2,200,1.0228,81,4012.00,0.156871
1982,1000,0.50,500,2,200,1.0073,82,4127.00,0.205829
1983,1000,0.50,500,2,200,0.9983,83,3809.00,0.161330
1984,1000,0.50,500,2,200,0.9886,84,3972.00,0.249779
1985,1000,0.50,500,2,200,0.9951,85,3954.00,0.296543
1986,1000,0.50,500,2,200,0.9786,86,3764.00,0.099794
1987,1000,0.50,500,2,200,0.9970,87,3657.00,0.403078
1988,1000,0.50,500,2,200,0.9999,88,3841.00,0.229575
1989,1000,0.50,500,2,200,0.9724,89,3953.00,0.147269
1990,1000,0.50,500,2,200,0.9816,90,3867.00,0.131915
1991,1000,0.50,500,2,200,1.0304,91,3829.00,0.370807
1992,1000,0.50,500,2,200,0.9686,92,3913.00,0.271833
1993,1000,0.50,500,2,200,0.9596,93,3937.00,0.160202
1994,1000,0.50,500,2,200,0.9986,94,4007.00,0.268681
1995,1000,0.50,500,2,200,0.9613,95,4013.00,0.145570
1996,1000,0.50,500,2,200,1.0027,96,1175.00,0.333666
1997,1000,0.50,500,2,200,1.0137,97,3951.00,0.236816
1998,1000,0.50,500,2,200,1.0261,98,3734.00,0.429480
1999,1000,0.50,500,2,200,0.9482,99,3679.00,0.177283
2000,1000,0.50,500,2,210,1.0054,0,4192.00,0.077554
2001,1000,0.50,500,2,210,1.0000,1,4049.00,0.099083
2002,1000,0.50,500,2,210,0.9821,2,4010.00,0.241790
2003,1000,0.50,500,2,210,1.0179,3,4192.00,0.362477
2004,1000,0.50,500,2,210,0.9630,4,4169.00,0.150730
2005,1000,0.50,500,2,210,1.0054,5,4344.00,0.424570
2006,1000,0.50,500,2,210,1.0098,6,4212.00,0.283245
2007,1000,0.50,500,2,210,1.0110,7,4228.00,0.299990
2008,1000,0.50,500,2,210,0.9671,8,3993.00,0.209484
2009,1000,0.50,500,2,210,1.0394,9,4256.00,0.359325
2010,1000,0.50,500,2,210,1.0269,10,4185.00,0.071285
2011,1000,0.50,500,2,210,1.0067,11,913.00,0.311568
2012,1000,0.50,500,2,210,0.9879,12,4117.00,0.269396
2013,1000,0.50,500,2,210,0.9578,13,4162.00,0.059687
2014,1000,0.50,500,2,210,1.0130,14,4254.00,0.195408
2015,1000,0.50,500,2,210,1.0386,15,4216.00,0.371300
2016,1000,0.50,500,2,210,0.9430,16,4061.00,0.543499
2017,1000,0.50,500,2,210,0.9831,17,3984.00,0.212802
2018,1000,0.50,500,2,210,1.0497,18,4228.00,0.109755
2019,1000,0.50,500,2,210,0.9592,19,4001.00,0.281950
2020,1000,0.50,500,2,210,0.9778,20,4098.00,0.149587
2021,1000,0.50,500,2,210,1.0140,21,4037.00,0.170443
2022,1000,0.50,500,2,210,0.9744,22,4257.00,0.547325
2023,1000,0.50,500,2,210,0.9889,23,4186.00,0.257381
2024,1000,0.50,500,2,210,0.9657,24,4101.00,0.321021
2025,1000,0.50,500,2,210,1.0304,25,916.00,0.355682
2026,1000,0.50,500,2,210,1.0436,26,4243.00,0.540741
2027,1000,0.50,500,2,210,1.0339,27,360.00,0.155500
2028,1000,0.50,500,2,210,0.9977,28,4138.00,0.508219
2029,1000,0.50,500,2,210,0.9941,29,4143.00,0.440183
2030,1000,0.50,500,2,210,1.0072,30,4072.00,0.135440
2031,1000,0.50,500,2,210,0.9398,31,4197.00,0.099768
2032,1000,0.50,500,2,210,1.0236,32,4174.00,0.193657
2033,1000,0.50,500,2,210,1.0405,33,2238.00,0.373800
2034,1000,0.50,500,2,210,0.9960,34,4053.00,0.120628
2035,1000,0.50,500,2,210,0.9793,35,4072.00,0.304983
2036,1000,0.50,500,2,210,0.9691,36,4067.00,0.232909
2037,1000,0.50,500,2,210,0.9670,37,3889.00,0.084224
2038,1000,0.50,500,2,210,1.0188,38,305.00,0.233926
2039,1000,0.50,500,2,210,0.9527,39,4012.00,0.191757
2040,1000,0.50,500,2,210,1.0029,40,3850.00,0.258368
2041,1000,0.50,500,2,210,1.0139,41,4124.00,0.469535
2042,1000,0.50,500,2,210,0.9674,42,4054.00,0.096274
2043,1000,0.50,500,2,210,0.9820,43,4024.00,0.259282
2044,1000,0.50,500,2,210,0.9795,44,4094.00,0.148863
2045,1000,0.50,500,2,210,0.9595,45,4072.00,0.345590
2046,1000,0.50,500,2,210,0.9955,46,4165.00,0.379877
2047,1000,0.50,500,2,210,0.9782,47,4113.00,0.108503
2048,1000,0.50,500,2,210,1.0358,48,4053.00,0.199161
2049,1000,0.50,500,2,210,0.9427,49,3965.00,0.292763
2050,1000,0.50,500,2,210,0.9869,50,1087.00,0.198641
2051,1000,0.50,500,2,210,0.9813,51,4123.00,0.152643
2052,1000,0.50,500,2,210,1.0507,52,4159.00,0.132105
2053,1000,0.50,500,2,210,1.0396,53,3519.00,0.154167
2054,1000,0.50,500,2,210,1.0253,54,3908.00,0.532930
2055,1000,0.50,500,2,210,1.0250,55,3924.00,0.194465
2056,1000,0.50,500,2,210,1.0327,56,644.00,0.350195
2057,1000,0.50,500,2,210,0.9839,57,539.00,0.306174
2058,1000,0.50,500,2,210,1.0321,58,4092.00,0.121707
2059,1000,0.50,500,2,210,0.9566,59,3904.00,0.095247
2060,1000,0.50,500,2,210,0.9973,60,4095.00,0.230861
2061,1000,0.50,500,2,210,1.0006,61,3825.00,0.156884
2062,1000,0.50,500,2,210,1.0248,62,93.00,0.288460
2063,1000,0.50,500,2,210,0.9765,63,3893.00,0.275048
2064,1000,0.50,500,2,210,0.9803,64,3941.00,0.107972
2065,1000,0.50,500,2,210,0.9930,65,4072.00,0.308126
2066,1000,0.50,500,2,210,0.9791,66,4067.00,0.173328
2067,1000,0.50,500,2,210,0.9766,67,4051.00,0.352732
2068,1000,0.50,500,2,210,0.9966,68,4085.00,0.071176
2069,1000,0.50,500,2,210,1.0239,69,4043.00,0.198787
2070,1000,0.50,500,2,210,1.0560,70,3944.00,0.233186
2071,1000,0.50,500,2,210,0.9639,71,4022.00,0.081087
2072,1000,0.50,500,2,210,0.9970,72,4052.00,0.579263
2073,1000,0.50,500,2,210,1.0184,73,3887.00,0.150328
2074,1000,0.50,500,2,210,1.0049,74,4106.00,0.170777
2075,1000,0.50,500,2,210,1.0550,75,4090.00,0.046392
2076,1000,0.50,500,2,210,0.9639,76,275.00,0.254353
2077,1000,0.50,500,2,210,1.0167,77,4242.00,0.448265
2078,1000,0.50,500,2,210,1.0221,78,4281.00,0.117482
2079,1000,0.50,500,2,210,0.9533,79,4137.00,0.315143
2080,1000,0.50,500,2,210,1.0060,80,4143.00,0.266630
2081,1000,0.50,500,2,210,0.9655,81,4298.00,0.054085
2082,1000,0.50,500,2,210,0.9763,82,4346.00,0.249673
2083,1000,0.50,500,2,210,0.9877,83,4121.00,0.138438
2084,1000,0.50,500,2,210,0.9608,84,4169.00,0.098766
2085,1000,0.50,500,2,210,0.9586,85,4217.00,0.344758
2086,1000,0.50,500,2,210,1.0139,86,4053.00,0.516207
2087,1000,0.50,500,2,210,0.9856,87,3951.00,0.192356
2088,1000,0.50,500,2,210,0.9998,88,4036.00,0.328085
2089,1000,0.50,500,2,210,0.9965,89,4002.00,0.247842
2090,1000,0.50,500,2,210,0.9897,90,3974.00,0.194161
2091,1000,0.50,500,2,210,1.0183,91,4038.00,0.173322
2092,1000,0.50,500,2,210,0.9748,92,4075.00,0.194746
2093,1000,0.50,500,2,210,0.9764,93,4047.00,0.119675
2094,1000,0.50,500,2,210,0.9767,94,4038.00,0.143443
2095,1000,0.50,500,2,210,1.0224,95,4133.00,0.646375
2096,1000,0.50,500,2,210,0.9264,96,4034.00,0.061934
2097,1000,0.50,500,2,210,0.9167,97,3991.00,0.150572
2098,1000,0.50,500,2,210,0.9941,98,4194.00,0.291915
2099,1000,0.50,500,2,210,0.9306,99,4061.00,0.090029
2100,1000,0.50,500,2,220,1.0069,0,4468.00,0.391827
2101,1000,0.50,500,2,220,1.0296,1,4413.00,0.153097
2102,1000,0.50,500,2,220,1.0231,2,4268.00,0.131937
2103,1000,0.50,500,2,220,0.9522,3,4339.00,0.169647
2104,1000,0.50,500,2,220,0.9377,4,4331.00,0.094226
2105,1000,0.50,500,2,220,0.9482,5,4194.00,0.053356
2106,1000,0.50,500,2,220,0.9423,6,4318.00,0.092803
2107,1000,0.50,500,2,220,0.9645,7,4264.00,0.167229
2108,1000,0.50,500,2,220,1.0294,8,1446.00,0.259701
2109,1000,0.50,500,2,220,0.9716,9,4305.00,0.127089
2110,1000,0.50,500,2,220,1.0238,10,4303.00,0.253500
2111,1000,0.50,500,2,220,1.0084,11,2128.00,0.207687
2112,1000,0.50,500,2,220,1.0174,12,4216.00,0.311256
2113,1000,0.50,500,2,220,0.9748,13,4244.00,0.294429
2114,1000,0.50,500,2,220,1.0035,14,4238.00,0.197201
2115,1000,0.50,500,2,220,0.9769,15,4272.00,0.132558
2116,1000,0.50,500,2,220,1.0105,16,4070.00,0.122520
2117,1000,0.50,500,2,220,1.0296,17,4430.00,0.458121
2118,1000,0.50,500,2,220,0.9923,18,4128.00,0.322998
2119,1000,0.50,500,2,220,1.0193,19,4212.00,0.268261
2120,1000,0.50,500,2,220,0.9980,20,4195.00,0.071058
2121,1000,0.50,500,2,220,0.9935,21,4024.00,0.279881
2122,1000,0.50,500,2,220,1.0256,22,4182.00,0.423332
2123,1000,0.50,500,2,220,0.9895,23,4378.00,0.227728
2124,1000,0.50,500,2,220,1.0144,24,4198.00,0.200939
2125,1000,0.50,500,2,220,1.0488,25,4093.00,0.021213
2126,1000,0.50,500,2,220,1.0320,26,4106.00,0.250967
2127,1000,0.50,500,2,220,1.0083,27,4218.00,0.136059
2128,1000,0.50,500,2,220,0.9877,28,4194.00,0.499034
2129,1000,0.50,500,2,220,0.9993,29,4201.00,0.418287
2130,1000,0.50,500,2,220,1.0078,30,4196.00,0.117476
2131,1000,0.50,500,2,220,1.0297,31,586.00,0.122026
2132,1000,0.50,500,2,220,1.0080,32,4185.00,0.063666
2133,1000,0.50,500,2,220,1.0198,33,4241.00,0.128823
2134,1000,0.50,500,2,220,0.9697,34,2312.00,0.155755
2135,1000,0.50,500,2,220,0.9888,35,3909.00,0.217662
2136,1000,0.50,500,2,220,0.9798,36,4278.00,0.098073
2137,1000,0.50,500,2,220,1.0027,37,4046.00,0.098522
2138,1000,0.50,500,2,220,1.0033,38,4167.00,0.179350
2139,1000,0.50,500,2,220,1.0011,39,4206.00,0.158090
2140,1000,0.50,500,2,220,0.9786,40,4239.00,0.376285
2141,1000,0.50,500,2,220,0.9855,41,4314.00,0.039212
2142,1000,0.50,500,2,220,0.9887,42,4217.00,0.223863
2143,1000,0.50,500,2,220,0.9888,43,4522.00,0.251138
2144,1000,0.50,500,2,220,0.9528,44,4295.00,0.154187
2145,1000,0.50,500,2,220,1.0250,45,4267.00,0.529383
2146,1000,0.50,500,2,220,0.9475,46,4182.00,0.196913
2147,1000,0.50,500,2,220,1.0317,47,4366.00,0.374752
2148,1000,0.50,500,2,220,1.0001,48,4479.00,0.306372
2149,1000,0.50,500,2,220,0.9520,49,4243.00,0.173731
2150,1000,0.50,500,2,220,0.9493,50,4258.00,0.170329
2151,1000,0.50,500,2,220,1.0348,51,1695.00,0.265294
2152,1000,0.50,500,2,220,0.9701,52,4237.00,0.118475
2153,1000,0.50,500,2,220,0.9690,53,4012.00,0.196350
2154,1000,0.50,500,2,220,1.0095,54,4283.00,0.194325
2155,1000,0.50,500,2,220,0.9958,55,4289.00,0.097152
2156,1000,0.50,500,2,220,1.0153,56,4214.00,0.151636
2157,1000,0.50,500,2,220,0.9607,57,4215.00,0.245898
2158,1000,0.50,500,2,220,1.0380,58,4325.00,0.147305
2159,1000,0.50,500,2,220,0.9600,59,3988.00,0.313157
2160,1000,0.50,500,2,220,1.0230,60,4323.00,0.589284
2161,1000,0.50,500,2,220,0.9642,61,4389.00,0.499546
2162,1000,0.50,500,2,220,1.0688,62,1832.00,0.271356
2163,1000,0.50,500,2,220,0.9593,63,4129.00,0.537704
2164,1000,0.50,500,2,220,1.0654,64,269.00,0.468730
2165,1000,0.50,500,2,220,0.9903,65,4624.00,0.149426
2166,1000,0.50,500,2,220,0.9305,66,4893.00,0.167754
2167,1000,0.50,500,2,220,0.9459,67,234.00,0.670551
2168,1000,0.50,500,2,220,0.9493,68,4289.00,0.774494
2169,1000,0.50,500,2,220,0.9722,69,4237.00,0.168635
2170,1000,0.50,500,2,220,0.9394,70,4339.00,0.127774
2171,1000,0.50,500,2,220,0.9817,71,4406.00,0.265786
2172,1000,0.50,500,2,220,1.0027,72,4400.00,0.288498
2173,1000,0.50,500,2,220,1.0709,73,652.00,0.327129
2174,1000,0.50,500,2,220,0.9979,74,4289.00,0.273066
2175,1000,0.50,500,2,220,0.9767,75,4326.00,0.660850
2176,1000,0.50,500,2,220,1.0494,76,3297.00,0.138468
2177,1000,0.50,500,2,220,1.0215,77,4309.00,0.221272
2178,1000,0.50,500,2,220,0.9339,78,4402.00,0.275510
2179,1000,0.50,500,2,220,1.0311,79,4602.00,0.635893
2180,1000,0.50,500,2,220,1.0287,80,763.00,0.231126
2181,1000,0.50,500,2,220,0.9918,81,4545.00,0.200040
2182,1000,0.50,500,2,220,0.9926,82,4148.00,0.255200
2183,1000,0.50,500,2,220,1.0148,83,4182.00,0.121286
2184,1000,0.50,500,2,220,1.0872,84,4440.00,0.104388
2185,1000,0.50,500,2,220,0.9838,85,4194.00,0.276671
2186,1000,0.50,500,2,220,0.9839,86,4065.00,0.208974
2187,1000,0.50,500,2,220,1.0157,87,64.00,0.583340
2188,1000,0.50,500,2,220,1.0727,88,1171.00,0.134042
2189,1000,0.50,500,2,220,0.9334,89,4406.00,0.083193
2190,1000,0.50,500,2,220,0.9691,90,4289.00,0.117794
2191,1000,0.50,500,2,220,0.9986,91,4150.00,0.173614
2192,1000,0.50,500,2,220,1.0027,92,4183.00,0.190785
2193,1000,0.50,500,2,220,1.0440,93,3582.00,0.430082
2194,1000,0.50,500,2,220,0.9470,94,4293.00,0.175080
2195,1000,0.50,500,2,220,1.0388,95,4356.00,0.124870
2196,1000,0.50,500,2,220,0.9522,96,4130.00,0.502010
2197,1000,0.50,500,2,220,0.9964,97,4256.00,0.140921
2198,1000,0.50,500,2,220,0.9753,98,3972.00,0.025019
2199,1000,0.50,500,2,220,0.9764,99,4175.00,0.586093
2200,1000,0.50,500,2,230,0.9610,0,4330.00,0.072141
2201,1000,0.50,500,2,230,0.9982,1,4333.00,0.263641
2202,1000,0.50,500,2,230,0.9788,2,4552.00,0.134267
2203,1000,0.50,500,2,230,0.9961,3,4502.00,0.249017
2204,1000,0.50,500,2,230,1.0288,4,4554.00,0.373881
2205,1000,0.50,500,2,230,1.0260,5,4322.00,0.076203
2206,1000,0.50,500,2,230,1.0087,6,282.00,0.255287
2207,1000,0.50,500,2,230,0.9960,7,4434.00,0.587117
2208,1000,0.50,500,2,230,0.9899,8,520.00,0.292261
2209,1000,0.50,500,2,230,1.0132,9,4399.00,0.108612
2210,1000,0.50,500,2,230,1.0037,10,3986.00,0.306797
2211,1000,0.50,500,2,230,0.9784,11,4231.00,0.560650
2212,1000,0.50,500,2,230,0.9832,12,4320.00,0.122949
2213,1000,0.50,500,2,230,1.0288,13,4460.00,0.182217
2214,1000,0.50,500,2,230,0.9601,14,4358.00,0.268323
2215,1000,0.50,500,2,230,0.9582,15,4424.00,0.229371
2216,1000,0.50,500,2,230,0.9971,16,4442.00,0.208906
2217,1000,0.50,500,2,230,1.0505,17,2867.00,0.290812
2218,1000,0.50,500,2,230,1.0226,18,4358.00,0.369887
2219,1000,0.50,500,2,230,0.9887,19,4367.00,0.052523
2220,1000,0.50,500,2,230,1.0566,20,4526.00,0.195577
2221,1000,0.50,500,2,230,0.9534,21,4555.00,0.096066
2222,1000,0.50,500,2,230,0.9553,22,4395.00,0.372081
2223,1000,0.50,500,2,230,1.0616,23,4582.00,0.194611
2224,1000,0.50,500,2,230,1.0264,24,2258.00,0.187930
2225,1000,0.50,500,2,230,0.9943,25,4505.00,0.166379
2226,1000,0.50,500,2,230,1.0444,26,4655.00,0.310501
2227,1000,0.50,500,2,230,0.9726,27,4476.00,0.121143
2228,1000,0.50,500,2,230,0.9906,28,4488.00,0.088851
2229,1000,0.50,500,2,230,1.0638,29,4648.00,0.353801
2230,1000,0.50,500,2,230,0.9599,30,4314.00,0.467969
2231,1000,0.50,500,2,230,0.9602,31,4361.00,0.036548
2232,1000,0.50,500,2,230,1.0040,32,4464.00,0.235256
2233,1000,0.50,500,2,230,0.9735,33,4444.00,0.217273
2234,1000,0.50,500,2,230,1.0225,34,4542.00,0.508899
2235,1000,0.50,500,2,230,1.0042,35,4488.00,0.043624
2236,1000,0.50,500,2,230,1.0113,36,3589.00,0.155014
2237,1000,0.50,500,2,230,1.0323,37,105.00,0.276011
2238,1000,0.50,500,2,230,1.0051,38,4613.00,0.197956
2239,1000,0.50,500,2,230,0.9985,39,369.00,0.282345
2240,1000,0.50,500,2,230,0.9603,40,4424.00,0.130232
2241,1000,0.50,500,2,230,0.9925,41,4667.00,0.097498
2242,1000,0.50,500,2,230,1.0489,42,4466.00,0.096576
2243,1000,0.50,500,2,230,1.0181,43,4715.00,0.496418
2244,1000,0.50,500,2,230,0.9901,44,4665.00,0.094307
2245,1000,0.50,500,2,230,0.9592,45,4423.00,0.064491
2246,1000,0.50,500,2,230,0.9420,46,4610.00,0.197393
2247,1000,0.50,500,2,230,0.9806,47,4530.00,0.295092
2248,1000,0.50,500,2,230,1.0147,48,4538.00,0.195602
2249,1000,0.50,500,2,230,1.0165,49,4573.00,0.132870
2250,1000,0.50,500,2,230,0.9413,50,4766.00,0.368702
2251,1000,0.50,500,2,230,1.0168,51,4439.00,0.494944
2252,1000,0.50,500,2,230,0.9747,52,4517.00,0.188455
2253,1000,0.50,500,2,230,0.9793,53,4637.00,0.183006
2254,1000,0.50,500,2,230,0.9775,54,4651.00,0.321321
2255,1000,0.50,500,2,230,1.0444,55,4343.00,0.173377
2256,1000,0.50,500,2,230,0.9988,56,4400.00,0.259005
2257,1000,0.50,500,2,230,1.0123,57,4444.00,0.595746
2258,1000,0.50,500,2,230,1.0474,58,4272.00,0.170033
2259,1000,0.50,500,2,230,1.0195,59,4665.00,0.257698
2260,1000,0.50,500,2,230,1.0133,60,2657.00,0.167393
2261,1000,0.50,500,2,230,1.0118,61,4337.00,0.293641
2262,1000,0.50,500,2,230,0.9930,62,4509.00,0.500340
2263,1000,0.50,500,2,230,1.0359,63,4465.00,0.394396
2264,1000,0.50,500,2,230,1.0431,64,891.00,0.489449
2265,1000,0.50,500,2,230,0.9735,65,4361.00,0.145956
2266,1000,0.50,500,2,230,1.0309,66,2715.00,0.185399
2267,1000,0.50,500,2,230,0.9732,67,4456.00,0.028822
2268,1000,0.50,500,2,230,1.0011,68,2091.00,0.281142
2269,1000,0.50,500,2,230,0.9833,69,4408.00,0.448974
2270,1000,0.50,500,2,230,1.0194,70,4578.00,0.154926
2271,1000,0.50,500,2,230,1.0078,71,1034.00,0.178520
2272,1000,0.50,500,2,230,1.0566,72,1550.00,0.322138
2273,1000,0.50,500,2,230,1.0100,73,4399.00,0.327369
2274,1000,0.50,500,2,230,1.0288,74,4485.00,0.517881
2275,1000,0.50,500,2,230,0.9561,75,4481.00,0.310520
2276,1000,0.50,500,2,230,1.0116,76,4513.00,0.111416
2277,1000,0.50,500,2,230,1.0196,77,4654.00,0.216676
2278,1000,0.50,500,2,230,0.9736,78,4546.00,0.138954
2279,1000,0.50,500,2,230,0.9641,79,4501.00,0.418106
2280,1000,0.50,500,2,230,1.0579,80,4650.00,0.451172
2281,1000,0.50,500,2,230,0.9846,81,4490.00,0.238444
2282,1000,0.50,500,2,230,1.0171,82,4658.00,0.021504
2283,1000,0.50,500,2,230,0.9561,83,4607.00,0.127112
2284,1000,0.50,500,2,230,1.0422,84,4527.00,0.316098
2285,1000,0.50,500,2,230,0.9765,85,4421.00,0.076401
2286,1000,0.50,500,2,230,1.0266,86,587.00,0.418690
2287,1000,0.50,500,2,230,0.9731,87,4330.00,0.104205
2288,1000,0.50,500,2,230,0.9943,88,4581.00,0.126084
2289,1000,0.50,500,2,230,0.9602,89,4322.00,0.051737
2290,1000,0.50,500,2,230,0.9899,90,4512.00,0.311281
2291,1000,0.50,500,2,230,1.0019,91,186.00,0.416191
2292,1000,0.50,500,2,230,0.9607,92,4560.00,0.319922
2293,1000,0.50,500,2,230,0.9759,93,1431.00,0.332686
2294,1000,0.50,500,2,230,1.0102,94,4608.00,0.115831
2295,1000,0.50,500,2,230,1.0091,95,1757.00,0.247643
2296,1000,0.50,500,2,230,0.9072,96,4639.00,0.436963
2297,1000,0.50,500,2,230,0.9851,97,4553.00,0.222200
2298,1000,0.50,500,2,230,1.0332,98,2241.00,0.342924
2299,1000,0.50,500,2,230,0.9337,99,4655.00,0.389160
2300,1000,0.50,500,2,240,1.0451,0,4861.00,0.279773
2301,1000,0.50,500,2,240,0.9964,1,4862.00,0.134744
2302,1000,0.50,500,2,240,0.9913,2,2500.00,0.181616
2303,1000,0.50,500,2,240,0.9336,3,4494.00,0.155437
2304,1000,0.50,500,2,240,1.0302,4,4688.00,0.183387
2305,1000,0.50,500,2,240,0.9703,5,4586.00,0.391381
2306,1000,0.50,500,2,240,0.9469,6,4722.00,0.336330
2307,1000,0.50,500,2,240,0.9806,7,4815.00,0.445430
2308,1000,0.50,500,2,240,1.0713,8,4606.00,0.292042
2309,1000,0.50,500,2,240,0.9657,9,4762.00,0.160519
2310,1000,0.50,500,2,240,1.0260,10,4637.00,0.411731
2311,1000,0.50,500,2,240,0.9820,11,4627.00,0.321389
2312,1000,0.50,500,2,240,1.0269,12,1020.00,0.263605
2313,1000,0.50,500,2,240,1.0442,13,4730.00,0.061513
2314,1000,0.50,500,2,240,1.0049,14,2311.00,0.257376
2315,1000,0.50,500,2,240,0.9864,15,4630.00,0.142953
2316,1000,0.50,500,2,240,0.9624,16,4721.00,0.111164
2317,1000,0.50,500,2,240,0.9722,17,4563.00,0.282502
2318,1000,0.50,500,2,240,1.0037,18,4609.00,0.160869
2319,1000,0.50,500,2,240,0.9680,19,4576.00,0.110269
2320,1000,0.50,500,2,240,0.9899,20,2122.00,0.366867
2321,1000,0.50,500,2,240,1.0293,21,4522.00,0.292446
2322,1000,0.50,500,2,240,1.0232,22,4849.00,0.412268
2323,1000,0.50,500,2,240,0.9633,23,4824.00,0.410862
2324,1000,0.50,500,2,240,1.0210,24,4699.00,0.365204
2325,1000,0.50,500,2,240,0.9525,25,4722.00,0.114367
2326,1000,0.50,500,2,240,0.9851,26,511.00,0.188495
2327,1000,0.50,500,2,240,0.9995,27,4601.00,0.485298
2328,1000,0.50,500,2,240,0.9849,28,4806.00,0.481100
2329,1000,0.50,500,2,240,0.9751,29,4572.00,0.141758
2330,1000,0.50,500,2,240,1.0335,30,3218.00,0.258437
2331,1000,0.50,500,2,240,1.0343,31,1119.00,0.467867
2332,1000,0.50,500,2,240,0.9340,32,4738.00,0.119660
2333,1000,0.50,500,2,240,1.0569,33,4656.00,0.352616
2334,1000,0.50,500,2,240,1.0258,34,4644.00,0.176271
2335,1000,0.50,500,2,240,0.9848,35,4859.00,0.331517
2336,1000,0.50,500,2,240,1.0440,36,4745.00,0.186136
2337,1000,0.50,500,2,240,1.0250,37,4736.00,0.275778
2338,1000,0.50,500,2,240,1.0421,38,1603.00,0.407031
2339,1000,0.50,500,2,240,1.0005,39,4668.00,0.047293
2340,1000,0.50,500,2,240,1.0168,40,2461.00,0.501584
2341,1000,0.50,500,2,240,0.9903,41,4797.00,0.287095
2342,1000,0.50,500,2,240,0.9775,42,4826.00,0.265248
2343,1000,0.50,500,2,240,0.9647,43,4904.00,0.133494
2344,1000,0.50,500,2,240,0.9449,44,4586.00,0.510829
2345,1000,0.50,500,2,240,1.0174,45,4327.00,0.168889
2346,1000,0.50,500,2,240,1.0082,46,4649.00,0.079557
2347,1000,0.50,500,2,240,0.9379,47,4470.00,0.087880
2348,1000,0.50,500,2,240,1.0160,48,4746.00,1.014776
2349,1000,0.50,500,2,240,1.0052,49,4445.00,0.178689
2350,1000,0.50,500,2,240,0.9806,50,4671.00,0.023968
2351,1000,0.50,500,2,240,0.9585,51,1594.00,0.168614
2352,1000,0.50,500,2,240,1.0530,52,4560.00,0.160271
2353,1000,0.50,500,2,240,1.0206,53,4722.00,0.209392
2354,1000,0.50,500,2,240,1.0374,54,4990.00,0.330702
2355,1000,0.50,500,2,240,0.8817,55,4768.00,0.089162
2356,1000,0.50,500,2,240,0.9697,56,4948.00,0.272189
2357,1000,0.50,500,2,240,0.9271,57,4766.00,0.191031
2358,1000,0.50,500,2,240,0.9979,58,4799.00,0.162582
2359,1000,0.50,500,2,240,1.0400,59,4517.00,0.359497
2360,1000,0.50,500,2,240,1.0255,60,484.00,0.416937
2361,1000,0.50,500,2,240,0.9607,61,4581.00,0.293071
2362,1000,0.50,500,2,240,1.0233,62,4581.00,0.420080
2363,1000,0.50,500,2,240,1.0340,63,4420.00,0.107461
2364,1000,0.50,500,2,240,1.0176,64,1057.00,0.301308
2365,1000,0.50,500,2,240,0.9707,65,4538.00,0.154796
2366,1000,0.50,500,2,240,0.9590,66,4683.00,0.180993
2367,1000,0.50,500,2,240,0.9720,67,2170.00,0.366596
2368,1000,0.50,500,2,240,1.0020,68,4567.00,0.276476
2369,1000,0.50,500,2,240,0.9816,69,1245.00,0.217056
2370,1000,0.50,500,2,240,0.9988,70,4536.00,0.519515
2371,1000,0.50,500,2,240,1.0041,71,4592.00,0.152612
2372,1000,0.50,500,2,240,1.0485,72,375.00,0.355955
2373,1000,0.50,500,2,240,0.9967,73,4569.00,0.125569
2374,1000,0.50,500,2,240,1.0455,74,4566.00,0.191156
2375,1000,0.50,500,2,240,0.9573,75,4585.00,0.390135
2376,1000,0.50,500,2,240,1.0077,76,4612.00,0.414409
2377,1000,0.50,500,2,240,0.9481,77,4746.00,0.221254
2378,1000,0.50,500,2,240,1.0413,78,4654.00,0.423726
2379,1000,0.50,500,2,240,1.0322,79,4608.00,0.299146
2380,1000,0.50,500,2,240,1.0218,80,4575.00,0.179360
2381,1000,0.50,500,2,240,1.0442,81,1522.00,0.178488
2382,1000,0.50,500,2,240,0.9473,82,4568.00,0.393030
2383,1000,0.50,500,2,240,0.9735,83,4633.00,0.335357
2384,1000,0.50,500,2,240,0.9924,84,4580.00,0.116026
2385,1000,0.50,500,2,240,1.0057,85,4575.00,0.585028
2386,1000,0.50,500,2,240,0.9754,86,533.00,0.892546
2387,1000,0.50,500,2,240,1.0040,87,4834.00,0.230165
2388,1000,0.50,500,2,240,1.0373,88,4727.00,0.159186
2389,1000,0.50,500,2,240,0.9690,89,4601.00,0.316547
2390,1000,0.50,500,2,240,0.9546,90,4790.00,0.230596
2391,1000,0.50,500,2,240,0.9926,91,4610.00,0.330816
2392,1000,0.50,500,2,240,0.9928,92,4541.00,0.315138
2393,1000,0.50,500,2,240,1.0216,93,490.00,0.384038
2394,1000,0.50,500,2,240,0.9932,94,4670.00,0.096193
2395,1000,0.50,500,2,240,1.0114,95,131.00,0.497510
2396,1000,0.50,500,2,240,0.9854,96,4564.00,0.568631
2397,1000,0.50,500,2,240,0.9717,97,4632.00,0.537534
2398,1000,0.50,500,2,240,0.9685,98,4658.00,0.350989
2399,1000,0.50,500,2,240,0.9750,99,4498.00,0.283129
2400,1000,0.50,500,2,250,0.9388,0,4906.00,0.211188
2401,1000,0.50,500,2,250,0.9699,1,4809.00,0.150020
2402,1000,0.50,500,2,250,1.0506,2,239.00,0.576633
2403,1000,0.50,500,2,250,1.0373,3,647.00,0.229690
2404,1000,0.50,500,2,250,1.0345,4,1680.00,0.380644
2405,1000,0.50,500,2,250,1.0522,5,4893.00,0.139558
2406,1000,0.50,500,2,250,0.9979,6,4875.00,0.155197
2407,1000,0.50,500,2,250,0.9940,7,4915.00,0.277720
2408,1000,0.50,500,2,250,1.0226,8,1437.00,0.176468
2409,1000,0.50,500,2,250,0.9770,9,4644.00,0.200720
2410,1000,0.50,500,2,250,0.9947,10,4769.00,0.216813
2411,1000,0.50,500,2,250,0.9797,11,4965.00,0.275254
2412,1000,0.50,500,2,250,0.9702,12,4592.00,0.145495
2413,1000,0.50,500,2,250,0.9981,13,4786.00,0.199072
2414,1000,0.50,500,2,250,1.0498,14,1117.00,0.153031
2415,1000,0.50,500,2,250,0.9413,15,4815.00,0.173175
2416,1000,0.50,500,2,250,0.9956,16,4758.00,0.180804
2417,1000,0.50,500,2,250,0.9862,17,490.00,0.454555
2418,1000,0.50,500,2,250,1.0073,18,3161.00,0.167794
2419,1000,0.50,500,2,250,1.0470,19,4915.00,0.424956
2420,1000,0.50,500,2,250,1.0084,20,4853.00,0.161144
2421,1000,0.50,500,2,250,1.0434,21,5019.00,0.090955
2422,1000,0.50,500,2,250,1.0229,22,4941.00,0.173527
2423,1000,0.50,500,2,250,1.0021,23,4697.00,0.545282
2424,1000,0.50,500,2,250,0.9587,24,4587.00,0.197158
2425,1000,0.50,500,2,250,0.9739,25,4807.00,0.123913
2426,1000,0.50,500,2,250,1.0365,26,4645.00,0.376845
2427,1000,0.50,500,2,250,1.0336,27,728.00,0.486406
2428,1000,0.50,500,2,250,0.9984,28,4839.00,0.753494
2429,1000,0.50,500,2,250,1.0086,29,4785.00,0.260368
2430,1000,0.50,500,2,250,0.9695,30,4753.00,0.111148
2431,1000,0.50,500,2,250,0.9629,31,4747.00,0.181052
2432,1000,0.50,500,2,250,1.0060,32,4773.00,0.105084
2433,1000,0.50,500,2,250,1.0234,33,3255.00,0.123155
2434,1000,0.50,500,2,250,1.0368,34,1153.00,0.162515
2435,1000,0.50,500,2,250,0.9413,35,4734.00,0.252265
2436,1000,0.50,500,2,250,0.9550,36,4743.00,0.314992
2437,1000,0.50,500,2,250,1.0254,37,4803.00,0.290495
2438,1000,0.50,500,2,250,0.9615,38,4809.00,0.341293
2439,1000,0.50,500,2,250,0.9755,39,4635.00,0.279011
2440,1000,0.50,500,2,250,1.0273,40,4383.00,0.137688
2441,1000,0.50,500,2,250,1.0466,41,4775.00,0.280411
2442,1000,0.50,500,2,250,1.0051,42,4851.00,0.175330
2443,1000,0.50,500,2,250,0.9343,43,4754.00,0.076468
2444,1000,0.50,500,2,250,1.0151,44,5002.00,0.336964
2445,1000,0.50,500,2,250,1.0033,45,4877.00,0.145411
2446,1000,0.50,500,2,250,1.0361,46,1718.00,0.179945
2447,1000,0.50,500,2,250,0.9700,47,4857.00,0.091330
2448,1000,0.50,500,2,250,0.9998,48,4853.00,0.305856
2449,1000,0.50,500,2,250,0.9372,49,4924.00,0.315683
2450,1000,0.50,500,2,250,1.0156,50,4963.00,0.497157
2451,1000,0.50,500,2,250,0.9755,51,4819.00,0.298249
2452,1000,0.50,500,2,250,1.0089,52,4818.00,0.130284
2453,1000,0.50,500,2,250,0.9776,53,4944.00,0.143594
2454,1000,0.50,500,2,250,0.9901,54,4817.00,0.470137
2455,1000,0.50,500,2,250,0.9686,55,1314.00,0.469655
2456,1000,0.50,500,2,250,1.0540,56,5019.00,0.532029
2457,1000,0.50,500,2,250,1.0027,57,4901.00,0.170541
2458,1000,0.50,500,2,250,1.0364,58,2737.00,0.287377
2459,1000,0.50,500,2,250,1.0330,59,3521.00,0.732445
2460,1000,0.50,500,2,250,1.0106,60,4675.00,0.448230
2461,1000,0.50,500,2,250,1.0208,61,66.00,0.184772
2462,1000,0.50,500,2,250,0.9425,62,5021.00,0.128539
2463,1000,0.50,500,2,250,0.9555,63,4844.00,0.120885
2464,1000,0.50,500,2,250,1.0232,64,4826.00,0.137359
2465,1000,0.50,500,2,250,0.9627,65,4852.00,0.336209
2466,1000,0.50,500,2,250,0.9797,66,4764.00,0.265517
2467,1000,0.50,500,2,250,1.0191,67,441.00,0.494971
2468,1000,0.50,500,2,250,1.0246,68,2542.00,0.169860
2469,1000,0.50,500,2,250,1.0411,69,4824.00,0.111680
2470,1000,0.50,500,2,250,0.9780,70,4843.00,0.155281
2471,1000,0.50,500,2,250,0.9919,71,4854.00,0.141045
2472,1000,0.50,500,2,250,0.9748,72,4751.00,0.203539
2473,1000,0.50,500,2,250,1.0096,73,4957.00,0.197262
2474,1000,0.50,500,2,250,0.9977,74,4746.00,0.486267
2475,1000,0.50,500,2,250,1.0229,75,4864.00,0.026422
2476,1000,0.50,500,2,250,1.0422,76,4863.00,0.113650
2477,1000,0.50,500,2,250,1.0070,77,3229.00,0.279335
2478,1000,0.50,500,2,250,1.0069,78,309.00,0.359720
2479,1000,0.50,500,2,250,0.9703,79,5032.00,0.324347
2480,1000,0.50,500,2,250,1.0202,80,831.00,0.159009
2481,1000,0.50,500,2,250,0.9653,81,4762.00,0.197776
2482,1000,0.50,500,2,250,0.9290,82,4809.00,0.211740
2483,1000,0.50,500,2,250,0.9656,83,4710.00,0.311815
2484,1000,0.50,500,2,250,0.9739,84,4702.00,0.231392
2485,1000,0.50,500,2,250,0.9713,85,4662.00,0.248358
2486,1000,0.50,500,2,250,1.0411,86,2506.00,0.443241
2487,1000,0.50,500,2,250,0.9624,87,4646.00,0.395192
2488,1000,0.50,500,2,250,1.0421,88,2218.00,0.191324
2489,1000,0.50,500,2,250,1.0039,89,4718.00,0.162657
2490,1000,0.50,500,2,250,1.0162,90,4731.00,0.183398
2491,1000,0.50,500,2,250,0.9712,91,4734.00,0.084572
2492,1000,0.50,500,2,250,0.9844,92,4860.00,0.350480
2493,1000,0.50,500,2,250,0.9746,93,2501.00,0.144368
2494,1000,0.50,500,2,250,0.9939,94,4787.00,0.368984
2495,1000,0.50,500,2,250,1.0090,95,4593.00,0.346665
2496,1000,0.50,500,2,250,0.9793,96,4839.00,0.240646
2497,1000,0.50,500,2,250,0.9488,97,4681.00,0.185064
2498,1000,0.50,500,2,250,0.9215,98,4828.00,0.150143
2499,1000,0.50,500,2,250,1.0259,99,4864.00,0.343929
2500,1000,0.50,500,2,260,1.0291,0,5086.00,0.266144
2501,1000,0.50,500,2,260,0.9120,1,4934.00,0.110442
2502,1000,0.50,500,2,260,0.9882,2,4803.00,0.146143
2503,1000,0.50,500,2,260,1.0528,3,4732.00,0.126470
2504,1000,0.50,500,2,260,0.9425,4,4908.00,0.244173
2505,1000,0.50,500,2,260,1.0074,5,107.00,0.149090
2506,1000,0.50,500,2,260,0.9785,6,507.00,0.267935
2507,1000,0.50,500,2,260,1.0099,7,4891.00,0.247445
2508,1000,0.50,500,2,260,0.9797,8,5063.00,0.152097
2509,1000,0.50,500,2,260,1.0450,9,5042.00,0.216948
2510,1000,0.50,500,2,260,0.9850,10,4999.00,0.168763
2511,1000,0.50,500,2,260,1.0096,11,4954.00,0.504951
2512,1000,0.50,500,2,260,1.0129,12,4973.00,0.171105
2513,1000,0.50,500,2,260,0.9979,13,5138.00,0.389094
2514,1000,0.50,500,2,260,0.9835,14,5104.00,0.121310
2515,1000,0.50,500,2,260,0.9627,15,4890.00,0.194160
2516,1000,0.50,500,2,260,1.0760,16,5043.00,0.096858
2517,1000,0.50,500,2,260,0.9920,17,458.00,0.303036
2518,1000,0.50,500,2,260,0.9830,18,5007.00,0.218127
2519,1000,0.50,500,2,260,1.0201,19,1977.00,0.916940
2520,1000,0.50,500,2,260,1.0176,20,4702.00,0.256164
2521,1000,0.50,500,2,260,1.0351,21,4258.00,0.195543
2522,1000,0.50,500,2,260,0.9718,22,4927.00,0.331427
2523,1000,0.50,500,2,260,0.9890,23,4861.00,0.059482
2524,1000,0.50,500,2,260,1.0462,24,5105.00,0.175855
2525,1000,0.50,500,2,260,1.0301,25,4348.00,0.144501
2526,1000,0.50,500,2,260,0.9656,26,4809.00,0.210580
2527,1000,0.50,500,2,260,1.0331,27,1070.00,0.216961
2528,1000,0.50,500,2,260,0.9686,28,5006.00,0.248288
2529,1000,0.50,500,2,260,0.9416,29,4823.00,0.030930
2530,1000,0.50,500,2,260,1.0117,30,4830.00,0.196660
2531,1000,0.50,500,2,260,1.0446,31,1778.00,0.231285
2532,1000,0.50,500,2,260,0.9907,32,2849.00,0.157173
2533,1000,0.50,500,2,260,1.0053,33,5147.00,0.097454
2534,1000,0.50,500,2,260,0.9719,34,4930.00,0.182281
2535,1000,0.50,500,2,260,1.0377,35,444.00,0.240115
2536,1000,0.50,500,2,260,1.0014,36,4960.00,0.269157
2537,1000,0.50,500,2,260,1.0370,37,4865.00,0.230056
2538,1000,0.50,500,2,260,1.0364,38,5077.00,0.383821
2539,1000,0.50,500,2,260,1.1010,39,972.00,0.243411
2540,1000,0.50,500,2,260,1.0555,40,4921.00,0.152366
2541,1000,0.50,500,2,260,0.9540,41,4887.00,0.134834
2542,1000,0.50,500,2,260,1.0726,42,360.00,0.582993
2543,1000,0.50,500,2,260,0.9618,43,4969.00,0.124098
2544,1000,0.50,500,2,260,0.9905,44,885.00,0.361612
2545,1000,0.50,500,2,260,0.9044,45,4736.00,0.172621
2546,1000,0.50,500,2,260,0.9832,46,4673.00,0.173556
2547,1000,0.50,500,2,260,1.0116,47,5227.00,0.358025
2548,1000,0.50,500,2,260,0.9707,48,4920.00,0.182468
2549,1000,0.50,500,2,260,1.0318,49,4944.00,0.181691
2550,1000,0.50,500,2,260,1.0321,50,4844.00,0.062674
2551,1000,0.50,500,2,260,0.9962,51,4803.00,0.307430
2552,1000,0.50,500,2,260,0.9956,52,5154.00,0.079815
2553,1000,0.50,500,2,260,1.0266,53,3472.00,0.210516
2554,1000,0.50,500,2,260,0.9749,54,5019.00,0.266650
2555,1000,0.50,500,2,260,0.9887,55,1041.00,0.258768
2556,1000,0.50,500,2,260,1.0246,56,1529.00,0.439656
2557,1000,0.50,500,2,260,1.0012,57,4815.00,0.448216
2558,1000,0.50,500,2,260,1.0350,58,4965.00,0.273442
2559,1000,0.50,500,2,260,1.0177,59,5083.00,0.216852
2560,1000,0.50,500,2,260,1.0130,60,1914.00,0.364926
2561,1000,0.50,500,2,260,1.0187,61,4236.00,0.195091
2562,1000,0.50,500,2,260,0.9867,62,4862.00,0.170439
2563,1000,0.50,500,2,260,0.9804,63,5019.00,0.119907
2564,1000,0.50,500,2,260,1.0409,64,4961.00,0.268125
2565,1000,0.50,500,2,260,1.0143,65,4971.00,0.180529
2566,1000,0.50,500,2,260,0.9831,66,5090.00,0.125806
2567,1000,0.50,500,2,260,0.9745,67,4991.00,0.154996
2568,1000,0.50,500,2,260,0.9902,68,145.00,0.250066
2569,1000,0.50,500,2,260,0.9768,69,4922.00,0.299434
2570,1000,0.50,500,2,260,1.0360,70,5091.00,0.398148
2571,1000,0.50,500,2,260,1.0253,71,4766.00,0.306008
2572,1000,0.50,500,2,260,0.9827,72,4652.00,0.260639
2573,1000,0.50,500,2,260,1.0535,73,4979.00,0.297520
2574,1000,0.50,500,2,260,0.9693,74,5076.00,0.219397
2575,1000,0.50,500,2,260,1.0353,75,5006.00,0.103021
2576,1000,0.50,500,2,260,1.0161,76,4878.00,0.244188
2577,1000,0.50,500,2,260,1.0227,77,4961.00,0.345312
2578,1000,0.50,500,2,260,0.9747,78,4810.00,0.117257
2579,1000,0.50,500,2,260,0.9702,79,4977.00,0.394259
2580,1000,0.50,500,2,260,1.0031,80,4763.00,0.781711
2581,1000,0.50,500,2,260,1.0181,81,5087.00,0.252302
2582,1000,0.50,500,2,260,0.9930,82,5082.00,0.132654
2583,1000,0.50,500,2,260,1.0065,83,4897.00,0.157812
2584,1000,0.50,500,2,260,0.9793,84,4858.00,0.289168
2585,1000,0.50,500,2,260,0.9944,85,4944.00,0.091459
2586,1000,0.50,500,2,260,1.0172,86,5019.00,0.172620
2587,1000,0.50,500,2,260,1.0273,87,4928.00,0.155640
2588,1000,0.50,500,2,260,1.0382,88,1018.00,0.552744
2589,1000,0.50,500,2,260,1.0172,89,4898.00,0.482865
2590,1000,0.50,500,2,260,0.9943,90,4873.00,0.364882
2591,1000,0.50,500,2,260,0.9663,91,5096.00,0.200151
2592,1000,0.50,500,2,260,0.9789,92,5003.00,0.658513
2593,1000,0.50,500,2,260,1.0099,93,4894.00,0.464230
2594,1000,0.50,500,2,260,1.0056,94,4934.00,0.177041
2595,1000,0.50,500,2,260,0.9875,95,4792.00,0.457233
2596,1000,0.50,500,2,260,0.9795,96,4903.00,0.194599
2597,1000,0.50,500,2,260,0.9343,97,4779.00,0.078248
2598,1000,0.50,500,2,260,0.9867,98,5080.00,0.418692
2599,1000,0.50,500,2,260,1.0487,99,232.00,0.152165
2600,1000,0.50,500,2,270,1.0297,0,5175.00,0.231475
2601,1000,0.50,500,2,270,1.0330,1,4433.00,0.567045
2602,1000,0.50,500,2,270,1.0606,2,3444.00,0.299639
2603,1000,0.50,500,2,270,1.0007,3,5116.00,0.244778
2604,1000,0.50,500,2,270,1.0186,4,5098.00,0.275055
2605,1000,0.50,500,2,270,1.0017,5,5024.00,0.343580
2606,1000,0.50,500,2,270,1.0330,6,5222.00,0.130496
2607,1000,0.50,500,2,270,0.9900,7,4974.00,0.083276
2608,1000,0.50,500,2,270,0.9656,8,4986.00,0.065834
2609,1000,0.50,500,2,270,0.9493,9,5285.00,0.588810
2610,1000,0.50,500,2,270,1.0300,10,891.00,0.181293
2611,1000,0.50,500,2,270,1.0180,11,5230.00,0.460843
2612,1000,0.50,500,2,270,1.0242,12,5255.00,0.291124
2613,1000,0.50,500,2,270,1.0405,13,5286.00,0.290161
2614,1000,0.50,500,2,270,1.0243,14,5277.00,0.068910
2615,1000,0.50,500,2,270,0.9885,15,5199.00,0.339628
2616,1000,0.50,500,2,270,1.0002,16,5295.00,0.152760
2617,1000,0.50,500,2,270,1.0138,17,5020.00,0.128804
2618,1000,0.50,500,2,270,1.0344,18,701.00,0.163888
2619,1000,0.50,500,2,270,1.0423,19,4463.00,0.573295
2620,1000,0.50,500,2,270,0.9747,20,5147.00,0.203835
2621,1000,0.50,500,2,270,0.9985,21,5059.00,0.270520
2622,1000,0.50,500,2,270,1.0329,22,5180.00,0.069420
2623,1000,0.50,500,2,270,0.9883,23,5281.00,0.390134
2624,1000,0.50,500,2,270,1.0446,24,5436.00,0.237598
2625,1000,0.50,500,2,270,0.9998,25,4317.00,0.323714
2626,1000,0.50,500,2,270,1.0151,26,311.00,0.231320
2627,1000,0.50,500,2,270,1.0119,27,2469.00,0.328003
2628,1000,0.50,500,2,270,1.0508,28,5303.00,0.429255
2629,1000,0.50,500,2,270,1.0066,29,5343.00,0.250018
2630,1000,0.50,500,2,270,0.9687,30,5176.00,0.234678
2631,1000,0.50,500,2,270,1.0047,31,5048.00,0.132915
2632,1000,0.50,500,2,270,1.0195,32,5484.00,0.718051
2633,1000,0.50,500,2,270,0.9916,33,5401.00,0.378265
2634,1000,0.50,500,2,270,1.0031,34,5217.00,0.279848
2635,1000,0.50,500,2,270,1.0256,35,4770.00,0.125698
2636,1000,0.50,500,2,270,0.9744,36,5080.00,0.229937
2637,1000,0.50,500,2,270,1.0145,37,2196.00,0.143557
2638,1000,0.50,500,2,270,1.0144,38,5228.00,0.128945
2639,1000,0.50,500,2,270,0.9904,39,5107.00,0.073501
2640,1000,0.50,500,2,270,0.9927,40,5379.00,0.147096
2641,1000,0.50,500,2,270,0.9860,41,699.00,0.261914
2642,1000,0.50,500,2,270,0.9753,42,5225.00,0.164896
2643,1000,0.50,500,2,270,0.9775,43,5133.00,0.221588
2644,1000,0.50,500,2,270,0.9404,44,5175.00,0.208530
2645,1000,0.50,500,2,270,1.0323,45,5226.00,0.368103
2646,1000,0.50,500,2,270,0.9840,46,5089.00,0.219431
2647,1000,0.50,500,2,270,0.9897,47,5106.00,0.094574
2648,1000,0.50,500,2,270,0.9532,48,5082.00,0.218139
2649,1000,0.50,500,2,270,0.9605,49,5097.00,0.219881
2650,1000,0.50,500,2,270,1.0264,50,5218.00,0.261188
2651,1000,0.50,500,2,270,1.0207,51,3749.00,0.143004
2652,1000,0.50,500,2,270,0.9603,52,5034.00,0.155600
2653,1000,0.50,500,2,270,1.0436,53,5190.00,0.340705
2654,1000,0.50,500,2,270,1.0349,54,2964.00,0.206843
2655,1000,0.50,500,2,270,0.9504,55,5236.00,0.249640
2656,1000,0.50,500,2,270,0.9984,56,5434.00,0.221017
2657,1000,0.50,500,2,270,1.0157,57,5042.00,0.193993
2658,1000,0.50,500,2,270,1.0097,58,5144.00,0.241422
2659,1000,0.50,500,2,270,0.9878,59,5379.00,0.200957
2660,1000,0.50,500,2,270,0.9779,60,5300.00,0.325478
2661,1000,0.50,500,2,270,1.0242,61,5495.00,0.210635
2662,1000,0.50,500,2,270,1.0179,62,5564.00,0.472009
2663,1000,0.50,500,2,270,0.9970,63,5379.00,0.311648
2664,1000,0.50,500,2,270,1.0128,64,2117.00,0.181598
2665,1000,0.50,500,2,270,1.0566,65,5381.00,0.140432
2666,1000,0.50,500,2,270,1.0258,66,5290.00,0.084108
2667,1000,0.50,500,2,270,0.9314,67,5459.00,0.111338
2668,1000,0.50,500,2,270,0.9659,68,5435.00,0.403622
2669,1000,0.50,500,2,270,0.9730,69,4416.00,0.204378
2670,1000,0.50,500,2,270,0.9997,70,5540.00,0.384932
2671,1000,0.50,500,2,270,1.0380,71,5450.00,0.304473
2672,1000,0.50,500,2,270,1.0070,72,1646.00,0.169680
2673,1000,0.50,500,2,270,0.9685,73,5196.00,0.046472
2674,1000,0.50,500,2,270,0.9983,74,5389.00,0.183513
2675,1000,0.50,500,2,270,0.9786,75,5207.00,0.320319
2676,1000,0.50,500,2,270,1.0760,76,5370.00,0.296895
2677,1000,0.50,500,2,270,0.9888,77,5403.00,0.379148
2678,1000,0.50,500,2,270,1.0064,78,2078.00,0.229024
2679,1000,0.50,500,2,270,0.9455,79,5397.00,0.475906
2680,1000,0.50,500,2,270,0.9831,80,1514.00,0.375250
2681,1000,0.50,500,2,270,0.9941,81,5243.00,0.133264
2682,1000,0.50,500,2,270,1.0714,82,5162.00,0.180996
2683,1000,0.50,500,2,270,1.0496,83,2623.00,0.388384
2684,1000,0.50,500,2,270,0.9869,84,5184.00,0.158496
2685,1000,0.50,500,2,270,1.0207,85,254.00,0.601709
2686,1000,0.50,500,2,270,0.9716,86,5314.00,0.373703
2687,1000,0.50,500,2,270,0.9964,87,871.00,0.192757
2688,1000,0.50,500,2,270,0.9690,88,5232.00,0.075979
2689,1000,0.50,500,2,270,0.9520,89,5254.00,0.050867
2690,1000,0.50,500,2,270,1.0879,90,1548.00,0.387374
2691,1000,0.50,500,2,270,0.9990,91,5312.00,0.129539
2692,1000,0.50,500,2,270,0.9702,92,5233.00,0.075390
2693,1000,0.50,500,2,270,1.0951,93,2440.00,0.428823
2694,1000,0.50,500,2,270,0.9618,94,5388.00,0.226154
2695,1000,0.50,500,2,270,1.0242,95,5188.00,0.093270
2696,1000,0.50,500,2,270,0.9997,96,5435.00,0.111490
2697,1000,0.50,500,2,270,0.9313,97,5067.00,0.327236
2698,1000,0.50,500,2,270,0.9951,98,5280.00,0.250481
2699,1000,0.50,500,2,270,1.0165,99,5370.00,0.410639
2700,1000,0.50,500,2,280,0.9441,0,5518.00,0.321152
2701,1000,0.50,500,2,280,0.9735,1,5443.00,0.262023
2702,1000,0.50,500,2,280,1.0570,2,5471.00,0.166006
2703,1000,0.50,500,2,280,1.0036,3,5494.00,0.281187
2704,1000,0.50,500,2,280,1.0119,4,5303.00,0.096116
2705,1000,0.50,500,2,280,0.9652,5,5212.00,0.167726
2706,1000,0.50,500,2,280,1.0491,6,5612.00,0.062827
2707,1000,0.50,500,2,280,1.0609,7,1350.00,0.186114
2708,1000,0.50,500,2,280,0.9926,8,5293.00,0.306434
2709,1000,0.50,500,2,280,0.9670,9,5331.00,0.093773
2710,1000,0.50,500,2,280,0.9714,10,5295.00,0.443829
2711,1000,0.50,500,2,280,1.0231,11,5411.00,0.340667
2712,1000,0.50,500,2,280,0.9726,12,5467.00,0.075718
2713,1000,0.50,500,2,280,0.9798,13,5409.00,0.217657
2714,1000,0.50,500,2,280,0.9686,14,5233.00,0.217697
2715,1000,0.50,500,2,280,1.0316,15,5555.00,0.130924
2716,1000,0.50,500,2,280,0.9510,16,5223.00,0.235698
2717,1000,0.50,500,2,280,0.9908,17,1010.00,0.287989
2718,1000,0.50,500,2,280,0.9965,18,5251.00,0.155690
2719,1000,0.50,500,2,280,0.9902,19,5436.00,0.157737
2720,1000,0.50,500,2,280,1.0128,20,5336.00,0.354262
2721,1000,0.50,500,2,280,1.0232,21,5408.00,0.227428
2722,1000,0.50,500,2,280,0.9777,22,5544.00,0.359820
2723,1000,0.50,500,2,280,1.0156,23,5195.00,0.166695
2724,1000,0.50,500,2,280,1.0147,24,1248.00,0.373940
2725,1000,0.50,500,2,280,1.0288,25,5463.00,0.435727
2726,1000,0.50,500,2,280,0.9697,26,5337.00,0.197253
2727,1000,0.50,500,2,280,1.0510,27,56.00,0.272125
2728,1000,0.50,500,2,280,1.0380,28,5329.00,0.386407
2729,1000,0.50,500,2,280,1.0221,29,5384.00,0.154118
2730,1000,0.50,500,2,280,0.9268,30,5137.00,0.375450
2731,1000,0.50,500,2,280,0.9700,31,5259.00,0.232010
2732,1000,0.50,500,2,280,1.0525,32,1285.00,0.274509
2733,1000,0.50,500,2,280,0.9964,33,5252.00,0.178228
2734,1000,0.50,500,2,280,1.0064,34,5520.00,0.269831
2735,1000,0.50,500,2,280,0.9967,35,928.00,0.128958
2736,1000,0.50,500,2,280,0.9919,36,5294.00,0.236106
2737,1000,0.50,500,2,280,1.0000,37,5365.00,0.351083
2738,1000,0.50,500,2,280,0.9929,38,3621.00,0.316565
2739,1000,0.50,500,2,280,0.9963,39,236.00,0.457109
2740,1000,0.50,500,2,280,1.0330,40,5267.00,0.285324
2741,1000,0.50,500,2,280,0.9140,41,5213.00,0.073226
2742,1000,0.50,500,2,280,1.0103,42,5270.00,0.206037
2743,1000,0.50,500,2,280,0.9809,43,5324.00,0.227747
2744,1000,0.50,500,2,280,0.9462,44,5096.00,0.116682
2745,1000,0.50,500,2,280,1.0703,45,5475.00,0.177340
2746,1000,0.50,500,2,280,0.9705,46,5281.00,0.198778
2747,1000,0.50,500,2,280,0.9847,47,4950.00,0.176971
2748,1000,0.50,500,2,280,0.9888,48,5373.00,0.073199
2749,1000,0.50,500,2,280,1.0383,49,5326.00,0.181846
2750,1000,0.50,500,2,280,0.9427,50,5353.00,0.239252
2751,1000,0.50,500,2,280,1.0420,51,5405.00,0.347795
2752,1000,0.50,500,2,280,0.9672,52,5275.00,0.322349
2753,1000,0.50,500,2,280,1.0035,53,5353.00,0.240416
2754,1000,0.50,500,2,280,0.9885,54,5246.00,0.097049
2755,1000,0.50,500,2,280,0.9325,55,5201.00,0.044331
2756,1000,0.50,500,2,280,1.0062,56,5280.00,0.073960
2757,1000,0.50,500,2,280,1.0214,57,5331.00,0.122997
2758,1000,0.50,500,2,280,0.9883,58,5325.00,0.068349
2759,1000,0.50,500,2,280,1.1323,59,159.00,0.640835
2760,1000,0.50,500,2,280,0.9792,60,5314.00,0.159895
2761,1000,0.50,500,2,280,1.0114,61,5358.00,0.293805
2762,1000,0.50,500,2,280,1.0062,62,2140.00,0.246248
2763,1000,0.50,500,2,280,1.0020,63,5400.00,0.356866
2764,1000,0.50,500,2,280,1.0264,64,5342.00,0.107525
2765,1000,0.50,500,2,280,1.0381,65,5372.00,0.615180
2766,1000,0.50,500,2,280,0.9978,66,5373.00,0.265843
2767,1000,0.50,500,2,280,1.0391,67,4833.00,0.204163
2768,1000,0.50,500,2,280,1.0576,68,5357.00,0.386685
2769,1000,0.50,500,2,280,1.0004,69,5618.00,0.202884
2770,1000,0.50,500,2,280,1.0452,70,3785.00,0.153761
2771,1000,0.50,500,2,280,1.0250,71,5114.00,0.345430
2772,1000,0.50,500,2,280,0.9513,72,5343.00,0.080739
2773,1000,0.50,500,2,280,1.0158,73,209.00,0.216323
2774,1000,0.50,500,2,280,1.0183,74,2740.00,0.228310
2775,1000,0.50,500,2,280,0.9569,75,5391.00,0.104663
2776,1000,0.50,500,2,280,0.9524,76,5508.00,0.324595
2777,1000,0.50,500,2,280,1.0771,77,78.00,0.158627
2778,1000,0.50,500,2,280,1.0396,78,5394.00,0.307218
2779,1000,0.50,500,2,280,0.9404,79,5264.00,0.681248
2780,1000,0.50,500,2,280,0.9806,80,5431.00,0.180056
2781,1000,0.50,500,2,280,1.0018,81,5416.00,0.136620
2782,1000,0.50,500,2,280,1.0316,82,5431.00,0.232735
2783,1000,0.50,500,2,280,0.9972,83,787.00,0.202866
2784,1000,0.50,500,2,280,0.9885,84,5195.00,0.045883
2785,1000,0.50,500,2,280,0.9141,85,5265.00,0.187593
2786,1000,0.50,500,2,280,0.9980,86,5024.00,0.252205
2787,1000,0.50,500,2,280,1.0511,87,5352.00,0.259138
2788,1000,0.50,500,2,280,0.9848,88,1522.00,0.234173
2789,1000,0.50,500,2,280,1.0027,89,5351.00,0.177131
2790,1000,0.50,500,2,280,1.0121,90,1890.00,0.313588
2791,1000,0.50,500,2,280,0.9708,91,5407.00,0.366683
2792,1000,0.50,500,2,280,0.9668,92,5142.00,0.071751
2793,1000,0.50,500,2,280,1.0591,93,4840.00,0.207842
2794,1000,0.50,500,2,280,1.0061,94,5315.00,0.139809
2795,1000,0.50,500,2,280,1.0132,95,5329.00,0.140395
2796,1000,0.50,500,2,280,1.0197,96,5652.00,0.377361
2797,1000,0.50,500,2,280,0.9676,97,5229.00,0.100080
2798,1000,0.50,500,2,280,0.9885,98,2293.00,0.153259
2799,1000,0.50,500,2,280,0.9415,99,5282.00,0.362783
2800,1000,0.50,500,2,290,0.9724,0,5630.00,0.143152
2801,1000,0.50,500,2,290,0.9985,1,5490.00,0.281647
2802,1000,0.50,500,2,290,0.9997,2,5545.00,0.422675
2803,1000,0.50,500,2,290,1.0299,3,5561.00,0.189575
2804,1000,0.50,500,2,290,0.9568,4,5704.00,0.110757
2805,1000,0.50,500,2,290,0.9571,5,5433.00,0.349335
2806,1000,0.50,500,2,290,1.0333,6,2086.00,0.220986
2807,1000,0.50,500,2,290,1.0199,7,5736.00,0.169052
2808,1000,0.50,500,2,290,0.9720,8,5656.00,0.246414
2809,1000,0.50,500,2,290,0.9596,9,5562.00,0.385774
2810,1000,0.50,500,2,290,0.9916,10,5372.00,0.155404
2811,1000,0.50,500,2,290,0.9785,11,5792.00,0.417805
2812,1000,0.50,500,2,290,0.9853,12,5794.00,0.190519
2813,1000,0.50,500,2,290,1.0244,13,5721.00,0.138600
2814,1000,0.50,500,2,290,1.0093,14,5729.00,0.360968
2815,1000,0.50,500,2,290,0.9868,15,5501.00,0.122222
2816,1000,0.50,500,2,290,0.9917,16,5628.00,0.196412
2817,1000,0.50,500,2,290,1.0148,17,5656.00,0.211491
2818,1000,0.50,500,2,290,0.9681,18,5488.00,0.443602
2819,1000,0.50,500,2,290,1.0386,19,860.00,0.535460
2820,1000,0.50,500,2,290,0.9369,20,5394.00,0.176163
2821,1000,0.50,500,2,290,0.9632,21,5459.00,0.074289
2822,1000,0.50,500,2,290,1.0396,22,3980.00,0.189766
2823,1000,0.50,500,2,290,1.0073,23,5571.00,0.262612
2824,1000,0.50,500,2,290,0.9875,24,5571.00,0.248765
2825,1000,0.50,500,2,290,0.9785,25,5732.00,0.180004
2826,1000,0.50,500,2,290,1.0071,26,5372.00,0.133358
2827,1000,0.50,500,2,290,0.9579,27,5412.00,0.238875
2828,1000,0.50,500,2,290,1.0261,28,5681.00,0.291605
2829,1000,0.50,500,2,290,1.0181,29,5796.00,0.185718
2830,1000,0.50,500,2,290,0.9888,30,5439.00,0.092380
2831,1000,0.50,500,2,290,0.9608,31,5543.00,0.505783
2832,1000,0.50,500,2,290,0.9576,32,5598.00,0.173851
2833,1000,0.50,500,2,290,0.9737,33,5399.00,0.209063
2834,1000,0.50,500,2,290,1.0309,34,5762.00,0.304878
2835,1000,0.50,500,2,290,1.0223,35,3120.00,0.548383
2836,1000,0.50,500,2,290,0.9419,36,5383.00,0.401128
2837,1000,0.50,500,2,290,1.0314,37,5628.00,0.401862
2838,1000,0.50,500,2,290,0.9573,38,5436.00,0.236634
2839,1000,0.50,500,2,290,1.0103,39,5354.00,0.160609
2840,1000,0.50,500,2,290,0.9538,40,5667.00,0.235461
2841,1000,0.50,500,2,290,1.0002,41,5801.00,0.218428
2842,1000,0.50,500,2,290,1.0292,42,5548.00,0.145027
2843,1000,0.50,500,2,290,0.9684,43,5624.00,0.291365
2844,1000,0.50,500,2,290,0.9958,44,5504.00,0.053740
2845,1000,0.50,500,2,290,1.0358,45,288.00,0.150158
2846,1000,0.50,500,2,290,0.9942,46,5801.00,0.173764
2847,1000,0.50,500,2,290,1.0086,47,949.00,0.323844
2848,1000,0.50,500,2,290,0.9604,48,5454.00,0.240410
2849,1000,0.50,500,2,290,0.9589,49,5644.00,0.243577
2850,1000,0.50,500,2,290,0.9825,50,5613.00,0.160319
2851,1000,0.50,500,2,290,1.0070,51,5560.00,0.173154
2852,1000,0.50,500,2,290,0.9930,52,5607.00,0.616808
2853,1000,0.50,500,2,290,0.9917,53,5498.00,0.320500
2854,1000,0.50,500,2,290,1.0452,54,5356.00,0.492929
2855,1000,0.50,500,2,290,0.9693,55,2742.00,0.314203
2856,1000,0.50,500,2,290,1.0118,56,5412.00,0.393250
2857,1000,0.50,500,2,290,0.9311,57,5594.00,0.179019
2858,1000,0.50,500,2,290,1.0289,58,5541.00,0.578318
2859,1000,0.50,500,2,290,1.0040,59,1664.00,0.173878
2860,1000,0.50,500,2,290,0.9285,60,5339.00,0.143320
2861,1000,0.50,500,2,290,0.9568,61,5422.00,0.301597
2862,1000,0.50,500,2,290,0.9753,62,5805.00,0.165254
2863,1000,0.50,500,2,290,0.9913,63,5583.00,0.194640
2864,1000,0.50,500,2,290,1.0190,64,5614.00,0.188133
2865,1000,0.50,500,2,290,1.0291,65,5543.00,0.280938
2866,1000,0.50,500,2,290,1.0336,66,5504.00,0.499663
2867,1000,0.50,500,2,290,1.0158,67,2141.00,0.262079
2868,1000,0.50,500,2,290,0.9792,68,5584.00,0.298734
2869,1000,0.50,500,2,290,1.0086,69,5500.00,0.112195
2870,1000,0.50,500,2,290,0.9465,70,5497.00,0.247470
2871,1000,0.50,500,2,290,1.0009,71,5763.00,0.243978
2872,1000,0.50,500,2,290,1.0096,72,5411.00,0.297335
2873,1000,0.50,500,2,290,1.0008,73,5693.00,0.266029
2874,1000,0.50,500,2,290,0.9498,74,5584.00,0.126125
2875,1000,0.50,500,2,290,1.0057,75,5513.00,0.359347
2876,1000,0.50,500,2,290,0.9956,76,5664.00,0.309260
2877,1000,0.50,500,2,290,1.0081,77,5342.00,0.172034
2878,1000,0.50,500,2,290,0.9795,78,5374.00,0.218191
2879,1000,0.50,500,2,290,1.0023,79,5686.00,0.200027
2880,1000,0.50,500,2,290,1.0386,80,5600.00,0.288230
2881,1000,0.50,500,2,290,1.0151,81,5622.00,0.576521
2882,1000,0.50,500,2,290,0.9447,82,5603.00,0.158734
2883,1000,0.50,500,2,290,1.0017,83,5510.00,0.830884
2884,1000,0.50,500,2,290,1.0035,84,5354.00,0.250474
2885,1000,0.50,500,2,290,1.0383,85,5446.00,0.169166
2886,1000,0.50,500,2,290,0.9979,86,5557.00,0.354742
2887,1000,0.50,500,2,290,1.0146,87,5775.00,0.152643
2888,1000,0.50,500,2,290,0.9855,88,5408.00,0.299191
2889,1000,0.50,500,2,290,1.0757,89,3082.00,0.112422
2890,1000,0.50,500,2,290,0.9773,90,5669.00,0.258952
2891,1000,0.50,500,2,290,1.0188,91,127.00,0.426801
2892,1000,0.50,500,2,290,1.0055,92,5555.00,0.240879
2893,1000,0.50,500,2,290,1.0190,93,2459.00,0.108722
2894,1000,0.50,500,2,290,0.9932,94,5671.00,0.244634
2895,1000,0.50,500,2,290,0.9468,95,5554.00,0.135627
2896,1000,0.50,500,2,290,1.0350,96,5798.00,0.200772
2897,1000,0.50,500,2,290,0.9743,97,5856.00,0.250761
2898,1000,0.50,500,2,290,1.0227,98,5768.00,0.135304
2899,1000,0.50,500,2,290,0.9852,99,737.00,0.302984
2900,1000,0.50,500,2,300,0.9727,0,5658.00,0.325885
2901,1000,0.50,500,2,300,1.0093,1,6021.00,0.295282
2902,1000,0.50,500,2,300,1.0048,2,5655.00,0.121929
2903,1000,0.50,500,2,300,1.0435,3,5770.00,0.449787
2904,1000,0.50,500,2,300,0.9771,4,5367.00,0.193007
2905,1000,0.50,500,2,300,0.9898,5,5994.00,0.262232
2906,1000,0.50,500,2,300,1.0282,6,5817.00,0.335501
2907,1000,0.50,500,2,300,1.0050,7,5729.00,0.555683
2908,1000,0.50,500,2,300,0.9886,8,5683.00,0.200598
2909,1000,0.50,500,2,300,1.0267,9,2239.00,0.255022
2910,1000,0.50,500,2,300,0.9985,10,5697.00,0.156141
2911,1000,0.50,500,2,300,1.0235,11,5830.00,0.179250
2912,1000,0.50,500,2,300,1.0093,12,5873.00,0.198577
2913,1000,0.50,500,2,300,1.0315,13,5750.00,0.368350
2914,1000,0.50,500,2,300,1.0291,14,5916.00,0.120639
2915,1000,0.50,500,2,300,1.0296,15,5536.00,0.651272
2916,1000,0.50,500,2,300,1.0039,16,5660.00,0.175844
2917,1000,0.50,500,2,300,1.0100,17,5658.00,0.266477
2918,1000,0.50,500,2,300,0.9684,18,5757.00,0.170224
2919,1000,0.50,500,2,300,0.9996,19,5760.00,0.229154
2920,1000,0.50,500,2,300,1.0181,20,5493.00,0.225890
2921,1000,0.50,500,2,300,0.9888,21,5726.00,0.448639
2922,1000,0.50,500,2,300,1.0293,22,4477.00,0.187705
2923,1000,0.50,500,2,300,1.0124,23,1187.00,0.314294
2924,1000,0.50,500,2,300,0.9536,24,5729.00,0.159591
2925,1000,0.50,500,2,300,1.0106,25,5835.00,0.481434
2926,1000,0.50,500,2,300,1.0071,26,821.00,0.356433
2927,1000,0.50,500,2,300,0.9882,27,5775.00,0.155585
2928,1000,0.50,500,2,300,0.9990,28,5780.00,0.134351
2929,1000,0.50,500,2,300,1.0495,29,1396.00,0.139537
2930,1000,0.50,500,2,300,0.9541,30,5795.00,0.251372
2931,1000,0.50,500,2,300,1.0135,31,5692.00,0.177728
2932,1000,0.50,500,2,300,1.0092,32,5730.00,0.210604
2933,1000,0.50,500,2,300,0.9668,33,5520.00,0.124860
2934,1000,0.50,500,2,300,0.9558,34,5716.00,0.112075
2935,1000,0.50,500,2,300,1.0262,35,5651.00,0.096493
2936,1000,0.50,500,2,300,0.9473,36,5340.00,0.064954
2937,1000,0.50,500,2,300,0.9838,37,5840.00,0.168389
2938,1000,0.50,500,2,300,1.0091,38,5714.00,0.362326
2939,1000,0.50,500,2,300,0.9533,39,5674.00,0.446877
2940,1000,0.50,500,2,300,0.9943,40,5863.00,0.146460
2941,1000,0.50,500,2,300,0.9611,41,5465.00,0.208313
2942,1000,0.50,500,2,300,1.0239,42,739.00,0.203272
2943,1000,0.50,500,2,300,0.9074,43,5649.00,0.264796
2944,1000,0.50,500,2,300,0.9870,44,5769.00,0.337945
2945,1000,0.50,500,2,300,1.0277,45,5524.00,0.536775
2946,1000,0.50,500,2,300,0.9230,46,5966.00,0.107441
2947,1000,0.50,500,2,300,1.0063,47,5489.00,0.219656
2948,1000,0.50,500,2,300,0.9589,48,5633.00,0.263219
2949,1000,0.50,500,2,300,0.9958,49,5714.00,0.173477
2950,1000,0.50,500,2,300,0.9648,50,5568.00,0.510671
2951,1000,0.50,500,2,300,1.0318,51,4810.00,0.180819
2952,1000,0.50,500,2,300,1.0176,52,4057.00,0.111667
2953,1000,0.50,500,2,300,0.9875,53,5758.00,0.305504
2954,1000,0.50,500,2,300,0.9939,54,5679.00,0.129600
2955,1000,0.50,500,2,300,0.9498,55,5748.00,0.179759
2956,1000,0.50,500,2,300,0.9836,56,6179.00,0.422835
2957,1000,0.50,500,2,300,1.0297,57,5637.00,0.130818
2958,1000,0.50,500,2,300,0.9976,58,5532.00,0.273081
2959,1000,0.50,500,2,300,1.0503,59,1752.00,0.579906
2960,1000,0.50,500,2,300,0.9982,60,428.00,0.217511
2961,1000,0.50,500,2,300,0.9862,61,5692.00,0.201372
2962,1000,0.50,500,2,300,1.0001,62,5687.00,0.327190
2963,1000,0.50,500,2,300,0.9660,63,5929.00,0.134041
2964,1000,0.50,500,2,300,1.0090,64,5709.00,0.105988
2965,1000,0.50,500,2,300,1.0292,65,5824.00,0.134370
2966,1000,0.50,500,2,300,1.0424,66,633.00,0.339123
2967,1000,0.50,500,2,300,1.0049,67,493.00,0.406778
2968,1000,0.50,500,2,300,0.9603,68,5738.00,0.323162
2969,1000,0.50,500,2,300,0.9740,69,1247.00,0.635891
2970,1000,0.50,500,2,300,0.9769,70,5843.00,0.297348
2971,1000,0.50,500,2,300,0.9897,71,5658.00,0.156888
2972,1000,0.50,500,2,300,0.9588,72,5960.00,0.629030
2973,1000,0.50,500,2,300,0.9591,73,5568.00,0.291474
2974,1000,0.50,500,2,300,0.9674,74,5749.00,0.479703
2975,1000,0.50,500,2,300,1.0142,75,5956.00,0.169213
2976,1000,0.50,500,2,300,1.0124,76,5556.00,0.081675
2977,1000,0.50,500,2,300,1.0333,77,5755.00,0.270496
2978,1000,0.50,500,2,300,1.0174,78,1273.00,0.262925
2979,1000,0.50,500,2,300,1.0152,79,5716.00,0.185758
2980,1000,0.50,500,2,300,1.0142,80,402.00,0.299357
2981,1000,0.50,500,2,300,0.9851,81,5627.00,0.225060
2982,1000,0.50,500,2,300,0.9511,82,5617.00,0.326845
2983,1000,0.50,500,2,300,1.0440,83,4847.00,0.456007
2984,1000,0.50,500,2,300,1.0014,84,5993.00,0.421378
2985,1000,0.50,500,2,300,1.0592,85,6051.00,0.125600
2986,1000,0.50,500,2,300,0.9910,86,5945.00,0.145781
2987,1000,0.50,500,2,300,1.0408,87,1156.00,0.326985
2988,1000,0.50,500,2,300,0.9562,88,5855.00,0.488387
2989,1000,0.50,500,2,300,1.0024,89,5834.00,0.152537
2990,1000,0.50,500,2,300,0.9994,90,5868.00,0.398342
2991,1000,0.50,500,2,300,1.0288,91,5772.00,0.472263
2992,1000,0.50,500,2,300,0.9744,92,5753.00,0.165245
2993,1000,0.50,500,2,300,0.9537,93,5676.00,0.107867
2994,1000,0.50,500,2,300,1.0075,94,5702.00,0.227874
2995,1000,0.50,500,2,300,1.0691,95,183.00,0.183647
2996,1000,0.50,500,2,300,1.0118,96,5837.00,0.288405
2997,1000,0.50,500,2,300,0.9804,97,5693.00,0.241301
2998,1000,0.50,500,2,300,1.0014,98,5909.00,0.294750
2999,1000,0.50,500,2,300,0.9579,99,5522.00,0.133627
3000,1000,0.50,500,2,310,0.9838,0,5718.00,0.241475
3001,1000,0.50,500,2,310,0.9331,1,5884.00,0.126480
3002,1000,0.50,500,2,310,1.0144,2,6049.00,0.221850
3003,1000,0.50,500,2,310,0.9975,3,5840.00,0.258873
3004,1000,0.50,500,2,310,0.9785,4,5706.00,0.135720
3005,1000,0.50,500,2,310,1.0170,5,6085.00,0.174732
3006,1000,0.50,500,2,310,0.9822,6,6014.00,0.238714
3007,1000,0.50,500,2,310,1.0250,7,5863.00,0.156759
3008,1000,0.50,500,2,310,0.9906,8,5823.00,0.128944
3009,1000,0.50,500,2,310,0.9848,9,5858.00,0.070700
3010,1000,0.50,500,2,310,1.0211,10,6281.00,0.400953
3011,1000,0.50,500,2,310,0.9487,11,6155.00,0.152614
3012,1000,0.50,500,2,310,1.0316,12,4071.00,0.422944
3013,1000,0.50,500,2,310,1.0161,13,6175.00,0.067870
3014,1000,0.50,500,2,310,0.9550,14,6235.00,0.374525
3015,1000,0.50,500,2,310,0.9611,15,6055.00,0.213284
3016,1000,0.50,500,2,310,1.0483,16,5720.00,0.181523
3017,1000,0.50,500,2,310,1.0035,17,5898.00,0.047821
3018,1000,0.50,500,2,310,1.0258,18,6315.00,0.125422
3019,1000,0.50,500,2,310,0.9664,19,5984.00,0.186170
3020,1000,0.50,500,2,310,0.9835,20,6113.00,0.441778
3021,1000,0.50,500,2,310,0.9845,21,44.00,0.412707
3022,1000,0.50,500,2,310,1.0202,22,821.00,0.197680
3023,1000,0.50,500,2,310,1.0553,23,6215.00,0.319064
3024,1000,0.50,500,2,310,1.0168,24,6093.00,0.227861
3025,1000,0.50,500,2,310,1.0160,25,961.00,0.168643
3026,1000,0.50,500,2,310,0.9855,26,6094.00,0.209397
3027,1000,0.50,500,2,310,0.9715,27,6101.00,0.158930
3028,1000,0.50,500,2,310,1.0216,28,4256.00,0.367938
3029,1000,0.50,500,2,310,0.9818,29,3205.00,0.413628
3030,1000,0.50,500,2,310,1.0016,30,694.00,0.098314
3031,1000,0.50,500,2,310,1.0246,31,5983.00,0.185297
3032,1000,0.50,500,2,310,1.0102,32,6112.00,0.092388
3033,1000,0.50,500,2,310,0.9567,33,5972.00,0.427927
3034,1000,0.50,500,2,310,0.9804,34,5967.00,0.113824
3035,1000,0.50,500,2,310,1.0051,35,6162.00,0.236690
3036,1000,0.50,500,2,310,1.0036,36,6057.00,0.047713
3037,1000,0.50,500,2,310,0.9637,37,6096.00,0.205580
3038,1000,0.50,500,2,310,0.9776,38,6204.00,0.228393
3039,1000,0.50,500,2,310,1.0171,39,6391.00,0.379348
3040,1000,0.50,500,2,310,1.0257,40,607.00,0.147805
3041,1000,0.50,500,2,310,0.9783,41,5950.00,0.190131
3042,1000,0.50,500,2,310,0.9515,42,5957.00,0.128461
3043,1000,0.50,500,2,310,1.0289,43,448.00,0.450889
3044,1000,0.50,500,2,310,0.9275,44,5849.00,0.161295
3045,1000,0.50,500,2,310,0.9602,45,5922.00,0.193124
3046,1000,0.50,500,2,310,1.0043,46,5816.00,0.192876
3047,1000,0.50,500,2,310,1.0409,47,63.00,0.297504
3048,1000,0.50,500,2,310,0.9958,48,5735.00,0.176700
3049,1000,0.50,500,2,310,1.0162,49,5819.00,0.165645
3050,1000,0.50,500,2,310,1.0098,50,5820.00,0.154351
3051,1000,0.50,500,2,310,1.0644,51,5967.00,0.415107
3052,1000,0.50,500,2,310,1.0010,52,5991.00,0.268115
3053,1000,0.50,500,2,310,0.9806,53,5705.00,0.158630
3054,1000,0.50,500,2,310,0.9860,54,5868.00,0.234377
3055,1000,0.50,500,2,310,1.0389,55,5852.00,0.414953
3056,1000,0.50,500,2,310,0.9796,56,5748.00,0.040261
3057,1000,0.50,500,2,310,1.0079,57,6224.00,0.226687
3058,1000,0.50,500,2,310,1.0283,58,671.00,0.303349
3059,1000,0.50,500,2,310,1.0777,59,6170.00,0.318154
3060,1000,0.50,500,2,310,1.0255,60,6145.00,0.269309
3061,1000,0.50,500,2,310,1.0283,61,5935.00,0.245690
3062,1000,0.50,500,2,310,0.9489,62,5828.00,0.115485
3063,1000,0.50,500,2,310,0.9864,63,5857.00,0.360032
3064,1000,0.50,500,2,310,1.0154,64,6020.00,0.159728
3065,1000,0.50,500,2,310,0.9662,65,5924.00,0.147337
3066,1000,0.50,500,2,310,1.0065,66,6157.00,0.409696
3067,1000,0.50,500,2,310,0.9699,67,6266.00,0.235846
3068,1000,0.50,500,2,310,1.0787,68,105.00,0.287541
3069,1000,0.50,500,2,310,1.0163,69,6051.00,0.489792
3070,1000,0.50,500,2,310,1.0427,70,1463.00,0.276906
3071,1000,0.50,500,2,310,1.0278,71,6218.00,0.144132
3072,1000,0.50,500,2,310,0.9679,72,5916.00,0.244135
3073,1000,0.50,500,2,310,0.9986,73,6098.00,0.158299
3074,1000,0.50,500,2,310,1.0131,74,6261.00,0.415876
3075,1000,0.50,500,2,310,0.9839,75,5894.00,0.644919
3076,1000,0.50,500,2,310,0.9589,76,6016.00,0.093877
3077,1000,0.50,500,2,310,0.9845,77,6163.00,0.253217
3078,1000,0.50,500,2,310,1.0201,78,1744.00,0.146542
3079,1000,0.50,500,2,310,0.9607,79,5836.00,0.141531
3080,1000,0.50,500,2,310,1.0212,80,6272.00,0.254294
3081,1000,0.50,500,2,310,1.0273,81,6089.00,0.556328
3082,1000,0.50,500,2,310,0.9196,82,5802.00,0.230251
3083,1000,0.50,500,2,310,0.9858,83,5946.00,0.259982
3084,1000,0.50,500,2,310,1.0157,84,5855.00,0.143922
3085,1000,0.50,500,2,310,1.0230,85,5931.00,0.335922
3086,1000,0.50,500,2,310,1.0638,86,433.00,0.564476
3087,1000,0.50,500,2,310,0.9852,87,5952.00,0.089941
3088,1000,0.50,500,2,310,1.0816,88,5937.00,0.185305
3089,1000,0.50,500,2,310,0.9725,89,5777.00,0.357076
3090,1000,0.50,500,2,310,0.9883,90,5905.00,0.248860
3091,1000,0.50,500,2,310,1.0065,91,5993.00,0.403181
3092,1000,0.50,500,2,310,0.9649,92,5732.00,0.072776
3093,1000,0.50,500,2,310,1.0271,93,846.00,0.326640
3094,1000,0.50,500,2,310,1.1311,94,159.00,0.176047
3095,1000,0.50,500,2,310,1.0093,95,5771.00,0.137198
3096,1000,0.50,500,2,310,0.9985,96,5773.00,0.073522
3097,1000,0.50,500,2,310,1.0054,97,5735.00,0.108914
3098,1000,0.50,500,2,310,1.0104,98,5992.00,0.184332
3099,1000,0.50,500,2,310,1.0662,99,5731.00,0.193549
3100,1000,0.50,500,2,320,1.0377,0,6348.00,0.247956
3101,1000,0.50,500,2,320,1.0123,1,6225.00,0.388799
3102,1000,0.50,500,2,320,0.9932,2,6427.00,0.188666
3103,1000,0.50,500,2,320,1.0568,3,1322.00,0.269381
3104,1000,0.50,500,2,320,0.9572,4,6036.00,0.274246
3105,1000,0.50,500,2,320,1.0550,5,6295.00,0.134975
3106,1000,0.50,500,2,320,1.0289,6,1868.00,0.147861
3107,1000,0.50,500,2,320,1.0389,7,287.00,0.124350
3108,1000,0.50,500,2,320,1.0172,8,6580.00,0.172044
3109,1000,0.50,500,2,320,1.0271,9,6322.00,0.107651
3110,1000,0.50,500,2,320,1.0400,10,1019.00,0.197216
3111,1000,0.50,500,2,320,1.0320,11,6406.00,0.170896
3112,1000,0.50,500,2,320,1.0121,12,1252.00,0.155118
3113,1000,0.50,500,2,320,0.9998,13,5952.00,0.601888
3114,1000,0.50,500,2,320,0.9868,14,6358.00,0.096974
3115,1000,0.50,500,2,320,1.0017,15,6162.00,0.086905
3116,1000,0.50,500,2,320,0.9545,16,6054.00,0.317184
3117,1000,0.50,500,2,320,1.0232,17,4665.00,0.169845
3118,1000,0.50,500,2,320,1.0002,18,6228.00,0.562333
3119,1000,0.50,500,2,320,1.0457,19,122.00,0.343715
3120,1000,0.50,500,2,320,1.0171,20,6279.00,0.355727
3121,1000,0.50,500,2,320,1.0194,21,6545.00,0.159921
3122,1000,0.50,500,2,320,0.9421,22,6102.00,0.059446
3123,1000,0.50,500,2,320,1.0056,23,580.00,0.256923
3124,1000,0.50,500,2,320,0.9750,24,6295.00,0.328764
3125,1000,0.50,500,2,320,1.0748,25,2029.00,0.325875
3126,1000,0.50,500,2,320,1.0330,26,6350.00,0.089523
3127,1000,0.50,500,2,320,0.9861,27,2085.00,0.132202
3128,1000,0.50,500,2,320,1.0325,28,545.00,0.236223
3129,1000,0.50,500,2,320,0.9815,29,6159.00,0.210315
3130,1000,0.50,500,2,320,0.9506,30,6079.00,0.070140
3131,1000,0.50,500,2,320,1.0064,31,2182.00,0.118989
3132,1000,0.50,500,2,320,0.9885,32,6436.00,0.188804
3133,1000,0.50,500,2,320,1.0190,33,1941.00,0.201060
3134,1000,0.50,500,2,320,0.9528,34,6256.00,0.104447
3135,1000,0.50,500,2,320,0.9739,35,6168.00,0.140195
3136,1000,0.50,500,2,320,1.0480,36,1090.00,0.381243
3137,1000,0.50,500,2,320,1.0008,37,1084.00,0.241858
3138,1000,0.50,500,2,320,1.0176,38,3345.00,0.139212
3139,1000,0.50,500,2,320,1.0147,39,1141.00,0.541567
3140,1000,0.50,500,2,320,0.9578,40,6254.00,0.068446
3141,1000,0.50,500,2,320,1.0076,41,6048.00,0.126487
3142,1000,0.50,500,2,320,1.0466,42,4773.00,0.499191
3143,1000,0.50,500,2,320,1.0152,43,1172.00,0.501507
3144,1000,0.50,500,2,320,1.0027,44,6263.00,0.685883
3145,1000,0.50,500,2,320,0.9668,45,6301.00,0.238589
3146,1000,0.50,500,2,320,1.0314,46,3015.00,0.186137
3147,1000,0.50,500,2,320,1.0223,47,6529.00,0.152721
3148,1000,0.50,500,2,320,0.9991,48,6126.00,0.268441
3149,1000,0.50,500,2,320,0.9279,49,6093.00,0.140056
3150,1000,0.50,500,2,320,0.9618,50,6154.00,0.071541
3151,1000,0.50,500,2,320,1.0732,51,1056.00,0.301777
3152,1000,0.50,500,2,320,0.9387,52,5878.00,0.221135
3153,1000,0.50,500,2,320,0.9602,53,5954.00,0.057592
3154,1000,0.50,500,2,320,0.9601,54,6125.00,0.440803
3155,1000,0.50,500,2,320,0.9987,55,5773.00,0.175856
3156,1000,0.50,500,2,320,0.9618,56,2103.00,0.261584
3157,1000,0.50,500,2,320,1.0134,57,6081.00,0.138533
3158,1000,0.50,500,2,320,0.9795,58,6050.00,0.087938
3159,1000,0.50,500,2,320,1.0111,59,1544.00,0.207319
3160,1000,0.50,500,2,320,1.0115,60,6082.00,0.327033
3161,1000,0.50,500,2,320,0.9958,61,6166.00,0.212921
3162,1000,0.50,500,2,320,1.0134,62,6003.00,0.281479
3163,1000,0.50,500,2,320,0.9747,63,6059.00,0.304781
3164,1000,0.50,500,2,320,0.9930,64,5981.00,0.200685
3165,1000,0.50,500,2,320,1.0019,65,6234.00,0.062439
3166,1000,0.50,500,2,320,0.9963,66,6357.00,0.159454
3167,1000,0.50,500,2,320,1.0213,67,5726.00,0.306149
3168,1000,0.50,500,2,320,0.9922,68,6198.00,0.158017
3169,1000,0.50,500,2,320,0.9909,69,6177.00,0.147941
3170,1000,0.50,500,2,320,0.9642,70,6127.00,0.142665
3171,1000,0.50,500,2,320,1.0521,71,2138.00,0.121751
3172,1000,0.50,500,2,320,1.0087,72,968.00,0.223531
3173,1000,0.50,500,2,320,0.9843,73,6084.00,0.238987
3174,1000,0.50,500,2,320,1.0218,74,997.00,0.414385
3175,1000,0.50,500,2,320,0.9587,75,6140.00,0.309812
3176,1000,0.50,500,2,320,0.9767,76,6341.00,0.436912
3177,1000,0.50,500,2,320,1.0606,77,385.00,0.124846
3178,1000,0.50,500,2,320,1.0286,78,6182.00,0.351574
3179,1000,0.50,500,2,320,1.0044,79,6104.00,0.199976
3180,1000,0.50,500,2,320,0.9865,80,6139.00,0.298989
3181,1000,0.50,500,2,320,0.9663,81,5928.00,0.436653
3182,1000,0.50,500,2,320,1.0147,82,6245.00,0.195383
3183,1000,0.50,500,2,320,1.0298,83,6035.00,0.127665
3184,1000,0.50,500,2,320,0.9840,84,6081.00,0.254610
3185,1000,0.50,500,2,320,0.9912,85,5912.00,0.215278
3186,1000,0.50,500,2,320,1.0000,86,5956.00,0.145671
3187,1000,0.50,500,2,320,1.0076,87,6011.00,0.414981
3188,1000,0.50,500,2,320,1.0305,88,6105.00,0.441488
3189,1000,0.50,500,2,320,0.9243,89,5701.00,0.085998
3190,1000,0.50,500,2,320,0.9967,90,5943.00,0.328995
3191,1000,0.50,500,2,320,0.9600,91,5988.00,0.295243
3192,1000,0.50,500,2,320,0.9425,92,5917.00,0.192991
3193,1000,0.50,500,2,320,1.0140,93,1948.00,0.310723
3194,1000,0.50,500,2,320,0.9745,94,6071.00,0.075069
3195,1000,0.50,500,2,320,1.0292,95,433.00,0.135031
3196,1000,0.50,500,2,320,1.0595,96,2024.00,0.128748
3197,1000,0.50,500,2,320,0.9646,97,6246.00,0.219644
3198,1000,0.50,500,2,320,1.0171,98,1268.00,0.198722
3199,1000,0.50,500,2,320,0.9742,99,6120.00,0.201818
3200,1000,0.50,500,2,330,0.9769,0,4385.00,0.321881
3201,1000,0.50,500,2,330,0.9787,1,1056.00,0.205458
3202,1000,0.50,500,2,330,1.0157,2,242.00,0.476500
3203,1000,0.50,500,2,330,0.9936,3,2568.00,0.110462
3204,1000,0.50,500,2,330,0.9978,4,6150.00,0.095965
3205,1000,0.50,500,2,330,1.0206,5,6483.00,0.283046
3206,1000,0.50,500,2,330,1.0391,6,3414.00,0.303709
3207,1000,0.50,500,2,330,0.9797,7,6269.00,0.321478
3208,1000,0.50,500,2,330,1.0100,8,4581.00,0.232289
3209,1000,0.50,500,2,330,1.0267,9,6394.00,0.178923
3210,1000,0.50,500,2,330,0.9822,10,6060.00,0.286430
3211,1000,0.50,500,2,330,1.0298,11,6565.00,0.126953
3212,1000,0.50,500,2,330,1.0049,12,6368.00,0.095331
3213,1000,0.50,500,2,330,1.0085,13,6491.00,0.162213
3214,1000,0.50,500,2,330,0.9812,14,6199.00,0.304460
3215,1000,0.50,500,2,330,1.0052,15,6416.00,0.160238
3216,1000,0.50,500,2,330,0.9835,16,6153.00,0.281639
3217,1000,0.50,500,2,330,0.9837,17,6098.00,0.075830
3218,1000,0.50,500,2,330,0.9952,18,6368.00,0.446120
3219,1000,0.50,500,2,330,1.0374,19,6365.00,0.283867
3220,1000,0.50,500,2,330,1.0476,20,120.00,0.170336
3221,1000,0.50,500,2,330,0.9917,21,5183.00,0.149844
3222,1000,0.50,500,2,330,1.0428,22,6191.00,0.042697
3223,1000,0.50,500,2,330,1.0155,23,6318.00,0.229598
3224,1000,0.50,500,2,330,0.9980,24,4589.00,0.224925
3225,1000,0.50,500,2,330,0.9976,25,6276.00,0.154423
3226,1000,0.50,500,2,330,1.0216,26,4388.00,0.330598
3227,1000,0.50,500,2,330,0.9796,27,6546.00,0.101982
3228,1000,0.50,500,2,330,1.0531,28,4324.00,0.710363
3229,1000,0.50,500,2,330,0.9832,29,6319.00,0.594236
3230,1000,0.50,500,2,330,1.0517,30,6223.00,0.237354
3231,1000,0.50,500,2,330,0.9553,31,6294.00,0.152332
3232,1000,0.50,500,2,330,0.9450,32,6615.00,0.250355
3233,1000,0.50,500,2,330,0.9980,33,6637.00,0.129385
3234,1000,0.50,500,2,330,0.9897,34,713.00,0.312014
3235,1000,0.50,500,2,330,1.0181,35,6659.00,0.175868
3236,1000,0.50,500,2,330,1.0411,36,1287.00,0.093078
3237,1000,0.50,500,2,330,1.0060,37,292.00,0.103788
3238,1000,0.50,500,2,330,0.9766,38,4265.00,0.151192
3239,1000,0.50,500,2,330,0.9546,39,6572.00,0.117645
3240,1000,0.50,500,2,330,1.0116,40,6356.00,0.144744
3241,1000,0.50,500,2,330,0.9887,41,6407.00,0.194886
3242,1000,0.50,500,2,330,0.9972,42,6174.00,0.372163
3243,1000,0.50,500,2,330,1.0045,43,6483.00,0.172065
3244,1000,0.50,500,2,330,0.9858,44,6220.00,0.193732
3245,1000,0.50,500,2,330,1.0146,45,6430.00,0.504139
3246,1000,0.50,500,2,330,0.9919,46,6512.00,0.251888
3247,1000,0.50,500,2,330,1.0447,47,337.00,0.169776
3248,1000,0.50,500,2,330,1.0005,48,6382.00,0.422244
3249,1000,0.50,500,2,330,1.0208,49,6645.00,0.188399
3250,1000,0.50,500,2,330,1.0025,50,6622.00,0.269543
3251,1000,0.50,500,2,330,0.9797,51,6542.00,0.246653
3252,1000,0.50,500,2,330,1.0180,52,871.00,0.108136
3253,1000,0.50,500,2,330,0.9810,53,6735.00,0.140631
3254,1000,0.50,500,2,330,1.0050,54,1128.00,0.600879
3255,1000,0.50,500,2,330,1.0756,55,1257.00,0.134548
3256,1000,0.50,500,2,330,1.0413,56,5333.00,0.369583
3257,1000,0.50,500,2,330,1.0052,57,6404.00,0.468116
3258,1000,0.50,500,2,330,1.0336,58,6631.00,0.074678
3259,1000,0.50,500,2,330,0.9795,59,6545.00,0.183882
3260,1000,0.50,500,2,330,1.0277,60,6569.00,0.501767
3261,1000,0.50,500,2,330,0.9882,61,2483.00,0.579507
3262,1000,0.50,500,2,330,0.9970,62,6594.00,0.183623
3263,1000,0.50,500,2,330,1.0085,63,6560.00,0.118296
3264,1000,0.50,500,2,330,1.0308,64,1494.00,0.536972
3265,1000,0.50,500,2,330,1.0200,65,6405.00,0.215945
3266,1000,0.50,500,2,330,1.0136,66,6480.00,0.246762
3267,1000,0.50,500,2,330,0.9769,67,6479.00,0.358725
3268,1000,0.50,500,2,330,0.9700,68,6641.00,0.083299
3269,1000,0.50,500,2,330,1.0471,69,6606.00,0.101272
3270,1000,0.50,500,2,330,0.9415,70,6409.00,0.300233
3271,1000,0.50,500,2,330,1.0789,71,6515.00,0.176985
3272,1000,0.50,500,2,330,0.9773,72,3633.00,0.246458
3273,1000,0.50,500,2,330,0.9675,73,6429.00,0.110639
3274,1000,0.50,500,2,330,0.9955,74,6350.00,0.250327
3275,1000,0.50,500,2,330,1.0111,75,6214.00,0.099053
3276,1000,0.50,500,2,330,0.9514,76,6290.00,0.125322
3277,1000,0.50,500,2,330,0.9376,77,6407.00,0.164765
3278,1000,0.50,500,2,330,1.0272,78,6405.00,0.155217
3279,1000,0.50,500,2,330,0.9905,79,6416.00,0.067454
3280,1000,0.50,500,2,330,1.0446,80,6503.00,0.164155
3281,1000,0.50,500,2,330,0.9578,81,6510.00,0.432493
3282,1000,0.50,500,2,330,0.9685,82,695.00,0.615618
3283,1000,0.50,500,2,330,1.0234,83,6406.00,0.142968
3284,1000,0.50,500,2,330,1.0552,84,1120.00,0.683736
3285,1000,0.50,500,2,330,1.0469,85,914.00,0.393396
3286,1000,0.50,500,2,330,1.0190,86,6192.00,0.128130
3287,1000,0.50,500,2,330,0.9816,87,6236.00,0.563062
3288,1000,0.50,500,2,330,0.9262,88,6205.00,0.189193
3289,1000,0.50,500,2,330,0.9795,89,6686.00,0.356040
3290,1000,0.50,500,2,330,0.9858,90,194.00,0.273405
3291,1000,0.50,500,2,330,1.0204,91,1398.00,0.284525
3292,1000,0.50,500,2,330,0.9915,92,6587.00,0.132382
3293,1000,0.50,500,2,330,1.0068,93,6583.00,0.520877
3294,1000,0.50,500,2,330,0.9870,94,6564.00,0.319676
3295,1000,0.50,500,2,330,0.9963,95,6419.00,0.214309
3296,1000,0.50,500,2,330,1.0356,96,6359.00,0.625911
3297,1000,0.50,500,2,330,0.9452,97,6418.00,0.028951
3298,1000,0.50,500,2,330,0.9817,98,6267.00,0.092310
3299,1000,0.50,500,2,330,0.9707,99,6434.00,0.287966
3300,1000,0.50,500,2,340,0.9720,0,2742.00,0.693061
3301,1000,0.50,500,2,340,1.0116,1,6673.00,0.441333
3302,1000,0.50,500,2,340,0.9637,2,6708.00,0.196570
3303,1000,0.50,500,2,340,0.9986,3,3669.00,0.494477
3304,1000,0.50,500,2,340,0.9562,4,6697.00,0.364521
3305,1000,0.50,500,2,340,1.0205,5,4278.00,0.306800
3306,1000,0.50,500,2,340,1.0325,6,2302.00,0.480527
3307,1000,0.50,500,2,340,1.0263,7,4197.00,0.509840
3308,1000,0.50,500,2,340,1.0268,8,6693.00,0.092308
3309,1000,0.50,500,2,340,1.0321,9,6628.00,0.207213
3310,1000,0.50,500,2,340,1.0089,10,6534.00,0.135848
3311,1000,0.50,500,2,340,1.0074,11,6659.00,0.237907
3312,1000,0.50,500,2,340,1.0099,12,321.00,0.413794
3313,1000,0.50,500,2,340,1.0236,13,6727.00,0.232358
3314,1000,0.50,500,2,340,0.9373,14,6841.00,0.441418
3315,1000,0.50,500,2,340,1.0570,15,2985.00,0.221172
3316,1000,0.50,500,2,340,1.0201,16,6848.00,0.312790
3317,1000,0.50,500,2,340,1.0247,17,6576.00,0.066317
3318,1000,0.50,500,2,340,1.0046,18,655.00,0.442926
3319,1000,0.50,500,2,340,1.0261,19,7006.00,0.240275
3320,1000,0.50,500,2,340,0.9423,20,6723.00,0.491159
3321,1000,0.50,500,2,340,1.0361,21,583.00,0.316840
3322,1000,0.50,500,2,340,0.9740,22,6735.00,0.137691
3323,1000,0.50,500,2,340,1.0827,23,557.00,0.217310
3324,1000,0.50,500,2,340,0.9958,24,6669.00,0.110389
3325,1000,0.50,500,2,340,0.9820,25,6693.00,0.067455
3326,1000,0.50,500,2,340,0.9703,26,3743.00,0.155985
3327,1000,0.50,500,2,340,0.9917,27,6943.00,0.135022
3328,1000,0.50,500,2,340,0.9743,28,6757.00,0.208327
3329,1000,0.50,500,2,340,0.9751,29,6663.00,0.110495
3330,1000,0.50,500,2,340,0.9816,30,7167.00,0.042593
3331,1000,0.50,500,2,340,1.0534,31,7868.00,0.162132
3332,1000,0.50,500,2,340,0.9798,32,7628.00,0.039040
3333,1000,0.50,500,2,340,0.9961,33,6960.00,0.097345
3334,1000,0.50,500,2,340,1.0101,34,6568.00,0.058940
3335,1000,0.50,500,2,340,0.9924,35,6706.00,0.087720
3336,1000,0.50,500,2,340,1.0613,36,1708.00,0.245546
3337,1000,0.50,500,2,340,0.9068,37,7607.00,0.237199
3338,1000,0.50,500,2,340,1.0373,38,7675.00,0.061753
3339,1000,0.50,500,2,340,0.9472,39,3168.00,0.145773
3340,1000,0.50,500,2,340,1.0133,40,58.00,0.145991
3341,1000,0.50,500,2,340,0.9964,41,6934.00,0.403938
3342,1000,0.50,500,2,340,0.9774,42,6825.00,0.108210
3343,1000,0.50,500,2,340,0.9813,43,6799.00,0.076289
3344,1000,0.50,500,2,340,1.0086,44,6629.00,0.197153
3345,1000,0.50,500,2,340,1.0104,45,6619.00,0.108886
3346,1000,0.50,500,2,340,0.9890,46,2018.00,0.305379
3347,1000,0.50,500,2,340,1.0336,47,6255.00,0.372539
3348,1000,0.50,500,2,340,0.9794,48,6761.00,0.087614
3349,1000,0.50,500,2,340,1.0174,49,2107.00,0.257794
3350,1000,0.50,500,2,340,1.0084,50,6654.00,0.111666
3351,1000,0.50,500,2,340,0.9534,51,6940.00,0.256297
3352,1000,0.50,500,2,340,1.0060,52,6324.00,0.131411
3353,1000,0.50,500,2,340,1.0050,53,6615.00,0.178179
3354,1000,0.50,500,2,340,0.9636,54,6851.00,0.124324
3355,1000,0.50,500,2,340,0.8920,55,6467.00,0.207899
3356,1000,0.50,500,2,340,0.9884,56,6698.00,0.169719
3357,1000,0.50,500,2,340,1.0115,57,6838.00,0.308674
3358,1000,0.50,500,2,340,1.0403,58,6593.00,0.280368
3359,1000,0.50,500,2,340,1.0534,59,996.00,0.048475
3360,1000,0.50,500,2,340,0.9547,60,6770.00,0.264814
3361,1000,0.50,500,2,340,0.9851,61,6448.00,0.217976
3362,1000,0.50,500,2,340,0.9762,62,6735.00,0.249065
3363,1000,0.50,500,2,340,0.9628,63,6704.00,0.178419
3364,1000,0.50,500,2,340,1.0128,64,6757.00,0.127899
3365,1000,0.50,500,2,340,0.9698,65,6240.00,0.009878
3366,1000,0.50,500,2,340,1.0312,66,6927.00,0.386756
3367,1000,0.50,500,2,340,0.9727,67,6512.00,0.127882
3368,1000,0.50,500,2,340,0.9898,68,6934.00,0.307609
3369,1000,0.50,500,2,340,0.9858,69,6920.00,0.240319
3370,1000,0.50,500,2,340,0.9585,70,6609.00,0.143659
3371,1000,0.50,500,2,340,0.9813,71,6641.00,0.205290
3372,1000,0.50,500,2,340,1.0335,72,2148.00,0.179466
3373,1000,0.50,500,2,340,0.9763,73,6383.00,0.225508
3374,1000,0.50,500,2,340,0.9954,74,6644.00,0.129333
3375,1000,0.50,500,2,340,1.0274,75,6491.00,0.127769
3376,1000,0.50,500,2,340,0.9861,76,6704.00,0.194508
3377,1000,0.50,500,2,340,0.9829,77,6459.00,0.291232
3378,1000,0.50,500,2,340,1.0122,78,1139.00,0.234720
3379,1000,0.50,500,2,340,1.0006,79,6661.00,0.276581
3380,1000,0.50,500,2,340,0.9758,80,6524.00,0.670709
3381,1000,0.50,500,2,340,1.0251,81,6421.00,0.132425
3382,1000,0.50,500,2,340,0.9810,82,6413.00,0.199903
3383,1000,0.50,500,2,340,0.9489,83,6516.00,0.115672
3384,1000,0.50,500,2,340,0.9630,84,6633.00,0.239070
3385,1000,0.50,500,2,340,0.9624,85,6664.00,0.248811
3386,1000,0.50,500,2,340,0.9866,86,6838.00,0.516308
3387,1000,0.50,500,2,340,0.9436,87,6852.00,0.194580
3388,1000,0.50,500,2,340,1.0280,88,6704.00,0.672233
3389,1000,0.50,500,2,340,1.0212,89,6350.00,0.087182
3390,1000,0.50,500,2,340,0.9623,90,6672.00,0.088173
3391,1000,0.50,500,2,340,0.9562,91,6949.00,0.103493
3392,1000,0.50,500,2,340,0.9585,92,6671.00,0.229175
3393,1000,0.50,500,2,340,0.9703,93,6776.00,0.128614
3394,1000,0.50,500,2,340,0.9937,94,6625.00,0.346912
3395,1000,0.50,500,2,340,1.0063,95,332.00,0.180086
3396,1000,0.50,500,2,340,0.9920,96,6796.00,0.563637
3397,1000,0.50,500,2,340,1.0202,97,6802.00,0.202208
3398,1000,0.50,500,2,340,0.9769,98,6568.00,0.051688
3399,1000,0.50,500,2,340,1.0137,99,6717.00,0.193294
3400,1000,0.50,500,2,350,1.0171,0,6768.00,0.437006
3401,1000,0.50,500,2,350,0.9980,1,2226.00,0.742114
3402,1000,0.50,500,2,350,1.0247,2,2927.00,0.191783
3403,1000,0.50,500,2,350,1.0037,3,7209.00,0.074467
3404,1000,0.50,500,2,350,1.0241,4,7018.00,0.559734
3405,1000,0.50,500,2,350,0.9981,5,7040.00,0.489276
3406,1000,0.50,500,2,350,1.0375,6,4685.00,0.282274
3407,1000,0.50,500,2,350,0.9682,7,6648.00,0.332251
3408,1000,0.50,500,2,350,0.9564,8,6467.00,0.307070
3409,1000,0.50,500,2,350,1.0213,9,2162.00,0.129309
3410,1000,0.50,500,2,350,0.9767,10,6877.00,0.400730
3411,1000,0.50,500,2,350,1.0302,11,183.00,0.278199
3412,1000,0.50,500,2,350,1.0339,12,129.00,0.192756
3413,1000,0.50,500,2,350,0.9888,13,6698.00,0.110928
3414,1000,0.50,500,2,350,0.9577,14,6399.00,0.029137
3415,1000,0.50,500,2,350,0.9862,15,6555.00,0.142427
3416,1000,0.50,500,2,350,0.9933,16,6767.00,0.434870
3417,1000,0.50,500,2,350,1.0141,17,6801.00,0.186905
3418,1000,0.50,500,2,350,0.9894,18,3902.00,0.303157
3419,1000,0.50,500,2,350,1.0223,19,1114.00,0.265370
3420,1000,0.50,500,2,350,1.0386,20,6710.00,0.271150
3421,1000,0.50,500,2,350,1.0446,21,730.00,0.338793
3422,1000,0.50,500,2,350,0.9866,22,6649.00,0.125840
3423,1000,0.50,500,2,350,0.9573,23,6747.00,0.205856
3424,1000,0.50,500,2,350,0.9600,24,6631.00,0.163283
3425,1000,0.50,500,2,350,0.9919,25,6664.00,0.499263
3426,1000,0.50,500,2,350,1.0498,26,3726.00,0.248606
3427,1000,0.50,500,2,350,1.0434,27,6557.00,0.237126
3428,1000,0.50,500,2,350,0.9959,28,6684.00,0.297274
3429,1000,0.50,500,2,350,1.0526,29,917.00,0.137077
3430,1000,0.50,500,2,350,0.9682,30,6766.00,0.285572
3431,1000,0.50,500,2,350,1.0232,31,5694.00,0.188578
3432,1000,0.50,500,2,350,0.9771,32,6752.00,0.156808
3433,1000,0.50,500,2,350,0.9629,33,6988.00,0.150415
3434,1000,0.50,500,2,350,0.9672,34,6755.00,0.193789
3435,1000,0.50,500,2,350,1.0181,35,299.00,0.219167
3436,1000,0.50,500,2,350,0.9987,36,7307.00,0.314820
3437,1000,0.50,500,2,350,0.9516,37,6774.00,0.553282
3438,1000,0.50,500,2,350,1.0337,38,7024.00,0.311974
3439,1000,0.50,500,2,350,0.9590,39,6808.00,0.102691
3440,1000,0.50,500,2,350,0.9577,40,6689.00,0.403902
3441,1000,0.50,500,2,350,1.0084,41,6777.00,0.075895
3442,1000,0.50,500,2,350,0.9560,42,6762.00,0.125262
3443,1000,0.50,500,2,350,0.9521,43,6772.00,0.175905
3444,1000,0.50,500,2,350,1.0141,44,6621.00,0.114337
3445,1000,0.50,500,2,350,0.9893,45,6553.00,0.241102
3446,1000,0.50,500,2,350,0.9708,46,6803.00,0.088473
3447,1000,0.50,500,2,350,1.0216,47,6878.00,0.556699
3448,1000,0.50,500,2,350,1.0180,48,6678.00,0.449152
3449,1000,0.50,500,2,350,0.9565,49,6679.00,0.212377
3450,1000,0.50,500,2,350,1.0215,50,3352.00,0.296915
3451,1000,0.50,500,2,350,1.0452,51,6946.00,0.339175
3452,1000,0.50,500,2,350,1.0367,52,726.00,0.155903
3453,1000,0.50,500,2,350,1.0109,53,4372.00,0.233359
3454,1000,0.50,500,2,350,1.0011,54,6761.00,0.120069
3455,1000,0.50,500,2,350,1.0086,55,6802.00,0.205523
3456,1000,0.50,500,2,350,1.0429,56,175.00,0.586138
3457,1000,0.50,500,2,350,1.0036,57,6709.00,0.017405
3458,1000,0.50,500,2,350,0.9972,58,6868.00,0.271049
3459,1000,0.50,500,2,350,0.9707,59,6733.00,0.116569
3460,1000,0.50,500,2,350,0.9698,60,6854.00,0.090647
3461,1000,0.50,500,2,350,1.0301,61,6708.00,0.137121
3462,1000,0.50,500,2,350,1.0368,62,6983.00,0.415612
3463,1000,0.50,500,2,350,0.9426,63,276.00,0.292704
3464,1000,0.50,500,2,350,0.9919,64,6842.00,0.490121
3465,1000,0.50,500,2,350,1.0325,65,6898.00,0.256250
3466,1000,0.50,500,2,350,1.0174,66,6862.00,0.115495
3467,1000,0.50,500,2,350,1.0767,67,6950.00,0.100193
3468,1000,0.50,500,2,350,1.0266,68,1523.00,0.151131
3469,1000,0.50,500,2,350,1.0375,69,6873.00,0.270596
3470,1000,0.50,500,2,350,1.0643,70,6884.00,0.208727
3471,1000,0.50,500,2,350,1.0174,71,708.00,0.117302
3472,1000,0.50,500,2,350,1.0625,72,5804.00,0.156010
3473,1000,0.50,500,2,350,1.0455,73,930.00,0.684119
3474,1000,0.50,500,2,350,0.9771,74,6496.00,0.138741
3475,1000,0.50,500,2,350,1.0123,75,4192.00,0.245227
3476,1000,0.50,500,2,350,1.0207,76,6909.00,0.235733
3477,1000,0.50,500,2,350,1.0147,77,5025.00,0.121373
3478,1000,0.50,500,2,350,1.0333,78,7000.00,0.311186
3479,1000,0.50,500,2,350,1.0306,79,1333.00,0.158015
3480,1000,0.50,500,2,350,1.0158,80,6589.00,0.239930
3481,1000,0.50,500,2,350,1.0014,81,6712.00,0.110585
3482,1000,0.50,500,2,350,0.9523,82,7000.00,0.220741
3483,1000,0.50,500,2,350,0.9704,83,7041.00,0.183123
3484,1000,0.50,500,2,350,1.0111,84,6759.00,0.354257
3485,1000,0.50,500,2,350,0.9729,85,3446.00,0.236263
3486,1000,0.50,500,2,350,1.0293,86,6796.00,0.070685
3487,1000,0.50,500,2,350,1.0344,87,517.00,0.197166
3488,1000,0.50,500,2,350,0.9468,88,6782.00,0.390161
3489,1000,0.50,500,2,350,1.0015,89,6672.00,0.246477
3490,1000,0.50,500,2,350,1.0005,90,6835.00,0.257075
3491,1000,0.50,500,2,350,1.0210,91,3280.00,0.333669
3492,1000,0.50,500,2,350,1.0213,92,1489.00,0.256160
3493,1000,0.50,500,2,350,0.9781,93,6760.00,0.556689
3494,1000,0.50,500,2,350,0.9410,94,6975.00,0.190491
3495,1000,0.50,500,2,350,0.9771,95,6830.00,0.076230
3496,1000,0.50,500,2,350,0.9841,96,6938.00,0.142115
3497,1000,0.50,500,2,350,0.9860,97,6973.00,0.154109
3498,1000,0.50,500,2,350,0.9351,98,7010.00,0.228143
3499,1000,0.50,500,2,350,1.0011,99,1799.00,0.227100
3500,1000,0.50,500,2,360,0.9486,0,7353.00,0.270689
3501,1000,0.50,500,2,360,1.0115,1,179.00,0.177214
3502,1000,0.50,500,2,360,0.9955,2,810.00,0.239423
3503,1000,0.50,500,2,360,1.0464,3,2575.00,0.300173
3504,1000,0.50,500,2,360,1.0015,4,6758.00,0.211191
3505,1000,0.50,500,2,360,1.0524,5,1252.00,0.236864
3506,1000,0.50,500,2,360,1.0204,6,3666.00,0.127067
3507,1000,0.50,500,2,360,0.9646,7,7357.00,0.243417
3508,1000,0.50,500,2,360,0.9908,8,6902.00,0.065681
3509,1000,0.50,500,2,360,1.0098,9,7156.00,0.244837
3510,1000,0.50,500,2,360,1.0052,10,7051.00,0.199749
3511,1000,0.50,500,2,360,1.0470,11,440.00,0.169988
3512,1000,0.50,500,2,360,0.9857,12,6943.00,0.285581
3513,1000,0.50,500,2,360,0.9990,13,6987.00,0.234255
3514,1000,0.50,500,2,360,1.0010,14,6963.00,0.345676
3515,1000,0.50,500,2,360,0.9658,15,7053.00,0.109124
3516,1000,0.50,500,2,360,0.9953,16,1499.00,0.466916
3517,1000,0.50,500,2,360,1.0321,17,7096.00,0.174269
3518,1000,0.50,500,2,360,0.9301,18,797.00,0.238578
3519,1000,0.50,500,2,360,1.0478,19,1948.00,0.512653
3520,1000,0.50,500,2,360,1.0119,20,6800.00,0.129792
3521,1000,0.50,500,2,360,0.9702,21,7100.00,0.138413
3522,1000,0.50,500,2,360,0.9836,22,7085.00,0.542893
3523,1000,0.50,500,2,360,1.0137,23,7292.00,0.097695
3524,1000,0.50,500,2,360,1.0177,24,7082.00,0.425051
3525,1000,0.50,500,2,360,1.0198,25,2389.00,0.214618
3526,1000,0.50,500,2,360,0.9520,26,7113.00,0.066431
3527,1000,0.50,500,2,360,0.9853,27,7165.00,0.089033
3528,1000,0.50,500,2,360,0.9828,28,7104.00,0.284668
3529,1000,0.50,500,2,360,1.0111,29,6771.00,0.220081
3530,1000,0.50,500,2,360,0.9860,30,6788.00,0.232855
3531,1000,0.50,500,2,360,1.0329,31,1211.00,0.205684
3532,1000,0.50,500,2,360,0.9525,32,6841.00,0.090127
3533,1000,0.50,500,2,360,1.0160,33,6691.00,0.130824
3534,1000,0.50,500,2,360,1.0208,34,7086.00,0.047227
3535,1000,0.50,500,2,360,1.0734,35,1136.00,0.087827
3536,1000,0.50,500,2,360,0.9334,36,7064.00,0.291485
3537,1000,0.50,500,2,360,1.0264,37,7103.00,0.221096
3538,1000,0.50,500,2,360,0.9534,38,7005.00,0.340551
3539,1000,0.50,500,2,360,0.9994,39,7143.00,0.231488
3540,1000,0.50,500,2,360,0.9734,40,6963.00,0.186702
3541,1000,0.50,500,2,360,0.9738,41,5602.00,0.212861
3542,1000,0.50,500,2,360,1.0084,42,1385.00,0.224419
3543,1000,0.50,500,2,360,0.9741,43,7215.00,0.220057
3544,1000,0.50,500,2,360,0.9669,44,7003.00,0.289130
3545,1000,0.50,500,2,360,0.9828,45,7061.00,0.168535
3546,1000,0.50,500,2,360,1.0175,46,6821.00,0.108687
3547,1000,0.50,500,2,360,1.0455,47,381.00,0.232264
3548,1000,0.50,500,2,360,0.9786,48,7082.00,0.251468
3549,1000,0.50,500,2,360,0.9619,49,6927.00,0.121808
3550,1000,0.50,500,2,360,1.0074,50,7231.00,0.428409
3551,1000,0.50,500,2,360,1.0190,51,7184.00,0.218169
3552,1000,0.50,500,2,360,0.9857,52,6943.00,0.221669
3553,1000,0.50,500,2,360,1.0019,53,5185.00,0.189922
3554,1000,0.50,500,2,360,0.9963,54,6999.00,0.235231
3555,1000,0.50,500,2,360,0.9912,55,7081.00,0.421251
3556,1000,0.50,500,2,360,0.9969,56,6951.00,0.285638
3557,1000,0.50,500,2,360,0.9360,57,7011.00,0.098762
3558,1000,0.50,500,2,360,0.9937,58,7130.00,0.388260
3559,1000,0.50,500,2,360,1.0373,59,3137.00,0.254506
3560,1000,0.50,500,2,360,1.0014,60,7174.00,0.443888
3561,1000,0.50,500,2,360,0.9842,61,6923.00,0.159458
3562,1000,0.50,500,2,360,0.9294,62,6946.00,0.690481
3563,1000,0.50,500,2,360,1.0225,63,3420.00,0.162096
3564,1000,0.50,500,2,360,0.9704,64,6954.00,0.082576
3565,1000,0.50,500,2,360,1.0407,65,2344.00,0.609347
3566,1000,0.50,500,2,360,0.9583,66,7086.00,0.085853
3567,1000,0.50,500,2,360,0.9569,67,7033.00,0.222483
3568,1000,0.50,500,2,360,0.9908,68,7187.00,0.208214
3569,1000,0.50,500,2,360,1.0133,69,6984.00,0.082882
3570,1000,0.50,500,2,360,1.0227,70,7080.00,0.050087
3571,1000,0.50,500,2,360,1.0040,71,6773.00,0.280862
3572,1000,0.50,500,2,360,0.9780,72,6918.00,0.339560
3573,1000,0.50,500,2,360,1.0000,73,7292.00,0.215429
3574,1000,0.50,500,2,360,1.0447,74,7177.00,0.512849
3575,1000,0.50,500,2,360,0.9693,75,6926.00,0.044752
3576,1000,0.50,500,2,360,1.0218,76,1018.00,0.169364
3577,1000,0.50,500,2,360,1.0458,77,7070.00,0.327082
3578,1000,0.50,500,2,360,0.9300,78,6852.00,0.144866
3579,1000,0.50,500,2,360,1.0030,79,6738.00,0.115716
3580,1000,0.50,500,2,360,1.0001,80,6946.00,0.345846
3581,1000,0.50,500,2,360,1.0215,81,6780.00,0.090232
3582,1000,0.50,500,2,360,1.0237,82,672.00,0.127718
3583,1000,0.50,500,2,360,1.0551,83,7458.00,0.158379
3584,1000,0.50,500,2,360,0.9726,84,7095.00,0.238906
3585,1000,0.50,500,2,360,0.9609,85,7024.00,0.201392
3586,1000,0.50,500,2,360,1.0669,86,4727.00,0.423518
3587,1000,0.50,500,2,360,0.9762,87,7194.00,0.191956
3588,1000,0.50,500,2,360,0.9555,88,7014.00,0.194297
3589,1000,0.50,500,2,360,1.0230,89,4634.00,0.111431
3590,1000,0.50,500,2,360,1.0532,90,1191.00,0.188289
3591,1000,0.50,500,2,360,0.9819,91,1162.00,0.679522
3592,1000,0.50,500,2,360,0.9817,92,6979.00,0.185025
3593,1000,0.50,500,2,360,0.9423,93,7230.00,0.088955
3594,1000,0.50,500,2,360,0.9824,94,4171.00,0.148302
3595,1000,0.50,500,2,360,1.0014,95,7009.00,0.416785
3596,1000,0.50,500,2,360,1.0380,96,357.00,0.182994
3597,1000,0.50,500,2,360,1.0290,97,7196.00,0.592402
3598,1000,0.50,500,2,360,0.9972,98,7058.00,0.378931
3599,1000,0.50,500,2,360,1.0257,99,7364.00,0.275969
3600,1000,0.50,500,2,370,1.0493,0,2641.00,0.361771
3601,1000,0.50,500,2,370,1.0125,1,2525.00,0.219891
3602,1000,0.50,500,2,370,1.0172,2,7121.00,0.339524
3603,1000,0.50,500,2,370,0.9533,3,7401.00,0.274600
3604,1000,0.50,500,2,370,0.9470,4,7147.00,0.358074
3605,1000,0.50,500,2,370,1.0070,5,7160.00,0.214696
3606,1000,0.50,500,2,370,0.9285,6,7230.00,0.022130
3607,1000,0.50,500,2,370,0.9740,7,7245.00,0.241636
3608,1000,0.50,500,2,370,1.0053,8,7191.00,0.206165
3609,1000,0.50,500,2,370,1.0132,9,153.00,0.453542
3610,1000,0.50,500,2,370,0.9669,10,7481.00,0.164680
3611,1000,0.50,500,2,370,0.9545,11,7325.00,0.126487
3612,1000,0.50,500,2,370,1.0204,12,7196.00,0.214137
3613,1000,0.50,500,2,370,0.9697,13,7188.00,0.292817
3614,1000,0.50,500,2,370,0.9889,14,7245.00,0.240972
3615,1000,0.50,500,2,370,1.0419,15,617.00,0.262001
3616,1000,0.50,500,2,370,0.9853,16,7216.00,0.295985
3617,1000,0.50,500,2,370,1.0016,17,7100.00,0.290431
3618,1000,0.50,500,2,370,0.9956,18,5647.00,0.177997
3619,1000,0.50,500,2,370,1.0149,19,2214.00,0.273148
3620,1000,0.50,500,2,370,0.9824,20,7506.00,0.421183
3621,1000,0.50,500,2,370,1.0379,21,295.00,0.263640
3622,1000,0.50,500,2,370,1.0758,22,2266.00,0.473334
3623,1000,0.50,500,2,370,0.9851,23,7570.00,0.151186
3624,1000,0.50,500,2,370,1.0104,24,7279.00,0.279783
3625,1000,0.50,500,2,370,1.0129,25,4883.00,0.109003
3626,1000,0.50,500,2,370,0.9697,26,2615.00,0.128943
3627,1000,0.50,500,2,370,0.9798,27,7030.00,0.187308
3628,1000,0.50,500,2,370,1.0225,28,3783.00,0.166577
3629,1000,0.50,500,2,370,1.0110,29,7029.00,0.410670
3630,1000,0.50,500,2,370,1.0518,30,6915.00,0.331162
3631,1000,0.50,500,2,370,0.9918,31,7241.00,0.241106
3632,1000,0.50,500,2,370,1.0280,32,7085.00,0.268800
3633,1000,0.50,500,2,370,0.9870,33,7026.00,0.132476
3634,1000,0.50,500,2,370,0.9434,34,6828.00,0.077623
3635,1000,0.50,500,2,370,0.9565,35,6793.00,0.096352
3636,1000,0.50,500,2,370,0.9447,36,6840.00,0.286387
3637,1000,0.50,500,2,370,1.0306,37,649.00,0.344520
3638,1000,0.50,500,2,370,1.0067,38,1769.00,0.216770
3639,1000,0.50,500,2,370,1.0213,39,7006.00,0.147925
3640,1000,0.50,500,2,370,1.0224,40,381.00,0.408456
3641,1000,0.50,500,2,370,0.9853,41,7197.00,0.228557
3642,1000,0.50,500,2,370,1.0420,42,3793.00,0.417231
3643,1000,0.50,500,2,370,0.9702,43,6980.00,0.381359
3644,1000,0.50,500,2,370,0.9731,44,7130.00,0.236253
3645,1000,0.50,500,2,370,0.9558,45,6878.00,0.106571
3646,1000,0.50,500,2,370,0.9714,46,6713.00,0.132308
3647,1000,0.50,500,2,370,1.0443,47,6931.00,0.098806
3648,1000,0.50,500,2,370,0.9745,48,6929.00,0.167397
3649,1000,0.50,500,2,370,1.0343,49,3960.00,0.477131
3650,1000,0.50,500,2,370,0.9384,50,6890.00,0.136113
3651,1000,0.50,500,2,370,0.9857,51,6853.00,0.163551
3652,1000,0.50,500,2,370,1.0106,52,5510.00,0.200425
3653,1000,0.50,500,2,370,0.9274,53,6995.00,0.240335
3654,1000,0.50,500,2,370,0.9748,54,7133.00,0.186901
3655,1000,0.50,500,2,370,0.9804,55,7107.00,0.110495
3656,1000,0.50,500,2,370,1.0205,56,1836.00,0.130472
3657,1000,0.50,500,2,370,0.9645,57,7112.00,0.313536
3658,1000,0.50,500,2,370,1.0076,58,1599.00,0.200747
3659,1000,0.50,500,2,370,1.0214,59,6953.00,0.240281
3660,1000,0.50,500,2,370,0.9601,60,6828.00,0.427806
3661,1000,0.50,500,2,370,0.9678,61,7012.00,0.069430
3662,1000,0.50,500,2,370,0.9805,62,7187.00,0.117716
3663,1000,0.50,500,2,370,1.0613,63,1642.00,0.229646
3664,1000,0.50,500,2,370,0.9883,64,6975.00,0.120679
3665,1000,0.50,500,2,370,0.9584,65,6875.00,0.201988
3666,1000,0.50,500,2,370,1.0296,66,7275.00,0.512828
3667,1000,0.50,500,2,370,0.9676,67,6838.00,0.072167
3668,1000,0.50,500,2,370,1.0254,68,7113.00,0.195750
3669,1000,0.50,500,2,370,0.9901,69,7028.00,0.299319
3670,1000,0.50,500,2,370,1.0006,70,181.00,0.208148
3671,1000,0.50,500,2,370,0.9499,71,6857.00,0.129041
3672,1000,0.50,500,2,370,0.9528,72,6794.00,0.119647
3673,1000,0.50,500,2,370,0.9926,73,6831.00,0.194901
3674,1000,0.50,500,2,370,1.0344,74,1034.00,0.297739
3675,1000,0.50,500,2,370,0.9558,75,6922.00,0.199959
3676,1000,0.50,500,2,370,1.0475,76,4304.00,0.128523
3677,1000,0.50,500,2,370,1.0120,77,7025.00,0.488677
3678,1000,0.50,500,2,370,0.9729,78,7150.00,0.296201
3679,1000,0.50,500,2,370,1.0278,79,3317.00,0.301055
3680,1000,0.50,500,2,370,0.9938,80,6983.00,0.178380
3681,1000,0.50,500,2,370,0.9913,81,1209.00,0.273139
3682,1000,0.50,500,2,370,0.9521,82,1753.00,0.256171
3683,1000,0.50,500,2,370,0.9864,83,7046.00,0.177918
3684,1000,0.50,500,2,370,0.9989,84,7060.00,0.162097
3685,1000,0.50,500,2,370,1.0133,85,7257.00,0.269724
3686,1000,0.50,500,2,370,0.9868,86,7359.00,0.325028
3687,1000,0.50,500,2,370,0.9980,87,5447.00,0.212020
3688,1000,0.50,500,2,370,0.9872,88,6680.00,0.478139
3689,1000,0.50,500,2,370,0.9645,89,6852.00,0.222254
3690,1000,0.50,500,2,370,0.9889,90,7004.00,0.227612
3691,1000,0.50,500,2,370,1.0038,91,6900.00,0.194274
3692,1000,0.50,500,2,370,0.9877,92,6926.00,0.133633
3693,1000,0.50,500,2,370,1.0290,93,6946.00,0.173966
3694,1000,0.50,500,2,370,1.0861,94,1160.00,0.082161
3695,1000,0.50,500,2,370,0.9724,95,7004.00,0.159850
3696,1000,0.50,500,2,370,0.9638,96,6999.00,0.305773
3697,1000,0.50,500,2,370,0.9876,97,7071.00,0.105157
3698,1000,0.50,500,2,370,1.0075,98,6956.00,0.265383
3699,1000,0.50,500,2,370,0.9768,99,6980.00,0.393526
3700,1000,0.50,500,2,380,1.0117,0,7230.00,0.150949
3701,1000,0.50,500,2,380,1.0059,1,7373.00,0.183696
3702,1000,0.50,500,2,380,1.0337,2,5049.00,0.242927
3703,1000,0.50,500,2,380,0.9679,3,7726.00,0.652069
3704,1000,0.50,500,2,380,1.0079,4,2106.00,0.195893
3705,1000,0.50,500,2,380,0.9915,5,7329.00,0.122695
3706,1000,0.50,500,2,380,1.0001,6,7598.00,0.029845
3707,1000,0.50,500,2,380,0.9831,7,7441.00,0.243299
3708,1000,0.50,500,2,380,1.0373,8,1834.00,0.362244
3709,1000,0.50,500,2,380,0.9866,9,7631.00,0.282352
3710,1000,0.50,500,2,380,1.0320,10,107.00,0.205157
3711,1000,0.50,500,2,380,0.9781,11,6014.00,0.186594
3712,1000,0.50,500,2,380,0.9350,12,7220.00,0.279869
3713,1000,0.50,500,2,380,1.0063,13,7453.00,0.427038
3714,1000,0.50,500,2,380,0.9588,14,7335.00,0.197467
3715,1000,0.50,500,2,380,0.9689,15,2839.00,0.333108
3716,1000,0.50,500,2,380,0.9616,16,7540.00,0.032502
3717,1000,0.50,500,2,380,0.9728,17,7596.00,0.295642
3718,1000,0.50,500,2,380,1.0432,18,7375.00,0.084854
3719,1000,0.50,500,2,380,1.0229,19,7764.00,0.487044
3720,1000,0.50,500,2,380,1.0356,20,7457.00,0.130761
3721,1000,0.50,500,2,380,0.9965,21,7350.00,0.155651
3722,1000,0.50,500,2,380,0.9974,22,7235.00,0.040391
3723,1000,0.50,500,2,380,0.9841,23,7493.00,0.563902
3724,1000,0.50,500,2,380,1.0400,24,7678.00,0.093649
3725,1000,0.50,500,2,380,0.9996,25,3181.00,0.224207
3726,1000,0.50,500,2,380,0.9975,26,7719.00,0.242417
3727,1000,0.50,500,2,380,1.0036,27,3466.00,0.219562
3728,1000,0.50,500,2,380,0.9714,28,7757.00,0.234896
3729,1000,0.50,500,2,380,0.9853,29,5901.00,0.257750
3730,1000,0.50,500,2,380,1.0479,30,7442.00,0.352200
3731,1000,0.50,500,2,380,0.9964,31,7724.00,0.267079
3732,1000,0.50,500,2,380,1.0485,32,7686.00,0.311182
3733,1000,0.50,500,2,380,0.9847,33,7413.00,0.191872
3734,1000,0.50,500,2,380,0.9989,34,7281.00,0.125208
3735,1000,0.50,500,2,380,0.9883,35,7356.00,0.243652
3736,1000,0.50,500,2,380,1.0283,36,7492.00,0.308230
3737,1000,0.50,500,2,380,1.0383,37,946.00,0.292078
3738,1000,0.50,500,2,380,0.9701,38,7405.00,0.348337
3739,1000,0.50,500,2,380,0.9127,39,7327.00,0.300783
3740,1000,0.50,500,2,380,0.9959,40,7226.00,0.384312
3741,1000,0.50,500,2,380,0.9908,41,7422.00,0.187619
3742,1000,0.50,500,2,380,0.9693,42,7411.00,0.105788
3743,1000,0.50,500,2,380,0.9960,43,39.00,0.222969
3744,1000,0.50,500,2,380,0.9779,44,7432.00,0.356740
3745,1000,0.50,500,2,380,1.0022,45,7354.00,0.295811
3746,1000,0.50,500,2,380,0.9329,46,7626.00,0.134159
3747,1000,0.50,500,2,380,0.9574,47,7317.00,0.239555
3748,1000,0.50,500,2,380,0.9850,48,7429.00,0.156268
3749,1000,0.50,500,2,380,1.0021,49,7623.00,0.314133
3750,1000,0.50,500,2,380,0.9692,50,7506.00,0.422005
3751,1000,0.50,500,2,380,1.0391,51,5080.00,0.200955
3752,1000,0.50,500,2,380,0.9700,52,7224.00,0.495282
3753,1000,0.50,500,2,380,0.9830,53,7121.00,0.213545
3754,1000,0.50,500,2,380,0.9815,54,6977.00,0.199681
3755,1000,0.50,500,2,380,0.9756,55,7024.00,0.240960
3756,1000,0.50,500,2,380,0.9974,56,7151.00,0.175677
3757,1000,0.50,500,2,380,0.9910,57,7233.00,0.506415
3758,1000,0.50,500,2,380,1.0019,58,5964.00,0.352020
3759,1000,0.50,500,2,380,0.9623,59,7220.00,0.173579
3760,1000,0.50,500,2,380,1.0019,60,6923.00,0.148345
3761,1000,0.50,500,2,380,1.0275,61,7259.00,0.102428
3762,1000,0.50,500,2,380,0.9953,62,7243.00,0.498933
3763,1000,0.50,500,2,380,0.9798,63,7651.00,0.341965
3764,1000,0.50,500,2,380,0.9965,64,122.00,0.201298
3765,1000,0.50,500,2,380,1.0010,65,7354.00,0.306000
3766,1000,0.50,500,2,380,1.0061,66,807.00,0.581184
3767,1000,0.50,500,2,380,0.9909,67,7600.00,0.209004
3768,1000,0.50,500,2,380,1.0411,68,7568.00,0.115462
3769,1000,0.50,500,2,380,1.0435,69,3898.00,0.384486
3770,1000,0.50,500,2,380,1.0148,70,1763.00,0.222393
3771,1000,0.50,500,2,380,0.9632,71,7591.00,0.224368
3772,1000,0.50,500,2,380,1.0138,72,902.00,0.308814
3773,1000,0.50,500,2,380,1.0384,73,5276.00,0.260297
3774,1000,0.50,500,2,380,1.0311,74,7334.00,0.476931
3775,1000,0.50,500,2,380,0.9512,75,7430.00,0.167836
3776,1000,0.50,500,2,380,0.9775,76,7379.00,0.096368
3777,1000,0.50,500,2,380,0.9317,77,7568.00,0.741580
3778,1000,0.50,500,2,380,0.9883,78,7446.00,0.170705
3779,1000,0.50,500,2,380,0.9751,79,1448.00,0.336005
3780,1000,0.50,500,2,380,0.9998,80,6230.00,0.164391
3781,1000,0.50,500,2,380,1.0174,81,47.00,0.237015
3782,1000,0.50,500,2,380,1.0005,82,4530.00,0.326866
3783,1000,0.50,500,2,380,0.9875,83,7990.00,0.163150
3784,1000,0.50,500,2,380,0.9365,84,7257.00,0.156600
3785,1000,0.50,500,2,380,1.0018,85,7151.00,0.275853
3786,1000,0.50,500,2,380,1.0132,86,7271.00,0.170572
3787,1000,0.50,500,2,380,1.0334,87,7081.00,0.210344
3788,1000,0.50,500,2,380,0.9988,88,7671.00,0.313052
3789,1000,0.50,500,2,380,0.9587,89,7417.00,0.187846
3790,1000,0.50,500,2,380,0.9878,90,7787.00,0.299490
3791,1000,0.50,500,2,380,1.0076,91,7933.00,0.248377
3792,1000,0.50,500,2,380,0.9423,92,7574.00,0.061015
3793,1000,0.50,500,2,380,0.9994,93,7610.00,0.225342
3794,1000,0.50,500,2,380,0.9711,94,7746.00,0.045115
3795,1000,0.50,500,2,380,0.9754,95,7489.00,0.145967
3796,1000,0.50,500,2,380,0.9854,96,781.00,0.322444
3797,1000,0.50,500,2,380,0.9506,97,7717.00,0.344313
3798,1000,0.50,500,2,380,0.9661,98,7699.00,0.162827
3799,1000,0.50,500,2,380,1.0131,99,7804.00,0.284596
3800,1000,0.50,500,2,390,0.9993,0,7692.00,0.187874
3801,1000,0.50,500,2,390,0.9885,1,1032.00,0.585184
3802,1000,0.50,500,2,390,1.0481,2,8030.00,0.268042
3803,1000,0.50,500,2,390,0.9688,3,7644.00,0.388036
3804,1000,0.50,500,2,390,1.0046,4,7377.00,0.534130
3805,1000,0.50,500,2,390,0.9551,5,7502.00,0.147461
3806,1000,0.50,500,2,390,1.0048,6,5052.00,0.153798
3807,1000,0.50,500,2,390,1.0086,7,7571.00,0.226746
3808,1000,0.50,500,2,390,1.0460,8,7328.00,0.143010
3809,1000,0.50,500,2,390,0.9986,9,3293.00,0.458712
3810,1000,0.50,500,2,390,1.0182,10,7576.00,0.218972
3811,1000,0.50,500,2,390,1.0036,11,7446.00,0.237037
3812,1000,0.50,500,2,390,1.0373,12,2379.00,0.426771
3813,1000,0.50,500,2,390,0.9578,13,7549.00,0.087367
3814,1000,0.50,500,2,390,0.9867,14,7458.00,0.090825
3815,1000,0.50,500,2,390,1.0158,15,7618.00,0.293013
3816,1000,0.50,500,2,390,0.9855,16,7700.00,0.060476
3817,1000,0.50,500,2,390,0.9450,17,7805.00,0.152124
3818,1000,0.50,500,2,390,1.0219,18,5741.00,0.387961
3819,1000,0.50,500,2,390,0.9944,19,7898.00,0.090799
3820,1000,0.50,500,2,390,0.9461,20,7912.00,0.269913
3821,1000,0.50,500,2,390,1.0166,21,7877.00,0.168829
3822,1000,0.50,500,2,390,1.0314,22,2040.00,0.294860
3823,1000,0.50,500,2,390,0.9928,23,7586.00,0.250584
3824,1000,0.50,500,2,390,0.9993,24,7833.00,0.182159
3825,1000,0.50,500,2,390,1.0002,25,7580.00,0.358555
3826,1000,0.50,500,2,390,0.9854,26,7636.00,0.078206
3827,1000,0.50,500,2,390,1.0054,27,7884.00,0.233749
3828,1000,0.50,500,2,390,0.9963,28,7515.00,0.394566
3829,1000,0.50,500,2,390,0.9369,29,7700.00,0.172967
3830,1000,0.50,500,2,390,1.0076,30,7609.00,0.102004
3831,1000,0.50,500,2,390,1.0140,31,7678.00,0.299744
3832,1000,0.50,500,2,390,0.9384,32,7674.00,0.138930
3833,1000,0.50,500,2,390,1.0581,33,6407.00,0.206336
3834,1000,0.50,500,2,390,0.9846,34,7604.00,0.189477
3835,1000,0.50,500,2,390,0.9999,35,2186.00,0.359129
3836,1000,0.50,500,2,390,1.0459,36,7681.00,0.332373
3837,1000,0.50,500,2,390,0.9759,37,7909.00,0.122341
3838,1000,0.50,500,2,390,1.0070,38,7873.00,0.279430
3839,1000,0.50,500,2,390,1.0132,39,7656.00,0.244931
3840,1000,0.50,500,2,390,0.9840,40,7421.00,0.246081
3841,1000,0.50,500,2,390,0.9859,41,7501.00,0.271221
3842,1000,0.50,500,2,390,1.0050,42,7205.00,0.306924
3843,1000,0.50,500,2,390,0.9819,43,7485.00,0.100960
3844,1000,0.50,500,2,390,0.9521,44,7293.00,0.128749
3845,1000,0.50,500,2,390,0.9869,45,7587.00,0.189920
3846,1000,0.50,500,2,390,0.9842,46,7330.00,0.233816
3847,1000,0.50,500,2,390,0.9726,47,7212.00,0.154367
3848,1000,0.50,500,2,390,1.0141,48,7339.00,0.255465
3849,1000,0.50,500,2,390,1.0520,49,7433.00,0.148328
3850,1000,0.50,500,2,390,0.9915,50,7545.00,0.085898
3851,1000,0.50,500,2,390,1.0093,51,7470.00,0.091323
3852,1000,0.50,500,2,390,1.0034,52,7489.00,0.047419
3853,1000,0.50,500,2,390,1.0177,53,1099.00,0.208488
3854,1000,0.50,500,2,390,0.9936,54,8129.00,0.289860
3855,1000,0.50,500,2,390,1.0049,55,7986.00,0.249883
3856,1000,0.50,500,2,390,1.0049,56,7724.00,0.289193
3857,1000,0.50,500,2,390,0.9904,57,7712.00,0.136636
3858,1000,0.50,500,2,390,0.9805,58,7520.00,0.095093
3859,1000,0.50,500,2,390,1.0585,59,7551.00,0.341425
3860,1000,0.50,500,2,390,0.9973,60,7507.00,0.285648
3861,1000,0.50,500,2,390,0.9824,61,7574.00,0.105405
3862,1000,0.50,500,2,390,1.0161,62,7816.00,0.176601
3863,1000,0.50,500,2,390,1.0165,63,7523.00,0.234433
3864,1000,0.50,500,2,390,1.0410,64,484.00,0.298557
3865,1000,0.50,500,2,390,1.0397,65,2636.00,0.220488
3866,1000,0.50,500,2,390,1.0332,66,7831.00,0.163780
3867,1000,0.50,500,2,390,0.9948,67,3851.00,0.236797
3868,1000,0.50,500,2,390,0.9867,68,7940.00,0.161893
3869,1000,0.50,500,2,390,1.0327,69,257.00,0.133734
3870,1000,0.50,500,2,390,1.0360,70,7555.00,0.065981
3871,1000,0.50,500,2,390,1.0489,71,7677.00,0.130805
3872,1000,0.50,500,2,390,1.0225,72,7247.00,0.263490
3873,1000,0.50,500,2,390,0.9948,73,7824.00,0.181507
3874,1000,0.50,500,2,390,0.9598,74,7800.00,0.375846
3875,1000,0.50,500,2,390,0.9862,75,7555.00,0.302408
3876,1000,0.50,500,2,390,1.0278,76,4538.00,0.219514
3877,1000,0.50,500,2,390,0.9373,77,7609.00,0.193253
3878,1000,0.50,500,2,390,1.0006,78,7512.00,0.198764
3879,1000,0.50,500,2,390,0.9733,79,7581.00,0.230702
3880,1000,0.50,500,2,390,1.0520,80,782.00,0.267460
3881,1000,0.50,500,2,390,1.0046,81,7659.00,0.136166
3882,1000,0.50,500,2,390,1.0324,82,7658.00,0.314630
3883,1000,0.50,500,2,390,0.9862,83,7581.00,0.581023
3884,1000,0.50,500,2,390,1.0005,84,7908.00,0.102332
3885,1000,0.50,500,2,390,0.9441,85,7534.00,0.319308
3886,1000,0.50,500,2,390,0.9689,86,7817.00,0.579257
3887,1000,0.50,500,2,390,1.0234,87,432.00,0.460922
3888,1000,0.50,500,2,390,1.0083,88,7738.00,0.239570
3889,1000,0.50,500,2,390,0.9417,89,7626.00,0.547005
3890,1000,0.50,500,2,390,0.9544,90,7809.00,0.101629
3891,1000,0.50,500,2,390,0.9900,91,7528.00,0.312349
3892,1000,0.50,500,2,390,0.9732,92,7491.00,0.177431
3893,1000,0.50,500,2,390,0.9802,93,7777.00,0.248396
3894,1000,0.50,500,2,390,0.9965,94,7750.00,0.247428
3895,1000,0.50,500,2,390,0.9807,95,7866.00,0.392737
3896,1000,0.50,500,2,390,0.9859,96,7524.00,0.162983
3897,1000,0.50,500,2,390,0.9607,97,7547.00,0.491892
3898,1000,0.50,500,2,390,1.0714,98,6137.00,0.129648
3899,1000,0.50,500,2,390,1.0089,99,7798.00,0.060550
3900,1000,0.50,500,2,400,0.9802,0,7864.00,0.279050
3901,1000,0.50,500,2,400,1.0167,1,7835.00,0.180504
3902,1000,0.50,500,2,400,0.9806,2,7338.00,0.177338
3903,1000,0.50,500,2,400,1.0273,3,141.00,0.291497
3904,1000,0.50,500,2,400,0.9872,4,7530.00,0.343529
3905,1000,0.50,500,2,400,1.0123,5,1150.00,0.381246
3906,1000,0.50,500,2,400,1.0209,6,7270.00,0.095090
3907,1000,0.50,500,2,400,1.0172,7,7505.00,0.427230
3908,1000,0.50,500,2,400,1.0053,8,2101.00,0.325310
3909,1000,0.50,500,2,400,0.9900,9,7559.00,0.323873
3910,1000,0.50,500,2,400,0.9939,10,7468.00,0.410508
3911,1000,0.50,500,2,400,1.0036,11,7479.00,0.046158
3912,1000,0.50,500,2,400,1.0568,12,7890.00,0.095843
3913,1000,0.50,500,2,400,0.9874,13,7807.00,0.262697
3914,1000,0.50,500,2,400,0.9893,14,7962.00,0.260506
3915,1000,0.50,500,2,400,1.0183,15,4002.00,0.275698
3916,1000,0.50,500,2,400,0.9920,16,8147.00,0.214797
3917,1000,0.50,500,2,400,1.0348,17,8042.00,0.497584
3918,1000,0.50,500,2,400,0.9972,18,7909.00,0.324405
3919,1000,0.50,500,2,400,0.9356,19,7462.00,0.077611
3920,1000,0.50,500,2,400,1.0146,20,7644.00,0.284964
3921,1000,0.50,500,2,400,0.9666,21,7966.00,0.395548
3922,1000,0.50,500,2,400,1.0044,22,8042.00,0.250379
3923,1000,0.50,500,2,400,1.0782,23,7758.00,0.144784
3924,1000,0.50,500,2,400,0.9944,24,7678.00,0.286201
3925,1000,0.50,500,2,400,0.9866,25,6841.00,0.224299
3926,1000,0.50,500,2,400,0.9662,26,7618.00,0.184615
3927,1000,0.50,500,2,400,0.9735,27,7963.00,0.113911
3928,1000,0.50,500,2,400,1.0097,28,7899.00,0.323361
3929,1000,0.50,500,2,400,0.9310,29,7651.00,0.314118
3930,1000,0.50,500,2,400,1.0153,30,1485.00,0.286240
3931,1000,0.50,500,2,400,0.9759,31,7803.00,0.151806
3932,1000,0.50,500,2,400,0.9841,32,7973.00,0.435587
3933,1000,0.50,500,2,400,0.9977,33,7843.00,0.216752
3934,1000,0.50,500,2,400,1.0172,34,163.00,0.571982
3935,1000,0.50,500,2,400,1.0449,35,8056.00,0.312850
3936,1000,0.50,500,2,400,1.0730,36,2918.00,0.215393
3937,1000,0.50,500,2,400,0.9411,37,7943.00,0.395927
3938,1000,0.50,500,2,400,0.9962,38,143.00,0.209223
3939,1000,0.50,500,2,400,0.9670,39,7765.00,0.162334
3940,1000,0.50,500,2,400,1.0102,40,7681.00,0.093739
3941,1000,0.50,500,2,400,0.9251,41,7744.00,0.081953
3942,1000,0.50,500,2,400,0.9618,42,7901.00,0.300850
3943,1000,0.50,500,2,400,1.0439,43,3447.00,0.343456
3944,1000,0.50,500,2,400,1.0239,44,2854.00,0.196640
3945,1000,0.50,500,2,400,1.0114,45,1895.00,0.227541
3946,1000,0.50,500,2,400,1.0040,46,7880.00,0.055735
3947,1000,0.50,500,2,400,0.9822,47,7779.00,0.428633
3948,1000,0.50,500,2,400,1.0570,48,2014.00,0.308895
3949,1000,0.50,500,2,400,0.9883,49,7863.00,0.186516
3950,1000,0.50,500,2,400,1.0153,50,342.00,0.257572
3951,1000,0.50,500,2,400,0.9900,51,7870.00,0.061284
3952,1000,0.50,500,2,400,1.0055,52,7823.00,0.165016
3953,1000,0.50,500,2,400,1.0167,53,8250.00,0.428091
3954,1000,0.50,500,2,400,1.0335,54,83.00,0.233528
3955,1000,0.50,500,2,400,0.9589,55,8050.00,0.174200
3956,1000,0.50,500,2,400,1.0251,56,8156.00,0.103398
3957,1000,0.50,500,2,400,1.0099,57,7925.00,0.437634
3958,1000,0.50,500,2,400,1.0259,58,7903.00,0.171927
3959,1000,0.50,500,2,400,1.0036,59,8032.00,0.178995
3960,1000,0.50,500,2,400,1.0163,60,3536.00,0.148302
3961,1000,0.50,500,2,400,1.0098,61,3278.00,0.306562
3962,1000,0.50,500,2,400,1.0178,62,7709.00,0.125846
3963,1000,0.50,500,2,400,1.0243,63,1212.00,0.174510
3964,1000,0.50,500,2,400,1.0828,64,5799.00,0.281158
3965,1000,0.50,500,2,400,0.9222,65,7746.00,0.075795
3966,1000,0.50,500,2,400,0.9947,66,7856.00,0.334105
3967,1000,0.50,500,2,400,0.9951,67,2284.00,0.326303
3968,1000,0.50,500,2,400,0.9864,68,7780.00,0.102194
3969,1000,0.50,500,2,400,0.9756,69,7970.00,0.175751
3970,1000,0.50,500,2,400,0.9596,70,7720.00,0.403412
3971,1000,0.50,500,2,400,0.9883,71,7803.00,0.341178
3972,1000,0.50,500,2,400,0.9467,72,7884.00,0.238609
3973,1000,0.50,500,2,400,1.0105,73,7456.00,0.119524
3974,1000,0.50,500,2,400,1.0027,74,2261.00,0.188238
3975,1000,0.50,500,2,400,0.9923,75,7825.00,0.118893
3976,1000,0.50,500,2,400,1.0094,76,8254.00,0.154419
3977,1000,0.50,500,2,400,1.0277,77,7902.00,0.171155
3978,1000,0.50,500,2,400,0.9586,78,7789.00,0.151036
3979,1000,0.50,500,2,400,0.9982,79,8056.00,0.146711
3980,1000,0.50,500,2,400,1.0508,80,900.00,0.229355
3981,1000,0.50,500,2,400,1.0660,81,3342.00,0.150433
3982,1000,0.50,500,2,400,0.9582,82,7809.00,0.145648
3983,1000,0.50,500,2,400,0.9653,83,3552.00,0.204631
3984,1000,0.50,500,2,400,1.0439,84,7944.00,0.202190
3985,1000,0.50,500,2,400,1.0279,85,7957.00,0.408999
3986,1000,0.50,500,2,400,1.0120,86,8021.00,0.344160
3987,1000,0.50,500,2,400,0.9427,87,7864.00,0.275349
3988,1000,0.50,500,2,400,0.9109,88,7760.00,0.061582
3989,1000,0.50,500,2,400,0.9944,89,4707.00,0.488952
3990,1000,0.50,500,2,400,1.0234,90,7940.00,0.106351
3991,1000,0.50,500,2,400,1.0496,91,7887.00,0.257713
3992,1000,0.50,500,2,400,1.0169,92,3508.00,0.646416
3993,1000,0.50,500,2,400,0.9769,93,7963.00,0.226435
3994,1000,0.50,500,2,400,0.9832,94,7642.00,0.137828
3995,1000,0.50,500,2,400,0.9971,95,7512.00,0.337235
3996,1000,0.50,500,2,400,0.9700,96,7855.00,0.348766
3997,1000,0.50,500,2,400,1.0060,97,8079.00,0.099005
3998,1000,0.50,500,2,400,0.9460,98,7648.00,0.243989
3999,1000,0.50,500,2,400,1.0140,99,7614.00,0.279627
4000,1000,0.50,500,2,410,1.0819,0,3231.00,0.396720
4001,1000,0.50,500,2,410,1.0397,1,2002.00,0.282240
4002,1000,0.50,500,2,410,1.0079,2,7967.00,0.196156
4003,1000,0.50,500,2,410,0.9806,3,8365.00,0.155042
4004,1000,0.50,500,2,410,1.0380,4,8674.00,0.214299
4005,1000,0.50,500,2,410,0.9683,5,8212.00,0.064965
4006,1000,0.50,500,2,410,1.0137,6,7750.00,0.137463
4007,1000,0.50,500,2,410,0.9656,7,4368.00,0.200770
4008,1000,0.50,500,2,410,1.0256,8,7900.00,0.160126
4009,1000,0.50,500,2,410,0.9598,9,7752.00,0.315218
4010,1000,0.50,500,2,410,0.9815,10,969.00,0.183708
4011,1000,0.50,500,2,410,1.0050,11,7983.00,0.127026
4012,1000,0.50,500,2,410,0.9743,12,5842.00,0.314191
4013,1000,0.50,500,2,410,1.0085,13,7814.00,0.088020
4014,1000,0.50,500,2,410,1.0226,14,7839.00,0.200549
4015,1000,0.50,500,2,410,0.9786,15,7836.00,0.175205
4016,1000,0.50,500,2,410,0.9666,16,7865.00,0.262705
4017,1000,0.50,500,2,410,0.9545,17,8115.00,0.371650
4018,1000,0.50,500,2,410,0.9239,18,7689.00,0.098146
4019,1000,0.50,500,2,410,1.0081,19,8173.00,0.361203
4020,1000,0.50,500,2,410,1.0386,20,7875.00,0.230016
4021,1000,0.50,500,2,410,1.0316,21,1710.00,0.188771
4022,1000,0.50,500,2,410,0.9436,22,5391.00,0.283002
4023,1000,0.50,500,2,410,0.9645,23,7907.00,0.147304
4024,1000,0.50,500,2,410,0.9769,24,8195.00,0.238954
4025,1000,0.50,500,2,410,1.0406,25,8294.00,0.262220
4026,1000,0.50,500,2,410,1.0328,26,8044.00,0.214758
4027,1000,0.50,500,2,410,1.0095,27,7788.00,0.182623
4028,1000,0.50,500,2,410,0.9833,28,55.00,0.152673
4029,1000,0.50,500,2,410,1.0104,29,458.00,0.150844
4030,1000,0.50,500,2,410,1.0279,30,8006.00,0.188347
4031,1000,0.50,500,2,410,1.0060,31,2643.00,0.224421
4032,1000,0.50,500,2,410,1.0210,32,7925.00,0.084536
4033,1000,0.50,500,2,410,0.9465,33,8025.00,0.134638
4034,1000,0.50,500,2,410,1.0655,34,329.00,0.316247
4035,1000,0.50,500,2,410,0.9636,35,8019.00,0.241435
4036,1000,0.50,500,2,410,0.9509,36,7991.00,0.118753
4037,1000,0.50,500,2,410,1.0237,37,4377.00,0.344021
4038,1000,0.50,500,2,410,1.0117,38,7752.00,0.333606
4039,1000,0.50,500,2,410,1.0517,39,5313.00,0.472607
4040,1000,0.50,500,2,410,0.9777,40,7824.00,0.069057
4041,1000,0.50,500,2,410,0.9757,41,8031.00,0.127481
4042,1000,0.50,500,2,410,0.9885,42,8166.00,0.216255
4043,1000,0.50,500,2,410,1.0310,43,8034.00,0.263297
4044,1000,0.50,500,2,410,0.9570,44,7987.00,0.215741
4045,1000,0.50,500,2,410,0.9546,45,7876.00,0.128297
4046,1000,0.50,500,2,410,0.9930,46,7943.00,0.196297
4047,1000,0.50,500,2,410,1.0271,47,3870.00,0.141880
4048,1000,0.50,500,2,410,1.0067,48,8073.00,0.398804
4049,1000,0.50,500,2,410,0.9368,49,7863.00,0.165993
4050,1000,0.50,500,2,410,1.0373,50,3937.00,0.186103
4051,1000,0.50,500,2,410,1.0244,51,8078.00,0.270491
4052,1000,0.50,500,2,410,0.9630,52,8172.00,0.579741
4053,1000,0.50,500,2,410,1.0155,53,8172.00,0.612401
4054,1000,0.50,500,2,410,1.0075,54,7788.00,0.188754
4055,1000,0.50,500,2,410,0.9978,55,7914.00,0.080733
4056,1000,0.50,500,2,410,1.0258,56,527.00,0.475755
4057,1000,0.50,500,2,410,0.9611,57,8006.00,0.127619
4058,1000,0.50,500,2,410,0.9780,58,8008.00,0.183077
4059,1000,0.50,500,2,410,1.0556,59,8204.00,0.143988
4060,1000,0.50,500,2,410,1.0166,60,6416.00,0.185885
4061,1000,0.50,500,2,410,1.0487,61,1426.00,0.174996
4062,1000,0.50,500,2,410,0.9992,62,8074.00,0.333001
4063,1000,0.50,500,2,410,1.0291,63,7905.00,0.086606
4064,1000,0.50,500,2,410,0.9903,64,8086.00,0.156293
4065,1000,0.50,500,2,410,1.0570,65,956.00,0.439249
4066,1000,0.50,500,2,410,0.9932,66,7925.00,0.546541
4067,1000,0.50,500,2,410,1.0255,67,8107.00,0.402630
4068,1000,0.50,500,2,410,1.0160,68,3436.00,0.247244
4069,1000,0.50,500,2,410,0.9714,69,7842.00,0.022544
4070,1000,0.50,500,2,410,0.9952,70,7358.00,0.095781
4071,1000,0.50,500,2,410,1.0272,71,2210.00,0.177779
4072,1000,0.50,500,2,410,1.0462,72,8283.00,0.285562
4073,1000,0.50,500,2,410,0.9945,73,7818.00,0.127737
4074,1000,0.50,500,2,410,1.0295,74,5957.00,0.148383
4075,1000,0.50,500,2,410,0.9531,75,7675.00,0.055324
4076,1000,0.50,500,2,410,0.9951,76,1888.00,0.253584
4077,1000,0.50,500,2,410,1.0001,77,7887.00,0.066847
4078,1000,0.50,500,2,410,0.9984,78,7787.00,0.077279
4079,1000,0.50,500,2,410,1.0118,79,7556.00,0.339940
4080,1000,0.50,500,2,410,0.9378,80,7818.00,0.088451
4081,1000,0.50,500,2,410,1.0118,81,8035.00,0.181083
4082,1000,0.50,500,2,410,0.9619,82,7896.00,0.173060
4083,1000,0.50,500,2,410,1.0503,83,7969.00,0.162071
4084,1000,0.50,500,2,410,1.0070,84,8090.00,0.260787
4085,1000,0.50,500,2,410,0.9803,85,8026.00,0.157080
4086,1000,0.50,500,2,410,0.9891,86,7903.00,0.156151
4087,1000,0.50,500,2,410,0.9671,87,7868.00,0.133584
4088,1000,0.50,500,2,410,1.0396,88,7819.00,0.143081
4089,1000,0.50,500,2,410,0.9897,89,8137.00,0.199953
4090,1000,0.50,500,2,410,0.9977,90,8159.00,0.515169
4091,1000,0.50,500,2,410,1.0321,91,74.00,0.694957
4092,1000,0.50,500,2,410,0.9810,92,7666.00,0.326500
4093,1000,0.50,500,2,410,1.0249,93,7569.00,0.168276
4094,1000,0.50,500,2,410,1.0310,94,2051.00,0.275211
4095,1000,0.50,500,2,410,0.9674,95,7773.00,0.049953
4096,1000,0.50,500,2,410,0.9755,96,7518.00,0.335253
4097,1000,0.50,500,2,410,0.9869,97,7721.00,0.791075
4098,1000,0.50,500,2,410,0.9996,98,7880.00,0.214928
4099,1000,0.50,500,2,410,0.9841,99,8042.00,0.154670
4100,1000,0.50,500,2,420,0.9906,0,8234.00,0.104696
4101,1000,0.50,500,2,420,0.9669,1,7850.00,0.310507
4102,1000,0.50,500,2,420,0.9718,2,8178.00,0.227899
4103,1000,0.50,500,2,420,1.0267,3,8331.00,0.615547
4104,1000,0.50,500,2,420,0.9270,4,8049.00,0.179535
4105,1000,0.50,500,2,420,1.0102,5,8268.00,0.409853
4106,1000,0.50,500,2,420,0.9731,6,8115.00,0.095829
4107,1000,0.50,500,2,420,1.0360,7,699.00,0.334263
4108,1000,0.50,500,2,420,1.0229,8,8155.00,0.100892
4109,1000,0.50,500,2,420,1.0154,9,8263.00,0.062501
4110,1000,0.50,500,2,420,0.9855,10,8299.00,0.096800
4111,1000,0.50,500,2,420,1.0786,11,8187.00,0.241882
4112,1000,0.50,500,2,420,0.9994,12,8196.00,0.083004
4113,1000,0.50,500,2,420,0.9990,13,239.00,0.225519
4114,1000,0.50,500,2,420,0.9959,14,923.00,0.390925
4115,1000,0.50,500,2,420,1.0210,15,8409.00,0.219857
4116,1000,0.50,500,2,420,1.0469,16,7990.00,0.258879
4117,1000,0.50,500,2,420,0.9889,17,8025.00,0.233167
4118,1000,0.50,500,2,420,0.9727,18,2293.00,0.291814
4119,1000,0.50,500,2,420,0.9839,19,8354.00,0.418079
4120,1000,0.50,500,2,420,0.9423,20,8217.00,0.136238
4121,1000,0.50,500,2,420,1.0447,21,3858.00,0.232679
4122,1000,0.50,500,2,420,1.0127,22,8338.00,0.204487
4123,1000,0.50,500,2,420,0.9571,23,8127.00,0.150547
4124,1000,0.50,500,2,420,0.9918,24,8149.00,0.201967
4125,1000,0.50,500,2,420,1.0034,25,8114.00,0.360889
4126,1000,0.50,500,2,420,0.9792,26,1154.00,0.409935
4127,1000,0.50,500,2,420,0.9697,27,8038.00,0.131541
4128,1000,0.50,500,2,420,0.9970,28,8208.00,0.471643
4129,1000,0.50,500,2,420,1.0304,29,1267.00,0.629279
4130,1000,0.50,500,2,420,0.9232,30,8201.00,0.166114
4131,1000,0.50,500,2,420,1.0129,31,8297.00,0.237412
4132,1000,0.50,500,2,420,0.9974,32,8406.00,0.158614
4133,1000,0.50,500,2,420,0.9878,33,8771.00,0.181339
4134,1000,0.50,500,2,420,1.0303,34,8367.00,0.234092
4135,1000,0.50,500,2,420,1.0012,35,8446.00,0.205312
4136,1000,0.50,500,2,420,0.9923,36,8523.00,0.163129
4137,1000,0.50,500,2,420,0.9229,37,8576.00,0.172281
4138,1000,0.50,500,2,420,0.9965,38,8488.00,0.268297
4139,1000,0.50,500,2,420,0.9907,39,6017.00,0.142359
4140,1000,0.50,500,2,420,0.9908,40,8354.00,0.113781
4141,1000,0.50,500,2,420,0.9985,41,8488.00,0.501374
4142,1000,0.50,500,2,420,0.9993,42,8441.00,0.063532
4143,1000,0.50,500,2,420,1.0496,43,229.00,0.490028
4144,1000,0.50,500,2,420,1.0281,44,8556.00,0.479536
4145,1000,0.50,500,2,420,1.0074,45,8436.00,0.238828
4146,1000,0.50,500,2,420,1.0339,46,8509.00,0.238920
4147,1000,0.50,500,2,420,0.9637,47,8591.00,0.304642
4148,1000,0.50,500,2,420,0.9933,48,8656.00,0.117668
4149,1000,0.50,500,2,420,0.9678,49,8336.00,0.211706
4150,1000,0.50,500,2,420,1.0224,50,5321.00,0.485764
4151,1000,0.50,500,2,420,1.0062,51,1858.00,0.277273
4152,1000,0.50,500,2,420,1.0517,52,5691.00,0.455151
4153,1000,0.50,500,2,420,1.0304,53,8116.00,0.235133
4154,1000,0.50,500,2,420,1.0431,54,8391.00,0.156187
4155,1000,0.50,500,2,420,0.9901,55,3319.00,0.118281
4156,1000,0.50,500,2,420,0.9770,56,8354.00,0.117430
4157,1000,0.50,500,2,420,1.0551,57,2293.00,0.396797
4158,1000,0.50,500,2,420,0.9575,58,8360.00,0.082758
4159,1000,0.50,500,2,420,0.9763,59,8262.00,0.155992
4160,1000,0.50,500,2,420,1.0148,60,8705.00,0.078927
4161,1000,0.50,500,2,420,1.0246,61,6959.00,0.241127
4162,1000,0.50,500,2,420,0.9471,62,8552.00,0.220115
4163,1000,0.50,500,2,420,0.9807,63,1978.00,0.297759
4164,1000,0.50,500,2,420,1.0350,64,8107.00,0.086885
4165,1000,0.50,500,2,420,1.0299,65,2669.00,0.201340
4166,1000,0.50,500,2,420,0.9803,66,8233.00,0.212413
4167,1000,0.50,500,2,420,1.0447,67,8251.00,0.080849
4168,1000,0.50,500,2,420,0.9801,68,8208.00,0.199050
4169,1000,0.50,500,2,420,1.0580,69,2458.00,0.357610
4170,1000,0.50,500,2,420,0.9965,70,359.00,0.201419
4171,1000,0.50,500,2,420,1.0054,71,8452.00,0.153004
4172,1000,0.50,500,2,420,1.0282,72,8209.00,0.150685
4173,1000,0.50,500,2,420,1.0292,73,8112.00,0.178962
4174,1000,0.50,500,2,420,1.0329,74,8311.00,0.543954
4175,1000,0.50,500,2,420,0.9927,75,7878.00,0.191439
4176,1000,0.50,500,2,420,0.9639,76,8018.00,0.227802
4177,1000,0.50,500,2,420,1.0144,77,8029.00,0.196585
4178,1000,0.50,500,2,420,1.0199,78,7983.00,0.151131
4179,1000,0.50,500,2,420,1.0205,79,7902.00,0.327922
4180,1000,0.50,500,2,420,0.9957,80,1419.00,0.085289
4181,1000,0.50,500,2,420,0.9758,81,7956.00,0.233135
4182,1000,0.50,500,2,420,1.0345,82,8027.00,0.052070
4183,1000,0.50,500,2,420,0.9935,83,7841.00,0.083229
4184,1000,0.50,500,2,420,1.0310,84,1976.00,0.313722
4185,1000,0.50,500,2,420,0.9905,85,8006.00,0.507823
4186,1000,0.50,500,2,420,0.9602,86,8203.00,0.319135
4187,1000,0.50,500,2,420,0.9103,87,8228.00,0.192319
4188,1000,0.50,500,2,420,0.9839,88,2585.00,0.225980
4189,1000,0.50,500,2,420,0.9615,89,8373.00,0.532261
4190,1000,0.50,500,2,420,0.9779,90,8367.00,0.155703
4191,1000,0.50,500,2,420,1.0230,91,1372.00,0.136868
4192,1000,0.50,500,2,420,0.9775,92,8573.00,0.282539
4193,1000,0.50,500,2,420,0.9867,93,8175.00,0.173281
4194,1000,0.50,500,2,420,0.9993,94,7876.00,0.260381
4195,1000,0.50,500,2,420,1.0189,95,8203.00,0.394425
4196,1000,0.50,500,2,420,0.9812,96,8341.00,0.147269
4197,1000,0.50,500,2,420,0.9670,97,8153.00,0.180220
4198,1000,0.50,500,2,420,1.0186,98,6180.00,0.122056
4199,1000,0.50,500,2,420,0.9833,99,7995.00,0.150868
4200,1000,0.50,500,2,430,0.9768,0,8616.00,0.171487
4201,1000,0.50,500,2,430,0.9382,1,8384.00,0.316528
4202,1000,0.50,500,2,430,1.0507,2,8444.00,0.322698
4203,1000,0.50,500,2,430,0.9631,3,8241.00,0.422677
4204,1000,0.50,500,2,430,1.0446,4,8351.00,0.094733
4205,1000,0.50,500,2,430,0.9711,5,8625.00,0.118695
4206,1000,0.50,500,2,430,0.9653,6,8261.00,0.298965
4207,1000,0.50,500,2,430,1.0127,7,2339.00,0.212666
4208,1000,0.50,500,2,430,0.9863,8,8611.00,0.261158
4209,1000,0.50,500,2,430,0.9917,9,8362.00,0.167418
4210,1000,0.50,500,2,430,1.0422,10,8291.00,0.653392
4211,1000,0.50,500,2,430,1.0120,11,8432.00,0.257734
4212,1000,0.50,500,2,430,0.9782,12,8325.00,0.257659
4213,1000,0.50,500,2,430,1.0257,13,8299.00,0.153647
4214,1000,0.50,500,2,430,0.9813,14,5475.00,0.158260
4215,1000,0.50,500,2,430,1.0135,15,8129.00,0.037946
4216,1000,0.50,500,2,430,1.0042,16,8589.00,0.352519
4217,1000,0.50,500,2,430,1.0082,17,4529.00,0.209240
4218,1000,0.50,500,2,430,1.0377,18,8505.00,0.091667
4219,1000,0.50,500,2,430,1.0593,19,1737.00,0.128352
4220,1000,0.50,500,2,430,1.0409,20,8560.00,0.073136
4221,1000,0.50,500,2,430,0.9628,21,8726.00,0.085889
4222,1000,0.50,500,2,430,0.9774,22,8715.00,0.466771
4223,1000,0.50,500,2,430,0.9505,23,8004.00,0.237566
4224,1000,0.50,500,2,430,0.9716,24,8869.00,0.313229
4225,1000,0.50,500,2,430,0.9711,25,9032.00,0.501381
4226,1000,0.50,500,2,430,0.9553,26,8395.00,0.193806
4227,1000,0.50,500,2,430,0.9592,27,8557.00,0.162836
4228,1000,0.50,500,2,430,0.9692,28,8622.00,0.349049
4229,1000,0.50,500,2,430,0.9316,29,8453.00,0.035608
4230,1000,0.50,500,2,430,1.0492,30,8401.00,0.281098
4231,1000,0.50,500,2,430,0.9938,31,8519.00,0.137225
4232,1000,0.50,500,2,430,0.9791,32,8561.00,0.101840
4233,1000,0.50,500,2,430,1.0439,33,1623.00,0.085941
4234,1000,0.50,500,2,430,0.9721,34,526.00,0.508829
4235,1000,0.50,500,2,430,1.0156,35,8484.00,0.275103
4236,1000,0.50,500,2,430,0.9555,36,8208.00,0.485594
4237,1000,0.50,500,2,430,0.9822,37,8335.00,0.194650
4238,1000,0.50,500,2,430,1.0244,38,8516.00,0.379141
4239,1000,0.50,500,2,430,1.0335,39,8280.00,0.154796
4240,1000,0.50,500,2,430,0.9536,40,8391.00,0.165023
4241,1000,0.50,500,2,430,0.9738,41,8121.00,0.155254
4242,1000,0.50,500,2,430,1.0123,42,8069.00,0.250070
4243,1000,0.50,500,2,430,1.0840,43,1124.00,0.498691
4244,1000,0.50,500,2,430,1.0592,44,614.00,0.180004
4245,1000,0.50,500,2,430,1.0010,45,7809.00,0.227393
4246,1000,0.50,500,2,430,0.9864,46,8263.00,0.414927
4247,1000,0.50,500,2,430,0.9815,47,165.00,0.192447
4248,1000,0.50,500,2,430,1.0214,48,5480.00,0.192847
4249,1000,0.50,500,2,430,1.0385,49,1084.00,0.347242
4250,1000,0.50,500,2,430,0.9754,50,1179.00,0.215943
4251,1000,0.50,500,2,430,0.9108,51,8364.00,0.152507
4252,1000,0.50,500,2,430,1.0417,52,8252.00,0.098578
4253,1000,0.50,500,2,430,1.0130,53,8364.00,0.112724
4254,1000,0.50,500,2,430,1.0075,54,8508.00,0.110254
4255,1000,0.50,500,2,430,0.9743,55,8545.00,0.129810
4256,1000,0.50,500,2,430,0.9982,56,1922.00,0.393423
4257,1000,0.50,500,2,430,0.9589,57,7291.00,0.164847
4258,1000,0.50,500,2,430,1.0005,58,2305.00,0.230471
4259,1000,0.50,500,2,430,1.0309,59,566.00,0.180803
4260,1000,0.50,500,2,430,1.0344,60,8243.00,0.239421
4261,1000,0.50,500,2,430,1.0629,61,188.00,0.463650
4262,1000,0.50,500,2,430,1.0506,62,8042.00,0.216274
4263,1000,0.50,500,2,430,0.9622,63,7988.00,0.130817
4264,1000,0.50,500,2,430,1.0121,64,8399.00,0.174967
4265,1000,0.50,500,2,430,1.0892,65,137.00,0.140621
4266,1000,0.50,500,2,430,0.9952,66,8048.00,0.367019
4267,1000,0.50,500,2,430,0.9711,67,8180.00,0.346032
4268,1000,0.50,500,2,430,1.0089,68,8152.00,0.137104
4269,1000,0.50,500,2,430,0.9956,69,8024.00,0.215437
4270,1000,0.50,500,2,430,1.0029,70,7996.00,0.370588
4271,1000,0.50,500,2,430,1.0232,71,8577.00,0.267634
4272,1000,0.50,500,2,430,0.9868,72,8499.00,0.130435
4273,1000,0.50,500,2,430,0.9992,73,8491.00,0.294562
4274,1000,0.50,500,2,430,0.9657,74,8414.00,0.125563
4275,1000,0.50,500,2,430,0.9733,75,8392.00,0.299384
4276,1000,0.50,500,2,430,0.9860,76,8779.00,0.252481
4277,1000,0.50,500,2,430,1.0135,77,8576.00,0.099768
4278,1000,0.50,500,2,430,0.9487,78,8376.00,0.322438
4279,1000,0.50,500,2,430,0.9824,79,8528.00,0.224054
4280,1000,0.50,500,2,430,0.9649,80,8383.00,0.167254
4281,1000,0.50,500,2,430,0.9905,81,4719.00,0.151779
4282,1000,0.50,500,2,430,1.0375,82,1128.00,0.241619
4283,1000,0.50,500,2,430,0.9555,83,8160.00,0.174477
4284,1000,0.50,500,2,430,1.0394,84,291.00,0.311219
4285,1000,0.50,500,2,430,0.9820,85,8515.00,0.416331
4286,1000,0.50,500,2,430,0.9962,86,8280.00,0.325022
4287,1000,0.50,500,2,430,0.9989,87,8442.00,0.188780
4288,1000,0.50,500,2,430,0.9994,88,8540.00,0.078272
4289,1000,0.50,500,2,430,0.9091,89,8270.00,0.341085
4290,1000,0.50,500,2,430,0.9968,90,4977.00,0.294313
4291,1000,0.50,500,2,430,0.9703,91,8636.00,0.120588
4292,1000,0.50,500,2,430,0.9536,92,8694.00,0.269146
4293,1000,0.50,500,2,430,0.9707,93,8370.00,0.095273
4294,1000,0.50,500,2,430,1.0183,94,8140.00,0.260241
4295,1000,0.50,500,2,430,1.0087,95,8155.00,0.068076
4296,1000,0.50,500,2,430,1.0150,96,8075.00,0.569740
4297,1000,0.50,500,2,430,0.9904,97,8276.00,0.255650
4298,1000,0.50,500,2,430,0.9849,98,5921.00,0.348004
4299,1000,0.50,500,2,430,0.8912,99,7789.00,0.041533
4300,1000,0.50,500,2,440,0.9445,0,8181.00,0.259974
4301,1000,0.50,500,2,440,1.0004,1,8200.00,0.453880
4302,1000,0.50,500,2,440,0.9981,2,8255.00,0.206948
4303,1000,0.50,500,2,440,1.0168,3,8534.00,0.124484
4304,1000,0.50,500,2,440,0.9769,4,8473.00,0.627773
4305,1000,0.50,500,2,440,0.9902,5,8485.00,0.074392
4306,1000,0.50,500,2,440,0.9819,6,7915.00,0.107286
4307,1000,0.50,500,2,440,0.9639,7,8409.00,0.163788
4308,1000,0.50,500,2,440,0.9947,8,8312.00,0.373911
4309,1000,0.50,500,2,440,0.9944,9,8135.00,0.280256
4310,1000,0.50,500,2,440,1.0532,10,8294.00,0.284306
4311,1000,0.50,500,2,440,0.9729,11,8251.00,0.009880
4312,1000,0.50,500,2,440,1.0222,12,6372.00,0.265650
4313,1000,0.50,500,2,440,1.0445,13,8362.00,0.156237
4314,1000,0.50,500,2,440,1.0320,14,8349.00,0.069637
4315,1000,0.50,500,2,440,0.9569,15,8540.00,0.323803
4316,1000,0.50,500,2,440,0.9785,16,8394.00,0.305384
4317,1000,0.50,500,2,440,1.0125,17,8527.00,0.593966
4318,1000,0.50,500,2,440,1.0475,18,8529.00,0.131472
4319,1000,0.50,500,2,440,0.9513,19,8136.00,0.158113
4320,1000,0.50,500,2,440,1.0091,20,8140.00,0.228700
4321,1000,0.50,500,2,440,0.9644,21,8437.00,0.127056
4322,1000,0.50,500,2,440,1.0248,22,8230.00,0.251439
4323,1000,0.50,500,2,440,1.0169,23,8474.00,0.378719
4324,1000,0.50,500,2,440,1.0222,24,4519.00,0.488817
4325,1000,0.50,500,2,440,1.0046,25,8317.00,0.257545
4326,1000,0.50,500,2,440,1.0275,26,8119.00,0.423195
4327,1000,0.50,500,2,440,1.0019,27,8215.00,0.194936
4328,1000,0.50,500,2,440,0.9882,28,6330.00,0.293168
4329,1000,0.50,500,2,440,1.0350,29,219.00,0.218944
4330,1000,0.50,500,2,440,0.9436,30,8480.00,0.218428
4331,1000,0.50,500,2,440,1.0036,31,8614.00,0.132362
4332,1000,0.50,500,2,440,1.0059,32,6355.00,0.184808
4333,1000,0.50,500,2,440,1.0032,33,8355.00,0.133057
4334,1000,0.50,500,2,440,1.0302,34,8378.00,0.150088
4335,1000,0.50,500,2,440,1.0922,35,1180.00,0.420979
4336,1000,0.50,500,2,440,0.9792,36,8296.00,0.475406
4337,1000,0.50,500,2,440,1.0171,37,8446.00,0.238639
4338,1000,0.50,500,2,440,1.0203,38,8391.00,0.569531
4339,1000,0.50,500,2,440,0.9719,39,8088.00,0.280594
4340,1000,0.50,500,2,440,1.0015,40,8308.00,0.402076
4341,1000,0.50,500,2,440,1.0196,41,8135.00,0.341238
4342,1000,0.50,500,2,440,1.0573,42,685.00,0.840687
4343,1000,0.50,500,2,440,1.0636,43,8358.00,0.170732
4344,1000,0.50,500,2,440,1.0226,44,2917.00,0.166620
4345,1000,0.50,500,2,440,1.0497,45,8358.00,0.446816
4346,1000,0.50,500,2,440,0.9931,46,8216.00,0.124586
4347,1000,0.50,500,2,440,0.9349,47,7950.00,0.572522
4348,1000,0.50,500,2,440,1.0238,48,3746.00,0.189099
4349,1000,0.50,500,2,440,1.0702,49,749.00,0.263478
4350,1000,0.50,500,2,440,1.0178,50,345.00,0.289951
4351,1000,0.50,500,2,440,0.9795,51,8204.00,0.284843
4352,1000,0.50,500,2,440,1.0330,52,1490.00,0.217257
4353,1000,0.50,500,2,440,0.9560,53,8209.00,0.061783
4354,1000,0.50,500,2,440,1.0366,54,8351.00,0.126446
4355,1000,0.50,500,2,440,0.9646,55,8307.00,0.386425
4356,1000,0.50,500,2,440,0.9553,56,8736.00,0.145609
4357,1000,0.50,500,2,440,0.9445,57,8599.00,0.230658
4358,1000,0.50,500,2,440,0.9962,58,8517.00,0.123381
4359,1000,0.50,500,2,440,0.9501,59,8466.00,0.464730
4360,1000,0.50,500,2,440,1.1061,60,1366.00,0.221568
4361,1000,0.50,500,2,440,1.0037,61,8137.00,0.077748
4362,1000,0.50,500,2,440,1.0202,62,8693.00,0.213461
4363,1000,0.50,500,2,440,0.9940,63,8485.00,0.434777
4364,1000,0.50,500,2,440,0.9911,64,8617.00,0.169559
4365,1000,0.50,500,2,440,1.0035,65,8300.00,0.361941
4366,1000,0.50,500,2,440,0.9245,66,8273.00,0.479451
4367,1000,0.50,500,2,440,0.9178,67,8435.00,0.153588
4368,1000,0.50,500,2,440,1.0380,68,258.00,0.352962
4369,1000,0.50,500,2,440,1.0099,69,9022.00,0.358774
4370,1000,0.50,500,2,440,1.0332,70,8705.00,0.213559
4371,1000,0.50,500,2,440,0.9690,71,8113.00,0.083025
4372,1000,0.50,500,2,440,1.0306,72,8414.00,0.297498
4373,1000,0.50,500,2,440,1.0516,73,331.00,0.419438
4374,1000,0.50,500,2,440,0.9311,74,8156.00,0.295230
4375,1000,0.50,500,2,440,1.0027,75,8315.00,0.117912
4376,1000,0.50,500,2,440,1.0338,76,8759.00,0.298882
4377,1000,0.50,500,2,440,1.0582,77,8571.00,0.050378
4378,1000,0.50,500,2,440,1.0191,78,1974.00,0.263597
4379,1000,0.50,500,2,440,1.0266,79,8420.00,0.325720
4380,1000,0.50,500,2,440,0.9883,80,8388.00,0.218988
4381,1000,0.50,500,2,440,0.9985,81,8441.00,0.272765
4382,1000,0.50,500,2,440,0.9572,82,8710.00,0.077972
4383,1000,0.50,500,2,440,1.0301,83,8242.00,0.087604
4384,1000,0.50,500,2,440,1.0286,84,8307.00,0.157160
4385,1000,0.50,500,2,440,0.9733,85,8629.00,0.133673
4386,1000,0.50,500,2,440,0.9929,86,522.00,0.103735
4387,1000,0.50,500,2,440,0.9733,87,8828.00,0.132096
4388,1000,0.50,500,2,440,1.0227,88,8525.00,0.213970
4389,1000,0.50,500,2,440,0.9721,89,8401.00,0.532321
4390,1000,0.50,500,2,440,0.9773,90,8110.00,0.468086
4391,1000,0.50,500,2,440,1.0352,91,979.00,0.247659
4392,1000,0.50,500,2,440,1.0227,92,79.00,0.134151
4393,1000,0.50,500,2,440,1.0376,93,8563.00,0.134745
4394,1000,0.50,500,2,440,1.0256,94,8751.00,0.164073
4395,1000,0.50,500,2,440,0.9712,95,8350.00,0.334757
4396,1000,0.50,500,2,440,1.0307,96,8369.00,0.186679
4397,1000,0.50,500,2,440,0.9482,97,8041.00,0.252132
4398,1000,0.50,500,2,440,0.9976,98,8061.00,0.172033
4399,1000,0.50,500,2,440,0.9708,99,8379.00,0.370779
4400,1000,0.50,500,2,450,1.0234,0,8263.00,0.439213
4401,1000,0.50,500,2,450,1.0085,1,8429.00,0.021023
4402,1000,0.50,500,2,450,1.0591,2,46.00,0.836811
4403,1000,0.50,500,2,450,1.0203,3,8293.00,0.206358
4404,1000,0.50,500,2,450,1.0012,4,3199.00,0.227877
4405,1000,0.50,500,2,450,0.9908,5,8560.00,0.228113
4406,1000,0.50,500,2,450,0.9928,6,8420.00,0.150859
4407,1000,0.50,500,2,450,1.0653,7,8937.00,0.374521
4408,1000,0.50,500,2,450,1.0156,8,8759.00,0.252282
4409,1000,0.50,500,2,450,0.9688,9,8509.00,0.193308
4410,1000,0.50,500,2,450,0.9940,10,8691.00,0.169048
4411,1000,0.50,500,2,450,1.0246,11,8338.00,0.090232
4412,1000,0.50,500,2,450,1.0292,12,2492.00,0.757535
4413,1000,0.50,500,2,450,1.0509,13,2556.00,0.236391
4414,1000,0.50,500,2,450,0.9678,14,8382.00,0.031382
4415,1000,0.50,500,2,450,0.9949,15,8426.00,0.427844
4416,1000,0.50,500,2,450,1.0248,16,491.00,0.305245
4417,1000,0.50,500,2,450,1.0097,17,8698.00,0.321088
4418,1000,0.50,500,2,450,0.9986,18,9485.00,0.213799
4419,1000,0.50,500,2,450,0.9838,19,9693.00,0.276599
4420,1000,0.50,500,2,450,0.9693,20,9120.00,0.207405
4421,1000,0.50,500,2,450,1.0010,21,9203.00,0.070101
4422,1000,0.50,500,2,450,0.9706,22,9429.00,0.440376
4423,1000,0.50,500,2,450,0.9801,23,9271.00,0.312327
4424,1000,0.50,500,2,450,0.9781,24,9113.00,0.174006
4425,1000,0.50,500,2,450,1.0382,25,9261.00,0.290287
4426,1000,0.50,500,2,450,1.0136,26,9000.00,0.299340
4427,1000,0.50,500,2,450,0.9899,27,8933.00,0.321105
4428,1000,0.50,500,2,450,0.9949,28,8296.00,0.141042
4429,1000,0.50,500,2,450,0.9927,29,8292.00,0.252984
4430,1000,0.50,500,2,450,1.0146,30,8769.00,0.078384
4431,1000,0.50,500,2,450,0.9705,31,8464.00,0.263459
4432,1000,0.50,500,2,450,1.0413,32,548.00,0.612540
4433,1000,0.50,500,2,450,0.9792,33,8391.00,0.256690
4434,1000,0.50,500,2,450,1.0507,34,8593.00,0.084526
4435,1000,0.50,500,2,450,0.9833,35,8489.00,0.319198
4436,1000,0.50,500,2,450,1.0125,36,8757.00,0.490227
4437,1000,0.50,500,2,450,0.9932,37,8518.00,0.584055
4438,1000,0.50,500,2,450,0.9926,38,4447.00,0.233939
4439,1000,0.50,500,2,450,1.0057,39,815.00,0.506724
4440,1000,0.50,500,2,450,1.0139,40,8651.00,0.208926
4441,1000,0.50,500,2,450,0.9530,41,8635.00,0.331596
4442,1000,0.50,500,2,450,1.0014,42,680.00,0.408723
4443,1000,0.50,500,2,450,0.9885,43,8596.00,0.088038
4444,1000,0.50,500,2,450,0.9716,44,5633.00,0.200555
4445,1000,0.50,500,2,450,0.9853,45,8445.00,0.132929
4446,1000,0.50,500,2,450,0.9899,46,418.00,0.220288
4447,1000,0.50,500,2,450,0.9599,47,5022.00,0.140582
4448,1000,0.50,500,2,450,0.9760,48,8323.00,0.099615
4449,1000,0.50,500,2,450,1.0095,49,8640.00,0.097808
4450,1000,0.50,500,2,450,1.0003,50,422.00,0.547424
4451,1000,0.50,500,2,450,1.0336,51,5736.00,0.184144
4452,1000,0.50,500,2,450,0.9977,52,8286.00,0.201473
4453,1000,0.50,500,2,450,0.9722,53,8480.00,0.249416
4454,1000,0.50,500,2,450,1.0199,54,8387.00,0.138537
4455,1000,0.50,500,2,450,1.0162,55,8340.00,0.199923
4456,1000,0.50,500,2,450,1.0204,56,8476.00,0.711385
4457,1000,0.50,500,2,450,1.0151,57,3246.00,0.292580
4458,1000,0.50,500,2,450,1.0210,58,2435.00,0.201764
4459,1000,0.50,500,2,450,0.9717,59,8898.00,0.153603
4460,1000,0.50,500,2,450,1.0011,60,8902.00,0.242848
4461,1000,0.50,500,2,450,1.0238,61,8397.00,0.479124
4462,1000,0.50,500,2,450,0.9886,62,6391.00,0.114865
4463,1000,0.50,500,2,450,1.0086,63,3929.00,0.297628
4464,1000,0.50,500,2,450,0.9838,64,8485.00,0.272989
4465,1000,0.50,500,2,450,1.0502,65,1441.00,0.070847
4466,1000,0.50,500,2,450,1.0223,66,3808.00,0.275010
4467,1000,0.50,500,2,450,1.0049,67,8576.00,0.107633
4468,1000,0.50,500,2,450,1.0044,68,8345.00,0.161169
4469,1000,0.50,500,2,450,1.0120,69,6854.00,0.143136
4470,1000,0.50,500,2,450,1.0035,70,8930.00,0.239793
4471,1000,0.50,500,2,450,0.9816,71,8663.00,0.135709
4472,1000,0.50,500,2,450,1.0174,72,2177.00,0.267323
4473,1000,0.50,500,2,450,0.9684,73,8725.00,0.102436
4474,1000,0.50,500,2,450,1.0120,74,8485.00,0.181466
4475,1000,0.50,500,2,450,1.0100,75,8536.00,0.199087
4476,1000,0.50,500,2,450,0.9359,76,8410.00,0.145081
4477,1000,0.50,500,2,450,0.9883,77,8333.00,0.299606
4478,1000,0.50,500,2,450,1.0039,78,8304.00,0.184243
4479,1000,0.50,500,2,450,1.0068,79,8921.00,0.199565
4480,1000,0.50,500,2,450,0.9863,80,8736.00,0.234857
4481,1000,0.50,500,2,450,1.0373,81,194.00,0.257706
4482,1000,0.50,500,2,450,1.0092,82,9361.00,0.103226
4483,1000,0.50,500,2,450,0.9770,83,3020.00,0.289910
4484,1000,0.50,500,2,450,0.9575,84,9307.00,0.116763
4485,1000,0.50,500,2,450,1.0237,85,704.00,0.752227
4486,1000,0.50,500,2,450,0.9493,86,9080.00,0.399549
4487,1000,0.50,500,2,450,1.0277,87,9146.00,0.166774
4488,1000,0.50,500,2,450,1.0329,88,9129.00,0.202452
4489,1000,0.50,500,2,450,1.0031,89,1140.00,0.254582
4490,1000,0.50,500,2,450,0.9737,90,9265.00,0.169054
4491,1000,0.50,500,2,450,1.0209,91,5504.00,0.133585
4492,1000,0.50,500,2,450,1.0395,92,4896.00,0.297319
4493,1000,0.50,500,2,450,0.9255,93,9201.00,0.068775
4494,1000,0.50,500,2,450,1.0238,94,9544.00,0.213869
4495,1000,0.50,500,2,450,0.9340,95,8934.00,0.109583
4496,1000,0.50,500,2,450,0.9330,96,3870.00,0.278546
4497,1000,0.50,500,2,450,1.0059,97,9222.00,0.102068
4498,1000,0.50,500,2,450,0.9949,98,9134.00,0.439552
4499,1000,0.50,500,2,450,0.9910,99,8726.00,0.130630
4500,1000,0.50,500,2,460,1.0635,0,8746.00,0.046553
4501,1000,0.50,500,2,460,0.9213,1,8413.00,0.386353
4502,1000,0.50,500,2,460,0.9927,2,8841.00,0.382576
4503,1000,0.50,500,2,460,1.0457,3,8536.00,0.249702
4504,1000,0.50,500,2,460,0.9885,4,6137.00,0.260123
4505,1000,0.50,500,2,460,0.9111,5,8444.00,0.013447
4506,1000,0.50,500,2,460,0.9813,6,8530.00,0.441032
4507,1000,0.50,500,2,460,0.9937,7,7741.00,0.110532
4508,1000,0.50,500,2,460,1.0323,8,1571.00,0.468583
4509,1000,0.50,500,2,460,1.0013,9,8642.00,0.161433
4510,1000,0.50,500,2,460,0.9941,10,8615.00,0.400039
4511,1000,0.50,500,2,460,0.9999,11,2252.00,0.184120
4512,1000,0.50,500,2,460,0.9918,12,8551.00,0.254337
4513,1000,0.50,500,2,460,0.9562,13,8744.00,0.121865
4514,1000,0.50,500,2,460,0.9971,14,8700.00,0.193920
4515,1000,0.50,500,2,460,0.9932,15,4571.00,0.190029
4516,1000,0.50,500,2,460,0.9957,16,8721.00,0.120582
4517,1000,0.50,500,2,460,0.9770,17,1650.00,0.299302
4518,1000,0.50,500,2,460,0.9335,18,8616.00,0.319631
4519,1000,0.50,500,2,460,1.0140,19,2173.00,0.283343
4520,1000,0.50,500,2,460,0.9534,20,8577.00,0.187524
4521,1000,0.50,500,2,460,0.9780,21,8742.00,0.126994
4522,1000,0.50,500,2,460,1.0703,22,125.00,0.648705
4523,1000,0.50,500,2,460,0.9594,23,8559.00,0.356049
4524,1000,0.50,500,2,460,1.0254,24,8559.00,0.305782
4525,1000,0.50,500,2,460,0.9539,25,8297.00,0.093225
4526,1000,0.50,500,2,460,0.9463,26,8501.00,0.188222
4527,1000,0.50,500,2,460,0.9891,27,8776.00,0.403513
4528,1000,0.50,500,2,460,1.0480,28,8700.00,0.122849
4529,1000,0.50,500,2,460,0.9954,29,8809.00,0.204122
4530,1000,0.50,500,2,460,1.0398,30,6155.00,0.120163
4531,1000,0.50,500,2,460,1.0052,31,8563.00,0.340988
4532,1000,0.50,500,2,460,1.0224,32,8784.00,0.173931
4533,1000,0.50,500,2,460,0.9994,33,8764.00,0.204776
4534,1000,0.50,500,2,460,0.9717,34,413.00,0.316344
4535,1000,0.50,500,2,460,1.0094,35,8827.00,0.284889
4536,1000,0.50,500,2,460,0.9991,36,2672.00,0.382236
4537,1000,0.50,500,2,460,1.0331,37,2247.00,0.410295
4538,1000,0.50,500,2,460,1.0529,38,2944.00,0.461724
4539,1000,0.50,500,2,460,1.0083,39,8522.00,0.286202
4540,1000,0.50,500,2,460,0.9558,40,8457.00,0.108811
4541,1000,0.50,500,2,460,1.0114,41,3342.00,0.269740
4542,1000,0.50,500,2,460,0.9888,42,8811.00,0.229547
4543,1000,0.50,500,2,460,0.9986,43,8363.00,0.257544
4544,1000,0.50,500,2,460,0.9845,44,8613.00,0.276924
4545,1000,0.50,500,2,460,0.9879,45,8739.00,0.188718
4546,1000,0.50,500,2,460,0.9866,46,8864.00,0.366953
4547,1000,0.50,500,2,460,1.0478,47,2591.00,0.296692
4548,1000,0.50,500,2,460,0.9878,48,8751.00,0.162562
4549,1000,0.50,500,2,460,0.9992,49,8815.00,0.187660
4550,1000,0.50,500,2,460,0.9771,50,8646.00,0.573351
4551,1000,0.50,500,2,460,0.9638,51,8503.00,0.271162
4552,1000,0.50,500,2,460,0.9615,52,8529.00,0.153292
4553,1000,0.50,500,2,460,0.9510,53,8908.00,0.042162
4554,1000,0.50,500,2,460,0.9872,54,8966.00,0.169027
4555,1000,0.50,500,2,460,1.0150,55,8992.00,0.498164
4556,1000,0.50,500,2,460,0.9485,56,9580.00,0.176302
4557,1000,0.50,500,2,460,0.9890,57,8468.00,0.245962
4558,1000,0.50,500,2,460,0.9956,58,8809.00,0.152493
4559,1000,0.50,500,2,460,0.9888,59,8716.00,0.191667
4560,1000,0.50,500,2,460,1.0356,60,3951.00,0.175029
4561,1000,0.50,500,2,460,0.9888,61,9477.00,0.070108
4562,1000,0.50,500,2,460,0.9615,62,9264.00,0.388651
4563,1000,0.50,500,2,460,1.0040,63,9713.00,0.289592
4564,1000,0.50,500,2,460,1.0048,64,9659.00,0.168972
4565,1000,0.50,500,2,460,1.0487,65,2459.00,0.406564
4566,1000,0.50,500,2,460,0.9838,66,9454.00,0.075592
4567,1000,0.50,500,2,460,1.0133,67,5413.00,0.172339
4568,1000,0.50,500,2,460,1.0159,68,9410.00,0.202129
4569,1000,0.50,500,2,460,1.0654,69,9561.00,0.152071
4570,1000,0.50,500,2,460,1.0562,70,9252.00,0.270786
4571,1000,0.50,500,2,460,0.9561,71,9071.00,0.272976
4572,1000,0.50,500,2,460,1.0054,72,9371.00,0.105833
4573,1000,0.50,500,2,460,0.9781,73,9528.00,0.163678
4574,1000,0.50,500,2,460,1.0163,74,9208.00,0.187551
4575,1000,0.50,500,2,460,1.0284,75,3916.00,0.249746
4576,1000,0.50,500,2,460,0.9903,76,9180.00,0.151450
4577,1000,0.50,500,2,460,1.0034,77,8883.00,0.131382
4578,1000,0.50,500,2,460,1.0158,78,580.00,0.197897
4579,1000,0.50,500,2,460,0.9209,79,8489.00,0.020277
4580,1000,0.50,500,2,460,1.0659,80,3314.00,0.603115
4581,1000,0.50,500,2,460,1.0280,81,8618.00,0.461961
4582,1000,0.50,500,2,460,0.9652,82,8315.00,0.182173
4583,1000,0.50,500,2,460,0.9853,83,8477.00,0.137297
4584,1000,0.50,500,2,460,0.9962,84,7874.00,0.444504
4585,1000,0.50,500,2,460,1.0113,85,8443.00,0.177968
4586,1000,0.50,500,2,460,0.9932,86,8540.00,0.268067
4587,1000,0.50,500,2,460,1.0177,87,8596.00,0.278818
4588,1000,0.50,500,2,460,1.0377,88,1700.00,0.339422
4589,1000,0.50,500,2,460,1.0000,89,8816.00,0.039465
4590,1000,0.50,500,2,460,1.0341,90,8749.00,0.140114
4591,1000,0.50,500,2,460,1.0240,91,8039.00,0.276511
4592,1000,0.50,500,2,460,0.9906,92,8437.00,0.078293
4593,1000,0.50,500,2,460,0.9784,93,8809.00,0.130574
4594,1000,0.50,500,2,460,1.0495,94,8294.00,0.145187
4595,1000,0.50,500,2,460,1.0119,95,8534.00,0.155240
4596,1000,0.50,500,2,460,0.9995,96,8801.00,0.074035
4597,1000,0.50,500,2,460,1.0558,97,459.00,0.624727
4598,1000,0.50,500,2,460,1.0207,98,1872.00,0.135337
4599,1000,0.50,500,2,460,1.0190,99,8423.00,0.171530
4600,1000,0.50,500,2,470,0.9793,0,8732.00,0.103508
4601,1000,0.50,500,2,470,1.0601,1,315.00,0.463234
4602,1000,0.50,500,2,470,0.9029,2,8451.00,0.042976
4603,1000,0.50,500,2,470,0.9536,3,8730.00,0.210742
4604,1000,0.50,500,2,470,1.0040,4,8615.00,0.080762
4605,1000,0.50,500,2,470,0.9988,5,8979.00,0.316326
4606,1000,0.50,500,2,470,1.0006,6,9245.00,0.208339
4607,1000,0.50,500,2,470,1.0140,7,9012.00,0.614018
4608,1000,0.50,500,2,470,0.9809,8,8885.00,0.113843
4609,1000,0.50,500,2,470,1.0172,9,143.00,0.207169
4610,1000,0.50,500,2,470,0.9830,10,8617.00,0.110130
4611,1000,0.50,500,2,470,0.9787,11,9082.00,0.109800
4612,1000,0.50,500,2,470,1.0030,12,2038.00,0.330291
4613,1000,0.50,500,2,470,0.9427,13,8552.00,0.138202
4614,1000,0.50,500,2,470,0.9862,14,8599.00,0.158091
4615,1000,0.50,500,2,470,0.9757,15,8915.00,0.215937
4616,1000,0.50,500,2,470,0.9676,16,9113.00,0.129831
4617,1000,0.50,500,2,470,0.9472,17,8849.00,0.115348
4618,1000,0.50,500,2,470,0.9979,18,8555.00,0.214936
4619,1000,0.50,500,2,470,0.9814,19,56.00,0.357166
4620,1000,0.50,500,2,470,0.9953,20,9174.00,0.161108
4621,1000,0.50,500,2,470,1.0020,21,9051.00,0.093247
4622,1000,0.50,500,2,470,1.0160,22,771.00,0.308144
4623,1000,0.50,500,2,470,0.9726,23,8909.00,0.129068
4624,1000,0.50,500,2,470,0.9961,24,8902.00,0.424184
4625,1000,0.50,500,2,470,0.9865,25,8443.00,0.143318
4626,1000,0.50,500,2,470,0.9653,26,8958.00,0.293521
4627,1000,0.50,500,2,470,0.9662,27,8701.00,0.216607
4628,1000,0.50,500,2,470,0.9978,28,9037.00,0.188123
4629,1000,0.50,500,2,470,0.9253,29,9180.00,0.308201
4630,1000,0.50,500,2,470,0.9901,30,9869.00,0.017500
4631,1000,0.50,500,2,470,0.9893,31,4951.00,0.159512
4632,1000,0.50,500,2,470,1.0399,32,9753.00,0.244437
4633,1000,0.50,500,2,470,0.9990,33,9721.00,0.211709
4634,1000,0.50,500,2,470,0.9790,34,9688.00,0.175833
4635,1000,0.50,500,2,470,0.9921,35,9827.00,0.066373
4636,1000,0.50,500,2,470,1.0014,36,63.00,0.203883
4637,1000,0.50,500,2,470,0.9902,37,9855.00,0.120603
4638,1000,0.50,500,2,470,0.9857,38,9738.00,0.172501
4639,1000,0.50,500,2,470,1.0211,39,9835.00,0.306120
4640,1000,0.50,500,2,470,0.9988,40,9604.00,0.384179
4641,1000,0.50,500,2,470,0.9319,41,8955.00,0.197796
4642,1000,0.50,500,2,470,1.0360,42,7551.00,0.512479
4643,1000,0.50,500,2,470,1.0138,43,9035.00,0.191168
4644,1000,0.50,500,2,470,1.0067,44,9128.00,0.124689
4645,1000,0.50,500,2,470,1.0416,45,564.00,0.427413
4646,1000,0.50,500,2,470,1.0092,46,8868.00,0.461048
4647,1000,0.50,500,2,470,0.9720,47,8995.00,0.205738
4648,1000,0.50,500,2,470,0.9827,48,9240.00,0.235723
4649,1000,0.50,500,2,470,0.9951,49,8983.00,0.067720
4650,1000,0.50,500,2,470,1.0215,50,9316.00,0.191650
4651,1000,0.50,500,2,470,0.9736,51,8966.00,0.219603
4652,1000,0.50,500,2,470,1.0461,52,7423.00,0.314065
4653,1000,0.50,500,2,470,0.9704,53,8875.00,0.336758
4654,1000,0.50,500,2,470,1.0088,54,8599.00,0.295452
4655,1000,0.50,500,2,470,1.0022,55,8982.00,0.149411
4656,1000,0.50,500,2,470,0.9936,56,3709.00,0.130666
4657,1000,0.50,500,2,470,1.0213,57,8658.00,0.091508
4658,1000,0.50,500,2,470,1.0088,58,9009.00,0.075489
4659,1000,0.50,500,2,470,1.0028,59,8856.00,0.171644
4660,1000,0.50,500,2,470,1.0224,60,4429.00,0.214964
4661,1000,0.50,500,2,470,0.9713,61,8638.00,0.086801
4662,1000,0.50,500,2,470,1.0196,62,8794.00,0.535352
4663,1000,0.50,500,2,470,0.9546,63,9180.00,0.150422
4664,1000,0.50,500,2,470,0.9622,64,8562.00,0.272058
4665,1000,0.50,500,2,470,0.9845,65,8948.00,0.218957
4666,1000,0.50,500,2,470,1.0258,66,4626.00,0.175153
4667,1000,0.50,500,2,470,1.0656,67,8821.00,0.414626
4668,1000,0.50,500,2,470,0.9679,68,8892.00,0.127137
4669,1000,0.50,500,2,470,0.9884,69,8669.00,0.197146
4670,1000,0.50,500,2,470,1.0173,70,8865.00,0.332196
4671,1000,0.50,500,2,470,0.9650,71,8576.00,0.370343
4672,1000,0.50,500,2,470,1.0354,72,9036.00,0.382786
4673,1000,0.50,500,2,470,0.9683,73,8987.00,0.084786
4674,1000,0.50,500,2,470,1.0249,74,8704.00,0.233821
4675,1000,0.50,500,2,470,0.9653,75,9061.00,0.342965
4676,1000,0.50,500,2,470,0.9827,76,9201.00,0.147815
4677,1000,0.50,500,2,470,0.9821,77,9064.00,0.340740
4678,1000,0.50,500,2,470,1.0376,78,9153.00,0.335582
4679,1000,0.50,500,2,470,1.0390,79,8940.00,0.394728
4680,1000,0.50,500,2,470,1.0244,80,8672.00,0.078463
4681,1000,0.50,500,2,470,0.9960,81,8854.00,0.068109
4682,1000,0.50,500,2,470,1.0081,82,9341.00,0.217490
4683,1000,0.50,500,2,470,1.0655,83,9660.00,0.134741
4684,1000,0.50,500,2,470,0.9336,84,9613.00,0.260039
4685,1000,0.50,500,2,470,0.9200,85,9555.00,0.211875
4686,1000,0.50,500,2,470,0.9539,86,9395.00,0.330826
4687,1000,0.50,500,2,470,1.0151,87,9371.00,0.194171
4688,1000,0.50,500,2,470,1.0259,88,5941.00,0.151578
4689,1000,0.50,500,2,470,1.0133,89,9929.00,0.114425
4690,1000,0.50,500,2,470,0.9801,90,9617.00,0.391365
4691,1000,0.50,500,2,470,0.9567,91,9575.00,0.073194
4692,1000,0.50,500,2,470,0.9675,92,9564.00,0.270565
4693,1000,0.50,500,2,470,0.9699,93,9651.00,0.348037
4694,1000,0.50,500,2,470,1.0815,94,1085.00,0.487897
4695,1000,0.50,500,2,470,0.9775,95,1390.00,0.163880
4696,1000,0.50,500,2,470,0.9979,96,7489.00,0.260817
4697,1000,0.50,500,2,470,0.9950,97,8939.00,0.206051
4698,1000,0.50,500,2,470,1.0251,98,679.00,0.320210
4699,1000,0.50,500,2,470,1.0172,99,8865.00,0.244214
4700,1000,0.50,500,2,480,1.0248,0,9124.00,0.152896
4701,1000,0.50,500,2,480,1.0718,1,965.00,0.586494
4702,1000,0.50,500,2,480,1.0033,2,9115.00,0.177654
4703,1000,0.50,500,2,480,1.0156,3,9474.00,0.393501
4704,1000,0.50,500,2,480,1.0256,4,9312.00,0.224278
4705,1000,0.50,500,2,480,1.0150,5,9168.00,0.183951
4706,1000,0.50,500,2,480,1.0417,6,9101.00,0.186395
4707,1000,0.50,500,2,480,1.0267,7,9259.00,0.216050
4708,1000,0.50,500,2,480,0.9869,8,9032.00,0.206709
4709,1000,0.50,500,2,480,1.0416,9,8855.00,0.299761
4710,1000,0.50,500,2,480,1.0207,10,1429.00,0.111923
4711,1000,0.50,500,2,480,0.9524,11,9100.00,0.105968
4712,1000,0.50,500,2,480,0.9612,12,9228.00,0.272025
4713,1000,0.50,500,2,480,0.9561,13,9317.00,0.151742
4714,1000,0.50,500,2,480,0.9658,14,9455.00,0.292957
4715,1000,0.50,500,2,480,1.0160,15,4231.00,0.140349
4716,1000,0.50,500,2,480,0.9244,16,6507.00,0.233071
4717,1000,0.50,500,2,480,0.9909,17,9028.00,0.190547
4718,1000,0.50,500,2,480,0.9919,18,6113.00,0.173397
4719,1000,0.50,500,2,480,1.0118,19,3153.00,0.397441
4720,1000,0.50,500,2,480,0.9526,20,9203.00,0.143726
4721,1000,0.50,500,2,480,0.9826,21,9284.00,0.111906
4722,1000,0.50,500,2,480,0.9875,22,8925.00,0.169268
4723,1000,0.50,500,2,480,1.0359,23,1117.00,0.417802
4724,1000,0.50,500,2,480,1.0591,24,9016.00,0.312160
4725,1000,0.50,500,2,480,1.0023,25,9255.00,0.226354
4726,1000,0.50,500,2,480,1.0372,26,9177.00,0.162922
4727,1000,0.50,500,2,480,0.9463,27,9125.00,0.194087
4728,1000,0.50,500,2,480,1.0429,28,1337.00,0.729836
4729,1000,0.50,500,2,480,0.9787,29,8959.00,0.065800
4730,1000,0.50,500,2,480,1.0184,30,9127.00,0.095912
4731,1000,0.50,500,2,480,0.9756,31,8802.00,0.128348
4732,1000,0.50,500,2,480,1.0132,32,8762.00,0.226853
4733,1000,0.50,500,2,480,1.0207,33,681.00,0.111962
4734,1000,0.50,500,2,480,1.0159,34,9127.00,0.630431
4735,1000,0.50,500,2,480,1.0151,35,8758.00,0.126624
4736,1000,0.50,500,2,480,0.9848,36,9105.00,0.150107
4737,1000,0.50,500,2,480,0.9644,37,9076.00,0.255008
4738,1000,0.50,500,2,480,0.9567,38,8966.00,0.141428
4739,1000,0.50,500,2,480,1.0175,39,9100.00,0.587323
4740,1000,0.50,500,2,480,0.9746,40,9184.00,0.125663
4741,1000,0.50,500,2,480,1.0099,41,9149.00,0.319146
4742,1000,0.50,500,2,480,0.9644,42,8879.00,0.365909
4743,1000,0.50,500,2,480,0.9687,43,8898.00,0.060322
4744,1000,0.50,500,2,480,0.9904,44,8735.00,0.124989
4745,1000,0.50,500,2,480,0.9839,45,1916.00,0.207015
4746,1000,0.50,500,2,480,0.9897,46,7362.00,0.509521
4747,1000,0.50,500,2,480,1.0701,47,9191.00,0.126966
4748,1000,0.50,500,2,480,0.9372,48,9057.00,0.158598
4749,1000,0.50,500,2,480,1.0374,49,2779.00,0.171720
4750,1000,0.50,500,2,480,1.0600,50,652.00,0.152669
4751,1000,0.50,500,2,480,1.0142,51,9307.00,0.302017
4752,1000,0.50,500,2,480,1.0185,52,9280.00,0.231192
4753,1000,0.50,500,2,480,0.9998,53,9280.00,0.441757
4754,1000,0.50,500,2,480,0.9772,54,247.00,0.223522
4755,1000,0.50,500,2,480,0.9969,55,2250.00,0.233707
4756,1000,0.50,500,2,480,1.0388,56,9526.00,0.396301
4757,1000,0.50,500,2,480,0.9921,57,9180.00,0.283476
4758,1000,0.50,500,2,480,0.9881,58,939.00,0.341871
4759,1000,0.50,500,2,480,1.0554,59,2016.00,0.432588
4760,1000,0.50,500,2,480,1.0513,60,1091.00,0.518143
4761,1000,0.50,500,2,480,0.9691,61,9170.00,0.252716
4762,1000,0.50,500,2,480,0.9379,62,9044.00,0.228609
4763,1000,0.50,500,2,480,0.9458,63,8855.00,0.101873
4764,1000,0.50,500,2,480,0.9518,64,9129.00,0.247132
4765,1000,0.50,500,2,480,1.0355,65,8967.00,0.415153
4766,1000,0.50,500,2,480,1.0499,66,599.00,0.605265
4767,1000,0.50,500,2,480,1.0318,67,9132.00,0.388253
4768,1000,0.50,500,2,480,1.0321,68,9044.00,0.126814
4769,1000,0.50,500,2,480,0.9906,69,9225.00,0.493689
4770,1000,0.50,500,2,480,0.9548,70,9415.00,0.221785
4771,1000,0.50,500,2,480,1.0380,71,2214.00,0.440756
4772,1000,0.50,500,2,480,0.9293,72,9032.00,0.140201
4773,1000,0.50,500,2,480,1.0149,73,9364.00,0.302801
4774,1000,0.50,500,2,480,0.9853,74,9391.00,0.113471
4775,1000,0.50,500,2,480,0.9612,75,9174.00,0.184272
4776,1000,0.50,500,2,480,0.9908,76,9257.00,0.200220
4777,1000,0.50,500,2,480,0.9653,77,9190.00,0.205598
4778,1000,0.50,500,2,480,0.9771,78,8991.00,0.129522
4779,1000,0.50,500,2,480,0.9743,79,8948.00,0.144465
4780,1000,0.50,500,2,480,1.0271,80,9211.00,0.239181
4781,1000,0.50,500,2,480,0.9730,81,8658.00,0.198623
4782,1000,0.50,500,2,480,0.9642,82,8932.00,0.308090
4783,1000,0.50,500,2,480,1.0516,83,5695.00,0.231994
4784,1000,0.50,500,2,480,1.0096,84,9166.00,0.304531
4785,1000,0.50,500,2,480,1.0085,85,9146.00,0.069477
4786,1000,0.50,500,2,480,1.0150,86,9189.00,0.266212
4787,1000,0.50,500,2,480,0.9676,87,8662.00,0.167305
4788,1000,0.50,500,2,480,0.9873,88,9051.00,0.178155
4789,1000,0.50,500,2,480,0.9679,89,8981.00,0.144292
4790,1000,0.50,500,2,480,0.9941,90,9046.00,0.254208
4791,1000,0.50,500,2,480,1.0140,91,9087.00,0.088998
4792,1000,0.50,500,2,480,1.0623,92,61.00,0.111798
4793,1000,0.50,500,2,480,0.9790,93,9291.00,0.331752
4794,1000,0.50,500,2,480,0.9748,94,9198.00,0.170724
4795,1000,0.50,500,2,480,1.0297,95,9143.00,0.162414
4796,1000,0.50,500,2,480,1.0538,96,2091.00,0.099946
4797,1000,0.50,500,2,480,0.9611,97,9161.00,0.168265
4798,1000,0.50,500,2,480,1.0253,98,903.00,0.281705
4799,1000,0.50,500,2,480,1.0174,99,9011.00,0.109352
4800,1000,0.50,500,2,490,1.0094,0,206.00,0.234402
4801,1000,0.50,500,2,490,1.0239,1,302.00,0.239285
4802,1000,0.50,500,2,490,1.0249,2,228.00,0.093059
4803,1000,0.50,500,2,490,1.0294,3,9068.00,0.119994
4804,1000,0.50,500,2,490,0.9565,4,9368.00,0.315768
4805,1000,0.50,500,2,490,1.0082,5,7020.00,0.144395
4806,1000,0.50,500,2,490,0.9927,6,9341.00,0.224927
4807,1000,0.50,500,2,490,1.0325,7,664.00,0.243325
4808,1000,0.50,500,2,490,1.0437,8,9061.00,0.146584
4809,1000,0.50,500,2,490,0.9567,9,8955.00,0.234122
4810,1000,0.50,500,2,490,1.0608,10,484.00,0.251068
4811,1000,0.50,500,2,490,1.0375,11,1337.00,0.168757
4812,1000,0.50,500,2,490,1.0063,12,9040.00,0.332101
4813,1000,0.50,500,2,490,1.0042,13,1905.00,0.704725
4814,1000,0.50,500,2,490,0.9876,14,9733.00,0.197194
4815,1000,0.50,500,2,490,1.0044,15,9572.00,0.156016
4816,1000,0.50,500,2,490,0.9981,16,9466.00,0.157814
4817,1000,0.50,500,2,490,0.9931,17,9678.00,0.045755
4818,1000,0.50,500,2,490,0.9789,18,9536.00,0.289787
4819,1000,0.50,500,2,490,1.0056,19,9629.00,0.416944
4820,1000,0.50,500,2,490,1.0771,20,5342.00,0.187409
4821,1000,0.50,500,2,490,0.9881,21,8962.00,0.123110
4822,1000,0.50,500,2,490,1.0189,22,9177.00,0.271360
4823,1000,0.50,500,2,490,0.9495,23,8930.00,0.117006
4824,1000,0.50,500,2,490,0.9821,24,9239.00,0.171874
4825,1000,0.50,500,2,490,1.0155,25,9416.00,0.300001
4826,1000,0.50,500,2,490,0.9734,26,9072.00,0.332553
4827,1000,0.50,500,2,490,0.9359,27,9159.00,0.351091
4828,1000,0.50,500,2,490,0.9662,28,9041.00,0.176403
4829,1000,0.50,500,2,490,1.0168,29,9561.00,0.337882
4830,1000,0.50,500,2,490,1.0004,30,9079.00,0.422129
4831,1000,0.50,500,2,490,0.9544,31,9285.00,0.265276
4832,1000,0.50,500,2,490,1.0694,32,2289.00,0.775094
4833,1000,0.50,500,2,490,0.9953,33,9601.00,0.229950
4834,1000,0.50,500,2,490,0.9926,34,9089.00,0.494257
4835,1000,0.50,500,2,490,0.9743,35,9071.00,0.052410
4836,1000,0.50,500,2,490,1.0157,36,9620.00,0.177060
4837,1000,0.50,500,2,490,0.9554,37,9424.00,0.310227
4838,1000,0.50,500,2,490,0.9641,38,9357.00,0.165306
4839,1000,0.50,500,2,490,1.0158,39,984.00,0.214412
4840,1000,0.50,500,2,490,1.0112,40,9417.00,0.424062
4841,1000,0.50,500,2,490,0.9947,41,9716.00,0.337574
4842,1000,0.50,500,2,490,0.9721,42,9688.00,0.242915
4843,1000,0.50,500,2,490,0.9532,43,9523.00,0.096899
4844,1000,0.50,500,2,490,0.9896,44,9710.00,0.301640
4845,1000,0.50,500,2,490,1.0308,45,9659.00,0.236874
4846,1000,0.50,500,2,490,0.9488,46,9433.00,0.359956
4847,1000,0.50,500,2,490,0.9978,47,9274.00,0.087053
4848,1000,0.50,500,2,490,0.9667,48,9456.00,0.164040
4849,1000,0.50,500,2,490,0.9686,49,9359.00,0.071089
4850,1000,0.50,500,2,490,0.9788,50,9564.00,0.131990
4851,1000,0.50,500,2,490,0.9795,51,9477.00,0.293608
4852,1000,0.50,500,2,490,0.9667,52,9220.00,0.098774
4853,1000,0.50,500,2,490,1.0160,53,4747.00,0.293971
4854,1000,0.50,500,2,490,1.0385,54,9532.00,0.147346
4855,1000,0.50,500,2,490,0.9435,55,9539.00,0.235657
4856,1000,0.50,500,2,490,1.0158,56,9450.00,0.427767
4857,1000,0.50,500,2,490,1.0424,57,9515.00,0.477410
4858,1000,0.50,500,2,490,1.0205,58,9600.00,0.112700
4859,1000,0.50,500,2,490,1.0440,59,2100.00,0.149385
4860,1000,0.50,500,2,490,0.9912,60,9545.00,0.164225
4861,1000,0.50,500,2,490,0.9766,61,9481.00,0.279963
4862,1000,0.50,500,2,490,1.0043,62,9336.00,0.108690
4863,1000,0.50,500,2,490,0.9929,63,5884.00,0.310983
4864,1000,0.50,500,2,490,0.9660,64,9578.00,0.119148
4865,1000,0.50,500,2,490,1.0619,65,3596.00,0.157510
4866,1000,0.50,500,2,490,0.9654,66,8964.00,0.491146
4867,1000,0.50,500,2,490,0.9237,67,9006.00,0.094873
4868,1000,0.50,500,2,490,1.0519,68,8578.00,0.169455
4869,1000,0.50,500,2,490,0.9918,69,9399.00,0.089916
4870,1000,0.50,500,2,490,0.9635,70,9051.00,0.312539
4871,1000,0.50,500,2,490,0.9476,71,9412.00,0.203706
4872,1000,0.50,500,2,490,0.9714,72,9100.00,0.138833
4873,1000,0.50,500,2,490,1.0378,73,9513.00,0.112904
4874,1000,0.50,500,2,490,0.9881,74,9400.00,0.221842
4875,1000,0.50,500,2,490,1.0265,75,4840.00,0.235926
4876,1000,0.50,500,2,490,1.0179,76,1120.00,0.434079
4877,1000,0.50,500,2,490,0.9885,77,9148.00,0.070572
4878,1000,0.50,500,2,490,1.0228,78,2445.00,0.123199
4879,1000,0.50,500,2,490,1.0313,79,9446.00,0.113024
4880,1000,0.50,500,2,490,1.0497,80,2424.00,0.336932
4881,1000,0.50,500,2,490,1.0063,81,9259.00,0.117986
4882,1000,0.50,500,2,490,0.9822,82,9121.00,0.075433
4883,1000,0.50,500,2,490,0.9751,83,9169.00,0.496729
4884,1000,0.50,500,2,490,0.9493,84,9338.00,0.082584
4885,1000,0.50,500,2,490,1.0402,85,9405.00,0.421333
4886,1000,0.50,500,2,490,1.0048,86,9226.00,0.239944
4887,1000,0.50,500,2,490,1.0617,87,231.00,0.129486
4888,1000,0.50,500,2,490,1.0265,88,9028.00,0.089076
4889,1000,0.50,500,2,490,1.0378,89,9236.00,0.129464
4890,1000,0.50,500,2,490,0.9850,90,9276.00,0.120540
4891,1000,0.50,500,2,490,1.0313,91,6368.00,0.498926
4892,1000,0.50,500,2,490,0.9071,92,9173.00,0.060929
4893,1000,0.50,500,2,490,0.9423,93,8953.00,0.158626
4894,1000,0.50,500,2,490,0.9370,94,9049.00,0.214508
4895,1000,0.50,500,2,490,0.9792,95,9057.00,0.133989
4896,1000,0.50,500,2,490,0.9220,96,9369.00,0.231136
4897,1000,0.50,500,2,490,0.9683,97,9472.00,0.285746
4898,1000,0.50,500,2,490,1.0666,98,3145.00,0.315518
4899,1000,0.50,500,2,490,0.9777,99,9613.00,0.147318
4900,1000,0.50,500,2,500,0.9892,0,9844.00,0.143560
4901,1000,0.50,500,2,500,0.9362,1,9611.00,0.080784
4902,1000,0.50,500,2,500,1.0150,2,9413.00,0.191707
4903,1000,0.50,500,2,500,1.0206,3,1665.00,0.325708
4904,1000,0.50,500,2,500,0.9512,4,9745.00,0.074600
4905,1000,0.50,500,2,500,0.9331,5,9360.00,0.095312
4906,1000,0.50,500,2,500,0.9380,6,9569.00,0.497973
4907,1000,0.50,500,2,500,1.0106,7,5513.00,0.123739
4908,1000,0.50,500,2,500,0.9893,8,9083.00,0.161842
4909,1000,0.50,500,2,500,1.0395,9,9484.00,0.212767
4910,1000,0.50,500,2,500,0.9887,10,2066.00,0.398353
4911,1000,0.50,500,2,500,0.9842,11,9177.00,0.063836
4912,1000,0.50,500,2,500,1.0599,12,3126.00,0.824772
4913,1000,0.50,500,2,500,0.9752,13,1281.00,0.476619
4914,1000,0.50,500,2,500,1.0228,14,9333.00,0.272533
4915,1000,0.50,500,2,500,1.0393,15,58.00,0.133981
4916,1000,0.50,500,2,500,0.9393,16,9156.00,0.222476
4917,1000,0.50,500,2,500,0.9967,17,9498.00,0.219582
4918,1000,0.50,500,2,500,0.9805,18,9530.00,0.273147
4919,1000,0.50,500,2,500,0.9445,19,9401.00,0.247830
4920,1000,0.50,500,2,500,0.9966,20,9533.00,0.321492
4921,1000,0.50,500,2,500,0.9979,21,9516.00,0.131523
4922,1000,0.50,500,2,500,0.9781,22,9501.00,0.137702
4923,1000,0.50,500,2,500,0.9870,23,9128.00,0.219256
4924,1000,0.50,500,2,500,1.0089,24,3805.00,0.154886
4925,1000,0.50,500,2,500,1.0285,25,5202.00,0.215846
4926,1000,0.50,500,2,500,0.9812,26,9680.00,0.227400
4927,1000,0.50,500,2,500,0.9488,27,9677.00,0.146971
4928,1000,0.50,500,2,500,0.9483,28,9488.00,0.243647
4929,1000,0.50,500,2,500,0.9962,29,9429.00,0.275035
4930,1000,0.50,500,2,500,1.0258,30,9526.00,0.421650
4931,1000,0.50,500,2,500,0.9761,31,9375.00,0.387569
4932,1000,0.50,500,2,500,1.0183,32,9201.00,0.208035
4933,1000,0.50,500,2,500,1.0231,33,9457.00,0.154812
4934,1000,0.50,500,2,500,1.0046,34,9575.00,0.090695
4935,1000,0.50,500,2,500,1.0318,35,9269.00,0.300084
4936,1000,0.50,500,2,500,0.9517,36,9321.00,0.232638
4937,1000,0.50,500,2,500,1.0370,37,313.00,0.136585
4938,1000,0.50,500,2,500,0.9854,38,9632.00,0.147379
4939,1000,0.50,500,2,500,1.0047,39,541.00,0.232780
4940,1000,0.50,500,2,500,0.9860,40,9619.00,0.358657
4941,1000,0.50,500,2,500,0.9799,41,3569.00,0.156161
4942,1000,0.50,500,2,500,1.0519,42,828.00,0.238066
4943,1000,0.50,500,2,500,1.0111,43,9427.00,0.186638
4944,1000,0.50,500,2,500,0.9984,44,9331.00,0.210504
4945,1000,0.50,500,2,500,1.0149,45,9502.00,0.540774
4946,1000,0.50,500,2,500,0.9888,46,9354.00,0.218983
4947,1000,0.50,500,2,500,1.0092,47,9317.00,0.282173
4948,1000,0.50,500,2,500,0.9962,48,4284.00,0.153713
4949,1000,0.50,500,2,500,0.9275,49,9203.00,0.324526
4950,1000,0.50,500,2,500,0.9996,50,9363.00,0.158060
4951,1000,0.50,500,2,500,1.0032,51,9494.00,0.197327
4952,1000,0.50,500,2,500,0.9965,52,9525.00,0.151794
4953,1000,0.50,500,2,500,1.0484,53,9610.00,0.148903
4954,1000,0.50,500,2,500,1.0035,54,1651.00,0.256024
4955,1000,0.50,500,2,500,1.0308,55,9400.00,0.118706
4956,1000,0.50,500,2,500,0.9511,56,9599.00,0.105564
4957,1000,0.50,500,2,500,1.0118,57,9183.00,0.283874
4958,1000,0.50,500,2,500,1.0897,58,9157.00,0.160658
4959,1000,0.50,500,2,500,0.9679,59,9386.00,0.499060
4960,1000,0.50,500,2,500,1.0270,60,8776.00,0.180667
4961,1000,0.50,500,2,500,0.9575,61,9510.00,0.183726
4962,1000,0.50,500,2,500,1.0106,62,6450.00,0.129910
4963,1000,0.50,500,2,500,0.9899,63,9363.00,0.105322
4964,1000,0.50,500,2,500,0.9759,64,9616.00,0.243151
4965,1000,0.50,500,2,500,1.0217,65,9609.00,0.190090
4966,1000,0.50,500,2,500,1.0485,66,9840.00,0.330185
4967,1000,0.50,500,2,500,0.9523,67,9724.00,0.231681
4968,1000,0.50,500,2,500,0.9961,68,9748.00,0.100148
4969,1000,0.50,500,2,500,1.0347,69,4711.00,0.122737
4970,1000,0.50,500,2,500,0.9947,70,3701.00,0.264653
4971,1000,0.50,500,2,500,0.9509,71,9387.00,0.091145
4972,1000,0.50,500,2,500,0.9767,72,3925.00,0.557048
4973,1000,0.50,500,2,500,0.9922,73,9241.00,0.238841
4974,1000,0.50,500,2,500,1.0161,74,10239.00,0.602101
4975,1000,0.50,500,2,500,1.0160,75,9588.00,0.086367
4976,1000,0.50,500,2,500,0.9988,76,9716.00,0.638146
4977,1000,0.50,500,2,500,1.0164,77,9572.00,0.239573
4978,1000,0.50,500,2,500,0.9773,78,9828.00,0.451968
4979,1000,0.50,500,2,500,0.9792,79,3420.00,0.114719
4980,1000,0.50,500,2,500,0.9917,80,5345.00,0.458045
4981,1000,0.50,500,2,500,1.0005,81,9585.00,0.351796
4982,1000,0.50,500,2,500,0.9804,82,5912.00,0.137392
4983,1000,0.50,500,2,500,1.0527,83,4059.00,0.117938
4984,1000,0.50,500,2,500,0.9869,84,9709.00,0.377479
4985,1000,0.50,500,2,500,0.9802,85,9726.00,0.122825
4986,1000,0.50,500,2,500,0.9565,86,9599.00,0.097281
4987,1000,0.50,500,2,500,1.0050,87,9690.00,0.143624
4988,1000,0.50,500,2,500,0.9804,88,3810.00,0.272285
4989,1000,0.50,500,2,500,0.9788,89,9891.00,0.489312
4990,1000,0.50,500,2,500,0.9940,90,9681.00,0.102076
4991,1000,0.50,500,2,500,1.0178,91,9627.00,0.186144
4992,1000,0.50,500,2,500,0.9385,92,9565.00,0.341762
4993,1000,0.50,500,2,500,0.9926,93,9530.00,0.263818
4994,1000,0.50,500,2,500,0.9406,94,9654.00,0.085142
4995,1000,0.50,500,2,500,1.0189,95,9589.00,0.097872
4996,1000,0.50,500,2,500,1.0067,96,9843.00,0.676064
4997,1000,0.50,500,2,500,0.9843,97,9848.00,0.105495
4998,1000,0.50,500,2,500,1.0202,98,9380.00,0.170381
4999,1000,0.50,500,2,500,0.9989,99,9472.00,0.219378
5000,1000,0.50,500,3,10,1.0050,0,333.00,3.585356
5001,1000,0.50,500,3,10,1.0006,1,294.00,18.466806
5002,1000,0.50,500,3,10,1.0261,2,308.00,5.189115
5003,1000,0.50,500,3,10,1.0148,3,311.00,21.767355
5004,1000,0.50,500,3,10,1.0546,4,304.00,12.216018
5005,1000,0.50,500,3,10,1.0493,5,302.00,33.719418
5006,1000,0.50,500,3,10,1.0292,6,310.00,27.182951
5007,1000,0.50,500,3,10,0.9749,7,316.00,10.556767
5008,1000,0.50,500,3,10,1.0496,8,291.00,2.401801
5009,1000,0.50,500,3,10,1.0155,9,304.00,15.819467
5010,1000,0.50,500,3,10,1.0007,10,320.00,23.269707
5011,1000,0.50,500,3,10,0.9391,11,295.00,12.890582
5012,1000,0.50,500,3,10,1.0049,12,297.00,4.390947
5013,1000,0.50,500,3,10,1.0354,13,311.00,0.489080
5014,1000,0.50,500,3,10,1.0000,14,312.00,3.641453
5015,1000,0.50,500,3,10,0.9801,15,298.00,10.230408
5016,1000,0.50,500,3,10,0.9828,16,304.00,18.035103
5017,1000,0.50,500,3,10,1.0402,17,324.00,26.367313
5018,1000,0.50,500,3,10,0.9912,18,326.00,22.941921
5019,1000,0.50,500,3,10,1.0221,19,288.00,2.274839
5020,1000,0.50,500,3,10,0.9214,20,313.00,0.604111
5021,1000,0.50,500,3,10,1.0474,21,329.00,10.458899
5022,1000,0.50,500,3,10,0.9965,22,323.00,31.652319
5023,1000,0.50,500,3,10,0.9764,23,337.00,5.512792
5024,1000,0.50,500,3,10,0.9570,24,305.00,10.580216
5025,1000,0.50,500,3,10,1.0088,25,330.00,0.566791
5026,1000,0.50,500,3,10,1.0099,26,305.00,9.747206
5027,1000,0.50,500,3,10,1.0112,27,316.00,14.064656
5028,1000,0.50,500,3,10,0.9454,28,307.00,5.559469
5029,1000,0.50,500,3,10,1.0161,29,300.00,4.111299
5030,1000,0.50,500,3,10,0.9873,30,295.00,3.262288
5031,1000,0.50,500,3,10,1.0342,31,311.00,17.506849
5032,1000,0.50,500,3,10,0.9492,32,299.00,4.965686
5033,1000,0.50,500,3,10,0.9957,33,319.00,24.012785
5034,1000,0.50,500,3,10,0.9965,34,301.00,58.991859
5035,1000,0.50,500,3,10,1.0107,35,290.00,21.817085
5036,1000,0.50,500,3,10,0.9819,36,322.00,2.196280
5037,1000,0.50,500,3,10,0.9524,37,289.00,1.073409
5038,1000,0.50,500,3,10,1.0571,38,321.00,9.427534
5039,1000,0.50,500,3,10,0.9850,39,300.00,2.437855
5040,1000,0.50,500,3,10,0.9632,40,306.00,9.240636
5041,1000,0.50,500,3,10,0.9639,41,337.00,2.821255
5042,1000,0.50,500,3,10,0.9810,42,310.00,28.066250
5043,1000,0.50,500,3,10,1.0012,43,304.00,4.341937
5044,1000,0.50,500,3,10,1.0240,44,299.00,5.082361
5045,1000,0.50,500,3,10,1.0275,45,298.00,0.778633
5046,1000,0.50,500,3,10,1.0611,46,341.00,2.671150
5047,1000,0.50,500,3,10,1.0244,47,313.00,25.952738
5048,1000,0.50,500,3,10,0.9592,48,294.00,0.736085
5049,1000,0.50,500,3,10,1.0554,49,318.00,0.841309
5050,1000,0.50,500,3,10,0.9920,50,310.00,6.262101
5051,1000,0.50,500,3,10,1.0184,51,321.00,4.858969
5052,1000,0.50,500,3,10,0.9660,52,321.00,4.824350
5053,1000,0.50,500,3,10,1.0601,53,311.00,54.353340
5054,1000,0.50,500,3,10,1.0172,54,320.00,1.332909
5055,1000,0.50,500,3,10,0.9689,55,291.00,27.269569
5056,1000,0.50,500,3,10,0.9679,56,275.00,8.202008
5057,1000,0.50,500,3,10,1.0144,57,297.00,0.353438
5058,1000,0.50,500,3,10,0.9646,58,292.00,16.593651
5059,1000,0.50,500,3,10,0.9721,59,295.00,19.236628
5060,1000,0.50,500,3,10,1.0326,60,290.00,0.611796
5061,1000,0.50,500,3,10,1.0729,61,299.00,6.276023
5062,1000,0.50,500,3,10,0.9973,62,305.00,19.966328
5063,1000,0.50,500,3,10,1.0020,63,321.00,12.554170
5064,1000,0.50,500,3,10,0.9985,64,304.00,9.562408
5065,1000,0.50,500,3,10,0.9932,65,316.00,39.633289
5066,1000,0.50,500,3,10,0.9590,66,299.00,0.743074
5067,1000,0.50,500,3,10,0.9627,67,333.00,16.089016
5068,1000,0.50,500,3,10,1.0170,68,291.00,2.369977
5069,1000,0.50,500,3,10,1.0050,69,303.00,5.083406
5070,1000,0.50,500,3,10,0.9968,70,310.00,1.266458
5071,1000,0.50,500,3,10,0.9782,71,315.00,1.645380
5072,1000,0.50,500,3,10,1.0155,72,308.00,12.422795
5073,1000,0.50,500,3,10,1.0488,73,329.00,0.152368
5074,1000,0.50,500,3,10,1.0200,74,296.00,22.064871
5075,1000,0.50,500,3,10,1.0326,75,304.00,8.151747
5076,1000,0.50,500,3,10,1.0539,76,312.00,11.916532
5077,1000,0.50,500,3,10,0.9793,77,314.00,1.646350
5078,1000,0.50,500,3,10,1.0115,78,318.00,0.713659
5079,1000,0.50,500,3,10,1.0130,79,315.00,2.057504
5080,1000,0.50,500,3,10,1.0119,80,306.00,31.369917
5081,1000,0.50,500,3,10,1.0011,81,279.00,34.204624
5082,1000,0.50,500,3,10,1.0168,82,304.00,1.747951
5083,1000,0.50,500,3,10,1.0248,83,268.00,12.024403
5084,1000,0.50,500,3,10,0.9796,84,305.00,24.727642
5085,1000,0.50,500,3,10,1.0579,85,308.00,6.345775
5086,1000,0.50,500,3,10,1.0382,86,289.00,25.021545
5087,1000,0.50,500,3,10,0.9634,87,298.00,22.340654
5088,1000,0.50,500,3,10,1.0088,88,289.00,1.928829
5089,1000,0.50,500,3,10,0.9782,89,298.00,16.005842
5090,1000,0.50,500,3,10,1.0238,90,319.00,0.838532
5091,1000,0.50,500,3,10,0.9726,91,290.00,1.745358
5092,1000,0.50,500,3,10,1.0101,92,310.00,10.669584
5093,1000,0.50,500,3,10,0.9983,93,313.00,8.625566
5094,1000,0.50,500,3,10,1.0554,94,309.00,7.300014
5095,1000,0.50,500,3,10,0.9971,95,324.00,23.062618
5096,1000,0.50,500,3,10,0.9500,96,290.00,5.945921
5097,1000,0.50,500,3,10,0.9760,97,291.00,1.464957
5098,1000,0.50,500,3,10,1.0159,98,287.00,1.031735
5099,1000,0.50,500,3,10,1.0176,99,324.00,16.712589
5100,1000,0.50,500,3,20,0.9954,0,559.00,27.048834
5101,1000,0.50,500,3,20,1.0326,1,601.00,0.846100
5102,1000,0.50,500,3,20,1.0235,2,584.00,14.479299
5103,1000,0.50,500,3,20,1.0165,3,554.00,0.419600
5104,1000,0.50,500,3,20,0.9895,4,588.00,7.329987
5105,1000,0.50,500,3,20,0.9690,5,575.00,14.148143
5106,1000,0.50,500,3,20,1.0111,6,607.00,25.536636
5107,1000,0.50,500,3,20,1.0417,7,595.00,1.029947
5108,1000,0.50,500,3,20,0.9948,8,567.00,18.574556
5109,1000,0.50,500,3,20,0.9327,9,572.00,1.528869
5110,1000,0.50,500,3,20,0.9758,10,594.00,7.774106
5111,1000,0.50,500,3,20,0.9947,11,584.00,1.183791
5112,1000,0.50,500,3,20,1.0351,12,578.00,15.482300
5113,1000,0.50,500,3,20,0.9332,13,542.00,1.271767
5114,1000,0.50,500,3,20,0.9803,14,552.00,0.535287
5115,1000,0.50,500,3,20,1.0311,15,606.00,1.279756
5116,1000,0.50,500,3,20,0.9848,16,562.00,3.044904
5117,1000,0.50,500,3,20,1.0115,17,549.00,2.403335
5118,1000,0.50,500,3,20,1.0053,18,551.00,2.345385
5119,1000,0.50,500,3,20,0.9613,19,548.00,7.718860
5120,1000,0.50,500,3,20,0.9729,20,553.00,0.699730
5121,1000,0.50,500,3,20,0.9573,21,548.00,9.869776
5122,1000,0.50,500,3,20,0.9567,22,567.00,1.622269
5123,1000,0.50,500,3,20,0.9296,23,575.00,10.241953
5124,1000,0.50,500,3,20,0.9788,24,539.00,1.742222
5125,1000,0.50,500,3,20,0.9595,25,588.00,11.571626
5126,1000,0.50,500,3,20,0.9950,26,583.00,2.821962
5127,1000,0.50,500,3,20,0.9813,27,582.00,2.691975
5128,1000,0.50,500,3,20,1.0260,28,579.00,3.948331
5129,1000,0.50,500,3,20,1.0737,29,556.00,5.964231
5130,1000,0.50,500,3,20,0.9942,30,575.00,1.237678
5131,1000,0.50,500,3,20,0.9533,31,539.00,2.245620
5132,1000,0.50,500,3,20,0.9578,32,537.00,20.719332
5133,1000,0.50,500,3,20,1.0390,33,566.00,1.255753
5134,1000,0.50,500,3,20,1.0355,34,559.00,1.261537
5135,1000,0.50,500,3,20,1.0363,35,596.00,19.277540
5136,1000,0.50,500,3,20,1.0148,36,565.00,42.513718
5137,1000,0.50,500,3,20,1.0765,37,544.00,11.349417
5138,1000,0.50,500,3,20,0.9751,38,602.00,3.637276
5139,1000,0.50,500,3,20,0.9650,39,545.00,20.880501
5140,1000,0.50,500,3,20,0.9663,40,575.00,1.003642
5141,1000,0.50,500,3,20,1.0322,41,617.00,2.119936
5142,1000,0.50,500,3,20,1.0475,42,565.00,6.586740
5143,1000,0.50,500,3,20,0.9810,43,572.00,15.073309
5144,1000,0.50,500,3,20,0.9423,44,568.00,5.125263
5145,1000,0.50,500,3,20,0.9924,45,571.00,10.871884
5146,1000,0.50,500,3,20,0.9854,46,571.00,9.736774
5147,1000,0.50,500,3,20,1.0297,47,582.00,5.473435
5148,1000,0.50,500,3,20,0.9967,48,608.00,7.426242
5149,1000,0.50,500,3,20,1.0312,49,585.00,3.782387
5150,1000,0.50,500,3,20,0.9707,50,578.00,17.266577
5151,1000,0.50,500,3,20,1.0058,51,561.00,0.833342
5152,1000,0.50,500,3,20,1.0273,52,613.00,5.751949
5153,1000,0.50,500,3,20,1.0424,53,568.00,20.328472
5154,1000,0.50,500,3,20,1.0224,54,572.00,6.089746
5155,1000,0.50,500,3,20,1.0475,55,565.00,4.706750
5156,1000,0.50,500,3,20,1.0473,56,547.00,2.046166
5157,1000,0.50,500,3,20,1.0214,57,581.00,7.757880
5158,1000,0.50,500,3,20,0.9957,58,576.00,0.315256
5159,1000,0.50,500,3,20,0.9797,59,569.00,0.608656
5160,1000,0.50,500,3,20,1.0280,60,569.00,13.017214
5161,1000,0.50,500,3,20,0.9963,61,570.00,5.827978
5162,1000,0.50,500,3,20,1.0350,62,557.00,0.480771
5163,1000,0.50,500,3,20,1.0015,63,561.00,25.141466
5164,1000,0.50,500,3,20,1.0602,64,567.00,1.763103
5165,1000,0.50,500,3,20,0.9784,65,540.00,2.462352
5166,1000,0.50,500,3,20,1.0152,66,570.00,0.075243
5167,1000,0.50,500,3,20,1.0055,67,549.00,1.608095
5168,1000,0.50,500,3,20,0.9549,68,552.00,1.120993
5169,1000,0.50,500,3,20,0.9615,69,555.00,35.087856
5170,1000,0.50,500,3,20,1.0044,70,546.00,4.243469
5171,1000,0.50,500,3,20,1.0092,71,564.00,5.361941
5172,1000,0.50,500,3,20,1.0260,72,572.00,1.196790
5173,1000,0.50,500,3,20,1.0071,73,571.00,0.883068
5174,1000,0.50,500,3,20,1.0201,74,594.00,4.125741
5175,1000,0.50,500,3,20,1.0071,75,552.00,1.867366
5176,1000,0.50,500,3,20,1.0335,76,570.00,0.847740
5177,1000,0.50,500,3,20,0.9806,77,602.00,3.687653
5178,1000,0.50,500,3,20,1.0313,78,552.00,0.643993
5179,1000,0.50,500,3,20,1.0002,79,560.00,6.223083
5180,1000,0.50,500,3,20,0.9968,80,569.00,2.682144
5181,1000,0.50,500,3,20,1.0266,81,539.00,11.026372
5182,1000,0.50,500,3,20,1.0137,82,581.00,1.153564
5183,1000,0.50,500,3,20,0.9976,83,564.00,3.531084
5184,1000,0.50,500,3,20,1.0177,84,565.00,5.873491
5185,1000,0.50,500,3,20,1.0080,85,563.00,13.407774
5186,1000,0.50,500,3,20,1.0138,86,570.00,1.511515
5187,1000,0.50,500,3,20,1.0147,87,542.00,5.636343
5188,1000,0.50,500,3,20,1.0744,88,586.00,15.502810
5189,1000,0.50,500,3,20,0.9904,89,556.00,4.675105
5190,1000,0.50,500,3,20,1.0658,90,553.00,16.469637
5191,1000,0.50,500,3,20,0.9622,91,584.00,7.301949
5192,1000,0.50,500,3,20,0.9837,92,541.00,0.488300
5193,1000,0.50,500,3,20,1.0265,93,600.00,12.225372
5194,1000,0.50,500,3,20,0.9998,94,549.00,1.142495
5195,1000,0.50,500,3,20,1.0237,95,550.00,10.064857
5196,1000,0.50,500,3,20,1.0340,96,592.00,26.783148
5197,1000,0.50,500,3,20,0.9602,97,530.00,0.171512
5198,1000,0.50,500,3,20,1.0015,98,580.00,5.381536
5199,1000,0.50,500,3,20,1.0143,99,542.00,18.304619
5200,1000,0.50,500,3,30,1.0000,0,812.00,19.804907
5201,1000,0.50,500,3,30,1.0218,1,808.00,3.194247
5202,1000,0.50,500,3,30,0.9875,2,836.00,3.018397
5203,1000,0.50,500,3,30,0.9948,3,851.00,2.349559
5204,1000,0.50,500,3,30,0.9770,4,860.00,3.576147
5205,1000,0.50,500,3,30,1.0557,5,838.00,0.579091
5206,1000,0.50,500,3,30,0.9747,6,853.00,7.069762
5207,1000,0.50,500,3,30,1.0251,7,858.00,24.081375
5208,1000,0.50,500,3,30,1.0099,8,849.00,11.219411
5209,1000,0.50,500,3,30,1.0112,9,842.00,0.445735
5210,1000,0.50,500,3,30,0.9802,10,889.00,21.836695
5211,1000,0.50,500,3,30,1.0047,11,838.00,3.960315
5212,1000,0.50,500,3,30,0.9637,12,812.00,0.602088
5213,1000,0.50,500,3,30,0.9982,13,792.00,23.187817
5214,1000,0.50,500,3,30,0.9901,14,856.00,2.016216
5215,1000,0.50,500,3,30,0.9531,15,814.00,2.312662
5216,1000,0.50,500,3,30,1.0138,16,810.00,12.274985
5217,1000,0.50,500,3,30,1.0360,17,846.00,11.689018
5218,1000,0.50,500,3,30,1.0285,18,824.00,0.452031
5219,1000,0.50,500,3,30,1.0410,19,851.00,6.765653
5220,1000,0.50,500,3,30,0.9719,20,791.00,1.325886
5221,1000,0.50,500,3,30,0.9937,21,804.00,1.652082
5222,1000,0.50,500,3,30,0.9989,22,879.00,3.599378
5223,1000,0.50,500,3,30,0.9847,23,856.00,7.513155
5224,1000,0.50,500,3,30,0.9756,24,821.00,1.192502
5225,1000,0.50,500,3,30,0.9669,25,823.00,4.551276
5226,1000,0.50,500,3,30,1.0078,26,813.00,2.027520
5227,1000,0.50,500,3,30,0.9870,27,814.00,0.613802
5228,1000,0.50,500,3,30,1.0279,28,797.00,2.743782
5229,1000,0.50,500,3,30,0.9850,29,797.00,6.397064
5230,1000,0.50,500,3,30,0.9747,30,822.00,0.927447
5231,1000,0.50,500,3,30,0.9703,31,846.00,2.395299
5232,1000,0.50,500,3,30,0.9753,32,859.00,6.458428
5233,1000,0.50,500,3,30,0.9863,33,802.00,2.111228
5234,1000,0.50,500,3,30,1.0042,34,855.00,1.335568
5235,1000,0.50,500,3,30,0.9933,35,852.00,6.844223
5236,1000,0.50,500,3,30,1.0319,36,849.00,0.351205
5237,1000,0.50,500,3,30,0.9454,37,850.00,0.530161
5238,1000,0.50,500,3,30,1.0119,38,817.00,2.439194
5239,1000,0.50,500,3,30,0.9919,39,855.00,0.064141
5240,1000,0.50,500,3,30,0.9787,40,791.00,2.286793
5241,1000,0.50,500,3,30,1.0501,41,830.00,1.241141
5242,1000,0.50,500,3,30,1.0235,42,813.00,3.527436
5243,1000,0.50,500,3,30,1.0105,43,832.00,5.864302
5244,1000,0.50,500,3,30,1.0555,44,858.00,8.477089
5245,1000,0.50,500,3,30,1.0023,45,821.00,1.337517
5246,1000,0.50,500,3,30,1.0268,46,846.00,4.706333
5247,1000,0.50,500,3,30,1.0453,47,824.00,5.695215
5248,1000,0.50,500,3,30,0.9637,48,802.00,1.014434
5249,1000,0.50,500,3,30,0.9488,49,847.00,2.720151
5250,1000,0.50,500,3,30,0.9739,50,816.00,2.406426
5251,1000,0.50,500,3,30,1.0145,51,857.00,13.913303
5252,1000,0.50,500,3,30,1.0030,52,836.00,28.457132
5253,1000,0.50,500,3,30,0.9966,53,844.00,1.286835
5254,1000,0.50,500,3,30,1.0350,54,862.00,0.861781
5255,1000,0.50,500,3,30,1.0363,55,834.00,19.468719
5256,1000,0.50,500,3,30,1.0084,56,805.00,1.524783
5257,1000,0.50,500,3,30,1.0294,57,804.00,6.604246
5258,1000,0.50,500,3,30,0.9781,58,840.00,4.555751
5259,1000,0.50,500,3,30,0.9799,59,818.00,6.015786
5260,1000,0.50,500,3,30,1.0070,60,820.00,5.469147
5261,1000,0.50,500,3,30,0.9951,61,805.00,2.501678
5262,1000,0.50,500,3,30,0.9460,62,838.00,0.238137
5263,1000,0.50,500,3,30,0.9977,63,819.00,0.913592
5264,1000,0.50,500,3,30,0.9701,64,846.00,1.214298
5265,1000,0.50,500,3,30,1.0126,65,806.00,4.001854
5266,1000,0.50,500,3,30,1.0319,66,861.00,2.510316
5267,1000,0.50,500,3,30,1.0189,67,818.00,11.803110
5268,1000,0.50,500,3,30,1.0193,68,828.00,1.687276
5269,1000,0.50,500,3,30,0.9913,69,824.00,0.763028
5270,1000,0.50,500,3,30,1.0116,70,924.00,9.316316
5271,1000,0.50,500,3,30,0.9869,71,850.00,7.414498
5272,1000,0.50,500,3,30,1.0246,72,859.00,8.542683
5273,1000,0.50,500,3,30,0.9571,73,798.00,2.686826
5274,1000,0.50,500,3,30,0.9986,74,825.00,0.466260
5275,1000,0.50,500,3,30,0.9529,75,817.00,0.747089
5276,1000,0.50,500,3,30,0.9504,76,798.00,12.269897
5277,1000,0.50,500,3,30,0.9437,77,807.00,2.258093
5278,1000,0.50,500,3,30,1.0055,78,808.00,0.194370
5279,1000,0.50,500,3,30,0.9112,79,853.00,3.690249
5280,1000,0.50,500,3,30,1.0127,80,837.00,0.678353
5281,1000,0.50,500,3,30,1.0069,81,859.00,6.794300
5282,1000,0.50,500,3,30,0.9535,82,888.00,10.674844
5283,1000,0.50,500,3,30,0.9839,83,861.00,3.232149
5284,1000,0.50,500,3,30,0.9848,84,873.00,7.003298
5285,1000,0.50,500,3,30,0.9889,85,847.00,9.745863
5286,1000,0.50,500,3,30,1.0306,86,874.00,6.632575
5287,1000,0.50,500,3,30,0.9664,87,815.00,2.755930
5288,1000,0.50,500,3,30,1.0396,88,806.00,1.099144
5289,1000,0.50,500,3,30,0.9898,89,854.00,2.429873
5290,1000,0.50,500,3,30,1.0011,90,845.00,0.305440
5291,1000,0.50,500,3,30,0.9858,91,826.00,3.376822
5292,1000,0.50,500,3,30,1.0130,92,860.00,6.034793
5293,1000,0.50,500,3,30,1.0201,93,778.00,3.528370
5294,1000,0.50,500,3,30,1.0273,94,846.00,0.610697
5295,1000,0.50,500,3,30,0.9549,95,799.00,0.460411
5296,1000,0.50,500,3,30,0.9751,96,847.00,0.850935
5297,1000,0.50,500,3,30,1.0407,97,838.00,7.299297
5298,1000,0.50,500,3,30,0.9781,98,795.00,1.399405
5299,1000,0.50,500,3,30,1.0381,99,830.00,2.949079
5300,1000,0.50,500,3,40,0.9936,0,1157.00,1.986882
5301,1000,0.50,500,3,40,0.9443,1,1073.00,19.620169
5302,1000,0.50,500,3,40,1.0550,2,528.00,0.418881
5303,1000,0.50,500,3,40,1.0215,3,1104.00,4.260854
5304,1000,0.50,500,3,40,0.9836,4,1105.00,3.604506
5305,1000,0.50,500,3,40,0.9438,5,1095.00,0.349667
5306,1000,0.50,500,3,40,1.0516,6,1126.00,17.388355
5307,1000,0.50,500,3,40,0.9171,7,1101.00,1.752492
5308,1000,0.50,500,3,40,0.9911,8,1139.00,2.109704
5309,1000,0.50,500,3,40,0.9910,9,1090.00,1.379378
5310,1000,0.50,500,3,40,1.0041,10,1071.00,3.425094
5311,1000,0.50,500,3,40,1.0400,11,1062.00,4.215689
5312,1000,0.50,500,3,40,0.9629,12,1105.00,2.241106
5313,1000,0.50,500,3,40,1.0305,13,1088.00,0.511738
5314,1000,0.50,500,3,40,1.0208,14,1082.00,0.931161
5315,1000,0.50,500,3,40,1.0284,15,1109.00,2.628424
5316,1000,0.50,500,3,40,0.9650,16,1097.00,2.859360
5317,1000,0.50,500,3,40,0.9739,17,1089.00,4.978400
5318,1000,0.50,500,3,40,1.0352,18,1153.00,0.295066
5319,1000,0.50,500,3,40,0.9912,19,1088.00,3.211264
5320,1000,0.50,500,3,40,1.0105,20,1104.00,29.815067
5321,1000,0.50,500,3,40,1.0224,21,1140.00,2.071057
5322,1000,0.50,500,3,40,0.9684,22,1053.00,14.346416
5323,1000,0.50,500,3,40,0.9426,23,1111.00,1.157430
5324,1000,0.50,500,3,40,0.9259,24,1094.00,0.058649
5325,1000,0.50,500,3,40,1.0530,25,1132.00,8.396999
5326,1000,0.50,500,3,40,1.0237,26,1111.00,4.659771
5327,1000,0.50,500,3,40,1.0443,27,1102.00,1.276302
5328,1000,0.50,500,3,40,1.0216,28,1060.00,7.020570
5329,1000,0.50,500,3,40,0.9943,29,1099.00,3.386533
5330,1000,0.50,500,3,40,1.0055,30,1150.00,2.567772
5331,1000,0.50,500,3,40,0.9888,31,1073.00,1.245653
5332,1000,0.50,500,3,40,0.9633,32,1062.00,0.277290
5333,1000,0.50,500,3,40,0.9535,33,1124.00,0.579158
5334,1000,0.50,500,3,40,1.0271,34,1099.00,21.616817
5335,1000,0.50,500,3,40,0.9709,35,1074.00,1.020862
5336,1000,0.50,500,3,40,0.9751,36,1100.00,17.246803
5337,1000,0.50,500,3,40,0.9877,37,1081.00,2.695747
5338,1000,0.50,500,3,40,0.9841,38,1061.00,3.558178
5339,1000,0.50,500,3,40,0.9812,39,1113.00,0.792851
5340,1000,0.50,500,3,40,0.9758,40,1069.00,0.478065
5341,1000,0.50,500,3,40,0.9759,41,1065.00,1.775241
5342,1000,0.50,500,3,40,1.0581,42,1124.00,8.840113
5343,1000,0.50,500,3,40,0.9754,43,1071.00,4.940896
5344,1000,0.50,500,3,40,1.0251,44,1093.00,2.801487
5345,1000,0.50,500,3,40,1.0171,45,1135.00,2.616581
5346,1000,0.50,500,3,40,0.9902,46,1104.00,20.538414
5347,1000,0.50,500,3,40,0.9799,47,1033.00,6.625590
5348,1000,0.50,500,3,40,0.9494,48,1075.00,3.051734
5349,1000,0.50,500,3,40,0.9692,49,1111.00,3.378754
5350,1000,0.50,500,3,40,1.0177,50,1114.00,1.468836
5351,1000,0.50,500,3,40,1.0512,51,1083.00,20.325966
5352,1000,0.50,500,3,40,0.9570,52,1068.00,0.250658
5353,1000,0.50,500,3,40,1.0333,53,1172.00,2.003597
5354,1000,0.50,500,3,40,1.0031,54,1097.00,10.948237
5355,1000,0.50,500,3,40,0.9892,55,1082.00,5.353098
5356,1000,0.50,500,3,40,0.9732,56,1111.00,0.314084
5357,1000,0.50,500,3,40,0.9871,57,1153.00,5.060238
5358,1000,0.50,500,3,40,0.9964,58,1135.00,1.140375
5359,1000,0.50,500,3,40,1.0053,59,1151.00,0.622240
5360,1000,0.50,500,3,40,0.9200,60,1155.00,10.109903
5361,1000,0.50,500,3,40,1.0284,61,1188.00,14.297084
5362,1000,0.50,500,3,40,1.0380,62,1120.00,1.845664
5363,1000,0.50,500,3,40,1.0033,63,1183.00,0.791086
5364,1000,0.50,500,3,40,0.9696,64,1097.00,2.226035
5365,1000,0.50,500,3,40,0.9980,65,1173.00,0.556511
5366,1000,0.50,500,3,40,0.9728,66,1170.00,7.440769
5367,1000,0.50,500,3,40,0.9411,67,1157.00,0.163535
5368,1000,0.50,500,3,40,1.0170,68,1117.00,2.983183
5369,1000,0.50,500,3,40,0.9806,69,1120.00,1.985247
5370,1000,0.50,500,3,40,1.0542,70,1147.00,0.640567
5371,1000,0.50,500,3,40,0.9681,71,1126.00,11.084692
5372,1000,0.50,500,3,40,1.0217,72,711.00,1.768748
5373,1000,0.50,500,3,40,1.0077,73,1129.00,5.488019
5374,1000,0.50,500,3,40,1.0596,74,1138.00,2.811661
5375,1000,0.50,500,3,40,0.9674,75,1161.00,0.803667
5376,1000,0.50,500,3,40,1.0063,76,1157.00,0.602267
5377,1000,0.50,500,3,40,1.0526,77,1179.00,6.068272
5378,1000,0.50,500,3,40,0.9645,78,1154.00,23.636236
5379,1000,0.50,500,3,40,0.9957,79,1104.00,0.348510
5380,1000,0.50,500,3,40,0.9736,80,1131.00,13.650163
5381,1000,0.50,500,3,40,0.9886,81,1061.00,1.160812
5382,1000,0.50,500,3,40,0.9956,82,1096.00,2.768646
5383,1000,0.50,500,3,40,1.0431,83,1116.00,5.574968
5384,1000,0.50,500,3,40,0.9999,84,1162.00,3.573031
5385,1000,0.50,500,3,40,0.9791,85,1118.00,2.605222
5386,1000,0.50,500,3,40,0.9836,86,1117.00,1.199890
5387,1000,0.50,500,3,40,1.0194,87,1075.00,1.626583
5388,1000,0.50,500,3,40,0.9633,88,1078.00,12.611418
5389,1000,0.50,500,3,40,1.0213,89,1078.00,7.159009
5390,1000,0.50,500,3,40,0.9808,90,1110.00,3.136969
5391,1000,0.50,500,3,40,1.0525,91,1109.00,2.605567
5392,1000,0.50,500,3,40,1.0193,92,1091.00,1.750465
5393,1000,0.50,500,3,40,1.0495,93,1082.00,0.999560
5394,1000,0.50,500,3,40,0.9483,94,1087.00,17.398638
5395,1000,0.50,500,3,40,1.0264,95,1099.00,5.069174
5396,1000,0.50,500,3,40,1.0046,96,1087.00,1.083697
5397,1000,0.50,500,3,40,1.0355,97,1094.00,2.352113
5398,1000,0.50,500,3,40,1.0246,98,1123.00,11.766272
5399,1000,0.50,500,3,40,0.9960,99,1110.00,2.325335
5400,1000,0.50,500,3,50,0.9828,0,1361.00,0.146799
5401,1000,0.50,500,3,50,0.9720,1,1366.00,2.616330
5402,1000,0.50,500,3,50,1.0068,2,1376.00,3.626708
5403,1000,0.50,500,3,50,0.9161,3,1330.00,8.074215
5404,1000,0.50,500,3,50,1.0292,4,1395.00,0.495317
5405,1000,0.50,500,3,50,1.0174,5,1416.00,0.819965
5406,1000,0.50,500,3,50,0.9844,6,1290.00,1.036976
5407,1000,0.50,500,3,50,0.9910,7,1364.00,10.051960
5408,1000,0.50,500,3,50,0.9862,8,1365.00,0.657797
5409,1000,0.50,500,3,50,0.9821,9,1361.00,0.816842
5410,1000,0.50,500,3,50,1.0128,10,1290.00,0.486190
5411,1000,0.50,500,3,50,0.9764,11,1396.00,4.029483
5412,1000,0.50,500,3,50,0.9918,12,1328.00,1.449405
5413,1000,0.50,500,3,50,0.9894,13,1363.00,1.845598
5414,1000,0.50,500,3,50,0.9680,14,1394.00,3.910511
5415,1000,0.50,500,3,50,1.0157,15,1326.00,9.598749
5416,1000,0.50,500,3,50,1.0387,16,139.00,1.157330
5417,1000,0.50,500,3,50,0.9653,17,1384.00,2.956615
5418,1000,0.50,500,3,50,1.0392,18,1424.00,0.983175
5419,1000,0.50,500,3,50,0.9705,19,1371.00,1.234066
5420,1000,0.50,500,3,50,1.0333,20,1346.00,0.915766
5421,1000,0.50,500,3,50,0.9944,21,1398.00,8.095160
5422,1000,0.50,500,3,50,1.0160,22,1370.00,6.659919
5423,1000,0.50,500,3,50,0.9680,23,1316.00,9.550247
5424,1000,0.50,500,3,50,0.9886,24,1333.00,1.888785
5425,1000,0.50,500,3,50,0.9536,25,1386.00,1.877688
5426,1000,0.50,500,3,50,0.9839,26,1363.00,4.213347
5427,1000,0.50,500,3,50,1.0501,27,1365.00,6.412857
5428,1000,0.50,500,3,50,1.0472,28,1396.00,6.645740
5429,1000,0.50,500,3,50,0.9876,29,1395.00,4.376260
5430,1000,0.50,500,3,50,1.0288,30,1355.00,3.092690
5431,1000,0.50,500,3,50,0.9716,31,1348.00,2.321459
5432,1000,0.50,500,3,50,1.0003,32,1316.00,0.182012
5433,1000,0.50,500,3,50,0.9924,33,1421.00,17.644814
5434,1000,0.50,500,3,50,0.9960,34,1334.00,0.445139
5435,1000,0.50,500,3,50,0.9892,35,1363.00,1.908793
5436,1000,0.50,500,3,50,0.9593,36,1378.00,1.829170
5437,1000,0.50,500,3,50,1.0387,37,1416.00,1.254968
5438,1000,0.50,500,3,50,1.0065,38,1451.00,5.796682
5439,1000,0.50,500,3,50,0.9895,39,1355.00,0.780689
5440,1000,0.50,500,3,50,0.9873,40,1317.00,0.959049
5441,1000,0.50,500,3,50,0.9415,41,1355.00,1.089832
5442,1000,0.50,500,3,50,0.9985,42,1389.00,0.203135
5443,1000,0.50,500,3,50,0.9713,43,1354.00,1.629766
5444,1000,0.50,500,3,50,1.0671,44,1366.00,2.089060
5445,1000,0.50,500,3,50,0.9558,45,1305.00,0.223530
5446,1000,0.50,500,3,50,0.9493,46,1327.00,0.558734
5447,1000,0.50,500,3,50,0.9702,47,1368.00,1.109308
5448,1000,0.50,500,3,50,0.9818,48,1340.00,1.206593
5449,1000,0.50,500,3,50,0.9056,49,1352.00,12.361909
5450,1000,0.50,500,3,50,1.0315,50,1374.00,6.113201
5451,1000,0.50,500,3,50,0.9822,51,1379.00,7.578671
5452,1000,0.50,500,3,50,0.9674,52,1376.00,0.631449
5453,1000,0.50,500,3,50,0.9948,53,1365.00,1.593547
5454,1000,0.50,500,3,50,1.0280,54,1355.00,1.964385
5455,1000,0.50,500,3,50,0.9948,55,1344.00,1.721614
5456,1000,0.50,500,3,50,1.0060,56,1367.00,0.249033
5457,1000,0.50,500,3,50,1.0511,57,1360.00,0.389688
5458,1000,0.50,500,3,50,1.0016,58,1359.00,25.369751
5459,1000,0.50,500,3,50,0.9990,59,1311.00,0.737640
5460,1000,0.50,500,3,50,0.9883,60,1346.00,7.210896
5461,1000,0.50,500,3,50,0.9991,61,1354.00,8.105470
5462,1000,0.50,500,3,50,1.0357,62,1306.00,1.181293
5463,1000,0.50,500,3,50,0.9872,63,1333.00,0.755920
5464,1000,0.50,500,3,50,1.0139,64,1359.00,2.143631
5465,1000,0.50,500,3,50,1.0518,65,1363.00,5.901439
5466,1000,0.50,500,3,50,0.9913,66,1363.00,0.380852
5467,1000,0.50,500,3,50,0.9689,67,1324.00,1.329697
5468,1000,0.50,500,3,50,1.0055,68,1381.00,0.615278
5469,1000,0.50,500,3,50,0.9911,69,1350.00,4.489512
5470,1000,0.50,500,3,50,0.9980,70,1390.00,4.245145
5471,1000,0.50,500,3,50,0.9542,71,1389.00,1.144053
5472,1000,0.50,500,3,50,0.9586,72,1370.00,3.369260
5473,1000,0.50,500,3,50,0.9819,73,1400.00,3.830677
5474,1000,0.50,500,3,50,1.0044,74,1409.00,3.488562
5475,1000,0.50,500,3,50,1.0008,75,1363.00,3.106987
5476,1000,0.50,500,3,50,1.0608,76,1337.00,8.886562
5477,1000,0.50,500,3,50,0.9940,77,1351.00,0.233999
5478,1000,0.50,500,3,50,0.9786,78,1351.00,1.321272
5479,1000,0.50,500,3,50,1.0391,79,1367.00,10.522177
5480,1000,0.50,500,3,50,0.9244,80,1394.00,2.941288
5481,1000,0.50,500,3,50,0.9938,81,1426.00,1.722860
5482,1000,0.50,500,3,50,1.0203,82,1441.00,1.252111
5483,1000,0.50,500,3,50,1.0079,83,1361.00,1.857921
5484,1000,0.50,500,3,50,0.9600,84,1364.00,3.467463
5485,1000,0.50,500,3,50,0.9857,85,1360.00,3.702937
5486,1000,0.50,500,3,50,1.0030,86,1391.00,1.994113
5487,1000,0.50,500,3,50,1.0204,87,1340.00,0.424634
5488,1000,0.50,500,3,50,0.9609,88,1349.00,0.990106
5489,1000,0.50,500,3,50,0.9592,89,1307.00,0.821837
5490,1000,0.50,500,3,50,1.0069,90,1366.00,11.937406
5491,1000,0.50,500,3,50,1.0340,91,1361.00,7.587683
5492,1000,0.50,500,3,50,1.0459,92,1323.00,1.986683
5493,1000,0.50,500,3,50,1.0066,93,1365.00,1.154273
5494,1000,0.50,500,3,50,0.9998,94,1393.00,2.751259
5495,1000,0.50,500,3,50,1.0015,95,1359.00,2.969163
5496,1000,0.50,500,3,50,0.9818,96,1341.00,4.211611
5497,1000,0.50,500,3,50,1.0622,97,1340.00,0.275787
5498,1000,0.50,500,3,50,0.9778,98,1371.00,0.495949
5499,1000,0.50,500,3,50,1.0406,99,1361.00,7.567895
5500,1000,0.50,500,3,60,0.9760,0,1608.00,3.183242
5501,1000,0.50,500,3,60,0.9877,1,1590.00,5.707974
5502,1000,0.50,500,3,60,0.9536,2,1609.00,2.377230
5503,1000,0.50,500,3,60,1.0135,3,1639.00,2.933832
5504,1000,0.50,500,3,60,0.9450,4,1631.00,16.205544
5505,1000,0.50,500,3,60,1.0221,5,1583.00,0.563446
5506,1000,0.50,500,3,60,1.0190,6,1614.00,0.455376
5507,1000,0.50,500,3,60,0.9821,7,1700.00,1.885639
5508,1000,0.50,500,3,60,0.9512,8,1633.00,2.391715
5509,1000,0.50,500,3,60,1.0098,9,1608.00,0.902475
5510,1000,0.50,500,3,60,0.9671,10,1587.00,1.543749
5511,1000,0.50,500,3,60,0.9721,11,1570.00,1.016111
5512,1000,0.50,500,3,60,1.0336,12,1596.00,0.830486
5513,1000,0.50,500,3,60,1.0397,13,1629.00,1.196909
5514,1000,0.50,500,3,60,1.0586,14,1683.00,3.787337
5515,1000,0.50,500,3,60,0.9508,15,1587.00,0.370118
5516,1000,0.50,500,3,60,1.0383,16,1644.00,6.608347
5517,1000,0.50,500,3,60,1.0014,17,1617.00,0.469013
5518,1000,0.50,500,3,60,1.0574,18,1627.00,0.450799
5519,1000,0.50,500,3,60,0.9911,19,1548.00,0.822519
5520,1000,0.50,500,3,60,0.9967,20,1664.00,0.946684
5521,1000,0.50,500,3,60,1.0006,21,1561.00,0.146914
5522,1000,0.50,500,3,60,0.9584,22,1548.00,4.910292
5523,1000,0.50,500,3,60,0.9376,23,1638.00,11.882325
5524,1000,0.50,500,3,60,1.0158,24,1595.00,2.947309
5525,1000,0.50,500,3,60,0.9737,25,1612.00,2.829687
5526,1000,0.50,500,3,60,1.0019,26,1651.00,5.635361
5527,1000,0.50,500,3,60,0.9309,27,1634.00,2.961862
5528,1000,0.50,500,3,60,1.0257,28,1683.00,0.634438
5529,1000,0.50,500,3,60,0.9572,29,1652.00,0.873238
5530,1000,0.50,500,3,60,1.0351,30,1652.00,2.367935
5531,1000,0.50,500,3,60,0.9609,31,1651.00,2.699852
5532,1000,0.50,500,3,60,1.0804,32,1616.00,0.538847
5533,1000,0.50,500,3,60,1.0006,33,1619.00,4.886450
5534,1000,0.50,500,3,60,1.0327,34,1607.00,2.101477
5535,1000,0.50,500,3,60,1.0063,35,1608.00,3.302826
5536,1000,0.50,500,3,60,0.9898,36,1690.00,1.533563
5537,1000,0.50,500,3,60,0.9774,37,1663.00,2.963306
5538,1000,0.50,500,3,60,0.9556,38,1644.00,5.276057
5539,1000,0.50,500,3,60,1.0192,39,1657.00,0.792380
5540,1000,0.50,500,3,60,1.0203,40,1681.00,0.400848
5541,1000,0.50,500,3,60,1.0461,41,1594.00,1.320633
5542,1000,0.50,500,3,60,0.9818,42,1573.00,6.597900
5543,1000,0.50,500,3,60,1.0238,43,1629.00,1.143287
5544,1000,0.50,500,3,60,1.0068,44,1663.00,0.099551
5545,1000,0.50,500,3,60,1.0443,45,952.00,0.807453
5546,1000,0.50,500,3,60,0.9884,46,1572.00,2.841056
5547,1000,0.50,500,3,60,1.0011,47,1617.00,1.228682
5548,1000,0.50,500,3,60,1.0550,48,1657.00,0.712489
5549,1000,0.50,500,3,60,0.9691,49,1605.00,0.326338
5550,1000,0.50,500,3,60,1.0502,50,1620.00,0.827265
5551,1000,0.50,500,3,60,0.9786,51,1683.00,1.849400
5552,1000,0.50,500,3,60,0.9611,52,1698.00,0.085731
5553,1000,0.50,500,3,60,1.0542,53,1697.00,11.756871
5554,1000,0.50,500,3,60,1.0492,54,1673.00,19.124521
5555,1000,0.50,500,3,60,0.9743,55,1711.00,4.935948
5556,1000,0.50,500,3,60,1.0036,56,1660.00,0.618521
5557,1000,0.50,500,3,60,0.9628,57,1720.00,1.899765
5558,1000,0.50,500,3,60,0.9749,58,1639.00,0.541149
5559,1000,0.50,500,3,60,1.0150,59,1579.00,2.394615
5560,1000,0.50,500,3,60,0.9740,60,1641.00,1.315844
5561,1000,0.50,500,3,60,1.0336,61,1646.00,0.916831
5562,1000,0.50,500,3,60,1.0118,62,1588.00,5.231736
5563,1000,0.50,500,3,60,0.9661,63,1626.00,0.618286
5564,1000,0.50,500,3,60,1.0204,64,1577.00,0.531256
5565,1000,0.50,500,3,60,0.9973,65,1581.00,2.608087
5566,1000,0.50,500,3,60,0.9646,66,1651.00,6.033222
5567,1000,0.50,500,3,60,0.9931,67,1691.00,6.129297
5568,1000,0.50,500,3,60,1.0046,68,1634.00,0.272456
5569,1000,0.50,500,3,60,0.9920,69,1562.00,1.192787
5570,1000,0.50,500,3,60,0.9970,70,1568.00,0.279789
5571,1000,0.50,500,3,60,0.9222,71,1638.00,1.362287
5572,1000,0.50,500,3,60,0.9578,72,1625.00,2.530768
5573,1000,0.50,500,3,60,1.0373,73,1610.00,0.484619
5574,1000,0.50,500,3,60,0.9642,74,1670.00,0.210383
5575,1000,0.50,500,3,60,0.9471,75,1625.00,5.769164
5576,1000,0.50,500,3,60,1.0013,76,1604.00,3.032407
5577,1000,0.50,500,3,60,0.9842,77,1608.00,1.520499
5578,1000,0.50,500,3,60,0.9968,78,1655.00,5.266660
5579,1000,0.50,500,3,60,0.9815,79,1691.00,4.032004
5580,1000,0.50,500,3,60,1.0123,80,1681.00,4.827890
5581,1000,0.50,500,3,60,0.9981,81,1660.00,1.780323
5582,1000,0.50,500,3,60,1.0110,82,1562.00,0.644706
5583,1000,0.50,500,3,60,1.0536,83,1604.00,1.731884
5584,1000,0.50,500,3,60,1.0132,84,1648.00,5.066547
5585,1000,0.50,500,3,60,0.9443,85,1646.00,0.907783
5586,1000,0.50,500,3,60,1.0353,86,1617.00,1.200264
5587,1000,0.50,500,3,60,0.9667,87,1595.00,0.635220
5588,1000,0.50,500,3,60,0.9933,88,1636.00,1.848983
5589,1000,0.50,500,3,60,1.0060,89,1599.00,0.954597
5590,1000,0.50,500,3,60,0.9370,90,1612.00,0.516881
5591,1000,0.50,500,3,60,1.1071,91,1691.00,2.152165
5592,1000,0.50,500,3,60,1.0109,92,1623.00,1.953881
5593,1000,0.50,500,3,60,1.0091,93,1594.00,3.503137
5594,1000,0.50,500,3,60,1.0515,94,1601.00,1.558726
5595,1000,0.50,500,3,60,0.9987,95,1617.00,5.145336
5596,1000,0.50,500,3,60,0.9891,96,1555.00,0.183327
5597,1000,0.50,500,3,60,1.0166,97,1624.00,0.450638
5598,1000,0.50,500,3,60,0.9593,98,1689.00,4.228870
5599,1000,0.50,500,3,60,0.9746,99,1740.00,0.176681
5600,1000,0.50,500,3,70,0.9873,0,1978.00,5.353782
5601,1000,0.50,500,3,70,1.0325,1,1884.00,0.715049
5602,1000,0.50,500,3,70,1.0034,2,1941.00,3.459438
5603,1000,0.50,500,3,70,1.0277,3,1854.00,1.111308
5604,1000,0.50,500,3,70,1.0096,4,1897.00,0.748613
5605,1000,0.50,500,3,70,0.9611,5,1890.00,1.253000
5606,1000,0.50,500,3,70,0.9444,6,1858.00,2.855743
5607,1000,0.50,500,3,70,1.0264,7,1882.00,2.653400
5608,1000,0.50,500,3,70,1.0053,8,1861.00,0.757522
5609,1000,0.50,500,3,70,1.0101,9,1908.00,1.028193
5610,1000,0.50,500,3,70,1.0115,10,1885.00,1.855918
5611,1000,0.50,500,3,70,1.0395,11,1875.00,2.475065
5612,1000,0.50,500,3,70,0.9852,12,1837.00,0.246480
5613,1000,0.50,500,3,70,0.9944,13,1942.00,0.266402
5614,1000,0.50,500,3,70,0.9818,14,1876.00,1.424489
5615,1000,0.50,500,3,70,0.9916,15,1859.00,1.778947
5616,1000,0.50,500,3,70,0.9814,16,1862.00,2.430171
5617,1000,0.50,500,3,70,1.0174,17,1906.00,1.223979
5618,1000,0.50,500,3,70,0.9980,18,1871.00,9.839077
5619,1000,0.50,500,3,70,0.9498,19,1845.00,2.286687
5620,1000,0.50,500,3,70,1.0123,20,1946.00,0.732855
5621,1000,0.50,500,3,70,1.0155,21,1828.00,0.729463
5622,1000,0.50,500,3,70,0.9580,22,1866.00,1.307194
5623,1000,0.50,500,3,70,1.0016,23,1883.00,3.174165
5624,1000,0.50,500,3,70,0.9537,24,1881.00,1.407579
5625,1000,0.50,500,3,70,0.9891,25,1832.00,0.263560
5626,1000,0.50,500,3,70,1.0161,26,1903.00,0.457361
5627,1000,0.50,500,3,70,0.9879,27,1954.00,0.334896
5628,1000,0.50,500,3,70,0.9478,28,1878.00,1.186383
5629,1000,0.50,500,3,70,1.0278,29,1951.00,4.018678
5630,1000,0.50,500,3,70,0.9686,30,1862.00,2.647304
5631,1000,0.50,500,3,70,1.0112,31,1880.00,0.537021
5632,1000,0.50,500,3,70,0.9859,32,1863.00,0.449827
5633,1000,0.50,500,3,70,0.9453,33,1894.00,0.172759
5634,1000,0.50,500,3,70,0.9745,34,1818.00,0.496358
5635,1000,0.50,500,3,70,1.0075,35,1860.00,1.207879
5636,1000,0.50,500,3,70,1.0343,36,1925.00,2.099600
5637,1000,0.50,500,3,70,1.0846,37,562.00,0.478299
5638,1000,0.50,500,3,70,0.9760,38,1866.00,3.976206
5639,1000,0.50,500,3,70,1.0038,39,1985.00,0.850699
5640,1000,0.50,500,3,70,0.9981,40,1964.00,2.894076
5641,1000,0.50,500,3,70,0.9768,41,1974.00,9.991944
5642,1000,0.50,500,3,70,0.9499,42,1939.00,1.574587
5643,1000,0.50,500,3,70,1.0426,43,1950.00,9.211931
5644,1000,0.50,500,3,70,1.0084,44,1879.00,1.625168
5645,1000,0.50,500,3,70,1.0371,45,1834.00,2.040737
5646,1000,0.50,500,3,70,1.0104,46,1933.00,0.826628
5647,1000,0.50,500,3,70,0.9666,47,1893.00,0.258094
5648,1000,0.50,500,3,70,1.0598,48,1852.00,2.850456
5649,1000,0.50,500,3,70,1.0020,49,1858.00,2.078564
5650,1000,0.50,500,3,70,0.9848,50,1851.00,0.742000
5651,1000,0.50,500,3,70,0.9506,51,1849.00,1.625785
5652,1000,0.50,500,3,70,1.0210,52,1940.00,0.519017
5653,1000,0.50,500,3,70,0.9494,53,1793.00,0.757512
5654,1000,0.50,500,3,70,1.0140,54,1935.00,0.261850
5655,1000,0.50,500,3,70,0.9992,55,1818.00,0.907617
5656,1000,0.50,500,3,70,1.0291,56,1775.00,0.428123
5657,1000,0.50,500,3,70,1.0167,57,1917.00,1.923165
5658,1000,0.50,500,3,70,1.0590,58,1902.00,0.412104
5659,1000,0.50,500,3,70,1.0057,59,1975.00,0.475037
5660,1000,0.50,500,3,70,0.9933,60,1864.00,2.986017
5661,1000,0.50,500,3,70,0.9781,61,1929.00,0.585956
5662,1000,0.50,500,3,70,1.0115,62,1949.00,2.682244
5663,1000,0.50,500,3,70,0.9828,63,1907.00,0.889200
5664,1000,0.50,500,3,70,1.0035,64,1867.00,11.858217
5665,1000,0.50,500,3,70,0.9760,65,1902.00,0.855067
5666,1000,0.50,500,3,70,0.9827,66,1925.00,1.311343
5667,1000,0.50,500,3,70,1.0009,67,1856.00,2.474892
5668,1000,0.50,500,3,70,1.0149,68,1906.00,3.480512
5669,1000,0.50,500,3,70,1.0057,69,1865.00,2.047454
5670,1000,0.50,500,3,70,1.0008,70,1843.00,0.192410
5671,1000,0.50,500,3,70,1.0183,71,1921.00,0.938556
5672,1000,0.50,500,3,70,0.9750,72,1865.00,1.753567
5673,1000,0.50,500,3,70,0.9858,73,1946.00,0.926048
5674,1000,0.50,500,3,70,1.0255,74,1897.00,7.127969
5675,1000,0.50,500,3,70,0.9496,75,1865.00,2.874031
5676,1000,0.50,500,3,70,1.0296,76,1862.00,2.755508
5677,1000,0.50,500,3,70,1.0258,77,1938.00,0.575426
5678,1000,0.50,500,3,70,1.0568,78,1931.00,1.910350
5679,1000,0.50,500,3,70,1.0170,79,1852.00,3.720260
5680,1000,0.50,500,3,70,1.0132,80,1885.00,0.820852
5681,1000,0.50,500,3,70,0.9620,81,1924.00,0.913463
5682,1000,0.50,500,3,70,0.9974,82,1779.00,1.031698
5683,1000,0.50,500,3,70,0.9607,83,1908.00,14.192822
5684,1000,0.50,500,3,70,0.9480,84,1920.00,2.475471
5685,1000,0.50,500,3,70,0.9591,85,1899.00,2.710116
5686,1000,0.50,500,3,70,0.9277,86,1874.00,1.292454
5687,1000,0.50,500,3,70,0.9217,87,1874.00,1.178609
5688,1000,0.50,500,3,70,1.0361,88,1935.00,2.259444
5689,1000,0.50,500,3,70,1.0348,89,1907.00,0.872843
5690,1000,0.50,500,3,70,1.0600,90,1831.00,4.669927
5691,1000,0.50,500,3,70,1.0025,91,1921.00,0.751466
5692,1000,0.50,500,3,70,1.0484,92,1927.00,0.894296
5693,1000,0.50,500,3,70,0.9970,93,1895.00,14.155905
5694,1000,0.50,500,3,70,0.9690,94,1856.00,1.571486
5695,1000,0.50,500,3,70,0.9790,95,1938.00,3.010020
5696,1000,0.50,500,3,70,1.0193,96,1865.00,3.348317
5697,1000,0.50,500,3,70,0.9137,97,1893.00,1.302869
5698,1000,0.50,500,3,70,0.9541,98,1861.00,0.332720
5699,1000,0.50,500,3,70,1.0274,99,1976.00,4.340418
5700,1000,0.50,500,3,80,1.0314,0,2207.00,0.372096
5701,1000,0.50,500,3,80,0.9593,1,2145.00,0.361092
5702,1000,0.50,500,3,80,1.0172,2,1753.00,1.849687
5703,1000,0.50,500,3,80,1.0311,3,2185.00,0.525832
5704,1000,0.50,500,3,80,0.9749,4,2182.00,3.096052
5705,1000,0.50,500,3,80,0.9804,5,2181.00,0.934982
5706,1000,0.50,500,3,80,1.0010,6,2080.00,3.383303
5707,1000,0.50,500,3,80,0.9829,7,2137.00,1.750710
5708,1000,0.50,500,3,80,1.0197,8,2228.00,5.305728
5709,1000,0.50,500,3,80,0.9502,9,2168.00,1.499881
5710,1000,0.50,500,3,80,1.0101,10,2192.00,3.483941
5711,1000,0.50,500,3,80,0.9503,11,2210.00,2.553059
5712,1000,0.50,500,3,80,1.0962,12,2215.00,1.374166
5713,1000,0.50,500,3,80,0.9678,13,2160.00,0.182552
5714,1000,0.50,500,3,80,1.0088,14,2099.00,0.599538
5715,1000,0.50,500,3,80,1.0110,15,2151.00,0.898579
5716,1000,0.50,500,3,80,1.0932,16,2161.00,2.636616
5717,1000,0.50,500,3,80,1.0396,17,2176.00,1.601002
5718,1000,0.50,500,3,80,0.9953,18,2128.00,0.267705
5719,1000,0.50,500,3,80,0.9816,19,2162.00,2.688221
5720,1000,0.50,500,3,80,1.0669,20,2173.00,4.077361
5721,1000,0.50,500,3,80,0.9750,21,2141.00,0.822363
5722,1000,0.50,500,3,80,0.9311,22,2096.00,0.317731
5723,1000,0.50,500,3,80,0.9509,23,2108.00,4.538967
5724,1000,0.50,500,3,80,1.0015,24,2159.00,3.607555
5725,1000,0.50,500,3,80,1.0045,25,2130.00,2.599358
5726,1000,0.50,500,3,80,0.9211,26,2169.00,2.225624
5727,1000,0.50,500,3,80,0.9975,27,2230.00,0.441040
5728,1000,0.50,500,3,80,1.0550,28,2246.00,0.653890
5729,1000,0.50,500,3,80,0.9808,29,2143.00,3.479066
5730,1000,0.50,500,3,80,1.0210,30,2167.00,1.252047
5731,1000,0.50,500,3,80,0.9801,31,2188.00,0.181681
5732,1000,0.50,500,3,80,1.0117,32,2180.00,0.531944
5733,1000,0.50,500,3,80,0.9114,33,2066.00,2.387324
5734,1000,0.50,500,3,80,1.0070,34,2205.00,0.470892
5735,1000,0.50,500,3,80,1.0139,35,2146.00,1.697812
5736,1000,0.50,500,3,80,0.9396,36,2152.00,3.143794
5737,1000,0.50,500,3,80,1.0172,37,2169.00,1.785839
5738,1000,0.50,500,3,80,1.0197,38,1938.00,0.610569
5739,1000,0.50,500,3,80,1.0351,39,2133.00,1.133437
5740,1000,0.50,500,3,80,0.9625,40,2140.00,1.662030
5741,1000,0.50,500,3,80,0.9949,41,2170.00,1.068057
5742,1000,0.50,500,3,80,0.9656,42,2184.00,0.382326
5743,1000,0.50,500,3,80,0.9760,43,2162.00,1.384702
5744,1000,0.50,500,3,80,0.9581,44,2153.00,1.806604
5745,1000,0.50,500,3,80,1.0141,45,1789.00,0.791807
5746,1000,0.50,500,3,80,1.0054,46,2167.00,1.106852
5747,1000,0.50,500,3,80,0.9770,47,2220.00,6.040055
5748,1000,0.50,500,3,80,0.9848,48,2103.00,2.606045
5749,1000,0.50,500,3,80,0.9956,49,2208.00,3.081410
5750,1000,0.50,500,3,80,0.9892,50,2138.00,3.645071
5751,1000,0.50,500,3,80,1.0178,51,2206.00,0.511728
5752,1000,0.50,500,3,80,0.9996,52,2140.00,0.271676
5753,1000,0.50,500,3,80,1.0468,53,2141.00,2.644511
5754,1000,0.50,500,3,80,0.9916,54,2149.00,0.521257
5755,1000,0.50,500,3,80,0.9782,55,2116.00,0.331524
5756,1000,0.50,500,3,80,0.9857,56,2153.00,0.083630
5757,1000,0.50,500,3,80,0.9580,57,2135.00,1.859692
5758,1000,0.50,500,3,80,1.0017,58,2218.00,3.897815
5759,1000,0.50,500,3,80,1.0125,59,2077.00,0.611133
5760,1000,0.50,500,3,80,1.0454,60,2122.00,1.167202
5761,1000,0.50,500,3,80,0.9767,61,2166.00,2.663999
5762,1000,0.50,500,3,80,1.0183,62,2040.00,3.695170
5763,1000,0.50,500,3,80,1.0024,63,2111.00,0.221007
5764,1000,0.50,500,3,80,0.9867,64,2090.00,0.498063
5765,1000,0.50,500,3,80,0.9584,65,2121.00,0.533838
5766,1000,0.50,500,3,80,1.0467,66,2187.00,4.515234
5767,1000,0.50,500,3,80,1.0369,67,2154.00,2.823135
5768,1000,0.50,500,3,80,0.9854,68,2100.00,2.287449
5769,1000,0.50,500,3,80,1.0516,69,2184.00,2.734762
5770,1000,0.50,500,3,80,0.9588,70,2123.00,1.184855
5771,1000,0.50,500,3,80,0.9513,71,2152.00,4.838531
5772,1000,0.50,500,3,80,1.0824,72,2178.00,4.072338
5773,1000,0.50,500,3,80,1.0412,73,2133.00,2.264497
5774,1000,0.50,500,3,80,1.0207,74,2119.00,4.065315
5775,1000,0.50,500,3,80,0.9809,75,2175.00,2.336912
5776,1000,0.50,500,3,80,0.9561,76,2171.00,0.183970
5777,1000,0.50,500,3,80,0.9886,77,2185.00,2.128382
5778,1000,0.50,500,3,80,0.9728,78,2095.00,1.097721
5779,1000,0.50,500,3,80,0.9982,79,2176.00,4.869855
5780,1000,0.50,500,3,80,1.0454,80,2229.00,0.364942
5781,1000,0.50,500,3,80,1.0059,81,2237.00,0.140775
5782,1000,0.50,500,3,80,1.0177,82,2135.00,1.060966
5783,1000,0.50,500,3,80,0.9913,83,2142.00,3.184107
5784,1000,0.50,500,3,80,0.9724,84,2124.00,0.459508
5785,1000,0.50,500,3,80,0.9173,85,2130.00,0.076152
5786,1000,0.50,500,3,80,1.0193,86,2171.00,1.022366
5787,1000,0.50,500,3,80,1.0329,87,2170.00,2.955497
5788,1000,0.50,500,3,80,1.0215,88,2159.00,1.369606
5789,1000,0.50,500,3,80,1.0186,89,2228.00,2.405547
5790,1000,0.50,500,3,80,0.9760,90,2262.00,3.437730
5791,1000,0.50,500,3,80,1.0751,91,2227.00,4.817217
5792,1000,0.50,500,3,80,1.0227,92,2188.00,5.158415
5793,1000,0.50,500,3,80,1.0401,93,2087.00,3.941525
5794,1000,0.50,500,3,80,0.9922,94,2245.00,1.017314
5795,1000,0.50,500,3,80,0.9705,95,2127.00,0.402662
5796,1000,0.50,500,3,80,1.0434,96,2177.00,2.479751
5797,1000,0.50,500,3,80,0.9837,97,2213.00,1.090713
5798,1000,0.50,500,3,80,1.0087,98,2199.00,1.819143
5799,1000,0.50,500,3,80,1.0304,99,2146.00,1.800777
5800,1000,0.50,500,3,90,0.9952,0,2411.00,4.322486
5801,1000,0.50,500,3,90,0.9270,1,2491.00,3.392483
5802,1000,0.50,500,3,90,0.9856,2,2451.00,3.608557
5803,1000,0.50,500,3,90,0.9556,3,2435.00,1.599229
5804,1000,0.50,500,3,90,1.0546,4,2411.00,3.233087
5805,1000,0.50,500,3,90,1.0371,5,2582.00,0.664598
5806,1000,0.50,500,3,90,1.0256,6,2590.00,2.521626
5807,1000,0.50,500,3,90,1.0138,7,2442.00,0.162672
5808,1000,0.50,500,3,90,0.9855,8,2442.00,3.505101
5809,1000,0.50,500,3,90,1.0286,9,2555.00,3.785028
5810,1000,0.50,500,3,90,0.9604,10,2428.00,9.467436
5811,1000,0.50,500,3,90,0.9420,11,2453.00,1.633755
5812,1000,0.50,500,3,90,1.0119,12,2560.00,2.060087
5813,1000,0.50,500,3,90,0.9654,13,2504.00,1.927921
5814,1000,0.50,500,3,90,0.9467,14,2397.00,2.162799
5815,1000,0.50,500,3,90,1.0270,15,2431.00,0.860623
5816,1000,0.50,500,3,90,1.0133,16,2501.00,2.466326
5817,1000,0.50,500,3,90,1.0196,17,2554.00,0.381965
5818,1000,0.50,500,3,90,0.9608,18,2416.00,0.575469
5819,1000,0.50,500,3,90,1.0026,19,2423.00,2.509133
5820,1000,0.50,500,3,90,0.9782,20,2492.00,4.877698
5821,1000,0.50,500,3,90,1.0197,21,2403.00,0.959765
5822,1000,0.50,500,3,90,1.0231,22,2431.00,1.199686
5823,1000,0.50,500,3,90,0.9924,23,2443.00,0.852163
5824,1000,0.50,500,3,90,1.0201,24,2400.00,6.129086
5825,1000,0.50,500,3,90,0.9605,25,2376.00,1.450619
5826,1000,0.50,500,3,90,0.9583,26,2463.00,0.141983
5827,1000,0.50,500,3,90,0.9934,27,2371.00,1.874841
5828,1000,0.50,500,3,90,1.0583,28,2378.00,0.776467
5829,1000,0.50,500,3,90,0.9655,29,2484.00,0.965798
5830,1000,0.50,500,3,90,1.0039,30,2521.00,1.098873
5831,1000,0.50,500,3,90,0.9835,31,2513.00,0.882563
5832,1000,0.50,500,3,90,0.9865,32,2454.00,0.757538
5833,1000,0.50,500,3,90,0.9391,33,2364.00,1.069014
5834,1000,0.50,500,3,90,0.9662,34,2432.00,0.396539
5835,1000,0.50,500,3,90,0.9698,35,2496.00,0.434915
5836,1000,0.50,500,3,90,0.9932,36,2529.00,2.003015
5837,1000,0.50,500,3,90,0.9995,37,2534.00,6.345820
5838,1000,0.50,500,3,90,0.9784,38,2426.00,2.989623
5839,1000,0.50,500,3,90,0.9855,39,2431.00,1.687029
5840,1000,0.50,500,3,90,0.9936,40,2443.00,0.362941
5841,1000,0.50,500,3,90,1.0449,41,2538.00,1.071978
5842,1000,0.50,500,3,90,0.9832,42,2435.00,0.547981
5843,1000,0.50,500,3,90,0.9551,43,2434.00,5.793019
5844,1000,0.50,500,3,90,0.9919,44,2410.00,2.723253
5845,1000,0.50,500,3,90,1.0174,45,2441.00,0.651850
5846,1000,0.50,500,3,90,0.9506,46,833.00,1.650999
5847,1000,0.50,500,3,90,0.9531,47,2394.00,0.989142
5848,1000,0.50,500,3,90,1.0603,48,2572.00,3.686648
5849,1000,0.50,500,3,90,1.0376,49,2406.00,7.590356
5850,1000,0.50,500,3,90,1.0200,50,2453.00,2.897040
5851,1000,0.50,500,3,90,0.9859,51,2395.00,0.579423
5852,1000,0.50,500,3,90,0.9988,52,2464.00,2.325940
5853,1000,0.50,500,3,90,0.9783,53,2373.00,2.268282
5854,1000,0.50,500,3,90,1.0121,54,2594.00,0.547671
5855,1000,0.50,500,3,90,1.0013,55,2338.00,0.260819
5856,1000,0.50,500,3,90,1.0032,56,2397.00,1.606801
5857,1000,0.50,500,3,90,0.9964,57,2496.00,0.169758
5858,1000,0.50,500,3,90,0.9802,58,2459.00,0.588371
5859,1000,0.50,500,3,90,1.0262,59,2432.00,4.636574
5860,1000,0.50,500,3,90,1.0147,60,1207.00,2.308907
5861,1000,0.50,500,3,90,1.0041,61,2374.00,2.352577
5862,1000,0.50,500,3,90,0.9928,62,2409.00,0.271969
5863,1000,0.50,500,3,90,1.0378,63,2473.00,4.204147
5864,1000,0.50,500,3,90,0.9875,64,2411.00,0.773253
5865,1000,0.50,500,3,90,0.9803,65,2405.00,3.227126
5866,1000,0.50,500,3,90,0.9861,66,2336.00,3.063281
5867,1000,0.50,500,3,90,0.9906,67,2407.00,0.333542
5868,1000,0.50,500,3,90,1.0212,68,2397.00,2.195245
5869,1000,0.50,500,3,90,1.0351,69,2570.00,1.354241
5870,1000,0.50,500,3,90,0.9423,70,2397.00,0.705607
5871,1000,0.50,500,3,90,0.9344,71,2387.00,2.380547
5872,1000,0.50,500,3,90,0.9933,72,2429.00,2.552321
5873,1000,0.50,500,3,90,0.9598,73,2384.00,0.410371
5874,1000,0.50,500,3,90,1.0010,74,2411.00,1.045026
5875,1000,0.50,500,3,90,1.0108,75,2400.00,0.618184
5876,1000,0.50,500,3,90,1.0197,76,2395.00,0.180240
5877,1000,0.50,500,3,90,1.0029,77,2520.00,6.399783
5878,1000,0.50,500,3,90,0.9888,78,2313.00,2.168613
5879,1000,0.50,500,3,90,0.9869,79,2332.00,2.078614
5880,1000,0.50,500,3,90,0.9742,80,2417.00,0.487547
5881,1000,0.50,500,3,90,1.0072,81,2432.00,5.200059
5882,1000,0.50,500,3,90,1.0109,82,2430.00,1.860121
5883,1000,0.50,500,3,90,0.9620,83,2424.00,4.112982
5884,1000,0.50,500,3,90,0.9578,84,2466.00,1.263740
5885,1000,0.50,500,3,90,0.9915,85,2435.00,0.509407
5886,1000,0.50,500,3,90,0.9498,86,2373.00,0.588033
5887,1000,0.50,500,3,90,1.0000,87,2361.00,0.092641
5888,1000,0.50,500,3,90,0.9614,88,2425.00,1.998839
5889,1000,0.50,500,3,90,1.0058,89,2520.00,2.187559
5890,1000,0.50,500,3,90,1.0248,90,2415.00,0.347518
5891,1000,0.50,500,3,90,1.0263,91,2466.00,0.232300
5892,1000,0.50,500,3,90,1.0625,92,2458.00,0.719278
5893,1000,0.50,500,3,90,0.9482,93,2565.00,1.584722
5894,1000,0.50,500,3,90,0.9575,94,2579.00,1.167702
5895,1000,0.50,500,3,90,1.0570,95,2464.00,4.529642
5896,1000,0.50,500,3,90,0.9695,96,2518.00,2.182766
5897,1000,0.50,500,3,90,0.9528,97,2460.00,0.941226
5898,1000,0.50,500,3,90,1.0097,98,2477.00,8.084563
5899,1000,0.50,500,3,90,1.0217,99,2415.00,6.654587
5900,1000,0.50,500,3,100,0.9560,0,2695.00,1.715662
5901,1000,0.50,500,3,100,0.9784,1,2720.00,0.773162
5902,1000,0.50,500,3,100,0.9858,2,2736.00,1.662751
5903,1000,0.50,500,3,100,0.9849,3,2641.00,0.504098
5904,1000,0.50,500,3,100,0.9759,4,2636.00,0.723556
5905,1000,0.50,500,3,100,0.9452,5,2621.00,1.906266
5906,1000,0.50,500,3,100,0.9916,6,2690.00,2.190576
5907,1000,0.50,500,3,100,1.0026,7,2603.00,0.587368
5908,1000,0.50,500,3,100,1.0208,8,2687.00,3.765873
5909,1000,0.50,500,3,100,0.9745,9,2606.00,0.090795
5910,1000,0.50,500,3,100,0.9796,10,2569.00,2.127158
5911,1000,0.50,500,3,100,1.0600,11,2715.00,2.685158
5912,1000,0.50,500,3,100,0.9901,12,2762.00,4.025795
5913,1000,0.50,500,3,100,0.9173,13,2676.00,0.389173
5914,1000,0.50,500,3,100,0.9890,14,2696.00,0.385918
5915,1000,0.50,500,3,100,0.9784,15,2691.00,2.730237
5916,1000,0.50,500,3,100,1.0339,16,2689.00,1.171728
5917,1000,0.50,500,3,100,0.9835,17,2655.00,0.674962
5918,1000,0.50,500,3,100,0.9839,18,2765.00,0.821821
5919,1000,0.50,500,3,100,0.9769,19,2796.00,0.418152
5920,1000,0.50,500,3,100,1.0080,20,2766.00,0.501372
5921,1000,0.50,500,3,100,1.0043,21,2850.00,2.588632
5922,1000,0.50,500,3,100,0.9658,22,2758.00,0.528750
5923,1000,0.50,500,3,100,0.9681,23,2727.00,0.757943
5924,1000,0.50,500,3,100,1.0632,24,2770.00,7.893128
5925,1000,0.50,500,3,100,1.0497,25,151.00,1.183049
5926,1000,0.50,500,3,100,1.0057,26,2596.00,2.265076
5927,1000,0.50,500,3,100,0.9744,27,2695.00,1.139811
5928,1000,0.50,500,3,100,1.0027,28,2712.00,1.551350
5929,1000,0.50,500,3,100,0.9291,29,2706.00,0.640987
5930,1000,0.50,500,3,100,1.0102,30,2662.00,1.246234
5931,1000,0.50,500,3,100,0.9564,31,2658.00,4.041784
5932,1000,0.50,500,3,100,1.0322,32,2683.00,0.515100
5933,1000,0.50,500,3,100,0.9574,33,2719.00,3.253832
5934,1000,0.50,500,3,100,1.0301,34,2881.00,0.283159
5935,1000,0.50,500,3,100,1.0202,35,2758.00,0.787268
5936,1000,0.50,500,3,100,1.0392,36,2820.00,1.899055
5937,1000,0.50,500,3,100,1.0555,37,2739.00,1.403611
5938,1000,0.50,500,3,100,0.9689,38,2761.00,2.323569
5939,1000,0.50,500,3,100,0.9867,39,2726.00,1.236101
5940,1000,0.50,500,3,100,0.9536,40,2619.00,3.022884
5941,1000,0.50,500,3,100,0.9979,41,2627.00,2.811268
5942,1000,0.50,500,3,100,1.0210,42,2748.00,1.571667
5943,1000,0.50,500,3,100,0.9747,43,2704.00,0.358884
5944,1000,0.50,500,3,100,0.9982,44,2762.00,0.950952
5945,1000,0.50,500,3,100,0.9733,45,2712.00,1.158149
5946,1000,0.50,500,3,100,1.0146,46,2676.00,0.415781
5947,1000,0.50,500,3,100,0.9562,47,2747.00,3.093454
5948,1000,0.50,500,3,100,1.0377,48,2707.00,0.111112
5949,1000,0.50,500,3,100,0.9891,49,2677.00,1.352476
5950,1000,0.50,500,3,100,0.9618,50,2657.00,1.684490
5951,1000,0.50,500,3,100,1.0662,51,2716.00,1.846282
5952,1000,0.50,500,3,100,0.9661,52,2726.00,3.428181
5953,1000,0.50,500,3,100,0.9785,53,2682.00,1.218979
5954,1000,0.50,500,3,100,0.9951,54,2645.00,3.403343
5955,1000,0.50,500,3,100,1.0071,55,2668.00,0.454601
5956,1000,0.50,500,3,100,0.9453,56,2666.00,1.105034
5957,1000,0.50,500,3,100,1.0248,57,2694.00,0.148317
5958,1000,0.50,500,3,100,1.0165,58,2682.00,0.609894
5959,1000,0.50,500,3,100,1.0465,59,2754.00,4.617919
5960,1000,0.50,500,3,100,0.9785,60,2661.00,0.230805
5961,1000,0.50,500,3,100,0.9998,61,2787.00,2.987192
5962,1000,0.50,500,3,100,0.9531,62,2726.00,3.574471
5963,1000,0.50,500,3,100,1.0207,63,2948.00,2.962738
5964,1000,0.50,500,3,100,1.0236,64,2735.00,3.614259
5965,1000,0.50,500,3,100,0.9854,65,2772.00,0.979706
5966,1000,0.50,500,3,100,1.0212,66,2825.00,1.867621
5967,1000,0.50,500,3,100,0.9883,67,2697.00,1.038220
5968,1000,0.50,500,3,100,0.9889,68,2686.00,7.267992
5969,1000,0.50,500,3,100,1.0033,69,2675.00,1.280242
5970,1000,0.50,500,3,100,0.9326,70,2713.00,2.973043
5971,1000,0.50,500,3,100,1.0711,71,2820.00,2.072021
5972,1000,0.50,500,3,100,0.9991,72,2731.00,0.324753
5973,1000,0.50,500,3,100,1.0427,73,824.00,3.033319
5974,1000,0.50,500,3,100,1.0023,74,2746.00,1.409749
5975,1000,0.50,500,3,100,0.9872,75,2665.00,2.169229
5976,1000,0.50,500,3,100,1.0763,76,2780.00,4.627451
5977,1000,0.50,500,3,100,0.9808,77,2705.00,4.642219
5978,1000,0.50,500,3,100,1.0619,78,2644.00,1.033402
5979,1000,0.50,500,3,100,1.0075,79,2741.00,1.065918
5980,1000,0.50,500,3,100,0.9408,80,2822.00,0.435443
5981,1000,0.50,500,3,100,0.9517,81,2837.00,2.458780
5982,1000,0.50,500,3,100,0.9859,82,2702.00,0.323970
5983,1000,0.50,500,3,100,1.0143,83,2703.00,2.466761
5984,1000,0.50,500,3,100,1.0170,84,2802.00,0.570715
5985,1000,0.50,500,3,100,0.9857,85,2754.00,4.295649
5986,1000,0.50,500,3,100,1.0154,86,2741.00,3.104372
5987,1000,0.50,500,3,100,0.9843,87,2845.00,5.859724
5988,1000,0.50,500,3,100,1.0590,88,2986.00,2.217727
5989,1000,0.50,500,3,100,1.0067,89,2729.00,0.410642
5990,1000,0.50,500,3,100,1.0362,90,2685.00,1.618739
5991,1000,0.50,500,3,100,0.9791,91,2714.00,0.439501
5992,1000,0.50,500,3,100,0.9686,92,2723.00,0.295261
5993,1000,0.50,500,3,100,1.0450,93,2786.00,3.159181
5994,1000,0.50,500,3,100,1.0244,94,2779.00,0.435507
5995,1000,0.50,500,3,100,1.0203,95,2720.00,2.984031
5996,1000,0.50,500,3,100,1.0248,96,3080.00,6.744373
5997,1000,0.50,500,3,100,0.9885,97,2853.00,0.186311
5998,1000,0.50,500,3,100,1.0472,98,2609.00,1.178599
5999,1000,0.50,500,3,100,1.0422,99,817.00,0.473460
6000,1000,0.50,500,3,110,1.0441,0,3007.00,1.164236
6001,1000,0.50,500,3,110,1.0384,1,1288.00,1.545075
6002,1000,0.50,500,3,110,1.0045,2,2969.00,0.543464
6003,1000,0.50,500,3,110,0.9633,3,2899.00,0.160068
6004,1000,0.50,500,3,110,0.9868,4,2902.00,1.558365
6005,1000,0.50,500,3,110,0.9926,5,2968.00,2.002300
6006,1000,0.50,500,3,110,0.9818,6,2887.00,0.722945
6007,1000,0.50,500,3,110,1.0634,7,2979.00,1.027644
6008,1000,0.50,500,3,110,0.9557,8,2950.00,1.261050
6009,1000,0.50,500,3,110,0.9997,9,2949.00,6.988446
6010,1000,0.50,500,3,110,0.9875,10,2951.00,0.740755
6011,1000,0.50,500,3,110,1.0355,11,2966.00,2.232287
6012,1000,0.50,500,3,110,0.9920,12,2905.00,2.027368
6013,1000,0.50,500,3,110,0.9933,13,3119.00,0.602537
6014,1000,0.50,500,3,110,1.0123,14,3033.00,0.447845
6015,1000,0.50,500,3,110,1.0030,15,3073.00,1.105254
6016,1000,0.50,500,3,110,0.9915,16,3080.00,1.653621
6017,1000,0.50,500,3,110,1.0304,17,3116.00,0.890879
6018,1000,0.50,500,3,110,1.0293,18,3098.00,0.900305
6019,1000,0.50,500,3,110,1.0371,19,2995.00,2.363663
6020,1000,0.50,500,3,110,1.0259,20,2964.00,2.669428
6021,1000,0.50,500,3,110,1.0531,21,3013.00,0.492781
6022,1000,0.50,500,3,110,0.9693,22,2994.00,0.562348
6023,1000,0.50,500,3,110,1.0788,23,2865.00,0.397598
6024,1000,0.50,500,3,110,1.0435,24,1467.00,1.121378
6025,1000,0.50,500,3,110,1.0398,25,2984.00,0.880715
6026,1000,0.50,500,3,110,0.9566,26,2842.00,1.288485
6027,1000,0.50,500,3,110,0.9676,27,2947.00,6.862650
6028,1000,0.50,500,3,110,1.0155,28,2979.00,2.764095
6029,1000,0.50,500,3,110,1.0268,29,2981.00,3.305222
6030,1000,0.50,500,3,110,1.0480,30,2932.00,0.244546
6031,1000,0.50,500,3,110,1.0351,31,2864.00,0.420477
6032,1000,0.50,500,3,110,0.9897,32,3046.00,1.242748
6033,1000,0.50,500,3,110,0.9703,33,2874.00,1.877578
6034,1000,0.50,500,3,110,1.0179,34,2966.00,0.079323
6035,1000,0.50,500,3,110,1.0551,35,2948.00,0.237830
6036,1000,0.50,500,3,110,1.0036,36,2946.00,0.425390
6037,1000,0.50,500,3,110,0.9856,37,3027.00,1.607667
6038,1000,0.50,500,3,110,1.0228,38,3003.00,6.349680
6039,1000,0.50,500,3,110,0.9560,39,3017.00,0.511594
6040,1000,0.50,500,3,110,1.0135,40,2909.00,3.652383
6041,1000,0.50,500,3,110,0.9999,41,3013.00,1.747717
6042,1000,0.50,500,3,110,0.9365,42,3048.00,2.643298
6043,1000,0.50,500,3,110,0.9664,43,2974.00,0.248140
6044,1000,0.50,500,3,110,0.9741,44,3146.00,1.270468
6045,1000,0.50,500,3,110,0.9470,45,2961.00,0.804199
6046,1000,0.50,500,3,110,1.0054,46,3185.00,1.254622
6047,1000,0.50,500,3,110,1.0141,47,3004.00,0.713526
6048,1000,0.50,500,3,110,1.0161,48,3009.00,1.119699
6049,1000,0.50,500,3,110,1.0331,49,2997.00,2.493578
6050,1000,0.50,500,3,110,1.0209,50,2997.00,0.538676
6051,1000,0.50,500,3,110,1.0583,51,3055.00,9.827454
6052,1000,0.50,500,3,110,1.0015,52,2961.00,0.632219
6053,1000,0.50,500,3,110,1.0498,53,2849.00,11.274411
6054,1000,0.50,500,3,110,1.0085,54,2914.00,1.242123
6055,1000,0.50,500,3,110,0.9894,55,2925.00,0.394550
6056,1000,0.50,500,3,110,1.0250,56,2940.00,2.249327
6057,1000,0.50,500,3,110,1.0195,57,2967.00,1.729152
6058,1000,0.50,500,3,110,0.9627,58,2915.00,1.304015
6059,1000,0.50,500,3,110,1.0470,59,2938.00,2.302917
6060,1000,0.50,500,3,110,0.9760,60,2919.00,0.163110
6061,1000,0.50,500,3,110,0.9755,61,3018.00,5.630577
6062,1000,0.50,500,3,110,0.9867,62,2929.00,1.846795
6063,1000,0.50,500,3,110,1.0160,63,3016.00,1.756559
6064,1000,0.50,500,3,110,1.0549,64,2999.00,1.401066
6065,1000,0.50,500,3,110,1.0431,65,2990.00,1.415789
6066,1000,0.50,500,3,110,0.9618,66,2885.00,0.670572
6067,1000,0.50,500,3,110,0.9981,67,2922.00,1.144064
6068,1000,0.50,500,3,110,1.0156,68,2992.00,1.210253
6069,1000,0.50,500,3,110,0.9420,69,2939.00,0.574690
6070,1000,0.50,500,3,110,0.9595,70,2867.00,0.351248
6071,1000,0.50,500,3,110,0.9913,71,2913.00,0.338095
6072,1000,0.50,500,3,110,0.9784,72,2972.00,0.679219
6073,1000,0.50,500,3,110,1.0077,73,3061.00,2.137272
6074,1000,0.50,500,3,110,1.0399,74,3036.00,0.784896
6075,1000,0.50,500,3,110,0.9773,75,2946.00,1.972563
6076,1000,0.50,500,3,110,0.9647,76,2968.00,4.378211
6077,1000,0.50,500,3,110,1.0054,77,2978.00,0.415372
6078,1000,0.50,500,3,110,0.9905,78,2910.00,0.375858
6079,1000,0.50,500,3,110,0.9355,79,3026.00,1.804724
6080,1000,0.50,500,3,110,0.9665,80,2871.00,1.189212
6081,1000,0.50,500,3,110,1.0226,81,2966.00,0.647452
6082,1000,0.50,500,3,110,1.0136,82,2936.00,4.944352
6083,1000,0.50,500,3,110,1.0283,83,2999.00,1.778855
6084,1000,0.50,500,3,110,1.0044,84,2951.00,3.223611
6085,1000,0.50,500,3,110,1.0061,85,3067.00,5.707108
6086,1000,0.50,500,3,110,0.9742,86,3013.00,1.353719
6087,1000,0.50,500,3,110,0.9993,87,3047.00,2.585955
6088,1000,0.50,500,3,110,1.0241,88,3004.00,0.224912
6089,1000,0.50,500,3,110,1.0559,89,2967.00,0.908971
6090,1000,0.50,500,3,110,0.9485,90,2989.00,1.775181
6091,1000,0.50,500,3,110,0.9852,91,2933.00,1.811660
6092,1000,0.50,500,3,110,1.0061,92,1115.00,0.190170
6093,1000,0.50,500,3,110,1.0056,93,2930.00,1.141721
6094,1000,0.50,500,3,110,0.9897,94,2953.00,1.002302
6095,1000,0.50,500,3,110,0.9930,95,2932.00,0.684169
6096,1000,0.50,500,3,110,1.0361,96,3018.00,0.134915
6097,1000,0.50,500,3,110,1.0248,97,3084.00,1.576413
6098,1000,0.50,500,3,110,0.9793,98,3171.00,3.389050
6099,1000,0.50,500,3,110,1.0044,99,3075.00,0.594570
6100,1000,0.50,500,3,120,1.0607,0,3163.00,0.447471
6101,1000,0.50,500,3,120,0.9557,1,3127.00,1.118965
6102,1000,0.50,500,3,120,1.0125,2,3230.00,0.728980
6103,1000,0.50,500,3,120,0.9950,3,3197.00,1.219578
6104,1000,0.50,500,3,120,1.0307,4,3129.00,0.695603
6105,1000,0.50,500,3,120,1.0120,5,3141.00,1.020092
6106,1000,0.50,500,3,120,1.0386,6,3242.00,1.795917
6107,1000,0.50,500,3,120,0.9897,7,3172.00,0.552034
6108,1000,0.50,500,3,120,0.9613,8,3321.00,1.987780
6109,1000,0.50,500,3,120,0.9760,9,3396.00,2.338284
6110,1000,0.50,500,3,120,1.0306,10,3358.00,4.467999
6111,1000,0.50,500,3,120,1.0127,11,3199.00,0.281842
6112,1000,0.50,500,3,120,0.9723,12,3315.00,0.602516
6113,1000,0.50,500,3,120,1.0217,13,3250.00,0.742993
6114,1000,0.50,500,3,120,0.9617,14,3187.00,0.507939
6115,1000,0.50,500,3,120,0.9287,15,3397.00,2.352112
6116,1000,0.50,500,3,120,1.0238,16,3344.00,2.283859
6117,1000,0.50,500,3,120,0.9943,17,3293.00,2.286868
6118,1000,0.50,500,3,120,0.9689,18,3248.00,4.556608
6119,1000,0.50,500,3,120,0.9295,19,3253.00,0.865248
6120,1000,0.50,500,3,120,0.9739,20,3272.00,1.267301
6121,1000,0.50,500,3,120,1.0273,21,3224.00,0.597372
6122,1000,0.50,500,3,120,1.0673,22,3349.00,2.146945
6123,1000,0.50,500,3,120,0.9988,23,3420.00,0.274973
6124,1000,0.50,500,3,120,0.9564,24,3331.00,1.524776
6125,1000,0.50,500,3,120,0.9458,25,3264.00,1.139255
6126,1000,0.50,500,3,120,1.0184,26,3196.00,2.849956
6127,1000,0.50,500,3,120,0.9803,27,3187.00,2.948571
6128,1000,0.50,500,3,120,0.9906,28,3363.00,0.355521
6129,1000,0.50,500,3,120,0.9848,29,3227.00,0.451977
6130,1000,0.50,500,3,120,0.9896,30,3365.00,0.243882
6131,1000,0.50,500,3,120,0.9613,31,3247.00,0.718712
6132,1000,0.50,500,3,120,0.9798,32,3377.00,3.134629
6133,1000,0.50,500,3,120,0.9620,33,3221.00,2.081833
6134,1000,0.50,500,3,120,1.0188,34,3237.00,1.879985
6135,1000,0.50,500,3,120,0.9757,35,3143.00,1.799900
6136,1000,0.50,500,3,120,0.9800,36,3195.00,2.043811
6137,1000,0.50,500,3,120,1.0028,37,3232.00,0.927099
6138,1000,0.50,500,3,120,0.9733,38,3286.00,0.580625
6139,1000,0.50,500,3,120,0.9933,39,3235.00,0.397327
6140,1000,0.50,500,3,120,1.0256,40,3336.00,2.882644
6141,1000,0.50,500,3,120,0.9238,41,3304.00,0.962554
6142,1000,0.50,500,3,120,1.0930,42,3270.00,4.464883
6143,1000,0.50,500,3,120,1.0243,43,3286.00,0.637149
6144,1000,0.50,500,3,120,1.0275,44,3307.00,4.212147
6145,1000,0.50,500,3,120,0.9265,45,3216.00,0.368449
6146,1000,0.50,500,3,120,0.9617,46,3210.00,2.545184
6147,1000,0.50,500,3,120,0.9823,47,3139.00,0.469852
6148,1000,0.50,500,3,120,1.0030,48,3185.00,3.330001
6149,1000,0.50,500,3,120,0.9979,49,3280.00,8.735964
6150,1000,0.50,500,3,120,0.9849,50,3239.00,2.927272
6151,1000,0.50,500,3,120,1.0290,51,3292.00,0.792637
6152,1000,0.50,500,3,120,0.9532,52,3226.00,0.330068
6153,1000,0.50,500,3,120,1.0312,53,3281.00,0.966585
6154,1000,0.50,500,3,120,1.0263,54,3369.00,0.651873
6155,1000,0.50,500,3,120,1.0168,55,3420.00,1.993963
6156,1000,0.50,500,3,120,0.9694,56,3312.00,1.983779
6157,1000,0.50,500,3,120,1.0111,57,3300.00,3.174942
6158,1000,0.50,500,3,120,1.0051,58,3348.00,1.597471
6159,1000,0.50,500,3,120,1.0148,59,3335.00,0.170469
6160,1000,0.50,500,3,120,0.9651,60,3281.00,0.592961
6161,1000,0.50,500,3,120,0.9716,61,3227.00,0.715898
6162,1000,0.50,500,3,120,1.0338,62,3132.00,2.199207
6163,1000,0.50,500,3,120,0.9625,63,3163.00,1.268568
6164,1000,0.50,500,3,120,0.9785,64,3241.00,1.147603
6165,1000,0.50,500,3,120,1.0220,65,3237.00,1.268746
6166,1000,0.50,500,3,120,0.9720,66,3214.00,0.837848
6167,1000,0.50,500,3,120,0.9491,67,3409.00,1.704024
6168,1000,0.50,500,3,120,0.9760,68,3230.00,1.618252
6169,1000,0.50,500,3,120,0.9980,69,3343.00,2.006527
6170,1000,0.50,500,3,120,1.0600,70,3485.00,2.947493
6171,1000,0.50,500,3,120,1.0453,71,3393.00,2.850256
6172,1000,0.50,500,3,120,1.0650,72,3434.00,2.373699
6173,1000,0.50,500,3,120,1.0175,73,3316.00,11.604486
6174,1000,0.50,500,3,120,0.9693,74,3330.00,0.436643
6175,1000,0.50,500,3,120,1.0253,75,3271.00,0.730867
6176,1000,0.50,500,3,120,0.9358,76,3351.00,0.786385
6177,1000,0.50,500,3,120,0.9401,77,3296.00,0.207192
6178,1000,0.50,500,3,120,1.0082,78,3175.00,0.945276
6179,1000,0.50,500,3,120,1.0052,79,3274.00,5.878256
6180,1000,0.50,500,3,120,1.0048,80,3268.00,0.989867
6181,1000,0.50,500,3,120,0.9459,81,3310.00,1.690583
6182,1000,0.50,500,3,120,1.0459,82,3267.00,0.562284
6183,1000,0.50,500,3,120,1.0166,83,3268.00,0.827838
6184,1000,0.50,500,3,120,0.9509,84,3229.00,4.657582
6185,1000,0.50,500,3,120,0.9962,85,3201.00,3.769732
6186,1000,0.50,500,3,120,0.9911,86,3201.00,2.378386
6187,1000,0.50,500,3,120,0.9761,87,3213.00,0.150363
6188,1000,0.50,500,3,120,1.0241,88,3231.00,0.491159
6189,1000,0.50,500,3,120,1.0001,89,3293.00,2.632041
6190,1000,0.50,500,3,120,1.0179,90,3220.00,7.696936
6191,1000,0.50,500,3,120,1.0309,91,3298.00,0.362079
6192,1000,0.50,500,3,120,0.9834,92,3309.00,1.359620
6193,1000,0.50,500,3,120,1.0036,93,3318.00,0.205776
6194,1000,0.50,500,3,120,0.9611,94,3287.00,2.643235
6195,1000,0.50,500,3,120,0.9980,95,3228.00,0.459310
6196,1000,0.50,500,3,120,0.9720,96,3308.00,0.782654
6197,1000,0.50,500,3,120,0.9922,97,3386.00,0.322038
6198,1000,0.50,500,3,120,0.9953,98,3319.00,6.267049
6199,1000,0.50,500,3,120,0.9967,99,3332.00,1.327389
6200,1000,0.50,500,3,130,0.9959,0,3597.00,0.911654
6201,1000,0.50,500,3,130,1.0459,1,3612.00,1.010532
6202,1000,0.50,500,3,130,0.9710,2,3501.00,0.542343
6203,1000,0.50,500,3,130,1.0147,3,3498.00,2.889876
6204,1000,0.50,500,3,130,1.0192,4,3498.00,1.629823
6205,1000,0.50,500,3,130,1.0085,5,3639.00,2.344418
6206,1000,0.50,500,3,130,1.0545,6,3641.00,2.735964
6207,1000,0.50,500,3,130,0.9833,7,3422.00,0.496822
6208,1000,0.50,500,3,130,0.9566,8,3639.00,1.517535
6209,1000,0.50,500,3,130,0.9529,9,3612.00,5.824221
6210,1000,0.50,500,3,130,0.9978,10,3565.00,0.467222
6211,1000,0.50,500,3,130,0.9901,11,3563.00,2.056535
6212,1000,0.50,500,3,130,1.0060,12,3604.00,2.591910
6213,1000,0.50,500,3,130,0.9978,13,3610.00,1.535640
6214,1000,0.50,500,3,130,1.0622,14,3612.00,1.823464
6215,1000,0.50,500,3,130,0.9441,15,3592.00,0.264677
6216,1000,0.50,500,3,130,1.0070,16,3531.00,0.753859
6217,1000,0.50,500,3,130,0.9671,17,3528.00,0.381824
6218,1000,0.50,500,3,130,1.0074,18,3664.00,0.830639
6219,1000,0.50,500,3,130,1.0086,19,3465.00,0.689358
6220,1000,0.50,500,3,130,1.0453,20,3472.00,0.782932
6221,1000,0.50,500,3,130,1.0244,21,3693.00,1.357188
6222,1000,0.50,500,3,130,0.9020,22,3508.00,2.480090
6223,1000,0.50,500,3,130,0.9934,23,3613.00,1.161881
6224,1000,0.50,500,3,130,1.0200,24,3562.00,0.967538
6225,1000,0.50,500,3,130,0.9689,25,3493.00,2.095191
6226,1000,0.50,500,3,130,0.9453,26,3547.00,0.262784
6227,1000,0.50,500,3,130,0.9559,27,3534.00,2.439893
6228,1000,0.50,500,3,130,1.0311,28,3484.00,1.340068
6229,1000,0.50,500,3,130,0.9768,29,3554.00,0.611672
6230,1000,0.50,500,3,130,1.0575,30,3768.00,4.993737
6231,1000,0.50,500,3,130,0.9742,31,3464.00,2.301730
6232,1000,0.50,500,3,130,0.9464,32,3599.00,1.883907
6233,1000,0.50,500,3,130,0.9946,33,3544.00,0.643238
6234,1000,0.50,500,3,130,0.9997,34,3537.00,2.275224
6235,1000,0.50,500,3,130,1.0261,35,3556.00,1.835237
6236,1000,0.50,500,3,130,1.0182,36,4409.00,2.121490
6237,1000,0.50,500,3,130,1.0124,37,3314.00,0.776037
6238,1000,0.50,500,3,130,0.9561,38,3345.00,0.406083
6239,1000,0.50,500,3,130,0.9947,39,3497.00,0.814806
6240,1000,0.50,500,3,130,0.9607,40,3510.00,1.300540
6241,1000,0.50,500,3,130,1.0450,41,3599.00,0.250160
6242,1000,0.50,500,3,130,1.0063,42,3434.00,0.673306
6243,1000,0.50,500,3,130,0.9748,43,3550.00,0.936041
6244,1000,0.50,500,3,130,0.9991,44,3540.00,1.946364
6245,1000,0.50,500,3,130,0.9692,45,3552.00,0.590875
6246,1000,0.50,500,3,130,0.9566,46,3520.00,2.378713
6247,1000,0.50,500,3,130,1.0326,47,1806.00,0.836284
6248,1000,0.50,500,3,130,0.9692,48,3455.00,1.677488
6249,1000,0.50,500,3,130,1.0253,49,3513.00,2.378210
6250,1000,0.50,500,3,130,1.0115,50,3408.00,1.163222
6251,1000,0.50,500,3,130,1.0337,51,3406.00,0.572984
6252,1000,0.50,500,3,130,1.0678,52,3787.00,1.275171
6253,1000,0.50,500,3,130,1.0076,53,3653.00,1.431786
6254,1000,0.50,500,3,130,0.9810,54,3472.00,0.638736
6255,1000,0.50,500,3,130,1.0334,55,3407.00,3.214065
6256,1000,0.50,500,3,130,1.0056,56,3482.00,0.813229
6257,1000,0.50,500,3,130,1.0321,57,3514.00,2.496622
6258,1000,0.50,500,3,130,0.9402,58,3411.00,2.742595
6259,1000,0.50,500,3,130,1.0453,59,3549.00,0.572116
6260,1000,0.50,500,3,130,1.0004,60,3502.00,0.291737
6261,1000,0.50,500,3,130,0.9645,61,3460.00,3.994282
6262,1000,0.50,500,3,130,0.9935,62,3505.00,1.302297
6263,1000,0.50,500,3,130,1.0067,63,3424.00,1.875400
6264,1000,0.50,500,3,130,1.0153,64,3424.00,1.721503
6265,1000,0.50,500,3,130,0.9441,65,3418.00,2.544864
6266,1000,0.50,500,3,130,1.0165,66,3460.00,1.340230
6267,1000,0.50,500,3,130,0.9628,67,3502.00,0.831543
6268,1000,0.50,500,3,130,1.0044,68,3499.00,0.561936
6269,1000,0.50,500,3,130,0.9563,69,3433.00,0.814565
6270,1000,0.50,500,3,130,0.9848,70,3484.00,0.651691
6271,1000,0.50,500,3,130,1.0087,71,3462.00,2.712868
6272,1000,0.50,500,3,130,1.0204,72,3465.00,0.128929
6273,1000,0.50,500,3,130,1.0189,73,3492.00,1.130488
6274,1000,0.50,500,3,130,1.0275,74,3458.00,0.305253
6275,1000,0.50,500,3,130,0.9680,75,3472.00,2.423228
6276,1000,0.50,500,3,130,1.0161,76,3462.00,1.899080
6277,1000,0.50,500,3,130,0.9687,77,3432.00,1.725885
6278,1000,0.50,500,3,130,1.0804,78,3613.00,7.658478
6279,1000,0.50,500,3,130,0.9900,79,3569.00,3.115320
6280,1000,0.50,500,3,130,1.0461,80,3440.00,0.530784
6281,1000,0.50,500,3,130,1.0186,81,3469.00,0.443961
6282,1000,0.50,500,3,130,1.0052,82,3423.00,1.011865
6283,1000,0.50,500,3,130,0.9670,83,3417.00,0.552834
6284,1000,0.50,500,3,130,1.0380,84,3444.00,0.273755
6285,1000,0.50,500,3,130,0.9517,85,3472.00,4.538276
6286,1000,0.50,500,3,130,0.9378,86,3464.00,0.357127
6287,1000,0.50,500,3,130,1.0148,87,3482.00,1.760720
6288,1000,0.50,500,3,130,1.0430,88,3424.00,2.890512
6289,1000,0.50,500,3,130,1.0505,89,3541.00,1.469041
6290,1000,0.50,500,3,130,1.0163,90,3435.00,3.109413
6291,1000,0.50,500,3,130,0.9686,91,3499.00,0.829076
6292,1000,0.50,500,3,130,0.9965,92,3491.00,2.473478
6293,1000,0.50,500,3,130,1.0246,93,3484.00,3.571999
6294,1000,0.50,500,3,130,0.9301,94,3427.00,0.501732
6295,1000,0.50,500,3,130,0.9707,95,3453.00,2.347981
6296,1000,0.50,500,3,130,1.0279,96,3570.00,1.917305
6297,1000,0.50,500,3,130,0.9907,97,3605.00,0.654672
6298,1000,0.50,500,3,130,1.0337,98,3556.00,0.357227
6299,1000,0.50,500,3,130,0.9878,99,720.00,0.773383
6300,1000,0.50,500,3,140,0.9675,0,3600.00,0.635719
6301,1000,0.50,500,3,140,1.0180,1,3772.00,1.023831
6302,1000,0.50,500,3,140,1.0544,2,3752.00,1.387572
6303,1000,0.50,500,3,140,0.9594,3,3737.00,1.930703
6304,1000,0.50,500,3,140,0.9995,4,3757.00,2.922919
6305,1000,0.50,500,3,140,1.0071,5,3726.00,0.730560
6306,1000,0.50,500,3,140,0.9870,6,3667.00,0.727273
6307,1000,0.50,500,3,140,1.0349,7,3728.00,1.120100
6308,1000,0.50,500,3,140,1.0029,8,3768.00,0.884683
6309,1000,0.50,500,3,140,0.9657,9,3683.00,0.946896
6310,1000,0.50,500,3,140,1.0034,10,3812.00,1.767089
6311,1000,0.50,500,3,140,1.0763,11,3671.00,0.829066
6312,1000,0.50,500,3,140,0.9904,12,3749.00,6.821401
6313,1000,0.50,500,3,140,1.0224,13,4088.00,0.898644
6314,1000,0.50,500,3,140,0.9984,14,1232.00,0.769937
6315,1000,0.50,500,3,140,0.9827,15,3996.00,1.199057
6316,1000,0.50,500,3,140,1.0042,16,3988.00,0.077569
6317,1000,0.50,500,3,140,0.9833,17,3814.00,1.659893
6318,1000,0.50,500,3,140,1.0148,18,3936.00,1.719987
6319,1000,0.50,500,3,140,0.9609,19,3721.00,1.611439
6320,1000,0.50,500,3,140,0.9954,20,3808.00,1.539755
6321,1000,0.50,500,3,140,1.0067,21,3796.00,2.111651
6322,1000,0.50,500,3,140,1.0020,22,3749.00,0.893734
6323,1000,0.50,500,3,140,1.0235,23,2362.00,0.457095
6324,1000,0.50,500,3,140,0.9467,24,4010.00,2.745158
6325,1000,0.50,500,3,140,0.9692,25,3873.00,0.446996
6326,1000,0.50,500,3,140,0.9740,26,3936.00,2.228330
6327,1000,0.50,500,3,140,1.0324,27,3904.00,5.204963
6328,1000,0.50,500,3,140,0.9918,28,4073.00,3.478755
6329,1000,0.50,500,3,140,1.0681,29,3945.00,2.510819
6330,1000,0.50,500,3,140,1.0113,30,3952.00,0.359793
6331,1000,0.50,500,3,140,0.9733,31,3831.00,1.431868
6332,1000,0.50,500,3,140,1.0169,32,3727.00,2.130886
6333,1000,0.50,500,3,140,0.9684,33,3725.00,0.387074
6334,1000,0.50,500,3,140,1.0911,34,3798.00,0.970636
6335,1000,0.50,500,3,140,0.9868,35,3724.00,2.794008
6336,1000,0.50,500,3,140,0.9901,36,3648.00,3.015758
6337,1000,0.50,500,3,140,1.0621,37,3768.00,0.655425
6338,1000,0.50,500,3,140,0.9787,38,3695.00,3.209656
6339,1000,0.50,500,3,140,0.9707,39,3729.00,1.546362
6340,1000,0.50,500,3,140,0.9919,40,3753.00,1.245009
6341,1000,0.50,500,3,140,0.9817,41,3666.00,0.155672
6342,1000,0.50,500,3,140,0.9855,42,3857.00,2.522043
6343,1000,0.50,500,3,140,0.9733,43,3935.00,2.166323
6344,1000,0.50,500,3,140,0.9840,44,3821.00,1.409948
6345,1000,0.50,500,3,140,1.0127,45,3846.00,1.989925
6346,1000,0.50,500,3,140,1.0254,46,3693.00,3.950135
6347,1000,0.50,500,3,140,1.0008,47,3745.00,0.361459
6348,1000,0.50,500,3,140,1.0160,48,3603.00,0.266046
6349,1000,0.50,500,3,140,0.9365,49,3753.00,1.380150
6350,1000,0.50,500,3,140,0.9947,50,243.00,0.558786
6351,1000,0.50,500,3,140,0.9687,51,3692.00,4.120500
6352,1000,0.50,500,3,140,0.9666,52,3711.00,0.290267
6353,1000,0.50,500,3,140,0.9171,53,3709.00,0.811171
6354,1000,0.50,500,3,140,0.9718,54,3831.00,0.294414
6355,1000,0.50,500,3,140,0.9925,55,3646.00,0.299200
6356,1000,0.50,500,3,140,1.0084,56,3797.00,2.203650
6357,1000,0.50,500,3,140,1.0173,57,3792.00,0.545788
6358,1000,0.50,500,3,140,1.0080,58,3632.00,0.795075
6359,1000,0.50,500,3,140,0.9878,59,3824.00,0.686322
6360,1000,0.50,500,3,140,1.0016,60,3790.00,1.344459
6361,1000,0.50,500,3,140,1.0442,61,3849.00,0.703382
6362,1000,0.50,500,3,140,1.0233,62,3665.00,0.247849
6363,1000,0.50,500,3,140,1.0103,63,3780.00,0.369438
6364,1000,0.50,500,3,140,1.0510,64,3878.00,1.736750
6365,1000,0.50,500,3,140,0.9717,65,3781.00,1.137206
6366,1000,0.50,500,3,140,1.0468,66,3786.00,1.762287
6367,1000,0.50,500,3,140,0.9457,67,3826.00,0.714356
6368,1000,0.50,500,3,140,1.0104,68,3721.00,2.050020
6369,1000,0.50,500,3,140,0.9734,69,3690.00,3.187681
6370,1000,0.50,500,3,140,0.9988,70,3693.00,0.891154
6371,1000,0.50,500,3,140,1.0100,71,3821.00,3.083944
6372,1000,0.50,500,3,140,0.9514,72,3654.00,3.823808
6373,1000,0.50,500,3,140,1.0069,73,3656.00,0.852997
6374,1000,0.50,500,3,140,0.9822,74,3727.00,2.282050
6375,1000,0.50,500,3,140,1.0211,75,3660.00,0.933722
6376,1000,0.50,500,3,140,0.9709,76,3691.00,0.907754
6377,1000,0.50,500,3,140,1.0391,77,3701.00,1.501987
6378,1000,0.50,500,3,140,1.0042,78,3701.00,2.763881
6379,1000,0.50,500,3,140,0.9600,79,3736.00,0.127654
6380,1000,0.50,500,3,140,0.9534,80,3732.00,1.653626
6381,1000,0.50,500,3,140,0.9585,81,3777.00,0.626902
6382,1000,0.50,500,3,140,1.0057,82,3848.00,2.197913
6383,1000,0.50,500,3,140,1.0041,83,3646.00,0.270364
6384,1000,0.50,500,3,140,1.0451,84,3771.00,1.470548
6385,1000,0.50,500,3,140,0.9929,85,3772.00,3.547220
6386,1000,0.50,500,3,140,1.0523,86,3718.00,0.158765
6387,1000,0.50,500,3,140,1.0141,87,3809.00,1.113800
6388,1000,0.50,500,3,140,0.9970,88,3659.00,0.287329
6389,1000,0.50,500,3,140,1.0293,89,3957.00,0.260109
6390,1000,0.50,500,3,140,1.0050,90,3899.00,0.326225
6391,1000,0.50,500,3,140,1.0126,91,3816.00,2.819760
6392,1000,0.50,500,3,140,0.9666,92,3740.00,3.696269
6393,1000,0.50,500,3,140,0.9930,93,3908.00,1.057893
6394,1000,0.50,500,3,140,1.0280,94,4036.00,0.425910
6395,1000,0.50,500,3,140,0.9863,95,3822.00,3.192756
6396,1000,0.50,500,3,140,0.9728,96,3960.00,0.258443
6397,1000,0.50,500,3,140,1.0279,97,3916.00,0.444362
6398,1000,0.50,500,3,140,0.9919,98,3845.00,0.453307
6399,1000,0.50,500,3,140,0.9259,99,3850.00,0.661980
6400,1000,0.50,500,3,150,0.9892,0,3977.00,2.904649
6401,1000,0.50,500,3,150,1.0363,1,116.00,0.539056
6402,1000,0.50,500,3,150,0.9758,2,4055.00,0.247955
6403,1000,0.50,500,3,150,1.0596,3,3881.00,0.389287
6404,1000,0.50,500,3,150,1.0427,4,3982.00,1.389919
6405,1000,0.50,500,3,150,0.9852,5,4020.00,2.611583
6406,1000,0.50,500,3,150,0.9565,6,4067.00,2.353845
6407,1000,0.50,500,3,150,0.9278,7,4111.00,2.608114
6408,1000,0.50,500,3,150,1.0050,8,3930.00,0.322134
6409,1000,0.50,500,3,150,1.0196,9,4112.00,3.127584
6410,1000,0.50,500,3,150,1.0676,10,4049.00,0.339355
6411,1000,0.50,500,3,150,1.0036,11,3958.00,2.593935
6412,1000,0.50,500,3,150,1.0458,12,4073.00,0.438809
6413,1000,0.50,500,3,150,1.0144,13,3929.00,1.803830
6414,1000,0.50,500,3,150,1.0100,14,3888.00,1.857865
6415,1000,0.50,500,3,150,0.9989,15,3996.00,5.635847
6416,1000,0.50,500,3,150,1.0839,16,3997.00,2.933054
6417,1000,0.50,500,3,150,1.0480,17,4108.00,1.640108
6418,1000,0.50,500,3,150,0.9237,18,4039.00,0.405425
6419,1000,0.50,500,3,150,0.9783,19,3876.00,0.589935
6420,1000,0.50,500,3,150,1.0153,20,4018.00,5.092339
6421,1000,0.50,500,3,150,0.9694,21,3938.00,0.743143
6422,1000,0.50,500,3,150,1.0628,22,4117.00,3.409023
6423,1000,0.50,500,3,150,0.9883,23,3983.00,0.251740
6424,1000,0.50,500,3,150,1.0044,24,3839.00,0.413186
6425,1000,0.50,500,3,150,1.0287,25,4043.00,0.745286
6426,1000,0.50,500,3,150,1.0192,26,3920.00,1.176888
6427,1000,0.50,500,3,150,0.9861,27,4049.00,1.674616
6428,1000,0.50,500,3,150,1.0424,28,4073.00,0.458801
6429,1000,0.50,500,3,150,0.9629,29,4113.00,3.323611
6430,1000,0.50,500,3,150,1.0006,30,4036.00,1.007252
6431,1000,0.50,500,3,150,0.9665,31,4086.00,1.967966
6432,1000,0.50,500,3,150,0.9232,32,3993.00,1.668875
6433,1000,0.50,500,3,150,0.9859,33,3971.00,0.165780
6434,1000,0.50,500,3,150,1.0528,34,4068.00,2.108187
6435,1000,0.50,500,3,150,1.0602,35,3989.00,1.708122
6436,1000,0.50,500,3,150,1.0067,36,4188.00,0.609631
6437,1000,0.50,500,3,150,1.0349,37,3991.00,0.803675
6438,1000,0.50,500,3,150,1.0371,38,4044.00,0.492110
6439,1000,0.50,500,3,150,0.9683,39,3942.00,2.113542
6440,1000,0.50,500,3,150,1.0304,40,4117.00,1.025221
6441,1000,0.50,500,3,150,1.0460,41,3967.00,1.331601
6442,1000,0.50,500,3,150,1.0631,42,1891.00,0.616136
6443,1000,0.50,500,3,150,0.9780,43,4057.00,1.066361
6444,1000,0.50,500,3,150,0.9915,44,4060.00,3.470092
6445,1000,0.50,500,3,150,1.0484,45,4072.00,2.982347
6446,1000,0.50,500,3,150,0.9534,46,3965.00,0.360667
6447,1000,0.50,500,3,150,1.0384,47,4017.00,1.127044
6448,1000,0.50,500,3,150,1.0224,48,4012.00,1.081767
6449,1000,0.50,500,3,150,1.0169,49,1896.00,0.282084
6450,1000,0.50,500,3,150,1.0082,50,3988.00,1.515407
6451,1000,0.50,500,3,150,1.0165,51,4007.00,1.856119
6452,1000,0.50,500,3,150,1.0508,52,180.00,0.568723
6453,1000,0.50,500,3,150,1.0284,53,3960.00,1.868679
6454,1000,0.50,500,3,150,0.9407,54,3981.00,0.428075
6455,1000,0.50,500,3,150,1.0037,55,3993.00,0.197922
6456,1000,0.50,500,3,150,1.0185,56,4001.00,2.592515
6457,1000,0.50,500,3,150,0.9419,57,3972.00,1.666055
6458,1000,0.50,500,3,150,1.0186,58,4252.00,0.627402
6459,1000,0.50,500,3,150,0.9943,59,4051.00,2.087331
6460,1000,0.50,500,3,150,1.0112,60,4102.00,0.870849
6461,1000,0.50,500,3,150,0.9835,61,3955.00,1.170032
6462,1000,0.50,500,3,150,1.0097,62,3978.00,0.739376
6463,1000,0.50,500,3,150,0.9824,63,4075.00,1.282836
6464,1000,0.50,500,3,150,0.9822,64,4139.00,0.394787
6465,1000,0.50,500,3,150,1.0145,65,4060.00,4.138784
6466,1000,0.50,500,3,150,0.9998,66,4065.00,1.010966
6467,1000,0.50,500,3,150,0.9878,67,3909.00,1.827003
6468,1000,0.50,500,3,150,1.0357,68,4118.00,2.481378
6469,1000,0.50,500,3,150,0.9956,69,4085.00,1.152305
6470,1000,0.50,500,3,150,0.9854,70,4134.00,1.364145
6471,1000,0.50,500,3,150,0.9896,71,3982.00,1.001957
6472,1000,0.50,500,3,150,1.0212,72,4012.00,0.681344
6473,1000,0.50,500,3,150,0.9549,73,4138.00,3.276581
6474,1000,0.50,500,3,150,0.9926,74,3985.00,2.079585
6475,1000,0.50,500,3,150,0.9638,75,3984.00,0.233215
6476,1000,0.50,500,3,150,0.9186,76,3945.00,1.325407
6477,1000,0.50,500,3,150,0.9860,77,3985.00,2.680388
6478,1000,0.50,500,3,150,1.0217,78,3977.00,2.729825
6479,1000,0.50,500,3,150,1.0087,79,4113.00,0.720788
6480,1000,0.50,500,3,150,1.1019,80,4205.00,0.642134
6481,1000,0.50,500,3,150,1.0631,81,4179.00,0.393692
6482,1000,0.50,500,3,150,0.9949,82,4198.00,2.423282
6483,1000,0.50,500,3,150,0.9517,83,4165.00,2.148309
6484,1000,0.50,500,3,150,1.0048,84,4194.00,0.665632
6485,1000,0.50,500,3,150,0.9541,85,4180.00,2.285550
6486,1000,0.50,500,3,150,0.9763,86,4242.00,3.503465
6487,1000,0.50,500,3,150,0.9476,87,3952.00,2.436506
6488,1000,0.50,500,3,150,1.0103,88,3907.00,3.271329
6489,1000,0.50,500,3,150,1.0179,89,4016.00,0.380414
6490,1000,0.50,500,3,150,1.0527,90,3991.00,1.966445
6491,1000,0.50,500,3,150,1.0087,91,4039.00,3.747978
6492,1000,0.50,500,3,150,1.0250,92,3922.00,0.709540
6493,1000,0.50,500,3,150,0.9882,93,4073.00,0.913527
6494,1000,0.50,500,3,150,0.9237,94,4037.00,1.134923
6495,1000,0.50,500,3,150,0.9824,95,4064.00,0.509403
6496,1000,0.50,500,3,150,0.9688,96,4162.00,2.661115
6497,1000,0.50,500,3,150,0.9900,97,4131.00,1.657207
6498,1000,0.50,500,3,150,1.0042,98,4076.00,1.464298
6499,1000,0.50,500,3,150,0.9721,99,4129.00,1.746721
6500,1000,0.50,500,3,160,0.9566,0,4398.00,0.671333
6501,1000,0.50,500,3,160,0.9990,1,4435.00,2.007267
6502,1000,0.50,500,3,160,0.9997,2,4355.00,1.158995
6503,1000,0.50,500,3,160,1.0524,3,4457.00,2.999863
6504,1000,0.50,500,3,160,1.0394,4,4398.00,1.499696
6505,1000,0.50,500,3,160,0.9494,5,4306.00,5.186187
6506,1000,0.50,500,3,160,0.9833,6,4472.00,0.617687
6507,1000,0.50,500,3,160,1.0063,7,4427.00,0.250906
6508,1000,0.50,500,3,160,1.0533,8,4415.00,0.416114
6509,1000,0.50,500,3,160,1.0181,9,4473.00,0.413991
6510,1000,0.50,500,3,160,0.9761,10,4349.00,1.990522
6511,1000,0.50,500,3,160,1.0267,11,4384.00,0.928780
6512,1000,0.50,500,3,160,1.0157,12,4365.00,1.818580
6513,1000,0.50,500,3,160,0.9846,13,4400.00,1.945595
6514,1000,0.50,500,3,160,0.9752,14,4338.00,0.162971
6515,1000,0.50,500,3,160,0.9867,15,4357.00,0.222793
6516,1000,0.50,500,3,160,0.9821,16,4326.00,0.376006
6517,1000,0.50,500,3,160,0.9813,17,4320.00,1.821966
6518,1000,0.50,500,3,160,0.9977,18,4410.00,2.779212
6519,1000,0.50,500,3,160,1.0230,19,1945.00,2.803523
6520,1000,0.50,500,3,160,0.9693,20,4355.00,0.588441
6521,1000,0.50,500,3,160,1.0113,21,4439.00,4.923180
6522,1000,0.50,500,3,160,0.9860,22,4326.00,1.262937
6523,1000,0.50,500,3,160,0.9776,23,4352.00,0.642489
6524,1000,0.50,500,3,160,1.0052,24,4385.00,2.885680
6525,1000,0.50,500,3,160,0.9922,25,4415.00,2.013615
6526,1000,0.50,500,3,160,0.9749,26,4374.00,1.212757
6527,1000,0.50,500,3,160,0.9842,27,4441.00,0.456115
6528,1000,0.50,500,3,160,1.0340,28,4320.00,0.190784
6529,1000,0.50,500,3,160,0.9872,29,4410.00,2.057993
6530,1000,0.50,500,3,160,0.9670,30,4371.00,1.630163
6531,1000,0.50,500,3,160,0.9586,31,4298.00,0.450746
6532,1000,0.50,500,3,160,0.9923,32,4405.00,0.737024
6533,1000,0.50,500,3,160,1.0334,33,4345.00,0.508059
6534,1000,0.50,500,3,160,0.9840,34,4329.00,0.131678
6535,1000,0.50,500,3,160,1.0442,35,4383.00,1.617832
6536,1000,0.50,500,3,160,1.0058,36,4411.00,2.804337
6537,1000,0.50,500,3,160,0.9929,37,4460.00,0.877035
6538,1000,0.50,500,3,160,0.9739,38,4301.00,0.405977
6539,1000,0.50,500,3,160,0.9930,39,4438.00,3.134991
6540,1000,0.50,500,3,160,0.9939,40,4264.00,0.687078
6541,1000,0.50,500,3,160,0.9776,41,4351.00,1.856943
6542,1000,0.50,500,3,160,0.9927,42,4385.00,2.212841
6543,1000,0.50,500,3,160,1.0644,43,4426.00,2.371280
6544,1000,0.50,500,3,160,1.0493,44,4510.00,2.451475
6545,1000,0.50,500,3,160,0.9883,45,4358.00,0.799577
6546,1000,0.50,500,3,160,1.0015,46,4382.00,0.396404
6547,1000,0.50,500,3,160,1.0753,47,4427.00,2.080761
6548,1000,0.50,500,3,160,1.0046,48,4562.00,0.330871
6549,1000,0.50,500,3,160,1.0056,49,4334.00,0.403020
6550,1000,0.50,500,3,160,1.0353,50,4389.00,2.398324
6551,1000,0.50,500,3,160,1.0030,51,4448.00,4.447450
6552,1000,0.50,500,3,160,1.0483,52,4354.00,3.260226
6553,1000,0.50,500,3,160,1.0741,53,4386.00,0.717145
6554,1000,0.50,500,3,160,0.9775,54,4363.00,4.660574
6555,1000,0.50,500,3,160,0.9941,55,4237.00,0.653464
6556,1000,0.50,500,3,160,0.9655,56,4274.00,1.113887
6557,1000,0.50,500,3,160,0.9599,57,4345.00,2.644522
6558,1000,0.50,500,3,160,0.9579,58,4305.00,0.988572
6559,1000,0.50,500,3,160,0.9752,59,4139.00,1.979675
6560,1000,0.50,500,3,160,0.9299,60,4348.00,0.992560
6561,1000,0.50,500,3,160,0.9910,61,4467.00,1.546496
6562,1000,0.50,500,3,160,0.9983,62,4384.00,0.298517
6563,1000,0.50,500,3,160,1.0096,63,4321.00,1.991069
6564,1000,0.50,500,3,160,0.9301,64,4415.00,1.279622
6565,1000,0.50,500,3,160,0.9322,65,4353.00,3.043726
6566,1000,0.50,500,3,160,0.9549,66,4421.00,0.779423
6567,1000,0.50,500,3,160,0.9661,67,4482.00,1.820931
6568,1000,0.50,500,3,160,0.9879,68,4482.00,1.112447
6569,1000,0.50,500,3,160,1.0128,69,4412.00,0.607225
6570,1000,0.50,500,3,160,0.9454,70,4473.00,3.059569
6571,1000,0.50,500,3,160,1.0170,71,4426.00,0.686713
6572,1000,0.50,500,3,160,1.0085,72,4443.00,0.490845
6573,1000,0.50,500,3,160,1.0145,73,4304.00,0.261149
6574,1000,0.50,500,3,160,0.9527,74,4240.00,0.304216
6575,1000,0.50,500,3,160,0.9705,75,4302.00,0.474815
6576,1000,0.50,500,3,160,0.9075,76,4198.00,1.084037
6577,1000,0.50,500,3,160,0.9855,77,4287.00,3.314512
6578,1000,0.50,500,3,160,1.0211,78,4229.00,0.192626
6579,1000,0.50,500,3,160,1.0005,79,4286.00,0.709060
6580,1000,0.50,500,3,160,0.9745,80,4090.00,0.525719
6581,1000,0.50,500,3,160,0.9680,81,4256.00,2.316340
6582,1000,0.50,500,3,160,0.9794,82,4296.00,0.339499
6583,1000,0.50,500,3,160,1.0450,83,4333.00,4.379270
6584,1000,0.50,500,3,160,0.9795,84,4204.00,1.130430
6585,1000,0.50,500,3,160,1.0243,85,4237.00,2.527532
6586,1000,0.50,500,3,160,0.9837,86,4248.00,0.721074
6587,1000,0.50,500,3,160,1.0043,87,4135.00,1.836355
6588,1000,0.50,500,3,160,0.9809,88,4345.00,1.780913
6589,1000,0.50,500,3,160,1.0068,89,4215.00,1.629403
6590,1000,0.50,500,3,160,0.9915,90,4350.00,1.191908
6591,1000,0.50,500,3,160,0.9797,91,4259.00,0.728386
6592,1000,0.50,500,3,160,0.9378,92,4305.00,0.508080
6593,1000,0.50,500,3,160,0.9841,93,4240.00,0.484931
6594,1000,0.50,500,3,160,0.9607,94,4337.00,0.615583
6595,1000,0.50,500,3,160,1.0022,95,4226.00,0.450732
6596,1000,0.50,500,3,160,0.9914,96,4205.00,0.678801
6597,1000,0.50,500,3,160,0.9546,97,4236.00,2.060587
6598,1000,0.50,500,3,160,1.0177,98,4278.00,0.102309
6599,1000,0.50,500,3,160,1.0055,99,4263.00,0.581549
6600,1000,0.50,500,3,170,0.9937,0,4522.00,2.440587
6601,1000,0.50,500,3,170,1.0389,1,4500.00,2.108655
6602,1000,0.50,500,3,170,0.9756,2,4515.00,0.706250
6603,1000,0.50,500,3,170,0.9196,3,4392.00,0.625397
6604,1000,0.50,500,3,170,1.0032,4,4528.00,2.333743
6605,1000,0.50,500,3,170,0.9989,5,4645.00,0.642304
6606,1000,0.50,500,3,170,0.9474,6,4541.00,0.905305
6607,1000,0.50,500,3,170,1.0290,7,4577.00,0.966384
6608,1000,0.50,500,3,170,1.0110,8,4704.00,2.291951
6609,1000,0.50,500,3,170,0.9911,9,4447.00,1.973989
6610,1000,0.50,500,3,170,1.0000,10,4595.00,0.238127
6611,1000,0.50,500,3,170,0.9483,11,4659.00,0.122508
6612,1000,0.50,500,3,170,1.0102,12,4282.00,1.240406
6613,1000,0.50,500,3,170,1.0089,13,4738.00,0.399467
6614,1000,0.50,500,3,170,0.9985,14,4679.00,1.187654
6615,1000,0.50,500,3,170,1.0257,15,4786.00,0.326423
6616,1000,0.50,500,3,170,1.0220,16,4726.00,4.674794
6617,1000,0.50,500,3,170,1.0328,17,4571.00,0.528185
6618,1000,0.50,500,3,170,0.9717,18,4511.00,0.267699
6619,1000,0.50,500,3,170,0.9855,19,4419.00,0.772730
6620,1000,0.50,500,3,170,1.0051,20,4463.00,0.173717
6621,1000,0.50,500,3,170,0.9883,21,4592.00,0.170588
6622,1000,0.50,500,3,170,1.0045,22,4555.00,2.282239
6623,1000,0.50,500,3,170,0.9796,23,4493.00,1.189234
6624,1000,0.50,500,3,170,0.9838,24,4561.00,1.627856
6625,1000,0.50,500,3,170,0.9937,25,4576.00,2.702713
6626,1000,0.50,500,3,170,1.0092,26,4569.00,1.124613
6627,1000,0.50,500,3,170,1.0056,27,4459.00,0.738923
6628,1000,0.50,500,3,170,0.9469,28,4572.00,1.640361
6629,1000,0.50,500,3,170,0.9627,29,4493.00,1.387626
6630,1000,0.50,500,3,170,1.0020,30,4522.00,0.401209
6631,1000,0.50,500,3,170,1.0103,31,4483.00,0.377872
6632,1000,0.50,500,3,170,0.9781,32,4519.00,1.440197
6633,1000,0.50,500,3,170,0.9722,33,4562.00,0.354699
6634,1000,0.50,500,3,170,1.0068,34,4642.00,5.111901
6635,1000,0.50,500,3,170,1.0258,35,4377.00,2.617989
6636,1000,0.50,500,3,170,0.9978,36,4385.00,1.598746
6637,1000,0.50,500,3,170,0.9808,37,4499.00,0.193656
6638,1000,0.50,500,3,170,0.9731,38,4630.00,2.028242
6639,1000,0.50,500,3,170,0.9730,39,4514.00,0.645947
6640,1000,0.50,500,3,170,0.9652,40,4453.00,1.153289
6641,1000,0.50,500,3,170,1.0015,41,4502.00,1.129505
6642,1000,0.50,500,3,170,1.0193,42,4615.00,0.638499
6643,1000,0.50,500,3,170,0.9767,43,4550.00,2.183861
6644,1000,0.50,500,3,170,0.9923,44,4567.00,1.867145
6645,1000,0.50,500,3,170,0.9973,45,4563.00,0.525106
6646,1000,0.50,500,3,170,0.9333,46,4431.00,1.822799
6647,1000,0.50,500,3,170,0.9878,47,4733.00,1.569229
6648,1000,0.50,500,3,170,0.9816,48,4594.00,1.216511
6649,1000,0.50,500,3,170,1.0106,49,4492.00,0.396749
6650,1000,0.50,500,3,170,0.9873,50,4559.00,0.715805
6651,1000,0.50,500,3,170,1.0127,51,4531.00,1.324641
6652,1000,0.50,500,3,170,1.0511,52,4591.00,6.336864
6653,1000,0.50,500,3,170,0.9525,53,4411.00,2.001259
6654,1000,0.50,500,3,170,1.0146,54,4489.00,0.874336
6655,1000,0.50,500,3,170,1.0467,55,4606.00,0.509551
6656,1000,0.50,500,3,170,1.0012,56,4514.00,3.658141
6657,1000,0.50,500,3,170,0.9429,57,4516.00,3.528187
6658,1000,0.50,500,3,170,1.0426,58,4550.00,2.112716
6659,1000,0.50,500,3,170,1.0329,59,4749.00,2.693567
6660,1000,0.50,500,3,170,1.0264,60,4530.00,1.812926
6661,1000,0.50,500,3,170,0.9704,61,4602.00,1.649019
6662,1000,0.50,500,3,170,0.9603,62,4466.00,5.743856
6663,1000,0.50,500,3,170,1.0337,63,4448.00,1.061009
6664,1000,0.50,500,3,170,1.0365,64,4590.00,3.416013
6665,1000,0.50,500,3,170,1.0235,65,4473.00,0.994273
6666,1000,0.50,500,3,170,0.9808,66,4481.00,2.320061
6667,1000,0.50,500,3,170,0.9754,67,4765.00,1.715607
6668,1000,0.50,500,3,170,0.9645,68,4512.00,0.230114
6669,1000,0.50,500,3,170,1.0170,69,4663.00,0.501122
6670,1000,0.50,500,3,170,1.0451,70,896.00,1.564609
6671,1000,0.50,500,3,170,0.9625,71,4509.00,2.273989
6672,1000,0.50,500,3,170,1.0198,72,4485.00,3.447209
6673,1000,0.50,500,3,170,0.9881,73,4504.00,1.245980
6674,1000,0.50,500,3,170,0.9840,74,4510.00,0.199629
6675,1000,0.50,500,3,170,1.0344,75,4522.00,0.839401
6676,1000,0.50,500,3,170,0.9844,76,4412.00,2.554629
6677,1000,0.50,500,3,170,1.0102,77,4552.00,0.905101
6678,1000,0.50,500,3,170,0.9458,78,4365.00,2.362100
6679,1000,0.50,500,3,170,1.0404,79,4732.00,3.036619
6680,1000,0.50,500,3,170,1.0019,80,4582.00,4.571756
6681,1000,0.50,500,3,170,1.0379,81,4627.00,2.952731
6682,1000,0.50,500,3,170,0.9678,82,4548.00,1.089664
6683,1000,0.50,500,3,170,1.0339,83,4558.00,1.278825
6684,1000,0.50,500,3,170,0.9998,84,4524.00,2.622554
6685,1000,0.50,500,3,170,1.0019,85,4489.00,0.308917
6686,1000,0.50,500,3,170,0.9747,86,4428.00,1.828238
6687,1000,0.50,500,3,170,0.9921,87,4584.00,1.603826
6688,1000,0.50,500,3,170,1.0510,88,1069.00,1.986073
6689,1000,0.50,500,3,170,0.9884,89,4606.00,1.953493
6690,1000,0.50,500,3,170,1.0076,90,4444.00,0.917424
6691,1000,0.50,500,3,170,1.0048,91,4781.00,2.175727
6692,1000,0.50,500,3,170,0.9930,92,4738.00,1.430881
6693,1000,0.50,500,3,170,1.0528,93,4606.00,0.950726
6694,1000,0.50,500,3,170,0.9693,94,4755.00,0.944227
6695,1000,0.50,500,3,170,0.9776,95,4611.00,1.663431
6696,1000,0.50,500,3,170,0.9964,96,4716.00,1.763249
6697,1000,0.50,500,3,170,0.9743,97,4713.00,2.063735
6698,1000,0.50,500,3,170,1.0483,98,4736.00,1.052749
6699,1000,0.50,500,3,170,1.0497,99,4860.00,3.748592
6700,1000,0.50,500,3,180,0.9931,0,5116.00,0.232209
6701,1000,0.50,500,3,180,0.9995,1,4967.00,1.869622
6702,1000,0.50,500,3,180,0.9748,2,4969.00,0.560220
6703,1000,0.50,500,3,180,0.9805,3,5037.00,0.717081
6704,1000,0.50,500,3,180,1.0482,4,5125.00,0.485191
6705,1000,0.50,500,3,180,0.9541,5,4787.00,2.354213
6706,1000,0.50,500,3,180,0.9991,6,4771.00,0.292301
6707,1000,0.50,500,3,180,1.0113,7,4704.00,1.532966
6708,1000,0.50,500,3,180,0.9858,8,4772.00,0.522014
6709,1000,0.50,500,3,180,0.9882,9,4756.00,0.189668
6710,1000,0.50,500,3,180,1.0359,10,4824.00,0.368547
6711,1000,0.50,500,3,180,1.0101,11,5019.00,1.779024
6712,1000,0.50,500,3,180,0.9853,12,4822.00,1.246474
6713,1000,0.50,500,3,180,1.0130,13,4824.00,1.198431
6714,1000,0.50,500,3,180,1.0382,14,4718.00,2.105082
6715,1000,0.50,500,3,180,0.9631,15,4716.00,0.711279
6716,1000,0.50,500,3,180,0.9892,16,4770.00,0.457569
6717,1000,0.50,500,3,180,0.9955,17,4830.00,1.487721
6718,1000,0.50,500,3,180,1.0317,18,4854.00,2.435497
6719,1000,0.50,500,3,180,1.0361,19,4836.00,1.999447
6720,1000,0.50,500,3,180,0.9988,20,4681.00,0.705897
6721,1000,0.50,500,3,180,1.0363,21,4811.00,3.549938
6722,1000,0.50,500,3,180,0.9846,22,4787.00,0.663591
6723,1000,0.50,500,3,180,0.9548,23,4762.00,0.788896
6724,1000,0.50,500,3,180,1.0034,24,3573.00,1.750748
6725,1000,0.50,500,3,180,0.9943,25,2226.00,0.150405
6726,1000,0.50,500,3,180,0.9937,26,4757.00,1.503242
6727,1000,0.50,500,3,180,1.0136,27,4746.00,2.369199
6728,1000,0.50,500,3,180,1.0302,28,4706.00,1.149315
6729,1000,0.50,500,3,180,0.9694,29,4692.00,3.040327
6730,1000,0.50,500,3,180,0.9674,30,4788.00,0.131735
6731,1000,0.50,500,3,180,0.8990,31,4760.00,1.272060
6732,1000,0.50,500,3,180,0.9773,32,4822.00,0.190594
6733,1000,0.50,500,3,180,0.9976,33,4644.00,0.313591
6734,1000,0.50,500,3,180,1.0229,34,4787.00,1.014236
6735,1000,0.50,500,3,180,1.0196,35,4804.00,4.191668
6736,1000,0.50,500,3,180,1.0243,36,4908.00,0.843242
6737,1000,0.50,500,3,180,0.9900,37,4802.00,0.852183
6738,1000,0.50,500,3,180,0.9402,38,4903.00,0.154041
6739,1000,0.50,500,3,180,0.9775,39,4876.00,3.120769
6740,1000,0.50,500,3,180,1.0329,40,4923.00,1.219748
6741,1000,0.50,500,3,180,1.0192,41,4790.00,1.180041
6742,1000,0.50,500,3,180,0.9791,42,4890.00,3.799361
6743,1000,0.50,500,3,180,1.0464,43,4760.00,0.298932
6744,1000,0.50,500,3,180,1.0383,44,4884.00,1.098273
6745,1000,0.50,500,3,180,0.9772,45,4824.00,0.343480
6746,1000,0.50,500,3,180,0.9535,46,4932.00,2.727474
6747,1000,0.50,500,3,180,1.0548,47,4690.00,2.146238
6748,1000,0.50,500,3,180,0.9364,48,4767.00,1.007851
6749,1000,0.50,500,3,180,0.9972,49,4831.00,0.569882
6750,1000,0.50,500,3,180,1.0048,50,4705.00,0.785146
6751,1000,0.50,500,3,180,0.9990,51,4883.00,1.557032
6752,1000,0.50,500,3,180,1.0489,52,4776.00,0.357208
6753,1000,0.50,500,3,180,1.0062,53,4797.00,1.481023
6754,1000,0.50,500,3,180,0.9495,54,4774.00,2.551010
6755,1000,0.50,500,3,180,1.0421,55,4772.00,0.019869
6756,1000,0.50,500,3,180,1.0020,56,4757.00,0.330044
6757,1000,0.50,500,3,180,1.0103,57,4795.00,3.490469
6758,1000,0.50,500,3,180,0.9355,58,4863.00,0.969656
6759,1000,0.50,500,3,180,0.9886,59,4659.00,0.568270
6760,1000,0.50,500,3,180,0.9840,60,4800.00,1.196355
6761,1000,0.50,500,3,180,1.0171,61,4706.00,1.040267
6762,1000,0.50,500,3,180,0.9922,62,4878.00,1.407852
6763,1000,0.50,500,3,180,0.9838,63,4885.00,0.389862
6764,1000,0.50,500,3,180,1.0041,64,4744.00,1.209269
6765,1000,0.50,500,3,180,0.9579,65,4896.00,0.656212
6766,1000,0.50,500,3,180,1.0073,66,4874.00,1.391619
6767,1000,0.50,500,3,180,1.0070,67,4895.00,2.306451
6768,1000,0.50,500,3,180,0.9569,68,4726.00,0.138423
6769,1000,0.50,500,3,180,1.0045,69,4835.00,3.991029
6770,1000,0.50,500,3,180,0.9846,70,4736.00,0.583471
6771,1000,0.50,500,3,180,1.0038,71,4786.00,0.339143
6772,1000,0.50,500,3,180,1.0422,72,4811.00,0.473019
6773,1000,0.50,500,3,180,0.9646,73,4670.00,0.598418
6774,1000,0.50,500,3,180,0.9783,74,4786.00,2.782761
6775,1000,0.50,500,3,180,1.0476,75,4776.00,1.033038
6776,1000,0.50,500,3,180,1.0491,76,4837.00,1.088637
6777,1000,0.50,500,3,180,1.0160,77,4748.00,1.047065
6778,1000,0.50,500,3,180,0.9424,78,4798.00,0.552575
6779,1000,0.50,500,3,180,0.9995,79,4829.00,0.158754
6780,1000,0.50,500,3,180,1.0155,80,4749.00,1.907848
6781,1000,0.50,500,3,180,1.0243,81,4743.00,0.820555
6782,1000,0.50,500,3,180,1.0211,82,4830.00,3.184750
6783,1000,0.50,500,3,180,1.0240,83,4774.00,8.405869
6784,1000,0.50,500,3,180,1.0259,84,4797.00,0.987978
6785,1000,0.50,500,3,180,0.9688,85,4781.00,1.052666
6786,1000,0.50,500,3,180,1.0556,86,4980.00,2.719100
6787,1000,0.50,500,3,180,0.9804,87,4798.00,3.784109
6788,1000,0.50,500,3,180,1.0321,88,4824.00,0.517704
6789,1000,0.50,500,3,180,1.0219,89,4890.00,1.763752
6790,1000,0.50,500,3,180,1.0469,90,4938.00,0.170640
6791,1000,0.50,500,3,180,0.9775,91,4791.00,1.620715
6792,1000,0.50,500,3,180,1.0489,92,4810.00,1.317722
6793,1000,0.50,500,3,180,1.0340,93,4812.00,0.891868
6794,1000,0.50,500,3,180,1.0016,94,4849.00,0.684444
6795,1000,0.50,500,3,180,0.9932,95,4723.00,1.238215
6796,1000,0.50,500,3,180,0.9380,96,4822.00,0.166370
6797,1000,0.50,500,3,180,1.0187,97,4657.00,1.799929
6798,1000,0.50,500,3,180,1.0123,98,4739.00,1.824980
6799,1000,0.50,500,3,180,1.0512,99,4950.00,2.815071
6800,1000,0.50,500,3,190,0.9650,0,4998.00,0.819219
6801,1000,0.50,500,3,190,1.0088,1,5027.00,2.154644
6802,1000,0.50,500,3,190,0.9826,2,5058.00,1.179176
6803,1000,0.50,500,3,190,1.0089,3,1758.00,1.116954
6804,1000,0.50,500,3,190,1.0387,4,5107.00,1.759406
6805,1000,0.50,500,3,190,0.9988,5,4991.00,0.105123
6806,1000,0.50,500,3,190,1.0040,6,4989.00,1.384403
6807,1000,0.50,500,3,190,1.0113,7,5065.00,3.308055
6808,1000,0.50,500,3,190,0.9962,8,5120.00,2.474049
6809,1000,0.50,500,3,190,0.9818,9,5048.00,3.558418
6810,1000,0.50,500,3,190,0.9433,10,5069.00,1.578127
6811,1000,0.50,500,3,190,1.0149,11,5093.00,0.727489
6812,1000,0.50,500,3,190,1.0118,12,5108.00,0.218938
6813,1000,0.50,500,3,190,1.0335,13,5165.00,2.916962
6814,1000,0.50,500,3,190,1.0101,14,4946.00,1.282358
6815,1000,0.50,500,3,190,1.0080,15,5040.00,2.050472
6816,1000,0.50,500,3,190,1.0123,16,5082.00,0.687373
6817,1000,0.50,500,3,190,0.9456,17,4996.00,0.931853
6818,1000,0.50,500,3,190,1.0465,18,332.00,1.563444
6819,1000,0.50,500,3,190,1.0026,19,5110.00,0.956834
6820,1000,0.50,500,3,190,1.0037,20,5097.00,6.449615
6821,1000,0.50,500,3,190,0.9726,21,5181.00,0.785184
6822,1000,0.50,500,3,190,1.0076,22,5042.00,2.773366
6823,1000,0.50,500,3,190,0.9697,23,4979.00,2.640970
6824,1000,0.50,500,3,190,1.0106,24,5039.00,1.045585
6825,1000,0.50,500,3,190,0.9687,25,5164.00,0.255804
6826,1000,0.50,500,3,190,0.9949,26,5038.00,1.279978
6827,1000,0.50,500,3,190,1.0366,27,5120.00,0.404123
6828,1000,0.50,500,3,190,0.9970,28,5062.00,0.442741
6829,1000,0.50,500,3,190,0.9723,29,4956.00,1.576337
6830,1000,0.50,500,3,190,1.0323,30,4984.00,0.890567
6831,1000,0.50,500,3,190,1.0131,31,4994.00,3.023767
6832,1000,0.50,500,3,190,0.9781,32,4925.00,1.559264
6833,1000,0.50,500,3,190,1.0019,33,5098.00,0.304641
6834,1000,0.50,500,3,190,0.9824,34,4922.00,0.774041
6835,1000,0.50,500,3,190,1.0562,35,5057.00,2.007256
6836,1000,0.50,500,3,190,0.9414,36,5116.00,2.608873
6837,1000,0.50,500,3,190,0.9544,37,4973.00,1.133517
6838,1000,0.50,500,3,190,0.9944,38,5010.00,1.378886
6839,1000,0.50,500,3,190,1.0455,39,5263.00,0.591817
6840,1000,0.50,500,3,190,0.9859,40,4961.00,0.195703
6841,1000,0.50,500,3,190,1.0153,41,5107.00,1.173631
6842,1000,0.50,500,3,190,0.9751,42,5135.00,0.942668
6843,1000,0.50,500,3,190,0.9978,43,5143.00,1.037772
6844,1000,0.50,500,3,190,1.0207,44,4885.00,1.655837
6845,1000,0.50,500,3,190,1.0700,45,5234.00,1.387608
6846,1000,0.50,500,3,190,0.9788,46,5104.00,1.970391
6847,1000,0.50,500,3,190,1.0271,47,4958.00,1.936098
6848,1000,0.50,500,3,190,1.0122,48,5178.00,0.639323
6849,1000,0.50,500,3,190,0.9691,49,5019.00,0.561973
6850,1000,0.50,500,3,190,1.0095,50,4952.00,0.321559
6851,1000,0.50,500,3,190,1.0174,51,5071.00,1.776106
6852,1000,0.50,500,3,190,1.0126,52,5087.00,0.464764
6853,1000,0.50,500,3,190,0.9818,53,5077.00,0.443383
6854,1000,0.50,500,3,190,1.0265,54,5083.00,0.841403
6855,1000,0.50,500,3,190,1.0178,55,5170.00,3.666206
6856,1000,0.50,500,3,190,1.0072,56,5019.00,0.522497
6857,1000,0.50,500,3,190,0.9557,57,4985.00,2.122363
6858,1000,0.50,500,3,190,0.9692,58,5070.00,1.004183
6859,1000,0.50,500,3,190,1.0500,59,4860.00,1.307668
6860,1000,0.50,500,3,190,0.9763,60,5148.00,3.735857
6861,1000,0.50,500,3,190,1.0066,61,5014.00,2.096637
6862,1000,0.50,500,3,190,0.9858,62,5057.00,2.695746
6863,1000,0.50,500,3,190,0.9889,63,5115.00,0.426632
6864,1000,0.50,500,3,190,0.9756,64,5162.00,2.655790
6865,1000,0.50,500,3,190,0.9895,65,5036.00,1.225678
6866,1000,0.50,500,3,190,0.9996,66,5114.00,0.982801
6867,1000,0.50,500,3,190,0.9981,67,5022.00,2.244551
6868,1000,0.50,500,3,190,1.0030,68,5198.00,1.099165
6869,1000,0.50,500,3,190,0.9592,69,5096.00,0.233017
6870,1000,0.50,500,3,190,1.0501,70,5019.00,1.247166
6871,1000,0.50,500,3,190,1.0389,71,4309.00,0.555112
6872,1000,0.50,500,3,190,1.0103,72,5048.00,0.823877
6873,1000,0.50,500,3,190,1.0117,73,5091.00,1.167252
6874,1000,0.50,500,3,190,0.9772,74,5044.00,1.880964
6875,1000,0.50,500,3,190,1.0071,75,5115.00,1.845940
6876,1000,0.50,500,3,190,0.9927,76,4952.00,0.800384
6877,1000,0.50,500,3,190,1.0532,77,5132.00,0.613910
6878,1000,0.50,500,3,190,0.9524,78,5149.00,0.960984
6879,1000,0.50,500,3,190,0.9680,79,5037.00,0.095886
6880,1000,0.50,500,3,190,0.9900,80,5038.00,1.702153
6881,1000,0.50,500,3,190,1.0164,81,5065.00,0.623540
6882,1000,0.50,500,3,190,1.0283,82,4886.00,3.298338
6883,1000,0.50,500,3,190,0.9749,83,4932.00,1.330274
6884,1000,0.50,500,3,190,0.9883,84,5184.00,1.434909
6885,1000,0.50,500,3,190,1.0181,85,5157.00,0.375791
6886,1000,0.50,500,3,190,0.9497,86,5172.00,1.019920
6887,1000,0.50,500,3,190,0.9592,87,5013.00,0.981896
6888,1000,0.50,500,3,190,1.0264,88,5011.00,3.254685
6889,1000,0.50,500,3,190,0.9910,89,5149.00,2.552059
6890,1000,0.50,500,3,190,0.9653,90,4956.00,5.665549
6891,1000,0.50,500,3,190,0.9921,91,4888.00,0.791896
6892,1000,0.50,500,3,190,1.0031,92,5117.00,0.367132
6893,1000,0.50,500,3,190,1.0101,93,5082.00,2.884130
6894,1000,0.50,500,3,190,0.9268,94,5054.00,1.878888
6895,1000,0.50,500,3,190,0.9791,95,5187.00,2.095186
6896,1000,0.50,500,3,190,0.9996,96,5075.00,1.016219
6897,1000,0.50,500,3,190,1.0397,97,5113.00,1.853680
6898,1000,0.50,500,3,190,1.0223,98,5081.00,1.825637
6899,1000,0.50,500,3,190,0.9666,99,4984.00,1.690213
6900,1000,0.50,500,3,200,1.0119,0,5184.00,1.239980
6901,1000,0.50,500,3,200,0.9962,1,5245.00,1.980256
6902,1000,0.50,500,3,200,1.0287,2,5314.00,1.598474
6903,1000,0.50,500,3,200,1.0019,3,5364.00,1.956671
6904,1000,0.50,500,3,200,0.9837,4,5369.00,1.929640
6905,1000,0.50,500,3,200,0.9888,5,5322.00,2.393658
6906,1000,0.50,500,3,200,0.9994,6,5351.00,0.591177
6907,1000,0.50,500,3,200,0.9676,7,5163.00,2.789611
6908,1000,0.50,500,3,200,0.9770,8,5266.00,0.832680
6909,1000,0.50,500,3,200,0.9970,9,5358.00,0.671111
6910,1000,0.50,500,3,200,1.0062,10,5344.00,0.821074
6911,1000,0.50,500,3,200,0.9498,11,5487.00,2.723529
6912,1000,0.50,500,3,200,1.0028,12,5696.00,0.145561
6913,1000,0.50,500,3,200,0.9637,13,5521.00,0.357644
6914,1000,0.50,500,3,200,0.9814,14,5624.00,1.370813
6915,1000,0.50,500,3,200,0.9786,15,5314.00,0.437891
6916,1000,0.50,500,3,200,0.9838,16,5261.00,0.207783
6917,1000,0.50,500,3,200,1.0290,17,3611.00,3.458683
6918,1000,0.50,500,3,200,0.9781,18,5186.00,1.035539
6919,1000,0.50,500,3,200,0.9662,19,5320.00,4.007034
6920,1000,0.50,500,3,200,0.9827,20,5426.00,1.197804
6921,1000,0.50,500,3,200,1.0388,21,5374.00,2.383901
6922,1000,0.50,500,3,200,0.9785,22,5206.00,0.356452
6923,1000,0.50,500,3,200,0.9683,23,5282.00,3.055111
6924,1000,0.50,500,3,200,0.9729,24,5381.00,1.816579
6925,1000,0.50,500,3,200,0.9288,25,5218.00,1.121300
6926,1000,0.50,500,3,200,1.0254,26,5302.00,0.319256
6927,1000,0.50,500,3,200,0.9743,27,5406.00,0.755130
6928,1000,0.50,500,3,200,0.9796,28,3177.00,1.326633
6929,1000,0.50,500,3,200,0.9496,29,5362.00,1.569014
6930,1000,0.50,500,3,200,0.9711,30,5334.00,1.386690
6931,1000,0.50,500,3,200,0.9715,31,5303.00,1.274746
6932,1000,0.50,500,3,200,0.9905,32,5414.00,0.661897
6933,1000,0.50,500,3,200,0.9858,33,5404.00,1.890297
6934,1000,0.50,500,3,200,0.9831,34,5416.00,6.258735
6935,1000,0.50,500,3,200,0.9754,35,5261.00,0.878566
6936,1000,0.50,500,3,200,0.9857,36,5291.00,3.907526
6937,1000,0.50,500,3,200,1.0583,37,5362.00,0.852222
6938,1000,0.50,500,3,200,1.0184,38,5436.00,0.799169
6939,1000,0.50,500,3,200,1.0086,39,5286.00,1.433574
6940,1000,0.50,500,3,200,0.9649,40,5183.00,0.446789
6941,1000,0.50,500,3,200,0.9801,41,5400.00,1.384212
6942,1000,0.50,500,3,200,1.0175,42,5278.00,0.984913
6943,1000,0.50,500,3,200,0.9471,43,5632.00,0.095973
6944,1000,0.50,500,3,200,0.9336,44,5622.00,0.883005
6945,1000,0.50,500,3,200,0.9933,45,5372.00,1.366284
6946,1000,0.50,500,3,200,1.0201,46,5384.00,1.718829
6947,1000,0.50,500,3,200,0.9884,47,5248.00,1.189417
6948,1000,0.50,500,3,200,0.9945,48,5292.00,0.633481
6949,1000,0.50,500,3,200,1.0164,49,5340.00,1.328432
6950,1000,0.50,500,3,200,1.0464,50,5249.00,0.357076
6951,1000,0.50,500,3,200,1.0291,51,5324.00,1.321355
6952,1000,0.50,500,3,200,1.0142,52,5300.00,1.650491
6953,1000,0.50,500,3,200,0.9658,53,5320.00,1.423064
6954,1000,0.50,500,3,200,0.9830,54,5208.00,0.830675
6955,1000,0.50,500,3,200,1.0337,55,5395.00,0.774984
6956,1000,0.50,500,3,200,1.0099,56,5458.00,0.693423
6957,1000,0.50,500,3,200,1.0090,57,5450.00,2.300248
6958,1000,0.50,500,3,200,0.9911,58,5275.00,0.573196
6959,1000,0.50,500,3,200,1.0234,59,5377.00,1.286683
6960,1000,0.50,500,3,200,1.0351,60,5323.00,0.865706
6961,1000,0.50,500,3,200,1.0198,61,5356.00,1.456740
6962,1000,0.50,500,3,200,1.0114,62,5364.00,1.342846
6963,1000,0.50,500,3,200,0.9902,63,5266.00,2.880313
6964,1000,0.50,500,3,200,0.9682,64,5272.00,0.793580
6965,1000,0.50,500,3,200,0.9913,65,5243.00,0.453117
6966,1000,0.50,500,3,200,0.9890,66,5517.00,1.180291
6967,1000,0.50,500,3,200,1.0088,67,5242.00,1.210908
6968,1000,0.50,500,3,200,1.0371,68,865.00,0.192416
6969,1000,0.50,500,3,200,1.0120,69,5559.00,1.217306
6970,1000,0.50,500,3,200,0.9540,70,5361.00,2.175808
6971,1000,0.50,500,3,200,1.0187,71,5291.00,0.698655
6972,1000,0.50,500,3,200,0.9283,72,5108.00,2.493920
6973,1000,0.50,500,3,200,0.9771,73,5309.00,1.392617
6974,1000,0.50,500,3,200,1.0086,74,5486.00,1.466725
6975,1000,0.50,500,3,200,1.0171,75,5321.00,1.207745
6976,1000,0.50,500,3,200,1.0562,76,5512.00,3.163030
6977,1000,0.50,500,3,200,1.0026,77,5281.00,1.373573
6978,1000,0.50,500,3,200,1.0432,78,5302.00,1.146648
6979,1000,0.50,500,3,200,0.9866,79,5344.00,1.185192
6980,1000,0.50,500,3,200,1.0002,80,5404.00,0.653483
6981,1000,0.50,500,3,200,1.0199,81,5305.00,0.980375
6982,1000,0.50,500,3,200,0.9606,82,5160.00,3.590352
6983,1000,0.50,500,3,200,1.0557,83,5385.00,2.301925
6984,1000,0.50,500,3,200,0.9625,84,5389.00,0.774261
6985,1000,0.50,500,3,200,1.0348,85,5278.00,4.763246
6986,1000,0.50,500,3,200,0.9906,86,5236.00,1.708408
6987,1000,0.50,500,3,200,0.9626,87,5240.00,0.689502
6988,1000,0.50,500,3,200,1.0099,88,5316.00,2.543305
6989,1000,0.50,500,3,200,1.0093,89,5195.00,1.808834
6990,1000,0.50,500,3,200,1.0113,90,5408.00,0.704769
6991,1000,0.50,500,3,200,1.0158,91,5436.00,1.920640
6992,1000,0.50,500,3,200,0.9753,92,5382.00,0.936480
6993,1000,0.50,500,3,200,1.0059,93,5509.00,1.712923
6994,1000,0.50,500,3,200,0.9760,94,5398.00,0.579807
6995,1000,0.50,500,3,200,1.0135,95,5407.00,0.943289
6996,1000,0.50,500,3,200,0.9934,96,5451.00,1.497204
6997,1000,0.50,500,3,200,1.0051,97,5322.00,1.918104
6998,1000,0.50,500,3,200,0.9603,98,5237.00,1.699747
6999,1000,0.50,500,3,200,0.9933,99,5354.00,3.123007
7000,1000,0.50,500,3,210,1.0040,0,2656.00,1.655059
7001,1000,0.50,500,3,210,0.9898,1,5513.00,0.201807
7002,1000,0.50,500,3,210,1.0380,2,5645.00,0.382196
7003,1000,0.50,500,3,210,1.0465,3,5676.00,1.711349
7004,1000,0.50,500,3,210,0.9969,4,5620.00,0.315515
7005,1000,0.50,500,3,210,0.9863,5,5694.00,0.986326
7006,1000,0.50,500,3,210,0.9980,6,5546.00,0.955463
7007,1000,0.50,500,3,210,1.0025,7,5479.00,1.004209
7008,1000,0.50,500,3,210,0.9848,8,5684.00,0.326688
7009,1000,0.50,500,3,210,0.9352,9,5566.00,0.418571
7010,1000,0.50,500,3,210,1.0291,10,5620.00,0.331695
7011,1000,0.50,500,3,210,0.9761,11,5499.00,1.453587
7012,1000,0.50,500,3,210,1.0112,12,5444.00,2.078422
7013,1000,0.50,500,3,210,1.0372,13,5845.00,1.246360
7014,1000,0.50,500,3,210,0.9828,14,5528.00,2.836867
7015,1000,0.50,500,3,210,0.9887,15,5496.00,1.216043
7016,1000,0.50,500,3,210,1.0146,16,5705.00,2.213397
7017,1000,0.50,500,3,210,1.0152,17,5609.00,1.304291
7018,1000,0.50,500,3,210,0.9984,18,5473.00,0.921192
7019,1000,0.50,500,3,210,0.9922,19,5618.00,1.045037
7020,1000,0.50,500,3,210,0.9322,20,5637.00,0.991693
7021,1000,0.50,500,3,210,0.9410,21,5781.00,0.208253
7022,1000,0.50,500,3,210,1.0465,22,5954.00,3.572528
7023,1000,0.50,500,3,210,0.9451,23,5690.00,1.121100
7024,1000,0.50,500,3,210,1.0059,24,5655.00,4.129951
7025,1000,0.50,500,3,210,0.9946,25,5601.00,0.310697
7026,1000,0.50,500,3,210,1.0210,26,5571.00,2.360355
7027,1000,0.50,500,3,210,1.0047,27,5640.00,2.391733
7028,1000,0.50,500,3,210,0.9874,28,5428.00,0.268982
7029,1000,0.50,500,3,210,1.0371,29,5630.00,0.878450
7030,1000,0.50,500,3,210,0.9971,30,5676.00,3.423157
7031,1000,0.50,500,3,210,0.9716,31,5595.00,1.250159
7032,1000,0.50,500,3,210,0.9621,32,5537.00,1.455025
7033,1000,0.50,500,3,210,0.9374,33,5443.00,0.636334
7034,1000,0.50,500,3,210,0.9960,34,5750.00,4.124277
7035,1000,0.50,500,3,210,1.0103,35,5737.00,0.820944
7036,1000,0.50,500,3,210,0.9699,36,5454.00,1.100910
7037,1000,0.50,500,3,210,0.9537,37,5439.00,0.384192
7038,1000,0.50,500,3,210,1.0173,38,5763.00,1.689120
7039,1000,0.50,500,3,210,0.9583,39,5569.00,0.886471
7040,1000,0.50,500,3,210,0.9976,40,5738.00,0.810181
7041,1000,0.50,500,3,210,1.0236,41,5488.00,5.190873
7042,1000,0.50,500,3,210,1.0311,42,5550.00,0.386733
7043,1000,0.50,500,3,210,1.0541,43,5605.00,0.982397
7044,1000,0.50,500,3,210,0.9977,44,5576.00,0.620739
7045,1000,0.50,500,3,210,0.9540,45,5523.00,0.956693
7046,1000,0.50,500,3,210,1.0014,46,5651.00,1.585287
7047,1000,0.50,500,3,210,1.0221,47,5371.00,0.474100
7048,1000,0.50,500,3,210,0.9698,48,5547.00,3.755143
7049,1000,0.50,500,3,210,0.9699,49,5628.00,0.395803
7050,1000,0.50,500,3,210,1.0424,50,5627.00,0.643494
7051,1000,0.50,500,3,210,0.9766,51,5532.00,1.211681
7052,1000,0.50,500,3,210,0.9799,52,5615.00,1.171154
7053,1000,0.50,500,3,210,1.0610,53,5641.00,1.041658
7054,1000,0.50,500,3,210,0.9835,54,5774.00,1.817585
7055,1000,0.50,500,3,210,0.9950,55,5692.00,0.117894
7056,1000,0.50,500,3,210,0.9832,56,5607.00,3.868360
7057,1000,0.50,500,3,210,0.9755,57,5618.00,4.571043
7058,1000,0.50,500,3,210,1.0088,58,5631.00,3.781314
7059,1000,0.50,500,3,210,0.9766,59,5605.00,0.747747
7060,1000,0.50,500,3,210,1.0398,60,5591.00,0.371405
7061,1000,0.50,500,3,210,0.9680,61,5476.00,5.073029
7062,1000,0.50,500,3,210,1.0049,62,5639.00,0.791415
7063,1000,0.50,500,3,210,0.9603,63,5705.00,0.833005
7064,1000,0.50,500,3,210,0.9295,64,5568.00,0.466653
7065,1000,0.50,500,3,210,1.0275,65,5563.00,0.562650
7066,1000,0.50,500,3,210,0.9876,66,5530.00,1.680230
7067,1000,0.50,500,3,210,0.9674,67,5449.00,0.477404
7068,1000,0.50,500,3,210,1.0307,68,5637.00,0.585657
7069,1000,0.50,500,3,210,0.9760,69,5478.00,0.653462
7070,1000,0.50,500,3,210,1.0321,70,5629.00,1.990617
7071,1000,0.50,500,3,210,1.0111,71,5610.00,2.460725
7072,1000,0.50,500,3,210,1.0350,72,5610.00,3.383254
7073,1000,0.50,500,3,210,1.0293,73,5780.00,0.658396
7074,1000,0.50,500,3,210,0.9546,74,5861.00,0.350789
7075,1000,0.50,500,3,210,1.0514,75,5616.00,0.487415
7076,1000,0.50,500,3,210,0.9873,76,5578.00,2.107512
7077,1000,0.50,500,3,210,1.0457,77,5616.00,1.053845
7078,1000,0.50,500,3,210,1.0422,78,5508.00,1.236736
7079,1000,0.50,500,3,210,0.9501,79,5530.00,2.134350
7080,1000,0.50,500,3,210,0.9270,80,5465.00,0.217896
7081,1000,0.50,500,3,210,0.9923,81,5570.00,0.929405
7082,1000,0.50,500,3,210,1.0228,82,5693.00,2.512054
7083,1000,0.50,500,3,210,1.0043,83,5463.00,0.827353
7084,1000,0.50,500,3,210,0.9951,84,5590.00,0.605511
7085,1000,0.50,500,3,210,0.9931,85,5632.00,1.892117
7086,1000,0.50,500,3,210,0.9992,86,5540.00,0.232918
7087,1000,0.50,500,3,210,0.9732,87,5562.00,1.142737
7088,1000,0.50,500,3,210,0.9628,88,5515.00,2.813177
7089,1000,0.50,500,3,210,0.9991,89,5793.00,0.284187
7090,1000,0.50,500,3,210,1.0310,90,5701.00,2.487236
7091,1000,0.50,500,3,210,0.9991,91,5481.00,3.820163
7092,1000,0.50,500,3,210,1.0143,92,5559.00,0.120053
7093,1000,0.50,500,3,210,1.0338,93,5555.00,1.564475
7094,1000,0.50,500,3,210,1.0025,94,5690.00,0.496493
7095,1000,0.50,500,3,210,1.0139,95,5641.00,1.119471
7096,1000,0.50,500,3,210,1.0158,96,5538.00,1.139815
7097,1000,0.50,500,3,210,1.0434,97,5571.00,1.780462
7098,1000,0.50,500,3,210,0.9932,98,5644.00,1.060321
7099,1000,0.50,500,3,210,0.9578,99,5495.00,0.986201
7100,1000,0.50,500,3,220,0.9754,0,5915.00,0.203720
7101,1000,0.50,500,3,220,1.0289,1,5758.00,0.623891
7102,1000,0.50,500,3,220,0.9957,2,5852.00,1.417667
7103,1000,0.50,500,3,220,1.0287,3,5773.00,0.727317
7104,1000,0.50,500,3,220,1.0271,4,5890.00,1.114318
7105,1000,0.50,500,3,220,0.9669,5,5773.00,0.626316
7106,1000,0.50,500,3,220,0.9814,6,5896.00,0.555204
7107,1000,0.50,500,3,220,0.9844,7,5803.00,1.067180
7108,1000,0.50,500,3,220,0.9632,8,5848.00,0.316844
7109,1000,0.50,500,3,220,0.9450,9,5992.00,0.487392
7110,1000,0.50,500,3,220,1.0178,10,6179.00,0.217470
7111,1000,0.50,500,3,220,1.0200,11,5851.00,0.075967
7112,1000,0.50,500,3,220,0.9689,12,5761.00,0.292476
7113,1000,0.50,500,3,220,0.9298,13,5796.00,0.227941
7114,1000,0.50,500,3,220,1.0219,14,6002.00,0.713913
7115,1000,0.50,500,3,220,0.9692,15,5875.00,1.271759
7116,1000,0.50,500,3,220,0.9719,16,5887.00,0.354375
7117,1000,0.50,500,3,220,1.0316,17,5975.00,0.500058
7118,1000,0.50,500,3,220,0.9602,18,5950.00,0.786300
7119,1000,0.50,500,3,220,0.9883,19,5849.00,1.462346
7120,1000,0.50,500,3,220,1.0025,20,6033.00,1.919219
7121,1000,0.50,500,3,220,0.9953,21,5973.00,4.837137
7122,1000,0.50,500,3,220,1.0278,22,5934.00,2.235378
7123,1000,0.50,500,3,220,0.9828,23,5799.00,0.516814
7124,1000,0.50,500,3,220,0.9849,24,5717.00,0.535749
7125,1000,0.50,500,3,220,0.9577,25,5788.00,1.056300
7126,1000,0.50,500,3,220,1.0210,26,5837.00,3.760767
7127,1000,0.50,500,3,220,0.9391,27,5778.00,0.750372
7128,1000,0.50,500,3,220,0.9693,28,5872.00,0.372531
7129,1000,0.50,500,3,220,1.0343,29,5900.00,0.689602
7130,1000,0.50,500,3,220,0.9404,30,5717.00,0.669264
7131,1000,0.50,500,3,220,1.0280,31,5853.00,0.140260
7132,1000,0.50,500,3,220,1.0292,32,5944.00,3.548064
7133,1000,0.50,500,3,220,0.9672,33,5717.00,0.943045
7134,1000,0.50,500,3,220,0.9841,34,5868.00,0.250522
7135,1000,0.50,500,3,220,1.0345,35,5878.00,1.766179
7136,1000,0.50,500,3,220,1.0466,36,5859.00,2.843909
7137,1000,0.50,500,3,220,0.9928,37,5838.00,0.052999
7138,1000,0.50,500,3,220,0.9755,38,5682.00,0.810816
7139,1000,0.50,500,3,220,0.9890,39,5934.00,0.663075
7140,1000,0.50,500,3,220,0.9897,40,5754.00,0.765667
7141,1000,0.50,500,3,220,0.9739,41,5922.00,2.068050
7142,1000,0.50,500,3,220,1.0253,42,2696.00,0.561709
7143,1000,0.50,500,3,220,0.9599,43,5892.00,2.826491
7144,1000,0.50,500,3,220,1.0062,44,5972.00,2.391173
7145,1000,0.50,500,3,220,1.0125,45,5944.00,3.047966
7146,1000,0.50,500,3,220,1.0504,46,5775.00,1.547039
7147,1000,0.50,500,3,220,0.9881,47,5878.00,1.216197
7148,1000,0.50,500,3,220,1.0222,48,5705.00,1.921976
7149,1000,0.50,500,3,220,0.9907,49,5891.00,1.704507
7150,1000,0.50,500,3,220,1.0918,50,5954.00,2.771663
7151,1000,0.50,500,3,220,1.0034,51,6034.00,2.026660
7152,1000,0.50,500,3,220,1.0219,52,5787.00,0.483366
7153,1000,0.50,500,3,220,1.0057,53,5752.00,1.584738
7154,1000,0.50,500,3,220,1.0221,54,5897.00,1.822578
7155,1000,0.50,500,3,220,0.9481,55,5728.00,0.046429
7156,1000,0.50,500,3,220,1.0116,56,6004.00,0.294461
7157,1000,0.50,500,3,220,0.9822,57,5947.00,1.362060
7158,1000,0.50,500,3,220,0.9853,58,5876.00,2.723234
7159,1000,0.50,500,3,220,1.0065,59,5849.00,0.618122
7160,1000,0.50,500,3,220,0.9473,60,6017.00,0.760431
7161,1000,0.50,500,3,220,0.9474,61,5867.00,0.617922
7162,1000,0.50,500,3,220,1.0274,62,5836.00,0.838939
7163,1000,0.50,500,3,220,1.0370,63,2277.00,0.827819
7164,1000,0.50,500,3,220,0.9703,64,5869.00,0.620961
7165,1000,0.50,500,3,220,1.0186,65,6114.00,5.555832
7166,1000,0.50,500,3,220,0.9947,66,5942.00,1.141284
7167,1000,0.50,500,3,220,0.9645,67,5775.00,2.893516
7168,1000,0.50,500,3,220,0.9671,68,5897.00,0.784735
7169,1000,0.50,500,3,220,0.9657,69,5818.00,0.480871
7170,1000,0.50,500,3,220,0.9849,70,6001.00,1.026997
7171,1000,0.50,500,3,220,0.9747,71,5934.00,1.843138
7172,1000,0.50,500,3,220,0.9784,72,5755.00,2.293445
7173,1000,0.50,500,3,220,1.0227,73,5782.00,0.952353
7174,1000,0.50,500,3,220,0.9758,74,6006.00,0.748411
7175,1000,0.50,500,3,220,1.0557,75,5958.00,0.929264
7176,1000,0.50,500,3,220,1.0173,76,5960.00,2.384588
7177,1000,0.50,500,3,220,1.0467,77,879.00,0.801705
7178,1000,0.50,500,3,220,0.9957,78,6258.00,0.887164
7179,1000,0.50,500,3,220,0.9996,79,6013.00,1.668428
7180,1000,0.50,500,3,220,0.9989,80,6083.00,1.664821
7181,1000,0.50,500,3,220,0.9435,81,6151.00,1.055434
7182,1000,0.50,500,3,220,1.0808,82,5841.00,0.622918
7183,1000,0.50,500,3,220,1.0000,83,5913.00,0.520546
7184,1000,0.50,500,3,220,0.9291,84,5703.00,0.752328
7185,1000,0.50,500,3,220,0.9950,85,5880.00,1.950632
7186,1000,0.50,500,3,220,1.0018,86,5816.00,1.231992
7187,1000,0.50,500,3,220,0.9799,87,5885.00,2.328238
7188,1000,0.50,500,3,220,0.9956,88,5774.00,1.469680
7189,1000,0.50,500,3,220,1.0523,89,5734.00,2.453856
7190,1000,0.50,500,3,220,1.0041,90,951.00,1.216081
7191,1000,0.50,500,3,220,1.0115,91,5801.00,1.071569
7192,1000,0.50,500,3,220,1.0059,92,5719.00,0.740588
7193,1000,0.50,500,3,220,1.0369,93,5845.00,2.605247
7194,1000,0.50,500,3,220,0.9726,94,5771.00,0.331594
7195,1000,0.50,500,3,220,0.9781,95,6056.00,2.345150
7196,1000,0.50,500,3,220,1.0134,96,5788.00,0.484054
7197,1000,0.50,500,3,220,1.0100,97,5918.00,1.177752
7198,1000,0.50,500,3,220,1.0328,98,5875.00,1.664102
7199,1000,0.50,500,3,220,0.9982,99,5858.00,2.108564
7200,1000,0.50,500,3,230,0.9752,0,6174.00,0.178281
7201,1000,0.50,500,3,230,1.0169,1,6047.00,1.353500
7202,1000,0.50,500,3,230,1.0175,2,6115.00,2.301513
7203,1000,0.50,500,3,230,1.0060,3,6067.00,0.196357
7204,1000,0.50,500,3,230,0.9927,4,6002.00,1.857228
7205,1000,0.50,500,3,230,0.9799,5,5971.00,0.831585
7206,1000,0.50,500,3,230,1.0161,6,6390.00,0.328647
7207,1000,0.50,500,3,230,0.9460,7,5983.00,0.257755
7208,1000,0.50,500,3,230,0.9965,8,6058.00,3.747303
7209,1000,0.50,500,3,230,1.0118,9,6236.00,1.149354
7210,1000,0.50,500,3,230,0.9924,10,6229.00,0.434752
7211,1000,0.50,500,3,230,0.9897,11,6102.00,0.647468
7212,1000,0.50,500,3,230,0.9911,12,6095.00,0.481319
7213,1000,0.50,500,3,230,0.9843,13,6062.00,0.651978
7214,1000,0.50,500,3,230,1.0452,14,5996.00,0.140434
7215,1000,0.50,500,3,230,0.9554,15,6164.00,3.221742
7216,1000,0.50,500,3,230,1.0316,16,6228.00,1.224703
7217,1000,0.50,500,3,230,1.0276,17,6148.00,0.162564
7218,1000,0.50,500,3,230,1.0636,18,6415.00,2.061700
7219,1000,0.50,500,3,230,0.9303,19,6120.00,3.169322
7220,1000,0.50,500,3,230,0.9964,20,6160.00,0.515501
7221,1000,0.50,500,3,230,0.9781,21,6169.00,0.533715
7222,1000,0.50,500,3,230,1.0259,22,6144.00,2.010977
7223,1000,0.50,500,3,230,1.0157,23,6020.00,0.426075
7224,1000,0.50,500,3,230,0.9866,24,6086.00,0.655530
7225,1000,0.50,500,3,230,0.9972,25,5960.00,2.900090
7226,1000,0.50,500,3,230,1.0243,26,6093.00,0.694517
7227,1000,0.50,500,3,230,0.9456,27,6103.00,1.536229
7228,1000,0.50,500,3,230,0.9929,28,6296.00,1.274934
7229,1000,0.50,500,3,230,0.9810,29,6117.00,1.814747
7230,1000,0.50,500,3,230,0.9737,30,6213.00,0.679994
7231,1000,0.50,500,3,230,0.9594,31,6309.00,2.902426
7232,1000,0.50,500,3,230,1.0273,32,6135.00,0.520689
7233,1000,0.50,500,3,230,0.9980,33,6354.00,2.951637
7234,1000,0.50,500,3,230,1.0180,34,6080.00,0.712906
7235,1000,0.50,500,3,230,0.9893,35,6049.00,1.422689
7236,1000,0.50,500,3,230,0.9454,36,6082.00,0.243908
7237,1000,0.50,500,3,230,1.0321,37,4203.00,2.649186
7238,1000,0.50,500,3,230,0.9639,38,6158.00,0.604719
7239,1000,0.50,500,3,230,0.9929,39,6335.00,0.393143
7240,1000,0.50,500,3,230,0.9710,40,6173.00,0.580501
7241,1000,0.50,500,3,230,0.9815,41,6336.00,0.943366
7242,1000,0.50,500,3,230,1.0470,42,6195.00,0.368259
7243,1000,0.50,500,3,230,0.9689,43,6241.00,0.353053
7244,1000,0.50,500,3,230,1.0246,44,6444.00,3.597291
7245,1000,0.50,500,3,230,1.0196,45,6394.00,0.386067
7246,1000,0.50,500,3,230,0.9841,46,6113.00,1.044933
7247,1000,0.50,500,3,230,0.9961,47,6145.00,1.432677
7248,1000,0.50,500,3,230,1.0531,48,6336.00,1.925516
7249,1000,0.50,500,3,230,0.9914,49,5937.00,0.984787
7250,1000,0.50,500,3,230,0.9707,50,6201.00,0.784757
7251,1000,0.50,500,3,230,1.0347,51,2033.00,0.097033
7252,1000,0.50,500,3,230,0.9602,52,6273.00,3.339694
7253,1000,0.50,500,3,230,0.9728,53,6142.00,1.110628
7254,1000,0.50,500,3,230,1.0801,54,6300.00,1.526557
7255,1000,0.50,500,3,230,0.9854,55,6228.00,1.453399
7256,1000,0.50,500,3,230,1.0889,56,2721.00,1.173145
7257,1000,0.50,500,3,230,0.9811,57,6086.00,0.360776
7258,1000,0.50,500,3,230,0.9891,58,6037.00,0.579465
7259,1000,0.50,500,3,230,1.0121,59,6052.00,1.659828
7260,1000,0.50,500,3,230,0.9371,60,5951.00,0.403159
7261,1000,0.50,500,3,230,1.0010,61,6101.00,1.343236
7262,1000,0.50,500,3,230,1.0383,62,6012.00,0.475201
7263,1000,0.50,500,3,230,1.0101,63,6100.00,1.126123
7264,1000,0.50,500,3,230,1.0371,64,6024.00,1.898272
7265,1000,0.50,500,3,230,1.0166,65,6283.00,3.452311
7266,1000,0.50,500,3,230,1.0334,66,6194.00,0.957533
7267,1000,0.50,500,3,230,1.0080,67,6244.00,2.072704
7268,1000,0.50,500,3,230,1.0028,68,6085.00,1.005801
7269,1000,0.50,500,3,230,0.9834,69,6046.00,0.593820
7270,1000,0.50,500,3,230,1.0152,70,6181.00,2.191258
7271,1000,0.50,500,3,230,1.0326,71,6355.00,0.326899
7272,1000,0.50,500,3,230,1.0562,72,6173.00,3.734865
7273,1000,0.50,500,3,230,0.9888,73,6288.00,1.971663
7274,1000,0.50,500,3,230,1.0089,74,6178.00,0.995780
7275,1000,0.50,500,3,230,0.9561,75,6241.00,2.714593
7276,1000,0.50,500,3,230,0.9621,76,6126.00,3.052099
7277,1000,0.50,500,3,230,0.9958,77,6167.00,0.479824
7278,1000,0.50,500,3,230,0.9243,78,6136.00,0.668232
7279,1000,0.50,500,3,230,0.9089,79,6177.00,2.692136
7280,1000,0.50,500,3,230,1.0134,80,6111.00,0.659651
7281,1000,0.50,500,3,230,1.0227,81,6346.00,3.100399
7282,1000,0.50,500,3,230,1.0233,82,5997.00,1.292444
7283,1000,0.50,500,3,230,1.0216,83,6113.00,1.546563
7284,1000,0.50,500,3,230,1.0066,84,6173.00,1.099464
7285,1000,0.50,500,3,230,0.9962,85,979.00,0.380654
7286,1000,0.50,500,3,230,1.0279,86,6281.00,3.111141
7287,1000,0.50,500,3,230,1.0036,87,6143.00,0.149684
7288,1000,0.50,500,3,230,1.0055,88,6230.00,0.407173
7289,1000,0.50,500,3,230,0.9935,89,6259.00,0.376870
7290,1000,0.50,500,3,230,0.9979,90,6069.00,7.073061
7291,1000,0.50,500,3,230,0.9195,91,6427.00,1.511716
7292,1000,0.50,500,3,230,1.0347,92,2155.00,1.620286
7293,1000,0.50,500,3,230,1.0257,93,4138.00,1.878386
7294,1000,0.50,500,3,230,0.9791,94,6198.00,1.968557
7295,1000,0.50,500,3,230,0.9987,95,5917.00,0.791920
7296,1000,0.50,500,3,230,1.0145,96,6176.00,0.109177
7297,1000,0.50,500,3,230,1.0437,97,6128.00,0.866125
7298,1000,0.50,500,3,230,1.0787,98,5919.00,0.551435
7299,1000,0.50,500,3,230,0.9920,99,6093.00,1.425821
7300,1000,0.50,500,3,240,1.0028,0,6428.00,0.448533
7301,1000,0.50,500,3,240,0.9873,1,6441.00,0.308205
7302,1000,0.50,500,3,240,1.0423,2,6333.00,0.527891
7303,1000,0.50,500,3,240,0.9827,3,6321.00,1.364561
7304,1000,0.50,500,3,240,0.9680,4,6420.00,1.216984
7305,1000,0.50,500,3,240,1.0468,5,6369.00,3.153652
7306,1000,0.50,500,3,240,1.0005,6,6365.00,1.508514
7307,1000,0.50,500,3,240,1.0066,7,6404.00,1.693233
7308,1000,0.50,500,3,240,0.9967,8,6417.00,1.076652
7309,1000,0.50,500,3,240,1.0226,9,6355.00,0.679397
7310,1000,0.50,500,3,240,1.0411,10,6331.00,0.274930
7311,1000,0.50,500,3,240,0.9838,11,6327.00,0.209074
7312,1000,0.50,500,3,240,1.0055,12,6347.00,0.479522
7313,1000,0.50,500,3,240,1.0089,13,6242.00,1.229439
7314,1000,0.50,500,3,240,1.0236,14,6310.00,1.557493
7315,1000,0.50,500,3,240,0.9841,15,6453.00,1.788076
7316,1000,0.50,500,3,240,0.9403,16,6410.00,1.615778
7317,1000,0.50,500,3,240,1.0265,17,6365.00,0.666527
7318,1000,0.50,500,3,240,1.0496,18,6375.00,0.504751
7319,1000,0.50,500,3,240,1.0634,19,6605.00,1.599422
7320,1000,0.50,500,3,240,0.9908,20,6478.00,3.925388
7321,1000,0.50,500,3,240,0.9930,21,6132.00,0.655745
7322,1000,0.50,500,3,240,1.0126,22,6364.00,1.492457
7323,1000,0.50,500,3,240,0.9476,23,6341.00,0.324437
7324,1000,0.50,500,3,240,1.0072,24,6611.00,1.049382
7325,1000,0.50,500,3,240,1.0156,25,6307.00,1.030430
7326,1000,0.50,500,3,240,0.9967,26,6344.00,0.581082
7327,1000,0.50,500,3,240,0.9993,27,6381.00,0.115314
7328,1000,0.50,500,3,240,1.0339,28,1124.00,2.585910
7329,1000,0.50,500,3,240,0.9971,29,6387.00,0.812521
7330,1000,0.50,500,3,240,0.9697,30,6378.00,0.281206
7331,1000,0.50,500,3,240,0.9956,31,6276.00,1.546702
7332,1000,0.50,500,3,240,1.0517,32,902.00,2.018261
7333,1000,0.50,500,3,240,0.9990,33,6340.00,3.352391
7334,1000,0.50,500,3,240,1.0158,34,6412.00,5.376550
7335,1000,0.50,500,3,240,1.0541,35,6480.00,2.066995
7336,1000,0.50,500,3,240,1.0539,36,6596.00,2.741393
7337,1000,0.50,500,3,240,1.0328,37,1455.00,1.541126
7338,1000,0.50,500,3,240,0.9408,38,6252.00,1.124091
7339,1000,0.50,500,3,240,1.0406,39,6586.00,0.850756
7340,1000,0.50,500,3,240,0.9636,40,6532.00,0.831516
7341,1000,0.50,500,3,240,0.9819,41,6376.00,1.769380
7342,1000,0.50,500,3,240,0.9702,42,6330.00,1.170652
7343,1000,0.50,500,3,240,1.0371,43,6411.00,1.530513
7344,1000,0.50,500,3,240,1.0144,44,6367.00,0.926333
7345,1000,0.50,500,3,240,1.0170,45,6541.00,3.212812
7346,1000,0.50,500,3,240,1.0180,46,6433.00,0.322448
7347,1000,0.50,500,3,240,0.9808,47,818.00,1.061192
7348,1000,0.50,500,3,240,0.9900,48,6473.00,0.981725
7349,1000,0.50,500,3,240,0.9841,49,6379.00,1.162701
7350,1000,0.50,500,3,240,0.9540,50,6387.00,1.888368
7351,1000,0.50,500,3,240,1.0150,51,6412.00,0.603294
7352,1000,0.50,500,3,240,1.0330,52,6567.00,1.040392
7353,1000,0.50,500,3,240,1.0090,53,6563.00,2.469451
7354,1000,0.50,500,3,240,0.9365,54,6411.00,0.272824
7355,1000,0.50,500,3,240,0.9991,55,6357.00,0.244994
7356,1000,0.50,500,3,240,0.9872,56,6412.00,3.211905
7357,1000,0.50,500,3,240,1.0562,57,6572.00,0.252285
7358,1000,0.50,500,3,240,1.0354,58,6474.00,0.597034
7359,1000,0.50,500,3,240,1.0199,59,6449.00,1.034214
7360,1000,0.50,500,3,240,0.9400,60,6418.00,0.507840
7361,1000,0.50,500,3,240,0.9854,61,6472.00,1.163419
7362,1000,0.50,500,3,240,1.0077,62,6454.00,2.874664
7363,1000,0.50,500,3,240,1.0073,63,6508.00,1.108244
7364,1000,0.50,500,3,240,0.9913,64,6334.00,2.415598
7365,1000,0.50,500,3,240,0.9988,65,6414.00,1.325344
7366,1000,0.50,500,3,240,1.0123,66,6494.00,1.310908
7367,1000,0.50,500,3,240,0.9910,67,6241.00,0.900663
7368,1000,0.50,500,3,240,1.0149,68,6499.00,1.362707
7369,1000,0.50,500,3,240,0.9992,69,6278.00,0.779371
7370,1000,0.50,500,3,240,0.9710,70,6205.00,1.365049
7371,1000,0.50,500,3,240,0.9855,71,6365.00,0.756265
7372,1000,0.50,500,3,240,0.9665,72,6252.00,1.813909
7373,1000,0.50,500,3,240,0.9928,73,6154.00,2.472360
7374,1000,0.50,500,3,240,1.0216,74,6414.00,0.547195
7375,1000,0.50,500,3,240,0.9920,75,6310.00,0.714317
7376,1000,0.50,500,3,240,1.0206,76,6450.00,1.473593
7377,1000,0.50,500,3,240,1.0026,77,6433.00,3.628584
7378,1000,0.50,500,3,240,0.9446,78,6445.00,0.868176
7379,1000,0.50,500,3,240,0.9933,79,6516.00,0.168197
7380,1000,0.50,500,3,240,1.0169,80,6525.00,3.398064
7381,1000,0.50,500,3,240,0.9922,81,6414.00,0.525440
7382,1000,0.50,500,3,240,0.9463,82,6347.00,1.420573
7383,1000,0.50,500,3,240,1.0319,83,6464.00,0.315808
7384,1000,0.50,500,3,240,1.0163,84,6205.00,0.157214
7385,1000,0.50,500,3,240,1.0195,85,6493.00,0.978554
7386,1000,0.50,500,3,240,0.9848,86,6357.00,0.706847
7387,1000,0.50,500,3,240,0.9921,87,6326.00,1.734660
7388,1000,0.50,500,3,240,0.9681,88,6364.00,1.192832
7389,1000,0.50,500,3,240,1.0213,89,6580.00,0.994365
7390,1000,0.50,500,3,240,0.9971,90,6692.00,0.188960
7391,1000,0.50,500,3,240,0.9813,91,6911.00,1.121306
7392,1000,0.50,500,3,240,0.9869,92,6445.00,0.898021
7393,1000,0.50,500,3,240,1.0382,93,6558.00,0.355422
7394,1000,0.50,500,3,240,0.9915,94,6470.00,2.250574
7395,1000,0.50,500,3,240,1.0116,95,6405.00,2.441717
7396,1000,0.50,500,3,240,0.9934,96,6543.00,1.094925
7397,1000,0.50,500,3,240,1.0208,97,6329.00,0.175087
7398,1000,0.50,500,3,240,0.9380,98,6615.00,0.384472
7399,1000,0.50,500,3,240,1.0062,99,6810.00,2.152924
7400,1000,0.50,500,3,250,1.0133,0,6701.00,0.234683
7401,1000,0.50,500,3,250,0.9975,1,6966.00,1.457112
7402,1000,0.50,500,3,250,1.0444,2,6756.00,1.736850
7403,1000,0.50,500,3,250,0.9879,3,6995.00,1.527293
7404,1000,0.50,500,3,250,0.9353,4,6998.00,0.278044
7405,1000,0.50,500,3,250,0.9389,5,6818.00,1.629282
7406,1000,0.50,500,3,250,0.9833,6,6986.00,1.687366
7407,1000,0.50,500,3,250,0.9625,7,7041.00,2.793861
7408,1000,0.50,500,3,250,0.9981,8,6692.00,3.214152
7409,1000,0.50,500,3,250,0.9827,9,6756.00,2.549963
7410,1000,0.50,500,3,250,1.0175,10,6677.00,0.536642
7411,1000,0.50,500,3,250,1.0395,11,7168.00,0.696124
7412,1000,0.50,500,3,250,1.0308,12,6767.00,1.845560
7413,1000,0.50,500,3,250,1.0055,13,6505.00,0.533458
7414,1000,0.50,500,3,250,0.9985,14,6667.00,2.496847
7415,1000,0.50,500,3,250,0.9859,15,6827.00,0.514840
7416,1000,0.50,500,3,250,0.9895,16,6989.00,5.411121
7417,1000,0.50,500,3,250,0.9887,17,6832.00,0.147063
7418,1000,0.50,500,3,250,1.0122,18,6581.00,1.005645
7419,1000,0.50,500,3,250,1.0047,19,6608.00,1.242701
7420,1000,0.50,500,3,250,1.0353,20,6614.00,0.580330
7421,1000,0.50,500,3,250,1.0000,21,6501.00,0.438996
7422,1000,0.50,500,3,250,1.0685,22,5508.00,1.575794
7423,1000,0.50,500,3,250,0.9852,23,6647.00,0.827436
7424,1000,0.50,500,3,250,1.0163,24,6590.00,0.142032
7425,1000,0.50,500,3,250,1.0115,25,6935.00,0.170704
7426,1000,0.50,500,3,250,1.0025,26,6701.00,0.805605
7427,1000,0.50,500,3,250,0.9729,27,6634.00,0.414557
7428,1000,0.50,500,3,250,1.0031,28,6673.00,0.139072
7429,1000,0.50,500,3,250,1.0120,29,6652.00,0.948964
7430,1000,0.50,500,3,250,1.0322,30,5273.00,2.802238
7431,1000,0.50,500,3,250,0.9337,31,6603.00,1.331534
7432,1000,0.50,500,3,250,0.9686,32,6818.00,2.844058
7433,1000,0.50,500,3,250,0.9897,33,6679.00,0.327875
7434,1000,0.50,500,3,250,1.0061,34,2730.00,0.333343
7435,1000,0.50,500,3,250,0.9930,35,5266.00,2.493825
7436,1000,0.50,500,3,250,0.9697,36,6831.00,0.702108
7437,1000,0.50,500,3,250,0.9700,37,7072.00,1.127418
7438,1000,0.50,500,3,250,1.0272,38,6947.00,0.693145
7439,1000,0.50,500,3,250,0.9914,39,6930.00,0.322130
7440,1000,0.50,500,3,250,1.0380,40,7127.00,1.412102
7441,1000,0.50,500,3,250,1.0218,41,6929.00,0.150573
7442,1000,0.50,500,3,250,0.9869,42,7049.00,0.727563
7443,1000,0.50,500,3,250,0.9919,43,6907.00,1.867414
7444,1000,0.50,500,3,250,0.9593,44,6886.00,2.216577
7445,1000,0.50,500,3,250,1.0191,45,6826.00,0.279629
7446,1000,0.50,500,3,250,0.9797,46,6951.00,1.251994
7447,1000,0.50,500,3,250,0.9396,47,6754.00,2.644604
7448,1000,0.50,500,3,250,0.9891,48,6770.00,3.682580
7449,1000,0.50,500,3,250,0.9695,49,6810.00,2.113196
7450,1000,0.50,500,3,250,0.9860,50,6669.00,0.138419
7451,1000,0.50,500,3,250,0.9692,51,6888.00,0.612038
7452,1000,0.50,500,3,250,1.0202,52,6727.00,1.311873
7453,1000,0.50,500,3,250,0.9942,53,6769.00,0.481531
7454,1000,0.50,500,3,250,0.9666,54,6795.00,1.262837
7455,1000,0.50,500,3,250,1.0142,55,7080.00,1.622953
7456,1000,0.50,500,3,250,0.9328,56,6892.00,1.718058
7457,1000,0.50,500,3,250,0.9667,57,6728.00,1.302189
7458,1000,0.50,500,3,250,1.0252,58,6640.00,0.177818
7459,1000,0.50,500,3,250,1.0134,59,6848.00,3.018078
7460,1000,0.50,500,3,250,0.9977,60,6940.00,0.318465
7461,1000,0.50,500,3,250,0.9967,61,7007.00,1.589439
7462,1000,0.50,500,3,250,1.0775,62,6796.00,1.581846
7463,1000,0.50,500,3,250,1.0140,63,6766.00,0.466921
7464,1000,0.50,500,3,250,1.0328,64,6997.00,0.512711
7465,1000,0.50,500,3,250,1.0635,65,6901.00,0.833075
7466,1000,0.50,500,3,250,0.9987,66,6769.00,2.079004
7467,1000,0.50,500,3,250,0.9767,67,5635.00,1.676877
7468,1000,0.50,500,3,250,1.0123,68,6807.00,1.203211
7469,1000,0.50,500,3,250,1.0393,69,6828.00,0.862276
7470,1000,0.50,500,3,250,1.0388,70,6850.00,1.514452
7471,1000,0.50,500,3,250,0.9378,71,6782.00,0.782640
7472,1000,0.50,500,3,250,0.9870,72,6882.00,4.387615
7473,1000,0.50,500,3,250,1.0184,73,6864.00,2.154425
7474,1000,0.50,500,3,250,0.9990,74,6875.00,0.790977
7475,1000,0.50,500,3,250,0.9844,75,6926.00,3.511495
7476,1000,0.50,500,3,250,1.0067,76,6661.00,0.919558
7477,1000,0.50,500,3,250,1.0086,77,6912.00,0.619412
7478,1000,0.50,500,3,250,0.9788,78,6921.00,0.317805
7479,1000,0.50,500,3,250,0.9532,79,6944.00,0.312540
7480,1000,0.50,500,3,250,0.9987,80,6712.00,0.446982
7481,1000,0.50,500,3,250,1.0442,81,6798.00,1.180737
7482,1000,0.50,500,3,250,0.9971,82,6807.00,0.771918
7483,1000,0.50,500,3,250,1.0335,83,6921.00,0.516772
7484,1000,0.50,500,3,250,1.0148,84,6662.00,0.956363
7485,1000,0.50,500,3,250,0.9974,85,6805.00,0.867291
7486,1000,0.50,500,3,250,0.9866,86,6720.00,1.892114
7487,1000,0.50,500,3,250,0.9804,87,6848.00,2.036170
7488,1000,0.50,500,3,250,1.0049,88,6802.00,1.234388
7489,1000,0.50,500,3,250,1.0251,89,6751.00,0.291250
7490,1000,0.50,500,3,250,0.9699,90,6660.00,0.593525
7491,1000,0.50,500,3,250,0.9267,91,6738.00,0.267721
7492,1000,0.50,500,3,250,0.9882,92,6791.00,2.827182
7493,1000,0.50,500,3,250,0.9739,93,6764.00,0.702895
7494,1000,0.50,500,3,250,1.0255,94,6840.00,0.799752
7495,1000,0.50,500,3,250,0.9849,95,7070.00,0.958689
7496,1000,0.50,500,3,250,0.9565,96,7023.00,0.150505
7497,1000,0.50,500,3,250,0.9719,97,6994.00,1.050973
7498,1000,0.50,500,3,250,0.9886,98,7143.00,1.448117
7499,1000,0.50,500,3,250,0.9907,99,6870.00,0.367817
7500,1000,0.50,500,3,260,1.0211,0,7302.00,2.747646
7501,1000,0.50,500,3,260,0.9895,1,7364.00,3.216555
7502,1000,0.50,500,3,260,0.9593,2,7207.00,0.594338
7503,1000,0.50,500,3,260,0.9722,3,7170.00,1.750167
7504,1000,0.50,500,3,260,1.0107,4,7134.00,0.535800
7505,1000,0.50,500,3,260,1.0367,5,7231.00,1.565646
7506,1000,0.50,500,3,260,1.0623,6,7299.00,1.815464
7507,1000,0.50,500,3,260,0.9990,7,7114.00,0.820503
7508,1000,0.50,500,3,260,0.9100,8,7144.00,1.221954
7509,1000,0.50,500,3,260,1.0263,9,7240.00,2.062174
7510,1000,0.50,500,3,260,1.0057,10,7328.00,1.574727
7511,1000,0.50,500,3,260,1.0047,11,7142.00,0.486086
7512,1000,0.50,500,3,260,1.0054,12,7193.00,1.319686
7513,1000,0.50,500,3,260,1.0213,13,7175.00,1.773256
7514,1000,0.50,500,3,260,0.9730,14,7309.00,1.453658
7515,1000,0.50,500,3,260,0.9398,15,7138.00,0.329312
7516,1000,0.50,500,3,260,0.9676,16,7100.00,1.266031
7517,1000,0.50,500,3,260,0.9848,17,7025.00,1.308096
7518,1000,0.50,500,3,260,0.9719,18,7159.00,0.319293
7519,1000,0.50,500,3,260,0.9731,19,7143.00,2.032806
7520,1000,0.50,500,3,260,0.9921,20,7120.00,0.280748
7521,1000,0.50,500,3,260,0.9911,21,7212.00,0.941126
7522,1000,0.50,500,3,260,0.9908,22,7121.00,0.372442
7523,1000,0.50,500,3,260,0.9963,23,7167.00,0.837840
7524,1000,0.50,500,3,260,1.0029,24,7032.00,1.756624
7525,1000,0.50,500,3,260,1.0004,25,7060.00,1.570316
7526,1000,0.50,500,3,260,1.0379,26,7332.00,0.899083
7527,1000,0.50,500,3,260,0.9428,27,6979.00,1.263410
7528,1000,0.50,500,3,260,0.9294,28,7045.00,1.914632
7529,1000,0.50,500,3,260,1.0134,29,7032.00,0.657480
7530,1000,0.50,500,3,260,0.9749,30,6983.00,0.195824
7531,1000,0.50,500,3,260,0.9837,31,7129.00,1.270921
7532,1000,0.50,500,3,260,1.0258,32,7197.00,0.192842
7533,1000,0.50,500,3,260,1.0743,33,7112.00,1.896905
7534,1000,0.50,500,3,260,0.9641,34,7101.00,1.909904
7535,1000,0.50,500,3,260,1.0103,35,7076.00,1.884816
7536,1000,0.50,500,3,260,1.0093,36,7020.00,1.349880
7537,1000,0.50,500,3,260,0.9602,37,6904.00,0.432922
7538,1000,0.50,500,3,260,0.9412,38,6860.00,1.249458
7539,1000,0.50,500,3,260,1.0086,39,7278.00,1.542377
7540,1000,0.50,500,3,260,1.0367,40,6943.00,0.718282
7541,1000,0.50,500,3,260,1.0124,41,7163.00,1.452537
7542,1000,0.50,500,3,260,0.9819,42,6906.00,0.730154
7543,1000,0.50,500,3,260,0.9842,43,6872.00,1.014307
7544,1000,0.50,500,3,260,0.9882,44,7035.00,2.155259
7545,1000,0.50,500,3,260,0.9686,45,6426.00,0.955085
7546,1000,0.50,500,3,260,1.0310,46,7157.00,1.797039
7547,1000,0.50,500,3,260,0.9834,47,6948.00,0.959460
7548,1000,0.50,500,3,260,1.0398,48,6763.00,0.805757
7549,1000,0.50,500,3,260,0.9969,49,6901.00,1.380251
7550,1000,0.50,500,3,260,0.9843,50,7243.00,1.770869
7551,1000,0.50,500,3,260,0.9806,51,7306.00,0.790159
7552,1000,0.50,500,3,260,0.9413,52,6923.00,0.756059
7553,1000,0.50,500,3,260,0.9933,53,7294.00,0.402856
7554,1000,0.50,500,3,260,1.0143,54,7262.00,1.519423
7555,1000,0.50,500,3,260,1.0159,55,7288.00,0.046302
7556,1000,0.50,500,3,260,1.0106,56,6979.00,0.328363
7557,1000,0.50,500,3,260,0.9694,57,7213.00,0.637385
7558,1000,0.50,500,3,260,0.9550,58,6925.00,0.289966
7559,1000,0.50,500,3,260,1.0164,59,7030.00,1.653392
7560,1000,0.50,500,3,260,1.0057,60,6982.00,1.557602
7561,1000,0.50,500,3,260,1.0156,61,7414.00,1.568745
7562,1000,0.50,500,3,260,1.0101,62,7254.00,2.588794
7563,1000,0.50,500,3,260,1.0272,63,7091.00,1.326823
7564,1000,0.50,500,3,260,1.0245,64,7015.00,0.140805
7565,1000,0.50,500,3,260,1.0097,65,4746.00,0.369388
7566,1000,0.50,500,3,260,1.0166,66,7181.00,2.757890
7567,1000,0.50,500,3,260,1.0085,67,7112.00,0.203226
7568,1000,0.50,500,3,260,0.9653,68,6990.00,0.273369
7569,1000,0.50,500,3,260,1.0112,69,6948.00,1.984716
7570,1000,0.50,500,3,260,0.9605,70,7123.00,0.924238
7571,1000,0.50,500,3,260,1.0195,71,7295.00,4.900045
7572,1000,0.50,500,3,260,1.0448,72,7304.00,0.354006
7573,1000,0.50,500,3,260,1.0036,73,7142.00,3.005066
7574,1000,0.50,500,3,260,0.9943,74,7101.00,1.251928
7575,1000,0.50,500,3,260,1.0182,75,7108.00,1.051264
7576,1000,0.50,500,3,260,0.9976,76,7189.00,1.304531
7577,1000,0.50,500,3,260,1.0106,77,7166.00,2.797750
7578,1000,0.50,500,3,260,0.9980,78,7127.00,2.197482
7579,1000,0.50,500,3,260,0.9880,79,7073.00,0.282124
7580,1000,0.50,500,3,260,1.0093,80,7167.00,0.462333
7581,1000,0.50,500,3,260,0.9716,81,7113.00,0.198824
7582,1000,0.50,500,3,260,0.9887,82,7108.00,1.929453
7583,1000,0.50,500,3,260,1.0100,83,6965.00,1.414523
7584,1000,0.50,500,3,260,1.0356,84,7109.00,1.688997
7585,1000,0.50,500,3,260,1.0189,85,7117.00,0.691773
7586,1000,0.50,500,3,260,0.9686,86,7230.00,0.514943
7587,1000,0.50,500,3,260,1.0079,87,7107.00,0.951005
7588,1000,0.50,500,3,260,1.0512,88,7257.00,3.711799
7589,1000,0.50,500,3,260,0.9556,89,6794.00,0.999565
7590,1000,0.50,500,3,260,0.9669,90,7128.00,0.697105
7591,1000,0.50,500,3,260,0.9509,91,7023.00,1.808132
7592,1000,0.50,500,3,260,1.0091,92,7304.00,4.969597
7593,1000,0.50,500,3,260,0.9848,93,7083.00,0.906661
7594,1000,0.50,500,3,260,0.9956,94,7102.00,4.148642
7595,1000,0.50,500,3,260,0.9697,95,7072.00,0.907896
7596,1000,0.50,500,3,260,0.9171,96,6930.00,0.076435
7597,1000,0.50,500,3,260,1.0176,97,7195.00,0.639537
7598,1000,0.50,500,3,260,0.9843,98,7214.00,0.265982
7599,1000,0.50,500,3,260,1.0396,99,7056.00,1.245062
7600,1000,0.50,500,3,270,0.9705,0,7570.00,2.589489
7601,1000,0.50,500,3,270,0.9487,1,7469.00,1.854096
7602,1000,0.50,500,3,270,0.9490,2,7415.00,1.756708
7603,1000,0.50,500,3,270,1.0235,3,7405.00,2.495511
7604,1000,0.50,500,3,270,1.0535,4,7451.00,1.481232
7605,1000,0.50,500,3,270,0.9906,5,7023.00,1.068361
7606,1000,0.50,500,3,270,1.0218,6,7007.00,1.253744
7607,1000,0.50,500,3,270,0.9967,7,7286.00,2.080258
7608,1000,0.50,500,3,270,0.9275,8,7111.00,0.823530
7609,1000,0.50,500,3,270,0.9794,9,7135.00,2.764272
7610,1000,0.50,500,3,270,1.0460,10,3870.00,1.887436
7611,1000,0.50,500,3,270,0.9863,11,7267.00,1.864835
7612,1000,0.50,500,3,270,1.0054,12,7268.00,0.380595
7613,1000,0.50,500,3,270,0.9649,13,7198.00,1.927723
7614,1000,0.50,500,3,270,1.0225,14,7389.00,2.321697
7615,1000,0.50,500,3,270,1.0333,15,7172.00,2.316187
7616,1000,0.50,500,3,270,0.9365,16,7198.00,0.147123
7617,1000,0.50,500,3,270,1.0061,17,7260.00,1.201020
7618,1000,0.50,500,3,270,0.9023,18,7269.00,0.699550
7619,1000,0.50,500,3,270,0.9875,19,7147.00,0.954166
7620,1000,0.50,500,3,270,0.9568,20,7160.00,2.331380
7621,1000,0.50,500,3,270,1.0339,21,7269.00,3.175581
7622,1000,0.50,500,3,270,0.9769,22,6967.00,0.981082
7623,1000,0.50,500,3,270,0.9480,23,7111.00,0.635137
7624,1000,0.50,500,3,270,0.9818,24,7065.00,0.623224
7625,1000,0.50,500,3,270,1.0023,25,7033.00,0.568866
7626,1000,0.50,500,3,270,0.9744,26,7203.00,0.948256
7627,1000,0.50,500,3,270,0.9428,27,7148.00,3.977880
7628,1000,0.50,500,3,270,0.9301,28,6975.00,1.028651
7629,1000,0.50,500,3,270,1.0243,29,7140.00,0.508558
7630,1000,0.50,500,3,270,0.9841,30,7438.00,2.340103
7631,1000,0.50,500,3,270,0.9945,31,7089.00,0.396966
7632,1000,0.50,500,3,270,1.0100,32,7178.00,1.054331
7633,1000,0.50,500,3,270,1.0297,33,7211.00,2.344568
7634,1000,0.50,500,3,270,0.9835,34,7067.00,0.461101
7635,1000,0.50,500,3,270,0.9899,35,7377.00,0.168498
7636,1000,0.50,500,3,270,0.9926,36,7206.00,1.623885
7637,1000,0.50,500,3,270,0.9988,37,7214.00,1.083165
7638,1000,0.50,500,3,270,0.9364,38,7157.00,1.912943
7639,1000,0.50,500,3,270,0.9778,39,7138.00,2.191668
7640,1000,0.50,500,3,270,0.9700,40,7248.00,2.672358
7641,1000,0.50,500,3,270,0.9983,41,7312.00,0.853848
7642,1000,0.50,500,3,270,0.9332,42,7060.00,0.669975
7643,1000,0.50,500,3,270,1.0359,43,7343.00,1.127496
7644,1000,0.50,500,3,270,0.9940,44,7332.00,2.386582
7645,1000,0.50,500,3,270,1.0113,45,7270.00,1.906030
7646,1000,0.50,500,3,270,0.9966,46,5325.00,2.318142
7647,1000,0.50,500,3,270,1.0612,47,7099.00,2.210153
7648,1000,0.50,500,3,270,1.0241,48,7206.00,1.070156
7649,1000,0.50,500,3,270,1.0024,49,7091.00,0.924266
7650,1000,0.50,500,3,270,1.0321,50,7226.00,2.201690
7651,1000,0.50,500,3,270,1.0059,51,7127.00,0.180539
7652,1000,0.50,500,3,270,0.9895,52,7275.00,1.568549
7653,1000,0.50,500,3,270,1.0172,53,7119.00,0.322984
7654,1000,0.50,500,3,270,0.9371,54,7092.00,0.656389
7655,1000,0.50,500,3,270,1.0969,55,226.00,1.121835
7656,1000,0.50,500,3,270,1.0019,56,7154.00,0.657571
7657,1000,0.50,500,3,270,0.9735,57,7008.00,0.420641
7658,1000,0.50,500,3,270,0.9715,58,7041.00,2.728200
7659,1000,0.50,500,3,270,0.9830,59,7120.00,0.424197
7660,1000,0.50,500,3,270,0.9994,60,7386.00,1.764187
7661,1000,0.50,500,3,270,0.9801,61,7494.00,0.288835
7662,1000,0.50,500,3,270,1.0687,62,7441.00,0.814802
7663,1000,0.50,500,3,270,1.0037,63,7428.00,1.460747
7664,1000,0.50,500,3,270,1.0262,64,7404.00,0.282329
7665,1000,0.50,500,3,270,1.0025,65,7347.00,0.270168
7666,1000,0.50,500,3,270,0.9485,66,7299.00,0.675954
7667,1000,0.50,500,3,270,1.0643,67,7378.00,1.391619
7668,1000,0.50,500,3,270,1.0459,68,7155.00,1.897933
7669,1000,0.50,500,3,270,0.9981,69,7280.00,1.729194
7670,1000,0.50,500,3,270,1.0369,70,7122.00,1.520637
7671,1000,0.50,500,3,270,0.9999,71,7135.00,0.316854
7672,1000,0.50,500,3,270,0.9979,72,7229.00,0.212788
7673,1000,0.50,500,3,270,0.9645,73,6947.00,0.457502
7674,1000,0.50,500,3,270,1.0211,74,1234.00,0.340345
7675,1000,0.50,500,3,270,1.0203,75,7243.00,0.335999
7676,1000,0.50,500,3,270,0.9841,76,7248.00,0.789222
7677,1000,0.50,500,3,270,1.0094,77,7262.00,3.110717
7678,1000,0.50,500,3,270,0.9971,78,7081.00,0.371067
7679,1000,0.50,500,3,270,1.0107,79,7195.00,0.814612
7680,1000,0.50,500,3,270,0.9925,80,7168.00,0.751054
7681,1000,0.50,500,3,270,0.9648,81,7073.00,0.762287
7682,1000,0.50,500,3,270,0.9620,82,7199.00,0.605821
7683,1000,0.50,500,3,270,0.9589,83,7122.00,0.257747
7684,1000,0.50,500,3,270,0.9868,84,7191.00,0.901751
7685,1000,0.50,500,3,270,1.0450,85,7361.00,3.147704
7686,1000,0.50,500,3,270,1.0222,86,7291.00,0.315668
7687,1000,0.50,500,3,270,1.0379,87,7285.00,2.574370
7688,1000,0.50,500,3,270,1.0036,88,7251.00,2.488753
7689,1000,0.50,500,3,270,1.0044,89,7111.00,0.968006
7690,1000,0.50,500,3,270,0.9671,90,7290.00,0.422436
7691,1000,0.50,500,3,270,0.9946,91,7166.00,1.320360
7692,1000,0.50,500,3,270,0.9343,92,7073.00,0.355020
7693,1000,0.50,500,3,270,0.9552,93,7094.00,2.157902
7694,1000,0.50,500,3,270,0.9970,94,7299.00,0.745595
7695,1000,0.50,500,3,270,0.9772,95,7231.00,0.646308
7696,1000,0.50,500,3,270,1.0289,96,7138.00,0.655710
7697,1000,0.50,500,3,270,0.9775,97,7304.00,0.433052
7698,1000,0.50,500,3,270,0.9791,98,7160.00,0.224928
7699,1000,0.50,500,3,270,0.9703,99,7353.00,1.594373
7700,1000,0.50,500,3,280,0.9641,0,7520.00,1.224915
7701,1000,0.50,500,3,280,1.0196,1,7256.00,1.083031
7702,1000,0.50,500,3,280,1.0030,2,7400.00,0.666626
7703,1000,0.50,500,3,280,0.9773,3,7736.00,0.423409
7704,1000,0.50,500,3,280,0.9666,4,7748.00,1.470486
7705,1000,0.50,500,3,280,1.0193,5,7600.00,3.034551
7706,1000,0.50,500,3,280,1.0396,6,3183.00,0.889620
7707,1000,0.50,500,3,280,0.9593,7,7380.00,0.070223
7708,1000,0.50,500,3,280,1.0096,8,7472.00,0.133117
7709,1000,0.50,500,3,280,1.0728,9,7761.00,3.239796
7710,1000,0.50,500,3,280,0.9981,10,7547.00,0.449192
7711,1000,0.50,500,3,280,0.9995,11,7686.00,0.574190
7712,1000,0.50,500,3,280,1.0110,12,7443.00,2.067889
7713,1000,0.50,500,3,280,1.0610,13,7587.00,1.976915
7714,1000,0.50,500,3,280,1.0316,14,7749.00,0.144971
7715,1000,0.50,500,3,280,1.0532,15,3667.00,2.588057
7716,1000,0.50,500,3,280,1.0627,16,7555.00,1.052338
7717,1000,0.50,500,3,280,0.9957,17,7814.00,2.041062
7718,1000,0.50,500,3,280,0.9639,18,7574.00,0.260463
7719,1000,0.50,500,3,280,0.9712,19,7741.00,0.948778
7720,1000,0.50,500,3,280,0.9988,20,7783.00,0.794919
7721,1000,0.50,500,3,280,0.9945,21,7489.00,3.073130
7722,1000,0.50,500,3,280,1.0273,22,7755.00,0.722930
7723,1000,0.50,500,3,280,0.9616,23,7242.00,0.438400
7724,1000,0.50,500,3,280,1.0056,24,7815.00,0.712611
7725,1000,0.50,500,3,280,1.0137,25,7581.00,0.415935
7726,1000,0.50,500,3,280,0.9458,26,7654.00,5.570928
7727,1000,0.50,500,3,280,0.9973,27,7615.00,1.201655
7728,1000,0.50,500,3,280,1.0148,28,7726.00,0.917306
7729,1000,0.50,500,3,280,0.9680,29,7714.00,0.395494
7730,1000,0.50,500,3,280,1.0291,30,7572.00,1.853399
7731,1000,0.50,500,3,280,0.9516,31,7411.00,0.701570
7732,1000,0.50,500,3,280,1.0242,32,7767.00,3.086215
7733,1000,0.50,500,3,280,0.9845,33,7607.00,0.986167
7734,1000,0.50,500,3,280,0.9519,34,7641.00,0.235706
7735,1000,0.50,500,3,280,0.9601,35,7551.00,0.590114
7736,1000,0.50,500,3,280,0.9485,36,7641.00,0.759660
7737,1000,0.50,500,3,280,0.9655,37,7719.00,2.984771
7738,1000,0.50,500,3,280,1.0208,38,7613.00,0.321831
7739,1000,0.50,500,3,280,0.9933,39,7613.00,0.351440
7740,1000,0.50,500,3,280,0.9769,40,7648.00,2.549524
7741,1000,0.50,500,3,280,0.9962,41,7845.00,0.685133
7742,1000,0.50,500,3,280,1.0255,42,7772.00,0.523553
7743,1000,0.50,500,3,280,1.0129,43,7688.00,0.386773
7744,1000,0.50,500,3,280,1.0375,44,7668.00,2.662055
7745,1000,0.50,500,3,280,1.0295,45,7658.00,0.752707
7746,1000,0.50,500,3,280,1.0089,46,7491.00,0.859750
7747,1000,0.50,500,3,280,0.9894,47,7698.00,3.078344
7748,1000,0.50,500,3,280,1.0497,48,7695.00,1.127209
7749,1000,0.50,500,3,280,1.0075,49,7728.00,1.252194
7750,1000,0.50,500,3,280,0.9944,50,7591.00,0.480281
7751,1000,0.50,500,3,280,1.0401,51,7579.00,0.657936
7752,1000,0.50,500,3,280,1.0939,52,5915.00,0.294832
7753,1000,0.50,500,3,280,1.0057,53,7888.00,1.153445
7754,1000,0.50,500,3,280,0.9910,54,7340.00,0.515316
7755,1000,0.50,500,3,280,0.9902,55,7611.00,1.387945
7756,1000,0.50,500,3,280,0.9939,56,7654.00,0.480377
7757,1000,0.50,500,3,280,1.0576,57,1104.00,1.721504
7758,1000,0.50,500,3,280,0.9223,58,7650.00,2.543017
7759,1000,0.50,500,3,280,1.0129,59,7699.00,0.257537
7760,1000,0.50,500,3,280,1.0119,60,7623.00,0.151539
7761,1000,0.50,500,3,280,0.9543,61,7629.00,0.778626
7762,1000,0.50,500,3,280,1.0087,62,7628.00,0.821328
7763,1000,0.50,500,3,280,1.0065,63,7689.00,4.728904
7764,1000,0.50,500,3,280,0.9977,64,7744.00,1.601477
7765,1000,0.50,500,3,280,1.0339,65,7755.00,1.102839
7766,1000,0.50,500,3,280,1.0172,66,7726.00,2.623417
7767,1000,0.50,500,3,280,0.9759,67,7567.00,0.583145
7768,1000,0.50,500,3,280,1.0276,68,7425.00,0.307085
7769,1000,0.50,500,3,280,0.9563,69,7413.00,0.596194
7770,1000,0.50,500,3,280,0.9380,70,7296.00,0.405017
7771,1000,0.50,500,3,280,0.9810,71,7208.00,0.499846
7772,1000,0.50,500,3,280,0.9681,72,7317.00,0.847095
7773,1000,0.50,500,3,280,1.0501,73,1232.00,0.329837
7774,1000,0.50,500,3,280,0.9958,74,7362.00,0.783865
7775,1000,0.50,500,3,280,1.0218,75,7552.00,1.043126
7776,1000,0.50,500,3,280,1.0052,76,7486.00,0.134801
7777,1000,0.50,500,3,280,0.9988,77,7442.00,1.322525
7778,1000,0.50,500,3,280,0.9463,78,7248.00,2.893824
7779,1000,0.50,500,3,280,0.9372,79,7347.00,0.735184
7780,1000,0.50,500,3,280,0.9619,80,7691.00,2.257028
7781,1000,0.50,500,3,280,0.9748,81,7703.00,1.741892
7782,1000,0.50,500,3,280,0.9981,82,7268.00,0.941406
7783,1000,0.50,500,3,280,0.9591,83,7483.00,0.083202
7784,1000,0.50,500,3,280,0.9375,84,7542.00,0.758455
7785,1000,0.50,500,3,280,1.0326,85,7346.00,0.209152
7786,1000,0.50,500,3,280,0.9535,86,7343.00,0.947816
7787,1000,0.50,500,3,280,1.0045,87,7401.00,0.649301
7788,1000,0.50,500,3,280,1.0606,88,7594.00,2.533598
7789,1000,0.50,500,3,280,1.0265,89,7424.00,1.882251
7790,1000,0.50,500,3,280,0.9847,90,7196.00,0.634002
7791,1000,0.50,500,3,280,0.9740,91,7512.00,0.555632
7792,1000,0.50,500,3,280,0.9851,92,7518.00,0.746139
7793,1000,0.50,500,3,280,1.0073,93,7251.00,0.855770
7794,1000,0.50,500,3,280,0.9559,94,7499.00,0.731491
7795,1000,0.50,500,3,280,0.9610,95,7487.00,1.570763
7796,1000,0.50,500,3,280,1.0062,96,7494.00,2.262413
7797,1000,0.50,500,3,280,0.9666,97,7399.00,0.519958
7798,1000,0.50,500,3,280,0.9743,98,7447.00,4.201198
7799,1000,0.50,500,3,280,1.0193,99,7549.00,0.333978
7800,1000,0.50,500,3,290,1.0120,0,7633.00,3.677361
7801,1000,0.50,500,3,290,0.9597,1,7782.00,0.580099
7802,1000,0.50,500,3,290,1.0291,2,7866.00,0.631778
7803,1000,0.50,500,3,290,0.9629,3,7729.00,0.392191
7804,1000,0.50,500,3,290,0.9618,4,7728.00,0.532594
7805,1000,0.50,500,3,290,0.9994,5,7826.00,1.558068
7806,1000,0.50,500,3,290,0.9858,6,7713.00,0.041065
7807,1000,0.50,500,3,290,1.0066,7,7670.00,0.466471
7808,1000,0.50,500,3,290,0.9887,8,7536.00,0.543854
7809,1000,0.50,500,3,290,1.0317,9,8032.00,2.163409
7810,1000,0.50,500,3,290,1.0002,10,7633.00,0.421272
7811,1000,0.50,500,3,290,1.0009,11,7726.00,0.409531
7812,1000,0.50,500,3,290,1.0025,12,7844.00,1.621331
7813,1000,0.50,500,3,290,0.9981,13,7892.00,0.384280
7814,1000,0.50,500,3,290,0.9659,14,7527.00,0.450098
7815,1000,0.50,500,3,290,0.9540,15,7612.00,0.275999
7816,1000,0.50,500,3,290,0.9496,16,7795.00,1.435646
7817,1000,0.50,500,3,290,0.9886,17,7618.00,0.882888
7818,1000,0.50,500,3,290,1.0023,18,7743.00,1.516286
7819,1000,0.50,500,3,290,1.0767,19,7768.00,3.045222
7820,1000,0.50,500,3,290,1.0315,20,7874.00,0.282919
7821,1000,0.50,500,3,290,0.9535,21,7906.00,0.936600
7822,1000,0.50,500,3,290,1.0002,22,8040.00,1.213145
7823,1000,0.50,500,3,290,0.9991,23,8097.00,0.825286
7824,1000,0.50,500,3,290,0.9394,24,7913.00,1.230641
7825,1000,0.50,500,3,290,1.0172,25,5607.00,0.357630
7826,1000,0.50,500,3,290,1.0356,26,7036.00,1.742948
7827,1000,0.50,500,3,290,0.9958,27,8018.00,3.279126
7828,1000,0.50,500,3,290,1.0245,28,7911.00,1.772157
7829,1000,0.50,500,3,290,0.9655,29,7809.00,0.488646
7830,1000,0.50,500,3,290,0.9971,30,7845.00,1.270550
7831,1000,0.50,500,3,290,0.9553,31,7939.00,1.429586
7832,1000,0.50,500,3,290,0.9792,32,7802.00,0.404975
7833,1000,0.50,500,3,290,1.0399,33,7972.00,0.812899
7834,1000,0.50,500,3,290,1.0119,34,8041.00,0.540293
7835,1000,0.50,500,3,290,0.9665,35,7685.00,1.146397
7836,1000,0.50,500,3,290,0.9905,36,8001.00,0.939449
7837,1000,0.50,500,3,290,0.9856,37,7652.00,1.289833
7838,1000,0.50,500,3,290,0.9712,38,7973.00,1.795333
7839,1000,0.50,500,3,290,0.9429,39,8003.00,0.388512
7840,1000,0.50,500,3,290,1.0037,40,8051.00,2.736389
7841,1000,0.50,500,3,290,1.0088,41,8067.00,2.118330
7842,1000,0.50,500,3,290,0.9991,42,8162.00,1.433476
7843,1000,0.50,500,3,290,0.9767,43,7741.00,0.183108
7844,1000,0.50,500,3,290,0.9737,44,8020.00,0.332584
7845,1000,0.50,500,3,290,1.0069,45,7948.00,0.433925
7846,1000,0.50,500,3,290,1.0136,46,7900.00,1.937980
7847,1000,0.50,500,3,290,0.9789,47,8030.00,1.496062
7848,1000,0.50,500,3,290,0.9860,48,8043.00,0.919437
7849,1000,0.50,500,3,290,0.9771,49,8104.00,1.021180
7850,1000,0.50,500,3,290,1.0316,50,8181.00,2.239088
7851,1000,0.50,500,3,290,1.0175,51,8158.00,0.589769
7852,1000,0.50,500,3,290,1.0141,52,8127.00,0.136131
7853,1000,0.50,500,3,290,1.0113,53,8089.00,2.263024
7854,1000,0.50,500,3,290,0.9214,54,8137.00,2.093756
7855,1000,0.50,500,3,290,0.9713,55,8083.00,1.616991
7856,1000,0.50,500,3,290,1.0068,56,7780.00,1.478016
7857,1000,0.50,500,3,290,1.0311,57,8173.00,1.061344
7858,1000,0.50,500,3,290,1.0384,58,8000.00,0.639989
7859,1000,0.50,500,3,290,0.9593,59,8017.00,1.210294
7860,1000,0.50,500,3,290,0.9793,60,7913.00,0.237942
7861,1000,0.50,500,3,290,1.0255,61,7929.00,1.980790
7862,1000,0.50,500,3,290,0.9839,62,7975.00,3.103311
7863,1000,0.50,500,3,290,1.0169,63,7823.00,0.868813
7864,1000,0.50,500,3,290,0.9658,64,7899.00,2.043328
7865,1000,0.50,500,3,290,1.0204,65,7766.00,0.702509
7866,1000,0.50,500,3,290,0.9927,66,7956.00,3.906802
7867,1000,0.50,500,3,290,0.9382,67,7818.00,0.157643
7868,1000,0.50,500,3,290,1.0157,68,7957.00,2.814514
7869,1000,0.50,500,3,290,1.0129,69,8075.00,1.205788
7870,1000,0.50,500,3,290,0.9766,70,7942.00,1.007725
7871,1000,0.50,500,3,290,1.0216,71,7881.00,0.495008
7872,1000,0.50,500,3,290,0.9756,72,7964.00,0.465468
7873,1000,0.50,500,3,290,1.0078,73,2403.00,0.504497
7874,1000,0.50,500,3,290,1.0297,74,7854.00,1.237698
7875,1000,0.50,500,3,290,1.0582,75,7906.00,2.757838
7876,1000,0.50,500,3,290,0.9989,76,7673.00,1.795556
7877,1000,0.50,500,3,290,0.9746,77,7770.00,4.350674
7878,1000,0.50,500,3,290,1.0208,78,7642.00,0.915188
7879,1000,0.50,500,3,290,1.0293,79,7940.00,1.074299
7880,1000,0.50,500,3,290,0.9936,80,7854.00,0.653670
7881,1000,0.50,500,3,290,0.9976,81,7882.00,1.152123
7882,1000,0.50,500,3,290,1.0025,82,7748.00,0.959968
7883,1000,0.50,500,3,290,1.0096,83,7991.00,2.669183
7884,1000,0.50,500,3,290,0.9696,84,8019.00,0.495162
7885,1000,0.50,500,3,290,0.9935,85,7718.00,1.212942
7886,1000,0.50,500,3,290,1.0216,86,1862.00,0.230407
7887,1000,0.50,500,3,290,0.9756,87,7966.00,1.748947
7888,1000,0.50,500,3,290,1.0282,88,8128.00,3.353638
7889,1000,0.50,500,3,290,1.0137,89,8261.00,1.379370
7890,1000,0.50,500,3,290,0.9680,90,8046.00,0.806889
7891,1000,0.50,500,3,290,1.1046,91,1139.00,1.814581
7892,1000,0.50,500,3,290,1.0314,92,7867.00,0.452689
7893,1000,0.50,500,3,290,0.9714,93,8085.00,1.034115
7894,1000,0.50,500,3,290,1.0592,94,8189.00,3.864113
7895,1000,0.50,500,3,290,1.0432,95,8052.00,0.377096
7896,1000,0.50,500,3,290,1.0134,96,7977.00,0.629549
7897,1000,0.50,500,3,290,1.0102,97,8248.00,0.593340
7898,1000,0.50,500,3,290,0.9912,98,8007.00,1.673437
7899,1000,0.50,500,3,290,0.9806,99,7858.00,2.041780
7900,1000,0.50,500,3,300,0.9584,0,8208.00,0.746605
7901,1000,0.50,500,3,300,0.9791,1,8164.00,1.773582
7902,1000,0.50,500,3,300,1.0187,2,8186.00,4.596990
7903,1000,0.50,500,3,300,0.9900,3,7921.00,1.374471
7904,1000,0.50,500,3,300,1.0959,4,8378.00,2.156784
7905,1000,0.50,500,3,300,1.0649,5,8151.00,0.845489
7906,1000,0.50,500,3,300,0.9679,6,7906.00,3.583692
7907,1000,0.50,500,3,300,0.9755,7,8199.00,0.449599
7908,1000,0.50,500,3,300,1.0417,8,7989.00,2.328787
7909,1000,0.50,500,3,300,1.0030,9,8284.00,3.071825
7910,1000,0.50,500,3,300,0.9682,10,8245.00,1.381800
7911,1000,0.50,500,3,300,0.9952,11,8189.00,3.100498
7912,1000,0.50,500,3,300,1.0476,12,8234.00,0.693460
7913,1000,0.50,500,3,300,0.9775,13,8106.00,1.412938
7914,1000,0.50,500,3,300,0.9523,14,8288.00,1.598135
7915,1000,0.50,500,3,300,1.0089,15,8002.00,2.183510
7916,1000,0.50,500,3,300,1.0133,16,8234.00,1.033846
7917,1000,0.50,500,3,300,0.9758,17,8234.00,1.540977
7918,1000,0.50,500,3,300,0.9698,18,8251.00,1.233064
7919,1000,0.50,500,3,300,1.0176,19,8268.00,2.397031
7920,1000,0.50,500,3,300,0.9612,20,8078.00,0.854269
7921,1000,0.50,500,3,300,0.9558,21,8171.00,0.612435
7922,1000,0.50,500,3,300,0.9811,22,7963.00,0.598439
7923,1000,0.50,500,3,300,1.0123,23,8140.00,0.880160
7924,1000,0.50,500,3,300,0.9967,24,8261.00,1.810378
7925,1000,0.50,500,3,300,0.9852,25,8211.00,0.543493
7926,1000,0.50,500,3,300,0.9676,26,8266.00,0.995140
7927,1000,0.50,500,3,300,0.9856,27,8081.00,0.813529
7928,1000,0.50,500,3,300,0.9714,28,7889.00,0.777062
7929,1000,0.50,500,3,300,1.0675,29,3369.00,1.041930
7930,1000,0.50,500,3,300,0.9900,30,8081.00,0.152543
7931,1000,0.50,500,3,300,0.9674,31,8105.00,2.249491
7932,1000,0.50,500,3,300,0.9954,32,8030.00,0.395446
7933,1000,0.50,500,3,300,1.0260,33,8171.00,3.859457
7934,1000,0.50,500,3,300,0.9262,34,8181.00,0.436799
7935,1000,0.50,500,3,300,0.9836,35,8198.00,1.299509
7936,1000,0.50,500,3,300,1.0383,36,8203.00,0.891136
7937,1000,0.50,500,3,300,0.9769,37,8154.00,0.605211
7938,1000,0.50,500,3,300,1.0190,38,8024.00,0.394081
7939,1000,0.50,500,3,300,1.0146,39,8231.00,0.884941
7940,1000,0.50,500,3,300,0.9318,40,8138.00,0.871762
7941,1000,0.50,500,3,300,1.0106,41,8184.00,0.568957
7942,1000,0.50,500,3,300,1.0597,42,8275.00,0.523650
7943,1000,0.50,500,3,300,1.0302,43,8314.00,0.370818
7944,1000,0.50,500,3,300,1.0055,44,8277.00,0.832561
7945,1000,0.50,500,3,300,1.0247,45,8121.00,1.090011
7946,1000,0.50,500,3,300,1.0078,46,8179.00,2.722943
7947,1000,0.50,500,3,300,1.0159,47,7971.00,0.196645
7948,1000,0.50,500,3,300,0.9722,48,8125.00,0.748311
7949,1000,0.50,500,3,300,0.9668,49,8157.00,1.126142
7950,1000,0.50,500,3,300,0.9442,50,7988.00,0.533600
7951,1000,0.50,500,3,300,0.9783,51,7953.00,1.485663
7952,1000,0.50,500,3,300,0.9853,52,7932.00,1.395372
7953,1000,0.50,500,3,300,1.0640,53,7838.00,0.885758
7954,1000,0.50,500,3,300,1.0189,54,8043.00,0.379727
7955,1000,0.50,500,3,300,0.9687,55,8057.00,1.036996
7956,1000,0.50,500,3,300,0.9921,56,8085.00,0.524293
7957,1000,0.50,500,3,300,0.9535,57,8078.00,0.231526
7958,1000,0.50,500,3,300,1.0261,58,7884.00,0.515151
7959,1000,0.50,500,3,300,0.9731,59,8010.00,0.488072
7960,1000,0.50,500,3,300,0.9704,60,7887.00,0.711622
7961,1000,0.50,500,3,300,1.0060,61,7876.00,0.457022
7962,1000,0.50,500,3,300,0.9859,62,8016.00,0.242388
7963,1000,0.50,500,3,300,1.0044,63,7278.00,0.234623
7964,1000,0.50,500,3,300,1.0394,64,7963.00,1.515474
7965,1000,0.50,500,3,300,0.9471,65,7966.00,0.717206
7966,1000,0.50,500,3,300,0.9982,66,7880.00,0.314368
7967,1000,0.50,500,3,300,0.9481,67,8040.00,1.305678
7968,1000,0.50,500,3,300,0.9693,68,8172.00,0.097819
7969,1000,0.50,500,3,300,0.9749,69,8110.00,1.370935
7970,1000,0.50,500,3,300,1.0162,70,7945.00,1.289405
7971,1000,0.50,500,3,300,1.0472,71,8266.00,2.827909
7972,1000,0.50,500,3,300,1.0515,72,8478.00,0.794162
7973,1000,0.50,500,3,300,1.0197,73,8251.00,0.918633
7974,1000,0.50,500,3,300,0.9856,74,8312.00,1.318614
7975,1000,0.50,500,3,300,0.9811,75,7881.00,0.849446
7976,1000,0.50,500,3,300,1.0311,76,8178.00,1.125939
7977,1000,0.50,500,3,300,0.9732,77,8189.00,0.978837
7978,1000,0.50,500,3,300,1.0008,78,8044.00,2.287629
7979,1000,0.50,500,3,300,1.0248,79,8412.00,1.880971
7980,1000,0.50,500,3,300,0.9577,80,7820.00,1.346234
7981,1000,0.50,500,3,300,0.9665,81,7896.00,0.724882
7982,1000,0.50,500,3,300,1.0192,82,7786.00,0.568820
7983,1000,0.50,500,3,300,1.0273,83,8161.00,4.341462
7984,1000,0.50,500,3,300,1.0176,84,7985.00,1.005393
7985,1000,0.50,500,3,300,1.0203,85,7952.00,0.234499
7986,1000,0.50,500,3,300,1.0009,86,8083.00,0.974279
7987,1000,0.50,500,3,300,1.0306,87,7848.00,0.552947
7988,1000,0.50,500,3,300,0.9311,88,7945.00,1.404755
7989,1000,0.50,500,3,300,1.0072,89,7956.00,2.063608
7990,1000,0.50,500,3,300,0.9731,90,8127.00,0.276992
7991,1000,0.50,500,3,300,1.0223,91,8021.00,0.470064
7992,1000,0.50,500,3,300,1.0756,92,8022.00,1.027287
7993,1000,0.50,500,3,300,1.0101,93,8083.00,0.689572
7994,1000,0.50,500,3,300,0.9949,94,7792.00,3.879889
7995,1000,0.50,500,3,300,1.0014,95,8079.00,0.920950
7996,1000,0.50,500,3,300,1.0047,96,7892.00,2.072002
7997,1000,0.50,500,3,300,0.9719,97,8152.00,0.377945
7998,1000,0.50,500,3,300,1.0337,98,7902.00,0.502311
7999,1000,0.50,500,3,300,0.9655,99,8031.00,0.823453
8000,1000,0.50,500,3,310,1.0709,0,7986.00,0.247215
8001,1000,0.50,500,3,310,1.0037,1,8413.00,1.098254
8002,1000,0.50,500,3,310,0.9720,2,8200.00,0.720540
8003,1000,0.50,500,3,310,1.0568,3,1526.00,1.312360
8004,1000,0.50,500,3,310,1.0686,4,4325.00,1.581311
8005,1000,0.50,500,3,310,0.9951,5,8504.00,1.094907
8006,1000,0.50,500,3,310,1.0440,6,8707.00,2.097913
8007,1000,0.50,500,3,310,1.0573,7,8534.00,5.475838
8008,1000,0.50,500,3,310,1.0139,8,8336.00,2.870103
8009,1000,0.50,500,3,310,1.0005,9,8274.00,0.405298
8010,1000,0.50,500,3,310,0.9959,10,8730.00,0.037616
8011,1000,0.50,500,3,310,1.0368,11,8387.00,1.059376
8012,1000,0.50,500,3,310,1.0227,12,8562.00,1.950382
8013,1000,0.50,500,3,310,0.9239,13,8178.00,1.022416
8014,1000,0.50,500,3,310,1.0015,14,8145.00,0.169640
8015,1000,0.50,500,3,310,1.0644,15,8396.00,0.905887
8016,1000,0.50,500,3,310,0.9803,16,8392.00,0.152149
8017,1000,0.50,500,3,310,1.0513,17,1647.00,0.333337
8018,1000,0.50,500,3,310,0.9774,18,8230.00,2.427216
8019,1000,0.50,500,3,310,1.0240,19,8245.00,2.572133
8020,1000,0.50,500,3,310,1.0386,20,8381.00,0.143596
8021,1000,0.50,500,3,310,1.0307,21,8437.00,0.322717
8022,1000,0.50,500,3,310,0.9662,22,8277.00,0.408632
8023,1000,0.50,500,3,310,0.9982,23,1609.00,1.468546
8024,1000,0.50,500,3,310,0.9471,24,8390.00,1.169817
8025,1000,0.50,500,3,310,0.9732,25,8322.00,1.062847
8026,1000,0.50,500,3,310,1.0329,26,8201.00,0.209505
8027,1000,0.50,500,3,310,1.0281,27,8571.00,0.329126
8028,1000,0.50,500,3,310,1.0024,28,8597.00,0.783139
8029,1000,0.50,500,3,310,1.0182,29,8648.00,1.229020
8030,1000,0.50,500,3,310,1.0466,30,284.00,1.650586
8031,1000,0.50,500,3,310,0.9933,31,8441.00,0.301853
8032,1000,0.50,500,3,310,0.9585,32,8397.00,0.225612
8033,1000,0.50,500,3,310,0.9902,33,8133.00,1.239814
8034,1000,0.50,500,3,310,0.9759,34,8255.00,0.044803
8035,1000,0.50,500,3,310,0.9884,35,8383.00,1.313789
8036,1000,0.50,500,3,310,1.0408,36,8507.00,4.164760
8037,1000,0.50,500,3,310,0.9973,37,8039.00,1.246761
8038,1000,0.50,500,3,310,0.9746,38,8362.00,1.008922
8039,1000,0.50,500,3,310,1.0090,39,8313.00,0.363880
8040,1000,0.50,500,3,310,0.9744,40,8299.00,2.328876
8041,1000,0.50,500,3,310,0.9444,41,8244.00,0.807275
8042,1000,0.50,500,3,310,1.0226,42,8187.00,3.379343
8043,1000,0.50,500,3,310,1.0565,43,2839.00,1.462126
8044,1000,0.50,500,3,310,0.9721,44,8218.00,0.948289
8045,1000,0.50,500,3,310,0.9902,45,8040.00,0.613439
8046,1000,0.50,500,3,310,1.0014,46,8140.00,0.396719
8047,1000,0.50,500,3,310,1.0306,47,6147.00,0.403838
8048,1000,0.50,500,3,310,0.9918,48,8528.00,0.736122
8049,1000,0.50,500,3,310,0.9984,49,8418.00,0.775794
8050,1000,0.50,500,3,310,1.0413,50,8338.00,0.641799
8051,1000,0.50,500,3,310,0.9954,51,8461.00,0.514157
8052,1000,0.50,500,3,310,0.9907,52,8185.00,2.710226
8053,1000,0.50,500,3,310,1.0122,53,8158.00,0.918222
8054,1000,0.50,500,3,310,0.9884,54,8131.00,0.645746
8055,1000,0.50,500,3,310,0.9932,55,8497.00,1.302725
8056,1000,0.50,500,3,310,0.9932,56,8137.00,1.303593
8057,1000,0.50,500,3,310,0.9915,57,8411.00,3.782063
8058,1000,0.50,500,3,310,0.9561,58,8269.00,2.048569
8059,1000,0.50,500,3,310,0.9831,59,8411.00,0.394849
8060,1000,0.50,500,3,310,1.0124,60,8455.00,1.139115
8061,1000,0.50,500,3,310,0.9926,61,7916.00,0.694072
8062,1000,0.50,500,3,310,0.9287,62,8346.00,0.905657
8063,1000,0.50,500,3,310,1.0322,63,8580.00,0.157594
8064,1000,0.50,500,3,310,0.9813,64,8402.00,1.501805
8065,1000,0.50,500,3,310,0.9601,65,8196.00,0.420499
8066,1000,0.50,500,3,310,1.0021,66,8249.00,1.090905
8067,1000,0.50,500,3,310,1.0090,67,8237.00,0.530126
8068,1000,0.50,500,3,310,1.0116,68,8292.00,2.431337
8069,1000,0.50,500,3,310,0.9568,69,8252.00,0.893340
8070,1000,0.50,500,3,310,1.0039,70,8161.00,0.635950
8071,1000,0.50,500,3,310,0.9816,71,8262.00,0.808679
8072,1000,0.50,500,3,310,1.0528,72,8345.00,0.776061
8073,1000,0.50,500,3,310,0.9809,73,8352.00,1.062149
8074,1000,0.50,500,3,310,1.0336,74,8261.00,0.384590
8075,1000,0.50,500,3,310,0.9745,75,8038.00,0.774208
8076,1000,0.50,500,3,310,0.9866,76,8347.00,0.700932
8077,1000,0.50,500,3,310,0.9930,77,8118.00,2.228614
8078,1000,0.50,500,3,310,1.0436,78,8688.00,1.597371
8079,1000,0.50,500,3,310,0.9663,79,8277.00,3.658188
8080,1000,0.50,500,3,310,1.0114,80,8492.00,1.298602
8081,1000,0.50,500,3,310,1.0049,81,8167.00,0.779380
8082,1000,0.50,500,3,310,1.0117,82,4551.00,0.424543
8083,1000,0.50,500,3,310,1.0077,83,8294.00,0.987059
8084,1000,0.50,500,3,310,0.9879,84,8213.00,2.228935
8085,1000,0.50,500,3,310,0.9909,85,8295.00,0.351842
8086,1000,0.50,500,3,310,0.9598,86,8342.00,1.247724
8087,1000,0.50,500,3,310,0.9675,87,8378.00,0.937166
8088,1000,0.50,500,3,310,1.0030,88,8354.00,0.305229
8089,1000,0.50,500,3,310,0.9896,89,8563.00,2.553271
8090,1000,0.50,500,3,310,0.9260,90,8312.00,1.771909
8091,1000,0.50,500,3,310,0.9648,91,8035.00,0.032547
8092,1000,0.50,500,3,310,0.9992,92,8527.00,1.161388
8093,1000,0.50,500,3,310,1.0227,93,8370.00,1.283874
8094,1000,0.50,500,3,310,0.9583,94,8092.00,1.368391
8095,1000,0.50,500,3,310,1.0392,95,4239.00,0.949426
8096,1000,0.50,500,3,310,1.0214,96,8173.00,0.713385
8097,1000,0.50,500,3,310,0.9675,97,8217.00,0.729493
8098,1000,0.50,500,3,310,1.0144,98,8280.00,1.570517
8099,1000,0.50,500,3,310,0.9881,99,8126.00,0.213606
8100,1000,0.50,500,3,320,0.9727,0,8760.00,0.958974
8101,1000,0.50,500,3,320,1.0222,1,8396.00,0.896376
8102,1000,0.50,500,3,320,1.0065,2,8303.00,1.097607
8103,1000,0.50,500,3,320,1.0204,3,6057.00,1.810548
8104,1000,0.50,500,3,320,1.0154,4,8506.00,0.279233
8105,1000,0.50,500,3,320,1.0479,5,8419.00,1.260137
8106,1000,0.50,500,3,320,0.9859,6,8553.00,1.325092
8107,1000,0.50,500,3,320,0.9540,7,8579.00,1.484143
8108,1000,0.50,500,3,320,1.0283,8,8442.00,1.963540
8109,1000,0.50,500,3,320,1.0293,9,8643.00,1.054027
8110,1000,0.50,500,3,320,0.9343,10,8534.00,1.942042
8111,1000,0.50,500,3,320,0.9533,11,8375.00,0.538614
8112,1000,0.50,500,3,320,0.9714,12,8412.00,0.255746
8113,1000,0.50,500,3,320,0.9682,13,8483.00,1.560925
8114,1000,0.50,500,3,320,1.0160,14,8411.00,0.867749
8115,1000,0.50,500,3,320,0.9796,15,8652.00,2.838123
8116,1000,0.50,500,3,320,1.0187,16,8218.00,1.632673
8117,1000,0.50,500,3,320,1.0355,17,8359.00,0.290613
8118,1000,0.50,500,3,320,0.9687,18,8471.00,1.960343
8119,1000,0.50,500,3,320,1.0038,19,8695.00,1.413009
8120,1000,0.50,500,3,320,1.0068,20,8457.00,0.274769
8121,1000,0.50,500,3,320,1.0033,21,8297.00,0.956771
8122,1000,0.50,500,3,320,1.0451,22,8643.00,0.728111
8123,1000,0.50,500,3,320,0.9402,23,8409.00,1.481575
8124,1000,0.50,500,3,320,1.0772,24,8599.00,0.966663
8125,1000,0.50,500,3,320,0.9366,25,8441.00,0.395439
8126,1000,0.50,500,3,320,1.0093,26,8546.00,0.663316
8127,1000,0.50,500,3,320,0.9761,27,8908.00,0.569925
8128,1000,0.50,500,3,320,1.0144,28,8902.00,0.764813
8129,1000,0.50,500,3,320,0.9551,29,8833.00,0.828400
8130,1000,0.50,500,3,320,0.9968,30,8417.00,1.023059
8131,1000,0.50,500,3,320,0.9833,31,8749.00,0.765361
8132,1000,0.50,500,3,320,0.9881,32,8606.00,3.108816
8133,1000,0.50,500,3,320,1.0325,33,4073.00,2.020244
8134,1000,0.50,500,3,320,0.9908,34,8531.00,0.644975
8135,1000,0.50,500,3,320,1.0558,35,8450.00,0.692033
8136,1000,0.50,500,3,320,0.9821,36,8317.00,1.583502
8137,1000,0.50,500,3,320,0.9940,37,8515.00,2.361882
8138,1000,0.50,500,3,320,0.9832,38,8520.00,1.650830
8139,1000,0.50,500,3,320,1.0490,39,95.00,0.505545
8140,1000,0.50,500,3,320,1.0209,40,8540.00,1.863819
8141,1000,0.50,500,3,320,1.0370,41,8418.00,0.150197
8142,1000,0.50,500,3,320,0.9912,42,8456.00,0.182278
8143,1000,0.50,500,3,320,0.9810,43,8630.00,0.899334
8144,1000,0.50,500,3,320,1.0119,44,8507.00,1.740807
8145,1000,0.50,500,3,320,0.9860,45,8672.00,2.499821
8146,1000,0.50,500,3,320,0.9999,46,8525.00,0.777368
8147,1000,0.50,500,3,320,1.0024,47,8422.00,0.662544
8148,1000,0.50,500,3,320,1.0082,48,6451.00,1.196354
8149,1000,0.50,500,3,320,0.9820,49,8565.00,0.569434
8150,1000,0.50,500,3,320,1.0181,50,8442.00,1.856733
8151,1000,0.50,500,3,320,0.9866,51,8346.00,0.416496
8152,1000,0.50,500,3,320,1.0210,52,8723.00,1.221640
8153,1000,0.50,500,3,320,1.0059,53,8586.00,0.236914
8154,1000,0.50,500,3,320,1.0575,54,8556.00,0.874799
8155,1000,0.50,500,3,320,0.9843,55,8316.00,0.598296
8156,1000,0.50,500,3,320,1.0060,56,8543.00,0.892853
8157,1000,0.50,500,3,320,0.9461,57,8676.00,4.539333
8158,1000,0.50,500,3,320,0.9426,58,8444.00,0.957014
8159,1000,0.50,500,3,320,0.9568,59,8555.00,1.059141
8160,1000,0.50,500,3,320,0.9666,60,8334.00,1.297077
8161,1000,0.50,500,3,320,0.9521,61,8545.00,0.829241
8162,1000,0.50,500,3,320,1.0191,62,3400.00,1.802234
8163,1000,0.50,500,3,320,1.0080,63,8355.00,1.767806
8164,1000,0.50,500,3,320,1.0357,64,8638.00,2.347449
8165,1000,0.50,500,3,320,0.9927,65,8529.00,0.423924
8166,1000,0.50,500,3,320,0.9881,66,8471.00,0.349314
8167,1000,0.50,500,3,320,1.0221,67,8662.00,2.238216
8168,1000,0.50,500,3,320,0.9909,68,8465.00,2.408463
8169,1000,0.50,500,3,320,1.0060,69,8586.00,1.671917
8170,1000,0.50,500,3,320,0.9828,70,8452.00,0.318804
8171,1000,0.50,500,3,320,0.9812,71,8482.00,1.442290
8172,1000,0.50,500,3,320,0.9657,72,8435.00,0.481011
8173,1000,0.50,500,3,320,1.0266,73,8362.00,0.688073
8174,1000,0.50,500,3,320,1.0199,74,8703.00,3.553239
8175,1000,0.50,500,3,320,1.0077,75,8373.00,0.131997
8176,1000,0.50,500,3,320,1.0121,76,8747.00,0.312674
8177,1000,0.50,500,3,320,1.0114,77,8456.00,2.105144
8178,1000,0.50,500,3,320,1.0255,78,8414.00,1.005952
8179,1000,0.50,500,3,320,0.9503,79,8390.00,0.709086
8180,1000,0.50,500,3,320,0.9944,80,8374.00,1.052235
8181,1000,0.50,500,3,320,0.9811,81,8517.00,1.493508
8182,1000,0.50,500,3,320,1.0149,82,8351.00,0.369297
8183,1000,0.50,500,3,320,1.0084,83,8609.00,0.289089
8184,1000,0.50,500,3,320,0.9753,84,8834.00,2.382289
8185,1000,0.50,500,3,320,1.0311,85,8236.00,0.282669
8186,1000,0.50,500,3,320,1.0617,86,8007.00,0.494505
8187,1000,0.50,500,3,320,1.0097,87,8892.00,0.989916
8188,1000,0.50,500,3,320,0.9988,88,8721.00,0.630332
8189,1000,0.50,500,3,320,0.9544,89,8458.00,1.103404
8190,1000,0.50,500,3,320,0.9912,90,8302.00,1.990484
8191,1000,0.50,500,3,320,0.9591,91,8616.00,1.746612
8192,1000,0.50,500,3,320,1.0240,92,8898.00,2.776794
8193,1000,0.50,500,3,320,0.9815,93,8715.00,0.081213
8194,1000,0.50,500,3,320,1.0593,94,9006.00,1.406384
8195,1000,0.50,500,3,320,0.9989,95,8883.00,1.805075
8196,1000,0.50,500,3,320,0.9346,96,8862.00,1.265514
8197,1000,0.50,500,3,320,1.0044,97,8462.00,1.141696
8198,1000,0.50,500,3,320,0.9753,98,8527.00,0.352353
8199,1000,0.50,500,3,320,0.9759,99,8477.00,0.389139
8200,1000,0.50,500,3,330,1.0473,0,8672.00,2.057739
8201,1000,0.50,500,3,330,1.0251,1,8651.00,0.780040
8202,1000,0.50,500,3,330,1.0732,2,8997.00,0.117695
8203,1000,0.50,500,3,330,0.9661,3,8775.00,2.154801
8204,1000,0.50,500,3,330,0.9438,4,9088.00,1.335528
8205,1000,0.50,500,3,330,0.9678,5,8843.00,0.619231
8206,1000,0.50,500,3,330,0.9463,6,8760.00,0.841152
8207,1000,0.50,500,3,330,0.9719,7,8556.00,0.342721
8208,1000,0.50,500,3,330,1.0865,8,8767.00,1.539787
8209,1000,0.50,500,3,330,1.0266,9,9016.00,0.267371
8210,1000,0.50,500,3,330,0.9756,10,9072.00,0.982030
8211,1000,0.50,500,3,330,0.9974,11,9115.00,2.639282
8212,1000,0.50,500,3,330,1.0208,12,3798.00,0.828408
8213,1000,0.50,500,3,330,1.0311,13,9171.00,1.316733
8214,1000,0.50,500,3,330,0.9376,14,9069.00,0.167446
8215,1000,0.50,500,3,330,1.0082,15,9182.00,3.250865
8216,1000,0.50,500,3,330,0.9614,16,9176.00,3.890737
8217,1000,0.50,500,3,330,1.0158,17,4015.00,0.810910
8218,1000,0.50,500,3,330,0.9870,18,8695.00,0.227189
8219,1000,0.50,500,3,330,0.9877,19,2740.00,0.736826
8220,1000,0.50,500,3,330,0.9893,20,8736.00,3.192598
8221,1000,0.50,500,3,330,0.9746,21,8834.00,0.211379
8222,1000,0.50,500,3,330,1.0314,22,8805.00,0.660248
8223,1000,0.50,500,3,330,1.0477,23,8654.00,0.971372
8224,1000,0.50,500,3,330,0.9703,24,8680.00,0.855357
8225,1000,0.50,500,3,330,0.9954,25,8732.00,1.076274
8226,1000,0.50,500,3,330,0.9814,26,8835.00,1.697289
8227,1000,0.50,500,3,330,0.9716,27,8722.00,0.675199
8228,1000,0.50,500,3,330,1.0075,28,8725.00,1.592627
8229,1000,0.50,500,3,330,1.0051,29,8662.00,2.015440
8230,1000,0.50,500,3,330,1.0091,30,8990.00,1.077354
8231,1000,0.50,500,3,330,0.9700,31,9015.00,1.977042
8232,1000,0.50,500,3,330,0.9553,32,8913.00,2.047509
8233,1000,0.50,500,3,330,0.9948,33,8879.00,0.177696
8234,1000,0.50,500,3,330,0.9998,34,8871.00,1.931859
8235,1000,0.50,500,3,330,0.9959,35,8648.00,1.078559
8236,1000,0.50,500,3,330,1.0006,36,8716.00,2.934669
8237,1000,0.50,500,3,330,1.0338,37,8691.00,3.063908
8238,1000,0.50,500,3,330,0.9862,38,9135.00,0.965558
8239,1000,0.50,500,3,330,0.9647,39,8774.00,2.012858
8240,1000,0.50,500,3,330,0.9898,40,8597.00,0.360546
8241,1000,0.50,500,3,330,0.9536,41,8856.00,0.120550
8242,1000,0.50,500,3,330,1.0256,42,8732.00,4.065972
8243,1000,0.50,500,3,330,1.0312,43,8606.00,2.865016
8244,1000,0.50,500,3,330,0.9668,44,8763.00,1.170538
8245,1000,0.50,500,3,330,1.0573,45,8767.00,1.333972
8246,1000,0.50,500,3,330,0.9663,46,8587.00,0.308149
8247,1000,0.50,500,3,330,1.0067,47,8998.00,1.103094
8248,1000,0.50,500,3,330,0.9817,48,8582.00,0.581661
8249,1000,0.50,500,3,330,0.9710,49,8634.00,1.138678
8250,1000,0.50,500,3,330,0.9819,50,8806.00,0.393920
8251,1000,0.50,500,3,330,0.9485,51,8868.00,0.310614
8252,1000,0.50,500,3,330,0.9802,52,8942.00,1.099544
8253,1000,0.50,500,3,330,1.0475,53,8817.00,0.565015
8254,1000,0.50,500,3,330,1.0314,54,8727.00,0.166708
8255,1000,0.50,500,3,330,0.9981,55,8726.00,2.557212
8256,1000,0.50,500,3,330,0.9835,56,8817.00,0.699612
8257,1000,0.50,500,3,330,0.9536,57,8765.00,1.437334
8258,1000,0.50,500,3,330,1.0218,58,8843.00,0.706432
8259,1000,0.50,500,3,330,0.9753,59,8778.00,0.969932
8260,1000,0.50,500,3,330,1.0293,60,8757.00,2.060656
8261,1000,0.50,500,3,330,0.9912,61,8845.00,0.984375
8262,1000,0.50,500,3,330,0.9908,62,8992.00,1.324334
8263,1000,0.50,500,3,330,1.0305,63,8909.00,0.780563
8264,1000,0.50,500,3,330,0.9918,64,8676.00,2.156293
8265,1000,0.50,500,3,330,0.9748,65,8828.00,0.721774
8266,1000,0.50,500,3,330,1.0283,66,8891.00,1.809900
8267,1000,0.50,500,3,330,0.9915,67,8795.00,0.300891
8268,1000,0.50,500,3,330,1.0475,68,8874.00,1.748978
8269,1000,0.50,500,3,330,0.9808,69,8593.00,2.267297
8270,1000,0.50,500,3,330,1.0267,70,9007.00,1.368801
8271,1000,0.50,500,3,330,0.9960,71,8673.00,0.835108
8272,1000,0.50,500,3,330,1.0045,72,8886.00,0.994832
8273,1000,0.50,500,3,330,0.9612,73,8739.00,1.342368
8274,1000,0.50,500,3,330,1.0074,74,8868.00,0.834239
8275,1000,0.50,500,3,330,1.0015,75,8961.00,1.162474
8276,1000,0.50,500,3,330,0.9536,76,8784.00,0.719463
8277,1000,0.50,500,3,330,0.9745,77,9049.00,0.402246
8278,1000,0.50,500,3,330,1.0152,78,8888.00,0.200572
8279,1000,0.50,500,3,330,0.9640,79,8709.00,2.299597
8280,1000,0.50,500,3,330,0.9618,80,8701.00,0.314209
8281,1000,0.50,500,3,330,1.0154,81,8771.00,2.093819
8282,1000,0.50,500,3,330,1.0305,82,8906.00,2.151839
8283,1000,0.50,500,3,330,1.0204,83,9210.00,0.776722
8284,1000,0.50,500,3,330,0.9787,84,9177.00,0.968566
8285,1000,0.50,500,3,330,1.0199,85,9371.00,0.986601
8286,1000,0.50,500,3,330,0.9925,86,9177.00,0.514276
8287,1000,0.50,500,3,330,1.0206,87,8911.00,0.792473
8288,1000,0.50,500,3,330,1.0201,88,9204.00,0.385795
8289,1000,0.50,500,3,330,0.9871,89,9022.00,0.574385
8290,1000,0.50,500,3,330,0.9900,90,9235.00,1.033959
8291,1000,0.50,500,3,330,0.9869,91,8988.00,1.203683
8292,1000,0.50,500,3,330,0.9927,92,9329.00,2.237955
8293,1000,0.50,500,3,330,0.9516,93,9085.00,1.061406
8294,1000,0.50,500,3,330,0.9837,94,8703.00,3.134104
8295,1000,0.50,500,3,330,1.0329,95,2480.00,2.346646
8296,1000,0.50,500,3,330,0.9870,96,8830.00,1.738139
8297,1000,0.50,500,3,330,1.0521,97,8994.00,3.305187
8298,1000,0.50,500,3,330,0.9835,98,8588.00,0.398542
8299,1000,0.50,500,3,330,0.9998,99,8883.00,0.845102
8300,1000,0.50,500,3,340,1.0139,0,9047.00,1.348509
8301,1000,0.50,500,3,340,0.9680,1,9173.00,2.382619
8302,1000,0.50,500,3,340,1.0647,2,9297.00,3.648733
8303,1000,0.50,500,3,340,0.9574,3,9014.00,1.015660
8304,1000,0.50,500,3,340,1.0554,4,2651.00,0.997426
8305,1000,0.50,500,3,340,0.9851,5,9146.00,1.126078
8306,1000,0.50,500,3,340,0.9920,6,8969.00,0.955985
8307,1000,0.50,500,3,340,0.9998,7,8970.00,2.072498
8308,1000,0.50,500,3,340,1.0429,8,9236.00,1.201262
8309,1000,0.50,500,3,340,1.0034,9,9481.00,1.214380
8310,1000,0.50,500,3,340,1.0295,10,9338.00,0.164154
8311,1000,0.50,500,3,340,0.9959,11,9130.00,0.312529
8312,1000,0.50,500,3,340,0.9778,12,9608.00,0.402167
8313,1000,0.50,500,3,340,0.9473,13,9035.00,1.264887
8314,1000,0.50,500,3,340,0.9950,14,9094.00,2.685729
8315,1000,0.50,500,3,340,0.9489,15,9067.00,1.723363
8316,1000,0.50,500,3,340,0.9903,16,9003.00,1.537215
8317,1000,0.50,500,3,340,1.0378,17,793.00,0.214478
8318,1000,0.50,500,3,340,0.9637,18,8979.00,1.738542
8319,1000,0.50,500,3,340,1.0188,19,9195.00,0.870264
8320,1000,0.50,500,3,340,1.0465,20,8981.00,1.690218
8321,1000,0.50,500,3,340,1.0322,21,8987.00,0.147874
8322,1000,0.50,500,3,340,0.9852,22,846.00,0.993352
8323,1000,0.50,500,3,340,1.0014,23,8871.00,0.587932
8324,1000,0.50,500,3,340,0.9476,24,8862.00,0.437504
8325,1000,0.50,500,3,340,1.0433,25,9322.00,1.805496
8326,1000,0.50,500,3,340,0.9648,26,8951.00,1.133148
8327,1000,0.50,500,3,340,0.9912,27,8905.00,1.797909
8328,1000,0.50,500,3,340,1.0281,28,9115.00,0.724224
8329,1000,0.50,500,3,340,1.0152,29,9374.00,3.479160
8330,1000,0.50,500,3,340,1.0119,30,9167.00,2.299528
8331,1000,0.50,500,3,340,0.9967,31,9501.00,0.234958
8332,1000,0.50,500,3,340,1.0190,32,9043.00,0.887402
8333,1000,0.50,500,3,340,0.9809,33,8906.00,2.604458
8334,1000,0.50,500,3,340,1.0350,34,8937.00,0.495777
8335,1000,0.50,500,3,340,1.0829,35,9167.00,3.687100
8336,1000,0.50,500,3,340,1.0221,36,9141.00,0.175979
8337,1000,0.50,500,3,340,0.9861,37,9036.00,1.590334
8338,1000,0.50,500,3,340,0.9815,38,9012.00,0.543967
8339,1000,0.50,500,3,340,0.9997,39,9082.00,1.860518
8340,1000,0.50,500,3,340,0.9602,40,9332.00,1.470259
8341,1000,0.50,500,3,340,0.9870,41,8783.00,1.625189
8342,1000,0.50,500,3,340,1.0047,42,8905.00,0.593346
8343,1000,0.50,500,3,340,0.9733,43,5255.00,0.257192
8344,1000,0.50,500,3,340,0.9796,44,9053.00,2.407540
8345,1000,0.50,500,3,340,1.0381,45,9005.00,0.682941
8346,1000,0.50,500,3,340,0.9489,46,9000.00,0.759306
8347,1000,0.50,500,3,340,0.9634,47,8962.00,4.380563
8348,1000,0.50,500,3,340,0.9824,48,8825.00,0.587551
8349,1000,0.50,500,3,340,0.9524,49,9126.00,2.113511
8350,1000,0.50,500,3,340,0.9739,50,9122.00,1.725815
8351,1000,0.50,500,3,340,0.9878,51,8758.00,0.375222
8352,1000,0.50,500,3,340,0.9613,52,9102.00,0.365576
8353,1000,0.50,500,3,340,0.9148,53,8952.00,1.528743
8354,1000,0.50,500,3,340,1.0189,54,8949.00,1.344619
8355,1000,0.50,500,3,340,0.9890,55,9110.00,0.246665
8356,1000,0.50,500,3,340,1.0513,56,9235.00,1.508561
8357,1000,0.50,500,3,340,1.0102,57,9151.00,0.566673
8358,1000,0.50,500,3,340,0.9648,58,8947.00,1.363286
8359,1000,0.50,500,3,340,0.9856,59,9041.00,1.585787
8360,1000,0.50,500,3,340,1.0394,60,9249.00,0.736754
8361,1000,0.50,500,3,340,0.9618,61,8948.00,1.079326
8362,1000,0.50,500,3,340,1.0123,62,9105.00,1.943205
8363,1000,0.50,500,3,340,0.9744,63,9153.00,3.005522
8364,1000,0.50,500,3,340,0.9378,64,8918.00,1.229915
8365,1000,0.50,500,3,340,0.9694,65,9308.00,0.190908
8366,1000,0.50,500,3,340,0.9601,66,9457.00,0.153723
8367,1000,0.50,500,3,340,1.0031,67,9138.00,1.902169
8368,1000,0.50,500,3,340,0.9636,68,8946.00,0.099202
8369,1000,0.50,500,3,340,0.9751,69,8993.00,0.326990
8370,1000,0.50,500,3,340,1.0566,70,3691.00,0.260325
8371,1000,0.50,500,3,340,0.9943,71,9108.00,2.679149
8372,1000,0.50,500,3,340,0.9806,72,9161.00,2.556009
8373,1000,0.50,500,3,340,1.0177,73,9013.00,1.450526
8374,1000,0.50,500,3,340,1.0036,74,9147.00,1.097821
8375,1000,0.50,500,3,340,1.0258,75,9043.00,0.812597
8376,1000,0.50,500,3,340,0.9681,76,9059.00,1.857336
8377,1000,0.50,500,3,340,0.9561,77,8817.00,0.084271
8378,1000,0.50,500,3,340,0.9722,78,9110.00,0.988628
8379,1000,0.50,500,3,340,1.0109,79,9054.00,2.276842
8380,1000,0.50,500,3,340,0.9965,80,9163.00,1.370234
8381,1000,0.50,500,3,340,0.9610,81,8872.00,1.897080
8382,1000,0.50,500,3,340,1.0495,82,5358.00,0.877762
8383,1000,0.50,500,3,340,1.0445,83,8965.00,1.335176
8384,1000,0.50,500,3,340,1.0156,84,9351.00,1.083083
8385,1000,0.50,500,3,340,0.9524,85,8843.00,0.828084
8386,1000,0.50,500,3,340,0.9608,86,9266.00,0.560422
8387,1000,0.50,500,3,340,1.0052,87,8949.00,0.135006
8388,1000,0.50,500,3,340,1.0328,88,9300.00,1.168394
8389,1000,0.50,500,3,340,1.0213,89,8946.00,0.890871
8390,1000,0.50,500,3,340,1.0052,90,7293.00,1.082971
8391,1000,0.50,500,3,340,0.9827,91,9011.00,0.552323
8392,1000,0.50,500,3,340,1.0024,92,9064.00,0.318348
8393,1000,0.50,500,3,340,0.9478,93,8976.00,1.006984
8394,1000,0.50,500,3,340,0.9756,94,9075.00,0.456773
8395,1000,0.50,500,3,340,0.9752,95,8935.00,0.558697
8396,1000,0.50,500,3,340,1.0911,96,2784.00,0.402683
8397,1000,0.50,500,3,340,0.9921,97,9250.00,1.019332
8398,1000,0.50,500,3,340,0.9961,98,9025.00,0.442332
8399,1000,0.50,500,3,340,1.0055,99,8111.00,0.364738
8400,1000,0.50,500,3,350,0.9573,0,9527.00,0.261898
8401,1000,0.50,500,3,350,0.9583,1,9376.00,0.778492
8402,1000,0.50,500,3,350,0.9985,2,9579.00,0.585907
8403,1000,0.50,500,3,350,0.9628,3,9045.00,0.347594
8404,1000,0.50,500,3,350,1.0551,4,9385.00,0.390874
8405,1000,0.50,500,3,350,0.9731,5,9710.00,2.799973
8406,1000,0.50,500,3,350,0.9497,6,9339.00,1.329680
8407,1000,0.50,500,3,350,0.9709,7,9342.00,1.016965
8408,1000,0.50,500,3,350,1.0314,8,9622.00,0.410548
8409,1000,0.50,500,3,350,0.9905,9,9216.00,0.805283
8410,1000,0.50,500,3,350,1.0041,10,9366.00,0.230678
8411,1000,0.50,500,3,350,1.0110,11,9612.00,2.429418
8412,1000,0.50,500,3,350,0.9291,12,9109.00,0.574014
8413,1000,0.50,500,3,350,0.9020,13,9174.00,0.934494
8414,1000,0.50,500,3,350,1.0352,14,4298.00,0.591303
8415,1000,0.50,500,3,350,1.0274,15,4299.00,0.378543
8416,1000,0.50,500,3,350,1.0039,16,9100.00,2.375944
8417,1000,0.50,500,3,350,1.0140,17,9202.00,2.122068
8418,1000,0.50,500,3,350,1.0203,18,9281.00,1.664983
8419,1000,0.50,500,3,350,0.9649,19,9477.00,0.407216
8420,1000,0.50,500,3,350,1.0143,20,9267.00,0.745228
8421,1000,0.50,500,3,350,1.0064,21,9513.00,1.728377
8422,1000,0.50,500,3,350,0.9848,22,9235.00,1.382797
8423,1000,0.50,500,3,350,0.9866,23,9020.00,1.391641
8424,1000,0.50,500,3,350,0.9855,24,9468.00,0.448976
8425,1000,0.50,500,3,350,0.9958,25,9433.00,0.282327
8426,1000,0.50,500,3,350,0.9952,26,9219.00,0.290414
8427,1000,0.50,500,3,350,0.9879,27,9392.00,1.580373
8428,1000,0.50,500,3,350,1.0190,28,9345.00,0.404811
8429,1000,0.50,500,3,350,1.0092,29,9269.00,1.026244
8430,1000,0.50,500,3,350,1.0101,30,9376.00,1.271154
8431,1000,0.50,500,3,350,1.0199,31,9188.00,0.620111
8432,1000,0.50,500,3,350,0.9601,32,9299.00,0.863833
8433,1000,0.50,500,3,350,1.0221,33,9084.00,0.429215
8434,1000,0.50,500,3,350,1.0234,34,9231.00,0.848569
8435,1000,0.50,500,3,350,0.9684,35,9166.00,2.169793
8436,1000,0.50,500,3,350,0.9866,36,9388.00,0.786216
8437,1000,0.50,500,3,350,1.0409,37,9394.00,0.461637
8438,1000,0.50,500,3,350,1.0582,38,9093.00,1.623875
8439,1000,0.50,500,3,350,1.0075,39,9037.00,1.849593
8440,1000,0.50,500,3,350,1.0667,40,9532.00,3.120279
8441,1000,0.50,500,3,350,0.9742,41,9169.00,0.837737
8442,1000,0.50,500,3,350,1.0450,42,9237.00,2.493106
8443,1000,0.50,500,3,350,0.9844,43,9529.00,0.377090
8444,1000,0.50,500,3,350,1.0028,44,9167.00,0.442557
8445,1000,0.50,500,3,350,1.0021,45,9484.00,0.969234
8446,1000,0.50,500,3,350,1.0195,46,9710.00,0.944182
8447,1000,0.50,500,3,350,0.9592,47,9384.00,0.313485
8448,1000,0.50,500,3,350,1.0252,48,9399.00,0.634458
8449,1000,0.50,500,3,350,1.0324,49,9250.00,1.874097
8450,1000,0.50,500,3,350,0.9694,50,9300.00,0.883388
8451,1000,0.50,500,3,350,1.0370,51,9215.00,0.826565
8452,1000,0.50,500,3,350,0.9605,52,9167.00,0.329682
8453,1000,0.50,500,3,350,0.9413,53,9048.00,0.246353
8454,1000,0.50,500,3,350,0.9992,54,9243.00,0.809242
8455,1000,0.50,500,3,350,0.9883,55,9261.00,0.210960
8456,1000,0.50,500,3,350,1.0160,56,9298.00,1.325663
8457,1000,0.50,500,3,350,1.0135,57,9206.00,0.918110
8458,1000,0.50,500,3,350,1.0096,58,9325.00,0.251852
8459,1000,0.50,500,3,350,1.0111,59,9522.00,0.471289
8460,1000,0.50,500,3,350,1.0141,60,2708.00,0.726803
8461,1000,0.50,500,3,350,0.9908,61,9392.00,1.377228
8462,1000,0.50,500,3,350,1.0005,62,9538.00,2.424026
8463,1000,0.50,500,3,350,0.9854,63,9447.00,0.551602
8464,1000,0.50,500,3,350,0.9997,64,9382.00,1.354836
8465,1000,0.50,500,3,350,1.0717,65,9548.00,0.565344
8466,1000,0.50,500,3,350,1.0134,66,9864.00,0.274471
8467,1000,0.50,500,3,350,0.9985,67,9327.00,0.940290
8468,1000,0.50,500,3,350,1.0129,68,9627.00,1.729191
8469,1000,0.50,500,3,350,0.9753,69,9567.00,1.279418
8470,1000,0.50,500,3,350,1.0584,70,9526.00,0.396066
8471,1000,0.50,500,3,350,1.0475,71,9515.00,2.405378
8472,1000,0.50,500,3,350,0.9421,72,9289.00,0.751313
8473,1000,0.50,500,3,350,1.0409,73,9646.00,1.611262
8474,1000,0.50,500,3,350,1.0534,74,9398.00,2.063437
8475,1000,0.50,500,3,350,1.0001,75,1122.00,0.697686
8476,1000,0.50,500,3,350,1.0402,76,9444.00,0.645923
8477,1000,0.50,500,3,350,1.0401,77,9154.00,0.375613
8478,1000,0.50,500,3,350,0.9664,78,9479.00,0.506830
8479,1000,0.50,500,3,350,0.9604,79,9582.00,1.973807
8480,1000,0.50,500,3,350,1.0316,80,9660.00,0.666207
8481,1000,0.50,500,3,350,1.0468,81,3717.00,0.675476
8482,1000,0.50,500,3,350,1.0084,82,9608.00,0.981241
8483,1000,0.50,500,3,350,1.0181,83,9249.00,0.487336
8484,1000,0.50,500,3,350,0.9618,84,9550.00,1.828798
8485,1000,0.50,500,3,350,0.9910,85,9245.00,0.607925
8486,1000,0.50,500,3,350,1.0207,86,9012.00,0.359538
8487,1000,0.50,500,3,350,1.0083,87,8997.00,2.090514
8488,1000,0.50,500,3,350,0.9834,88,9778.00,2.607534
8489,1000,0.50,500,3,350,1.0346,89,9600.00,3.328901
8490,1000,0.50,500,3,350,0.9944,90,9371.00,4.675672
8491,1000,0.50,500,3,350,0.9845,91,9446.00,3.097062
8492,1000,0.50,500,3,350,0.9721,92,9682.00,0.906371
8493,1000,0.50,500,3,350,0.9615,93,9757.00,0.666508
8494,1000,0.50,500,3,350,0.9963,94,9624.00,2.427071
8495,1000,0.50,500,3,350,0.9898,95,9661.00,0.367447
8496,1000,0.50,500,3,350,1.0031,96,9684.00,0.873143
8497,1000,0.50,500,3,350,1.0220,97,9641.00,1.404325
8498,1000,0.50,500,3,350,0.9879,98,9597.00,2.422602
8499,1000,0.50,500,3,350,0.9691,99,9285.00,0.354305
8500,1000,0.50,500,3,360,1.0192,0,9758.00,1.132724
8501,1000,0.50,500,3,360,0.9645,1,9484.00,0.636498
8502,1000,0.50,500,3,360,1.0043,2,9617.00,0.996641
8503,1000,0.50,500,3,360,1.0313,3,9599.00,0.742689
8504,1000,0.50,500,3,360,0.9628,4,9453.00,0.272308
8505,1000,0.50,500,3,360,1.0104,5,9900.00,0.083006
8506,1000,0.50,500,3,360,0.9296,6,9647.00,1.487084
8507,1000,0.50,500,3,360,1.0162,7,8407.00,1.449721
8508,1000,0.50,500,3,360,1.0288,8,9901.00,1.375425
8509,1000,0.50,500,3,360,1.0050,9,10010.00,0.351724
8510,1000,0.50,500,3,360,0.9965,10,9685.00,1.143721
8511,1000,0.50,500,3,360,1.0148,11,9630.00,1.614717
8512,1000,0.50,500,3,360,1.0185,12,9693.00,0.878318
8513,1000,0.50,500,3,360,0.9603,13,9589.00,0.781105
8514,1000,0.50,500,3,360,0.9465,14,9868.00,2.019442
8515,1000,0.50,500,3,360,1.0061,15,9706.00,0.401824
8516,1000,0.50,500,3,360,1.0476,16,9506.00,1.793555
8517,1000,0.50,500,3,360,0.9682,17,9752.00,0.365684
8518,1000,0.50,500,3,360,0.9962,18,9815.00,0.505150
8519,1000,0.50,500,3,360,0.9773,19,9555.00,0.162381
8520,1000,0.50,500,3,360,0.9915,20,9587.00,1.648993
8521,1000,0.50,500,3,360,0.9999,21,9936.00,0.982321
8522,1000,0.50,500,3,360,0.9142,22,9798.00,0.301767
8523,1000,0.50,500,3,360,1.0266,23,10173.00,0.912989
8524,1000,0.50,500,3,360,1.0145,24,10168.00,1.150120
8525,1000,0.50,500,3,360,0.9481,25,10017.00,1.212528
8526,1000,0.50,500,3,360,1.0197,26,9817.00,1.003403
8527,1000,0.50,500,3,360,0.9482,27,9852.00,0.844232
8528,1000,0.50,500,3,360,0.9481,28,10134.00,0.265076
8529,1000,0.50,500,3,360,0.9973,29,10144.00,0.842050
8530,1000,0.50,500,3,360,1.0181,30,10055.00,0.623064
8531,1000,0.50,500,3,360,1.0309,31,9691.00,1.803527
8532,1000,0.50,500,3,360,1.0145,32,9607.00,0.895359
8533,1000,0.50,500,3,360,1.0078,33,9579.00,2.709230
8534,1000,0.50,500,3,360,1.0758,34,9811.00,0.430981
8535,1000,0.50,500,3,360,1.0080,35,9684.00,2.493861
8536,1000,0.50,500,3,360,0.9659,36,9553.00,0.240163
8537,1000,0.50,500,3,360,1.0045,37,9584.00,1.119893
8538,1000,0.50,500,3,360,1.0372,38,9677.00,1.532286
8539,1000,0.50,500,3,360,1.0052,39,9648.00,0.213522
8540,1000,0.50,500,3,360,1.0401,40,9428.00,2.857115
8541,1000,0.50,500,3,360,0.9624,41,9623.00,0.452285
8542,1000,0.50,500,3,360,0.9228,42,9654.00,2.264097
8543,1000,0.50,500,3,360,0.9588,43,9496.00,0.337277
8544,1000,0.50,500,3,360,0.9825,44,9602.00,1.312003
8545,1000,0.50,500,3,360,0.9691,45,9610.00,1.408772
8546,1000,0.50,500,3,360,0.9586,46,9483.00,1.121392
8547,1000,0.50,500,3,360,1.0499,47,9447.00,0.698353
8548,1000,0.50,500,3,360,1.0057,48,9566.00,0.491396
8549,1000,0.50,500,3,360,0.9826,49,9480.00,0.206479
8550,1000,0.50,500,3,360,1.0131,50,9548.00,1.160770
8551,1000,0.50,500,3,360,0.9482,51,9561.00,2.688906
8552,1000,0.50,500,3,360,0.9959,52,9234.00,0.533573
8553,1000,0.50,500,3,360,0.9566,53,9532.00,1.844967
8554,1000,0.50,500,3,360,0.9866,54,9692.00,1.692736
8555,1000,0.50,500,3,360,1.0065,55,9715.00,3.346202
8556,1000,0.50,500,3,360,0.9717,56,10056.00,1.578542
8557,1000,0.50,500,3,360,0.9666,57,9950.00,3.406999
8558,1000,0.50,500,3,360,1.0206,58,9982.00,0.394774
8559,1000,0.50,500,3,360,1.0111,59,9989.00,0.137016
8560,1000,0.50,500,3,360,0.9495,60,9785.00,0.026131
8561,1000,0.50,500,3,360,1.0284,61,7912.00,0.103968
8562,1000,0.50,500,3,360,1.0179,62,9901.00,0.580750
8563,1000,0.50,500,3,360,1.0022,63,10068.00,0.685059
8564,1000,0.50,500,3,360,0.9894,64,10118.00,2.284502
8565,1000,0.50,500,3,360,1.0115,65,10038.00,0.707578
8566,1000,0.50,500,3,360,0.9878,66,9511.00,0.160345
8567,1000,0.50,500,3,360,0.9696,67,9665.00,1.148538
8568,1000,0.50,500,3,360,1.0690,68,3946.00,1.135005
8569,1000,0.50,500,3,360,0.9896,69,9584.00,1.207183
8570,1000,0.50,500,3,360,0.9613,70,9741.00,3.672137
8571,1000,0.50,500,3,360,0.9970,71,10166.00,0.695174
8572,1000,0.50,500,3,360,0.9645,72,9575.00,2.173746
8573,1000,0.50,500,3,360,0.9858,73,9728.00,0.768953
8574,1000,0.50,500,3,360,0.9924,74,9720.00,1.004288
8575,1000,0.50,500,3,360,0.9547,75,9544.00,3.157488
8576,1000,0.50,500,3,360,1.0124,76,9752.00,0.701470
8577,1000,0.50,500,3,360,1.0423,77,9567.00,0.180010
8578,1000,0.50,500,3,360,1.0114,78,9841.00,1.045538
8579,1000,0.50,500,3,360,0.9991,79,9960.00,2.420457
8580,1000,0.50,500,3,360,1.0419,80,9565.00,2.329336
8581,1000,0.50,500,3,360,1.0208,81,9923.00,3.266381
8582,1000,0.50,500,3,360,1.0538,82,5173.00,0.825299
8583,1000,0.50,500,3,360,1.0152,83,9712.00,2.498488
8584,1000,0.50,500,3,360,0.9789,84,9738.00,0.833961
8585,1000,0.50,500,3,360,0.9630,85,9982.00,1.749064
8586,1000,0.50,500,3,360,0.9856,86,9892.00,0.720855
8587,1000,0.50,500,3,360,0.9944,87,9824.00,1.009491
8588,1000,0.50,500,3,360,0.9558,88,9811.00,2.106080
8589,1000,0.50,500,3,360,1.0241,89,9760.00,1.087145
8590,1000,0.50,500,3,360,0.9810,90,10199.00,1.608629
8591,1000,0.50,500,3,360,1.0240,91,9836.00,0.390305
8592,1000,0.50,500,3,360,0.9720,92,9672.00,2.548518
8593,1000,0.50,500,3,360,1.0276,93,9893.00,0.228662
8594,1000,0.50,500,3,360,0.9906,94,9779.00,0.198400
8595,1000,0.50,500,3,360,0.9755,95,9869.00,0.223527
8596,1000,0.50,500,3,360,0.9972,96,9751.00,1.584713
8597,1000,0.50,500,3,360,0.9896,97,9820.00,0.784012
8598,1000,0.50,500,3,360,0.9917,98,9659.00,1.100313
8599,1000,0.50,500,3,360,0.9797,99,9811.00,2.016443
8600,1000,0.50,500,3,370,1.0012,0,9968.00,1.992831
8601,1000,0.50,500,3,370,0.9949,1,10112.00,0.305330
8602,1000,0.50,500,3,370,1.0094,2,10120.00,0.581539
8603,1000,0.50,500,3,370,0.9252,3,9903.00,0.371863
8604,1000,0.50,500,3,370,1.0334,4,3347.00,1.458794
8605,1000,0.50,500,3,370,1.0391,5,10156.00,0.659928
8606,1000,0.50,500,3,370,1.0028,6,10072.00,1.058916
8607,1000,0.50,500,3,370,0.9871,7,9993.00,1.860558
8608,1000,0.50,500,3,370,1.0569,8,3390.00,1.661885
8609,1000,0.50,500,3,370,0.9845,9,10081.00,1.404008
8610,1000,0.50,500,3,370,0.9704,10,9932.00,1.550210
8611,1000,0.50,500,3,370,1.0136,11,9940.00,0.887550
8612,1000,0.50,500,3,370,0.9689,12,10070.00,1.575173
8613,1000,0.50,500,3,370,1.0394,13,9946.00,0.525406
8614,1000,0.50,500,3,370,1.0206,14,9988.00,0.259395
8615,1000,0.50,500,3,370,0.9768,15,9930.00,0.539248
8616,1000,0.50,500,3,370,1.0097,16,10104.00,0.656861
8617,1000,0.50,500,3,370,0.9989,17,10183.00,0.955362
8618,1000,0.50,500,3,370,1.0223,18,10491.00,0.621354
8619,1000,0.50,500,3,370,0.9843,19,9970.00,0.277426
8620,1000,0.50,500,3,370,1.0162,20,9697.00,0.552621
8621,1000,0.50,500,3,370,0.9717,21,9994.00,0.292932
8622,1000,0.50,500,3,370,0.9778,22,9912.00,0.177411
8623,1000,0.50,500,3,370,1.0038,23,9827.00,0.954384
8624,1000,0.50,500,3,370,1.0106,24,9844.00,1.408846
8625,1000,0.50,500,3,370,0.9803,25,9941.00,1.424771
8626,1000,0.50,500,3,370,0.9588,26,9711.00,0.263975
8627,1000,0.50,500,3,370,1.0303,27,9657.00,2.118877
8628,1000,0.50,500,3,370,0.9116,28,9869.00,0.699405
8629,1000,0.50,500,3,370,0.9914,29,9844.00,0.990055
8630,1000,0.50,500,3,370,0.9639,30,9827.00,0.813514
8631,1000,0.50,500,3,370,1.0531,31,5877.00,0.163739
8632,1000,0.50,500,3,370,0.9657,32,9789.00,0.074162
8633,1000,0.50,500,3,370,0.9334,33,9724.00,1.125147
8634,1000,0.50,500,3,370,1.0100,34,9823.00,2.046857
8635,1000,0.50,500,3,370,0.9555,35,9774.00,1.589261
8636,1000,0.50,500,3,370,1.0030,36,10157.00,1.197749
8637,1000,0.50,500,3,370,1.0020,37,9917.00,1.512456
8638,1000,0.50,500,3,370,0.9748,38,9901.00,0.525965
8639,1000,0.50,500,3,370,1.0339,39,9816.00,0.899606
8640,1000,0.50,500,3,370,1.0319,40,9815.00,1.420234
8641,1000,0.50,500,3,370,0.9923,41,9795.00,0.705203
8642,1000,0.50,500,3,370,1.0159,42,9872.00,1.487213
8643,1000,0.50,500,3,370,1.0341,43,9878.00,1.804846
8644,1000,0.50,500,3,370,1.0082,44,9936.00,0.154203
8645,1000,0.50,500,3,370,1.0261,45,9803.00,2.384452
8646,1000,0.50,500,3,370,1.0329,46,9789.00,3.026604
8647,1000,0.50,500,3,370,0.9665,47,9729.00,1.012063
8648,1000,0.50,500,3,370,1.0375,48,10010.00,0.269021
8649,1000,0.50,500,3,370,1.0028,49,10032.00,2.557224
8650,1000,0.50,500,3,370,0.9800,50,9811.00,0.657732
8651,1000,0.50,500,3,370,0.9613,51,9776.00,0.818503
8652,1000,0.50,500,3,370,1.0153,52,7613.00,1.009236
8653,1000,0.50,500,3,370,1.0486,53,10011.00,1.931834
8654,1000,0.50,500,3,370,1.0407,54,9930.00,0.553465
8655,1000,0.50,500,3,370,1.0248,55,9872.00,3.066919
8656,1000,0.50,500,3,370,0.9776,56,9547.00,2.677084
8657,1000,0.50,500,3,370,1.0136,57,8036.00,1.474731
8658,1000,0.50,500,3,370,0.9734,58,9812.00,0.628563
8659,1000,0.50,500,3,370,0.9620,59,9803.00,0.739158
8660,1000,0.50,500,3,370,1.0543,60,10151.00,1.373804
8661,1000,0.50,500,3,370,0.9774,61,9653.00,0.254476
8662,1000,0.50,500,3,370,1.0146,62,10052.00,0.462050
8663,1000,0.50,500,3,370,0.9828,63,9984.00,0.158037
8664,1000,0.50,500,3,370,0.9920,64,9747.00,1.698861
8665,1000,0.50,500,3,370,0.9689,65,9779.00,0.761116
8666,1000,0.50,500,3,370,1.0270,66,9757.00,1.539444
8667,1000,0.50,500,3,370,1.0447,67,5362.00,2.080518
8668,1000,0.50,500,3,370,1.0093,68,9732.00,1.549423
8669,1000,0.50,500,3,370,1.0609,69,9893.00,0.930767
8670,1000,0.50,500,3,370,0.9749,70,9824.00,0.871671
8671,1000,0.50,500,3,370,0.9594,71,9716.00,2.608333
8672,1000,0.50,500,3,370,0.9298,72,9739.00,0.581911
8673,1000,0.50,500,3,370,0.9511,73,9813.00,2.495152
8674,1000,0.50,500,3,370,0.9598,74,9718.00,0.507326
8675,1000,0.50,500,3,370,1.0445,75,7578.00,2.098787
8676,1000,0.50,500,3,370,0.9681,76,9533.00,1.647751
8677,1000,0.50,500,3,370,1.0687,77,10043.00,1.304975
8678,1000,0.50,500,3,370,0.9499,78,10029.00,1.159382
8679,1000,0.50,500,3,370,0.9795,79,10048.00,0.442889
8680,1000,0.50,500,3,370,1.0034,80,9734.00,0.227099
8681,1000,0.50,500,3,370,0.9980,81,9992.00,0.579293
8682,1000,0.50,500,3,370,0.9995,82,9736.00,0.701307
8683,1000,0.50,500,3,370,0.9545,83,9772.00,0.570032
8684,1000,0.50,500,3,370,0.9623,84,9755.00,0.918501
8685,1000,0.50,500,3,370,0.9404,85,10060.00,0.816880
8686,1000,0.50,500,3,370,0.9912,86,10128.00,1.472695
8687,1000,0.50,500,3,370,0.9785,87,9936.00,1.046161
8688,1000,0.50,500,3,370,1.0059,88,9742.00,1.323027
8689,1000,0.50,500,3,370,1.0807,89,902.00,0.663587
8690,1000,0.50,500,3,370,1.0487,90,9855.00,0.554881
8691,1000,0.50,500,3,370,1.0491,91,1582.00,0.689278
8692,1000,0.50,500,3,370,1.0159,92,9982.00,0.553358
8693,1000,0.50,500,3,370,0.9884,93,9998.00,0.385264
8694,1000,0.50,500,3,370,0.9760,94,10066.00,1.229701
8695,1000,0.50,500,3,370,0.9916,95,9877.00,0.775373
8696,1000,0.50,500,3,370,0.9673,96,9903.00,0.760287
8697,1000,0.50,500,3,370,0.9875,97,9928.00,0.803846
8698,1000,0.50,500,3,370,1.0049,98,9713.00,1.184875
8699,1000,0.50,500,3,370,1.0465,99,9810.00,2.143586
8700,1000,0.50,500,3,380,1.0153,0,10043.00,1.770013
8701,1000,0.50,500,3,380,1.0061,1,10015.00,0.397697
8702,1000,0.50,500,3,380,0.9770,2,10158.00,0.399433
8703,1000,0.50,500,3,380,0.9767,3,10004.00,1.144783
8704,1000,0.50,500,3,380,0.8927,4,10089.00,2.466118
8705,1000,0.50,500,3,380,1.0539,5,10098.00,0.461868
8706,1000,0.50,500,3,380,1.0217,6,10053.00,0.670363
8707,1000,0.50,500,3,380,0.9900,7,10077.00,0.914931
8708,1000,0.50,500,3,380,1.0123,8,10029.00,0.694673
8709,1000,0.50,500,3,380,1.0336,9,868.00,0.709904
8710,1000,0.50,500,3,380,1.0180,10,10109.00,2.198305
8711,1000,0.50,500,3,380,0.9634,11,9947.00,0.474486
8712,1000,0.50,500,3,380,0.9903,12,9958.00,2.026584
8713,1000,0.50,500,3,380,0.9053,13,9937.00,0.168397
8714,1000,0.50,500,3,380,0.9922,14,9863.00,1.420537
8715,1000,0.50,500,3,380,1.0351,15,10306.00,3.254895
8716,1000,0.50,500,3,380,0.9894,16,10190.00,0.462052
8717,1000,0.50,500,3,380,1.0471,17,9894.00,0.802278
8718,1000,0.50,500,3,380,1.0196,18,9936.00,1.347770
8719,1000,0.50,500,3,380,0.9802,19,3512.00,0.886562
8720,1000,0.50,500,3,380,1.0120,20,9923.00,0.500389
8721,1000,0.50,500,3,380,0.9834,21,9914.00,1.167300
8722,1000,0.50,500,3,380,1.0386,22,10152.00,1.227933
8723,1000,0.50,500,3,380,0.9523,23,9976.00,0.694542
8724,1000,0.50,500,3,380,1.0083,24,9888.00,1.583004
8725,1000,0.50,500,3,380,0.9805,25,10270.00,2.231415
8726,1000,0.50,500,3,380,1.0052,26,10198.00,0.792966
8727,1000,0.50,500,3,380,1.0285,27,10118.00,1.005275
8728,1000,0.50,500,3,380,0.9163,28,9927.00,0.572600
8729,1000,0.50,500,3,380,1.0247,29,10288.00,1.585122
8730,1000,0.50,500,3,380,1.0064,30,10194.00,0.755532
8731,1000,0.50,500,3,380,0.9974,31,10132.00,2.197030
8732,1000,0.50,500,3,380,0.9406,32,10203.00,2.789273
8733,1000,0.50,500,3,380,1.0570,33,10274.00,0.721768
8734,1000,0.50,500,3,380,1.0540,34,10255.00,0.926537
8735,1000,0.50,500,3,380,1.0363,35,10222.00,0.595087
8736,1000,0.50,500,3,380,0.9471,36,10296.00,0.874470
8737,1000,0.50,500,3,380,1.0008,37,10518.00,0.766686
8738,1000,0.50,500,3,380,1.0401,38,10356.00,0.189209
8739,1000,0.50,500,3,380,1.0362,39,10477.00,1.594269
8740,1000,0.50,500,3,380,1.0015,40,10249.00,2.994019
8741,1000,0.50,500,3,380,1.0568,41,10053.00,0.843024
8742,1000,0.50,500,3,380,0.9644,42,10238.00,0.193449
8743,1000,0.50,500,3,380,0.9540,43,10279.00,0.685927
8744,1000,0.50,500,3,380,0.9748,44,10468.00,2.638365
8745,1000,0.50,500,3,380,0.9266,45,10397.00,3.867040
8746,1000,0.50,500,3,380,1.0152,46,10179.00,1.626155
8747,1000,0.50,500,3,380,0.9710,47,10203.00,1.338231
8748,1000,0.50,500,3,380,0.9772,48,10187.00,0.248516
8749,1000,0.50,500,3,380,1.0191,49,10312.00,1.009442
8750,1000,0.50,500,3,380,1.0441,50,10205.00,2.140416
8751,1000,0.50,500,3,380,0.9550,51,10581.00,1.088143
8752,1000,0.50,500,3,380,1.0514,52,617.00,0.558703
8753,1000,0.50,500,3,380,0.9950,53,7579.00,0.221602
8754,1000,0.50,500,3,380,1.0114,54,9829.00,2.273276
8755,1000,0.50,500,3,380,0.9977,55,10058.00,0.325345
8756,1000,0.50,500,3,380,0.9961,56,10389.00,1.415104
8757,1000,0.50,500,3,380,0.9911,57,10545.00,0.379847
8758,1000,0.50,500,3,380,0.9578,58,10016.00,0.629068
8759,1000,0.50,500,3,380,0.9493,59,9997.00,0.313454
8760,1000,0.50,500,3,380,0.9662,60,9962.00,1.044311
8761,1000,0.50,500,3,380,0.9829,61,10111.00,0.992125
8762,1000,0.50,500,3,380,1.0121,62,10339.00,1.217896
8763,1000,0.50,500,3,380,1.0155,63,10453.00,0.487385
8764,1000,0.50,500,3,380,1.0592,64,2465.00,1.216095
8765,1000,0.50,500,3,380,1.0194,65,10120.00,1.452521
8766,1000,0.50,500,3,380,0.9902,66,9965.00,0.194843
8767,1000,0.50,500,3,380,0.9918,67,10048.00,1.409348
8768,1000,0.50,500,3,380,1.0065,68,10095.00,2.276107
8769,1000,0.50,500,3,380,0.9719,69,10030.00,0.767888
8770,1000,0.50,500,3,380,1.0044,70,9629.00,0.759898
8771,1000,0.50,500,3,380,1.0152,71,9885.00,1.521089
8772,1000,0.50,500,3,380,0.9733,72,10253.00,1.734693
8773,1000,0.50,500,3,380,1.0287,73,5957.00,1.084334
8774,1000,0.50,500,3,380,0.9373,74,10310.00,1.165958
8775,1000,0.50,500,3,380,1.0471,75,10192.00,0.236767
8776,1000,0.50,500,3,380,1.0723,76,3861.00,1.017252
8777,1000,0.50,500,3,380,1.0554,77,4913.00,0.664533
8778,1000,0.50,500,3,380,0.9948,78,10007.00,2.475476
8779,1000,0.50,500,3,380,0.9666,79,10047.00,0.834943
8780,1000,0.50,500,3,380,1.0396,80,10222.00,1.974414
8781,1000,0.50,500,3,380,0.9828,81,10148.00,0.692370
8782,1000,0.50,500,3,380,1.0130,82,10153.00,2.499054
8783,1000,0.50,500,3,380,1.0367,83,10312.00,0.760276
8784,1000,0.50,500,3,380,0.9715,84,10263.00,1.569622
8785,1000,0.50,500,3,380,1.0080,85,9883.00,0.455167
8786,1000,0.50,500,3,380,1.0207,86,10150.00,0.847586
8787,1000,0.50,500,3,380,0.9440,87,10004.00,1.945771
8788,1000,0.50,500,3,380,0.9459,88,10233.00,0.399533
8789,1000,0.50,500,3,380,0.9792,89,9986.00,1.244642
8790,1000,0.50,500,3,380,1.0219,90,9928.00,1.469735
8791,1000,0.50,500,3,380,0.9625,91,9975.00,1.310613
8792,1000,0.50,500,3,380,0.9902,92,10176.00,1.500913
8793,1000,0.50,500,3,380,1.0733,93,4596.00,0.316931
8794,1000,0.50,500,3,380,0.9808,94,10106.00,0.896180
8795,1000,0.50,500,3,380,0.9841,95,10027.00,0.507010
8796,1000,0.50,500,3,380,1.0162,96,9774.00,0.318215
8797,1000,0.50,500,3,380,1.0049,97,10195.00,1.015939
8798,1000,0.50,500,3,380,0.9536,98,10145.00,2.238546
8799,1000,0.50,500,3,380,0.9320,99,10119.00,2.083451
8800,1000,0.50,500,3,390,0.9510,0,10470.00,0.480821
8801,1000,0.50,500,3,390,1.0599,1,10670.00,1.995792
8802,1000,0.50,500,3,390,1.0119,2,10570.00,0.344618
8803,1000,0.50,500,3,390,0.9716,3,10309.00,1.658905
8804,1000,0.50,500,3,390,0.9595,4,10053.00,1.752135
8805,1000,0.50,500,3,390,1.0507,5,10525.00,0.664280
8806,1000,0.50,500,3,390,1.0202,6,10346.00,0.599601
8807,1000,0.50,500,3,390,1.0021,7,10620.00,0.675308
8808,1000,0.50,500,3,390,1.0444,8,7247.00,2.211921
8809,1000,0.50,500,3,390,0.9877,9,10228.00,1.168010
8810,1000,0.50,500,3,390,1.0353,10,10315.00,0.617039
8811,1000,0.50,500,3,390,1.0663,11,10358.00,1.820573
8812,1000,0.50,500,3,390,0.9739,12,10199.00,1.143129
8813,1000,0.50,500,3,390,1.0207,13,10549.00,1.071548
8814,1000,0.50,500,3,390,0.9895,14,10452.00,1.762688
8815,1000,0.50,500,3,390,0.9815,15,10214.00,0.527217
8816,1000,0.50,500,3,390,0.9217,16,10352.00,2.745044
8817,1000,0.50,500,3,390,1.0143,17,10658.00,0.611075
8818,1000,0.50,500,3,390,0.9309,18,10410.00,0.473760
8819,1000,0.50,500,3,390,0.9568,19,10225.00,1.924807
8820,1000,0.50,500,3,390,0.9579,20,10421.00,0.439650
8821,1000,0.50,500,3,390,1.0189,21,10413.00,0.236174
8822,1000,0.50,500,3,390,0.9940,22,10307.00,2.495271
8823,1000,0.50,500,3,390,0.9359,23,10333.00,2.454098
8824,1000,0.50,500,3,390,1.0613,24,10525.00,1.747310
8825,1000,0.50,500,3,390,0.9990,25,10374.00,0.990215
8826,1000,0.50,500,3,390,0.9539,26,10388.00,2.789429
8827,1000,0.50,500,3,390,0.9222,27,9979.00,0.285321
8828,1000,0.50,500,3,390,1.0198,28,10281.00,1.196496
8829,1000,0.50,500,3,390,0.9739,29,10149.00,0.692225
8830,1000,0.50,500,3,390,1.0040,30,10270.00,0.110612
8831,1000,0.50,500,3,390,0.9712,31,10281.00,1.276118
8832,1000,0.50,500,3,390,1.0064,32,10413.00,1.535079
8833,1000,0.50,500,3,390,0.9911,33,10298.00,1.975854
8834,1000,0.50,500,3,390,1.0076,34,10284.00,1.032353
8835,1000,0.50,500,3,390,1.0027,35,10208.00,0.718163
8836,1000,0.50,500,3,390,0.9583,36,10280.00,0.837278
8837,1000,0.50,500,3,390,1.0159,37,10623.00,0.514521
8838,1000,0.50,500,3,390,0.9906,38,10550.00,0.259078
8839,1000,0.50,500,3,390,1.0047,39,10211.00,2.320356
8840,1000,0.50,500,3,390,1.0165,40,10490.00,0.335790
8841,1000,0.50,500,3,390,0.9943,41,10901.00,1.188575
8842,1000,0.50,500,3,390,0.9960,42,10612.00,0.216752
8843,1000,0.50,500,3,390,0.9265,43,10715.00,1.643334
8844,1000,0.50,500,3,390,0.9862,44,10675.00,2.568752
8845,1000,0.50,500,3,390,1.0508,45,7270.00,1.258592
8846,1000,0.50,500,3,390,1.0333,46,10541.00,2.822948
8847,1000,0.50,500,3,390,1.0259,47,2275.00,0.893304
8848,1000,0.50,500,3,390,1.0083,48,10409.00,2.046930
8849,1000,0.50,500,3,390,1.0127,49,10580.00,2.724653
8850,1000,0.50,500,3,390,0.9791,50,10284.00,0.470569
8851,1000,0.50,500,3,390,1.0055,51,10680.00,1.632742
8852,1000,0.50,500,3,390,1.0475,52,10127.00,1.901858
8853,1000,0.50,500,3,390,1.0262,53,10453.00,1.323390
8854,1000,0.50,500,3,390,1.0252,54,10395.00,0.513923
8855,1000,0.50,500,3,390,1.0272,55,10393.00,0.464725
8856,1000,0.50,500,3,390,1.0178,56,10419.00,0.879499
8857,1000,0.50,500,3,390,1.0073,57,10159.00,2.280953
8858,1000,0.50,500,3,390,1.0123,58,10068.00,2.005743
8859,1000,0.50,500,3,390,1.0225,59,10264.00,1.114943
8860,1000,0.50,500,3,390,0.9917,60,10559.00,1.131813
8861,1000,0.50,500,3,390,0.9843,61,10057.00,0.857092
8862,1000,0.50,500,3,390,0.9359,62,10560.00,1.016458
8863,1000,0.50,500,3,390,1.0214,63,10790.00,1.214561
8864,1000,0.50,500,3,390,1.0344,64,10255.00,3.028287
8865,1000,0.50,500,3,390,1.0077,65,10392.00,1.831838
8866,1000,0.50,500,3,390,1.0087,66,10738.00,2.196425
8867,1000,0.50,500,3,390,0.9505,67,10638.00,1.512758
8868,1000,0.50,500,3,390,0.9646,68,10405.00,0.903631
8869,1000,0.50,500,3,390,0.9665,69,10740.00,0.189681
8870,1000,0.50,500,3,390,1.0096,70,10880.00,0.281934
8871,1000,0.50,500,3,390,1.0027,71,10650.00,0.093953
8872,1000,0.50,500,3,390,0.9647,72,10434.00,0.965041
8873,1000,0.50,500,3,390,0.9952,73,10462.00,0.782615
8874,1000,0.50,500,3,390,0.9713,74,10342.00,2.525147
8875,1000,0.50,500,3,390,0.9655,75,10481.00,3.363885
8876,1000,0.50,500,3,390,1.0069,76,10292.00,3.525243
8877,1000,0.50,500,3,390,1.0161,77,6911.00,0.730732
8878,1000,0.50,500,3,390,1.0226,78,10000.00,1.384763
8879,1000,0.50,500,3,390,0.9870,79,10214.00,0.157024
8880,1000,0.50,500,3,390,0.9667,80,10620.00,0.425058
8881,1000,0.50,500,3,390,1.0104,81,10458.00,0.989465
8882,1000,0.50,500,3,390,1.0075,82,1689.00,0.335873
8883,1000,0.50,500,3,390,1.0108,83,10369.00,0.593278
8884,1000,0.50,500,3,390,0.9774,84,10300.00,1.670560
8885,1000,0.50,500,3,390,1.0311,85,10408.00,2.423256
8886,1000,0.50,500,3,390,0.9902,86,10304.00,0.883941
8887,1000,0.50,500,3,390,1.0412,87,10285.00,1.331782
8888,1000,0.50,500,3,390,0.9643,88,10472.00,2.453551
8889,1000,0.50,500,3,390,1.0232,89,10226.00,0.164595
8890,1000,0.50,500,3,390,1.0143,90,10524.00,1.781497
8891,1000,0.50,500,3,390,0.9970,91,10387.00,1.987499
8892,1000,0.50,500,3,390,0.9865,92,10027.00,1.899921
8893,1000,0.50,500,3,390,0.9912,93,10583.00,1.030982
8894,1000,0.50,500,3,390,1.0033,94,10408.00,1.499282
8895,1000,0.50,500,3,390,0.9766,95,10294.00,1.323106
8896,1000,0.50,500,3,390,1.0071,96,10084.00,0.607861
8897,1000,0.50,500,3,390,0.9803,97,10456.00,1.821997
8898,1000,0.50,500,3,390,0.9504,98,10316.00,0.572716
8899,1000,0.50,500,3,390,0.9938,99,10687.00,1.782187
8900,1000,0.50,500,3,400,0.9320,0,10423.00,0.794216
8901,1000,0.50,500,3,400,0.9760,1,10205.00,0.525158
8902,1000,0.50,500,3,400,0.9904,2,8418.00,1.442036
8903,1000,0.50,500,3,400,0.9791,3,10701.00,0.129554
8904,1000,0.50,500,3,400,0.9989,4,10695.00,3.283966
8905,1000,0.50,500,3,400,1.0026,5,10728.00,1.039211
8906,1000,0.50,500,3,400,0.9840,6,10683.00,0.265406
8907,1000,0.50,500,3,400,1.0055,7,10407.00,2.351746
8908,1000,0.50,500,3,400,0.9676,8,10797.00,0.765700
8909,1000,0.50,500,3,400,1.0352,9,681.00,1.352469
8910,1000,0.50,500,3,400,1.0215,10,10972.00,0.710622
8911,1000,0.50,500,3,400,1.0162,11,10794.00,1.480953
8912,1000,0.50,500,3,400,1.0170,12,10920.00,0.889775
8913,1000,0.50,500,3,400,1.0252,13,10828.00,1.064491
8914,1000,0.50,500,3,400,1.0051,14,11096.00,1.606770
8915,1000,0.50,500,3,400,1.0414,15,10901.00,0.280678
8916,1000,0.50,500,3,400,1.0325,16,10305.00,0.352495
8917,1000,0.50,500,3,400,0.9717,17,10780.00,0.971572
8918,1000,0.50,500,3,400,1.0375,18,10631.00,1.719832
8919,1000,0.50,500,3,400,1.0073,19,10416.00,0.913879
8920,1000,0.50,500,3,400,0.9791,20,10529.00,1.340998
8921,1000,0.50,500,3,400,1.0006,21,10784.00,1.348903
8922,1000,0.50,500,3,400,1.0046,22,10507.00,0.882228
8923,1000,0.50,500,3,400,0.9887,23,10494.00,0.489388
8924,1000,0.50,500,3,400,1.0186,24,10736.00,1.385933
8925,1000,0.50,500,3,400,0.9889,25,10464.00,0.491431
8926,1000,0.50,500,3,400,0.9791,26,10768.00,0.921592
8927,1000,0.50,500,3,400,0.9825,27,10403.00,0.559650
8928,1000,0.50,500,3,400,1.0190,28,10336.00,0.435291
8929,1000,0.50,500,3,400,1.0085,29,10719.00,0.662033
8930,1000,0.50,500,3,400,0.9050,30,10599.00,0.542885
8931,1000,0.50,500,3,400,0.9869,31,10684.00,0.525967
8932,1000,0.50,500,3,400,0.9925,32,10769.00,0.610248
8933,1000,0.50,500,3,400,0.9503,33,10498.00,0.267626
8934,1000,0.50,500,3,400,1.0105,34,10594.00,0.155293
8935,1000,0.50,500,3,400,1.0162,35,10586.00,0.520229
8936,1000,0.50,500,3,400,1.0151,36,10653.00,1.601368
8937,1000,0.50,500,3,400,1.0356,37,10947.00,2.841663
8938,1000,0.50,500,3,400,0.9765,38,10407.00,0.412073
8939,1000,0.50,500,3,400,1.0179,39,11159.00,2.521043
8940,1000,0.50,500,3,400,1.0147,40,11226.00,0.170936
8941,1000,0.50,500,3,400,1.0177,41,11010.00,2.428030
8942,1000,0.50,500,3,400,0.9964,42,10488.00,0.514470
8943,1000,0.50,500,3,400,1.0122,43,10595.00,0.350121
8944,1000,0.50,500,3,400,1.0063,44,10625.00,0.507663
8945,1000,0.50,500,3,400,1.0023,45,11239.00,0.386222
8946,1000,0.50,500,3,400,0.9840,46,10952.00,1.275955
8947,1000,0.50,500,3,400,1.0143,47,10580.00,0.542416
8948,1000,0.50,500,3,400,0.9949,48,10781.00,2.174626
8949,1000,0.50,500,3,400,0.9685,49,10672.00,0.230831
8950,1000,0.50,500,3,400,1.0164,50,10898.00,1.509156
8951,1000,0.50,500,3,400,1.0134,51,11070.00,2.852461
8952,1000,0.50,500,3,400,0.9679,52,10967.00,1.010560
8953,1000,0.50,500,3,400,1.0166,53,10997.00,1.698716
8954,1000,0.50,500,3,400,0.9968,54,10824.00,1.388556
8955,1000,0.50,500,3,400,1.0014,55,10898.00,0.351064
8956,1000,0.50,500,3,400,1.0044,56,10846.00,0.866279
8957,1000,0.50,500,3,400,1.0033,57,2019.00,1.173593
8958,1000,0.50,500,3,400,1.0605,58,2456.00,0.668151
8959,1000,0.50,500,3,400,0.9891,59,10829.00,3.098233
8960,1000,0.50,500,3,400,1.0154,60,10620.00,0.755915
8961,1000,0.50,500,3,400,0.9987,61,11235.00,0.191518
8962,1000,0.50,500,3,400,1.0459,62,10998.00,0.302663
8963,1000,0.50,500,3,400,1.0014,63,10846.00,1.274054
8964,1000,0.50,500,3,400,0.9888,64,10893.00,1.000997
8965,1000,0.50,500,3,400,0.9948,65,10622.00,0.049692
8966,1000,0.50,500,3,400,0.9823,66,11043.00,0.163359
8967,1000,0.50,500,3,400,1.0150,67,10919.00,3.030908
8968,1000,0.50,500,3,400,1.0420,68,10643.00,0.616454
8969,1000,0.50,500,3,400,0.9826,69,10685.00,2.822398
8970,1000,0.50,500,3,400,0.9892,70,10791.00,2.065119
8971,1000,0.50,500,3,400,1.0299,71,11088.00,0.978276
8972,1000,0.50,500,3,400,1.0291,72,10988.00,2.897473
8973,1000,0.50,500,3,400,0.9770,73,10508.00,1.676454
8974,1000,0.50,500,3,400,0.9625,74,10654.00,0.213802
8975,1000,0.50,500,3,400,1.0124,75,451.00,0.398290
8976,1000,0.50,500,3,400,0.9991,76,10470.00,1.349604
8977,1000,0.50,500,3,400,1.0379,77,10616.00,0.564177
8978,1000,0.50,500,3,400,0.9590,78,10817.00,1.759704
8979,1000,0.50,500,3,400,0.9848,79,10662.00,1.261954
8980,1000,0.50,500,3,400,0.9759,80,10267.00,2.265825
8981,1000,0.50,500,3,400,0.9615,81,10724.00,2.002533
8982,1000,0.50,500,3,400,0.9845,82,1204.00,0.782111
8983,1000,0.50,500,3,400,0.9710,83,10655.00,1.570405
8984,1000,0.50,500,3,400,0.9448,84,10458.00,0.650501
8985,1000,0.50,500,3,400,1.0611,85,10659.00,0.640938
8986,1000,0.50,500,3,400,0.9617,86,10851.00,2.731191
8987,1000,0.50,500,3,400,1.0026,87,10751.00,2.368954
8988,1000,0.50,500,3,400,0.9969,88,10848.00,0.815216
8989,1000,0.50,500,3,400,0.9945,89,10976.00,0.253145
8990,1000,0.50,500,3,400,0.9785,90,10738.00,1.217039
8991,1000,0.50,500,3,400,0.9358,91,10988.00,0.220474
8992,1000,0.50,500,3,400,0.9915,92,10786.00,1.959483
8993,1000,0.50,500,3,400,1.0358,93,10898.00,1.430735
8994,1000,0.50,500,3,400,0.9923,94,10589.00,0.362074
8995,1000,0.50,500,3,400,1.0003,95,10678.00,1.383231
8996,1000,0.50,500,3,400,1.0395,96,10489.00,0.549037
8997,1000,0.50,500,3,400,0.9767,97,10747.00,1.005562
8998,1000,0.50,500,3,400,0.9387,98,10950.00,1.064599
8999,1000,0.50,500,3,400,0.9707,99,10972.00,3.792418
9000,1000,0.50,500,3,410,0.9982,0,10965.00,1.202441
9001,1000,0.50,500,3,410,1.0175,1,11432.00,3.943168
9002,1000,0.50,500,3,410,1.0058,2,11207.00,1.421345
9003,1000,0.50,500,3,410,1.0032,3,11226.00,1.138678
9004,1000,0.50,500,3,410,0.9899,4,10595.00,1.023361
9005,1000,0.50,500,3,410,0.9956,5,10962.00,1.964918
9006,1000,0.50,500,3,410,0.9490,6,11014.00,0.571047
9007,1000,0.50,500,3,410,0.9991,7,10952.00,1.967731
9008,1000,0.50,500,3,410,1.0521,8,6531.00,1.252053
9009,1000,0.50,500,3,410,0.9726,9,10908.00,0.674106
9010,1000,0.50,500,3,410,1.0060,10,10743.00,3.764062
9011,1000,0.50,500,3,410,0.9114,11,11018.00,0.699689
9012,1000,0.50,500,3,410,1.0325,12,10849.00,0.203155
9013,1000,0.50,500,3,410,0.9844,13,11155.00,1.344820
9014,1000,0.50,500,3,410,0.9827,14,11199.00,0.289981
9015,1000,0.50,500,3,410,0.9795,15,11008.00,0.209674
9016,1000,0.50,500,3,410,1.0305,16,11021.00,0.985608
9017,1000,0.50,500,3,410,1.0058,17,11060.00,0.800192
9018,1000,0.50,500,3,410,1.0075,18,11083.00,0.699109
9019,1000,0.50,500,3,410,1.0385,19,11256.00,0.624204
9020,1000,0.50,500,3,410,0.9235,20,11100.00,1.176321
9021,1000,0.50,500,3,410,1.0352,21,11491.00,1.801841
9022,1000,0.50,500,3,410,0.9833,22,10125.00,0.328592
9023,1000,0.50,500,3,410,1.0281,23,11050.00,0.956918
9024,1000,0.50,500,3,410,1.0363,24,11083.00,0.799569
9025,1000,0.50,500,3,410,1.0301,25,11402.00,0.332958
9026,1000,0.50,500,3,410,0.9729,26,11371.00,1.369164
9027,1000,0.50,500,3,410,1.0317,27,11308.00,2.087101
9028,1000,0.50,500,3,410,1.0074,28,11116.00,1.115878
9029,1000,0.50,500,3,410,0.9887,29,11282.00,0.446652
9030,1000,0.50,500,3,410,0.9325,30,11080.00,2.042861
9031,1000,0.50,500,3,410,1.0020,31,11287.00,2.840644
9032,1000,0.50,500,3,410,0.9972,32,11111.00,0.723107
9033,1000,0.50,500,3,410,1.0621,33,11017.00,2.965103
9034,1000,0.50,500,3,410,1.0605,34,2578.00,0.544929
9035,1000,0.50,500,3,410,0.9965,35,11271.00,3.463582
9036,1000,0.50,500,3,410,1.0195,36,11225.00,1.994945
9037,1000,0.50,500,3,410,1.0293,37,10989.00,0.482074
9038,1000,0.50,500,3,410,0.9755,38,10947.00,2.339383
9039,1000,0.50,500,3,410,0.9928,39,11146.00,0.095554
9040,1000,0.50,500,3,410,0.9759,40,11215.00,1.217471
9041,1000,0.50,500,3,410,1.0478,41,10847.00,0.122946
9042,1000,0.50,500,3,410,1.0299,42,10948.00,0.378530
9043,1000,0.50,500,3,410,0.9844,43,9055.00,3.224856
9044,1000,0.50,500,3,410,0.9932,44,11255.00,0.631604
9045,1000,0.50,500,3,410,0.9795,45,10839.00,2.827775
9046,1000,0.50,500,3,410,1.0244,46,11014.00,0.782022
9047,1000,0.50,500,3,410,0.9758,47,10708.00,0.422847
9048,1000,0.50,500,3,410,0.9923,48,10845.00,0.879307
9049,1000,0.50,500,3,410,1.0767,49,2363.00,0.469143
9050,1000,0.50,500,3,410,0.9827,50,10751.00,0.136184
9051,1000,0.50,500,3,410,0.9766,51,10714.00,1.522331
9052,1000,0.50,500,3,410,1.0278,52,11369.00,0.292099
9053,1000,0.50,500,3,410,1.0179,53,10963.00,0.785080
9054,1000,0.50,500,3,410,1.0180,54,11280.00,3.552693
9055,1000,0.50,500,3,410,1.0147,55,10996.00,0.649420
9056,1000,0.50,500,3,410,1.0172,56,10926.00,0.558165
9057,1000,0.50,500,3,410,0.9853,57,10996.00,3.512676
9058,1000,0.50,500,3,410,1.0210,58,11226.00,0.561812
9059,1000,0.50,500,3,410,0.9414,59,11069.00,1.240612
9060,1000,0.50,500,3,410,0.9921,60,10807.00,1.455545
9061,1000,0.50,500,3,410,0.9274,61,10820.00,0.709835
9062,1000,0.50,500,3,410,0.9698,62,11017.00,0.501171
9063,1000,0.50,500,3,410,1.0135,63,11074.00,0.982623
9064,1000,0.50,500,3,410,0.9716,64,11326.00,1.013317
9065,1000,0.50,500,3,410,0.9807,65,11038.00,2.077817
9066,1000,0.50,500,3,410,0.9423,66,11156.00,0.603677
9067,1000,0.50,500,3,410,0.9707,67,11540.00,1.068097
9068,1000,0.50,500,3,410,1.0157,68,11009.00,1.217440
9069,1000,0.50,500,3,410,0.9992,69,10953.00,0.855898
9070,1000,0.50,500,3,410,1.0276,70,10971.00,0.566954
9071,1000,0.50,500,3,410,1.0078,71,10727.00,2.627650
9072,1000,0.50,500,3,410,1.0267,72,10966.00,3.084525
9073,1000,0.50,500,3,410,0.9784,73,10662.00,0.447474
9074,1000,0.50,500,3,410,1.0416,74,10926.00,2.087662
9075,1000,0.50,500,3,410,0.9562,75,10817.00,0.590700
9076,1000,0.50,500,3,410,0.9929,76,10620.00,2.634688
9077,1000,0.50,500,3,410,1.0089,77,10572.00,1.449075
9078,1000,0.50,500,3,410,1.0278,78,10777.00,1.032012
9079,1000,0.50,500,3,410,1.0240,79,11107.00,2.960240
9080,1000,0.50,500,3,410,0.9820,80,10908.00,0.722674
9081,1000,0.50,500,3,410,1.0294,81,8833.00,0.927687
9082,1000,0.50,500,3,410,0.9918,82,10944.00,1.845661
9083,1000,0.50,500,3,410,0.9720,83,10944.00,2.332700
9084,1000,0.50,500,3,410,0.9672,84,10839.00,1.514085
9085,1000,0.50,500,3,410,0.9701,85,10878.00,2.822066
9086,1000,0.50,500,3,410,0.9793,86,11020.00,0.808993
9087,1000,0.50,500,3,410,1.0051,87,11221.00,0.912139
9088,1000,0.50,500,3,410,0.9878,88,10973.00,1.802825
9089,1000,0.50,500,3,410,0.9721,89,11249.00,0.155629
9090,1000,0.50,500,3,410,0.9861,90,10829.00,0.700090
9091,1000,0.50,500,3,410,1.0043,91,10626.00,1.231360
9092,1000,0.50,500,3,410,1.0314,92,10770.00,0.899896
9093,1000,0.50,500,3,410,1.0656,93,6289.00,1.100224
9094,1000,0.50,500,3,410,0.9690,94,10918.00,2.448868
9095,1000,0.50,500,3,410,1.0023,95,10790.00,1.254126
9096,1000,0.50,500,3,410,0.9998,96,11028.00,0.564903
9097,1000,0.50,500,3,410,0.9793,97,1993.00,0.554140
9098,1000,0.50,500,3,410,1.0279,98,11017.00,1.061821
9099,1000,0.50,500,3,410,0.9579,99,11079.00,0.133990
9100,1000,0.50,500,3,420,1.0450,0,11078.00,1.872254
9101,1000,0.50,500,3,420,0.9302,1,11233.00,0.645985
9102,1000,0.50,500,3,420,1.0097,2,11351.00,1.998500
9103,1000,0.50,500,3,420,1.0325,3,11300.00,0.787910
9104,1000,0.50,500,3,420,1.0243,4,10979.00,0.809201
9105,1000,0.50,500,3,420,1.0338,5,1017.00,0.516338
9106,1000,0.50,500,3,420,0.9696,6,11081.00,1.671400
9107,1000,0.50,500,3,420,1.0127,7,11180.00,1.200060
9108,1000,0.50,500,3,420,0.9937,8,11092.00,0.210351
9109,1000,0.50,500,3,420,1.0285,9,11187.00,0.447627
9110,1000,0.50,500,3,420,1.0061,10,11045.00,0.632580
9111,1000,0.50,500,3,420,0.9770,11,10930.00,0.892038
9112,1000,0.50,500,3,420,1.0345,12,11157.00,0.711944
9113,1000,0.50,500,3,420,1.0322,13,11326.00,0.639684
9114,1000,0.50,500,3,420,1.0039,14,11304.00,1.054882
9115,1000,0.50,500,3,420,0.9507,15,11130.00,4.465148
9116,1000,0.50,500,3,420,1.0386,16,8345.00,0.457803
9117,1000,0.50,500,3,420,0.9873,17,10886.00,0.447509
9118,1000,0.50,500,3,420,0.9793,18,11067.00,1.148939
9119,1000,0.50,500,3,420,1.0199,19,11011.00,0.302265
9120,1000,0.50,500,3,420,1.0161,20,11186.00,1.415931
9121,1000,0.50,500,3,420,0.9948,21,11450.00,0.175748
9122,1000,0.50,500,3,420,0.9862,22,11269.00,0.536718
9123,1000,0.50,500,3,420,0.9355,23,11661.00,3.298809
9124,1000,0.50,500,3,420,0.9861,24,11711.00,1.280615
9125,1000,0.50,500,3,420,1.0454,25,11159.00,1.225295
9126,1000,0.50,500,3,420,0.9616,26,11606.00,0.909847
9127,1000,0.50,500,3,420,1.0361,27,10918.00,1.561747
9128,1000,0.50,500,3,420,1.0156,28,11639.00,0.086294
9129,1000,0.50,500,3,420,0.9897,29,11433.00,0.774419
9130,1000,0.50,500,3,420,1.0411,30,5925.00,0.193619
9131,1000,0.50,500,3,420,0.9884,31,11502.00,0.582381
9132,1000,0.50,500,3,420,1.0160,32,3830.00,1.754814
9133,1000,0.50,500,3,420,0.9598,33,11200.00,0.966693
9134,1000,0.50,500,3,420,0.9957,34,11005.00,1.412525
9135,1000,0.50,500,3,420,1.0120,35,11044.00,1.182767
9136,1000,0.50,500,3,420,0.9730,36,11343.00,1.373364
9137,1000,0.50,500,3,420,0.9914,37,11180.00,0.593372
9138,1000,0.50,500,3,420,0.9734,38,10983.00,0.669569
9139,1000,0.50,500,3,420,0.9967,39,11258.00,1.579265
9140,1000,0.50,500,3,420,0.9743,40,10997.00,0.409506
9141,1000,0.50,500,3,420,1.0276,41,10892.00,0.555202
9142,1000,0.50,500,3,420,0.9650,42,11316.00,1.760303
9143,1000,0.50,500,3,420,1.0401,43,11379.00,0.449296
9144,1000,0.50,500,3,420,0.9341,44,10978.00,2.864873
9145,1000,0.50,500,3,420,1.0030,45,11182.00,1.783331
9146,1000,0.50,500,3,420,0.9528,46,11061.00,0.747308
9147,1000,0.50,500,3,420,0.9851,47,11257.00,0.558038
9148,1000,0.50,500,3,420,0.9688,48,11338.00,0.906100
9149,1000,0.50,500,3,420,1.0827,49,11013.00,3.076434
9150,1000,0.50,500,3,420,0.9585,50,10943.00,1.107485
9151,1000,0.50,500,3,420,1.0017,51,10919.00,0.671757
9152,1000,0.50,500,3,420,1.0344,52,11049.00,0.752270
9153,1000,0.50,500,3,420,0.9761,53,11387.00,0.844384
9154,1000,0.50,500,3,420,1.0002,54,11158.00,0.646912
9155,1000,0.50,500,3,420,1.0529,55,11306.00,0.896816
9156,1000,0.50,500,3,420,0.9966,56,11382.00,0.322650
9157,1000,0.50,500,3,420,1.0330,57,6055.00,2.380724
9158,1000,0.50,500,3,420,1.0158,58,11046.00,0.568170
9159,1000,0.50,500,3,420,0.9625,59,10811.00,1.180415
9160,1000,0.50,500,3,420,0.9797,60,10806.00,2.654513
9161,1000,0.50,500,3,420,0.9920,61,11492.00,1.031200
9162,1000,0.50,500,3,420,1.0090,62,10978.00,0.490216
9163,1000,0.50,500,3,420,1.0519,63,11372.00,0.902617
9164,1000,0.50,500,3,420,0.9980,64,11077.00,1.599649
9165,1000,0.50,500,3,420,0.9782,65,11136.00,0.228732
9166,1000,0.50,500,3,420,1.0355,66,11143.00,2.381460
9167,1000,0.50,500,3,420,0.9609,67,11194.00,3.083299
9168,1000,0.50,500,3,420,0.9431,68,11025.00,0.692863
9169,1000,0.50,500,3,420,1.0002,69,11117.00,0.534214
9170,1000,0.50,500,3,420,0.9498,70,10616.00,1.256556
9171,1000,0.50,500,3,420,0.9469,71,11126.00,0.158365
9172,1000,0.50,500,3,420,1.0237,72,11194.00,0.444907
9173,1000,0.50,500,3,420,0.9730,73,11222.00,0.353190
9174,1000,0.50,500,3,420,0.9657,74,11073.00,0.246838
9175,1000,0.50,500,3,420,0.9957,75,11313.00,3.335903
9176,1000,0.50,500,3,420,0.9800,76,11016.00,0.413870
9177,1000,0.50,500,3,420,0.9662,77,10843.00,1.876507
9178,1000,0.50,500,3,420,1.0331,78,11388.00,1.900763
9179,1000,0.50,500,3,420,1.0175,79,11334.00,1.969956
9180,1000,0.50,500,3,420,1.0062,80,11280.00,1.221222
9181,1000,0.50,500,3,420,0.9508,81,10880.00,0.410676
9182,1000,0.50,500,3,420,0.9596,82,11082.00,1.556050
9183,1000,0.50,500,3,420,0.9640,83,11172.00,0.588708
9184,1000,0.50,500,3,420,1.0449,84,7118.00,2.667801
9185,1000,0.50,500,3,420,0.9995,85,11044.00,1.559751
9186,1000,0.50,500,3,420,1.0518,86,11437.00,2.328712
9187,1000,0.50,500,3,420,1.0289,87,11088.00,0.827384
9188,1000,0.50,500,3,420,0.9566,88,11206.00,0.834233
9189,1000,0.50,500,3,420,0.9826,89,11012.00,1.654798
9190,1000,0.50,500,3,420,1.0598,90,10944.00,1.246892
9191,1000,0.50,500,3,420,0.9744,91,10983.00,0.317464
9192,1000,0.50,500,3,420,1.0600,92,10981.00,3.216259
9193,1000,0.50,500,3,420,0.9850,93,11341.00,0.963396
9194,1000,0.50,500,3,420,0.9731,94,11608.00,2.036011
9195,1000,0.50,500,3,420,1.0138,95,11485.00,2.503364
9196,1000,0.50,500,3,420,1.0251,96,11602.00,1.603117
9197,1000,0.50,500,3,420,1.0219,97,11787.00,2.401748
9198,1000,0.50,500,3,420,1.0077,98,11450.00,1.454630
9199,1000,0.50,500,3,420,1.0074,99,11467.00,1.613407
9200,1000,0.50,500,3,430,0.9683,0,11717.00,0.644079
9201,1000,0.50,500,3,430,1.0155,1,11716.00,0.464554
9202,1000,0.50,500,3,430,0.9936,2,11390.00,0.982845
9203,1000,0.50,500,3,430,0.9650,3,11383.00,1.531646
9204,1000,0.50,500,3,430,0.9910,4,11503.00,0.984262
9205,1000,0.50,500,3,430,0.9997,5,11725.00,0.177612
9206,1000,0.50,500,3,430,1.0045,6,11650.00,0.419615
9207,1000,0.50,500,3,430,0.9741,7,11735.00,1.694301
9208,1000,0.50,500,3,430,0.9942,8,11531.00,1.913005
9209,1000,0.50,500,3,430,1.0238,9,12236.00,1.183973
9210,1000,0.50,500,3,430,1.0066,10,11742.00,2.173567
9211,1000,0.50,500,3,430,0.9463,11,11342.00,2.984543
9212,1000,0.50,500,3,430,0.9330,12,11335.00,1.667334
9213,1000,0.50,500,3,430,0.9810,13,11273.00,1.073979
9214,1000,0.50,500,3,430,0.9763,14,11705.00,2.870523
9215,1000,0.50,500,3,430,0.9989,15,11314.00,0.923965
9216,1000,0.50,500,3,430,1.0080,16,11511.00,1.630053
9217,1000,0.50,500,3,430,0.9810,17,11318.00,0.479123
9218,1000,0.50,500,3,430,1.0229,18,11606.00,1.186050
9219,1000,0.50,500,3,430,1.0092,19,11251.00,3.577334
9220,1000,0.50,500,3,430,1.0186,20,7243.00,0.534336
9221,1000,0.50,500,3,430,0.9561,21,11869.00,1.294810
9222,1000,0.50,500,3,430,1.0190,22,11900.00,2.943068
9223,1000,0.50,500,3,430,0.9597,23,11495.00,0.739192
9224,1000,0.50,500,3,430,1.0226,24,12042.00,0.794279
9225,1000,0.50,500,3,430,0.9723,25,11390.00,1.856535
9226,1000,0.50,500,3,430,0.9965,26,11660.00,0.356322
9227,1000,0.50,500,3,430,1.0023,27,12015.00,1.972862
9228,1000,0.50,500,3,430,0.9906,28,11881.00,1.895939
9229,1000,0.50,500,3,430,1.0084,29,11607.00,0.861559
9230,1000,0.50,500,3,430,0.9614,30,11932.00,2.954436
9231,1000,0.50,500,3,430,0.9581,31,11800.00,0.769581
9232,1000,0.50,500,3,430,1.0172,32,11177.00,0.259335
9233,1000,0.50,500,3,430,0.9872,33,11626.00,1.195686
9234,1000,0.50,500,3,430,0.9932,34,11537.00,1.486584
9235,1000,0.50,500,3,430,0.9616,35,11281.00,1.485582
9236,1000,0.50,500,3,430,0.9796,36,11509.00,1.838479
9237,1000,0.50,500,3,430,1.0121,37,7879.00,0.764375
9238,1000,0.50,500,3,430,0.9914,38,11231.00,0.781612
9239,1000,0.50,500,3,430,0.9229,39,11301.00,0.386098
9240,1000,0.50,500,3,430,0.9841,40,11436.00,0.869077
9241,1000,0.50,500,3,430,0.9987,41,11117.00,1.308058
9242,1000,0.50,500,3,430,1.0051,42,11218.00,1.994331
9243,1000,0.50,500,3,430,1.0545,43,11406.00,0.774222
9244,1000,0.50,500,3,430,0.9898,44,11378.00,1.033181
9245,1000,0.50,500,3,430,1.0216,45,11452.00,0.752791
9246,1000,0.50,500,3,430,0.9709,46,11287.00,0.217980
9247,1000,0.50,500,3,430,0.9699,47,11328.00,0.363195
9248,1000,0.50,500,3,430,0.9227,48,12665.00,0.560553
9249,1000,0.50,500,3,430,0.9311,49,11463.00,1.090155
9250,1000,0.50,500,3,430,1.0321,50,11787.00,1.377190
9251,1000,0.50,500,3,430,1.0530,51,11496.00,0.788235
9252,1000,0.50,500,3,430,0.9683,52,11422.00,1.093449
9253,1000,0.50,500,3,430,0.9900,53,11295.00,0.639194
9254,1000,0.50,500,3,430,1.0013,54,11288.00,0.800674
9255,1000,0.50,500,3,430,0.9478,55,11466.00,0.922606
9256,1000,0.50,500,3,430,0.9928,56,11217.00,1.610588
9257,1000,0.50,500,3,430,1.0142,57,11518.00,2.266840
9258,1000,0.50,500,3,430,1.0044,58,11406.00,3.899190
9259,1000,0.50,500,3,430,0.9825,59,11103.00,0.654625
9260,1000,0.50,500,3,430,0.9579,60,11476.00,0.579634
9261,1000,0.50,500,3,430,0.9719,61,11515.00,1.768584
9262,1000,0.50,500,3,430,1.0765,62,11678.00,1.528204
9263,1000,0.50,500,3,430,0.9377,63,11410.00,2.130067
9264,1000,0.50,500,3,430,0.9718,64,11111.00,0.427182
9265,1000,0.50,500,3,430,0.9912,65,11364.00,0.344300
9266,1000,0.50,500,3,430,1.0113,66,11517.00,0.601559
9267,1000,0.50,500,3,430,0.9971,67,11338.00,1.045099
9268,1000,0.50,500,3,430,1.0106,68,11547.00,0.781775
9269,1000,0.50,500,3,430,0.9872,69,11616.00,0.239841
9270,1000,0.50,500,3,430,0.9742,70,11494.00,1.542680
9271,1000,0.50,500,3,430,1.0255,71,11535.00,0.469904
9272,1000,0.50,500,3,430,0.9931,72,11401.00,0.359519
9273,1000,0.50,500,3,430,1.0292,73,11396.00,0.565083
9274,1000,0.50,500,3,430,1.0047,74,11414.00,0.368387
9275,1000,0.50,500,3,430,0.9709,75,11150.00,1.456358
9276,1000,0.50,500,3,430,0.9800,76,11588.00,0.277732
9277,1000,0.50,500,3,430,1.0220,77,11492.00,1.946056
9278,1000,0.50,500,3,430,1.0363,78,11342.00,0.125181
9279,1000,0.50,500,3,430,0.9825,79,11490.00,1.465598
9280,1000,0.50,500,3,430,1.0114,80,11553.00,0.673719
9281,1000,0.50,500,3,430,0.9573,81,11410.00,0.668830
9282,1000,0.50,500,3,430,0.9600,82,11452.00,0.522527
9283,1000,0.50,500,3,430,0.9863,83,11273.00,1.123477
9284,1000,0.50,500,3,430,0.9576,84,11312.00,1.147225
9285,1000,0.50,500,3,430,0.9525,85,11392.00,0.716000
9286,1000,0.50,500,3,430,0.9864,86,11097.00,1.456421
9287,1000,0.50,500,3,430,1.0044,87,11443.00,1.804872
9288,1000,0.50,500,3,430,0.9760,88,11410.00,0.735238
9289,1000,0.50,500,3,430,0.9875,89,11581.00,1.743844
9290,1000,0.50,500,3,430,1.0370,90,11593.00,0.589094
9291,1000,0.50,500,3,430,0.9955,91,11263.00,3.216604
9292,1000,0.50,500,3,430,0.9783,92,11162.00,0.831796
9293,1000,0.50,500,3,430,1.0052,93,11636.00,3.850054
9294,1000,0.50,500,3,430,1.0110,94,11692.00,0.629880
9295,1000,0.50,500,3,430,0.9826,95,11114.00,0.252647
9296,1000,0.50,500,3,430,0.9762,96,11730.00,0.597390
9297,1000,0.50,500,3,430,0.9399,97,11831.00,0.286041
9298,1000,0.50,500,3,430,1.0575,98,11466.00,0.386910
9299,1000,0.50,500,3,430,0.9758,99,11910.00,1.677437
9300,1000,0.50,500,3,440,0.9988,0,11710.00,0.384016
9301,1000,0.50,500,3,440,0.9857,1,11779.00,0.141634
9302,1000,0.50,500,3,440,1.0444,2,12324.00,1.948665
9303,1000,0.50,500,3,440,1.0033,3,11359.00,2.143155
9304,1000,0.50,500,3,440,0.9783,4,12073.00,0.701870
9305,1000,0.50,500,3,440,0.9919,5,11894.00,0.393041
9306,1000,0.50,500,3,440,1.0324,6,5236.00,1.740818
9307,1000,0.50,500,3,440,1.0614,7,11906.00,1.116228
9308,1000,0.50,500,3,440,1.0005,8,11672.00,1.121517
9309,1000,0.50,500,3,440,1.0764,9,11717.00,1.110184
9310,1000,0.50,500,3,440,0.9374,10,11573.00,0.954756
9311,1000,0.50,500,3,440,1.0029,11,11911.00,1.346177
9312,1000,0.50,500,3,440,1.0528,12,11820.00,1.325239
9313,1000,0.50,500,3,440,1.0182,13,11604.00,1.650992
9314,1000,0.50,500,3,440,1.0345,14,12430.00,0.390888
9315,1000,0.50,500,3,440,0.9342,15,12147.00,0.118613
9316,1000,0.50,500,3,440,0.9518,16,12001.00,0.487583
9317,1000,0.50,500,3,440,0.9475,17,11795.00,0.285291
9318,1000,0.50,500,3,440,0.9923,18,12169.00,1.676542
9319,1000,0.50,500,3,440,0.9823,19,12380.00,1.893695
9320,1000,0.50,500,3,440,1.0378,20,11849.00,2.271330
9321,1000,0.50,500,3,440,0.9445,21,11536.00,1.823104
9322,1000,0.50,500,3,440,0.9559,22,11837.00,0.879688
9323,1000,0.50,500,3,440,0.9711,23,11548.00,2.434651
9324,1000,0.50,500,3,440,0.9769,24,11644.00,0.874880
9325,1000,0.50,500,3,440,0.9596,25,11483.00,1.299963
9326,1000,0.50,500,3,440,1.0434,26,11643.00,1.460831
9327,1000,0.50,500,3,440,0.9805,27,11772.00,1.101001
9328,1000,0.50,500,3,440,1.0402,28,11600.00,1.786376
9329,1000,0.50,500,3,440,0.9658,29,11686.00,0.987843
9330,1000,0.50,500,3,440,1.0015,30,11770.00,0.192277
9331,1000,0.50,500,3,440,1.0285,31,11703.00,0.711510
9332,1000,0.50,500,3,440,0.9912,32,11486.00,1.998607
9333,1000,0.50,500,3,440,0.9477,33,11339.00,1.228133
9334,1000,0.50,500,3,440,1.0627,34,11909.00,0.245230
9335,1000,0.50,500,3,440,0.9993,35,11579.00,1.649770
9336,1000,0.50,500,3,440,1.0748,36,11665.00,1.481591
9337,1000,0.50,500,3,440,0.9842,37,11603.00,0.111061
9338,1000,0.50,500,3,440,1.0328,38,11688.00,1.372261
9339,1000,0.50,500,3,440,0.9931,39,11700.00,0.140732
9340,1000,0.50,500,3,440,0.9515,40,11758.00,0.452468
9341,1000,0.50,500,3,440,0.9961,41,11767.00,2.154802
9342,1000,0.50,500,3,440,1.0288,42,11849.00,0.543127
9343,1000,0.50,500,3,440,0.9842,43,11582.00,0.126429
9344,1000,0.50,500,3,440,0.9749,44,11768.00,2.577389
9345,1000,0.50,500,3,440,0.9968,45,11422.00,0.787270
9346,1000,0.50,500,3,440,0.9749,46,11639.00,0.278483
9347,1000,0.50,500,3,440,1.0419,47,12156.00,1.308424
9348,1000,0.50,500,3,440,1.0195,48,11772.00,0.188829
9349,1000,0.50,500,3,440,0.9950,49,11746.00,1.897401
9350,1000,0.50,500,3,440,1.0239,50,11640.00,0.813036
9351,1000,0.50,500,3,440,0.9732,51,11662.00,0.165129
9352,1000,0.50,500,3,440,1.0424,52,11852.00,1.350862
9353,1000,0.50,500,3,440,1.0018,53,11668.00,1.168197
9354,1000,0.50,500,3,440,0.9450,54,11743.00,1.864353
9355,1000,0.50,500,3,440,1.0778,55,11587.00,0.382591
9356,1000,0.50,500,3,440,1.0134,56,11571.00,2.340654
9357,1000,0.50,500,3,440,1.0586,57,9834.00,0.502383
9358,1000,0.50,500,3,440,0.9348,58,11513.00,1.556543
9359,1000,0.50,500,3,440,0.9959,59,11711.00,2.734794
9360,1000,0.50,500,3,440,1.0492,60,11760.00,0.457430
9361,1000,0.50,500,3,440,1.0379,61,3724.00,3.154489
9362,1000,0.50,500,3,440,1.0141,62,11523.00,1.370284
9363,1000,0.50,500,3,440,1.0402,63,11699.00,0.599199
9364,1000,0.50,500,3,440,1.0470,64,11763.00,0.360558
9365,1000,0.50,500,3,440,1.0270,65,9313.00,0.973818
9366,1000,0.50,500,3,440,1.0045,66,11865.00,0.752789
9367,1000,0.50,500,3,440,1.0122,67,11590.00,1.517316
9368,1000,0.50,500,3,440,0.9936,68,11513.00,0.268428
9369,1000,0.50,500,3,440,1.0146,69,11822.00,1.112407
9370,1000,0.50,500,3,440,1.0390,70,11591.00,0.648622
9371,1000,0.50,500,3,440,1.0223,71,11788.00,1.851766
9372,1000,0.50,500,3,440,0.9653,72,11608.00,0.858362
9373,1000,0.50,500,3,440,0.9945,73,11776.00,1.991630
9374,1000,0.50,500,3,440,0.9910,74,11700.00,1.355398
9375,1000,0.50,500,3,440,0.9340,75,11546.00,2.721120
9376,1000,0.50,500,3,440,1.0045,76,11982.00,0.594655
9377,1000,0.50,500,3,440,0.9744,77,12324.00,0.573386
9378,1000,0.50,500,3,440,0.9579,78,12221.00,0.352502
9379,1000,0.50,500,3,440,1.0095,79,12596.00,0.742429
9380,1000,0.50,500,3,440,0.9664,80,12077.00,1.488055
9381,1000,0.50,500,3,440,1.0477,81,4288.00,1.000665
9382,1000,0.50,500,3,440,0.9682,82,11834.00,0.183203
9383,1000,0.50,500,3,440,1.0329,83,11824.00,0.076891
9384,1000,0.50,500,3,440,1.0062,84,11564.00,1.330977
9385,1000,0.50,500,3,440,1.0243,85,11912.00,1.202124
9386,1000,0.50,500,3,440,1.0445,86,11911.00,0.875869
9387,1000,0.50,500,3,440,0.9690,87,11856.00,2.566303
9388,1000,0.50,500,3,440,1.0084,88,11963.00,1.146477
9389,1000,0.50,500,3,440,1.0363,89,11913.00,0.279321
9390,1000,0.50,500,3,440,1.0267,90,12334.00,0.988649
9391,1000,0.50,500,3,440,0.9959,91,12044.00,0.486704
9392,1000,0.50,500,3,440,0.9530,92,12124.00,2.557591
9393,1000,0.50,500,3,440,0.9807,93,11483.00,0.361641
9394,1000,0.50,500,3,440,1.0572,94,4753.00,1.493116
9395,1000,0.50,500,3,440,0.9954,95,11597.00,0.349603
9396,1000,0.50,500,3,440,0.9880,96,11811.00,0.421936
9397,1000,0.50,500,3,440,0.9217,97,11679.00,0.100140
9398,1000,0.50,500,3,440,0.9996,98,11610.00,1.437055
9399,1000,0.50,500,3,440,1.0079,99,11426.00,0.451214
9400,1000,0.50,500,3,450,0.9956,0,12133.00,1.355953
9401,1000,0.50,500,3,450,1.0323,1,3531.00,1.872789
9402,1000,0.50,500,3,450,0.9422,2,12032.00,0.734814
9403,1000,0.50,500,3,450,1.0352,3,12191.00,2.425575
9404,1000,0.50,500,3,450,0.9841,4,12439.00,1.384265
9405,1000,0.50,500,3,450,0.9977,5,12506.00,0.760351
9406,1000,0.50,500,3,450,0.9780,6,11967.00,1.915225
9407,1000,0.50,500,3,450,0.9691,7,12038.00,0.758270
9408,1000,0.50,500,3,450,0.9450,8,12366.00,0.178763
9409,1000,0.50,500,3,450,1.0164,9,12002.00,0.669168
9410,1000,0.50,500,3,450,0.9801,10,12192.00,0.620365
9411,1000,0.50,500,3,450,1.0176,11,12669.00,1.017724
9412,1000,0.50,500,3,450,0.9893,12,6502.00,1.805013
9413,1000,0.50,500,3,450,1.0123,13,12548.00,0.423718
9414,1000,0.50,500,3,450,0.9953,14,12390.00,0.485045
9415,1000,0.50,500,3,450,0.9692,15,12379.00,1.192659
9416,1000,0.50,500,3,450,1.0775,16,12405.00,0.640495
9417,1000,0.50,500,3,450,1.0161,17,12020.00,1.578622
9418,1000,0.50,500,3,450,1.0242,18,12495.00,3.049787
9419,1000,0.50,500,3,450,0.9992,19,11927.00,1.077554
9420,1000,0.50,500,3,450,0.9574,20,12222.00,0.886559
9421,1000,0.50,500,3,450,0.9598,21,11858.00,0.610532
9422,1000,0.50,500,3,450,1.0814,22,4242.00,1.619080
9423,1000,0.50,500,3,450,0.9860,23,12403.00,1.722942
9424,1000,0.50,500,3,450,0.9710,24,12306.00,0.552647
9425,1000,0.50,500,3,450,0.9614,25,12096.00,0.596812
9426,1000,0.50,500,3,450,1.0468,26,8531.00,0.766575
9427,1000,0.50,500,3,450,1.0960,27,12299.00,0.701757
9428,1000,0.50,500,3,450,1.0246,28,12171.00,1.377493
9429,1000,0.50,500,3,450,0.9855,29,12216.00,1.816426
9430,1000,0.50,500,3,450,0.9571,30,12289.00,3.816372
9431,1000,0.50,500,3,450,1.0231,31,11940.00,0.228046
9432,1000,0.50,500,3,450,1.0152,32,12012.00,2.637717
9433,1000,0.50,500,3,450,1.0253,33,12249.00,0.775469
9434,1000,0.50,500,3,450,1.0553,34,12188.00,2.280252
9435,1000,0.50,500,3,450,1.0058,35,12049.00,0.475148
9436,1000,0.50,500,3,450,0.9343,36,11961.00,2.469859
9437,1000,0.50,500,3,450,0.9819,37,11929.00,0.651522
9438,1000,0.50,500,3,450,0.9956,38,11992.00,0.662496
9439,1000,0.50,500,3,450,0.9614,39,11934.00,0.262594
9440,1000,0.50,500,3,450,0.9654,40,11900.00,0.779636
9441,1000,0.50,500,3,450,1.0210,41,11966.00,2.383399
9442,1000,0.50,500,3,450,1.0565,42,11919.00,2.190740
9443,1000,0.50,500,3,450,1.0644,43,12102.00,1.492614
9444,1000,0.50,500,3,450,0.9494,44,11779.00,0.246857
9445,1000,0.50,500,3,450,0.9687,45,11908.00,1.557001
9446,1000,0.50,500,3,450,1.0252,46,11875.00,1.094268
9447,1000,0.50,500,3,450,0.9698,47,11918.00,1.319998
9448,1000,0.50,500,3,450,0.9936,48,12393.00,0.628102
9449,1000,0.50,500,3,450,0.9948,49,12558.00,2.542036
9450,1000,0.50,500,3,450,0.9832,50,11856.00,3.147614
9451,1000,0.50,500,3,450,0.9373,51,11949.00,1.543190
9452,1000,0.50,500,3,450,0.9781,52,12027.00,1.882405
9453,1000,0.50,500,3,450,0.9919,53,11855.00,0.221049
9454,1000,0.50,500,3,450,0.9832,54,12505.00,0.313930
9455,1000,0.50,500,3,450,1.0338,55,12007.00,0.712485
9456,1000,0.50,500,3,450,0.9758,56,3268.00,0.250194
9457,1000,0.50,500,3,450,0.9571,57,11852.00,0.245636
9458,1000,0.50,500,3,450,1.0731,58,11756.00,1.414311
9459,1000,0.50,500,3,450,0.9982,59,12475.00,0.748230
9460,1000,0.50,500,3,450,1.0023,60,11971.00,1.032253
9461,1000,0.50,500,3,450,0.9781,61,12038.00,2.647680
9462,1000,0.50,500,3,450,0.9997,62,11772.00,3.027456
9463,1000,0.50,500,3,450,0.9766,63,11589.00,1.758933
9464,1000,0.50,500,3,450,0.9647,64,11760.00,0.665716
9465,1000,0.50,500,3,450,1.0192,65,12184.00,0.152829
9466,1000,0.50,500,3,450,0.9753,66,11781.00,1.452158
9467,1000,0.50,500,3,450,0.9679,67,12207.00,0.537433
9468,1000,0.50,500,3,450,0.9955,68,12146.00,0.313826
9469,1000,0.50,500,3,450,1.0438,69,11173.00,0.816855
9470,1000,0.50,500,3,450,0.9611,70,12139.00,2.763353
9471,1000,0.50,500,3,450,1.0035,71,11623.00,0.777106
9472,1000,0.50,500,3,450,1.0151,72,12149.00,1.099189
9473,1000,0.50,500,3,450,1.0086,73,12133.00,2.260755
9474,1000,0.50,500,3,450,0.9680,74,12092.00,0.948747
9475,1000,0.50,500,3,450,0.9781,75,12125.00,1.433338
9476,1000,0.50,500,3,450,0.9900,76,12190.00,2.406895
9477,1000,0.50,500,3,450,1.0168,77,12019.00,1.521063
9478,1000,0.50,500,3,450,0.9599,78,12108.00,0.658976
9479,1000,0.50,500,3,450,0.9544,79,12619.00,1.796260
9480,1000,0.50,500,3,450,1.0040,80,12063.00,0.219334
9481,1000,0.50,500,3,450,0.9439,81,11947.00,1.328568
9482,1000,0.50,500,3,450,1.0276,82,12154.00,0.259412
9483,1000,0.50,500,3,450,1.0373,83,12032.00,0.656671
9484,1000,0.50,500,3,450,1.0640,84,8298.00,0.240637
9485,1000,0.50,500,3,450,0.9595,85,12015.00,1.639102
9486,1000,0.50,500,3,450,1.0101,86,11925.00,0.207023
9487,1000,0.50,500,3,450,0.9446,87,11978.00,0.276496
9488,1000,0.50,500,3,450,0.9859,88,12299.00,0.875501
9489,1000,0.50,500,3,450,1.0088,89,5936.00,0.657231
9490,1000,0.50,500,3,450,0.9930,90,9390.00,0.991869
9491,1000,0.50,500,3,450,1.0333,91,11874.00,0.370815
9492,1000,0.50,500,3,450,1.0219,92,12095.00,1.667790
9493,1000,0.50,500,3,450,1.0329,93,11910.00,2.068817
9494,1000,0.50,500,3,450,0.9740,94,11925.00,0.314813
9495,1000,0.50,500,3,450,0.9563,95,11814.00,1.024539
9496,1000,0.50,500,3,450,0.9882,96,11894.00,1.609940
9497,1000,0.50,500,3,450,1.0084,97,12005.00,0.661449
9498,1000,0.50,500,3,450,1.0179,98,12345.00,2.658022
9499,1000,0.50,500,3,450,1.0525,99,11999.00,0.582385
9500,1000,0.50,500,3,460,0.9886,0,12066.00,0.804520
9501,1000,0.50,500,3,460,0.9981,1,12144.00,0.830393
9502,1000,0.50,500,3,460,1.0215,2,12285.00,0.219541
9503,1000,0.50,500,3,460,0.9973,3,12306.00,1.538064
9504,1000,0.50,500,3,460,1.0087,4,12038.00,0.814584
9505,1000,0.50,500,3,460,1.0701,5,12330.00,3.807101
9506,1000,0.50,500,3,460,0.9778,6,12202.00,0.990424
9507,1000,0.50,500,3,460,0.9752,7,12260.00,0.663346
9508,1000,0.50,500,3,460,1.0182,8,3479.00,0.691759
9509,1000,0.50,500,3,460,1.0020,9,12146.00,0.289792
9510,1000,0.50,500,3,460,0.9364,10,12476.00,2.092506
9511,1000,0.50,500,3,460,0.9355,11,12204.00,0.457256
9512,1000,0.50,500,3,460,1.0454,12,12150.00,0.438795
9513,1000,0.50,500,3,460,0.9750,13,11863.00,0.063515
9514,1000,0.50,500,3,460,0.9773,14,12090.00,0.778467
9515,1000,0.50,500,3,460,1.0413,15,6415.00,1.575516
9516,1000,0.50,500,3,460,1.0089,16,12032.00,0.520279
9517,1000,0.50,500,3,460,1.0572,17,11771.00,0.514390
9518,1000,0.50,500,3,460,0.9632,18,12398.00,0.884489
9519,1000,0.50,500,3,460,0.9341,19,12497.00,0.443889
9520,1000,0.50,500,3,460,1.0280,20,12341.00,0.311748
9521,1000,0.50,500,3,460,0.9442,21,12038.00,0.503008
9522,1000,0.50,500,3,460,1.0175,22,12129.00,0.678802
9523,1000,0.50,500,3,460,1.0252,23,12518.00,0.768842
9524,1000,0.50,500,3,460,0.9809,24,12436.00,0.056704
9525,1000,0.50,500,3,460,0.9665,25,12519.00,2.622851
9526,1000,0.50,500,3,460,1.0298,26,12250.00,2.058140
9527,1000,0.50,500,3,460,1.0100,27,12521.00,1.562955
9528,1000,0.50,500,3,460,0.9992,28,11982.00,0.191936
9529,1000,0.50,500,3,460,0.9748,29,12688.00,0.604039
9530,1000,0.50,500,3,460,0.9846,30,12271.00,3.233904
9531,1000,0.50,500,3,460,1.0256,31,12330.00,1.334616
9532,1000,0.50,500,3,460,1.0851,32,12354.00,3.964648
9533,1000,0.50,500,3,460,1.0160,33,12491.00,0.910760
9534,1000,0.50,500,3,460,1.0318,34,11999.00,0.365900
9535,1000,0.50,500,3,460,0.9806,35,11981.00,0.600687
9536,1000,0.50,500,3,460,0.9270,36,12074.00,1.122132
9537,1000,0.50,500,3,460,1.0235,37,12224.00,1.573330
9538,1000,0.50,500,3,460,0.9795,38,11976.00,1.292406
9539,1000,0.50,500,3,460,0.9600,39,12111.00,1.139855
9540,1000,0.50,500,3,460,0.9738,40,12233.00,0.395626
9541,1000,0.50,500,3,460,1.0376,41,12428.00,1.548597
9542,1000,0.50,500,3,460,1.0625,42,12213.00,2.450361
9543,1000,0.50,500,3,460,1.0350,43,12204.00,0.489320
9544,1000,0.50,500,3,460,1.0228,44,11197.00,0.780781
9545,1000,0.50,500,3,460,1.0107,45,12367.00,0.520846
9546,1000,0.50,500,3,460,1.0392,46,12264.00,0.851586
9547,1000,0.50,500,3,460,1.0448,47,2279.00,0.553807
9548,1000,0.50,500,3,460,0.9993,48,12370.00,0.730208
9549,1000,0.50,500,3,460,0.9582,49,12068.00,1.700982
9550,1000,0.50,500,3,460,1.0541,50,5193.00,0.868273
9551,1000,0.50,500,3,460,0.9954,51,12303.00,0.300656
9552,1000,0.50,500,3,460,0.9793,52,12395.00,1.580875
9553,1000,0.50,500,3,460,0.9509,53,12277.00,1.988269
9554,1000,0.50,500,3,460,1.0331,54,8151.00,0.092621
9555,1000,0.50,500,3,460,0.9804,55,12789.00,2.588688
9556,1000,0.50,500,3,460,1.0086,56,12290.00,1.272510
9557,1000,0.50,500,3,460,1.0160,57,12998.00,1.090967
9558,1000,0.50,500,3,460,0.9867,58,13144.00,0.880891
9559,1000,0.50,500,3,460,0.9530,59,12132.00,0.460892
9560,1000,0.50,500,3,460,0.9646,60,12114.00,1.479300
9561,1000,0.50,500,3,460,0.9442,61,12046.00,0.216321
9562,1000,0.50,500,3,460,0.9985,62,12139.00,1.080042
9563,1000,0.50,500,3,460,0.9677,63,12131.00,0.734594
9564,1000,0.50,500,3,460,1.0146,64,12273.00,0.473501
9565,1000,0.50,500,3,460,1.0064,65,12061.00,1.887342
9566,1000,0.50,500,3,460,0.9912,66,12235.00,0.883210
9567,1000,0.50,500,3,460,1.0331,67,12246.00,1.634840
9568,1000,0.50,500,3,460,0.9451,68,12214.00,0.257745
9569,1000,0.50,500,3,460,0.9995,69,12058.00,0.163679
9570,1000,0.50,500,3,460,0.9933,70,12138.00,0.601195
9571,1000,0.50,500,3,460,0.9549,71,12319.00,2.010339
9572,1000,0.50,500,3,460,0.9545,72,12314.00,1.868333
9573,1000,0.50,500,3,460,0.9254,73,12121.00,0.590628
9574,1000,0.50,500,3,460,0.9692,74,12572.00,0.422919
9575,1000,0.50,500,3,460,1.0213,75,13007.00,0.783025
9576,1000,0.50,500,3,460,1.0460,76,12433.00,1.420065
9577,1000,0.50,500,3,460,0.9404,77,12487.00,1.087547
9578,1000,0.50,500,3,460,1.0313,78,12427.00,1.317021
9579,1000,0.50,500,3,460,0.9960,79,12360.00,1.813690
9580,1000,0.50,500,3,460,1.0116,80,12190.00,1.135730
9581,1000,0.50,500,3,460,1.0315,81,12405.00,0.127861
9582,1000,0.50,500,3,460,1.0471,82,12492.00,1.841949
9583,1000,0.50,500,3,460,1.0039,83,12866.00,0.760723
9584,1000,0.50,500,3,460,1.0072,84,12764.00,0.659764
9585,1000,0.50,500,3,460,0.9305,85,12036.00,1.207067
9586,1000,0.50,500,3,460,1.0664,86,12619.00,2.601435
9587,1000,0.50,500,3,460,0.9831,87,12552.00,1.407470
9588,1000,0.50,500,3,460,1.0185,88,292.00,2.043214
9589,1000,0.50,500,3,460,1.0235,89,12172.00,1.166128
9590,1000,0.50,500,3,460,0.9622,90,12095.00,3.019581
9591,1000,0.50,500,3,460,1.0158,91,12388.00,2.469986
9592,1000,0.50,500,3,460,0.9208,92,12269.00,2.120283
9593,1000,0.50,500,3,460,0.9984,93,12510.00,0.261155
9594,1000,0.50,500,3,460,0.9997,94,12255.00,0.319622
9595,1000,0.50,500,3,460,0.9209,95,12324.00,0.188538
9596,1000,0.50,500,3,460,0.9820,96,12826.00,1.043181
9597,1000,0.50,500,3,460,0.9761,97,12554.00,1.197615
9598,1000,0.50,500,3,460,0.9463,98,12850.00,0.542792
9599,1000,0.50,500,3,460,1.0109,99,12685.00,1.314745
9600,1000,0.50,500,3,470,1.0134,0,13169.00,2.044013
9601,1000,0.50,500,3,470,1.0087,1,13106.00,0.135582
9602,1000,0.50,500,3,470,1.0021,2,13035.00,2.979326
9603,1000,0.50,500,3,470,1.0100,3,13051.00,0.299488
9604,1000,0.50,500,3,470,1.0090,4,12877.00,3.192641
9605,1000,0.50,500,3,470,1.0343,5,12809.00,1.588803
9606,1000,0.50,500,3,470,1.0226,6,2581.00,1.464244
9607,1000,0.50,500,3,470,0.9738,7,12699.00,1.055453
9608,1000,0.50,500,3,470,0.9678,8,12432.00,0.264927
9609,1000,0.50,500,3,470,1.0011,9,12803.00,0.365602
9610,1000,0.50,500,3,470,0.9612,10,13219.00,1.460834
9611,1000,0.50,500,3,470,0.9861,11,12572.00,2.432707
9612,1000,0.50,500,3,470,1.0171,12,12615.00,1.968683
9613,1000,0.50,500,3,470,1.0549,13,12849.00,1.373479
9614,1000,0.50,500,3,470,0.9969,14,12641.00,1.495492
9615,1000,0.50,500,3,470,0.9487,15,12455.00,0.417397
9616,1000,0.50,500,3,470,0.9881,16,12410.00,1.985039
9617,1000,0.50,500,3,470,0.9752,17,12252.00,0.774910
9618,1000,0.50,500,3,470,0.9939,18,12604.00,0.464169
9619,1000,0.50,500,3,470,1.0033,19,12488.00,0.896465
9620,1000,0.50,500,3,470,0.9605,20,12516.00,1.218301
9621,1000,0.50,500,3,470,1.0181,21,12464.00,0.423139
9622,1000,0.50,500,3,470,0.9799,22,12279.00,0.573636
9623,1000,0.50,500,3,470,0.9904,23,12469.00,2.130186
9624,1000,0.50,500,3,470,1.0001,24,12465.00,0.259414
9625,1000,0.50,500,3,470,0.9417,25,12227.00,1.120580
9626,1000,0.50,500,3,470,0.9463,26,12504.00,0.412211
9627,1000,0.50,500,3,470,0.9914,27,12096.00,0.620589
9628,1000,0.50,500,3,470,0.9753,28,12374.00,0.391266
9629,1000,0.50,500,3,470,0.9833,29,12504.00,1.590848
9630,1000,0.50,500,3,470,1.0136,30,12691.00,1.936234
9631,1000,0.50,500,3,470,0.9897,31,12367.00,2.375544
9632,1000,0.50,500,3,470,1.0148,32,12740.00,1.309053
9633,1000,0.50,500,3,470,0.9977,33,12551.00,1.794199
9634,1000,0.50,500,3,470,0.9904,34,12340.00,1.947445
9635,1000,0.50,500,3,470,0.9653,35,12258.00,1.828934
9636,1000,0.50,500,3,470,0.9268,36,12449.00,0.216288
9637,1000,0.50,500,3,470,0.9777,37,12402.00,2.053120
9638,1000,0.50,500,3,470,0.9874,38,12173.00,2.939797
9639,1000,0.50,500,3,470,0.9761,39,12576.00,1.972929
9640,1000,0.50,500,3,470,0.9463,40,12969.00,0.866412
9641,1000,0.50,500,3,470,0.9437,41,12858.00,0.602692
9642,1000,0.50,500,3,470,0.9941,42,13171.00,0.146206
9643,1000,0.50,500,3,470,0.9444,43,12863.00,0.243837
9644,1000,0.50,500,3,470,1.0138,44,13116.00,1.853376
9645,1000,0.50,500,3,470,0.9971,45,12982.00,0.218725
9646,1000,0.50,500,3,470,1.0330,46,13164.00,0.956737
9647,1000,0.50,500,3,470,1.0441,47,13163.00,2.147220
9648,1000,0.50,500,3,470,0.9735,48,12967.00,1.646837
9649,1000,0.50,500,3,470,1.0255,49,12878.00,0.998339
9650,1000,0.50,500,3,470,0.9755,50,12193.00,2.538251
9651,1000,0.50,500,3,470,0.9583,51,12462.00,0.478478
9652,1000,0.50,500,3,470,1.0081,52,12333.00,3.592400
9653,1000,0.50,500,3,470,1.0111,53,12447.00,0.436228
9654,1000,0.50,500,3,470,1.0017,54,12570.00,1.121829
9655,1000,0.50,500,3,470,1.0065,55,12698.00,1.109394
9656,1000,0.50,500,3,470,1.0600,56,12618.00,0.701041
9657,1000,0.50,500,3,470,0.9776,57,12626.00,1.397475
9658,1000,0.50,500,3,470,1.0691,58,2074.00,1.798520
9659,1000,0.50,500,3,470,1.0179,59,12292.00,1.585992
9660,1000,0.50,500,3,470,1.0056,60,12368.00,0.596022
9661,1000,0.50,500,3,470,0.9484,61,13181.00,0.303747
9662,1000,0.50,500,3,470,1.0190,62,12895.00,2.332471
9663,1000,0.50,500,3,470,1.0282,63,12323.00,2.082141
9664,1000,0.50,500,3,470,1.0613,64,12554.00,1.926774
9665,1000,0.50,500,3,470,0.9455,65,12773.00,0.443196
9666,1000,0.50,500,3,470,1.0502,66,12468.00,1.827852
9667,1000,0.50,500,3,470,0.9966,67,13034.00,3.081750
9668,1000,0.50,500,3,470,0.9340,68,12591.00,0.280397
9669,1000,0.50,500,3,470,1.0241,69,12603.00,0.153353
9670,1000,0.50,500,3,470,1.0259,70,12698.00,1.931854
9671,1000,0.50,500,3,470,0.9526,71,12339.00,0.129724
9672,1000,0.50,500,3,470,0.9556,72,12388.00,1.420130
9673,1000,0.50,500,3,470,0.9408,73,12937.00,1.111598
9674,1000,0.50,500,3,470,1.0419,74,12557.00,0.776353
9675,1000,0.50,500,3,470,0.9178,75,12417.00,0.056037
9676,1000,0.50,500,3,470,0.9953,76,12890.00,0.678577
9677,1000,0.50,500,3,470,1.0413,77,12931.00,1.632662
9678,1000,0.50,500,3,470,0.9913,78,12211.00,0.202021
9679,1000,0.50,500,3,470,1.0413,79,12631.00,0.470040
9680,1000,0.50,500,3,470,0.9740,80,12449.00,2.945945
9681,1000,0.50,500,3,470,0.9865,81,12419.00,0.920143
9682,1000,0.50,500,3,470,1.0068,82,10069.00,0.778270
9683,1000,0.50,500,3,470,1.0088,83,12399.00,2.662707
9684,1000,0.50,500,3,470,1.0027,84,12520.00,1.081635
9685,1000,0.50,500,3,470,0.9916,85,12456.00,0.656906
9686,1000,0.50,500,3,470,0.9581,86,12372.00,0.225163
9687,1000,0.50,500,3,470,0.9881,87,13133.00,1.565021
9688,1000,0.50,500,3,470,1.0317,88,13151.00,0.366619
9689,1000,0.50,500,3,470,0.9481,89,12799.00,1.441633
9690,1000,0.50,500,3,470,0.9533,90,13175.00,0.851238
9691,1000,0.50,500,3,470,1.0007,91,13126.00,0.649658
9692,1000,0.50,500,3,470,0.9905,92,12877.00,0.348041
9693,1000,0.50,500,3,470,0.9821,93,6626.00,0.572576
9694,1000,0.50,500,3,470,1.0441,94,12971.00,1.133977
9695,1000,0.50,500,3,470,0.9650,95,12428.00,2.811773
9696,1000,0.50,500,3,470,0.9909,96,12938.00,0.929941
9697,1000,0.50,500,3,470,1.0287,97,9950.00,0.631317
9698,1000,0.50,500,3,470,0.9951,98,12333.00,0.423106
9699,1000,0.50,500,3,470,0.9410,99,12549.00,0.794300
9700,1000,0.50,500,3,480,0.9786,0,12628.00,0.406103
9701,1000,0.50,500,3,480,1.0050,1,12864.00,0.796264
9702,1000,0.50,500,3,480,0.9982,2,12674.00,1.973485
9703,1000,0.50,500,3,480,1.0495,3,12822.00,0.914733
9704,1000,0.50,500,3,480,1.0537,4,13200.00,0.574378
9705,1000,0.50,500,3,480,1.0411,5,13053.00,3.013717
9706,1000,0.50,500,3,480,0.9706,6,12947.00,0.764327
9707,1000,0.50,500,3,480,0.9847,7,12934.00,0.155311
9708,1000,0.50,500,3,480,1.0109,8,13216.00,3.058400
9709,1000,0.50,500,3,480,1.0003,9,12673.00,1.297007
9710,1000,0.50,500,3,480,1.0516,10,13167.00,0.632189
9711,1000,0.50,500,3,480,0.9791,11,13418.00,0.583382
9712,1000,0.50,500,3,480,1.0173,12,13402.00,1.259779
9713,1000,0.50,500,3,480,1.0548,13,12758.00,1.112879
9714,1000,0.50,500,3,480,0.9978,14,5558.00,0.239177
9715,1000,0.50,500,3,480,0.9874,15,12942.00,2.466260
9716,1000,0.50,500,3,480,0.9197,16,12721.00,2.210333
9717,1000,0.50,500,3,480,0.9925,17,12944.00,0.304264
9718,1000,0.50,500,3,480,1.0070,18,13382.00,0.916532
9719,1000,0.50,500,3,480,0.9691,19,12469.00,0.637243
9720,1000,0.50,500,3,480,0.9703,20,12501.00,0.550986
9721,1000,0.50,500,3,480,0.9416,21,12959.00,0.889404
9722,1000,0.50,500,3,480,0.9496,22,12771.00,0.975103
9723,1000,0.50,500,3,480,0.9875,23,12847.00,3.077447
9724,1000,0.50,500,3,480,0.9710,24,12665.00,0.598222
9725,1000,0.50,500,3,480,1.0124,25,13021.00,1.210232
9726,1000,0.50,500,3,480,1.0247,26,12790.00,1.265168
9727,1000,0.50,500,3,480,1.0391,27,12791.00,3.018188
9728,1000,0.50,500,3,480,0.9921,28,12864.00,0.638542
9729,1000,0.50,500,3,480,1.0161,29,12756.00,1.290871
9730,1000,0.50,500,3,480,0.9866,30,13033.00,0.657906
9731,1000,0.50,500,3,480,0.9659,31,12871.00,0.404960
9732,1000,0.50,500,3,480,0.9185,32,12631.00,1.326784
9733,1000,0.50,500,3,480,1.0321,33,12929.00,0.391120
9734,1000,0.50,500,3,480,1.0278,34,7242.00,1.344200
9735,1000,0.50,500,3,480,0.9404,35,13178.00,0.253385
9736,1000,0.50,500,3,480,1.0121,36,12994.00,1.457629
9737,1000,0.50,500,3,480,1.0224,37,13018.00,1.102386
9738,1000,0.50,500,3,480,1.0103,38,12606.00,1.263447
9739,1000,0.50,500,3,480,0.9713,39,12737.00,1.191073
9740,1000,0.50,500,3,480,1.0391,40,12997.00,0.476920
9741,1000,0.50,500,3,480,1.0000,41,12732.00,1.266184
9742,1000,0.50,500,3,480,0.9739,42,13018.00,2.563588
9743,1000,0.50,500,3,480,0.9850,43,12939.00,0.885752
9744,1000,0.50,500,3,480,1.0744,44,12766.00,2.106528
9745,1000,0.50,500,3,480,1.0157,45,12740.00,1.041850
9746,1000,0.50,500,3,480,1.0038,46,12694.00,2.017528
9747,1000,0.50,500,3,480,0.9644,47,12617.00,0.658582
9748,1000,0.50,500,3,480,1.0243,48,12746.00,2.618258
9749,1000,0.50,500,3,480,1.0004,49,12677.00,0.913058
9750,1000,0.50,500,3,480,1.0614,50,13308.00,0.867306
9751,1000,0.50,500,3,480,1.0048,51,13079.00,1.886787
9752,1000,0.50,500,3,480,0.9868,52,13316.00,1.723626
9753,1000,0.50,500,3,480,1.0019,53,12836.00,0.400368
9754,1000,0.50,500,3,480,0.9966,54,13443.00,1.305189
9755,1000,0.50,500,3,480,0.9278,55,12943.00,0.114648
9756,1000,0.50,500,3,480,1.0366,56,13120.00,2.020678
9757,1000,0.50,500,3,480,0.9833,57,12744.00,0.779576
9758,1000,0.50,500,3,480,0.9613,58,12903.00,0.749704
9759,1000,0.50,500,3,480,1.0015,59,12595.00,0.039337
9760,1000,0.50,500,3,480,1.0123,60,4598.00,2.261999
9761,1000,0.50,500,3,480,0.9668,61,12502.00,0.303104
9762,1000,0.50,500,3,480,0.9842,62,12767.00,1.792362
9763,1000,0.50,500,3,480,1.0324,63,4770.00,0.266333
9764,1000,0.50,500,3,480,1.0314,64,10869.00,1.769458
9765,1000,0.50,500,3,480,0.9943,65,10023.00,0.301558
9766,1000,0.50,500,3,480,0.9636,66,13413.00,0.257881
9767,1000,0.50,500,3,480,1.0197,67,13445.00,0.675831
9768,1000,0.50,500,3,480,0.9564,68,13352.00,2.181926
9769,1000,0.50,500,3,480,1.0064,69,13074.00,1.605814
9770,1000,0.50,500,3,480,0.9708,70,13284.00,2.895780
9771,1000,0.50,500,3,480,1.0444,71,13014.00,0.611409
9772,1000,0.50,500,3,480,0.9455,72,12855.00,2.505646
9773,1000,0.50,500,3,480,1.0567,73,12358.00,0.206933
9774,1000,0.50,500,3,480,0.9944,74,12917.00,0.770040
9775,1000,0.50,500,3,480,1.0074,75,13345.00,0.787763
9776,1000,0.50,500,3,480,0.9850,76,12879.00,1.905683
9777,1000,0.50,500,3,480,0.9576,77,12622.00,0.557875
9778,1000,0.50,500,3,480,1.0732,78,7049.00,1.307713
9779,1000,0.50,500,3,480,1.0174,79,12670.00,0.820837
9780,1000,0.50,500,3,480,1.0002,80,12480.00,2.071109
9781,1000,0.50,500,3,480,1.0766,81,12719.00,0.447907
9782,1000,0.50,500,3,480,0.9851,82,12991.00,2.368888
9783,1000,0.50,500,3,480,1.0216,83,12798.00,2.082268
9784,1000,0.50,500,3,480,0.9318,84,12497.00,1.085229
9785,1000,0.50,500,3,480,0.9570,85,12707.00,0.260585
9786,1000,0.50,500,3,480,0.9707,86,12587.00,1.170997
9787,1000,0.50,500,3,480,0.9953,87,12449.00,0.235238
9788,1000,0.50,500,3,480,0.9913,88,12417.00,1.152938
9789,1000,0.50,500,3,480,1.0018,89,12630.00,1.646191
9790,1000,0.50,500,3,480,0.9899,90,12713.00,1.208157
9791,1000,0.50,500,3,480,0.9675,91,12769.00,0.367296
9792,1000,0.50,500,3,480,0.9961,92,12781.00,1.240707
9793,1000,0.50,500,3,480,1.0326,93,13116.00,1.878992
9794,1000,0.50,500,3,480,0.9746,94,12860.00,0.457429
9795,1000,0.50,500,3,480,0.9975,95,12744.00,0.148896
9796,1000,0.50,500,3,480,0.9829,96,12957.00,0.953897
9797,1000,0.50,500,3,480,0.9655,97,12865.00,3.547223
9798,1000,0.50,500,3,480,0.9745,98,12906.00,1.054754
9799,1000,0.50,500,3,480,0.9734,99,13464.00,0.649654
9800,1000,0.50,500,3,490,1.0418,0,13308.00,2.311902
9801,1000,0.50,500,3,490,0.9548,1,13662.00,1.421471
9802,1000,0.50,500,3,490,1.0129,2,13662.00,2.338824
9803,1000,0.50,500,3,490,1.0394,3,13617.00,1.685780
9804,1000,0.50,500,3,490,0.9177,4,13436.00,0.544398
9805,1000,0.50,500,3,490,0.9767,5,12977.00,2.457103
9806,1000,0.50,500,3,490,1.0204,6,12891.00,1.811000
9807,1000,0.50,500,3,490,0.9820,7,13490.00,1.321681
9808,1000,0.50,500,3,490,0.9143,8,13287.00,0.187847
9809,1000,0.50,500,3,490,1.0160,9,12917.00,0.267425
9810,1000,0.50,500,3,490,0.9387,10,12946.00,6.935209
9811,1000,0.50,500,3,490,0.9896,11,12905.00,0.424887
9812,1000,0.50,500,3,490,0.9694,12,13045.00,0.207263
9813,1000,0.50,500,3,490,1.0056,13,12833.00,0.931388
9814,1000,0.50,500,3,490,0.9836,14,12813.00,1.180766
9815,1000,0.50,500,3,490,1.0533,15,12908.00,0.559299
9816,1000,0.50,500,3,490,1.0251,16,13149.00,1.240992
9817,1000,0.50,500,3,490,0.9126,17,13009.00,0.215849
9818,1000,0.50,500,3,490,0.9954,18,12943.00,2.208235
9819,1000,0.50,500,3,490,1.0281,19,13301.00,0.321587
9820,1000,0.50,500,3,490,0.9504,20,13205.00,0.998485
9821,1000,0.50,500,3,490,0.9915,21,13520.00,0.366064
9822,1000,0.50,500,3,490,0.9799,22,13532.00,0.542015
9823,1000,0.50,500,3,490,0.9956,23,13721.00,0.850094
9824,1000,0.50,500,3,490,0.9822,24,13307.00,0.299826
9825,1000,0.50,500,3,490,0.9508,25,13198.00,0.108014
9826,1000,0.50,500,3,490,1.0286,26,13279.00,1.791064
9827,1000,0.50,500,3,490,0.9831,27,13510.00,0.584358
9828,1000,0.50,500,3,490,1.0004,28,12908.00,2.195799
9829,1000,0.50,500,3,490,1.0552,29,4084.00,0.835233
9830,1000,0.50,500,3,490,0.9489,30,13000.00,1.948409
9831,1000,0.50,500,3,490,1.0596,31,13197.00,0.476552
9832,1000,0.50,500,3,490,0.9951,32,12953.00,1.899455
9833,1000,0.50,500,3,490,0.9475,33,13168.00,0.174191
9834,1000,0.50,500,3,490,0.9715,34,13153.00,0.278838
9835,1000,0.50,500,3,490,0.9608,35,13373.00,0.221613
9836,1000,0.50,500,3,490,0.9434,36,13340.00,0.918028
9837,1000,0.50,500,3,490,0.9923,37,13120.00,3.107025
9838,1000,0.50,500,3,490,1.0221,38,13098.00,0.702732
9839,1000,0.50,500,3,490,1.0194,39,2185.00,0.848643
9840,1000,0.50,500,3,490,1.0290,40,12766.00,0.808582
9841,1000,0.50,500,3,490,1.0137,41,13556.00,2.659176
9842,1000,0.50,500,3,490,0.9912,42,13357.00,1.153723
9843,1000,0.50,500,3,490,1.0045,43,13503.00,2.718703
9844,1000,0.50,500,3,490,0.9413,44,12754.00,3.229013
9845,1000,0.50,500,3,490,0.9641,45,12437.00,0.428341
9846,1000,0.50,500,3,490,1.0155,46,13080.00,1.692632
9847,1000,0.50,500,3,490,1.0222,47,12952.00,1.167039
9848,1000,0.50,500,3,490,1.0420,48,13042.00,0.671608
9849,1000,0.50,500,3,490,0.9916,49,13371.00,1.057178
9850,1000,0.50,500,3,490,0.9903,50,12736.00,0.977044
9851,1000,0.50,500,3,490,1.0312,51,13483.00,2.749419
9852,1000,0.50,500,3,490,0.9958,52,13684.00,1.028812
9853,1000,0.50,500,3,490,1.0764,53,13162.00,0.615020
9854,1000,0.50,500,3,490,0.9659,54,12954.00,0.932161
9855,1000,0.50,500,3,490,1.0268,55,13018.00,0.804395
9856,1000,0.50,500,3,490,1.0534,56,12941.00,0.312971
9857,1000,0.50,500,3,490,0.9965,57,13249.00,0.928485
9858,1000,0.50,500,3,490,0.9708,58,13811.00,0.247275
9859,1000,0.50,500,3,490,0.9594,59,13372.00,0.936291
9860,1000,0.50,500,3,490,1.0577,60,13663.00,1.712497
9861,1000,0.50,500,3,490,1.0409,61,10498.00,0.456114
9862,1000,0.50,500,3,490,0.9690,62,12936.00,1.086057
9863,1000,0.50,500,3,490,0.9990,63,13008.00,1.726970
9864,1000,0.50,500,3,490,0.9260,64,13639.00,1.548490
9865,1000,0.50,500,3,490,1.0017,65,13132.00,0.125867
9866,1000,0.50,500,3,490,1.0265,66,12931.00,1.556052
9867,1000,0.50,500,3,490,0.9837,67,13430.00,0.229184
9868,1000,0.50,500,3,490,1.0127,68,13307.00,0.068521
9869,1000,0.50,500,3,490,0.9729,69,13218.00,0.121831
9870,1000,0.50,500,3,490,1.0580,70,13617.00,0.313722
9871,1000,0.50,500,3,490,0.9428,71,13115.00,0.627419
9872,1000,0.50,500,3,490,1.0000,72,13524.00,2.455474
9873,1000,0.50,500,3,490,1.0133,73,13102.00,2.952257
9874,1000,0.50,500,3,490,1.0243,74,11739.00,0.526155
9875,1000,0.50,500,3,490,1.0204,75,13200.00,0.693591
9876,1000,0.50,500,3,490,1.0154,76,13062.00,3.734922
9877,1000,0.50,500,3,490,1.0134,77,12981.00,2.055684
9878,1000,0.50,500,3,490,1.0080,78,4062.00,0.364872
9879,1000,0.50,500,3,490,0.9175,79,13025.00,1.270753
9880,1000,0.50,500,3,490,1.0037,80,13054.00,1.142809
9881,1000,0.50,500,3,490,0.9676,81,12885.00,2.401935
9882,1000,0.50,500,3,490,0.9736,82,13121.00,1.168373
9883,1000,0.50,500,3,490,1.0210,83,13216.00,3.052803
9884,1000,0.50,500,3,490,0.9974,84,12998.00,0.399552
9885,1000,0.50,500,3,490,1.0195,85,12986.00,0.429596
9886,1000,0.50,500,3,490,0.9986,86,12964.00,1.065348
9887,1000,0.50,500,3,490,0.9554,87,12783.00,1.761040
9888,1000,0.50,500,3,490,1.0159,88,12903.00,1.597147
9889,1000,0.50,500,3,490,0.9740,89,13109.00,2.024705
9890,1000,0.50,500,3,490,1.0075,90,13027.00,1.897170
9891,1000,0.50,500,3,490,1.0364,91,13263.00,2.293639
9892,1000,0.50,500,3,490,0.9670,92,12974.00,1.463854
9893,1000,0.50,500,3,490,0.9973,93,12746.00,4.114099
9894,1000,0.50,500,3,490,1.0328,94,13056.00,1.047032
9895,1000,0.50,500,3,490,1.0545,95,5805.00,1.441449
9896,1000,0.50,500,3,490,0.9578,96,13192.00,0.528218
9897,1000,0.50,500,3,490,1.0275,97,13393.00,0.508175
9898,1000,0.50,500,3,490,0.9839,98,13117.00,2.062643
9899,1000,0.50,500,3,490,1.0622,99,1719.00,1.044685
9900,1000,0.50,500,3,500,1.0277,0,13929.00,0.850326
9901,1000,0.50,500,3,500,1.0088,1,13311.00,1.939959
9902,1000,0.50,500,3,500,1.0287,2,13175.00,0.885648
9903,1000,0.50,500,3,500,0.9737,3,13412.00,0.762582
9904,1000,0.50,500,3,500,0.9971,4,13552.00,0.270156
9905,1000,0.50,500,3,500,0.9787,5,13796.00,1.979967
9906,1000,0.50,500,3,500,1.0196,6,13515.00,1.645173
9907,1000,0.50,500,3,500,0.9960,7,13264.00,1.508954
9908,1000,0.50,500,3,500,0.9795,8,13220.00,0.732336
9909,1000,0.50,500,3,500,1.0395,9,13248.00,0.494962
9910,1000,0.50,500,3,500,1.0478,10,13589.00,0.308322
9911,1000,0.50,500,3,500,0.9973,11,13084.00,0.293122
9912,1000,0.50,500,3,500,1.0085,12,13178.00,0.989722
9913,1000,0.50,500,3,500,0.9232,13,12946.00,1.306656
9914,1000,0.50,500,3,500,1.0008,14,13177.00,0.860203
9915,1000,0.50,500,3,500,1.0041,15,13183.00,0.804236
9916,1000,0.50,500,3,500,0.9991,16,13405.00,0.160163
9917,1000,0.50,500,3,500,0.9818,17,13462.00,1.621148
9918,1000,0.50,500,3,500,1.0367,18,1606.00,1.653930
9919,1000,0.50,500,3,500,1.0353,19,14029.00,2.448373
9920,1000,0.50,500,3,500,0.9827,20,1247.00,0.881951
9921,1000,0.50,500,3,500,1.0124,21,13906.00,1.249558
9922,1000,0.50,500,3,500,1.0109,22,13774.00,0.736949
9923,1000,0.50,500,3,500,1.0502,23,7076.00,2.142984
9924,1000,0.50,500,3,500,0.9556,24,14033.00,1.790333
9925,1000,0.50,500,3,500,0.9562,25,13895.00,0.304468
9926,1000,0.50,500,3,500,0.9370,26,13681.00,0.491096
9927,1000,0.50,500,3,500,0.9642,27,13270.00,1.367711
9928,1000,0.50,500,3,500,1.0004,28,13130.00,1.117540
9929,1000,0.50,500,3,500,1.0170,29,13248.00,0.442795
9930,1000,0.50,500,3,500,0.9747,30,13330.00,2.001614
9931,1000,0.50,500,3,500,0.9966,31,12965.00,2.116653
9932,1000,0.50,500,3,500,0.9751,32,13645.00,3.019289
9933,1000,0.50,500,3,500,0.9997,33,13386.00,1.041857
9934,1000,0.50,500,3,500,0.9883,34,12977.00,0.178682
9935,1000,0.50,500,3,500,0.9862,35,13156.00,0.125504
9936,1000,0.50,500,3,500,1.0075,36,6851.00,2.194670
9937,1000,0.50,500,3,500,1.0036,37,13230.00,1.471874
9938,1000,0.50,500,3,500,1.0103,38,13359.00,0.780957
9939,1000,0.50,500,3,500,0.9807,39,13082.00,0.806179
9940,1000,0.50,500,3,500,0.9476,40,13166.00,2.024762
9941,1000,0.50,500,3,500,1.0751,41,13342.00,2.682060
9942,1000,0.50,500,3,500,0.9942,42,13271.00,1.071539
9943,1000,0.50,500,3,500,0.9572,43,13057.00,0.162032
9944,1000,0.50,500,3,500,1.0724,44,13356.00,1.097091
9945,1000,0.50,500,3,500,1.0165,45,13343.00,0.275871
9946,1000,0.50,500,3,500,1.0395,46,13344.00,1.547861
9947,1000,0.50,500,3,500,0.9828,47,2910.00,0.847904
9948,1000,0.50,500,3,500,0.9797,48,13206.00,0.807272
9949,1000,0.50,500,3,500,1.0576,49,13263.00,0.672087
9950,1000,0.50,500,3,500,0.9701,50,13377.00,0.918852
9951,1000,0.50,500,3,500,0.9798,51,13469.00,1.034842
9952,1000,0.50,500,3,500,1.0101,52,13363.00,0.593850
9953,1000,0.50,500,3,500,1.0152,53,4365.00,0.400364
9954,1000,0.50,500,3,500,0.9530,54,13097.00,0.845442
9955,1000,0.50,500,3,500,0.9477,55,13046.00,0.129431
9956,1000,0.50,500,3,500,1.0189,56,13146.00,1.248178
9957,1000,0.50,500,3,500,1.0561,57,10020.00,1.820014
9958,1000,0.50,500,3,500,1.0201,58,13515.00,0.140149
9959,1000,0.50,500,3,500,1.0216,59,13511.00,1.413120
9960,1000,0.50,500,3,500,1.0551,60,13589.00,1.147659
9961,1000,0.50,500,3,500,0.9861,61,13961.00,1.146312
9962,1000,0.50,500,3,500,0.9596,62,13996.00,1.489521
9963,1000,0.50,500,3,500,1.0116,63,13777.00,0.630911
9964,1000,0.50,500,3,500,1.0295,64,14250.00,0.837121
9965,1000,0.50,500,3,500,0.9833,65,13241.00,1.613364
9966,1000,0.50,500,3,500,1.0264,66,13381.00,2.229548
9967,1000,0.50,500,3,500,0.9610,67,13274.00,2.366058
9968,1000,0.50,500,3,500,1.0355,68,13947.00,1.782410
9969,1000,0.50,500,3,500,1.0139,69,13263.00,3.707883
9970,1000,0.50,500,3,500,1.0082,70,13205.00,1.457803
9971,1000,0.50,500,3,500,0.9626,71,13491.00,1.704599
9972,1000,0.50,500,3,500,0.9613,72,13206.00,0.580272
9973,1000,0.50,500,3,500,0.9635,73,13418.00,1.345511
9974,1000,0.50,500,3,500,0.9960,74,13451.00,0.938679
9975,1000,0.50,500,3,500,0.9812,75,13300.00,0.286952
9976,1000,0.50,500,3,500,1.0131,76,13436.00,0.316152
9977,1000,0.50,500,3,500,1.0199,77,13570.00,1.053294
9978,1000,0.50,500,3,500,0.9342,78,13701.00,0.206481
9979,1000,0.50,500,3,500,0.9996,79,13236.00,0.327992
9980,1000,0.50,500,3,500,0.9669,80,13212.00,0.503021
9981,1000,0.50,500,3,500,1.0045,81,13468.00,1.259223
9982,1000,0.50,500,3,500,1.0186,82,13515.00,1.671754
9983,1000,0.50,500,3,500,0.9377,83,13114.00,0.771481
9984,1000,0.50,500,3,500,0.9853,84,13181.00,0.856045
9985,1000,0.50,500,3,500,1.0013,85,13069.00,0.263563
9986,1000,0.50,500,3,500,1.0150,86,11303.00,0.651150
9987,1000,0.50,500,3,500,0.9492,87,13704.00,0.560183
9988,1000,0.50,500,3,500,1.0641,88,13387.00,0.509799
9989,1000,0.50,500,3,500,1.0306,89,10804.00,2.157080
9990,1000,0.50,500,3,500,0.9759,90,13818.00,1.920933
9991,1000,0.50,500,3,500,1.0367,91,6172.00,3.185119
9992,1000,0.50,500,3,500,1.0222,92,13747.00,0.964373
9993,1000,0.50,500,3,500,0.9835,93,13429.00,1.272309
9994,1000,0.50,500,3,500,1.0237,94,13453.00,1.079909
9995,1000,0.50,500,3,500,0.9948,95,13367.00,1.482177
9996,1000,0.50,500,3,500,1.0088,96,13532.00,0.243576
9997,1000,0.50,500,3,500,1.0200,97,13526.00,2.253596
9998,1000,0.50,500,3,500,0.9263,98,13474.00,0.056186
9999,1000,0.50,500,3,500,1.0041,99,13440.00,1.024952
