index,n,epsilon,d,m,k,t,pr,bias_type,repeat,time_mu_s,model_error
0,1000,0.10,900,2,17,1.0019,0.00,constant,0,366.00,0.083927
1,1000,0.10,900,2,17,0.9915,0.00,constant,1,372.00,0.034005
2,1000,0.10,900,2,17,1.0260,0.00,constant,2,358.00,0.248262
3,1000,0.10,900,2,17,0.9907,0.00,constant,3,371.00,0.128352
4,1000,0.10,900,2,17,0.9971,0.00,constant,4,360.00,0.429572
5,1000,0.10,900,2,17,0.9653,0.00,constant,5,350.00,0.061562
6,1000,0.10,900,2,17,1.0032,0.00,constant,6,371.00,0.022694
7,1000,0.10,900,2,17,0.9635,0.00,constant,7,378.00,0.011465
8,1000,0.10,900,2,17,1.0432,0.00,constant,8,381.00,0.093166
9,1000,0.10,900,2,17,0.9956,0.00,constant,9,359.00,0.009231
10,1000,0.10,900,2,17,0.9833,0.00,constant,10,374.00,0.235793
11,1000,0.10,900,2,17,0.9908,0.00,constant,11,390.00,0.085325
12,1000,0.10,900,2,17,1.0716,0.00,constant,12,385.00,0.206467
13,1000,0.10,900,2,17,0.9942,0.00,constant,13,353.00,0.190536
14,1000,0.10,900,2,17,1.0406,0.00,constant,14,368.00,0.031481
15,1000,0.10,900,2,17,0.9978,0.00,constant,15,357.00,0.089215
16,1000,0.10,900,2,17,0.9691,0.00,constant,16,379.00,0.029282
17,1000,0.10,900,2,17,1.0052,0.00,constant,17,352.00,0.048843
18,1000,0.10,900,2,17,1.0760,0.00,constant,18,348.00,0.095496
19,1000,0.10,900,2,17,0.9814,0.00,constant,19,345.00,0.114803
20,1000,0.10,900,2,17,1.0545,0.00,constant,20,371.00,0.202699
21,1000,0.10,900,2,17,1.0022,0.00,constant,21,338.00,0.079802
22,1000,0.10,900,2,17,0.9569,0.00,constant,22,361.00,0.016455
23,1000,0.10,900,2,17,1.0217,0.00,constant,23,370.00,0.159769
24,1000,0.10,900,2,17,1.0144,0.00,constant,24,334.00,0.083773
25,1000,0.10,900,2,17,0.9800,0.00,constant,25,352.00,0.153251
26,1000,0.10,900,2,17,0.9936,0.00,constant,26,360.00,0.307033
27,1000,0.10,900,2,17,1.0067,0.00,constant,27,339.00,0.099298
28,1000,0.10,900,2,17,1.0506,0.00,constant,28,343.00,0.045414
29,1000,0.10,900,2,17,0.9916,0.00,constant,29,390.00,0.082083
30,1000,0.10,900,2,17,1.0092,0.00,constant,30,374.00,0.290481
31,1000,0.10,900,2,17,0.9924,0.00,constant,31,376.00,0.086488
32,1000,0.10,900,2,17,0.9536,0.00,constant,32,328.00,0.187098
33,1000,0.10,900,2,17,1.0216,0.00,constant,33,382.00,0.161371
34,1000,0.10,900,2,17,0.9857,0.00,constant,34,385.00,0.207235
35,1000,0.10,900,2,17,0.9886,0.00,constant,35,369.00,0.102737
36,1000,0.10,900,2,17,0.9931,0.00,constant,36,344.00,0.063627
37,1000,0.10,900,2,17,0.9587,0.00,constant,37,349.00,0.036730
38,1000,0.10,900,2,17,0.9932,0.00,constant,38,372.00,0.086381
39,1000,0.10,900,2,17,0.9709,0.00,constant,39,358.00,0.011680
40,1000,0.10,900,2,17,0.9946,0.00,constant,40,355.00,0.051066
41,1000,0.10,900,2,17,0.9932,0.00,constant,41,328.00,0.111912
42,1000,0.10,900,2,17,1.0067,0.00,constant,42,335.00,0.058856
43,1000,0.10,900,2,17,0.9680,0.00,constant,43,360.00,0.047313
44,1000,0.10,900,2,17,0.9949,0.00,constant,44,344.00,0.102041
45,1000,0.10,900,2,17,0.9580,0.00,constant,45,338.00,0.047693
46,1000,0.10,900,2,17,0.9981,0.00,constant,46,342.00,0.095233
47,1000,0.10,900,2,17,0.9821,0.00,constant,47,380.00,0.037710
48,1000,0.10,900,2,17,0.9972,0.00,constant,48,356.00,0.130920
49,1000,0.10,900,2,17,0.9945,0.00,constant,49,380.00,0.018454
50,1000,0.10,900,2,17,1.0075,0.00,constant,50,341.00,0.098771
51,1000,0.10,900,2,17,0.9849,0.00,constant,51,336.00,0.029294
52,1000,0.10,900,2,17,0.9990,0.00,constant,52,355.00,0.111051
53,1000,0.10,900,2,17,0.9715,0.00,constant,53,346.00,0.163816
54,1000,0.10,900,2,17,0.9854,0.00,constant,54,370.00,0.016492
55,1000,0.10,900,2,17,1.0075,0.00,constant,55,370.00,0.197302
56,1000,0.10,900,2,17,0.9567,0.00,constant,56,342.00,0.031385
57,1000,0.10,900,2,17,1.0082,0.00,constant,57,372.00,0.131493
58,1000,0.10,900,2,17,0.9900,0.00,constant,58,366.00,0.051935
59,1000,0.10,900,2,17,0.9614,0.00,constant,59,364.00,0.475008
60,1000,0.10,900,2,17,1.0378,0.00,constant,60,375.00,0.167395
61,1000,0.10,900,2,17,0.9716,0.00,constant,61,341.00,0.080041
62,1000,0.10,900,2,17,0.9925,0.00,constant,62,370.00,0.354658
63,1000,0.10,900,2,17,1.0112,0.00,constant,63,346.00,0.198503
64,1000,0.10,900,2,17,0.9998,0.00,constant,64,377.00,0.282158
65,1000,0.10,900,2,17,1.0002,0.00,constant,65,354.00,0.010274
66,1000,0.10,900,2,17,1.0035,0.00,constant,66,369.00,0.084169
67,1000,0.10,900,2,17,0.9560,0.00,constant,67,357.00,0.048487
68,1000,0.10,900,2,17,1.0423,0.00,constant,68,368.00,0.165199
69,1000,0.10,900,2,17,1.0149,0.00,constant,69,336.00,0.090736
70,1000,0.10,900,2,17,1.0285,0.00,constant,70,408.00,0.172920
71,1000,0.10,900,2,17,0.9772,0.00,constant,71,355.00,0.059345
72,1000,0.10,900,2,17,0.9907,0.00,constant,72,363.00,0.188869
73,1000,0.10,900,2,17,1.0107,0.00,constant,73,377.00,0.281962
74,1000,0.10,900,2,17,0.9834,0.00,constant,74,382.00,0.059289
75,1000,0.10,900,2,17,1.0178,0.00,constant,75,370.00,0.018575
76,1000,0.10,900,2,17,0.9836,0.00,constant,76,371.00,0.084247
77,1000,0.10,900,2,17,1.0332,0.00,constant,77,373.00,0.012494
78,1000,0.10,900,2,17,1.0069,0.00,constant,78,355.00,0.169467
79,1000,0.10,900,2,17,0.9652,0.00,constant,79,360.00,0.158591
80,1000,0.10,900,2,17,1.0103,0.00,constant,80,364.00,0.161830
81,1000,0.10,900,2,17,1.0024,0.00,constant,81,377.00,0.149592
82,1000,0.10,900,2,17,0.9944,0.00,constant,82,351.00,0.073378
83,1000,0.10,900,2,17,1.0110,0.00,constant,83,359.00,0.174661
84,1000,0.10,900,2,17,0.9680,0.00,constant,84,355.00,0.008528
85,1000,0.10,900,2,17,0.9575,0.00,constant,85,355.00,0.257842
86,1000,0.10,900,2,17,0.9954,0.00,constant,86,371.00,0.216205
87,1000,0.10,900,2,17,0.9641,0.00,constant,87,359.00,0.063071
88,1000,0.10,900,2,17,0.9910,0.00,constant,88,355.00,0.092119
89,1000,0.10,900,2,17,1.0382,0.00,constant,89,354.00,0.062698
90,1000,0.10,900,2,17,0.9922,0.00,constant,90,359.00,0.243787
91,1000,0.10,900,2,17,0.9533,0.00,constant,91,361.00,0.072033
92,1000,0.10,900,2,17,0.9960,0.00,constant,92,333.00,0.058960
93,1000,0.10,900,2,17,0.9768,0.00,constant,93,367.00,0.181219
94,1000,0.10,900,2,17,0.9784,0.00,constant,94,349.00,0.093312
95,1000,0.10,900,2,17,0.9684,0.00,constant,95,340.00,0.136065
96,1000,0.10,900,2,17,1.0078,0.00,constant,96,355.00,0.041499
97,1000,0.10,900,2,17,0.9834,0.00,constant,97,344.00,0.071159
98,1000,0.10,900,2,17,0.9914,0.00,constant,98,382.00,0.048572
99,1000,0.10,900,2,17,0.9844,0.00,constant,99,356.00,0.279473
100,1000,0.10,900,2,17,1.1800,0.05,constant,0,364.00,0.100592
101,1000,0.10,900,2,17,1.1251,0.05,constant,1,365.00,0.044912
102,1000,0.10,900,2,17,1.1482,0.05,constant,2,338.00,0.201887
103,1000,0.10,900,2,17,1.0565,0.05,constant,3,353.00,0.029073
104,1000,0.10,900,2,17,1.0483,0.05,constant,4,379.00,0.081274
105,1000,0.10,900,2,17,1.1390,0.05,constant,5,384.00,0.090313
106,1000,0.10,900,2,17,1.1427,0.05,constant,6,339.00,0.240562
107,1000,0.10,900,2,17,1.0880,0.05,constant,7,335.00,0.099851
108,1000,0.10,900,2,17,1.0503,0.05,constant,8,351.00,0.145863
109,1000,0.10,900,2,17,1.1080,0.05,constant,9,357.00,0.204701
110,1000,0.10,900,2,17,1.0732,0.05,constant,10,407.00,0.190937
111,1000,0.10,900,2,17,1.1581,0.05,constant,11,380.00,0.070997
112,1000,0.10,900,2,17,1.1636,0.05,constant,12,339.00,0.229008
113,1000,0.10,900,2,17,1.1026,0.05,constant,13,333.00,0.261690
114,1000,0.10,900,2,17,1.1385,0.05,constant,14,363.00,0.127677
115,1000,0.10,900,2,17,1.0815,0.05,constant,15,363.00,0.068899
116,1000,0.10,900,2,17,1.1039,0.05,constant,16,358.00,0.222701
117,1000,0.10,900,2,17,1.1315,0.05,constant,17,350.00,0.067423
118,1000,0.10,900,2,17,1.1500,0.05,constant,18,355.00,0.076995
119,1000,0.10,900,2,17,1.0533,0.05,constant,19,354.00,0.191104
120,1000,0.10,900,2,17,1.0565,0.05,constant,20,340.00,0.246974
121,1000,0.10,900,2,17,1.0885,0.05,constant,21,352.00,0.033563
122,1000,0.10,900,2,17,1.1245,0.05,constant,22,357.00,0.113166
123,1000,0.10,900,2,17,1.1514,0.05,constant,23,370.00,0.250602
124,1000,0.10,900,2,17,1.1468,0.05,constant,24,380.00,0.053542
125,1000,0.10,900,2,17,1.0855,0.05,constant,25,389.00,0.394664
126,1000,0.10,900,2,17,1.0903,0.05,constant,26,358.00,0.322596
127,1000,0.10,900,2,17,1.1204,0.05,constant,27,348.00,0.128418
128,1000,0.10,900,2,17,1.1440,0.05,constant,28,358.00,0.272940
129,1000,0.10,900,2,17,1.0752,0.05,constant,29,372.00,0.213965
130,1000,0.10,900,2,17,1.0586,0.05,constant,30,360.00,0.158671
131,1000,0.10,900,2,17,1.0696,0.05,constant,31,344.00,0.141252
132,1000,0.10,900,2,17,1.1231,0.05,constant,32,412.00,0.106639
133,1000,0.10,900,2,17,1.0862,0.05,constant,33,356.00,0.201307
134,1000,0.10,900,2,17,1.1171,0.05,constant,34,376.00,0.217205
135,1000,0.10,900,2,17,1.1423,0.05,constant,35,374.00,0.030697
136,1000,0.10,900,2,17,1.0651,0.05,constant,36,363.00,0.282048
137,1000,0.10,900,2,17,1.1394,0.05,constant,37,345.00,0.037133
138,1000,0.10,900,2,17,1.1238,0.05,constant,38,352.00,0.054286
139,1000,0.10,900,2,17,1.1435,0.05,constant,39,364.00,0.271508
140,1000,0.10,900,2,17,1.0549,0.05,constant,40,367.00,0.089690
141,1000,0.10,900,2,17,1.1107,0.05,constant,41,294.00,0.128177
142,1000,0.10,900,2,17,1.0831,0.05,constant,42,334.00,0.058287
143,1000,0.10,900,2,17,1.1301,0.05,constant,43,343.00,0.041651
144,1000,0.10,900,2,17,1.0731,0.05,constant,44,345.00,0.058884
145,1000,0.10,900,2,17,1.0657,0.05,constant,45,400.00,0.062186
146,1000,0.10,900,2,17,1.0674,0.05,constant,46,350.00,0.178950
147,1000,0.10,900,2,17,1.1256,0.05,constant,47,381.00,0.162869
148,1000,0.10,900,2,17,1.1085,0.05,constant,48,394.00,0.110634
149,1000,0.10,900,2,17,1.1015,0.05,constant,49,356.00,0.245412
150,1000,0.10,900,2,17,1.1560,0.05,constant,50,364.00,0.114170
151,1000,0.10,900,2,17,1.1191,0.05,constant,51,363.00,0.289657
152,1000,0.10,900,2,17,1.1438,0.05,constant,52,352.00,0.058050
153,1000,0.10,900,2,17,1.1068,0.05,constant,53,341.00,0.105108
154,1000,0.10,900,2,17,1.0503,0.05,constant,54,372.00,0.087330
155,1000,0.10,900,2,17,1.1192,0.05,constant,55,372.00,0.033270
156,1000,0.10,900,2,17,1.1143,0.05,constant,56,350.00,0.220348
157,1000,0.10,900,2,17,1.0897,0.05,constant,57,353.00,0.225224
158,1000,0.10,900,2,17,1.0771,0.05,constant,58,355.00,0.056263
159,1000,0.10,900,2,17,1.1045,0.05,constant,59,372.00,0.142357
160,1000,0.10,900,2,17,1.1232,0.05,constant,60,333.00,0.146037
161,1000,0.10,900,2,17,1.1199,0.05,constant,61,346.00,0.120511
162,1000,0.10,900,2,17,1.0690,0.05,constant,62,336.00,0.063166
163,1000,0.10,900,2,17,1.1965,0.05,constant,63,337.00,0.070074
164,1000,0.10,900,2,17,1.1019,0.05,constant,64,370.00,0.101530
165,1000,0.10,900,2,17,1.0816,0.05,constant,65,321.00,0.184512
166,1000,0.10,900,2,17,1.0854,0.05,constant,66,375.00,0.131468
167,1000,0.10,900,2,17,1.0272,0.05,constant,67,342.00,0.062688
168,1000,0.10,900,2,17,1.1356,0.05,constant,68,338.00,0.139449
169,1000,0.10,900,2,17,1.1100,0.05,constant,69,352.00,0.221481
170,1000,0.10,900,2,17,1.0726,0.05,constant,70,381.00,0.166470
171,1000,0.10,900,2,17,1.1185,0.05,constant,71,358.00,0.205505
172,1000,0.10,900,2,17,1.0930,0.05,constant,72,373.00,0.238882
173,1000,0.10,900,2,17,1.1324,0.05,constant,73,359.00,0.038575
174,1000,0.10,900,2,17,1.1235,0.05,constant,74,353.00,0.055325
175,1000,0.10,900,2,17,1.1210,0.05,constant,75,334.00,0.048713
176,1000,0.10,900,2,17,1.0821,0.05,constant,76,385.00,0.126458
177,1000,0.10,900,2,17,1.1018,0.05,constant,77,349.00,0.013806
178,1000,0.10,900,2,17,1.0944,0.05,constant,78,383.00,0.127976
179,1000,0.10,900,2,17,1.0888,0.05,constant,79,351.00,0.148849
180,1000,0.10,900,2,17,1.0583,0.05,constant,80,355.00,0.066355
181,1000,0.10,900,2,17,1.0603,0.05,constant,81,360.00,0.158671
182,1000,0.10,900,2,17,1.0958,0.05,constant,82,349.00,0.107646
183,1000,0.10,900,2,17,1.0854,0.05,constant,83,341.00,0.062455
184,1000,0.10,900,2,17,1.1250,0.05,constant,84,367.00,0.124049
185,1000,0.10,900,2,17,1.0977,0.05,constant,85,338.00,0.093261
186,1000,0.10,900,2,17,1.0595,0.05,constant,86,365.00,0.040576
187,1000,0.10,900,2,17,1.1373,0.05,constant,87,376.00,0.227601
188,1000,0.10,900,2,17,1.1055,0.05,constant,88,360.00,0.016840
189,1000,0.10,900,2,17,1.0947,0.05,constant,89,366.00,0.311156
190,1000,0.10,900,2,17,1.1653,0.05,constant,90,329.00,0.202614
191,1000,0.10,900,2,17,1.0945,0.05,constant,91,333.00,0.010790
192,1000,0.10,900,2,17,1.0500,0.05,constant,92,347.00,0.203295
193,1000,0.10,900,2,17,1.1810,0.05,constant,93,351.00,0.086734
194,1000,0.10,900,2,17,1.1664,0.05,constant,94,332.00,0.100535
195,1000,0.10,900,2,17,1.1509,0.05,constant,95,358.00,0.339217
196,1000,0.10,900,2,17,1.1048,0.05,constant,96,335.00,0.085907
197,1000,0.10,900,2,17,1.0950,0.05,constant,97,370.00,0.292216
198,1000,0.10,900,2,17,1.1474,0.05,constant,98,363.00,0.231299
199,1000,0.10,900,2,17,1.0395,0.05,constant,99,341.00,0.088942
200,1000,0.10,900,2,17,1.2275,0.10,constant,0,347.00,0.202086
201,1000,0.10,900,2,17,1.1304,0.10,constant,1,396.00,0.144287
202,1000,0.10,900,2,17,1.1724,0.10,constant,2,357.00,0.059445
203,1000,0.10,900,2,17,1.1992,0.10,constant,3,355.00,0.121611
204,1000,0.10,900,2,17,1.1086,0.10,constant,4,348.00,0.237343
205,1000,0.10,900,2,17,1.1259,0.10,constant,5,355.00,0.451502
206,1000,0.10,900,2,17,1.1572,0.10,constant,6,336.00,0.191002
207,1000,0.10,900,2,17,1.2009,0.10,constant,7,352.00,0.237910
208,1000,0.10,900,2,17,1.2030,0.10,constant,8,352.00,0.156366
209,1000,0.10,900,2,17,1.2029,0.10,constant,9,367.00,0.357979
210,1000,0.10,900,2,17,1.1863,0.10,constant,10,362.00,0.333050
211,1000,0.10,900,2,17,1.1751,0.10,constant,11,347.00,0.155381
212,1000,0.10,900,2,17,1.1799,0.10,constant,12,337.00,0.159944
213,1000,0.10,900,2,17,1.2222,0.10,constant,13,348.00,0.257819
214,1000,0.10,900,2,17,1.1555,0.10,constant,14,344.00,0.364770
215,1000,0.10,900,2,17,1.1175,0.10,constant,15,353.00,0.058028
216,1000,0.10,900,2,17,1.1427,0.10,constant,16,328.00,0.214594
217,1000,0.10,900,2,17,1.1536,0.10,constant,17,395.00,0.408169
218,1000,0.10,900,2,17,1.1664,0.10,constant,18,364.00,0.234852
219,1000,0.10,900,2,17,1.1747,0.10,constant,19,345.00,0.238245
220,1000,0.10,900,2,17,1.1639,0.10,constant,20,378.00,0.090884
221,1000,0.10,900,2,17,1.1965,0.10,constant,21,376.00,0.197697
222,1000,0.10,900,2,17,1.1830,0.10,constant,22,356.00,0.222113
223,1000,0.10,900,2,17,1.1344,0.10,constant,23,358.00,0.034951
224,1000,0.10,900,2,17,1.1814,0.10,constant,24,359.00,0.314147
225,1000,0.10,900,2,17,1.2141,0.10,constant,25,353.00,0.194952
226,1000,0.10,900,2,17,1.1729,0.10,constant,26,339.00,0.258922
227,1000,0.10,900,2,17,1.2181,0.10,constant,27,339.00,0.224127
228,1000,0.10,900,2,17,1.1486,0.10,constant,28,368.00,0.323751
229,1000,0.10,900,2,17,1.1755,0.10,constant,29,343.00,0.089658
230,1000,0.10,900,2,17,1.1812,0.10,constant,30,360.00,0.539304
231,1000,0.10,900,2,17,1.1342,0.10,constant,31,349.00,0.074086
232,1000,0.10,900,2,17,1.1297,0.10,constant,32,360.00,0.142261
233,1000,0.10,900,2,17,1.1329,0.10,constant,33,346.00,0.103569
234,1000,0.10,900,2,17,1.1633,0.10,constant,34,358.00,0.281743
235,1000,0.10,900,2,17,1.2639,0.10,constant,35,342.00,0.184311
236,1000,0.10,900,2,17,1.2201,0.10,constant,36,349.00,0.130963
237,1000,0.10,900,2,17,1.2062,0.10,constant,37,401.00,0.123480
238,1000,0.10,900,2,17,1.1716,0.10,constant,38,384.00,0.077952
239,1000,0.10,900,2,17,1.1750,0.10,constant,39,371.00,0.268670
240,1000,0.10,900,2,17,1.1979,0.10,constant,40,362.00,0.203982
241,1000,0.10,900,2,17,1.1503,0.10,constant,41,353.00,0.388091
242,1000,0.10,900,2,17,1.1722,0.10,constant,42,351.00,0.086308
243,1000,0.10,900,2,17,1.1739,0.10,constant,43,369.00,0.192334
244,1000,0.10,900,2,17,1.1536,0.10,constant,44,368.00,0.270316
245,1000,0.10,900,2,17,1.1654,0.10,constant,45,366.00,0.091716
246,1000,0.10,900,2,17,1.2008,0.10,constant,46,351.00,0.100015
247,1000,0.10,900,2,17,1.1625,0.10,constant,47,349.00,0.090311
248,1000,0.10,900,2,17,1.1546,0.10,constant,48,338.00,0.138175
249,1000,0.10,900,2,17,1.2090,0.10,constant,49,376.00,0.086667
250,1000,0.10,900,2,17,1.1868,0.10,constant,50,369.00,0.110020
251,1000,0.10,900,2,17,1.1748,0.10,constant,51,364.00,0.175209
252,1000,0.10,900,2,17,1.2119,0.10,constant,52,362.00,0.106551
253,1000,0.10,900,2,17,1.2165,0.10,constant,53,349.00,0.103879
254,1000,0.10,900,2,17,1.1230,0.10,constant,54,371.00,0.265017
255,1000,0.10,900,2,17,1.1880,0.10,constant,55,339.00,0.261374
256,1000,0.10,900,2,17,1.0921,0.10,constant,56,354.00,0.135850
257,1000,0.10,900,2,17,1.1482,0.10,constant,57,377.00,0.331240
258,1000,0.10,900,2,17,1.1731,0.10,constant,58,359.00,0.145757
259,1000,0.10,900,2,17,1.1927,0.10,constant,59,374.00,0.080411
260,1000,0.10,900,2,17,1.1737,0.10,constant,60,338.00,0.144479
261,1000,0.10,900,2,17,1.1997,0.10,constant,61,353.00,0.086934
262,1000,0.10,900,2,17,1.2292,0.10,constant,62,353.00,0.037210
263,1000,0.10,900,2,17,1.1895,0.10,constant,63,355.00,0.095116
264,1000,0.10,900,2,17,1.2439,0.10,constant,64,365.00,0.158764
265,1000,0.10,900,2,17,1.2398,0.10,constant,65,354.00,0.056569
266,1000,0.10,900,2,17,1.1450,0.10,constant,66,363.00,0.339844
267,1000,0.10,900,2,17,1.2134,0.10,constant,67,326.00,0.088933
268,1000,0.10,900,2,17,1.1291,0.10,constant,68,377.00,0.142390
269,1000,0.10,900,2,17,1.1553,0.10,constant,69,320.00,0.036822
270,1000,0.10,900,2,17,1.1434,0.10,constant,70,388.00,0.373563
271,1000,0.10,900,2,17,1.1957,0.10,constant,71,380.00,0.340363
272,1000,0.10,900,2,17,1.1492,0.10,constant,72,379.00,0.238558
273,1000,0.10,900,2,17,1.1512,0.10,constant,73,325.00,0.033544
274,1000,0.10,900,2,17,1.1925,0.10,constant,74,418.00,0.224740
275,1000,0.10,900,2,17,1.1860,0.10,constant,75,350.00,0.128104
276,1000,0.10,900,2,17,1.1429,0.10,constant,76,350.00,0.096545
277,1000,0.10,900,2,17,1.1588,0.10,constant,77,327.00,0.082891
278,1000,0.10,900,2,17,1.2325,0.10,constant,78,357.00,0.179137
279,1000,0.10,900,2,17,1.1956,0.10,constant,79,356.00,0.268373
280,1000,0.10,900,2,17,1.1952,0.10,constant,80,385.00,0.037608
281,1000,0.10,900,2,17,1.1487,0.10,constant,81,345.00,0.064700
282,1000,0.10,900,2,17,1.1144,0.10,constant,82,355.00,0.088437
283,1000,0.10,900,2,17,1.1667,0.10,constant,83,335.00,0.093814
284,1000,0.10,900,2,17,1.1562,0.10,constant,84,347.00,0.221150
285,1000,0.10,900,2,17,1.1591,0.10,constant,85,373.00,0.139367
286,1000,0.10,900,2,17,1.1746,0.10,constant,86,337.00,0.106178
287,1000,0.10,900,2,17,1.1593,0.10,constant,87,340.00,0.471162
288,1000,0.10,900,2,17,1.1654,0.10,constant,88,409.00,0.106350
289,1000,0.10,900,2,17,1.1677,0.10,constant,89,321.00,0.104608
290,1000,0.10,900,2,17,1.1976,0.10,constant,90,368.00,0.130847
291,1000,0.10,900,2,17,1.1913,0.10,constant,91,340.00,0.121962
292,1000,0.10,900,2,17,1.1464,0.10,constant,92,364.00,0.078989
293,1000,0.10,900,2,17,1.2224,0.10,constant,93,364.00,0.412823
294,1000,0.10,900,2,17,1.1701,0.10,constant,94,347.00,0.097551
295,1000,0.10,900,2,17,1.1818,0.10,constant,95,334.00,0.119279
296,1000,0.10,900,2,17,1.2009,0.10,constant,96,329.00,0.140089
297,1000,0.10,900,2,17,1.1948,0.10,constant,97,375.00,0.209745
298,1000,0.10,900,2,17,1.1474,0.10,constant,98,361.00,0.036117
299,1000,0.10,900,2,17,1.1932,0.10,constant,99,360.00,0.366982
300,1000,0.10,900,2,17,1.2467,0.15,constant,0,352.00,0.130821
301,1000,0.10,900,2,17,1.2301,0.15,constant,1,383.00,0.253267
302,1000,0.10,900,2,17,1.2256,0.15,constant,2,360.00,0.210427
303,1000,0.10,900,2,17,1.2050,0.15,constant,3,392.00,0.551429
304,1000,0.10,900,2,17,1.2147,0.15,constant,4,341.00,0.178419
305,1000,0.10,900,2,17,1.2510,0.15,constant,5,336.00,0.153049
306,1000,0.10,900,2,17,1.2781,0.15,constant,6,355.00,0.159438
307,1000,0.10,900,2,17,1.2460,0.15,constant,7,358.00,0.132554
308,1000,0.10,900,2,17,1.1382,0.15,constant,8,354.00,0.124574
309,1000,0.10,900,2,17,1.2265,0.15,constant,9,348.00,0.060637
310,1000,0.10,900,2,17,1.2262,0.15,constant,10,378.00,0.113573
311,1000,0.10,900,2,17,1.2167,0.15,constant,11,365.00,0.084716
312,1000,0.10,900,2,17,1.2793,0.15,constant,12,356.00,0.465819
313,1000,0.10,900,2,17,1.2583,0.15,constant,13,376.00,0.213305
314,1000,0.10,900,2,17,1.2332,0.15,constant,14,342.00,0.275037
315,1000,0.10,900,2,17,1.2427,0.15,constant,15,359.00,0.250323
316,1000,0.10,900,2,17,1.1697,0.15,constant,16,356.00,0.246584
317,1000,0.10,900,2,17,1.2781,0.15,constant,17,362.00,0.276144
318,1000,0.10,900,2,17,1.2650,0.15,constant,18,380.00,0.347541
319,1000,0.10,900,2,17,1.2485,0.15,constant,19,365.00,0.378831
320,1000,0.10,900,2,17,1.2070,0.15,constant,20,371.00,0.228432
321,1000,0.10,900,2,17,1.2557,0.15,constant,21,351.00,0.562314
322,1000,0.10,900,2,17,1.2380,0.15,constant,22,353.00,0.130082
323,1000,0.10,900,2,17,1.2151,0.15,constant,23,336.00,0.190774
324,1000,0.10,900,2,17,1.3095,0.15,constant,24,375.00,0.324620
325,1000,0.10,900,2,17,1.2262,0.15,constant,25,358.00,0.285285
326,1000,0.10,900,2,17,1.2765,0.15,constant,26,380.00,0.192859
327,1000,0.10,900,2,17,1.2541,0.15,constant,27,339.00,0.182914
328,1000,0.10,900,2,17,1.2152,0.15,constant,28,349.00,0.302738
329,1000,0.10,900,2,17,1.2397,0.15,constant,29,382.00,0.188745
330,1000,0.10,900,2,17,1.2371,0.15,constant,30,343.00,0.154304
331,1000,0.10,900,2,17,1.2776,0.15,constant,31,381.00,0.339110
332,1000,0.10,900,2,17,1.2420,0.15,constant,32,371.00,0.330786
333,1000,0.10,900,2,17,1.2651,0.15,constant,33,370.00,0.116542
334,1000,0.10,900,2,17,1.1934,0.15,constant,34,366.00,0.239099
335,1000,0.10,900,2,17,1.2265,0.15,constant,35,358.00,0.220911
336,1000,0.10,900,2,17,1.2865,0.15,constant,36,365.00,0.329340
337,1000,0.10,900,2,17,1.2274,0.15,constant,37,384.00,0.298376
338,1000,0.10,900,2,17,1.2232,0.15,constant,38,350.00,0.137278
339,1000,0.10,900,2,17,1.2126,0.15,constant,39,397.00,0.177701
340,1000,0.10,900,2,17,1.2676,0.15,constant,40,391.00,0.076054
341,1000,0.10,900,2,17,1.2173,0.15,constant,41,383.00,0.251240
342,1000,0.10,900,2,17,1.2701,0.15,constant,42,368.00,0.260070
343,1000,0.10,900,2,17,1.2114,0.15,constant,43,352.00,0.091167
344,1000,0.10,900,2,17,1.2746,0.15,constant,44,367.00,0.110487
345,1000,0.10,900,2,17,1.2413,0.15,constant,45,364.00,0.154450
346,1000,0.10,900,2,17,1.2316,0.15,constant,46,372.00,0.227586
347,1000,0.10,900,2,17,1.3217,0.15,constant,47,336.00,0.215814
348,1000,0.10,900,2,17,1.1882,0.15,constant,48,357.00,0.253936
349,1000,0.10,900,2,17,1.2419,0.15,constant,49,348.00,0.252795
350,1000,0.10,900,2,17,1.1997,0.15,constant,50,359.00,0.149476
351,1000,0.10,900,2,17,1.2711,0.15,constant,51,344.00,0.519115
352,1000,0.10,900,2,17,1.2710,0.15,constant,52,365.00,0.408632
353,1000,0.10,900,2,17,1.2148,0.15,constant,53,402.00,0.336107
354,1000,0.10,900,2,17,1.2854,0.15,constant,54,399.00,0.825846
355,1000,0.10,900,2,17,1.2629,0.15,constant,55,341.00,0.339554
356,1000,0.10,900,2,17,1.1721,0.15,constant,56,359.00,0.205177
357,1000,0.10,900,2,17,1.2569,0.15,constant,57,387.00,0.309264
358,1000,0.10,900,2,17,1.2705,0.15,constant,58,392.00,0.159866
359,1000,0.10,900,2,17,1.2634,0.15,constant,59,353.00,0.165144
360,1000,0.10,900,2,17,1.1926,0.15,constant,60,365.00,0.241996
361,1000,0.10,900,2,17,1.2208,0.15,constant,61,356.00,0.112880
362,1000,0.10,900,2,17,1.2293,0.15,constant,62,369.00,0.114648
363,1000,0.10,900,2,17,1.2470,0.15,constant,63,381.00,0.213398
364,1000,0.10,900,2,17,1.1926,0.15,constant,64,388.00,0.194905
365,1000,0.10,900,2,17,1.2071,0.15,constant,65,414.00,0.102664
366,1000,0.10,900,2,17,1.1733,0.15,constant,66,387.00,0.337026
367,1000,0.10,900,2,17,1.2534,0.15,constant,67,410.00,0.138247
368,1000,0.10,900,2,17,1.2141,0.15,constant,68,384.00,0.080959
369,1000,0.10,900,2,17,1.2407,0.15,constant,69,375.00,0.180914
370,1000,0.10,900,2,17,1.2063,0.15,constant,70,376.00,0.103886
371,1000,0.10,900,2,17,1.2201,0.15,constant,71,395.00,0.248395
372,1000,0.10,900,2,17,1.2679,0.15,constant,72,402.00,0.465602
373,1000,0.10,900,2,17,1.2441,0.15,constant,73,370.00,0.160154
374,1000,0.10,900,2,17,1.1985,0.15,constant,74,401.00,0.115863
375,1000,0.10,900,2,17,1.3013,0.15,constant,75,382.00,0.161683
376,1000,0.10,900,2,17,1.2081,0.15,constant,76,370.00,0.188483
377,1000,0.10,900,2,17,1.2605,0.15,constant,77,362.00,0.136864
378,1000,0.10,900,2,17,1.2173,0.15,constant,78,392.00,0.234276
379,1000,0.10,900,2,17,1.2556,0.15,constant,79,383.00,0.157694
380,1000,0.10,900,2,17,1.2298,0.15,constant,80,390.00,0.167794
381,1000,0.10,900,2,17,1.2168,0.15,constant,81,364.00,0.132926
382,1000,0.10,900,2,17,1.2344,0.15,constant,82,416.00,0.236717
383,1000,0.10,900,2,17,1.2299,0.15,constant,83,362.00,0.259314
384,1000,0.10,900,2,17,1.2626,0.15,constant,84,392.00,0.223845
385,1000,0.10,900,2,17,1.3068,0.15,constant,85,352.00,0.277732
386,1000,0.10,900,2,17,1.2980,0.15,constant,86,403.00,0.183489
387,1000,0.10,900,2,17,1.2472,0.15,constant,87,386.00,0.139565
388,1000,0.10,900,2,17,1.2333,0.15,constant,88,419.00,0.189404
389,1000,0.10,900,2,17,1.2555,0.15,constant,89,387.00,0.126651
390,1000,0.10,900,2,17,1.2300,0.15,constant,90,378.00,0.211974
391,1000,0.10,900,2,17,1.2544,0.15,constant,91,380.00,0.132704
392,1000,0.10,900,2,17,1.2448,0.15,constant,92,373.00,0.241068
393,1000,0.10,900,2,17,1.2145,0.15,constant,93,406.00,0.191844
394,1000,0.10,900,2,17,1.2536,0.15,constant,94,379.00,0.163772
395,1000,0.10,900,2,17,1.2350,0.15,constant,95,376.00,0.086147
396,1000,0.10,900,2,17,1.2457,0.15,constant,96,409.00,0.096430
397,1000,0.10,900,2,17,1.2467,0.15,constant,97,391.00,0.246309
398,1000,0.10,900,2,17,1.2480,0.15,constant,98,375.00,0.167728
399,1000,0.10,900,2,17,1.1562,0.15,constant,99,406.00,0.364434
400,1000,0.10,900,2,17,1.3116,0.20,constant,0,374.00,0.156683
401,1000,0.10,900,2,17,1.2559,0.20,constant,1,387.00,0.146504
402,1000,0.10,900,2,17,1.2351,0.20,constant,2,390.00,0.299125
403,1000,0.10,900,2,17,1.3116,0.20,constant,3,370.00,0.215819
404,1000,0.10,900,2,17,1.3312,0.20,constant,4,385.00,0.357301
405,1000,0.10,900,2,17,1.3070,0.20,constant,5,368.00,0.340706
406,1000,0.10,900,2,17,1.2619,0.20,constant,6,418.00,0.210198
407,1000,0.10,900,2,17,1.2560,0.20,constant,7,385.00,0.246255
408,1000,0.10,900,2,17,1.2682,0.20,constant,8,338.00,0.225298
409,1000,0.10,900,2,17,1.2797,0.20,constant,9,361.00,0.357901
410,1000,0.10,900,2,17,1.2546,0.20,constant,10,373.00,0.236709
411,1000,0.10,900,2,17,1.3088,0.20,constant,11,365.00,0.148208
412,1000,0.10,900,2,17,1.2889,0.20,constant,12,356.00,0.501070
413,1000,0.10,900,2,17,1.2561,0.20,constant,13,370.00,0.207717
414,1000,0.10,900,2,17,1.2710,0.20,constant,14,404.00,0.209646
415,1000,0.10,900,2,17,1.3024,0.20,constant,15,397.00,0.245647
416,1000,0.10,900,2,17,1.3372,0.20,constant,16,363.00,0.274237
417,1000,0.10,900,2,17,1.2658,0.20,constant,17,384.00,0.199662
418,1000,0.10,900,2,17,1.2966,0.20,constant,18,380.00,0.363759
419,1000,0.10,900,2,17,1.2724,0.20,constant,19,344.00,0.186801
420,1000,0.10,900,2,17,1.3074,0.20,constant,20,353.00,0.486232
421,1000,0.10,900,2,17,1.3020,0.20,constant,21,373.00,0.173976
422,1000,0.10,900,2,17,1.2494,0.20,constant,22,363.00,0.256226
423,1000,0.10,900,2,17,1.3450,0.20,constant,23,332.00,0.174338
424,1000,0.10,900,2,17,1.2364,0.20,constant,24,334.00,0.189506
425,1000,0.10,900,2,17,1.3165,0.20,constant,25,424.00,0.179285
426,1000,0.10,900,2,17,1.2801,0.20,constant,26,371.00,0.211297
427,1000,0.10,900,2,17,1.2662,0.20,constant,27,404.00,0.343292
428,1000,0.10,900,2,17,1.3020,0.20,constant,28,419.00,0.333803
429,1000,0.10,900,2,17,1.2645,0.20,constant,29,357.00,0.372675
430,1000,0.10,900,2,17,1.3070,0.20,constant,30,423.00,0.406667
431,1000,0.10,900,2,17,1.3035,0.20,constant,31,412.00,0.369010
432,1000,0.10,900,2,17,1.2915,0.20,constant,32,386.00,0.217386
433,1000,0.10,900,2,17,1.2841,0.20,constant,33,404.00,0.244114
434,1000,0.10,900,2,17,1.3200,0.20,constant,34,412.00,0.182664
435,1000,0.10,900,2,17,1.2587,0.20,constant,35,390.00,0.356935
436,1000,0.10,900,2,17,1.2924,0.20,constant,36,388.00,0.129712
437,1000,0.10,900,2,17,1.3427,0.20,constant,37,389.00,0.242048
438,1000,0.10,900,2,17,1.2299,0.20,constant,38,396.00,0.504941
439,1000,0.10,900,2,17,1.2425,0.20,constant,39,396.00,0.393288
440,1000,0.10,900,2,17,1.2368,0.20,constant,40,420.00,0.385748
441,1000,0.10,900,2,17,1.2240,0.20,constant,41,420.00,0.264573
442,1000,0.10,900,2,17,1.2301,0.20,constant,42,387.00,0.223421
443,1000,0.10,900,2,17,1.2351,0.20,constant,43,398.00,0.459234
444,1000,0.10,900,2,17,1.2697,0.20,constant,44,363.00,0.226915
445,1000,0.10,900,2,17,1.2726,0.20,constant,45,428.00,0.342547
446,1000,0.10,900,2,17,1.3134,0.20,constant,46,343.00,0.231902
447,1000,0.10,900,2,17,1.2744,0.20,constant,47,355.00,0.303094
448,1000,0.10,900,2,17,1.2362,0.20,constant,48,385.00,0.481395
449,1000,0.10,900,2,17,1.2806,0.20,constant,49,351.00,0.291649
450,1000,0.10,900,2,17,1.2867,0.20,constant,50,356.00,0.336931
451,1000,0.10,900,2,17,1.2781,0.20,constant,51,382.00,0.289227
452,1000,0.10,900,2,17,1.2829,0.20,constant,52,351.00,0.444293
453,1000,0.10,900,2,17,1.2330,0.20,constant,53,372.00,0.208604
454,1000,0.10,900,2,17,1.2839,0.20,constant,54,391.00,0.288498
455,1000,0.10,900,2,17,1.2934,0.20,constant,55,344.00,0.131694
456,1000,0.10,900,2,17,1.3297,0.20,constant,56,336.00,0.354398
457,1000,0.10,900,2,17,1.2512,0.20,constant,57,334.00,0.260145
458,1000,0.10,900,2,17,1.3270,0.20,constant,58,366.00,0.182559
459,1000,0.10,900,2,17,1.2575,0.20,constant,59,385.00,0.369687
460,1000,0.10,900,2,17,1.2717,0.20,constant,60,354.00,0.261028
461,1000,0.10,900,2,17,1.2804,0.20,constant,61,355.00,0.319472
462,1000,0.10,900,2,17,1.2997,0.20,constant,62,345.00,0.104755
463,1000,0.10,900,2,17,1.2477,0.20,constant,63,376.00,0.316787
464,1000,0.10,900,2,17,1.2452,0.20,constant,64,365.00,0.127598
465,1000,0.10,900,2,17,1.2587,0.20,constant,65,378.00,0.128197
466,1000,0.10,900,2,17,1.2987,0.20,constant,66,363.00,0.182775
467,1000,0.10,900,2,17,1.2870,0.20,constant,67,373.00,0.149533
468,1000,0.10,900,2,17,1.3476,0.20,constant,68,391.00,0.206058
469,1000,0.10,900,2,17,1.2571,0.20,constant,69,410.00,0.679540
470,1000,0.10,900,2,17,1.2544,0.20,constant,70,412.00,0.199847
471,1000,0.10,900,2,17,1.2944,0.20,constant,71,407.00,0.340225
472,1000,0.10,900,2,17,1.2603,0.20,constant,72,409.00,0.144705
473,1000,0.10,900,2,17,1.2936,0.20,constant,73,379.00,0.252218
474,1000,0.10,900,2,17,1.3030,0.20,constant,74,354.00,0.221752
475,1000,0.10,900,2,17,1.3133,0.20,constant,75,392.00,0.228235
476,1000,0.10,900,2,17,1.2267,0.20,constant,76,392.00,0.256998
477,1000,0.10,900,2,17,1.2889,0.20,constant,77,377.00,0.226450
478,1000,0.10,900,2,17,1.2481,0.20,constant,78,382.00,0.126922
479,1000,0.10,900,2,17,1.2342,0.20,constant,79,398.00,0.308554
480,1000,0.10,900,2,17,1.2981,0.20,constant,80,377.00,0.120168
481,1000,0.10,900,2,17,1.2813,0.20,constant,81,391.00,0.207539
482,1000,0.10,900,2,17,1.2961,0.20,constant,82,370.00,0.450738
483,1000,0.10,900,2,17,1.2860,0.20,constant,83,385.00,0.200469
484,1000,0.10,900,2,17,1.2626,0.20,constant,84,379.00,0.223029
485,1000,0.10,900,2,17,1.3076,0.20,constant,85,365.00,0.206435
486,1000,0.10,900,2,17,1.3178,0.20,constant,86,397.00,0.438866
487,1000,0.10,900,2,17,1.3017,0.20,constant,87,379.00,0.107091
488,1000,0.10,900,2,17,1.2767,0.20,constant,88,406.00,0.412248
489,1000,0.10,900,2,17,1.2744,0.20,constant,89,401.00,0.294597
490,1000,0.10,900,2,17,1.2536,0.20,constant,90,390.00,0.214645
491,1000,0.10,900,2,17,1.3456,0.20,constant,91,397.00,0.288758
492,1000,0.10,900,2,17,1.2935,0.20,constant,92,395.00,0.239601
493,1000,0.10,900,2,17,1.2644,0.20,constant,93,403.00,0.179069
494,1000,0.10,900,2,17,1.2821,0.20,constant,94,384.00,0.152463
495,1000,0.10,900,2,17,1.2919,0.20,constant,95,394.00,0.166154
496,1000,0.10,900,2,17,1.3000,0.20,constant,96,399.00,0.180569
497,1000,0.10,900,2,17,1.2982,0.20,constant,97,395.00,0.213222
498,1000,0.10,900,2,17,1.2925,0.20,constant,98,387.00,0.194086
499,1000,0.10,900,2,17,1.2383,0.20,constant,99,404.00,0.231218
500,1000,0.10,900,2,17,1.3254,0.25,constant,0,383.00,0.366027
501,1000,0.10,900,2,17,1.2850,0.25,constant,1,421.00,0.527643
502,1000,0.10,900,2,17,1.3212,0.25,constant,2,380.00,0.414068
503,1000,0.10,900,2,17,1.3252,0.25,constant,3,382.00,0.187450
504,1000,0.10,900,2,17,1.2787,0.25,constant,4,395.00,0.162150
505,1000,0.10,900,2,17,1.3322,0.25,constant,5,375.00,0.404412
506,1000,0.10,900,2,17,1.3089,0.25,constant,6,356.00,0.258240
507,1000,0.10,900,2,17,1.3306,0.25,constant,7,377.00,0.255241
508,1000,0.10,900,2,17,1.3287,0.25,constant,8,392.00,0.215597
509,1000,0.10,900,2,17,1.3149,0.25,constant,9,361.00,0.176353
510,1000,0.10,900,2,17,1.3153,0.25,constant,10,390.00,0.254201
511,1000,0.10,900,2,17,1.2850,0.25,constant,11,374.00,0.255116
512,1000,0.10,900,2,17,1.3643,0.25,constant,12,411.00,0.651516
513,1000,0.10,900,2,17,1.3287,0.25,constant,13,358.00,0.199726
514,1000,0.10,900,2,17,1.3288,0.25,constant,14,381.00,0.211851
515,1000,0.10,900,2,17,1.3152,0.25,constant,15,374.00,0.154721
516,1000,0.10,900,2,17,1.3580,0.25,constant,16,389.00,0.228050
517,1000,0.10,900,2,17,1.3755,0.25,constant,17,425.00,0.600594
518,1000,0.10,900,2,17,1.3518,0.25,constant,18,400.00,0.275325
519,1000,0.10,900,2,17,1.3664,0.25,constant,19,371.00,0.294725
520,1000,0.10,900,2,17,1.2477,0.25,constant,20,395.00,0.167213
521,1000,0.10,900,2,17,1.3066,0.25,constant,21,407.00,0.245738
522,1000,0.10,900,2,17,1.2791,0.25,constant,22,399.00,0.425161
523,1000,0.10,900,2,17,1.3269,0.25,constant,23,418.00,0.227815
524,1000,0.10,900,2,17,1.3665,0.25,constant,24,405.00,0.258262
525,1000,0.10,900,2,17,1.3399,0.25,constant,25,386.00,0.305811
526,1000,0.10,900,2,17,1.3240,0.25,constant,26,374.00,0.310959
527,1000,0.10,900,2,17,1.3091,0.25,constant,27,359.00,0.454336
528,1000,0.10,900,2,17,1.3365,0.25,constant,28,393.00,0.342125
529,1000,0.10,900,2,17,1.3356,0.25,constant,29,421.00,0.208805
530,1000,0.10,900,2,17,1.2843,0.25,constant,30,409.00,0.831701
531,1000,0.10,900,2,17,1.2886,0.25,constant,31,393.00,0.348190
532,1000,0.10,900,2,17,1.2979,0.25,constant,32,397.00,0.291133
533,1000,0.10,900,2,17,1.3254,0.25,constant,33,372.00,0.303966
534,1000,0.10,900,2,17,1.2923,0.25,constant,34,376.00,0.209352
535,1000,0.10,900,2,17,1.3251,0.25,constant,35,408.00,0.418307
536,1000,0.10,900,2,17,1.3076,0.25,constant,36,388.00,0.451136
537,1000,0.10,900,2,17,1.3551,0.25,constant,37,406.00,0.259220
538,1000,0.10,900,2,17,1.3457,0.25,constant,38,391.00,0.389974
539,1000,0.10,900,2,17,1.2975,0.25,constant,39,376.00,0.324619
540,1000,0.10,900,2,17,1.3171,0.25,constant,40,373.00,0.309618
541,1000,0.10,900,2,17,1.2861,0.25,constant,41,395.00,0.252752
542,1000,0.10,900,2,17,1.3407,0.25,constant,42,396.00,0.239933
543,1000,0.10,900,2,17,1.3217,0.25,constant,43,364.00,0.314437
544,1000,0.10,900,2,17,1.3154,0.25,constant,44,388.00,0.525904
545,1000,0.10,900,2,17,1.3197,0.25,constant,45,387.00,0.576792
546,1000,0.10,900,2,17,1.3109,0.25,constant,46,386.00,0.274391
547,1000,0.10,900,2,17,1.3157,0.25,constant,47,385.00,0.274505
548,1000,0.10,900,2,17,1.2615,0.25,constant,48,399.00,0.206082
549,1000,0.10,900,2,17,1.3162,0.25,constant,49,346.00,0.288994
550,1000,0.10,900,2,17,1.3171,0.25,constant,50,418.00,0.344850
551,1000,0.10,900,2,17,1.3375,0.25,constant,51,391.00,0.335598
552,1000,0.10,900,2,17,1.3164,0.25,constant,52,399.00,0.385937
553,1000,0.10,900,2,17,1.3347,0.25,constant,53,404.00,0.247167
554,1000,0.10,900,2,17,1.2633,0.25,constant,54,402.00,0.304168
555,1000,0.10,900,2,17,1.2853,0.25,constant,55,389.00,0.370185
556,1000,0.10,900,2,17,1.3096,0.25,constant,56,364.00,0.231079
557,1000,0.10,900,2,17,1.2918,0.25,constant,57,389.00,0.388446
558,1000,0.10,900,2,17,1.3274,0.25,constant,58,422.00,0.364949
559,1000,0.10,900,2,17,1.3751,0.25,constant,59,389.00,0.164046
560,1000,0.10,900,2,17,1.2762,0.25,constant,60,351.00,0.314457
561,1000,0.10,900,2,17,1.3258,0.25,constant,61,392.00,0.194942
562,1000,0.10,900,2,17,1.3069,0.25,constant,62,412.00,0.168625
563,1000,0.10,900,2,17,1.3351,0.25,constant,63,389.00,0.144616
564,1000,0.10,900,2,17,1.3392,0.25,constant,64,389.00,0.174601
565,1000,0.10,900,2,17,1.3427,0.25,constant,65,415.00,0.275911
566,1000,0.10,900,2,17,1.2752,0.25,constant,66,380.00,0.313897
567,1000,0.10,900,2,17,1.3333,0.25,constant,67,375.00,0.213189
568,1000,0.10,900,2,17,1.3184,0.25,constant,68,432.00,0.269766
569,1000,0.10,900,2,17,1.2595,0.25,constant,69,418.00,0.263339
570,1000,0.10,900,2,17,1.3629,0.25,constant,70,380.00,0.499126
571,1000,0.10,900,2,17,1.3047,0.25,constant,71,413.00,0.379092
572,1000,0.10,900,2,17,1.3637,0.25,constant,72,390.00,0.372155
573,1000,0.10,900,2,17,1.3306,0.25,constant,73,373.00,0.271054
574,1000,0.10,900,2,17,1.3377,0.25,constant,74,382.00,0.448809
575,1000,0.10,900,2,17,1.3483,0.25,constant,75,422.00,0.194475
576,1000,0.10,900,2,17,1.3004,0.25,constant,76,407.00,0.320378
577,1000,0.10,900,2,17,1.2840,0.25,constant,77,381.00,0.234373
578,1000,0.10,900,2,17,1.3038,0.25,constant,78,389.00,0.333118
579,1000,0.10,900,2,17,1.3636,0.25,constant,79,400.00,0.441168
580,1000,0.10,900,2,17,1.3115,0.25,constant,80,420.00,0.414801
581,1000,0.10,900,2,17,1.3056,0.25,constant,81,402.00,0.225573
582,1000,0.10,900,2,17,1.3610,0.25,constant,82,420.00,0.323842
583,1000,0.10,900,2,17,1.2764,0.25,constant,83,385.00,0.291634
584,1000,0.10,900,2,17,1.3244,0.25,constant,84,408.00,0.301331
585,1000,0.10,900,2,17,1.3358,0.25,constant,85,409.00,0.210548
586,1000,0.10,900,2,17,1.2730,0.25,constant,86,414.00,0.560457
587,1000,0.10,900,2,17,1.3150,0.25,constant,87,391.00,0.258367
588,1000,0.10,900,2,17,1.3243,0.25,constant,88,365.00,0.312731
589,1000,0.10,900,2,17,1.3149,0.25,constant,89,371.00,0.285173
590,1000,0.10,900,2,17,1.3336,0.25,constant,90,399.00,0.478762
591,1000,0.10,900,2,17,1.3012,0.25,constant,91,401.00,0.426415
592,1000,0.10,900,2,17,1.3454,0.25,constant,92,392.00,0.347828
593,1000,0.10,900,2,17,1.2799,0.25,constant,93,389.00,0.547935
594,1000,0.10,900,2,17,1.3540,0.25,constant,94,427.00,0.249222
595,1000,0.10,900,2,17,1.3540,0.25,constant,95,396.00,0.485891
596,1000,0.10,900,2,17,1.3313,0.25,constant,96,405.00,0.187685
597,1000,0.10,900,2,17,1.3742,0.25,constant,97,385.00,0.227360
598,1000,0.10,900,2,17,1.3117,0.25,constant,98,379.00,0.491275
599,1000,0.10,900,2,17,1.2909,0.25,constant,99,380.00,0.380152
600,1000,0.10,900,2,17,1.3800,0.30,constant,0,349.00,0.263568
601,1000,0.10,900,2,17,1.3562,0.30,constant,1,384.00,0.442175
602,1000,0.10,900,2,17,1.3096,0.30,constant,2,315.00,0.329819
603,1000,0.10,900,2,17,1.3215,0.30,constant,3,370.00,0.287712
604,1000,0.10,900,2,17,1.3661,0.30,constant,4,379.00,0.245886
605,1000,0.10,900,2,17,1.3406,0.30,constant,5,378.00,0.310261
606,1000,0.10,900,2,17,1.3589,0.30,constant,6,358.00,0.411915
607,1000,0.10,900,2,17,1.3464,0.30,constant,7,371.00,0.389918
608,1000,0.10,900,2,17,1.3600,0.30,constant,8,371.00,0.413558
609,1000,0.10,900,2,17,1.3255,0.30,constant,9,346.00,0.233364
610,1000,0.10,900,2,17,1.3410,0.30,constant,10,401.00,0.258633
611,1000,0.10,900,2,17,1.3874,0.30,constant,11,334.00,0.294821
612,1000,0.10,900,2,17,1.3456,0.30,constant,12,359.00,0.165242
613,1000,0.10,900,2,17,1.3249,0.30,constant,13,342.00,0.318560
614,1000,0.10,900,2,17,1.3065,0.30,constant,14,355.00,0.371833
615,1000,0.10,900,2,17,1.2773,0.30,constant,15,371.00,0.532629
616,1000,0.10,900,2,17,1.3519,0.30,constant,16,362.00,0.305072
617,1000,0.10,900,2,17,1.3012,0.30,constant,17,405.00,0.431133
618,1000,0.10,900,2,17,1.3298,0.30,constant,18,379.00,0.263149
619,1000,0.10,900,2,17,1.3353,0.30,constant,19,385.00,0.299606
620,1000,0.10,900,2,17,1.3143,0.30,constant,20,390.00,0.386204
621,1000,0.10,900,2,17,1.3526,0.30,constant,21,363.00,0.402249
622,1000,0.10,900,2,17,1.3304,0.30,constant,22,356.00,0.316875
623,1000,0.10,900,2,17,1.3098,0.30,constant,23,365.00,0.373338
624,1000,0.10,900,2,17,1.3071,0.30,constant,24,356.00,0.512467
625,1000,0.10,900,2,17,1.2801,0.30,constant,25,382.00,0.382898
626,1000,0.10,900,2,17,1.3267,0.30,constant,26,347.00,0.378295
627,1000,0.10,900,2,17,1.3301,0.30,constant,27,397.00,0.427193
628,1000,0.10,900,2,17,1.3527,0.30,constant,28,375.00,0.810909
629,1000,0.10,900,2,17,1.3296,0.30,constant,29,392.00,0.514304
630,1000,0.10,900,2,17,1.3142,0.30,constant,30,375.00,0.301867
631,1000,0.10,900,2,17,1.3662,0.30,constant,31,382.00,0.215096
632,1000,0.10,900,2,17,1.3444,0.30,constant,32,395.00,0.449572
633,1000,0.10,900,2,17,1.3515,0.30,constant,33,373.00,0.327473
634,1000,0.10,900,2,17,1.3306,0.30,constant,34,397.00,0.287509
635,1000,0.10,900,2,17,1.3778,0.30,constant,35,397.00,0.263927
636,1000,0.10,900,2,17,1.3457,0.30,constant,36,361.00,0.478987
637,1000,0.10,900,2,17,1.4045,0.30,constant,37,359.00,0.345739
638,1000,0.10,900,2,17,1.3427,0.30,constant,38,390.00,0.588252
639,1000,0.10,900,2,17,1.3518,0.30,constant,39,355.00,0.208699
640,1000,0.10,900,2,17,1.3202,0.30,constant,40,365.00,0.479166
641,1000,0.10,900,2,17,1.3613,0.30,constant,41,379.00,0.324441
642,1000,0.10,900,2,17,1.2728,0.30,constant,42,363.00,0.592810
643,1000,0.10,900,2,17,1.3600,0.30,constant,43,366.00,0.322319
644,1000,0.10,900,2,17,1.3580,0.30,constant,44,369.00,0.296944
645,1000,0.10,900,2,17,1.3288,0.30,constant,45,377.00,0.352542
646,1000,0.10,900,2,17,1.3296,0.30,constant,46,361.00,0.328589
647,1000,0.10,900,2,17,1.3565,0.30,constant,47,363.00,0.459537
648,1000,0.10,900,2,17,1.3265,0.30,constant,48,360.00,0.437028
649,1000,0.10,900,2,17,1.3789,0.30,constant,49,358.00,0.280877
650,1000,0.10,900,2,17,1.3302,0.30,constant,50,379.00,0.278130
651,1000,0.10,900,2,17,1.3599,0.30,constant,51,380.00,0.944588
652,1000,0.10,900,2,17,1.4050,0.30,constant,52,378.00,0.675755
653,1000,0.10,900,2,17,1.3455,0.30,constant,53,354.00,0.258608
654,1000,0.10,900,2,17,1.3783,0.30,constant,54,330.00,0.288806
655,1000,0.10,900,2,17,1.3408,0.30,constant,55,365.00,0.184323
656,1000,0.10,900,2,17,1.3446,0.30,constant,56,372.00,0.326197
657,1000,0.10,900,2,17,1.3275,0.30,constant,57,384.00,0.222036
658,1000,0.10,900,2,17,1.3655,0.30,constant,58,364.00,0.397073
659,1000,0.10,900,2,17,1.3441,0.30,constant,59,341.00,0.263596
660,1000,0.10,900,2,17,1.3227,0.30,constant,60,368.00,0.547159
661,1000,0.10,900,2,17,1.3493,0.30,constant,61,375.00,0.392729
662,1000,0.10,900,2,17,1.4173,0.30,constant,62,365.00,0.441358
663,1000,0.10,900,2,17,1.3561,0.30,constant,63,353.00,0.312615
664,1000,0.10,900,2,17,1.3394,0.30,constant,64,374.00,0.333920
665,1000,0.10,900,2,17,1.2681,0.30,constant,65,351.00,0.291361
666,1000,0.10,900,2,17,1.3479,0.30,constant,66,395.00,0.521547
667,1000,0.10,900,2,17,1.3688,0.30,constant,67,388.00,0.432609
668,1000,0.10,900,2,17,1.3282,0.30,constant,68,338.00,0.294422
669,1000,0.10,900,2,17,1.2969,0.30,constant,69,374.00,0.253502
670,1000,0.10,900,2,17,1.3556,0.30,constant,70,344.00,0.320080
671,1000,0.10,900,2,17,1.3366,0.30,constant,71,377.00,0.429462
672,1000,0.10,900,2,17,1.3103,0.30,constant,72,375.00,0.278916
673,1000,0.10,900,2,17,1.3488,0.30,constant,73,380.00,0.289511
674,1000,0.10,900,2,17,1.3296,0.30,constant,74,701.00,0.598896
675,1000,0.10,900,2,17,1.3441,0.30,constant,75,413.00,0.485013
676,1000,0.10,900,2,17,1.3923,0.30,constant,76,386.00,0.434624
677,1000,0.10,900,2,17,1.2735,0.30,constant,77,357.00,0.418336
678,1000,0.10,900,2,17,1.3469,0.30,constant,78,388.00,0.318984
679,1000,0.10,900,2,17,1.3885,0.30,constant,79,397.00,0.642139
680,1000,0.10,900,2,17,1.3740,0.30,constant,80,374.00,0.364035
681,1000,0.10,900,2,17,1.3146,0.30,constant,81,390.00,0.672050
682,1000,0.10,900,2,17,1.3305,0.30,constant,82,373.00,0.294536
683,1000,0.10,900,2,17,1.3308,0.30,constant,83,364.00,0.387912
684,1000,0.10,900,2,17,1.3628,0.30,constant,84,356.00,0.300151
685,1000,0.10,900,2,17,1.3618,0.30,constant,85,348.00,0.326077
686,1000,0.10,900,2,17,1.2908,0.30,constant,86,380.00,0.623041
687,1000,0.10,900,2,17,1.3351,0.30,constant,87,380.00,0.330422
688,1000,0.10,900,2,17,1.3350,0.30,constant,88,367.00,0.527115
689,1000,0.10,900,2,17,1.3442,0.30,constant,89,361.00,0.285543
690,1000,0.10,900,2,17,1.3630,0.30,constant,90,395.00,0.966693
691,1000,0.10,900,2,17,1.3412,0.30,constant,91,372.00,0.667453
692,1000,0.10,900,2,17,1.3109,0.30,constant,92,399.00,0.299699
693,1000,0.10,900,2,17,1.3330,0.30,constant,93,374.00,0.317378
694,1000,0.10,900,2,17,1.3396,0.30,constant,94,374.00,0.299632
695,1000,0.10,900,2,17,1.3834,0.30,constant,95,365.00,0.374917
696,1000,0.10,900,2,17,1.3223,0.30,constant,96,372.00,0.432640
697,1000,0.10,900,2,17,1.3529,0.30,constant,97,370.00,0.300761
698,1000,0.10,900,2,17,1.3770,0.30,constant,98,390.00,0.595831
699,1000,0.10,900,2,17,1.3263,0.30,constant,99,360.00,0.266706
700,1000,0.10,900,2,17,1.3754,0.35,constant,0,410.00,0.345778
701,1000,0.10,900,2,17,1.3211,0.35,constant,1,387.00,0.376935
702,1000,0.10,900,2,17,1.3265,0.35,constant,2,383.00,0.581600
703,1000,0.10,900,2,17,1.3559,0.35,constant,3,352.00,0.258822
704,1000,0.10,900,2,17,1.4123,0.35,constant,4,357.00,0.414364
705,1000,0.10,900,2,17,1.3822,0.35,constant,5,388.00,0.302953
706,1000,0.10,900,2,17,1.3576,0.35,constant,6,388.00,0.514895
707,1000,0.10,900,2,17,1.4065,0.35,constant,7,407.00,0.492562
708,1000,0.10,900,2,17,1.3995,0.35,constant,8,398.00,0.276182
709,1000,0.10,900,2,17,1.3163,0.35,constant,9,367.00,0.446585
710,1000,0.10,900,2,17,1.3633,0.35,constant,10,364.00,0.335309
711,1000,0.10,900,2,17,1.3849,0.35,constant,11,389.00,0.544874
712,1000,0.10,900,2,17,1.3998,0.35,constant,12,365.00,0.470678
713,1000,0.10,900,2,17,1.3990,0.35,constant,13,359.00,0.470132
714,1000,0.10,900,2,17,1.3944,0.35,constant,14,367.00,0.354870
715,1000,0.10,900,2,17,1.2964,0.35,constant,15,384.00,0.385962
716,1000,0.10,900,2,17,1.3658,0.35,constant,16,380.00,0.350681
717,1000,0.10,900,2,17,1.4129,0.35,constant,17,371.00,0.219874
718,1000,0.10,900,2,17,1.3589,0.35,constant,18,364.00,0.429452
719,1000,0.10,900,2,17,1.3957,0.35,constant,19,370.00,0.624174
720,1000,0.10,900,2,17,1.2851,0.35,constant,20,364.00,0.253679
721,1000,0.10,900,2,17,1.3737,0.35,constant,21,374.00,0.403108
722,1000,0.10,900,2,17,1.4445,0.35,constant,22,392.00,0.355358
723,1000,0.10,900,2,17,1.3767,0.35,constant,23,369.00,0.262639
724,1000,0.10,900,2,17,1.3539,0.35,constant,24,404.00,0.471399
725,1000,0.10,900,2,17,1.3717,0.35,constant,25,348.00,0.274990
726,1000,0.10,900,2,17,1.3373,0.35,constant,26,380.00,0.425240
727,1000,0.10,900,2,17,1.4294,0.35,constant,27,378.00,0.537036
728,1000,0.10,900,2,17,1.3902,0.35,constant,28,377.00,0.551980
729,1000,0.10,900,2,17,1.3434,0.35,constant,29,383.00,0.451841
730,1000,0.10,900,2,17,1.3504,0.35,constant,30,363.00,0.300371
731,1000,0.10,900,2,17,1.3400,0.35,constant,31,356.00,0.376732
732,1000,0.10,900,2,17,1.3751,0.35,constant,32,377.00,0.366520
733,1000,0.10,900,2,17,1.3801,0.35,constant,33,380.00,0.244204
734,1000,0.10,900,2,17,1.4071,0.35,constant,34,387.00,0.333907
735,1000,0.10,900,2,17,1.3750,0.35,constant,35,372.00,0.399211
736,1000,0.10,900,2,17,1.4005,0.35,constant,36,345.00,0.345510
737,1000,0.10,900,2,17,1.3503,0.35,constant,37,334.00,0.377588
738,1000,0.10,900,2,17,1.3781,0.35,constant,38,378.00,0.425520
739,1000,0.10,900,2,17,1.4068,0.35,constant,39,339.00,0.334798
740,1000,0.10,900,2,17,1.3951,0.35,constant,40,383.00,0.419252
741,1000,0.10,900,2,17,1.3868,0.35,constant,41,371.00,0.294717
742,1000,0.10,900,2,17,1.3506,0.35,constant,42,382.00,0.581436
743,1000,0.10,900,2,17,1.3878,0.35,constant,43,366.00,0.296280
744,1000,0.10,900,2,17,1.3268,0.35,constant,44,348.00,0.326602
745,1000,0.10,900,2,17,1.3752,0.35,constant,45,357.00,0.383060
746,1000,0.10,900,2,17,1.3183,0.35,constant,46,364.00,0.332494
747,1000,0.10,900,2,17,1.3182,0.35,constant,47,337.00,0.388703
748,1000,0.10,900,2,17,1.3850,0.35,constant,48,352.00,0.405260
749,1000,0.10,900,2,17,1.3522,0.35,constant,49,375.00,0.401485
750,1000,0.10,900,2,17,1.3925,0.35,constant,50,381.00,0.424616
751,1000,0.10,900,2,17,1.3625,0.35,constant,51,379.00,0.308113
752,1000,0.10,900,2,17,1.3416,0.35,constant,52,384.00,0.592654
753,1000,0.10,900,2,17,1.3844,0.35,constant,53,361.00,0.350414
754,1000,0.10,900,2,17,1.4062,0.35,constant,54,405.00,0.314507
755,1000,0.10,900,2,17,1.3542,0.35,constant,55,360.00,0.300773
756,1000,0.10,900,2,17,1.3391,0.35,constant,56,389.00,0.343320
757,1000,0.10,900,2,17,1.3267,0.35,constant,57,401.00,0.270605
758,1000,0.10,900,2,17,1.3865,0.35,constant,58,390.00,0.242754
759,1000,0.10,900,2,17,1.3583,0.35,constant,59,382.00,0.397998
760,1000,0.10,900,2,17,1.3455,0.35,constant,60,349.00,0.517365
761,1000,0.10,900,2,17,1.3351,0.35,constant,61,367.00,0.262869
762,1000,0.10,900,2,17,1.3944,0.35,constant,62,362.00,0.393127
763,1000,0.10,900,2,17,1.3551,0.35,constant,63,358.00,0.372650
764,1000,0.10,900,2,17,1.3350,0.35,constant,64,412.00,0.359782
765,1000,0.10,900,2,17,1.3970,0.35,constant,65,402.00,0.756107
766,1000,0.10,900,2,17,1.3450,0.35,constant,66,398.00,0.653525
767,1000,0.10,900,2,17,1.3467,0.35,constant,67,373.00,0.444647
768,1000,0.10,900,2,17,1.3461,0.35,constant,68,377.00,0.341107
769,1000,0.10,900,2,17,1.3622,0.35,constant,69,376.00,0.848255
770,1000,0.10,900,2,17,1.3196,0.35,constant,70,379.00,0.407376
771,1000,0.10,900,2,17,1.3940,0.35,constant,71,363.00,0.312085
772,1000,0.10,900,2,17,1.3297,0.35,constant,72,371.00,0.425696
773,1000,0.10,900,2,17,1.3864,0.35,constant,73,359.00,0.450707
774,1000,0.10,900,2,17,1.3826,0.35,constant,74,382.00,0.670890
775,1000,0.10,900,2,17,1.4062,0.35,constant,75,362.00,0.375272
776,1000,0.10,900,2,17,1.3047,0.35,constant,76,402.00,0.613066
777,1000,0.10,900,2,17,1.3784,0.35,constant,77,370.00,0.536786
778,1000,0.10,900,2,17,1.3077,0.35,constant,78,379.00,0.352235
779,1000,0.10,900,2,17,1.3224,0.35,constant,79,382.00,0.524976
780,1000,0.10,900,2,17,1.3115,0.35,constant,80,364.00,0.346971
781,1000,0.10,900,2,17,1.3700,0.35,constant,81,407.00,0.480883
782,1000,0.10,900,2,17,1.3808,0.35,constant,82,371.00,0.365468
783,1000,0.10,900,2,17,1.3570,0.35,constant,83,354.00,0.282078
784,1000,0.10,900,2,17,1.4269,0.35,constant,84,372.00,0.505292
785,1000,0.10,900,2,17,1.3503,0.35,constant,85,380.00,0.502244
786,1000,0.10,900,2,17,1.3678,0.35,constant,86,385.00,0.350945
787,1000,0.10,900,2,17,1.3269,0.35,constant,87,368.00,0.429855
788,1000,0.10,900,2,17,1.3942,0.35,constant,88,364.00,0.417281
789,1000,0.10,900,2,17,1.3476,0.35,constant,89,347.00,0.559198
790,1000,0.10,900,2,17,1.3889,0.35,constant,90,385.00,0.281520
791,1000,0.10,900,2,17,1.4051,0.35,constant,91,407.00,0.591722
792,1000,0.10,900,2,17,1.4238,0.35,constant,92,367.00,0.457677
793,1000,0.10,900,2,17,1.3435,0.35,constant,93,369.00,0.351106
794,1000,0.10,900,2,17,1.3651,0.35,constant,94,323.00,0.382376
795,1000,0.10,900,2,17,1.3554,0.35,constant,95,368.00,0.697678
796,1000,0.10,900,2,17,1.2894,0.35,constant,96,380.00,0.621906
797,1000,0.10,900,2,17,1.3465,0.35,constant,97,352.00,0.560614
798,1000,0.10,900,2,17,1.3248,0.35,constant,98,397.00,0.238218
799,1000,0.10,900,2,17,1.3460,0.35,constant,99,354.00,0.693919
800,1000,0.10,900,2,17,1.3945,0.40,constant,0,366.00,0.500485
801,1000,0.10,900,2,17,1.3939,0.40,constant,1,351.00,0.571990
802,1000,0.10,900,2,17,1.4191,0.40,constant,2,371.00,0.369259
803,1000,0.10,900,2,17,1.3444,0.40,constant,3,368.00,0.449565
804,1000,0.10,900,2,17,1.3816,0.40,constant,4,374.00,0.813305
805,1000,0.10,900,2,17,1.3411,0.40,constant,5,352.00,0.323981
806,1000,0.10,900,2,17,1.3559,0.40,constant,6,372.00,0.334475
807,1000,0.10,900,2,17,1.3755,0.40,constant,7,370.00,0.348310
808,1000,0.10,900,2,17,1.3387,0.40,constant,8,370.00,0.488686
809,1000,0.10,900,2,17,1.3931,0.40,constant,9,360.00,0.335552
810,1000,0.10,900,2,17,1.3647,0.40,constant,10,396.00,0.433969
811,1000,0.10,900,2,17,1.3533,0.40,constant,11,379.00,0.541894
812,1000,0.10,900,2,17,1.4043,0.40,constant,12,362.00,0.740635
813,1000,0.10,900,2,17,1.3306,0.40,constant,13,400.00,0.385615
814,1000,0.10,900,2,17,1.4112,0.40,constant,14,377.00,0.406421
815,1000,0.10,900,2,17,1.3557,0.40,constant,15,366.00,0.720846
816,1000,0.10,900,2,17,1.4046,0.40,constant,16,389.00,0.381242
817,1000,0.10,900,2,17,1.3754,0.40,constant,17,350.00,0.476612
818,1000,0.10,900,2,17,1.3429,0.40,constant,18,382.00,0.315471
819,1000,0.10,900,2,17,1.3444,0.40,constant,19,363.00,0.536131
820,1000,0.10,900,2,17,1.3857,0.40,constant,20,368.00,0.325409
821,1000,0.10,900,2,17,1.3944,0.40,constant,21,383.00,0.807156
822,1000,0.10,900,2,17,1.3730,0.40,constant,22,381.00,0.842969
823,1000,0.10,900,2,17,1.3724,0.40,constant,23,378.00,0.346025
824,1000,0.10,900,2,17,1.3503,0.40,constant,24,384.00,0.362777
825,1000,0.10,900,2,17,1.3919,0.40,constant,25,357.00,0.352839
826,1000,0.10,900,2,17,1.3817,0.40,constant,26,374.00,0.364833
827,1000,0.10,900,2,17,1.3873,0.40,constant,27,403.00,0.709213
828,1000,0.10,900,2,17,1.3896,0.40,constant,28,364.00,0.287589
829,1000,0.10,900,2,17,1.4141,0.40,constant,29,376.00,0.344732
830,1000,0.10,900,2,17,1.3805,0.40,constant,30,370.00,0.537748
831,1000,0.10,900,2,17,1.4397,0.40,constant,31,372.00,0.389221
832,1000,0.10,900,2,17,1.3360,0.40,constant,32,383.00,0.643625
833,1000,0.10,900,2,17,1.3839,0.40,constant,33,388.00,0.353491
834,1000,0.10,900,2,17,1.3824,0.40,constant,34,380.00,0.633082
835,1000,0.10,900,2,17,1.3752,0.40,constant,35,327.00,0.424276
836,1000,0.10,900,2,17,1.3550,0.40,constant,36,390.00,0.621458
837,1000,0.10,900,2,17,1.3977,0.40,constant,37,380.00,0.447805
838,1000,0.10,900,2,17,1.3394,0.40,constant,38,397.00,0.758792
839,1000,0.10,900,2,17,1.3823,0.40,constant,39,388.00,0.602218
840,1000,0.10,900,2,17,1.3947,0.40,constant,40,397.00,0.571265
841,1000,0.10,900,2,17,1.3914,0.40,constant,41,375.00,0.355615
842,1000,0.10,900,2,17,1.4069,0.40,constant,42,370.00,0.422535
843,1000,0.10,900,2,17,1.3765,0.40,constant,43,368.00,0.353028
844,1000,0.10,900,2,17,1.4144,0.40,constant,44,388.00,0.372530
845,1000,0.10,900,2,17,1.3792,0.40,constant,45,386.00,0.325862
846,1000,0.10,900,2,17,1.3768,0.40,constant,46,372.00,0.252326
847,1000,0.10,900,2,17,1.3773,0.40,constant,47,366.00,0.302782
848,1000,0.10,900,2,17,1.3188,0.40,constant,48,378.00,0.355834
849,1000,0.10,900,2,17,1.3276,0.40,constant,49,379.00,0.437828
850,1000,0.10,900,2,17,1.4060,0.40,constant,50,362.00,0.401677
851,1000,0.10,900,2,17,1.3797,0.40,constant,51,395.00,0.573068
852,1000,0.10,900,2,17,1.3924,0.40,constant,52,376.00,0.640509
853,1000,0.10,900,2,17,1.3800,0.40,constant,53,368.00,0.406817
854,1000,0.10,900,2,17,1.3814,0.40,constant,54,386.00,0.457651
855,1000,0.10,900,2,17,1.3993,0.40,constant,55,404.00,0.400353
856,1000,0.10,900,2,17,1.4176,0.40,constant,56,374.00,0.423988
857,1000,0.10,900,2,17,1.3302,0.40,constant,57,402.00,0.366580
858,1000,0.10,900,2,17,1.3994,0.40,constant,58,394.00,0.452252
859,1000,0.10,900,2,17,1.3881,0.40,constant,59,416.00,0.481865
860,1000,0.10,900,2,17,1.3734,0.40,constant,60,384.00,0.406116
861,1000,0.10,900,2,17,1.3499,0.40,constant,61,398.00,0.544164
862,1000,0.10,900,2,17,1.3802,0.40,constant,62,419.00,0.480069
863,1000,0.10,900,2,17,1.3666,0.40,constant,63,373.00,0.376674
864,1000,0.10,900,2,17,1.4245,0.40,constant,64,380.00,0.363595
865,1000,0.10,900,2,17,1.3681,0.40,constant,65,375.00,0.740266
866,1000,0.10,900,2,17,1.3448,0.40,constant,66,386.00,0.393482
867,1000,0.10,900,2,17,1.3895,0.40,constant,67,400.00,0.517328
868,1000,0.10,900,2,17,1.3931,0.40,constant,68,379.00,0.447960
869,1000,0.10,900,2,17,1.3742,0.40,constant,69,389.00,0.491653
870,1000,0.10,900,2,17,1.3841,0.40,constant,70,388.00,0.548000
871,1000,0.10,900,2,17,1.3491,0.40,constant,71,364.00,0.387412
872,1000,0.10,900,2,17,1.3761,0.40,constant,72,366.00,0.697276
873,1000,0.10,900,2,17,1.3476,0.40,constant,73,400.00,0.395417
874,1000,0.10,900,2,17,1.3683,0.40,constant,74,367.00,0.371793
875,1000,0.10,900,2,17,1.3562,0.40,constant,75,384.00,0.414384
876,1000,0.10,900,2,17,1.3642,0.40,constant,76,387.00,0.395899
877,1000,0.10,900,2,17,1.3792,0.40,constant,77,374.00,0.445699
878,1000,0.10,900,2,17,1.3856,0.40,constant,78,384.00,0.374972
879,1000,0.10,900,2,17,1.3755,0.40,constant,79,349.00,0.389218
880,1000,0.10,900,2,17,1.3487,0.40,constant,80,366.00,0.732353
881,1000,0.10,900,2,17,1.3599,0.40,constant,81,382.00,0.302162
882,1000,0.10,900,2,17,1.3634,0.40,constant,82,374.00,0.424636
883,1000,0.10,900,2,17,1.3525,0.40,constant,83,388.00,0.491325
884,1000,0.10,900,2,17,1.3898,0.40,constant,84,403.00,0.356632
885,1000,0.10,900,2,17,1.3660,0.40,constant,85,378.00,0.635482
886,1000,0.10,900,2,17,1.3810,0.40,constant,86,377.00,0.361357
887,1000,0.10,900,2,17,1.3308,0.40,constant,87,393.00,0.538735
888,1000,0.10,900,2,17,1.3412,0.40,constant,88,369.00,0.521629
889,1000,0.10,900,2,17,1.3872,0.40,constant,89,344.00,0.347050
890,1000,0.10,900,2,17,1.3556,0.40,constant,90,373.00,0.401925
891,1000,0.10,900,2,17,1.3471,0.40,constant,91,380.00,0.423468
892,1000,0.10,900,2,17,1.3853,0.40,constant,92,369.00,0.431154
893,1000,0.10,900,2,17,1.4142,0.40,constant,93,392.00,0.678641
894,1000,0.10,900,2,17,1.3750,0.40,constant,94,413.00,0.555124
895,1000,0.10,900,2,17,1.3608,0.40,constant,95,400.00,0.401392
896,1000,0.10,900,2,17,1.4038,0.40,constant,96,381.00,0.376940
897,1000,0.10,900,2,17,1.3638,0.40,constant,97,371.00,0.420073
898,1000,0.10,900,2,17,1.3661,0.40,constant,98,410.00,0.533815
899,1000,0.10,900,2,17,1.3629,0.40,constant,99,424.00,0.558225
900,1000,0.10,900,2,17,1.3562,0.45,constant,0,403.00,0.404159
901,1000,0.10,900,2,17,1.3460,0.45,constant,1,364.00,0.424192
902,1000,0.10,900,2,17,1.3764,0.45,constant,2,338.00,0.581320
903,1000,0.10,900,2,17,1.3302,0.45,constant,3,365.00,0.472009
904,1000,0.10,900,2,17,1.3402,0.45,constant,4,379.00,0.377150
905,1000,0.10,900,2,17,1.3705,0.45,constant,5,373.00,0.388124
906,1000,0.10,900,2,17,1.4087,0.45,constant,6,374.00,0.640763
907,1000,0.10,900,2,17,1.4229,0.45,constant,7,386.00,0.430457
908,1000,0.10,900,2,17,1.3533,0.45,constant,8,404.00,0.423923
909,1000,0.10,900,2,17,1.3599,0.45,constant,9,417.00,0.445714
910,1000,0.10,900,2,17,1.4378,0.45,constant,10,361.00,0.420510
911,1000,0.10,900,2,17,1.3728,0.45,constant,11,397.00,0.606295
912,1000,0.10,900,2,17,1.4304,0.45,constant,12,373.00,0.429008
913,1000,0.10,900,2,17,1.3706,0.45,constant,13,361.00,0.474798
914,1000,0.10,900,2,17,1.3643,0.45,constant,14,371.00,0.624904
915,1000,0.10,900,2,17,1.3476,0.45,constant,15,343.00,0.518902
916,1000,0.10,900,2,17,1.4004,0.45,constant,16,416.00,0.443590
917,1000,0.10,900,2,17,1.4055,0.45,constant,17,391.00,0.441221
918,1000,0.10,900,2,17,1.3672,0.45,constant,18,414.00,0.598775
919,1000,0.10,900,2,17,1.3793,0.45,constant,19,379.00,0.485897
920,1000,0.10,900,2,17,1.3796,0.45,constant,20,378.00,0.492462
921,1000,0.10,900,2,17,1.3881,0.45,constant,21,371.00,0.551147
922,1000,0.10,900,2,17,1.4147,0.45,constant,22,371.00,0.611054
923,1000,0.10,900,2,17,1.4023,0.45,constant,23,356.00,0.815350
924,1000,0.10,900,2,17,1.3973,0.45,constant,24,375.00,0.478994
925,1000,0.10,900,2,17,1.3530,0.45,constant,25,406.00,0.552933
926,1000,0.10,900,2,17,1.3873,0.45,constant,26,376.00,0.580689
927,1000,0.10,900,2,17,1.3708,0.45,constant,27,355.00,0.513752
928,1000,0.10,900,2,17,1.4509,0.45,constant,28,413.00,0.593232
929,1000,0.10,900,2,17,1.3713,0.45,constant,29,387.00,0.427043
930,1000,0.10,900,2,17,1.4161,0.45,constant,30,373.00,0.611640
931,1000,0.10,900,2,17,1.3625,0.45,constant,31,386.00,0.725113
932,1000,0.10,900,2,17,1.3554,0.45,constant,32,374.00,0.587406
933,1000,0.10,900,2,17,1.3794,0.45,constant,33,399.00,0.890109
934,1000,0.10,900,2,17,1.3323,0.45,constant,34,333.00,0.402263
935,1000,0.10,900,2,17,1.3735,0.45,constant,35,381.00,0.380316
936,1000,0.10,900,2,17,1.3716,0.45,constant,36,358.00,0.400721
937,1000,0.10,900,2,17,1.4264,0.45,constant,37,369.00,0.341622
938,1000,0.10,900,2,17,1.3938,0.45,constant,38,359.00,0.475628
939,1000,0.10,900,2,17,1.3440,0.45,constant,39,386.00,0.423170
940,1000,0.10,900,2,17,1.4115,0.45,constant,40,360.00,0.367948
941,1000,0.10,900,2,17,1.3667,0.45,constant,41,378.00,0.347468
942,1000,0.10,900,2,17,1.3648,0.45,constant,42,373.00,0.646925
943,1000,0.10,900,2,17,1.3246,0.45,constant,43,394.00,0.557080
944,1000,0.10,900,2,17,1.4248,0.45,constant,44,378.00,0.669109
945,1000,0.10,900,2,17,1.4615,0.45,constant,45,342.00,0.775717
946,1000,0.10,900,2,17,1.3621,0.45,constant,46,394.00,0.449110
947,1000,0.10,900,2,17,1.3529,0.45,constant,47,390.00,0.450750
948,1000,0.10,900,2,17,1.3523,0.45,constant,48,355.00,0.495209
949,1000,0.10,900,2,17,1.3907,0.45,constant,49,417.00,0.549510
950,1000,0.10,900,2,17,1.3872,0.45,constant,50,388.00,0.711437
951,1000,0.10,900,2,17,1.3865,0.45,constant,51,389.00,0.417192
952,1000,0.10,900,2,17,1.3485,0.45,constant,52,373.00,0.435570
953,1000,0.10,900,2,17,1.4081,0.45,constant,53,408.00,0.491954
954,1000,0.10,900,2,17,1.3967,0.45,constant,54,367.00,1.005632
955,1000,0.10,900,2,17,1.3953,0.45,constant,55,355.00,0.535460
956,1000,0.10,900,2,17,1.3541,0.45,constant,56,362.00,0.428383
957,1000,0.10,900,2,17,1.3223,0.45,constant,57,396.00,0.724617
958,1000,0.10,900,2,17,1.3882,0.45,constant,58,408.00,0.352639
959,1000,0.10,900,2,17,1.3464,0.45,constant,59,366.00,0.464374
960,1000,0.10,900,2,17,1.4467,0.45,constant,60,386.00,0.684502
961,1000,0.10,900,2,17,1.3547,0.45,constant,61,381.00,0.710858
962,1000,0.10,900,2,17,1.3968,0.45,constant,62,383.00,0.624696
963,1000,0.10,900,2,17,1.3645,0.45,constant,63,368.00,0.671657
964,1000,0.10,900,2,17,1.3332,0.45,constant,64,389.00,0.407799
965,1000,0.10,900,2,17,1.3765,0.45,constant,65,382.00,0.327663
966,1000,0.10,900,2,17,1.4063,0.45,constant,66,375.00,0.495576
967,1000,0.10,900,2,17,1.4146,0.45,constant,67,352.00,0.519429
968,1000,0.10,900,2,17,1.3833,0.45,constant,68,365.00,0.556614
969,1000,0.10,900,2,17,1.3717,0.45,constant,69,379.00,0.453532
970,1000,0.10,900,2,17,1.4174,0.45,constant,70,341.00,0.531008
971,1000,0.10,900,2,17,1.3469,0.45,constant,71,407.00,0.428505
972,1000,0.10,900,2,17,1.3489,0.45,constant,72,380.00,0.406730
973,1000,0.10,900,2,17,1.3714,0.45,constant,73,377.00,0.679080
974,1000,0.10,900,2,17,1.3925,0.45,constant,74,371.00,0.789178
975,1000,0.10,900,2,17,1.4014,0.45,constant,75,400.00,0.369328
976,1000,0.10,900,2,17,1.3897,0.45,constant,76,400.00,0.406417
977,1000,0.10,900,2,17,1.3640,0.45,constant,77,351.00,0.498804
978,1000,0.10,900,2,17,1.3557,0.45,constant,78,385.00,0.436290
979,1000,0.10,900,2,17,1.4094,0.45,constant,79,374.00,0.737681
980,1000,0.10,900,2,17,1.3668,0.45,constant,80,389.00,0.783003
981,1000,0.10,900,2,17,1.3460,0.45,constant,81,395.00,0.409086
982,1000,0.10,900,2,17,1.3711,0.45,constant,82,390.00,0.367027
983,1000,0.10,900,2,17,1.3964,0.45,constant,83,380.00,0.404179
984,1000,0.10,900,2,17,1.4192,0.45,constant,84,347.00,0.499757
985,1000,0.10,900,2,17,1.4367,0.45,constant,85,391.00,0.443158
986,1000,0.10,900,2,17,1.4278,0.45,constant,86,388.00,0.819164
987,1000,0.10,900,2,17,1.3482,0.45,constant,87,383.00,0.435466
988,1000,0.10,900,2,17,1.3866,0.45,constant,88,370.00,0.565982
989,1000,0.10,900,2,17,1.3804,0.45,constant,89,389.00,0.429953
990,1000,0.10,900,2,17,1.4012,0.45,constant,90,362.00,0.471225
991,1000,0.10,900,2,17,1.4207,0.45,constant,91,345.00,0.639914
992,1000,0.10,900,2,17,1.3855,0.45,constant,92,370.00,0.522319
993,1000,0.10,900,2,17,1.3765,0.45,constant,93,397.00,1.176453
994,1000,0.10,900,2,17,1.3908,0.45,constant,94,375.00,0.455199
995,1000,0.10,900,2,17,1.3653,0.45,constant,95,396.00,0.774391
996,1000,0.10,900,2,17,1.4483,0.45,constant,96,389.00,0.405816
997,1000,0.10,900,2,17,1.4050,0.45,constant,97,393.00,0.319040
998,1000,0.10,900,2,17,1.3992,0.45,constant,98,401.00,0.884974
999,1000,0.10,900,2,17,1.3551,0.45,constant,99,329.00,0.622145
1000,1000,0.10,900,2,17,1.4059,0.50,constant,0,374.00,1.025350
1001,1000,0.10,900,2,17,1.4058,0.50,constant,1,417.00,0.973852
1002,1000,0.10,900,2,17,1.3283,0.50,constant,2,392.00,0.550972
1003,1000,0.10,900,2,17,1.3857,0.50,constant,3,387.00,1.024911
1004,1000,0.10,900,2,17,1.4352,0.50,constant,4,416.00,1.000731
1005,1000,0.10,900,2,17,1.4130,0.50,constant,5,348.00,0.705068
1006,1000,0.10,900,2,17,1.3589,0.50,constant,6,382.00,0.367453
1007,1000,0.10,900,2,17,1.3936,0.50,constant,7,394.00,0.428416
1008,1000,0.10,900,2,17,1.3997,0.50,constant,8,397.00,0.492688
1009,1000,0.10,900,2,17,1.4160,0.50,constant,9,345.00,0.411594
1010,1000,0.10,900,2,17,1.2987,0.50,constant,10,398.00,0.646758
1011,1000,0.10,900,2,17,1.3952,0.50,constant,11,396.00,0.382473
1012,1000,0.10,900,2,17,1.3357,0.50,constant,12,386.00,0.652387
1013,1000,0.10,900,2,17,1.3827,0.50,constant,13,374.00,0.474575
1014,1000,0.10,900,2,17,1.3770,0.50,constant,14,386.00,0.669505
1015,1000,0.10,900,2,17,1.3929,0.50,constant,15,414.00,0.636836
1016,1000,0.10,900,2,17,1.3297,0.50,constant,16,371.00,0.579478
1017,1000,0.10,900,2,17,1.3337,0.50,constant,17,368.00,0.517920
1018,1000,0.10,900,2,17,1.3209,0.50,constant,18,374.00,0.441555
1019,1000,0.10,900,2,17,1.3561,0.50,constant,19,391.00,0.526300
1020,1000,0.10,900,2,17,1.3909,0.50,constant,20,383.00,0.555533
1021,1000,0.10,900,2,17,1.3658,0.50,constant,21,369.00,0.714249
1022,1000,0.10,900,2,17,1.3682,0.50,constant,22,382.00,0.737694
1023,1000,0.10,900,2,17,1.3273,0.50,constant,23,400.00,0.652241
1024,1000,0.10,900,2,17,1.4014,0.50,constant,24,396.00,0.528396
1025,1000,0.10,900,2,17,1.3805,0.50,constant,25,381.00,1.163761
1026,1000,0.10,900,2,17,1.4056,0.50,constant,26,410.00,0.586974
1027,1000,0.10,900,2,17,1.3824,0.50,constant,27,361.00,0.478898
1028,1000,0.10,900,2,17,1.3838,0.50,constant,28,359.00,0.605489
1029,1000,0.10,900,2,17,1.3830,0.50,constant,29,355.00,0.503709
1030,1000,0.10,900,2,17,1.3643,0.50,constant,30,373.00,0.634696
1031,1000,0.10,900,2,17,1.3247,0.50,constant,31,427.00,0.404966
1032,1000,0.10,900,2,17,1.3771,0.50,constant,32,356.00,0.592796
1033,1000,0.10,900,2,17,1.4051,0.50,constant,33,393.00,0.492912
1034,1000,0.10,900,2,17,1.3683,0.50,constant,34,387.00,0.539756
1035,1000,0.10,900,2,17,1.3314,0.50,constant,35,366.00,0.720775
1036,1000,0.10,900,2,17,1.3835,0.50,constant,36,371.00,0.445814
1037,1000,0.10,900,2,17,1.3691,0.50,constant,37,389.00,0.580364
1038,1000,0.10,900,2,17,1.4552,0.50,constant,38,384.00,0.563535
1039,1000,0.10,900,2,17,1.4549,0.50,constant,39,378.00,0.687740
1040,1000,0.10,900,2,17,1.2991,0.50,constant,40,381.00,0.895005
1041,1000,0.10,900,2,17,1.4004,0.50,constant,41,357.00,0.784570
1042,1000,0.10,900,2,17,1.3442,0.50,constant,42,331.00,0.467252
1043,1000,0.10,900,2,17,1.3822,0.50,constant,43,377.00,0.464440
1044,1000,0.10,900,2,17,1.4082,0.50,constant,44,386.00,0.530074
1045,1000,0.10,900,2,17,1.3937,0.50,constant,45,403.00,0.513253
1046,1000,0.10,900,2,17,1.3269,0.50,constant,46,388.00,0.489079
1047,1000,0.10,900,2,17,1.3918,0.50,constant,47,370.00,0.460326
1048,1000,0.10,900,2,17,1.3282,0.50,constant,48,424.00,0.765165
1049,1000,0.10,900,2,17,1.3607,0.50,constant,49,359.00,0.743139
1050,1000,0.10,900,2,17,1.3931,0.50,constant,50,381.00,0.451215
1051,1000,0.10,900,2,17,1.3482,0.50,constant,51,371.00,0.480568
1052,1000,0.10,900,2,17,1.4383,0.50,constant,52,394.00,0.535438
1053,1000,0.10,900,2,17,1.3953,0.50,constant,53,394.00,0.982151
1054,1000,0.10,900,2,17,1.3853,0.50,constant,54,385.00,0.495860
1055,1000,0.10,900,2,17,1.4024,0.50,constant,55,360.00,0.573771
1056,1000,0.10,900,2,17,1.3779,0.50,constant,56,391.00,0.593424
1057,1000,0.10,900,2,17,1.3932,0.50,constant,57,346.00,0.629451
1058,1000,0.10,900,2,17,1.4002,0.50,constant,58,380.00,0.571429
1059,1000,0.10,900,2,17,1.4182,0.50,constant,59,381.00,0.858432
1060,1000,0.10,900,2,17,1.3855,0.50,constant,60,407.00,0.447782
1061,1000,0.10,900,2,17,1.3191,0.50,constant,61,366.00,0.470968
1062,1000,0.10,900,2,17,1.3672,0.50,constant,62,359.00,0.533983
1063,1000,0.10,900,2,17,1.3698,0.50,constant,63,381.00,0.548084
1064,1000,0.10,900,2,17,1.3662,0.50,constant,64,382.00,0.597067
1065,1000,0.10,900,2,17,1.3860,0.50,constant,65,382.00,0.452136
1066,1000,0.10,900,2,17,1.3768,0.50,constant,66,385.00,0.619397
1067,1000,0.10,900,2,17,1.3701,0.50,constant,67,380.00,0.749984
1068,1000,0.10,900,2,17,1.3958,0.50,constant,68,377.00,0.521116
1069,1000,0.10,900,2,17,1.4191,0.50,constant,69,402.00,0.530331
1070,1000,0.10,900,2,17,1.4196,0.50,constant,70,362.00,0.796930
1071,1000,0.10,900,2,17,1.3456,0.50,constant,71,390.00,0.486857
1072,1000,0.10,900,2,17,1.3627,0.50,constant,72,374.00,0.514089
1073,1000,0.10,900,2,17,1.3634,0.50,constant,73,395.00,0.920428
1074,1000,0.10,900,2,17,1.3658,0.50,constant,74,401.00,0.466713
1075,1000,0.10,900,2,17,1.3800,0.50,constant,75,350.00,0.545810
1076,1000,0.10,900,2,17,1.3711,0.50,constant,76,405.00,0.506849
1077,1000,0.10,900,2,17,1.3888,0.50,constant,77,393.00,0.732763
1078,1000,0.10,900,2,17,1.3647,0.50,constant,78,374.00,0.569868
1079,1000,0.10,900,2,17,1.4000,0.50,constant,79,398.00,0.444034
1080,1000,0.10,900,2,17,1.4047,0.50,constant,80,376.00,0.612235
1081,1000,0.10,900,2,17,1.3849,0.50,constant,81,362.00,0.817499
1082,1000,0.10,900,2,17,1.3976,0.50,constant,82,383.00,0.416728
1083,1000,0.10,900,2,17,1.4071,0.50,constant,83,382.00,0.553778
1084,1000,0.10,900,2,17,1.4131,0.50,constant,84,404.00,0.669476
1085,1000,0.10,900,2,17,1.3833,0.50,constant,85,373.00,0.520810
1086,1000,0.10,900,2,17,1.3906,0.50,constant,86,384.00,0.620854
1087,1000,0.10,900,2,17,1.4051,0.50,constant,87,364.00,0.403790
1088,1000,0.10,900,2,17,1.3852,0.50,constant,88,385.00,0.736540
1089,1000,0.10,900,2,17,1.3570,0.50,constant,89,370.00,0.639212
1090,1000,0.10,900,2,17,1.3675,0.50,constant,90,419.00,1.365525
1091,1000,0.10,900,2,17,1.3725,0.50,constant,91,386.00,0.663134
1092,1000,0.10,900,2,17,1.3926,0.50,constant,92,359.00,0.542637
1093,1000,0.10,900,2,17,1.3827,0.50,constant,93,364.00,0.389732
1094,1000,0.10,900,2,17,1.3712,0.50,constant,94,367.00,0.688043
1095,1000,0.10,900,2,17,1.4019,0.50,constant,95,365.00,0.524686
1096,1000,0.10,900,2,17,1.4446,0.50,constant,96,369.00,0.824624
1097,1000,0.10,900,2,17,1.3728,0.50,constant,97,400.00,0.530618
1098,1000,0.10,900,2,17,1.3739,0.50,constant,98,361.00,0.597078
1099,1000,0.10,900,2,17,1.3942,0.50,constant,99,342.00,0.512587
1100,1000,0.10,900,2,17,1.3684,0.55,constant,0,405.00,0.633405
1101,1000,0.10,900,2,17,1.4055,0.55,constant,1,378.00,0.586559
1102,1000,0.10,900,2,17,1.3830,0.55,constant,2,391.00,0.504845
1103,1000,0.10,900,2,17,1.3411,0.55,constant,3,397.00,0.744552
1104,1000,0.10,900,2,17,1.3694,0.55,constant,4,384.00,0.589437
1105,1000,0.10,900,2,17,1.3637,0.55,constant,5,406.00,0.577508
1106,1000,0.10,900,2,17,1.3632,0.55,constant,6,399.00,0.756127
1107,1000,0.10,900,2,17,1.4037,0.55,constant,7,375.00,0.512063
1108,1000,0.10,900,2,17,1.3086,0.55,constant,8,381.00,0.515326
1109,1000,0.10,900,2,17,1.3995,0.55,constant,9,373.00,0.630198
1110,1000,0.10,900,2,17,1.4602,0.55,constant,10,359.00,0.679752
1111,1000,0.10,900,2,17,1.3771,0.55,constant,11,417.00,0.524190
1112,1000,0.10,900,2,17,1.4145,0.55,constant,12,386.00,0.731906
1113,1000,0.10,900,2,17,1.3375,0.55,constant,13,409.00,0.479487
1114,1000,0.10,900,2,17,1.3746,0.55,constant,14,399.00,0.673134
1115,1000,0.10,900,2,17,1.3767,0.55,constant,15,387.00,0.639345
1116,1000,0.10,900,2,17,1.4110,0.55,constant,16,369.00,0.482871
1117,1000,0.10,900,2,17,1.3904,0.55,constant,17,405.00,0.598763
1118,1000,0.10,900,2,17,1.3530,0.55,constant,18,367.00,0.546707
1119,1000,0.10,900,2,17,1.3782,0.55,constant,19,411.00,0.857236
1120,1000,0.10,900,2,17,1.3108,0.55,constant,20,392.00,0.522997
1121,1000,0.10,900,2,17,1.3477,0.55,constant,21,418.00,0.504180
1122,1000,0.10,900,2,17,1.3526,0.55,constant,22,374.00,0.511377
1123,1000,0.10,900,2,17,1.3685,0.55,constant,23,406.00,0.420077
1124,1000,0.10,900,2,17,1.3802,0.55,constant,24,370.00,0.783547
1125,1000,0.10,900,2,17,1.3702,0.55,constant,25,400.00,0.401669
1126,1000,0.10,900,2,17,1.3759,0.55,constant,26,403.00,0.890613
1127,1000,0.10,900,2,17,1.3551,0.55,constant,27,354.00,0.613327
1128,1000,0.10,900,2,17,1.3857,0.55,constant,28,406.00,0.595836
1129,1000,0.10,900,2,17,1.3893,0.55,constant,29,416.00,1.178032
1130,1000,0.10,900,2,17,1.3828,0.55,constant,30,352.00,0.603178
1131,1000,0.10,900,2,17,1.3790,0.55,constant,31,349.00,0.532915
1132,1000,0.10,900,2,17,1.3283,0.55,constant,32,359.00,0.664710
1133,1000,0.10,900,2,17,1.3658,0.55,constant,33,374.00,0.579829
1134,1000,0.10,900,2,17,1.3720,0.55,constant,34,375.00,0.573051
1135,1000,0.10,900,2,17,1.4028,0.55,constant,35,404.00,0.653487
1136,1000,0.10,900,2,17,1.3819,0.55,constant,36,403.00,0.802136
1137,1000,0.10,900,2,17,1.4113,0.55,constant,37,398.00,0.770769
1138,1000,0.10,900,2,17,1.4084,0.55,constant,38,393.00,0.474584
1139,1000,0.10,900,2,17,1.4204,0.55,constant,39,359.00,0.662331
1140,1000,0.10,900,2,17,1.4103,0.55,constant,40,403.00,0.587971
1141,1000,0.10,900,2,17,1.3736,0.55,constant,41,370.00,0.713170
1142,1000,0.10,900,2,17,1.3747,0.55,constant,42,399.00,0.651701
1143,1000,0.10,900,2,17,1.4325,0.55,constant,43,411.00,0.834285
1144,1000,0.10,900,2,17,1.3627,0.55,constant,44,402.00,0.910888
1145,1000,0.10,900,2,17,1.3805,0.55,constant,45,394.00,0.503018
1146,1000,0.10,900,2,17,1.3701,0.55,constant,46,385.00,0.612894
1147,1000,0.10,900,2,17,1.3597,0.55,constant,47,356.00,0.427117
1148,1000,0.10,900,2,17,1.3203,0.55,constant,48,367.00,0.589723
1149,1000,0.10,900,2,17,1.3541,0.55,constant,49,364.00,0.670093
1150,1000,0.10,900,2,17,1.3436,0.55,constant,50,407.00,0.551922
1151,1000,0.10,900,2,17,1.3694,0.55,constant,51,409.00,0.526568
1152,1000,0.10,900,2,17,1.3008,0.55,constant,52,421.00,0.629144
1153,1000,0.10,900,2,17,1.3266,0.55,constant,53,384.00,0.594915
1154,1000,0.10,900,2,17,1.3531,0.55,constant,54,356.00,0.729133
1155,1000,0.10,900,2,17,1.3353,0.55,constant,55,383.00,0.556102
1156,1000,0.10,900,2,17,1.3378,0.55,constant,56,395.00,0.725016
1157,1000,0.10,900,2,17,1.4106,0.55,constant,57,379.00,0.601353
1158,1000,0.10,900,2,17,1.4271,0.55,constant,58,385.00,0.639201
1159,1000,0.10,900,2,17,1.3851,0.55,constant,59,431.00,0.652264
1160,1000,0.10,900,2,17,1.3603,0.55,constant,60,398.00,0.581060
1161,1000,0.10,900,2,17,1.4195,0.55,constant,61,395.00,0.526000
1162,1000,0.10,900,2,17,1.3627,0.55,constant,62,384.00,0.642607
1163,1000,0.10,900,2,17,1.3863,0.55,constant,63,356.00,0.780630
1164,1000,0.10,900,2,17,1.3858,0.55,constant,64,413.00,0.606567
1165,1000,0.10,900,2,17,1.3986,0.55,constant,65,387.00,0.635902
1166,1000,0.10,900,2,17,1.3663,0.55,constant,66,414.00,0.820290
1167,1000,0.10,900,2,17,1.3681,0.55,constant,67,398.00,0.740314
1168,1000,0.10,900,2,17,1.3750,0.55,constant,68,398.00,0.838985
1169,1000,0.10,900,2,17,1.4111,0.55,constant,69,375.00,0.631626
1170,1000,0.10,900,2,17,1.3464,0.55,constant,70,383.00,0.545696
1171,1000,0.10,900,2,17,1.4065,0.55,constant,71,362.00,0.629263
1172,1000,0.10,900,2,17,1.3812,0.55,constant,72,361.00,0.547483
1173,1000,0.10,900,2,17,1.3586,0.55,constant,73,366.00,0.669168
1174,1000,0.10,900,2,17,1.4352,0.55,constant,74,384.00,1.127703
1175,1000,0.10,900,2,17,1.3757,0.55,constant,75,416.00,0.858302
1176,1000,0.10,900,2,17,1.4204,0.55,constant,76,375.00,0.581629
1177,1000,0.10,900,2,17,1.3751,0.55,constant,77,374.00,0.790992
1178,1000,0.10,900,2,17,1.3575,0.55,constant,78,351.00,0.591113
1179,1000,0.10,900,2,17,1.3933,0.55,constant,79,372.00,0.613849
1180,1000,0.10,900,2,17,1.3954,0.55,constant,80,399.00,0.572949
1181,1000,0.10,900,2,17,1.3709,0.55,constant,81,375.00,0.748585
1182,1000,0.10,900,2,17,1.3697,0.55,constant,82,359.00,0.563750
1183,1000,0.10,900,2,17,1.3700,0.55,constant,83,369.00,0.680464
1184,1000,0.10,900,2,17,1.3622,0.55,constant,84,403.00,0.721282
1185,1000,0.10,900,2,17,1.3431,0.55,constant,85,414.00,0.497228
1186,1000,0.10,900,2,17,1.3753,0.55,constant,86,391.00,0.876637
1187,1000,0.10,900,2,17,1.4242,0.55,constant,87,393.00,0.469364
1188,1000,0.10,900,2,17,1.3653,0.55,constant,88,348.00,0.554732
1189,1000,0.10,900,2,17,1.3959,0.55,constant,89,373.00,0.665019
1190,1000,0.10,900,2,17,1.3885,0.55,constant,90,375.00,0.926729
1191,1000,0.10,900,2,17,1.3562,0.55,constant,91,420.00,0.651608
1192,1000,0.10,900,2,17,1.3414,0.55,constant,92,379.00,0.868886
1193,1000,0.10,900,2,17,1.3758,0.55,constant,93,373.00,0.737746
1194,1000,0.10,900,2,17,1.3509,0.55,constant,94,360.00,0.531528
1195,1000,0.10,900,2,17,1.3573,0.55,constant,95,343.00,0.924273
1196,1000,0.10,900,2,17,1.3696,0.55,constant,96,369.00,0.485664
1197,1000,0.10,900,2,17,1.3945,0.55,constant,97,379.00,0.610892
1198,1000,0.10,900,2,17,1.3523,0.55,constant,98,391.00,0.854824
1199,1000,0.10,900,2,17,1.3941,0.55,constant,99,363.00,0.982252
1200,1000,0.10,900,2,17,1.4029,0.60,constant,0,407.00,1.273741
1201,1000,0.10,900,2,17,1.3569,0.60,constant,1,377.00,0.823389
1202,1000,0.10,900,2,17,1.3851,0.60,constant,2,365.00,0.579261
1203,1000,0.10,900,2,17,1.3762,0.60,constant,3,393.00,0.763833
1204,1000,0.10,900,2,17,1.4056,0.60,constant,4,392.00,0.658946
1205,1000,0.10,900,2,17,1.3566,0.60,constant,5,396.00,0.604595
1206,1000,0.10,900,2,17,1.3195,0.60,constant,6,381.00,0.813812
1207,1000,0.10,900,2,17,1.3891,0.60,constant,7,354.00,0.782460
1208,1000,0.10,900,2,17,1.3464,0.60,constant,8,372.00,0.562061
1209,1000,0.10,900,2,17,1.4357,0.60,constant,9,406.00,0.716425
1210,1000,0.10,900,2,17,1.4121,0.60,constant,10,360.00,0.611547
1211,1000,0.10,900,2,17,1.3760,0.60,constant,11,395.00,0.585414
1212,1000,0.10,900,2,17,1.3750,0.60,constant,12,363.00,0.629817
1213,1000,0.10,900,2,17,1.3939,0.60,constant,13,402.00,0.647716
1214,1000,0.10,900,2,17,1.3421,0.60,constant,14,372.00,0.579200
1215,1000,0.10,900,2,17,1.3287,0.60,constant,15,359.00,0.739933
1216,1000,0.10,900,2,17,1.3920,0.60,constant,16,383.00,0.941958
1217,1000,0.10,900,2,17,1.3859,0.60,constant,17,387.00,0.634296
1218,1000,0.10,900,2,17,1.3832,0.60,constant,18,367.00,0.533844
1219,1000,0.10,900,2,17,1.4071,0.60,constant,19,391.00,0.649717
1220,1000,0.10,900,2,17,1.4088,0.60,constant,20,369.00,0.768927
1221,1000,0.10,900,2,17,1.3473,0.60,constant,21,366.00,0.631667
1222,1000,0.10,900,2,17,1.3828,0.60,constant,22,386.00,0.934389
1223,1000,0.10,900,2,17,1.4299,0.60,constant,23,369.00,0.566517
1224,1000,0.10,900,2,17,1.3375,0.60,constant,24,353.00,0.643470
1225,1000,0.10,900,2,17,1.4110,0.60,constant,25,372.00,0.919421
1226,1000,0.10,900,2,17,1.3539,0.60,constant,26,373.00,0.606377
1227,1000,0.10,900,2,17,1.3977,0.60,constant,27,427.00,0.635761
1228,1000,0.10,900,2,17,1.3597,0.60,constant,28,377.00,0.796463
1229,1000,0.10,900,2,17,1.3227,0.60,constant,29,398.00,0.621855
1230,1000,0.10,900,2,17,1.3284,0.60,constant,30,374.00,0.597093
1231,1000,0.10,900,2,17,1.3520,0.60,constant,31,394.00,0.489148
1232,1000,0.10,900,2,17,1.3438,0.60,constant,32,377.00,0.681611
1233,1000,0.10,900,2,17,1.4254,0.60,constant,33,400.00,0.593258
1234,1000,0.10,900,2,17,1.3884,0.60,constant,34,397.00,0.735758
1235,1000,0.10,900,2,17,1.3531,0.60,constant,35,381.00,0.602084
1236,1000,0.10,900,2,17,1.3597,0.60,constant,36,381.00,0.584572
1237,1000,0.10,900,2,17,1.3345,0.60,constant,37,401.00,0.583308
1238,1000,0.10,900,2,17,1.3739,0.60,constant,38,356.00,0.671341
1239,1000,0.10,900,2,17,1.3474,0.60,constant,39,377.00,0.699651
1240,1000,0.10,900,2,17,1.3522,0.60,constant,40,396.00,0.785109
1241,1000,0.10,900,2,17,1.3491,0.60,constant,41,390.00,0.791708
1242,1000,0.10,900,2,17,1.3592,0.60,constant,42,393.00,0.552318
1243,1000,0.10,900,2,17,1.3761,0.60,constant,43,347.00,0.718128
1244,1000,0.10,900,2,17,1.3671,0.60,constant,44,413.00,0.819279
1245,1000,0.10,900,2,17,1.3524,0.60,constant,45,381.00,0.679742
1246,1000,0.10,900,2,17,1.3325,0.60,constant,46,358.00,0.707233
1247,1000,0.10,900,2,17,1.3621,0.60,constant,47,404.00,0.625351
1248,1000,0.10,900,2,17,1.3919,0.60,constant,48,373.00,0.556897
1249,1000,0.10,900,2,17,1.3698,0.60,constant,49,372.00,0.666101
1250,1000,0.10,900,2,17,1.3427,0.60,constant,50,416.00,0.595823
1251,1000,0.10,900,2,17,1.4004,0.60,constant,51,392.00,0.670607
1252,1000,0.10,900,2,17,1.3775,0.60,constant,52,386.00,0.737815
1253,1000,0.10,900,2,17,1.3900,0.60,constant,53,399.00,1.085796
1254,1000,0.10,900,2,17,1.3346,0.60,constant,54,358.00,0.730137
1255,1000,0.10,900,2,17,1.3590,0.60,constant,55,400.00,0.568951
1256,1000,0.10,900,2,17,1.3623,0.60,constant,56,382.00,0.878070
1257,1000,0.10,900,2,17,1.3679,0.60,constant,57,374.00,0.849039
1258,1000,0.10,900,2,17,1.3770,0.60,constant,58,395.00,0.588413
1259,1000,0.10,900,2,17,1.3686,0.60,constant,59,379.00,0.812767
1260,1000,0.10,900,2,17,1.3678,0.60,constant,60,384.00,0.626445
1261,1000,0.10,900,2,17,1.3415,0.60,constant,61,366.00,0.515343
1262,1000,0.10,900,2,17,1.3869,0.60,constant,62,392.00,0.695190
1263,1000,0.10,900,2,17,1.3888,0.60,constant,63,366.00,0.557527
1264,1000,0.10,900,2,17,1.3478,0.60,constant,64,399.00,0.858312
1265,1000,0.10,900,2,17,1.3853,0.60,constant,65,379.00,0.729595
1266,1000,0.10,900,2,17,1.3658,0.60,constant,66,408.00,0.651365
1267,1000,0.10,900,2,17,1.3591,0.60,constant,67,342.00,0.615129
1268,1000,0.10,900,2,17,1.3659,0.60,constant,68,408.00,0.641107
1269,1000,0.10,900,2,17,1.4035,0.60,constant,69,389.00,0.703884
1270,1000,0.10,900,2,17,1.3446,0.60,constant,70,417.00,0.751403
1271,1000,0.10,900,2,17,1.4083,0.60,constant,71,382.00,0.912569
1272,1000,0.10,900,2,17,1.3701,0.60,constant,72,398.00,0.627159
1273,1000,0.10,900,2,17,1.3284,0.60,constant,73,365.00,0.808714
1274,1000,0.10,900,2,17,1.3628,0.60,constant,74,393.00,0.712451
1275,1000,0.10,900,2,17,1.4142,0.60,constant,75,386.00,0.674408
1276,1000,0.10,900,2,17,1.3716,0.60,constant,76,370.00,0.571495
1277,1000,0.10,900,2,17,1.3912,0.60,constant,77,395.00,0.718014
1278,1000,0.10,900,2,17,1.3523,0.60,constant,78,383.00,0.573865
1279,1000,0.10,900,2,17,1.3831,0.60,constant,79,379.00,0.649590
1280,1000,0.10,900,2,17,1.3742,0.60,constant,80,392.00,0.604466
1281,1000,0.10,900,2,17,1.3744,0.60,constant,81,371.00,0.497631
1282,1000,0.10,900,2,17,1.4272,0.60,constant,82,380.00,0.662395
1283,1000,0.10,900,2,17,1.3993,0.60,constant,83,391.00,0.583292
1284,1000,0.10,900,2,17,1.4074,0.60,constant,84,376.00,0.645932
1285,1000,0.10,900,2,17,1.3275,0.60,constant,85,411.00,0.891678
1286,1000,0.10,900,2,17,1.3780,0.60,constant,86,375.00,0.771907
1287,1000,0.10,900,2,17,1.4137,0.60,constant,87,382.00,0.638228
1288,1000,0.10,900,2,17,1.3888,0.60,constant,88,365.00,0.621645
1289,1000,0.10,900,2,17,1.3563,0.60,constant,89,339.00,0.656966
1290,1000,0.10,900,2,17,1.3391,0.60,constant,90,379.00,0.519687
1291,1000,0.10,900,2,17,1.3687,0.60,constant,91,388.00,0.704100
1292,1000,0.10,900,2,17,1.3227,0.60,constant,92,382.00,0.581555
1293,1000,0.10,900,2,17,1.3411,0.60,constant,93,406.00,0.557677
1294,1000,0.10,900,2,17,1.3689,0.60,constant,94,367.00,0.708414
1295,1000,0.10,900,2,17,1.4080,0.60,constant,95,390.00,0.588627
1296,1000,0.10,900,2,17,1.3687,0.60,constant,96,397.00,0.670592
1297,1000,0.10,900,2,17,1.3515,0.60,constant,97,376.00,0.897898
1298,1000,0.10,900,2,17,1.3577,0.60,constant,98,371.00,0.566987
1299,1000,0.10,900,2,17,1.4321,0.60,constant,99,395.00,0.646050
1300,1000,0.10,900,2,17,1.3369,0.65,constant,0,393.00,0.647644
1301,1000,0.10,900,2,17,1.4020,0.65,constant,1,365.00,0.799188
1302,1000,0.10,900,2,17,1.3952,0.65,constant,2,381.00,0.736974
1303,1000,0.10,900,2,17,1.3297,0.65,constant,3,393.00,0.681683
1304,1000,0.10,900,2,17,1.3806,0.65,constant,4,405.00,0.621963
1305,1000,0.10,900,2,17,1.3809,0.65,constant,5,356.00,0.775392
1306,1000,0.10,900,2,17,1.3189,0.65,constant,6,379.00,0.714584
1307,1000,0.10,900,2,17,1.4237,0.65,constant,7,363.00,0.737060
1308,1000,0.10,900,2,17,1.3472,0.65,constant,8,381.00,0.660104
1309,1000,0.10,900,2,17,1.3532,0.65,constant,9,408.00,0.973077
1310,1000,0.10,900,2,17,1.3712,0.65,constant,10,341.00,0.582113
1311,1000,0.10,900,2,17,1.3578,0.65,constant,11,368.00,0.729535
1312,1000,0.10,900,2,17,1.3581,0.65,constant,12,392.00,0.720495
1313,1000,0.10,900,2,17,1.3457,0.65,constant,13,381.00,0.804635
1314,1000,0.10,900,2,17,1.3593,0.65,constant,14,395.00,0.691665
1315,1000,0.10,900,2,17,1.3956,0.65,constant,15,383.00,0.734621
1316,1000,0.10,900,2,17,1.2786,0.65,constant,16,400.00,0.595828
1317,1000,0.10,900,2,17,1.3394,0.65,constant,17,417.00,0.684983
1318,1000,0.10,900,2,17,1.3741,0.65,constant,18,365.00,0.892276
1319,1000,0.10,900,2,17,1.3693,0.65,constant,19,366.00,0.818012
1320,1000,0.10,900,2,17,1.4203,0.65,constant,20,391.00,0.873242
1321,1000,0.10,900,2,17,1.4078,0.65,constant,21,396.00,0.634480
1322,1000,0.10,900,2,17,1.3481,0.65,constant,22,417.00,0.870644
1323,1000,0.10,900,2,17,1.3970,0.65,constant,23,362.00,0.866727
1324,1000,0.10,900,2,17,1.4090,0.65,constant,24,389.00,0.740229
1325,1000,0.10,900,2,17,1.3252,0.65,constant,25,391.00,0.795163
1326,1000,0.10,900,2,17,1.3541,0.65,constant,26,395.00,0.651026
1327,1000,0.10,900,2,17,1.3634,0.65,constant,27,347.00,0.795913
1328,1000,0.10,900,2,17,1.3624,0.65,constant,28,394.00,0.789552
1329,1000,0.10,900,2,17,1.3878,0.65,constant,29,369.00,0.749381
1330,1000,0.10,900,2,17,1.4077,0.65,constant,30,350.00,1.078571
1331,1000,0.10,900,2,17,1.3980,0.65,constant,31,363.00,0.964611
1332,1000,0.10,900,2,17,1.3359,0.65,constant,32,365.00,0.933080
1333,1000,0.10,900,2,17,1.3205,0.65,constant,33,370.00,0.577205
1334,1000,0.10,900,2,17,1.3922,0.65,constant,34,399.00,0.799484
1335,1000,0.10,900,2,17,1.3961,0.65,constant,35,373.00,0.712745
1336,1000,0.10,900,2,17,1.3508,0.65,constant,36,398.00,0.832934
1337,1000,0.10,900,2,17,1.3818,0.65,constant,37,403.00,0.588701
1338,1000,0.10,900,2,17,1.3781,0.65,constant,38,435.00,0.748174
1339,1000,0.10,900,2,17,1.3164,0.65,constant,39,367.00,0.619933
1340,1000,0.10,900,2,17,1.4219,0.65,constant,40,400.00,0.672600
1341,1000,0.10,900,2,17,1.3869,0.65,constant,41,382.00,0.597638
1342,1000,0.10,900,2,17,1.3789,0.65,constant,42,461.00,0.690864
1343,1000,0.10,900,2,17,1.3353,0.65,constant,43,356.00,0.623314
1344,1000,0.10,900,2,17,1.4020,0.65,constant,44,367.00,0.898504
1345,1000,0.10,900,2,17,1.3597,0.65,constant,45,382.00,0.699163
1346,1000,0.10,900,2,17,1.3501,0.65,constant,46,404.00,0.603856
1347,1000,0.10,900,2,17,1.4021,0.65,constant,47,395.00,0.669892
1348,1000,0.10,900,2,17,1.3512,0.65,constant,48,374.00,0.791643
1349,1000,0.10,900,2,17,1.3511,0.65,constant,49,363.00,0.662936
1350,1000,0.10,900,2,17,1.3911,0.65,constant,50,368.00,0.685245
1351,1000,0.10,900,2,17,1.3639,0.65,constant,51,366.00,0.609863
1352,1000,0.10,900,2,17,1.3118,0.65,constant,52,390.00,0.709003
1353,1000,0.10,900,2,17,1.3062,0.65,constant,53,360.00,1.024778
1354,1000,0.10,900,2,17,1.3840,0.65,constant,54,400.00,0.763602
1355,1000,0.10,900,2,17,1.3448,0.65,constant,55,372.00,0.661534
1356,1000,0.10,900,2,17,1.4030,0.65,constant,56,385.00,0.892173
1357,1000,0.10,900,2,17,1.3642,0.65,constant,57,390.00,0.703217
1358,1000,0.10,900,2,17,1.3634,0.65,constant,58,396.00,0.678877
1359,1000,0.10,900,2,17,1.3350,0.65,constant,59,405.00,0.806374
1360,1000,0.10,900,2,17,1.3313,0.65,constant,60,389.00,0.735547
1361,1000,0.10,900,2,17,1.3215,0.65,constant,61,422.00,0.925057
1362,1000,0.10,900,2,17,1.3449,0.65,constant,62,380.00,0.788227
1363,1000,0.10,900,2,17,1.3057,0.65,constant,63,394.00,0.752645
1364,1000,0.10,900,2,17,1.3236,0.65,constant,64,370.00,0.638063
1365,1000,0.10,900,2,17,1.3517,0.65,constant,65,360.00,0.770566
1366,1000,0.10,900,2,17,1.3344,0.65,constant,66,360.00,0.616633
1367,1000,0.10,900,2,17,1.3500,0.65,constant,67,400.00,0.745132
1368,1000,0.10,900,2,17,1.3438,0.65,constant,68,383.00,0.751616
1369,1000,0.10,900,2,17,1.3803,0.65,constant,69,382.00,0.830222
1370,1000,0.10,900,2,17,1.3736,0.65,constant,70,405.00,0.789743
1371,1000,0.10,900,2,17,1.3654,0.65,constant,71,400.00,0.577615
1372,1000,0.10,900,2,17,1.3469,0.65,constant,72,380.00,0.629399
1373,1000,0.10,900,2,17,1.3332,0.65,constant,73,403.00,0.653871
1374,1000,0.10,900,2,17,1.3430,0.65,constant,74,391.00,0.958602
1375,1000,0.10,900,2,17,1.3920,0.65,constant,75,408.00,0.674226
1376,1000,0.10,900,2,17,1.4247,0.65,constant,76,404.00,0.778385
1377,1000,0.10,900,2,17,1.3621,0.65,constant,77,353.00,0.633405
1378,1000,0.10,900,2,17,1.3701,0.65,constant,78,431.00,0.834215
1379,1000,0.10,900,2,17,1.3768,0.65,constant,79,394.00,0.725536
1380,1000,0.10,900,2,17,1.3464,0.65,constant,80,360.00,0.684471
1381,1000,0.10,900,2,17,1.3996,0.65,constant,81,414.00,1.078485
1382,1000,0.10,900,2,17,1.3209,0.65,constant,82,385.00,0.629647
1383,1000,0.10,900,2,17,1.3758,0.65,constant,83,368.00,0.789356
1384,1000,0.10,900,2,17,1.3473,0.65,constant,84,397.00,0.981232
1385,1000,0.10,900,2,17,1.3759,0.65,constant,85,375.00,0.877130
1386,1000,0.10,900,2,17,1.4008,0.65,constant,86,384.00,0.775583
1387,1000,0.10,900,2,17,1.3456,0.65,constant,87,423.00,0.771046
1388,1000,0.10,900,2,17,1.3641,0.65,constant,88,376.00,0.625519
1389,1000,0.10,900,2,17,1.3744,0.65,constant,89,376.00,0.982721
1390,1000,0.10,900,2,17,1.3850,0.65,constant,90,397.00,0.730104
1391,1000,0.10,900,2,17,1.3711,0.65,constant,91,363.00,0.765401
1392,1000,0.10,900,2,17,1.3719,0.65,constant,92,407.00,1.362839
1393,1000,0.10,900,2,17,1.3214,0.65,constant,93,402.00,0.563109
1394,1000,0.10,900,2,17,1.3831,0.65,constant,94,386.00,0.992616
1395,1000,0.10,900,2,17,1.3419,0.65,constant,95,376.00,0.557345
1396,1000,0.10,900,2,17,1.3687,0.65,constant,96,382.00,0.687418
1397,1000,0.10,900,2,17,1.3427,0.65,constant,97,404.00,0.596870
1398,1000,0.10,900,2,17,1.3722,0.65,constant,98,389.00,0.831632
1399,1000,0.10,900,2,17,1.3380,0.65,constant,99,333.00,0.859157
1400,1000,0.10,900,2,17,1.3221,0.70,constant,0,388.00,0.764955
1401,1000,0.10,900,2,17,1.3902,0.70,constant,1,369.00,0.710311
1402,1000,0.10,900,2,17,1.3182,0.70,constant,2,386.00,0.691416
1403,1000,0.10,900,2,17,1.3004,0.70,constant,3,401.00,0.771939
1404,1000,0.10,900,2,17,1.3572,0.70,constant,4,383.00,0.658364
1405,1000,0.10,900,2,17,1.3575,0.70,constant,5,385.00,0.710044
1406,1000,0.10,900,2,17,1.3557,0.70,constant,6,399.00,0.785606
1407,1000,0.10,900,2,17,1.3781,0.70,constant,7,377.00,0.745391
1408,1000,0.10,900,2,17,1.3634,0.70,constant,8,459.00,1.561477
1409,1000,0.10,900,2,17,1.3132,0.70,constant,9,415.00,1.236571
1410,1000,0.10,900,2,17,1.3503,0.70,constant,10,407.00,0.624776
1411,1000,0.10,900,2,17,1.3233,0.70,constant,11,384.00,0.805396
1412,1000,0.10,900,2,17,1.3634,0.70,constant,12,342.00,0.981985
1413,1000,0.10,900,2,17,1.4196,0.70,constant,13,362.00,0.611295
1414,1000,0.10,900,2,17,1.3163,0.70,constant,14,371.00,0.818306
1415,1000,0.10,900,2,17,1.3292,0.70,constant,15,334.00,0.715014
1416,1000,0.10,900,2,17,1.4008,0.70,constant,16,376.00,0.856777
1417,1000,0.10,900,2,17,1.3502,0.70,constant,17,422.00,0.746741
1418,1000,0.10,900,2,17,1.3211,0.70,constant,18,369.00,0.624890
1419,1000,0.10,900,2,17,1.2871,0.70,constant,19,367.00,0.912645
1420,1000,0.10,900,2,17,1.3253,0.70,constant,20,381.00,0.747277
1421,1000,0.10,900,2,17,1.3962,0.70,constant,21,370.00,0.674225
1422,1000,0.10,900,2,17,1.3316,0.70,constant,22,372.00,0.736879
1423,1000,0.10,900,2,17,1.3260,0.70,constant,23,368.00,0.812469
1424,1000,0.10,900,2,17,1.3597,0.70,constant,24,384.00,1.193846
1425,1000,0.10,900,2,17,1.3472,0.70,constant,25,389.00,0.872990
1426,1000,0.10,900,2,17,1.3694,0.70,constant,26,385.00,0.748617
1427,1000,0.10,900,2,17,1.3021,0.70,constant,27,375.00,0.729691
1428,1000,0.10,900,2,17,1.3872,0.70,constant,28,364.00,0.965109
1429,1000,0.10,900,2,17,1.4135,0.70,constant,29,407.00,0.690387
1430,1000,0.10,900,2,17,1.3135,0.70,constant,30,386.00,0.789075
1431,1000,0.10,900,2,17,1.3591,0.70,constant,31,392.00,0.711079
1432,1000,0.10,900,2,17,1.2931,0.70,constant,32,399.00,0.792856
1433,1000,0.10,900,2,17,1.3075,0.70,constant,33,407.00,0.713505
1434,1000,0.10,900,2,17,1.3022,0.70,constant,34,394.00,0.974909
1435,1000,0.10,900,2,17,1.4042,0.70,constant,35,391.00,0.673967
1436,1000,0.10,900,2,17,1.3305,0.70,constant,36,368.00,0.801260
1437,1000,0.10,900,2,17,1.3651,0.70,constant,37,395.00,0.602405
1438,1000,0.10,900,2,17,1.3725,0.70,constant,38,367.00,0.656004
1439,1000,0.10,900,2,17,1.3350,0.70,constant,39,392.00,0.711113
1440,1000,0.10,900,2,17,1.3454,0.70,constant,40,380.00,0.752619
1441,1000,0.10,900,2,17,1.3592,0.70,constant,41,376.00,0.833537
1442,1000,0.10,900,2,17,1.3651,0.70,constant,42,379.00,0.770254
1443,1000,0.10,900,2,17,1.3101,0.70,constant,43,358.00,0.763534
1444,1000,0.10,900,2,17,1.3853,0.70,constant,44,400.00,0.773524
1445,1000,0.10,900,2,17,1.3600,0.70,constant,45,368.00,0.858129
1446,1000,0.10,900,2,17,1.3247,0.70,constant,46,424.00,0.736582
1447,1000,0.10,900,2,17,1.3717,0.70,constant,47,396.00,0.750916
1448,1000,0.10,900,2,17,1.3624,0.70,constant,48,384.00,0.888258
1449,1000,0.10,900,2,17,1.3529,0.70,constant,49,343.00,0.975050
1450,1000,0.10,900,2,17,1.3094,0.70,constant,50,356.00,0.940505
1451,1000,0.10,900,2,17,1.3147,0.70,constant,51,397.00,0.800095
1452,1000,0.10,900,2,17,1.2933,0.70,constant,52,420.00,0.922925
1453,1000,0.10,900,2,17,1.2705,0.70,constant,53,421.00,1.048080
1454,1000,0.10,900,2,17,1.3077,0.70,constant,54,390.00,0.705235
1455,1000,0.10,900,2,17,1.3850,0.70,constant,55,390.00,0.723794
1456,1000,0.10,900,2,17,1.3285,0.70,constant,56,383.00,0.770784
1457,1000,0.10,900,2,17,1.3682,0.70,constant,57,363.00,0.616276
1458,1000,0.10,900,2,17,1.3345,0.70,constant,58,388.00,0.706852
1459,1000,0.10,900,2,17,1.3510,0.70,constant,59,411.00,0.938808
1460,1000,0.10,900,2,17,1.3238,0.70,constant,60,415.00,0.793517
1461,1000,0.10,900,2,17,1.2814,0.70,constant,61,361.00,0.696997
1462,1000,0.10,900,2,17,1.3610,0.70,constant,62,378.00,0.564943
1463,1000,0.10,900,2,17,1.3216,0.70,constant,63,391.00,1.065127
1464,1000,0.10,900,2,17,1.3339,0.70,constant,64,377.00,0.704348
1465,1000,0.10,900,2,17,1.3239,0.70,constant,65,373.00,0.824109
1466,1000,0.10,900,2,17,1.2889,0.70,constant,66,412.00,0.921469
1467,1000,0.10,900,2,17,1.3513,0.70,constant,67,381.00,0.680253
1468,1000,0.10,900,2,17,1.3438,0.70,constant,68,400.00,0.752869
1469,1000,0.10,900,2,17,1.3547,0.70,constant,69,412.00,0.699837
1470,1000,0.10,900,2,17,1.3523,0.70,constant,70,387.00,0.830230
1471,1000,0.10,900,2,17,1.3844,0.70,constant,71,415.00,0.672624
1472,1000,0.10,900,2,17,1.3496,0.70,constant,72,374.00,0.883948
1473,1000,0.10,900,2,17,1.3702,0.70,constant,73,374.00,0.723728
1474,1000,0.10,900,2,17,1.2998,0.70,constant,74,367.00,0.702783
1475,1000,0.10,900,2,17,1.3443,0.70,constant,75,390.00,0.944792
1476,1000,0.10,900,2,17,1.3118,0.70,constant,76,394.00,0.766227
1477,1000,0.10,900,2,17,1.3311,0.70,constant,77,358.00,0.860872
1478,1000,0.10,900,2,17,1.3578,0.70,constant,78,386.00,0.747711
1479,1000,0.10,900,2,17,1.3243,0.70,constant,79,383.00,0.760276
1480,1000,0.10,900,2,17,1.3430,0.70,constant,80,366.00,0.765274
1481,1000,0.10,900,2,17,1.3383,0.70,constant,81,404.00,0.828792
1482,1000,0.10,900,2,17,1.3994,0.70,constant,82,366.00,0.900527
1483,1000,0.10,900,2,17,1.3009,0.70,constant,83,361.00,0.674581
1484,1000,0.10,900,2,17,1.3329,0.70,constant,84,398.00,0.622656
1485,1000,0.10,900,2,17,1.3176,0.70,constant,85,393.00,0.571723
1486,1000,0.10,900,2,17,1.3062,0.70,constant,86,416.00,0.917102
1487,1000,0.10,900,2,17,1.3011,0.70,constant,87,378.00,0.786191
1488,1000,0.10,900,2,17,1.3116,0.70,constant,88,396.00,0.913227
1489,1000,0.10,900,2,17,1.3202,0.70,constant,89,372.00,0.705149
1490,1000,0.10,900,2,17,1.3956,0.70,constant,90,398.00,0.882759
1491,1000,0.10,900,2,17,1.3343,0.70,constant,91,369.00,0.787887
1492,1000,0.10,900,2,17,1.3297,0.70,constant,92,392.00,0.716170
1493,1000,0.10,900,2,17,1.3656,0.70,constant,93,365.00,0.584589
1494,1000,0.10,900,2,17,1.3330,0.70,constant,94,355.00,0.668766
1495,1000,0.10,900,2,17,1.3366,0.70,constant,95,365.00,0.726424
1496,1000,0.10,900,2,17,1.3115,0.70,constant,96,388.00,0.875846
1497,1000,0.10,900,2,17,1.3247,0.70,constant,97,342.00,0.668932
1498,1000,0.10,900,2,17,1.3864,0.70,constant,98,380.00,1.096391
1499,1000,0.10,900,2,17,1.3813,0.70,constant,99,397.00,0.713389
1500,1000,0.10,900,2,17,1.3146,0.75,constant,0,374.00,0.850111
1501,1000,0.10,900,2,17,1.2564,0.75,constant,1,377.00,0.752926
1502,1000,0.10,900,2,17,1.3111,0.75,constant,2,367.00,0.847700
1503,1000,0.10,900,2,17,1.3249,0.75,constant,3,377.00,0.737081
1504,1000,0.10,900,2,17,1.2990,0.75,constant,4,377.00,0.965811
1505,1000,0.10,900,2,17,1.3375,0.75,constant,5,375.00,0.826106
1506,1000,0.10,900,2,17,1.2861,0.75,constant,6,368.00,0.870712
1507,1000,0.10,900,2,17,1.3017,0.75,constant,7,378.00,0.734719
1508,1000,0.10,900,2,17,1.3099,0.75,constant,8,374.00,0.987650
1509,1000,0.10,900,2,17,1.3066,0.75,constant,9,364.00,0.995618
1510,1000,0.10,900,2,17,1.2924,0.75,constant,10,405.00,0.738708
1511,1000,0.10,900,2,17,1.3187,0.75,constant,11,379.00,0.683963
1512,1000,0.10,900,2,17,1.3768,0.75,constant,12,370.00,0.702138
1513,1000,0.10,900,2,17,1.3908,0.75,constant,13,368.00,0.750349
1514,1000,0.10,900,2,17,1.2829,0.75,constant,14,358.00,0.737666
1515,1000,0.10,900,2,17,1.2700,0.75,constant,15,376.00,0.765762
1516,1000,0.10,900,2,17,1.3159,0.75,constant,16,365.00,0.836628
1517,1000,0.10,900,2,17,1.2840,0.75,constant,17,350.00,0.741019
1518,1000,0.10,900,2,17,1.2687,0.75,constant,18,398.00,0.875608
1519,1000,0.10,900,2,17,1.3110,0.75,constant,19,396.00,0.943014
1520,1000,0.10,900,2,17,1.3505,0.75,constant,20,360.00,0.796929
1521,1000,0.10,900,2,17,1.3052,0.75,constant,21,336.00,0.795885
1522,1000,0.10,900,2,17,1.3227,0.75,constant,22,372.00,0.907452
1523,1000,0.10,900,2,17,1.2737,0.75,constant,23,365.00,0.928836
1524,1000,0.10,900,2,17,1.3027,0.75,constant,24,368.00,0.828293
1525,1000,0.10,900,2,17,1.2770,0.75,constant,25,366.00,0.853904
1526,1000,0.10,900,2,17,1.3439,0.75,constant,26,357.00,0.949181
1527,1000,0.10,900,2,17,1.3225,0.75,constant,27,363.00,0.832931
1528,1000,0.10,900,2,17,1.2598,0.75,constant,28,415.00,0.788892
1529,1000,0.10,900,2,17,1.2578,0.75,constant,29,340.00,0.952018
1530,1000,0.10,900,2,17,1.2869,0.75,constant,30,392.00,0.644785
1531,1000,0.10,900,2,17,1.3023,0.75,constant,31,375.00,0.861024
1532,1000,0.10,900,2,17,1.3205,0.75,constant,32,357.00,0.807148
1533,1000,0.10,900,2,17,1.2611,0.75,constant,33,369.00,0.752462
1534,1000,0.10,900,2,17,1.3128,0.75,constant,34,389.00,0.759575
1535,1000,0.10,900,2,17,1.2678,0.75,constant,35,392.00,0.786321
1536,1000,0.10,900,2,17,1.2972,0.75,constant,36,391.00,0.833153
1537,1000,0.10,900,2,17,1.3086,0.75,constant,37,398.00,0.735656
1538,1000,0.10,900,2,17,1.3015,0.75,constant,38,379.00,0.812558
1539,1000,0.10,900,2,17,1.3414,0.75,constant,39,390.00,0.842091
1540,1000,0.10,900,2,17,1.3087,0.75,constant,40,360.00,0.835342
1541,1000,0.10,900,2,17,1.3454,0.75,constant,41,396.00,1.192215
1542,1000,0.10,900,2,17,1.3518,0.75,constant,42,377.00,0.976636
1543,1000,0.10,900,2,17,1.3412,0.75,constant,43,385.00,0.830096
1544,1000,0.10,900,2,17,1.3325,0.75,constant,44,394.00,0.786113
1545,1000,0.10,900,2,17,1.3378,0.75,constant,45,383.00,0.788754
1546,1000,0.10,900,2,17,1.2935,0.75,constant,46,411.00,0.766841
1547,1000,0.10,900,2,17,1.2981,0.75,constant,47,393.00,1.016550
1548,1000,0.10,900,2,17,1.3296,0.75,constant,48,363.00,0.910966
1549,1000,0.10,900,2,17,1.3800,0.75,constant,49,392.00,1.018902
1550,1000,0.10,900,2,17,1.3394,0.75,constant,50,401.00,0.796022
1551,1000,0.10,900,2,17,1.3318,0.75,constant,51,388.00,1.048069
1552,1000,0.10,900,2,17,1.3168,0.75,constant,52,386.00,0.682470
1553,1000,0.10,900,2,17,1.2830,0.75,constant,53,374.00,0.777991
1554,1000,0.10,900,2,17,1.3493,0.75,constant,54,361.00,0.747025
1555,1000,0.10,900,2,17,1.3250,0.75,constant,55,389.00,0.628388
1556,1000,0.10,900,2,17,1.3850,0.75,constant,56,407.00,0.799159
1557,1000,0.10,900,2,17,1.3140,0.75,constant,57,375.00,0.755866
1558,1000,0.10,900,2,17,1.2927,0.75,constant,58,369.00,0.767435
1559,1000,0.10,900,2,17,1.2969,0.75,constant,59,353.00,0.885225
1560,1000,0.10,900,2,17,1.3535,0.75,constant,60,358.00,0.752559
1561,1000,0.10,900,2,17,1.2835,0.75,constant,61,362.00,0.708206
1562,1000,0.10,900,2,17,1.3139,0.75,constant,62,372.00,0.989236
1563,1000,0.10,900,2,17,1.3161,0.75,constant,63,355.00,0.870003
1564,1000,0.10,900,2,17,1.3608,0.75,constant,64,374.00,0.807326
1565,1000,0.10,900,2,17,1.3791,0.75,constant,65,384.00,0.782766
1566,1000,0.10,900,2,17,1.2838,0.75,constant,66,385.00,0.833391
1567,1000,0.10,900,2,17,1.2936,0.75,constant,67,349.00,0.776030
1568,1000,0.10,900,2,17,1.2845,0.75,constant,68,367.00,0.723713
1569,1000,0.10,900,2,17,1.2995,0.75,constant,69,363.00,0.879432
1570,1000,0.10,900,2,17,1.3109,0.75,constant,70,403.00,0.833818
1571,1000,0.10,900,2,17,1.2883,0.75,constant,71,398.00,0.752530
1572,1000,0.10,900,2,17,1.2918,0.75,constant,72,383.00,0.823180
1573,1000,0.10,900,2,17,1.3357,0.75,constant,73,389.00,0.790347
1574,1000,0.10,900,2,17,1.3718,0.75,constant,74,401.00,0.739167
1575,1000,0.10,900,2,17,1.3147,0.75,constant,75,379.00,0.763400
1576,1000,0.10,900,2,17,1.3354,0.75,constant,76,402.00,1.050255
1577,1000,0.10,900,2,17,1.3103,0.75,constant,77,353.00,0.713111
1578,1000,0.10,900,2,17,1.3353,0.75,constant,78,393.00,0.952682
1579,1000,0.10,900,2,17,1.3369,0.75,constant,79,381.00,0.736350
1580,1000,0.10,900,2,17,1.3022,0.75,constant,80,382.00,1.035898
1581,1000,0.10,900,2,17,1.3214,0.75,constant,81,354.00,0.957846
1582,1000,0.10,900,2,17,1.3370,0.75,constant,82,391.00,0.799860
1583,1000,0.10,900,2,17,1.3099,0.75,constant,83,395.00,0.825602
1584,1000,0.10,900,2,17,1.3191,0.75,constant,84,354.00,0.705794
1585,1000,0.10,900,2,17,1.3364,0.75,constant,85,365.00,0.743040
1586,1000,0.10,900,2,17,1.3195,0.75,constant,86,351.00,0.745889
1587,1000,0.10,900,2,17,1.2781,0.75,constant,87,350.00,0.769261
1588,1000,0.10,900,2,17,1.3621,0.75,constant,88,391.00,0.724842
1589,1000,0.10,900,2,17,1.3252,0.75,constant,89,407.00,0.604190
1590,1000,0.10,900,2,17,1.3573,0.75,constant,90,390.00,1.044976
1591,1000,0.10,900,2,17,1.3052,0.75,constant,91,397.00,0.817450
1592,1000,0.10,900,2,17,1.3560,0.75,constant,92,377.00,0.734839
1593,1000,0.10,900,2,17,1.3213,0.75,constant,93,391.00,0.624553
1594,1000,0.10,900,2,17,1.3560,0.75,constant,94,345.00,0.870560
1595,1000,0.10,900,2,17,1.2858,0.75,constant,95,370.00,0.793155
1596,1000,0.10,900,2,17,1.3420,0.75,constant,96,383.00,0.842488
1597,1000,0.10,900,2,17,1.3292,0.75,constant,97,382.00,0.781715
1598,1000,0.10,900,2,17,1.3150,0.75,constant,98,346.00,0.780025
1599,1000,0.10,900,2,17,1.3049,0.75,constant,99,354.00,1.026279
1600,1000,0.10,900,2,17,1.3068,0.80,constant,0,400.00,0.977831
1601,1000,0.10,900,2,17,1.2524,0.80,constant,1,369.00,0.811812
1602,1000,0.10,900,2,17,1.3111,0.80,constant,2,387.00,0.858963
1603,1000,0.10,900,2,17,1.2947,0.80,constant,3,391.00,1.109342
1604,1000,0.10,900,2,17,1.2927,0.80,constant,4,369.00,0.739744
1605,1000,0.10,900,2,17,1.2579,0.80,constant,5,368.00,0.810016
1606,1000,0.10,900,2,17,1.2529,0.80,constant,6,359.00,0.822507
1607,1000,0.10,900,2,17,1.3037,0.80,constant,7,375.00,0.826500
1608,1000,0.10,900,2,17,1.2854,0.80,constant,8,391.00,0.685296
1609,1000,0.10,900,2,17,1.2757,0.80,constant,9,365.00,0.937966
1610,1000,0.10,900,2,17,1.3001,0.80,constant,10,367.00,0.861470
1611,1000,0.10,900,2,17,1.3222,0.80,constant,11,378.00,0.852296
1612,1000,0.10,900,2,17,1.2636,0.80,constant,12,371.00,0.729021
1613,1000,0.10,900,2,17,1.2590,0.80,constant,13,369.00,0.929703
1614,1000,0.10,900,2,17,1.2486,0.80,constant,14,373.00,0.836355
1615,1000,0.10,900,2,17,1.2541,0.80,constant,15,365.00,0.831538
1616,1000,0.10,900,2,17,1.2716,0.80,constant,16,376.00,0.844900
1617,1000,0.10,900,2,17,1.2854,0.80,constant,17,367.00,0.780731
1618,1000,0.10,900,2,17,1.2400,0.80,constant,18,387.00,0.863936
1619,1000,0.10,900,2,17,1.3100,0.80,constant,19,388.00,0.849412
1620,1000,0.10,900,2,17,1.2540,0.80,constant,20,362.00,1.021788
1621,1000,0.10,900,2,17,1.3258,0.80,constant,21,382.00,0.898785
1622,1000,0.10,900,2,17,1.3276,0.80,constant,22,355.00,0.911391
1623,1000,0.10,900,2,17,1.2796,0.80,constant,23,373.00,0.731721
1624,1000,0.10,900,2,17,1.3205,0.80,constant,24,385.00,0.939933
1625,1000,0.10,900,2,17,1.2465,0.80,constant,25,382.00,0.937995
1626,1000,0.10,900,2,17,1.2985,0.80,constant,26,386.00,0.890093
1627,1000,0.10,900,2,17,1.3015,0.80,constant,27,355.00,0.952507
1628,1000,0.10,900,2,17,1.2765,0.80,constant,28,370.00,0.818992
1629,1000,0.10,900,2,17,1.2921,0.80,constant,29,362.00,0.804215
1630,1000,0.10,900,2,17,1.3064,0.80,constant,30,364.00,0.935654
1631,1000,0.10,900,2,17,1.2825,0.80,constant,31,376.00,0.876327
1632,1000,0.10,900,2,17,1.3171,0.80,constant,32,388.00,0.808338
1633,1000,0.10,900,2,17,1.3255,0.80,constant,33,348.00,1.142436
1634,1000,0.10,900,2,17,1.2734,0.80,constant,34,418.00,0.860462
1635,1000,0.10,900,2,17,1.2712,0.80,constant,35,361.00,0.701756
1636,1000,0.10,900,2,17,1.2803,0.80,constant,36,402.00,0.910018
1637,1000,0.10,900,2,17,1.3037,0.80,constant,37,373.00,0.948093
1638,1000,0.10,900,2,17,1.2883,0.80,constant,38,380.00,0.788058
1639,1000,0.10,900,2,17,1.3407,0.80,constant,39,373.00,0.767288
1640,1000,0.10,900,2,17,1.2979,0.80,constant,40,358.00,0.839315
1641,1000,0.10,900,2,17,1.2640,0.80,constant,41,381.00,0.931253
1642,1000,0.10,900,2,17,1.2238,0.80,constant,42,355.00,0.899711
1643,1000,0.10,900,2,17,1.2513,0.80,constant,43,356.00,1.011901
1644,1000,0.10,900,2,17,1.3003,0.80,constant,44,351.00,0.870235
1645,1000,0.10,900,2,17,1.2212,0.80,constant,45,363.00,0.791324
1646,1000,0.10,900,2,17,1.3264,0.80,constant,46,360.00,0.951718
1647,1000,0.10,900,2,17,1.2848,0.80,constant,47,375.00,0.830471
1648,1000,0.10,900,2,17,1.2643,0.80,constant,48,417.00,0.844377
1649,1000,0.10,900,2,17,1.2845,0.80,constant,49,389.00,1.092072
1650,1000,0.10,900,2,17,1.1900,0.80,constant,50,359.00,0.936841
1651,1000,0.10,900,2,17,1.2803,0.80,constant,51,393.00,0.823014
1652,1000,0.10,900,2,17,1.2900,0.80,constant,52,395.00,0.717797
1653,1000,0.10,900,2,17,1.2492,0.80,constant,53,419.00,1.082536
1654,1000,0.10,900,2,17,1.2748,0.80,constant,54,385.00,0.877651
1655,1000,0.10,900,2,17,1.3219,0.80,constant,55,417.00,0.873551
1656,1000,0.10,900,2,17,1.3088,0.80,constant,56,420.00,0.891078
1657,1000,0.10,900,2,17,1.2399,0.80,constant,57,397.00,0.711178
1658,1000,0.10,900,2,17,1.2748,0.80,constant,58,401.00,0.851434
1659,1000,0.10,900,2,17,1.2640,0.80,constant,59,429.00,0.923033
1660,1000,0.10,900,2,17,1.2741,0.80,constant,60,433.00,0.846933
1661,1000,0.10,900,2,17,1.2681,0.80,constant,61,396.00,0.896794
1662,1000,0.10,900,2,17,1.3515,0.80,constant,62,419.00,1.014849
1663,1000,0.10,900,2,17,1.2974,0.80,constant,63,387.00,1.097839
1664,1000,0.10,900,2,17,1.2981,0.80,constant,64,387.00,0.764187
1665,1000,0.10,900,2,17,1.2679,0.80,constant,65,404.00,0.944103
1666,1000,0.10,900,2,17,1.2923,0.80,constant,66,399.00,0.773287
1667,1000,0.10,900,2,17,1.3071,0.80,constant,67,422.00,0.832773
1668,1000,0.10,900,2,17,1.3143,0.80,constant,68,421.00,0.899122
1669,1000,0.10,900,2,17,1.2541,0.80,constant,69,401.00,0.812848
1670,1000,0.10,900,2,17,1.2378,0.80,constant,70,416.00,0.951521
1671,1000,0.10,900,2,17,1.2884,0.80,constant,71,356.00,0.857881
1672,1000,0.10,900,2,17,1.3116,0.80,constant,72,426.00,0.918121
1673,1000,0.10,900,2,17,1.3295,0.80,constant,73,388.00,0.878351
1674,1000,0.10,900,2,17,1.2667,0.80,constant,74,386.00,0.776204
1675,1000,0.10,900,2,17,1.2663,0.80,constant,75,426.00,0.846330
1676,1000,0.10,900,2,17,1.2487,0.80,constant,76,395.00,0.750249
1677,1000,0.10,900,2,17,1.2904,0.80,constant,77,413.00,0.788913
1678,1000,0.10,900,2,17,1.2808,0.80,constant,78,362.00,0.847774
1679,1000,0.10,900,2,17,1.2541,0.80,constant,79,429.00,0.839091
1680,1000,0.10,900,2,17,1.2718,0.80,constant,80,402.00,0.796394
1681,1000,0.10,900,2,17,1.3029,0.80,constant,81,384.00,0.970292
1682,1000,0.10,900,2,17,1.2810,0.80,constant,82,430.00,0.982142
1683,1000,0.10,900,2,17,1.2662,0.80,constant,83,370.00,0.874565
1684,1000,0.10,900,2,17,1.2705,0.80,constant,84,376.00,0.788642
1685,1000,0.10,900,2,17,1.2534,0.80,constant,85,346.00,0.897596
1686,1000,0.10,900,2,17,1.3044,0.80,constant,86,403.00,0.929811
1687,1000,0.10,900,2,17,1.2744,0.80,constant,87,375.00,0.776757
1688,1000,0.10,900,2,17,1.3101,0.80,constant,88,407.00,0.972384
1689,1000,0.10,900,2,17,1.2435,0.80,constant,89,330.00,0.850142
1690,1000,0.10,900,2,17,1.2624,0.80,constant,90,355.00,0.893648
1691,1000,0.10,900,2,17,1.2711,0.80,constant,91,331.00,0.807458
1692,1000,0.10,900,2,17,1.2751,0.80,constant,92,427.00,0.834492
1693,1000,0.10,900,2,17,1.3016,0.80,constant,93,415.00,0.861123
1694,1000,0.10,900,2,17,1.2409,0.80,constant,94,445.00,0.876473
1695,1000,0.10,900,2,17,1.3189,0.80,constant,95,436.00,0.824469
1696,1000,0.10,900,2,17,1.2572,0.80,constant,96,414.00,0.836459
1697,1000,0.10,900,2,17,1.2878,0.80,constant,97,432.00,0.884571
1698,1000,0.10,900,2,17,1.2101,0.80,constant,98,411.00,0.798409
1699,1000,0.10,900,2,17,1.2991,0.80,constant,99,380.00,0.783767
1700,1000,0.10,900,2,17,1.1469,0.85,constant,0,334.00,0.920659
1701,1000,0.10,900,2,17,1.2210,0.85,constant,1,387.00,0.842234
1702,1000,0.10,900,2,17,1.3095,0.85,constant,2,360.00,0.857169
1703,1000,0.10,900,2,17,1.2141,0.85,constant,3,375.00,0.786678
1704,1000,0.10,900,2,17,1.2092,0.85,constant,4,399.00,0.954001
1705,1000,0.10,900,2,17,1.2573,0.85,constant,5,367.00,0.833511
1706,1000,0.10,900,2,17,1.2813,0.85,constant,6,373.00,1.021999
1707,1000,0.10,900,2,17,1.2497,0.85,constant,7,403.00,0.952038
1708,1000,0.10,900,2,17,1.2642,0.85,constant,8,449.00,0.974846
1709,1000,0.10,900,2,17,1.2492,0.85,constant,9,447.00,1.083694
1710,1000,0.10,900,2,17,1.2655,0.85,constant,10,410.00,0.819352
1711,1000,0.10,900,2,17,1.2503,0.85,constant,11,406.00,0.829716
1712,1000,0.10,900,2,17,1.2193,0.85,constant,12,437.00,0.889671
1713,1000,0.10,900,2,17,1.1658,0.85,constant,13,378.00,0.976803
1714,1000,0.10,900,2,17,1.2414,0.85,constant,14,403.00,0.853075
1715,1000,0.10,900,2,17,1.2214,0.85,constant,15,372.00,0.968686
1716,1000,0.10,900,2,17,1.2225,0.85,constant,16,355.00,0.973104
1717,1000,0.10,900,2,17,1.2711,0.85,constant,17,358.00,1.008995
1718,1000,0.10,900,2,17,1.2989,0.85,constant,18,388.00,0.834364
1719,1000,0.10,900,2,17,1.2655,0.85,constant,19,427.00,0.833833
1720,1000,0.10,900,2,17,1.3001,0.85,constant,20,402.00,0.944597
1721,1000,0.10,900,2,17,1.2326,0.85,constant,21,399.00,0.772853
1722,1000,0.10,900,2,17,1.3103,0.85,constant,22,406.00,0.967750
1723,1000,0.10,900,2,17,1.1871,0.85,constant,23,403.00,0.981237
1724,1000,0.10,900,2,17,1.1985,0.85,constant,24,434.00,0.822923
1725,1000,0.10,900,2,17,1.1545,0.85,constant,25,395.00,0.895689
1726,1000,0.10,900,2,17,1.2582,0.85,constant,26,411.00,0.838085
1727,1000,0.10,900,2,17,1.2207,0.85,constant,27,386.00,0.895211
1728,1000,0.10,900,2,17,1.1983,0.85,constant,28,419.00,0.918769
1729,1000,0.10,900,2,17,1.2194,0.85,constant,29,405.00,0.898388
1730,1000,0.10,900,2,17,1.2326,0.85,constant,30,380.00,0.861687
1731,1000,0.10,900,2,17,1.1926,0.85,constant,31,405.00,0.900304
1732,1000,0.10,900,2,17,1.2564,0.85,constant,32,435.00,0.817511
1733,1000,0.10,900,2,17,1.2301,0.85,constant,33,396.00,0.853578
1734,1000,0.10,900,2,17,1.2570,0.85,constant,34,437.00,0.792064
1735,1000,0.10,900,2,17,1.2424,0.85,constant,35,387.00,0.902060
1736,1000,0.10,900,2,17,1.2229,0.85,constant,36,397.00,0.871127
1737,1000,0.10,900,2,17,1.1827,0.85,constant,37,419.00,0.901496
1738,1000,0.10,900,2,17,1.2210,0.85,constant,38,401.00,0.953114
1739,1000,0.10,900,2,17,1.2147,0.85,constant,39,418.00,0.931681
1740,1000,0.10,900,2,17,1.2237,0.85,constant,40,403.00,0.971801
1741,1000,0.10,900,2,17,1.2067,0.85,constant,41,369.00,0.880830
1742,1000,0.10,900,2,17,1.2278,0.85,constant,42,346.00,0.917730
1743,1000,0.10,900,2,17,1.2491,0.85,constant,43,378.00,0.850554
1744,1000,0.10,900,2,17,1.2280,0.85,constant,44,373.00,0.979751
1745,1000,0.10,900,2,17,1.2741,0.85,constant,45,369.00,0.751201
1746,1000,0.10,900,2,17,1.2287,0.85,constant,46,376.00,0.824771
1747,1000,0.10,900,2,17,1.2733,0.85,constant,47,433.00,1.006795
1748,1000,0.10,900,2,17,1.1901,0.85,constant,48,412.00,0.935798
1749,1000,0.10,900,2,17,1.2772,0.85,constant,49,377.00,0.843117
1750,1000,0.10,900,2,17,1.2523,0.85,constant,50,442.00,0.914297
1751,1000,0.10,900,2,17,1.2331,0.85,constant,51,401.00,0.976388
1752,1000,0.10,900,2,17,1.2234,0.85,constant,52,409.00,0.889033
1753,1000,0.10,900,2,17,1.2485,0.85,constant,53,383.00,0.887892
1754,1000,0.10,900,2,17,1.3082,0.85,constant,54,419.00,0.987193
1755,1000,0.10,900,2,17,1.2510,0.85,constant,55,400.00,0.903877
1756,1000,0.10,900,2,17,1.2101,0.85,constant,56,444.00,0.919856
1757,1000,0.10,900,2,17,1.2590,0.85,constant,57,413.00,0.958729
1758,1000,0.10,900,2,17,1.2193,0.85,constant,58,399.00,0.983061
1759,1000,0.10,900,2,17,1.2417,0.85,constant,59,356.00,0.960429
1760,1000,0.10,900,2,17,1.1458,0.85,constant,60,382.00,1.015087
1761,1000,0.10,900,2,17,1.2665,0.85,constant,61,405.00,0.820965
1762,1000,0.10,900,2,17,1.2509,0.85,constant,62,418.00,0.931974
1763,1000,0.10,900,2,17,1.2294,0.85,constant,63,400.00,0.847456
1764,1000,0.10,900,2,17,1.2118,0.85,constant,64,415.00,0.830513
1765,1000,0.10,900,2,17,1.2294,0.85,constant,65,403.00,0.915405
1766,1000,0.10,900,2,17,1.1957,0.85,constant,66,426.00,0.953566
1767,1000,0.10,900,2,17,1.2200,0.85,constant,67,395.00,0.995574
1768,1000,0.10,900,2,17,1.2817,0.85,constant,68,403.00,0.973937
1769,1000,0.10,900,2,17,1.2654,0.85,constant,69,407.00,1.032365
1770,1000,0.10,900,2,17,1.2231,0.85,constant,70,432.00,0.947284
1771,1000,0.10,900,2,17,1.2419,0.85,constant,71,432.00,0.884386
1772,1000,0.10,900,2,17,1.2601,0.85,constant,72,421.00,0.878594
1773,1000,0.10,900,2,17,1.2147,0.85,constant,73,405.00,0.885363
1774,1000,0.10,900,2,17,1.2856,0.85,constant,74,423.00,0.909889
1775,1000,0.10,900,2,17,1.2715,0.85,constant,75,387.00,0.976954
1776,1000,0.10,900,2,17,1.2021,0.85,constant,76,367.00,1.005326
1777,1000,0.10,900,2,17,1.2628,0.85,constant,77,396.00,0.952062
1778,1000,0.10,900,2,17,1.2670,0.85,constant,78,445.00,0.839967
1779,1000,0.10,900,2,17,1.2591,0.85,constant,79,425.00,0.925352
1780,1000,0.10,900,2,17,1.2514,0.85,constant,80,401.00,1.061077
1781,1000,0.10,900,2,17,1.2488,0.85,constant,81,416.00,0.837873
1782,1000,0.10,900,2,17,1.2520,0.85,constant,82,388.00,0.946920
1783,1000,0.10,900,2,17,1.2581,0.85,constant,83,415.00,0.803771
1784,1000,0.10,900,2,17,1.2186,0.85,constant,84,393.00,0.806511
1785,1000,0.10,900,2,17,1.2641,0.85,constant,85,429.00,0.840266
1786,1000,0.10,900,2,17,1.2576,0.85,constant,86,421.00,1.048457
1787,1000,0.10,900,2,17,1.2227,0.85,constant,87,408.00,0.813720
1788,1000,0.10,900,2,17,1.2588,0.85,constant,88,392.00,0.824894
1789,1000,0.10,900,2,17,1.3153,0.85,constant,89,414.00,1.022206
1790,1000,0.10,900,2,17,1.1940,0.85,constant,90,394.00,0.895047
1791,1000,0.10,900,2,17,1.2302,0.85,constant,91,422.00,1.194452
1792,1000,0.10,900,2,17,1.1941,0.85,constant,92,413.00,1.032940
1793,1000,0.10,900,2,17,1.2374,0.85,constant,93,419.00,0.935716
1794,1000,0.10,900,2,17,1.2935,0.85,constant,94,410.00,0.952863
1795,1000,0.10,900,2,17,1.2409,0.85,constant,95,376.00,0.801789
1796,1000,0.10,900,2,17,1.2340,0.85,constant,96,408.00,0.911504
1797,1000,0.10,900,2,17,1.2132,0.85,constant,97,416.00,0.991698
1798,1000,0.10,900,2,17,1.2614,0.85,constant,98,411.00,1.065080
1799,1000,0.10,900,2,17,1.2203,0.85,constant,99,366.00,0.815889
1800,1000,0.10,900,2,17,1.1511,0.90,constant,0,396.00,0.971878
1801,1000,0.10,900,2,17,1.1352,0.90,constant,1,425.00,0.932046
1802,1000,0.10,900,2,17,1.1579,0.90,constant,2,370.00,0.873689
1803,1000,0.10,900,2,17,1.1920,0.90,constant,3,402.00,0.936792
1804,1000,0.10,900,2,17,1.1811,0.90,constant,4,381.00,0.813095
1805,1000,0.10,900,2,17,1.1167,0.90,constant,5,371.00,0.879736
1806,1000,0.10,900,2,17,1.2263,0.90,constant,6,396.00,0.882621
1807,1000,0.10,900,2,17,1.1854,0.90,constant,7,425.00,0.950692
1808,1000,0.10,900,2,17,1.1868,0.90,constant,8,383.00,1.024694
1809,1000,0.10,900,2,17,1.2110,0.90,constant,9,364.00,0.979094
1810,1000,0.10,900,2,17,1.1958,0.90,constant,10,414.00,0.907063
1811,1000,0.10,900,2,17,1.1852,0.90,constant,11,368.00,0.835731
1812,1000,0.10,900,2,17,1.2181,0.90,constant,12,389.00,0.914373
1813,1000,0.10,900,2,17,1.1897,0.90,constant,13,386.00,0.872238
1814,1000,0.10,900,2,17,1.1216,0.90,constant,14,415.00,0.981355
1815,1000,0.10,900,2,17,1.1871,0.90,constant,15,409.00,1.036957
1816,1000,0.10,900,2,17,1.2058,0.90,constant,16,373.00,0.894213
1817,1000,0.10,900,2,17,1.1516,0.90,constant,17,398.00,0.926688
1818,1000,0.10,900,2,17,1.1925,0.90,constant,18,395.00,1.090525
1819,1000,0.10,900,2,17,1.1736,0.90,constant,19,386.00,0.951192
1820,1000,0.10,900,2,17,1.2011,0.90,constant,20,406.00,1.082039
1821,1000,0.10,900,2,17,1.1629,0.90,constant,21,413.00,0.957944
1822,1000,0.10,900,2,17,1.1396,0.90,constant,22,419.00,0.899011
1823,1000,0.10,900,2,17,1.2195,0.90,constant,23,418.00,0.994558
1824,1000,0.10,900,2,17,1.1389,0.90,constant,24,429.00,1.050058
1825,1000,0.10,900,2,17,1.1655,0.90,constant,25,418.00,1.055975
1826,1000,0.10,900,2,17,1.1401,0.90,constant,26,419.00,0.916418
1827,1000,0.10,900,2,17,1.1952,0.90,constant,27,402.00,0.905640
1828,1000,0.10,900,2,17,1.2083,0.90,constant,28,404.00,0.864947
1829,1000,0.10,900,2,17,1.1122,0.90,constant,29,387.00,1.120366
1830,1000,0.10,900,2,17,1.1090,0.90,constant,30,426.00,1.049198
1831,1000,0.10,900,2,17,1.1728,0.90,constant,31,405.00,0.877567
1832,1000,0.10,900,2,17,1.2047,0.90,constant,32,432.00,0.917762
1833,1000,0.10,900,2,17,1.1650,0.90,constant,33,410.00,0.952146
1834,1000,0.10,900,2,17,1.1589,0.90,constant,34,374.00,0.764179
1835,1000,0.10,900,2,17,1.1758,0.90,constant,35,398.00,0.941865
1836,1000,0.10,900,2,17,1.1345,0.90,constant,36,415.00,1.045004
1837,1000,0.10,900,2,17,1.1781,0.90,constant,37,386.00,0.915069
1838,1000,0.10,900,2,17,1.1782,0.90,constant,38,386.00,0.923208
1839,1000,0.10,900,2,17,1.2114,0.90,constant,39,395.00,0.845357
1840,1000,0.10,900,2,17,1.1407,0.90,constant,40,381.00,0.892094
1841,1000,0.10,900,2,17,1.1993,0.90,constant,41,375.00,0.880787
1842,1000,0.10,900,2,17,1.1803,0.90,constant,42,401.00,0.938588
1843,1000,0.10,900,2,17,1.1774,0.90,constant,43,431.00,1.009069
1844,1000,0.10,900,2,17,1.2333,0.90,constant,44,420.00,0.916817
1845,1000,0.10,900,2,17,1.1867,0.90,constant,45,399.00,0.918529
1846,1000,0.10,900,2,17,1.1430,0.90,constant,46,416.00,1.092184
1847,1000,0.10,900,2,17,1.1327,0.90,constant,47,388.00,0.975453
1848,1000,0.10,900,2,17,1.1404,0.90,constant,48,404.00,1.027503
1849,1000,0.10,900,2,17,1.1645,0.90,constant,49,394.00,0.910570
1850,1000,0.10,900,2,17,1.2031,0.90,constant,50,412.00,1.029016
1851,1000,0.10,900,2,17,1.1927,0.90,constant,51,395.00,0.902529
1852,1000,0.10,900,2,17,1.1375,0.90,constant,52,425.00,0.932398
1853,1000,0.10,900,2,17,1.1602,0.90,constant,53,429.00,0.952029
1854,1000,0.10,900,2,17,1.2045,0.90,constant,54,344.00,1.038337
1855,1000,0.10,900,2,17,1.1894,0.90,constant,55,406.00,1.087236
1856,1000,0.10,900,2,17,1.1799,0.90,constant,56,367.00,0.881093
1857,1000,0.10,900,2,17,1.1572,0.90,constant,57,397.00,0.910884
1858,1000,0.10,900,2,17,1.2029,0.90,constant,58,402.00,1.019406
1859,1000,0.10,900,2,17,1.2169,0.90,constant,59,388.00,1.062770
1860,1000,0.10,900,2,17,1.1623,0.90,constant,60,386.00,0.950312
1861,1000,0.10,900,2,17,1.1789,0.90,constant,61,410.00,0.852664
1862,1000,0.10,900,2,17,1.1668,0.90,constant,62,413.00,0.870690
1863,1000,0.10,900,2,17,1.1619,0.90,constant,63,407.00,0.970564
1864,1000,0.10,900,2,17,1.1476,0.90,constant,64,412.00,0.974270
1865,1000,0.10,900,2,17,1.1679,0.90,constant,65,415.00,0.875262
1866,1000,0.10,900,2,17,1.1603,0.90,constant,66,379.00,0.981916
1867,1000,0.10,900,2,17,1.1850,0.90,constant,67,393.00,0.980797
1868,1000,0.10,900,2,17,1.1673,0.90,constant,68,399.00,1.154045
1869,1000,0.10,900,2,17,1.1706,0.90,constant,69,402.00,1.174418
1870,1000,0.10,900,2,17,1.2105,0.90,constant,70,360.00,0.881333
1871,1000,0.10,900,2,17,1.2083,0.90,constant,71,372.00,0.885205
1872,1000,0.10,900,2,17,1.1947,0.90,constant,72,357.00,0.986503
1873,1000,0.10,900,2,17,1.1738,0.90,constant,73,375.00,1.005787
1874,1000,0.10,900,2,17,1.1863,0.90,constant,74,379.00,1.022566
1875,1000,0.10,900,2,17,1.1889,0.90,constant,75,351.00,1.018273
1876,1000,0.10,900,2,17,1.1412,0.90,constant,76,387.00,0.976085
1877,1000,0.10,900,2,17,1.1792,0.90,constant,77,356.00,0.932884
1878,1000,0.10,900,2,17,1.1870,0.90,constant,78,379.00,0.964114
1879,1000,0.10,900,2,17,1.1838,0.90,constant,79,393.00,1.081134
1880,1000,0.10,900,2,17,1.1611,0.90,constant,80,382.00,0.937908
1881,1000,0.10,900,2,17,1.1580,0.90,constant,81,386.00,0.842703
1882,1000,0.10,900,2,17,1.1888,0.90,constant,82,379.00,1.137289
1883,1000,0.10,900,2,17,1.1496,0.90,constant,83,350.00,1.135375
1884,1000,0.10,900,2,17,1.1697,0.90,constant,84,384.00,0.998192
1885,1000,0.10,900,2,17,1.1261,0.90,constant,85,346.00,0.937195
1886,1000,0.10,900,2,17,1.1246,0.90,constant,86,386.00,0.986531
1887,1000,0.10,900,2,17,1.1629,0.90,constant,87,377.00,0.978642
1888,1000,0.10,900,2,17,1.1385,0.90,constant,88,409.00,1.056359
1889,1000,0.10,900,2,17,1.1703,0.90,constant,89,347.00,0.888046
1890,1000,0.10,900,2,17,1.1646,0.90,constant,90,364.00,0.987046
1891,1000,0.10,900,2,17,1.1985,0.90,constant,91,372.00,0.835405
1892,1000,0.10,900,2,17,1.1478,0.90,constant,92,358.00,1.131183
1893,1000,0.10,900,2,17,1.1716,0.90,constant,93,357.00,0.934600
1894,1000,0.10,900,2,17,1.1704,0.90,constant,94,388.00,0.936270
1895,1000,0.10,900,2,17,1.1236,0.90,constant,95,352.00,0.879830
1896,1000,0.10,900,2,17,1.1736,0.90,constant,96,372.00,1.002825
1897,1000,0.10,900,2,17,1.2161,0.90,constant,97,357.00,0.913752
1898,1000,0.10,900,2,17,1.1951,0.90,constant,98,356.00,0.791331
1899,1000,0.10,900,2,17,1.1400,0.90,constant,99,372.00,1.036269
1900,1000,0.10,900,2,17,1.1320,0.95,constant,0,363.00,1.260211
1901,1000,0.10,900,2,17,1.0530,0.95,constant,1,364.00,0.967963
1902,1000,0.10,900,2,17,1.0590,0.95,constant,2,370.00,1.007460
1903,1000,0.10,900,2,17,1.0977,0.95,constant,3,389.00,0.854505
1904,1000,0.10,900,2,17,1.0666,0.95,constant,4,370.00,0.959414
1905,1000,0.10,900,2,17,1.1343,0.95,constant,5,387.00,1.066250
1906,1000,0.10,900,2,17,1.0924,0.95,constant,6,376.00,1.079662
1907,1000,0.10,900,2,17,1.0857,0.95,constant,7,349.00,1.072415
1908,1000,0.10,900,2,17,1.0739,0.95,constant,8,385.00,0.942895
1909,1000,0.10,900,2,17,1.0847,0.95,constant,9,357.00,0.951969
1910,1000,0.10,900,2,17,1.1411,0.95,constant,10,371.00,1.094028
1911,1000,0.10,900,2,17,1.1063,0.95,constant,11,368.00,1.129929
1912,1000,0.10,900,2,17,1.1320,0.95,constant,12,319.00,1.086103
1913,1000,0.10,900,2,17,1.1214,0.95,constant,13,361.00,0.972273
1914,1000,0.10,900,2,17,1.0967,0.95,constant,14,369.00,1.299727
1915,1000,0.10,900,2,17,1.1209,0.95,constant,15,377.00,1.103894
1916,1000,0.10,900,2,17,1.0921,0.95,constant,16,383.00,0.921748
1917,1000,0.10,900,2,17,1.0931,0.95,constant,17,370.00,0.963587
1918,1000,0.10,900,2,17,1.0915,0.95,constant,18,390.00,1.149068
1919,1000,0.10,900,2,17,1.0509,0.95,constant,19,378.00,1.009617
1920,1000,0.10,900,2,17,1.0978,0.95,constant,20,368.00,0.999151
1921,1000,0.10,900,2,17,1.1098,0.95,constant,21,389.00,1.001571
1922,1000,0.10,900,2,17,1.1013,0.95,constant,22,385.00,0.857611
1923,1000,0.10,900,2,17,1.0936,0.95,constant,23,381.00,1.029188
1924,1000,0.10,900,2,17,1.0421,0.95,constant,24,342.00,1.032721
1925,1000,0.10,900,2,17,1.0872,0.95,constant,25,346.00,0.929494
1926,1000,0.10,900,2,17,1.1600,0.95,constant,26,365.00,1.102902
1927,1000,0.10,900,2,17,1.1308,0.95,constant,27,365.00,1.043633
1928,1000,0.10,900,2,17,1.0817,0.95,constant,28,376.00,1.143783
1929,1000,0.10,900,2,17,1.0548,0.95,constant,29,399.00,0.894169
1930,1000,0.10,900,2,17,1.0549,0.95,constant,30,347.00,0.986188
1931,1000,0.10,900,2,17,1.0745,0.95,constant,31,382.00,0.941929
1932,1000,0.10,900,2,17,1.1174,0.95,constant,32,365.00,0.907891
1933,1000,0.10,900,2,17,1.0815,0.95,constant,33,361.00,0.980958
1934,1000,0.10,900,2,17,1.1550,0.95,constant,34,353.00,1.023292
1935,1000,0.10,900,2,17,1.1091,0.95,constant,35,403.00,1.145038
1936,1000,0.10,900,2,17,1.0756,0.95,constant,36,358.00,1.016609
1937,1000,0.10,900,2,17,1.0940,0.95,constant,37,368.00,0.980486
1938,1000,0.10,900,2,17,1.0995,0.95,constant,38,362.00,1.029371
1939,1000,0.10,900,2,17,1.1010,0.95,constant,39,385.00,1.084056
1940,1000,0.10,900,2,17,1.1464,0.95,constant,40,376.00,1.053399
1941,1000,0.10,900,2,17,1.0827,0.95,constant,41,400.00,1.125568
1942,1000,0.10,900,2,17,1.0712,0.95,constant,42,383.00,1.058131
1943,1000,0.10,900,2,17,1.1125,0.95,constant,43,386.00,1.010107
1944,1000,0.10,900,2,17,1.1246,0.95,constant,44,369.00,1.122297
1945,1000,0.10,900,2,17,1.1381,0.95,constant,45,351.00,1.048123
1946,1000,0.10,900,2,17,1.1259,0.95,constant,46,396.00,1.142363
1947,1000,0.10,900,2,17,1.0683,0.95,constant,47,360.00,0.966189
1948,1000,0.10,900,2,17,1.1327,0.95,constant,48,362.00,0.996943
1949,1000,0.10,900,2,17,1.0812,0.95,constant,49,367.00,1.042656
1950,1000,0.10,900,2,17,1.0671,0.95,constant,50,358.00,0.861964
1951,1000,0.10,900,2,17,1.0827,0.95,constant,51,341.00,0.932433
1952,1000,0.10,900,2,17,1.1198,0.95,constant,52,359.00,1.035733
1953,1000,0.10,900,2,17,1.1387,0.95,constant,53,357.00,0.970066
1954,1000,0.10,900,2,17,1.1677,0.95,constant,54,365.00,1.055855
1955,1000,0.10,900,2,17,1.1356,0.95,constant,55,362.00,0.941683
1956,1000,0.10,900,2,17,1.0936,0.95,constant,56,371.00,0.964356
1957,1000,0.10,900,2,17,1.0550,0.95,constant,57,396.00,1.089700
1958,1000,0.10,900,2,17,1.1173,0.95,constant,58,351.00,1.093762
1959,1000,0.10,900,2,17,1.0857,0.95,constant,59,356.00,1.045365
1960,1000,0.10,900,2,17,1.0886,0.95,constant,60,352.00,0.957159
1961,1000,0.10,900,2,17,1.0531,0.95,constant,61,369.00,0.993502
1962,1000,0.10,900,2,17,1.0791,0.95,constant,62,357.00,0.949604
1963,1000,0.10,900,2,17,1.1093,0.95,constant,63,381.00,0.958974
1964,1000,0.10,900,2,17,1.0844,0.95,constant,64,366.00,1.020568
1965,1000,0.10,900,2,17,1.1281,0.95,constant,65,355.00,0.967463
1966,1000,0.10,900,2,17,1.1084,0.95,constant,66,386.00,1.037508
1967,1000,0.10,900,2,17,1.0932,0.95,constant,67,399.00,1.015419
1968,1000,0.10,900,2,17,1.0942,0.95,constant,68,362.00,1.147029
1969,1000,0.10,900,2,17,1.1167,0.95,constant,69,363.00,1.073908
1970,1000,0.10,900,2,17,1.1441,0.95,constant,70,340.00,0.945453
1971,1000,0.10,900,2,17,1.1271,0.95,constant,71,339.00,0.854017
1972,1000,0.10,900,2,17,1.0937,0.95,constant,72,384.00,1.012714
1973,1000,0.10,900,2,17,1.1137,0.95,constant,73,358.00,1.090335
1974,1000,0.10,900,2,17,1.0474,0.95,constant,74,369.00,1.001481
1975,1000,0.10,900,2,17,1.1029,0.95,constant,75,354.00,0.934303
1976,1000,0.10,900,2,17,1.1031,0.95,constant,76,375.00,1.080945
1977,1000,0.10,900,2,17,1.0915,0.95,constant,77,369.00,0.925503
1978,1000,0.10,900,2,17,1.0816,0.95,constant,78,365.00,1.045616
1979,1000,0.10,900,2,17,1.0979,0.95,constant,79,359.00,0.959424
1980,1000,0.10,900,2,17,1.1633,0.95,constant,80,369.00,0.996993
1981,1000,0.10,900,2,17,1.1311,0.95,constant,81,354.00,1.071584
1982,1000,0.10,900,2,17,1.0676,0.95,constant,82,393.00,0.935166
1983,1000,0.10,900,2,17,1.0696,0.95,constant,83,376.00,1.057165
1984,1000,0.10,900,2,17,1.1469,0.95,constant,84,358.00,0.930130
1985,1000,0.10,900,2,17,1.0806,0.95,constant,85,395.00,1.074303
1986,1000,0.10,900,2,17,1.1341,0.95,constant,86,365.00,0.959944
1987,1000,0.10,900,2,17,1.0961,0.95,constant,87,408.00,1.045030
1988,1000,0.10,900,2,17,1.1149,0.95,constant,88,357.00,0.984052
1989,1000,0.10,900,2,17,1.0870,0.95,constant,89,391.00,1.142165
1990,1000,0.10,900,2,17,1.0919,0.95,constant,90,358.00,0.910726
1991,1000,0.10,900,2,17,1.0457,0.95,constant,91,356.00,1.043619
1992,1000,0.10,900,2,17,1.1095,0.95,constant,92,364.00,0.942047
1993,1000,0.10,900,2,17,1.0740,0.95,constant,93,382.00,0.930741
1994,1000,0.10,900,2,17,1.1300,0.95,constant,94,377.00,0.972732
1995,1000,0.10,900,2,17,1.1112,0.95,constant,95,368.00,1.029859
1996,1000,0.10,900,2,17,1.1231,0.95,constant,96,374.00,0.963681
1997,1000,0.10,900,2,17,1.1063,0.95,constant,97,386.00,1.172466
1998,1000,0.10,900,2,17,1.0920,0.95,constant,98,407.00,1.060798
1999,1000,0.10,900,2,17,1.0807,0.95,constant,99,374.00,1.016984
2000,1000,0.10,900,2,17,1.0143,1.00,constant,0,428.00,1.033396
2001,1000,0.10,900,2,17,0.9736,1.00,constant,1,390.00,0.963800
2002,1000,0.10,900,2,17,1.0026,1.00,constant,2,374.00,0.990612
2003,1000,0.10,900,2,17,1.0339,1.00,constant,3,389.00,0.969543
2004,1000,0.10,900,2,17,0.9892,1.00,constant,4,354.00,1.083703
2005,1000,0.10,900,2,17,1.0224,1.00,constant,5,375.00,0.919733
2006,1000,0.10,900,2,17,0.9823,1.00,constant,6,380.00,1.210659
2007,1000,0.10,900,2,17,1.0444,1.00,constant,7,394.00,1.125445
2008,1000,0.10,900,2,17,0.9847,1.00,constant,8,380.00,1.051725
2009,1000,0.10,900,2,17,1.0024,1.00,constant,9,379.00,1.002072
2010,1000,0.10,900,2,17,1.0278,1.00,constant,10,384.00,1.019837
2011,1000,0.10,900,2,17,0.9792,1.00,constant,11,375.00,0.980443
2012,1000,0.10,900,2,17,1.0095,1.00,constant,12,365.00,0.973619
2013,1000,0.10,900,2,17,0.9746,1.00,constant,13,363.00,1.032101
2014,1000,0.10,900,2,17,1.0193,1.00,constant,14,385.00,1.067874
2015,1000,0.10,900,2,17,1.0316,1.00,constant,15,356.00,0.980725
2016,1000,0.10,900,2,17,0.9994,1.00,constant,16,404.00,1.203530
2017,1000,0.10,900,2,17,0.9915,1.00,constant,17,407.00,0.933198
2018,1000,0.10,900,2,17,0.9878,1.00,constant,18,386.00,0.922371
2019,1000,0.10,900,2,17,1.0015,1.00,constant,19,367.00,1.071164
2020,1000,0.10,900,2,17,1.0108,1.00,constant,20,378.00,0.985414
2021,1000,0.10,900,2,17,0.9986,1.00,constant,21,391.00,0.965052
2022,1000,0.10,900,2,17,0.9850,1.00,constant,22,379.00,0.932493
2023,1000,0.10,900,2,17,0.9776,1.00,constant,23,401.00,1.174583
2024,1000,0.10,900,2,17,1.0371,1.00,constant,24,350.00,0.958137
2025,1000,0.10,900,2,17,0.9947,1.00,constant,25,421.00,0.934249
2026,1000,0.10,900,2,17,0.9784,1.00,constant,26,370.00,1.012119
2027,1000,0.10,900,2,17,0.9891,1.00,constant,27,397.00,1.006872
2028,1000,0.10,900,2,17,1.0136,1.00,constant,28,343.00,1.034313
2029,1000,0.10,900,2,17,1.0194,1.00,constant,29,368.00,1.009795
2030,1000,0.10,900,2,17,0.9508,1.00,constant,30,360.00,1.051442
2031,1000,0.10,900,2,17,1.0498,1.00,constant,31,376.00,0.880062
2032,1000,0.10,900,2,17,0.9864,1.00,constant,32,381.00,1.086295
2033,1000,0.10,900,2,17,0.9682,1.00,constant,33,427.00,0.987384
2034,1000,0.10,900,2,17,0.9330,1.00,constant,34,396.00,1.030209
2035,1000,0.10,900,2,17,0.9727,1.00,constant,35,387.00,1.037002
2036,1000,0.10,900,2,17,1.0030,1.00,constant,36,383.00,1.014408
2037,1000,0.10,900,2,17,0.9829,1.00,constant,37,395.00,0.906086
2038,1000,0.10,900,2,17,1.0087,1.00,constant,38,369.00,1.105132
2039,1000,0.10,900,2,17,1.0041,1.00,constant,39,375.00,1.099752
2040,1000,0.10,900,2,17,1.0031,1.00,constant,40,395.00,1.137057
2041,1000,0.10,900,2,17,1.0436,1.00,constant,41,362.00,0.973773
2042,1000,0.10,900,2,17,1.0091,1.00,constant,42,356.00,1.043194
2043,1000,0.10,900,2,17,1.0131,1.00,constant,43,374.00,1.068978
2044,1000,0.10,900,2,17,0.9952,1.00,constant,44,381.00,0.944276
2045,1000,0.10,900,2,17,1.0083,1.00,constant,45,369.00,1.005285
2046,1000,0.10,900,2,17,1.0087,1.00,constant,46,374.00,1.123619
2047,1000,0.10,900,2,17,1.0388,1.00,constant,47,361.00,0.994102
2048,1000,0.10,900,2,17,1.0055,1.00,constant,48,402.00,0.933387
2049,1000,0.10,900,2,17,0.9769,1.00,constant,49,373.00,1.092744
2050,1000,0.10,900,2,17,1.0167,1.00,constant,50,371.00,1.069074
2051,1000,0.10,900,2,17,0.9853,1.00,constant,51,367.00,1.006017
2052,1000,0.10,900,2,17,0.9865,1.00,constant,52,390.00,0.993431
2053,1000,0.10,900,2,17,0.9744,1.00,constant,53,358.00,1.047865
2054,1000,0.10,900,2,17,0.9784,1.00,constant,54,389.00,1.099283
2055,1000,0.10,900,2,17,1.0348,1.00,constant,55,404.00,1.121907
2056,1000,0.10,900,2,17,0.9763,1.00,constant,56,396.00,1.034394
2057,1000,0.10,900,2,17,0.9811,1.00,constant,57,356.00,1.115413
2058,1000,0.10,900,2,17,1.0466,1.00,constant,58,364.00,1.043949
2059,1000,0.10,900,2,17,0.9953,1.00,constant,59,382.00,1.095094
2060,1000,0.10,900,2,17,0.9812,1.00,constant,60,357.00,1.005557
2061,1000,0.10,900,2,17,1.0229,1.00,constant,61,356.00,1.021170
2062,1000,0.10,900,2,17,0.9839,1.00,constant,62,391.00,1.011529
2063,1000,0.10,900,2,17,1.0023,1.00,constant,63,380.00,0.950106
2064,1000,0.10,900,2,17,0.9906,1.00,constant,64,380.00,1.199622
2065,1000,0.10,900,2,17,1.0338,1.00,constant,65,374.00,1.055572
2066,1000,0.10,900,2,17,0.9916,1.00,constant,66,362.00,1.000703
2067,1000,0.10,900,2,17,0.9512,1.00,constant,67,347.00,0.984705
2068,1000,0.10,900,2,17,1.0221,1.00,constant,68,362.00,1.267711
2069,1000,0.10,900,2,17,0.9735,1.00,constant,69,371.00,0.899401
2070,1000,0.10,900,2,17,1.0015,1.00,constant,70,368.00,0.982970
2071,1000,0.10,900,2,17,0.9547,1.00,constant,71,383.00,1.025870
2072,1000,0.10,900,2,17,1.0197,1.00,constant,72,358.00,1.009343
2073,1000,0.10,900,2,17,0.9923,1.00,constant,73,375.00,1.075523
2074,1000,0.10,900,2,17,1.0278,1.00,constant,74,379.00,0.992051
2075,1000,0.10,900,2,17,0.9392,1.00,constant,75,389.00,1.062579
2076,1000,0.10,900,2,17,0.9852,1.00,constant,76,400.00,0.997546
2077,1000,0.10,900,2,17,1.0060,1.00,constant,77,390.00,1.201935
2078,1000,0.10,900,2,17,0.9702,1.00,constant,78,388.00,0.956969
2079,1000,0.10,900,2,17,0.9911,1.00,constant,79,363.00,1.025183
2080,1000,0.10,900,2,17,1.0286,1.00,constant,80,394.00,1.083424
2081,1000,0.10,900,2,17,1.0167,1.00,constant,81,359.00,1.033259
2082,1000,0.10,900,2,17,1.0117,1.00,constant,82,354.00,1.051068
2083,1000,0.10,900,2,17,0.9913,1.00,constant,83,378.00,1.047311
2084,1000,0.10,900,2,17,0.9953,1.00,constant,84,420.00,1.004475
2085,1000,0.10,900,2,17,0.9692,1.00,constant,85,383.00,1.014560
2086,1000,0.10,900,2,17,1.0179,1.00,constant,86,419.00,1.003995
2087,1000,0.10,900,2,17,0.9723,1.00,constant,87,387.00,0.884842
2088,1000,0.10,900,2,17,0.9842,1.00,constant,88,360.00,0.982810
2089,1000,0.10,900,2,17,0.9705,1.00,constant,89,390.00,0.961803
2090,1000,0.10,900,2,17,0.9882,1.00,constant,90,350.00,1.020749
2091,1000,0.10,900,2,17,1.0103,1.00,constant,91,368.00,0.965514
2092,1000,0.10,900,2,17,1.0138,1.00,constant,92,374.00,0.982643
2093,1000,0.10,900,2,17,1.0147,1.00,constant,93,350.00,1.188547
2094,1000,0.10,900,2,17,0.9884,1.00,constant,94,384.00,1.009722
2095,1000,0.10,900,2,17,1.0103,1.00,constant,95,323.00,1.128059
2096,1000,0.10,900,2,17,0.9551,1.00,constant,96,374.00,1.009761
2097,1000,0.10,900,2,17,1.0547,1.00,constant,97,363.00,0.956137
2098,1000,0.10,900,2,17,0.9622,1.00,constant,98,344.00,0.990441
2099,1000,0.10,900,2,17,1.0293,1.00,constant,99,383.00,0.901972
2100,1000,0.10,900,2,17,1.0114,0.00,linear,0,354.00,0.222051
2101,1000,0.10,900,2,17,0.9928,0.00,linear,1,335.00,0.075501
2102,1000,0.10,900,2,17,0.9868,0.00,linear,2,355.00,0.254036
2103,1000,0.10,900,2,17,0.9981,0.00,linear,3,389.00,0.264902
2104,1000,0.10,900,2,17,0.9855,0.00,linear,4,339.00,0.097800
2105,1000,0.10,900,2,17,1.0014,0.00,linear,5,361.00,0.078022
2106,1000,0.10,900,2,17,1.0168,0.00,linear,6,364.00,0.074456
2107,1000,0.10,900,2,17,1.0122,0.00,linear,7,356.00,0.406584
2108,1000,0.10,900,2,17,0.9728,0.00,linear,8,365.00,0.119706
2109,1000,0.10,900,2,17,0.9759,0.00,linear,9,359.00,0.173998
2110,1000,0.10,900,2,17,1.0055,0.00,linear,10,322.00,0.200446
2111,1000,0.10,900,2,17,0.9693,0.00,linear,11,365.00,0.209733
2112,1000,0.10,900,2,17,1.0183,0.00,linear,12,347.00,0.255172
2113,1000,0.10,900,2,17,0.9904,0.00,linear,13,366.00,0.317435
2114,1000,0.10,900,2,17,1.0267,0.00,linear,14,368.00,0.005886
2115,1000,0.10,900,2,17,0.9830,0.00,linear,15,364.00,0.028305
2116,1000,0.10,900,2,17,0.9799,0.00,linear,16,350.00,0.037678
2117,1000,0.10,900,2,17,1.0420,0.00,linear,17,341.00,0.076630
2118,1000,0.10,900,2,17,1.0298,0.00,linear,18,352.00,0.141966
2119,1000,0.10,900,2,17,1.0313,0.00,linear,19,353.00,0.136570
2120,1000,0.10,900,2,17,0.9980,0.00,linear,20,369.00,0.440315
2121,1000,0.10,900,2,17,0.9594,0.00,linear,21,385.00,0.217930
2122,1000,0.10,900,2,17,1.0175,0.00,linear,22,355.00,0.079598
2123,1000,0.10,900,2,17,0.9986,0.00,linear,23,390.00,0.402072
2124,1000,0.10,900,2,17,1.0174,0.00,linear,24,369.00,0.154754
2125,1000,0.10,900,2,17,1.0367,0.00,linear,25,352.00,0.088031
2126,1000,0.10,900,2,17,0.9978,0.00,linear,26,346.00,0.077472
2127,1000,0.10,900,2,17,1.0472,0.00,linear,27,329.00,0.210012
2128,1000,0.10,900,2,17,0.9870,0.00,linear,28,362.00,0.023786
2129,1000,0.10,900,2,17,0.9788,0.00,linear,29,362.00,0.164160
2130,1000,0.10,900,2,17,1.0449,0.00,linear,30,327.00,0.145100
2131,1000,0.10,900,2,17,1.0125,0.00,linear,31,350.00,0.088585
2132,1000,0.10,900,2,17,0.9835,0.00,linear,32,374.00,0.198253
2133,1000,0.10,900,2,17,0.9678,0.00,linear,33,364.00,0.046471
2134,1000,0.10,900,2,17,0.9861,0.00,linear,34,357.00,0.127784
2135,1000,0.10,900,2,17,1.0102,0.00,linear,35,386.00,0.163738
2136,1000,0.10,900,2,17,1.0213,0.00,linear,36,384.00,0.693273
2137,1000,0.10,900,2,17,0.9877,0.00,linear,37,365.00,0.065440
2138,1000,0.10,900,2,17,1.0086,0.00,linear,38,341.00,0.126661
2139,1000,0.10,900,2,17,0.9940,0.00,linear,39,345.00,0.063523
2140,1000,0.10,900,2,17,0.9914,0.00,linear,40,370.00,0.211414
2141,1000,0.10,900,2,17,0.9281,0.00,linear,41,362.00,0.037083
2142,1000,0.10,900,2,17,0.9835,0.00,linear,42,377.00,0.053609
2143,1000,0.10,900,2,17,0.9937,0.00,linear,43,360.00,0.218675
2144,1000,0.10,900,2,17,1.0066,0.00,linear,44,325.00,0.091242
2145,1000,0.10,900,2,17,1.0190,0.00,linear,45,361.00,0.157806
2146,1000,0.10,900,2,17,0.9450,0.00,linear,46,358.00,0.136279
2147,1000,0.10,900,2,17,0.9665,0.00,linear,47,353.00,0.288103
2148,1000,0.10,900,2,17,1.0229,0.00,linear,48,366.00,0.247122
2149,1000,0.10,900,2,17,0.9874,0.00,linear,49,371.00,0.179536
2150,1000,0.10,900,2,17,1.0283,0.00,linear,50,303.00,0.148123
2151,1000,0.10,900,2,17,0.9802,0.00,linear,51,361.00,0.023623
2152,1000,0.10,900,2,17,1.0038,0.00,linear,52,346.00,0.041141
2153,1000,0.10,900,2,17,1.0354,0.00,linear,53,352.00,0.128111
2154,1000,0.10,900,2,17,0.9967,0.00,linear,54,351.00,0.151170
2155,1000,0.10,900,2,17,1.0251,0.00,linear,55,344.00,0.130260
2156,1000,0.10,900,2,17,0.9640,0.00,linear,56,371.00,0.075565
2157,1000,0.10,900,2,17,1.0176,0.00,linear,57,368.00,0.235525
2158,1000,0.10,900,2,17,1.0039,0.00,linear,58,362.00,0.175319
2159,1000,0.10,900,2,17,0.9773,0.00,linear,59,361.00,0.230831
2160,1000,0.10,900,2,17,0.9953,0.00,linear,60,359.00,0.108832
2161,1000,0.10,900,2,17,1.0152,0.00,linear,61,337.00,0.111558
2162,1000,0.10,900,2,17,0.9792,0.00,linear,62,359.00,0.038488
2163,1000,0.10,900,2,17,0.9935,0.00,linear,63,374.00,0.138679
2164,1000,0.10,900,2,17,1.0364,0.00,linear,64,372.00,0.181133
2165,1000,0.10,900,2,17,0.9982,0.00,linear,65,339.00,0.117404
2166,1000,0.10,900,2,17,1.0088,0.00,linear,66,339.00,0.119730
2167,1000,0.10,900,2,17,1.0201,0.00,linear,67,354.00,0.107181
2168,1000,0.10,900,2,17,0.9977,0.00,linear,68,364.00,0.113382
2169,1000,0.10,900,2,17,1.0049,0.00,linear,69,344.00,0.072837
2170,1000,0.10,900,2,17,1.0074,0.00,linear,70,360.00,0.021655
2171,1000,0.10,900,2,17,0.9980,0.00,linear,71,349.00,0.134410
2172,1000,0.10,900,2,17,0.9824,0.00,linear,72,378.00,0.207385
2173,1000,0.10,900,2,17,0.9879,0.00,linear,73,355.00,0.152373
2174,1000,0.10,900,2,17,1.0016,0.00,linear,74,382.00,0.032578
2175,1000,0.10,900,2,17,0.9836,0.00,linear,75,351.00,0.113840
2176,1000,0.10,900,2,17,1.0221,0.00,linear,76,358.00,0.021597
2177,1000,0.10,900,2,17,1.0117,0.00,linear,77,364.00,0.095865
2178,1000,0.10,900,2,17,0.9983,0.00,linear,78,321.00,0.023979
2179,1000,0.10,900,2,17,0.9727,0.00,linear,79,373.00,0.275078
2180,1000,0.10,900,2,17,0.9992,0.00,linear,80,341.00,0.108655
2181,1000,0.10,900,2,17,0.9769,0.00,linear,81,382.00,0.052313
2182,1000,0.10,900,2,17,0.9781,0.00,linear,82,336.00,0.068348
2183,1000,0.10,900,2,17,1.0123,0.00,linear,83,326.00,0.208732
2184,1000,0.10,900,2,17,0.9732,0.00,linear,84,347.00,0.122147
2185,1000,0.10,900,2,17,1.0692,0.00,linear,85,365.00,0.118726
2186,1000,0.10,900,2,17,0.9883,0.00,linear,86,343.00,0.261945
2187,1000,0.10,900,2,17,1.0159,0.00,linear,87,327.00,0.078012
2188,1000,0.10,900,2,17,1.0320,0.00,linear,88,324.00,0.062092
2189,1000,0.10,900,2,17,1.0200,0.00,linear,89,374.00,0.200947
2190,1000,0.10,900,2,17,0.9828,0.00,linear,90,385.00,0.213005
2191,1000,0.10,900,2,17,0.9946,0.00,linear,91,340.00,0.030438
2192,1000,0.10,900,2,17,1.0122,0.00,linear,92,380.00,0.364215
2193,1000,0.10,900,2,17,1.0097,0.00,linear,93,380.00,0.072381
2194,1000,0.10,900,2,17,1.0162,0.00,linear,94,387.00,0.139138
2195,1000,0.10,900,2,17,1.0123,0.00,linear,95,347.00,0.048192
2196,1000,0.10,900,2,17,0.9846,0.00,linear,96,377.00,0.213760
2197,1000,0.10,900,2,17,0.9900,0.00,linear,97,381.00,0.154370
2198,1000,0.10,900,2,17,0.9704,0.00,linear,98,351.00,0.052854
2199,1000,0.10,900,2,17,1.0116,0.00,linear,99,362.00,0.079937
2200,1000,0.10,900,2,17,1.0250,0.05,linear,0,380.00,0.083094
2201,1000,0.10,900,2,17,1.0125,0.05,linear,1,356.00,0.115398
2202,1000,0.10,900,2,17,1.0179,0.05,linear,2,334.00,0.103722
2203,1000,0.10,900,2,17,1.0491,0.05,linear,3,354.00,0.111063
2204,1000,0.10,900,2,17,1.0128,0.05,linear,4,351.00,0.262511
2205,1000,0.10,900,2,17,0.9787,0.05,linear,5,369.00,0.049213
2206,1000,0.10,900,2,17,1.0021,0.05,linear,6,338.00,0.096835
2207,1000,0.10,900,2,17,1.0241,0.05,linear,7,349.00,0.090048
2208,1000,0.10,900,2,17,1.0246,0.05,linear,8,386.00,0.215433
2209,1000,0.10,900,2,17,1.0247,0.05,linear,9,341.00,0.033589
2210,1000,0.10,900,2,17,1.0296,0.05,linear,10,355.00,0.219315
2211,1000,0.10,900,2,17,1.0375,0.05,linear,11,346.00,0.010735
2212,1000,0.10,900,2,17,1.0155,0.05,linear,12,372.00,0.086137
2213,1000,0.10,900,2,17,0.9683,0.05,linear,13,340.00,0.161115
2214,1000,0.10,900,2,17,0.9903,0.05,linear,14,339.00,0.089744
2215,1000,0.10,900,2,17,1.0671,0.05,linear,15,369.00,0.192275
2216,1000,0.10,900,2,17,1.0350,0.05,linear,16,346.00,0.116313
2217,1000,0.10,900,2,17,1.0137,0.05,linear,17,361.00,0.129935
2218,1000,0.10,900,2,17,1.0439,0.05,linear,18,347.00,0.046488
2219,1000,0.10,900,2,17,0.9733,0.05,linear,19,348.00,0.188102
2220,1000,0.10,900,2,17,1.0105,0.05,linear,20,375.00,0.119776
2221,1000,0.10,900,2,17,0.9803,0.05,linear,21,351.00,0.201927
2222,1000,0.10,900,2,17,0.9715,0.05,linear,22,351.00,0.042999
2223,1000,0.10,900,2,17,0.9767,0.05,linear,23,376.00,0.132132
2224,1000,0.10,900,2,17,0.9998,0.05,linear,24,360.00,0.097582
2225,1000,0.10,900,2,17,0.9809,0.05,linear,25,336.00,0.044628
2226,1000,0.10,900,2,17,0.9772,0.05,linear,26,369.00,0.043297
2227,1000,0.10,900,2,17,1.0257,0.05,linear,27,381.00,0.134820
2228,1000,0.10,900,2,17,0.9982,0.05,linear,28,366.00,0.268677
2229,1000,0.10,900,2,17,0.9859,0.05,linear,29,362.00,0.028196
2230,1000,0.10,900,2,17,1.0127,0.05,linear,30,360.00,0.040640
2231,1000,0.10,900,2,17,0.9676,0.05,linear,31,336.00,0.075116
2232,1000,0.10,900,2,17,1.0265,0.05,linear,32,369.00,0.082074
2233,1000,0.10,900,2,17,0.9880,0.05,linear,33,363.00,0.100703
2234,1000,0.10,900,2,17,0.9730,0.05,linear,34,334.00,0.276182
2235,1000,0.10,900,2,17,0.9708,0.05,linear,35,360.00,0.068979
2236,1000,0.10,900,2,17,1.0045,0.05,linear,36,346.00,0.035644
2237,1000,0.10,900,2,17,1.0164,0.05,linear,37,342.00,0.060509
2238,1000,0.10,900,2,17,0.9418,0.05,linear,38,330.00,0.164011
2239,1000,0.10,900,2,17,1.0343,0.05,linear,39,330.00,0.204831
2240,1000,0.10,900,2,17,1.0207,0.05,linear,40,337.00,0.267175
2241,1000,0.10,900,2,17,1.0321,0.05,linear,41,374.00,0.055032
2242,1000,0.10,900,2,17,0.9997,0.05,linear,42,357.00,0.055420
2243,1000,0.10,900,2,17,1.0199,0.05,linear,43,353.00,0.070524
2244,1000,0.10,900,2,17,0.9948,0.05,linear,44,391.00,0.045989
2245,1000,0.10,900,2,17,0.9986,0.05,linear,45,379.00,0.202336
2246,1000,0.10,900,2,17,1.0296,0.05,linear,46,369.00,0.236375
2247,1000,0.10,900,2,17,1.0095,0.05,linear,47,334.00,0.047114
2248,1000,0.10,900,2,17,1.0805,0.05,linear,48,363.00,0.159264
2249,1000,0.10,900,2,17,1.0011,0.05,linear,49,384.00,0.130700
2250,1000,0.10,900,2,17,1.0377,0.05,linear,50,358.00,0.237897
2251,1000,0.10,900,2,17,0.9915,0.05,linear,51,358.00,0.164342
2252,1000,0.10,900,2,17,1.0046,0.05,linear,52,325.00,0.038758
2253,1000,0.10,900,2,17,0.9915,0.05,linear,53,370.00,0.111359
2254,1000,0.10,900,2,17,1.0124,0.05,linear,54,336.00,0.048011
2255,1000,0.10,900,2,17,0.9776,0.05,linear,55,365.00,0.086536
2256,1000,0.10,900,2,17,0.9721,0.05,linear,56,370.00,0.077551
2257,1000,0.10,900,2,17,1.0059,0.05,linear,57,363.00,0.249131
2258,1000,0.10,900,2,17,1.0063,0.05,linear,58,343.00,0.135349
2259,1000,0.10,900,2,17,1.0234,0.05,linear,59,355.00,0.141139
2260,1000,0.10,900,2,17,0.9916,0.05,linear,60,365.00,0.024909
2261,1000,0.10,900,2,17,1.0608,0.05,linear,61,339.00,0.228103
2262,1000,0.10,900,2,17,1.0231,0.05,linear,62,366.00,0.141367
2263,1000,0.10,900,2,17,1.0179,0.05,linear,63,385.00,0.425408
2264,1000,0.10,900,2,17,1.0371,0.05,linear,64,358.00,0.040799
2265,1000,0.10,900,2,17,1.0279,0.05,linear,65,355.00,0.043951
2266,1000,0.10,900,2,17,1.0117,0.05,linear,66,357.00,0.077589
2267,1000,0.10,900,2,17,1.0302,0.05,linear,67,342.00,0.162704
2268,1000,0.10,900,2,17,0.9947,0.05,linear,68,343.00,0.034974
2269,1000,0.10,900,2,17,1.0109,0.05,linear,69,363.00,0.283876
2270,1000,0.10,900,2,17,1.0059,0.05,linear,70,353.00,0.103360
2271,1000,0.10,900,2,17,0.9713,0.05,linear,71,375.00,0.158654
2272,1000,0.10,900,2,17,1.0038,0.05,linear,72,328.00,0.033681
2273,1000,0.10,900,2,17,0.9763,0.05,linear,73,351.00,0.127606
2274,1000,0.10,900,2,17,1.0147,0.05,linear,74,340.00,0.142153
2275,1000,0.10,900,2,17,0.9883,0.05,linear,75,360.00,0.105933
2276,1000,0.10,900,2,17,0.9965,0.05,linear,76,397.00,0.150872
2277,1000,0.10,900,2,17,1.0041,0.05,linear,77,353.00,0.192888
2278,1000,0.10,900,2,17,0.9904,0.05,linear,78,334.00,0.080858
2279,1000,0.10,900,2,17,1.0434,0.05,linear,79,338.00,0.069301
2280,1000,0.10,900,2,17,1.0074,0.05,linear,80,375.00,0.107561
2281,1000,0.10,900,2,17,1.0025,0.05,linear,81,378.00,0.132794
2282,1000,0.10,900,2,17,1.0158,0.05,linear,82,368.00,0.135322
2283,1000,0.10,900,2,17,1.0525,0.05,linear,83,345.00,0.210985
2284,1000,0.10,900,2,17,0.9819,0.05,linear,84,343.00,0.188624
2285,1000,0.10,900,2,17,1.0359,0.05,linear,85,331.00,0.102478
2286,1000,0.10,900,2,17,1.0233,0.05,linear,86,345.00,0.235251
2287,1000,0.10,900,2,17,1.0437,0.05,linear,87,382.00,0.056339
2288,1000,0.10,900,2,17,0.9992,0.05,linear,88,337.00,0.145686
2289,1000,0.10,900,2,17,1.0213,0.05,linear,89,354.00,0.208609
2290,1000,0.10,900,2,17,0.9533,0.05,linear,90,381.00,0.204311
2291,1000,0.10,900,2,17,0.9900,0.05,linear,91,328.00,0.196178
2292,1000,0.10,900,2,17,0.9923,0.05,linear,92,348.00,0.103742
2293,1000,0.10,900,2,17,0.9976,0.05,linear,93,353.00,0.103314
2294,1000,0.10,900,2,17,1.0112,0.05,linear,94,357.00,0.285303
2295,1000,0.10,900,2,17,0.9809,0.05,linear,95,332.00,0.074067
2296,1000,0.10,900,2,17,1.0114,0.05,linear,96,368.00,0.220777
2297,1000,0.10,900,2,17,1.0179,0.05,linear,97,371.00,0.079677
2298,1000,0.10,900,2,17,1.0123,0.05,linear,98,365.00,0.020816
2299,1000,0.10,900,2,17,1.0346,0.05,linear,99,360.00,0.164651
2300,1000,0.10,900,2,17,1.0080,0.10,linear,0,360.00,0.246580
2301,1000,0.10,900,2,17,0.9781,0.10,linear,1,359.00,0.166639
2302,1000,0.10,900,2,17,1.0243,0.10,linear,2,352.00,0.074813
2303,1000,0.10,900,2,17,0.9961,0.10,linear,3,394.00,0.016109
2304,1000,0.10,900,2,17,1.0067,0.10,linear,4,360.00,0.121935
2305,1000,0.10,900,2,17,1.0162,0.10,linear,5,350.00,0.059796
2306,1000,0.10,900,2,17,0.9551,0.10,linear,6,375.00,0.127244
2307,1000,0.10,900,2,17,1.0429,0.10,linear,7,379.00,0.032386
2308,1000,0.10,900,2,17,1.0402,0.10,linear,8,371.00,0.033064
2309,1000,0.10,900,2,17,1.0342,0.10,linear,9,322.00,0.022225
2310,1000,0.10,900,2,17,1.0515,0.10,linear,10,361.00,0.131991
2311,1000,0.10,900,2,17,0.9965,0.10,linear,11,360.00,0.137119
2312,1000,0.10,900,2,17,1.0347,0.10,linear,12,373.00,0.085745
2313,1000,0.10,900,2,17,0.9928,0.10,linear,13,350.00,0.079871
2314,1000,0.10,900,2,17,1.0803,0.10,linear,14,351.00,0.072167
2315,1000,0.10,900,2,17,1.0366,0.10,linear,15,345.00,0.119149
2316,1000,0.10,900,2,17,0.9955,0.10,linear,16,338.00,0.161277
2317,1000,0.10,900,2,17,0.9944,0.10,linear,17,360.00,0.111988
2318,1000,0.10,900,2,17,1.0051,0.10,linear,18,367.00,0.128460
2319,1000,0.10,900,2,17,0.9584,0.10,linear,19,378.00,0.131901
2320,1000,0.10,900,2,17,0.9669,0.10,linear,20,375.00,0.031153
2321,1000,0.10,900,2,17,1.0174,0.10,linear,21,368.00,0.086482
2322,1000,0.10,900,2,17,0.9717,0.10,linear,22,351.00,0.050503
2323,1000,0.10,900,2,17,1.0086,0.10,linear,23,377.00,0.155474
2324,1000,0.10,900,2,17,1.0219,0.10,linear,24,374.00,0.353823
2325,1000,0.10,900,2,17,1.0265,0.10,linear,25,350.00,0.070796
2326,1000,0.10,900,2,17,1.0425,0.10,linear,26,370.00,0.273710
2327,1000,0.10,900,2,17,1.0349,0.10,linear,27,358.00,0.101063
2328,1000,0.10,900,2,17,0.9659,0.10,linear,28,356.00,0.144147
2329,1000,0.10,900,2,17,1.0353,0.10,linear,29,351.00,0.086510
2330,1000,0.10,900,2,17,1.0437,0.10,linear,30,336.00,0.079416
2331,1000,0.10,900,2,17,1.0155,0.10,linear,31,356.00,0.083834
2332,1000,0.10,900,2,17,1.0164,0.10,linear,32,353.00,0.075547
2333,1000,0.10,900,2,17,1.0164,0.10,linear,33,377.00,0.138916
2334,1000,0.10,900,2,17,0.9952,0.10,linear,34,371.00,0.026604
2335,1000,0.10,900,2,17,1.0274,0.10,linear,35,335.00,0.241620
2336,1000,0.10,900,2,17,0.9884,0.10,linear,36,342.00,0.062445
2337,1000,0.10,900,2,17,1.0688,0.10,linear,37,369.00,0.049320
2338,1000,0.10,900,2,17,1.0036,0.10,linear,38,369.00,0.079373
2339,1000,0.10,900,2,17,0.9972,0.10,linear,39,364.00,0.065665
2340,1000,0.10,900,2,17,0.9856,0.10,linear,40,340.00,0.345682
2341,1000,0.10,900,2,17,1.0165,0.10,linear,41,366.00,0.046573
2342,1000,0.10,900,2,17,0.9961,0.10,linear,42,369.00,0.184231
2343,1000,0.10,900,2,17,1.0076,0.10,linear,43,328.00,0.170028
2344,1000,0.10,900,2,17,0.9811,0.10,linear,44,350.00,0.252886
2345,1000,0.10,900,2,17,1.0437,0.10,linear,45,371.00,0.121523
2346,1000,0.10,900,2,17,1.0536,0.10,linear,46,384.00,0.272016
2347,1000,0.10,900,2,17,1.0256,0.10,linear,47,356.00,0.109508
2348,1000,0.10,900,2,17,1.0497,0.10,linear,48,372.00,0.121303
2349,1000,0.10,900,2,17,1.0124,0.10,linear,49,363.00,0.183068
2350,1000,0.10,900,2,17,1.0054,0.10,linear,50,390.00,0.141212
2351,1000,0.10,900,2,17,1.0162,0.10,linear,51,343.00,0.132948
2352,1000,0.10,900,2,17,0.9836,0.10,linear,52,373.00,0.501489
2353,1000,0.10,900,2,17,1.0340,0.10,linear,53,347.00,0.044879
2354,1000,0.10,900,2,17,1.0327,0.10,linear,54,328.00,0.208815
2355,1000,0.10,900,2,17,1.0313,0.10,linear,55,368.00,0.119621
2356,1000,0.10,900,2,17,1.0249,0.10,linear,56,380.00,0.153202
2357,1000,0.10,900,2,17,1.0062,0.10,linear,57,361.00,0.032585
2358,1000,0.10,900,2,17,1.0114,0.10,linear,58,363.00,0.266330
2359,1000,0.10,900,2,17,1.0301,0.10,linear,59,408.00,0.061246
2360,1000,0.10,900,2,17,1.0366,0.10,linear,60,395.00,0.082554
2361,1000,0.10,900,2,17,1.0000,0.10,linear,61,349.00,0.224650
2362,1000,0.10,900,2,17,1.0588,0.10,linear,62,344.00,0.064951
2363,1000,0.10,900,2,17,1.0018,0.10,linear,63,339.00,0.072898
2364,1000,0.10,900,2,17,1.0218,0.10,linear,64,349.00,0.097215
2365,1000,0.10,900,2,17,1.0176,0.10,linear,65,381.00,0.341289
2366,1000,0.10,900,2,17,1.0246,0.10,linear,66,364.00,0.153654
2367,1000,0.10,900,2,17,1.0286,0.10,linear,67,387.00,0.247570
2368,1000,0.10,900,2,17,0.9721,0.10,linear,68,328.00,0.264376
2369,1000,0.10,900,2,17,1.0140,0.10,linear,69,381.00,0.109620
2370,1000,0.10,900,2,17,1.0203,0.10,linear,70,369.00,0.021773
2371,1000,0.10,900,2,17,1.0052,0.10,linear,71,343.00,0.187747
2372,1000,0.10,900,2,17,1.0013,0.10,linear,72,350.00,0.087701
2373,1000,0.10,900,2,17,0.9835,0.10,linear,73,348.00,0.112053
2374,1000,0.10,900,2,17,1.0314,0.10,linear,74,350.00,0.099216
2375,1000,0.10,900,2,17,0.9913,0.10,linear,75,355.00,0.211460
2376,1000,0.10,900,2,17,1.0297,0.10,linear,76,335.00,0.049207
2377,1000,0.10,900,2,17,1.0400,0.10,linear,77,357.00,0.192692
2378,1000,0.10,900,2,17,0.9939,0.10,linear,78,344.00,0.132437
2379,1000,0.10,900,2,17,1.0558,0.10,linear,79,351.00,0.142669
2380,1000,0.10,900,2,17,1.0268,0.10,linear,80,400.00,0.017826
2381,1000,0.10,900,2,17,1.0693,0.10,linear,81,379.00,0.105590
2382,1000,0.10,900,2,17,0.9745,0.10,linear,82,375.00,0.142314
2383,1000,0.10,900,2,17,1.0034,0.10,linear,83,382.00,0.170896
2384,1000,0.10,900,2,17,1.0179,0.10,linear,84,368.00,0.104042
2385,1000,0.10,900,2,17,0.9883,0.10,linear,85,368.00,0.253626
2386,1000,0.10,900,2,17,1.0377,0.10,linear,86,339.00,0.155172
2387,1000,0.10,900,2,17,1.0213,0.10,linear,87,357.00,0.327175
2388,1000,0.10,900,2,17,1.0115,0.10,linear,88,346.00,0.182677
2389,1000,0.10,900,2,17,1.0220,0.10,linear,89,371.00,0.058123
2390,1000,0.10,900,2,17,1.0028,0.10,linear,90,349.00,0.514369
2391,1000,0.10,900,2,17,1.0410,0.10,linear,91,344.00,0.043335
2392,1000,0.10,900,2,17,1.0486,0.10,linear,92,383.00,0.470014
2393,1000,0.10,900,2,17,1.0717,0.10,linear,93,364.00,0.058052
2394,1000,0.10,900,2,17,1.0081,0.10,linear,94,378.00,0.059284
2395,1000,0.10,900,2,17,1.0324,0.10,linear,95,357.00,0.147210
2396,1000,0.10,900,2,17,1.0479,0.10,linear,96,363.00,0.135478
2397,1000,0.10,900,2,17,1.0232,0.10,linear,97,380.00,0.292735
2398,1000,0.10,900,2,17,0.9896,0.10,linear,98,365.00,0.259221
2399,1000,0.10,900,2,17,0.9889,0.10,linear,99,353.00,0.126599
2400,1000,0.10,900,2,17,1.0189,0.15,linear,0,333.00,0.132833
2401,1000,0.10,900,2,17,1.0031,0.15,linear,1,372.00,0.059578
2402,1000,0.10,900,2,17,0.9949,0.15,linear,2,367.00,0.052093
2403,1000,0.10,900,2,17,1.0279,0.15,linear,3,351.00,0.134182
2404,1000,0.10,900,2,17,1.0539,0.15,linear,4,361.00,0.204491
2405,1000,0.10,900,2,17,0.9926,0.15,linear,5,358.00,0.022307
2406,1000,0.10,900,2,17,0.9926,0.15,linear,6,377.00,0.133795
2407,1000,0.10,900,2,17,0.9811,0.15,linear,7,388.00,0.078164
2408,1000,0.10,900,2,17,0.9994,0.15,linear,8,366.00,0.350210
2409,1000,0.10,900,2,17,1.0248,0.15,linear,9,367.00,0.111299
2410,1000,0.10,900,2,17,1.0629,0.15,linear,10,345.00,0.171042
2411,1000,0.10,900,2,17,0.9963,0.15,linear,11,358.00,0.118414
2412,1000,0.10,900,2,17,0.9825,0.15,linear,12,360.00,0.097452
2413,1000,0.10,900,2,17,1.0510,0.15,linear,13,348.00,0.186761
2414,1000,0.10,900,2,17,0.9878,0.15,linear,14,350.00,0.235170
2415,1000,0.10,900,2,17,0.9882,0.15,linear,15,401.00,0.204254
2416,1000,0.10,900,2,17,1.0505,0.15,linear,16,354.00,0.193061
2417,1000,0.10,900,2,17,1.0468,0.15,linear,17,352.00,0.092387
2418,1000,0.10,900,2,17,1.0212,0.15,linear,18,375.00,0.090765
2419,1000,0.10,900,2,17,1.0006,0.15,linear,19,377.00,0.081980
2420,1000,0.10,900,2,17,1.0455,0.15,linear,20,366.00,0.253213
2421,1000,0.10,900,2,17,1.0574,0.15,linear,21,363.00,0.281357
2422,1000,0.10,900,2,17,1.0238,0.15,linear,22,384.00,0.081837
2423,1000,0.10,900,2,17,1.0180,0.15,linear,23,353.00,0.177793
2424,1000,0.10,900,2,17,1.0271,0.15,linear,24,348.00,0.317317
2425,1000,0.10,900,2,17,1.0574,0.15,linear,25,365.00,0.532927
2426,1000,0.10,900,2,17,1.0067,0.15,linear,26,339.00,0.236302
2427,1000,0.10,900,2,17,1.0022,0.15,linear,27,337.00,0.147194
2428,1000,0.10,900,2,17,1.0458,0.15,linear,28,374.00,0.066801
2429,1000,0.10,900,2,17,1.0323,0.15,linear,29,351.00,0.088311
2430,1000,0.10,900,2,17,1.0015,0.15,linear,30,362.00,0.184528
2431,1000,0.10,900,2,17,1.0469,0.15,linear,31,355.00,0.201612
2432,1000,0.10,900,2,17,1.0609,0.15,linear,32,367.00,0.270365
2433,1000,0.10,900,2,17,0.9904,0.15,linear,33,350.00,0.097332
2434,1000,0.10,900,2,17,1.0161,0.15,linear,34,379.00,0.063705
2435,1000,0.10,900,2,17,0.9888,0.15,linear,35,361.00,0.189865
2436,1000,0.10,900,2,17,1.0213,0.15,linear,36,379.00,0.109874
2437,1000,0.10,900,2,17,0.9724,0.15,linear,37,363.00,0.169998
2438,1000,0.10,900,2,17,1.0323,0.15,linear,38,348.00,0.257697
2439,1000,0.10,900,2,17,1.0155,0.15,linear,39,361.00,0.087748
2440,1000,0.10,900,2,17,1.0473,0.15,linear,40,388.00,0.292472
2441,1000,0.10,900,2,17,1.0092,0.15,linear,41,353.00,0.218576
2442,1000,0.10,900,2,17,0.9875,0.15,linear,42,340.00,0.013654
2443,1000,0.10,900,2,17,1.0194,0.15,linear,43,337.00,0.007781
2444,1000,0.10,900,2,17,0.9337,0.15,linear,44,360.00,0.096888
2445,1000,0.10,900,2,17,0.9925,0.15,linear,45,384.00,0.043032
2446,1000,0.10,900,2,17,1.0174,0.15,linear,46,341.00,0.196824
2447,1000,0.10,900,2,17,1.0066,0.15,linear,47,369.00,0.295440
2448,1000,0.10,900,2,17,1.0141,0.15,linear,48,336.00,0.149347
2449,1000,0.10,900,2,17,1.0122,0.15,linear,49,383.00,0.313921
2450,1000,0.10,900,2,17,1.0520,0.15,linear,50,315.00,0.164082
2451,1000,0.10,900,2,17,1.0133,0.15,linear,51,357.00,0.092440
2452,1000,0.10,900,2,17,0.9944,0.15,linear,52,352.00,0.163736
2453,1000,0.10,900,2,17,1.0612,0.15,linear,53,386.00,0.029798
2454,1000,0.10,900,2,17,1.0195,0.15,linear,54,346.00,0.223732
2455,1000,0.10,900,2,17,1.0294,0.15,linear,55,324.00,0.093878
2456,1000,0.10,900,2,17,1.0114,0.15,linear,56,346.00,0.226878
2457,1000,0.10,900,2,17,1.0600,0.15,linear,57,370.00,0.140235
2458,1000,0.10,900,2,17,1.0016,0.15,linear,58,370.00,0.167861
2459,1000,0.10,900,2,17,1.0254,0.15,linear,59,336.00,0.154103
2460,1000,0.10,900,2,17,1.0376,0.15,linear,60,375.00,0.122007
2461,1000,0.10,900,2,17,1.0617,0.15,linear,61,352.00,0.133393
2462,1000,0.10,900,2,17,1.0048,0.15,linear,62,361.00,0.074259
2463,1000,0.10,900,2,17,0.9603,0.15,linear,63,382.00,0.045931
2464,1000,0.10,900,2,17,0.9557,0.15,linear,64,343.00,0.054236
2465,1000,0.10,900,2,17,1.0132,0.15,linear,65,351.00,0.099672
2466,1000,0.10,900,2,17,0.9381,0.15,linear,66,355.00,0.122436
2467,1000,0.10,900,2,17,1.0154,0.15,linear,67,369.00,0.322622
2468,1000,0.10,900,2,17,1.0014,0.15,linear,68,353.00,0.059169
2469,1000,0.10,900,2,17,0.9306,0.15,linear,69,359.00,0.148652
2470,1000,0.10,900,2,17,1.0184,0.15,linear,70,377.00,0.271456
2471,1000,0.10,900,2,17,1.0294,0.15,linear,71,383.00,0.021531
2472,1000,0.10,900,2,17,1.0174,0.15,linear,72,379.00,0.266179
2473,1000,0.10,900,2,17,0.9966,0.15,linear,73,339.00,0.118126
2474,1000,0.10,900,2,17,0.9899,0.15,linear,74,369.00,0.217504
2475,1000,0.10,900,2,17,1.0531,0.15,linear,75,377.00,0.161324
2476,1000,0.10,900,2,17,1.0286,0.15,linear,76,373.00,0.107463
2477,1000,0.10,900,2,17,1.0221,0.15,linear,77,321.00,0.179454
2478,1000,0.10,900,2,17,1.0420,0.15,linear,78,377.00,0.122234
2479,1000,0.10,900,2,17,1.0205,0.15,linear,79,368.00,0.120775
2480,1000,0.10,900,2,17,1.0936,0.15,linear,80,354.00,0.293090
2481,1000,0.10,900,2,17,1.0034,0.15,linear,81,349.00,0.160510
2482,1000,0.10,900,2,17,1.0374,0.15,linear,82,347.00,0.063211
2483,1000,0.10,900,2,17,1.0351,0.15,linear,83,308.00,0.206170
2484,1000,0.10,900,2,17,0.9972,0.15,linear,84,337.00,0.146986
2485,1000,0.10,900,2,17,1.0128,0.15,linear,85,368.00,0.222941
2486,1000,0.10,900,2,17,0.9986,0.15,linear,86,358.00,0.184036
2487,1000,0.10,900,2,17,1.0415,0.15,linear,87,355.00,0.075079
2488,1000,0.10,900,2,17,1.0653,0.15,linear,88,388.00,0.294560
2489,1000,0.10,900,2,17,1.0107,0.15,linear,89,363.00,0.471796
2490,1000,0.10,900,2,17,0.9989,0.15,linear,90,345.00,0.075222
2491,1000,0.10,900,2,17,0.9803,0.15,linear,91,365.00,0.220863
2492,1000,0.10,900,2,17,1.0271,0.15,linear,92,360.00,0.074880
2493,1000,0.10,900,2,17,0.9877,0.15,linear,93,379.00,0.169029
2494,1000,0.10,900,2,17,1.0473,0.15,linear,94,357.00,0.032921
2495,1000,0.10,900,2,17,1.0260,0.15,linear,95,350.00,0.300498
2496,1000,0.10,900,2,17,0.9885,0.15,linear,96,364.00,0.091997
2497,1000,0.10,900,2,17,1.0411,0.15,linear,97,357.00,0.275757
2498,1000,0.10,900,2,17,1.0555,0.15,linear,98,357.00,0.169302
2499,1000,0.10,900,2,17,1.0092,0.15,linear,99,335.00,0.016185
2500,1000,0.10,900,2,17,1.0507,0.20,linear,0,366.00,0.085326
2501,1000,0.10,900,2,17,1.0299,0.20,linear,1,363.00,0.116857
2502,1000,0.10,900,2,17,1.0348,0.20,linear,2,332.00,0.193978
2503,1000,0.10,900,2,17,1.0309,0.20,linear,3,379.00,0.305777
2504,1000,0.10,900,2,17,1.0197,0.20,linear,4,357.00,0.117036
2505,1000,0.10,900,2,17,1.0407,0.20,linear,5,370.00,0.372542
2506,1000,0.10,900,2,17,1.0316,0.20,linear,6,377.00,0.629123
2507,1000,0.10,900,2,17,1.0178,0.20,linear,7,358.00,0.036299
2508,1000,0.10,900,2,17,1.0262,0.20,linear,8,355.00,0.086569
2509,1000,0.10,900,2,17,0.9828,0.20,linear,9,349.00,0.003121
2510,1000,0.10,900,2,17,0.9973,0.20,linear,10,395.00,0.185815
2511,1000,0.10,900,2,17,1.0449,0.20,linear,11,359.00,0.044315
2512,1000,0.10,900,2,17,1.0205,0.20,linear,12,353.00,0.111665
2513,1000,0.10,900,2,17,1.0677,0.20,linear,13,383.00,0.473852
2514,1000,0.10,900,2,17,1.0338,0.20,linear,14,354.00,0.120369
2515,1000,0.10,900,2,17,1.0435,0.20,linear,15,367.00,0.056550
2516,1000,0.10,900,2,17,0.9996,0.20,linear,16,363.00,0.457795
2517,1000,0.10,900,2,17,1.0009,0.20,linear,17,334.00,0.215218
2518,1000,0.10,900,2,17,1.0343,0.20,linear,18,376.00,0.176319
2519,1000,0.10,900,2,17,1.0112,0.20,linear,19,359.00,0.131647
2520,1000,0.10,900,2,17,1.0465,0.20,linear,20,352.00,0.202753
2521,1000,0.10,900,2,17,1.0158,0.20,linear,21,393.00,0.132314
2522,1000,0.10,900,2,17,1.0784,0.20,linear,22,359.00,0.124968
2523,1000,0.10,900,2,17,0.9817,0.20,linear,23,375.00,0.174064
2524,1000,0.10,900,2,17,1.0264,0.20,linear,24,346.00,0.112796
2525,1000,0.10,900,2,17,1.0149,0.20,linear,25,374.00,0.313526
2526,1000,0.10,900,2,17,1.0183,0.20,linear,26,376.00,0.175669
2527,1000,0.10,900,2,17,1.0148,0.20,linear,27,345.00,0.136544
2528,1000,0.10,900,2,17,1.0124,0.20,linear,28,347.00,0.112688
2529,1000,0.10,900,2,17,1.0389,0.20,linear,29,337.00,0.113469
2530,1000,0.10,900,2,17,1.0062,0.20,linear,30,352.00,0.257763
2531,1000,0.10,900,2,17,0.9864,0.20,linear,31,345.00,0.198335
2532,1000,0.10,900,2,17,1.0168,0.20,linear,32,357.00,0.113530
2533,1000,0.10,900,2,17,1.0072,0.20,linear,33,362.00,0.149238
2534,1000,0.10,900,2,17,1.0476,0.20,linear,34,384.00,0.133263
2535,1000,0.10,900,2,17,0.9955,0.20,linear,35,356.00,0.344510
2536,1000,0.10,900,2,17,0.9710,0.20,linear,36,358.00,0.197302
2537,1000,0.10,900,2,17,1.0252,0.20,linear,37,336.00,0.245916
2538,1000,0.10,900,2,17,1.0291,0.20,linear,38,350.00,0.058746
2539,1000,0.10,900,2,17,1.0322,0.20,linear,39,380.00,0.063885
2540,1000,0.10,900,2,17,1.0237,0.20,linear,40,343.00,0.118058
2541,1000,0.10,900,2,17,1.0342,0.20,linear,41,354.00,0.092870
2542,1000,0.10,900,2,17,1.0504,0.20,linear,42,350.00,0.133254
2543,1000,0.10,900,2,17,1.0515,0.20,linear,43,391.00,0.149815
2544,1000,0.10,900,2,17,0.9774,0.20,linear,44,364.00,0.314912
2545,1000,0.10,900,2,17,1.0069,0.20,linear,45,327.00,0.168549
2546,1000,0.10,900,2,17,1.0713,0.20,linear,46,332.00,0.066331
2547,1000,0.10,900,2,17,0.9858,0.20,linear,47,338.00,0.246118
2548,1000,0.10,900,2,17,0.9813,0.20,linear,48,366.00,0.230376
2549,1000,0.10,900,2,17,1.0567,0.20,linear,49,357.00,0.126572
2550,1000,0.10,900,2,17,1.0299,0.20,linear,50,356.00,0.051613
2551,1000,0.10,900,2,17,1.0570,0.20,linear,51,306.00,0.238172
2552,1000,0.10,900,2,17,1.0287,0.20,linear,52,336.00,0.194488
2553,1000,0.10,900,2,17,1.0335,0.20,linear,53,379.00,0.180234
2554,1000,0.10,900,2,17,1.0015,0.20,linear,54,371.00,0.138727
2555,1000,0.10,900,2,17,1.0442,0.20,linear,55,352.00,0.277320
2556,1000,0.10,900,2,17,1.0454,0.20,linear,56,373.00,0.363777
2557,1000,0.10,900,2,17,1.0204,0.20,linear,57,343.00,0.068928
2558,1000,0.10,900,2,17,1.0386,0.20,linear,58,348.00,0.061411
2559,1000,0.10,900,2,17,1.0275,0.20,linear,59,403.00,0.202624
2560,1000,0.10,900,2,17,1.0363,0.20,linear,60,343.00,0.249780
2561,1000,0.10,900,2,17,1.0319,0.20,linear,61,352.00,0.138668
2562,1000,0.10,900,2,17,1.0455,0.20,linear,62,353.00,0.062461
2563,1000,0.10,900,2,17,0.9976,0.20,linear,63,368.00,0.319154
2564,1000,0.10,900,2,17,1.0541,0.20,linear,64,326.00,0.059323
2565,1000,0.10,900,2,17,1.0430,0.20,linear,65,349.00,0.038600
2566,1000,0.10,900,2,17,1.0627,0.20,linear,66,343.00,0.172525
2567,1000,0.10,900,2,17,1.0489,0.20,linear,67,359.00,0.055261
2568,1000,0.10,900,2,17,0.9963,0.20,linear,68,340.00,0.082376
2569,1000,0.10,900,2,17,1.0495,0.20,linear,69,359.00,0.259122
2570,1000,0.10,900,2,17,1.0396,0.20,linear,70,382.00,0.417431
2571,1000,0.10,900,2,17,1.0146,0.20,linear,71,368.00,0.164350
2572,1000,0.10,900,2,17,0.9870,0.20,linear,72,353.00,0.171321
2573,1000,0.10,900,2,17,1.0000,0.20,linear,73,363.00,0.312528
2574,1000,0.10,900,2,17,1.0160,0.20,linear,74,332.00,0.096812
2575,1000,0.10,900,2,17,1.0285,0.20,linear,75,338.00,0.262984
2576,1000,0.10,900,2,17,0.9808,0.20,linear,76,385.00,0.177635
2577,1000,0.10,900,2,17,0.9979,0.20,linear,77,388.00,0.044236
2578,1000,0.10,900,2,17,1.0040,0.20,linear,78,347.00,0.232565
2579,1000,0.10,900,2,17,1.0815,0.20,linear,79,369.00,0.176181
2580,1000,0.10,900,2,17,1.0602,0.20,linear,80,369.00,0.166871
2581,1000,0.10,900,2,17,1.0095,0.20,linear,81,336.00,0.041696
2582,1000,0.10,900,2,17,1.0009,0.20,linear,82,351.00,0.085853
2583,1000,0.10,900,2,17,1.0220,0.20,linear,83,369.00,0.096017
2584,1000,0.10,900,2,17,1.0367,0.20,linear,84,354.00,0.167415
2585,1000,0.10,900,2,17,1.0411,0.20,linear,85,348.00,0.169602
2586,1000,0.10,900,2,17,1.0357,0.20,linear,86,339.00,0.217892
2587,1000,0.10,900,2,17,1.0454,0.20,linear,87,331.00,0.214911
2588,1000,0.10,900,2,17,0.9881,0.20,linear,88,334.00,0.171865
2589,1000,0.10,900,2,17,1.0402,0.20,linear,89,351.00,0.481372
2590,1000,0.10,900,2,17,1.0633,0.20,linear,90,379.00,0.145846
2591,1000,0.10,900,2,17,1.0375,0.20,linear,91,375.00,0.176765
2592,1000,0.10,900,2,17,1.0484,0.20,linear,92,351.00,0.176869
2593,1000,0.10,900,2,17,1.0511,0.20,linear,93,379.00,0.185069
2594,1000,0.10,900,2,17,1.0772,0.20,linear,94,358.00,0.434189
2595,1000,0.10,900,2,17,1.0229,0.20,linear,95,370.00,0.084293
2596,1000,0.10,900,2,17,1.0084,0.20,linear,96,368.00,0.277453
2597,1000,0.10,900,2,17,1.0058,0.20,linear,97,395.00,0.253586
2598,1000,0.10,900,2,17,1.0478,0.20,linear,98,364.00,0.042580
2599,1000,0.10,900,2,17,0.9858,0.20,linear,99,378.00,0.052188
2600,1000,0.10,900,2,17,0.9876,0.25,linear,0,361.00,0.130709
2601,1000,0.10,900,2,17,1.0727,0.25,linear,1,351.00,0.300239
2602,1000,0.10,900,2,17,1.0245,0.25,linear,2,356.00,0.187644
2603,1000,0.10,900,2,17,1.0204,0.25,linear,3,363.00,0.101066
2604,1000,0.10,900,2,17,1.0242,0.25,linear,4,379.00,0.066652
2605,1000,0.10,900,2,17,1.0047,0.25,linear,5,373.00,0.025764
2606,1000,0.10,900,2,17,0.9859,0.25,linear,6,347.00,0.048630
2607,1000,0.10,900,2,17,1.0426,0.25,linear,7,347.00,0.140169
2608,1000,0.10,900,2,17,1.0650,0.25,linear,8,383.00,0.242849
2609,1000,0.10,900,2,17,1.0141,0.25,linear,9,379.00,0.208226
2610,1000,0.10,900,2,17,1.0587,0.25,linear,10,373.00,0.309461
2611,1000,0.10,900,2,17,1.0916,0.25,linear,11,353.00,0.502082
2612,1000,0.10,900,2,17,1.0502,0.25,linear,12,379.00,0.057228
2613,1000,0.10,900,2,17,1.0126,0.25,linear,13,351.00,0.319276
2614,1000,0.10,900,2,17,1.0336,0.25,linear,14,371.00,0.118554
2615,1000,0.10,900,2,17,1.0212,0.25,linear,15,370.00,0.043704
2616,1000,0.10,900,2,17,1.0558,0.25,linear,16,348.00,0.288672
2617,1000,0.10,900,2,17,1.0300,0.25,linear,17,349.00,0.196391
2618,1000,0.10,900,2,17,1.0656,0.25,linear,18,373.00,0.241047
2619,1000,0.10,900,2,17,0.9668,0.25,linear,19,359.00,0.116505
2620,1000,0.10,900,2,17,1.0036,0.25,linear,20,364.00,0.062744
2621,1000,0.10,900,2,17,1.0615,0.25,linear,21,363.00,0.238306
2622,1000,0.10,900,2,17,1.0339,0.25,linear,22,354.00,0.138275
2623,1000,0.10,900,2,17,1.0232,0.25,linear,23,367.00,0.029024
2624,1000,0.10,900,2,17,1.0025,0.25,linear,24,365.00,0.152409
2625,1000,0.10,900,2,17,1.0578,0.25,linear,25,380.00,0.007421
2626,1000,0.10,900,2,17,1.0376,0.25,linear,26,370.00,0.137347
2627,1000,0.10,900,2,17,1.0168,0.25,linear,27,375.00,0.436872
2628,1000,0.10,900,2,17,1.0311,0.25,linear,28,343.00,0.247800
2629,1000,0.10,900,2,17,1.0344,0.25,linear,29,351.00,0.204122
2630,1000,0.10,900,2,17,1.0332,0.25,linear,30,356.00,0.074962
2631,1000,0.10,900,2,17,1.0224,0.25,linear,31,375.00,0.218807
2632,1000,0.10,900,2,17,1.0503,0.25,linear,32,362.00,0.069155
2633,1000,0.10,900,2,17,1.0751,0.25,linear,33,366.00,0.288837
2634,1000,0.10,900,2,17,1.0135,0.25,linear,34,359.00,0.054874
2635,1000,0.10,900,2,17,0.9957,0.25,linear,35,347.00,0.210926
2636,1000,0.10,900,2,17,1.0056,0.25,linear,36,351.00,0.128228
2637,1000,0.10,900,2,17,1.0249,0.25,linear,37,351.00,0.123122
2638,1000,0.10,900,2,17,0.9776,0.25,linear,38,342.00,0.132644
2639,1000,0.10,900,2,17,1.0617,0.25,linear,39,358.00,0.075112
2640,1000,0.10,900,2,17,1.0423,0.25,linear,40,339.00,0.427044
2641,1000,0.10,900,2,17,1.0435,0.25,linear,41,353.00,0.363307
2642,1000,0.10,900,2,17,1.0509,0.25,linear,42,353.00,0.122280
2643,1000,0.10,900,2,17,1.0178,0.25,linear,43,359.00,0.223343
2644,1000,0.10,900,2,17,1.0160,0.25,linear,44,369.00,0.194267
2645,1000,0.10,900,2,17,1.0203,0.25,linear,45,345.00,0.125374
2646,1000,0.10,900,2,17,1.0585,0.25,linear,46,372.00,0.307262
2647,1000,0.10,900,2,17,1.0531,0.25,linear,47,385.00,0.178130
2648,1000,0.10,900,2,17,0.9840,0.25,linear,48,396.00,0.217515
2649,1000,0.10,900,2,17,1.0759,0.25,linear,49,375.00,0.362274
2650,1000,0.10,900,2,17,1.0502,0.25,linear,50,352.00,0.426501
2651,1000,0.10,900,2,17,1.0168,0.25,linear,51,337.00,0.110634
2652,1000,0.10,900,2,17,0.9839,0.25,linear,52,375.00,0.186146
2653,1000,0.10,900,2,17,0.9972,0.25,linear,53,363.00,0.044049
2654,1000,0.10,900,2,17,1.0509,0.25,linear,54,345.00,0.079666
2655,1000,0.10,900,2,17,1.0587,0.25,linear,55,366.00,0.059032
2656,1000,0.10,900,2,17,1.0580,0.25,linear,56,361.00,0.182687
2657,1000,0.10,900,2,17,1.0225,0.25,linear,57,327.00,0.040405
2658,1000,0.10,900,2,17,1.0230,0.25,linear,58,388.00,0.326587
2659,1000,0.10,900,2,17,1.0098,0.25,linear,59,347.00,0.471417
2660,1000,0.10,900,2,17,1.0203,0.25,linear,60,365.00,0.199888
2661,1000,0.10,900,2,17,0.9981,0.25,linear,61,357.00,0.029733
2662,1000,0.10,900,2,17,1.0101,0.25,linear,62,336.00,0.107560
2663,1000,0.10,900,2,17,1.0145,0.25,linear,63,320.00,0.089152
2664,1000,0.10,900,2,17,0.9873,0.25,linear,64,393.00,0.185990
2665,1000,0.10,900,2,17,1.0287,0.25,linear,65,339.00,0.044776
2666,1000,0.10,900,2,17,1.0156,0.25,linear,66,339.00,0.099837
2667,1000,0.10,900,2,17,1.0494,0.25,linear,67,351.00,0.138737
2668,1000,0.10,900,2,17,1.0586,0.25,linear,68,382.00,0.216751
2669,1000,0.10,900,2,17,1.0245,0.25,linear,69,352.00,0.297645
2670,1000,0.10,900,2,17,1.0808,0.25,linear,70,359.00,0.099619
2671,1000,0.10,900,2,17,1.0292,0.25,linear,71,375.00,0.206658
2672,1000,0.10,900,2,17,0.9710,0.25,linear,72,365.00,0.104714
2673,1000,0.10,900,2,17,1.0090,0.25,linear,73,348.00,0.125673
2674,1000,0.10,900,2,17,1.0082,0.25,linear,74,364.00,0.078851
2675,1000,0.10,900,2,17,1.0428,0.25,linear,75,356.00,0.022501
2676,1000,0.10,900,2,17,1.0449,0.25,linear,76,367.00,0.367229
2677,1000,0.10,900,2,17,1.0015,0.25,linear,77,371.00,0.104726
2678,1000,0.10,900,2,17,1.0300,0.25,linear,78,339.00,0.072783
2679,1000,0.10,900,2,17,1.0686,0.25,linear,79,346.00,0.135939
2680,1000,0.10,900,2,17,1.0741,0.25,linear,80,344.00,0.368950
2681,1000,0.10,900,2,17,1.0583,0.25,linear,81,331.00,0.332280
2682,1000,0.10,900,2,17,1.0375,0.25,linear,82,363.00,0.286253
2683,1000,0.10,900,2,17,1.0007,0.25,linear,83,356.00,0.179946
2684,1000,0.10,900,2,17,1.0292,0.25,linear,84,370.00,0.220198
2685,1000,0.10,900,2,17,1.0292,0.25,linear,85,340.00,0.144383
2686,1000,0.10,900,2,17,1.0337,0.25,linear,86,354.00,0.125999
2687,1000,0.10,900,2,17,1.0687,0.25,linear,87,364.00,0.151934
2688,1000,0.10,900,2,17,1.0266,0.25,linear,88,332.00,0.170505
2689,1000,0.10,900,2,17,1.0577,0.25,linear,89,342.00,0.127416
2690,1000,0.10,900,2,17,1.0374,0.25,linear,90,337.00,0.098753
2691,1000,0.10,900,2,17,1.0207,0.25,linear,91,359.00,0.272004
2692,1000,0.10,900,2,17,1.0291,0.25,linear,92,357.00,0.064048
2693,1000,0.10,900,2,17,1.0175,0.25,linear,93,387.00,0.069353
2694,1000,0.10,900,2,17,1.0093,0.25,linear,94,349.00,0.071712
2695,1000,0.10,900,2,17,1.0384,0.25,linear,95,363.00,0.017823
2696,1000,0.10,900,2,17,1.0122,0.25,linear,96,329.00,0.114932
2697,1000,0.10,900,2,17,1.0136,0.25,linear,97,348.00,0.165766
2698,1000,0.10,900,2,17,0.9922,0.25,linear,98,339.00,0.076961
2699,1000,0.10,900,2,17,1.0149,0.25,linear,99,357.00,0.307562
2700,1000,0.10,900,2,17,1.0044,0.30,linear,0,367.00,0.173311
2701,1000,0.10,900,2,17,0.9926,0.30,linear,1,363.00,0.279234
2702,1000,0.10,900,2,17,1.0682,0.30,linear,2,364.00,0.048526
2703,1000,0.10,900,2,17,1.0731,0.30,linear,3,335.00,0.169313
2704,1000,0.10,900,2,17,1.0424,0.30,linear,4,378.00,0.092133
2705,1000,0.10,900,2,17,1.0062,0.30,linear,5,368.00,0.117954
2706,1000,0.10,900,2,17,1.0201,0.30,linear,6,341.00,0.176526
2707,1000,0.10,900,2,17,1.0370,0.30,linear,7,334.00,0.171953
2708,1000,0.10,900,2,17,1.0277,0.30,linear,8,337.00,0.066189
2709,1000,0.10,900,2,17,1.0263,0.30,linear,9,358.00,0.327179
2710,1000,0.10,900,2,17,1.0264,0.30,linear,10,359.00,0.185209
2711,1000,0.10,900,2,17,1.0071,0.30,linear,11,370.00,0.135532
2712,1000,0.10,900,2,17,1.0257,0.30,linear,12,369.00,0.087898
2713,1000,0.10,900,2,17,1.0056,0.30,linear,13,352.00,0.045945
2714,1000,0.10,900,2,17,1.0045,0.30,linear,14,352.00,0.086196
2715,1000,0.10,900,2,17,1.0545,0.30,linear,15,376.00,0.289055
2716,1000,0.10,900,2,17,1.0281,0.30,linear,16,325.00,0.026721
2717,1000,0.10,900,2,17,1.0566,0.30,linear,17,337.00,0.364722
2718,1000,0.10,900,2,17,0.9972,0.30,linear,18,385.00,0.097061
2719,1000,0.10,900,2,17,1.0519,0.30,linear,19,353.00,0.199287
2720,1000,0.10,900,2,17,1.0394,0.30,linear,20,334.00,0.091297
2721,1000,0.10,900,2,17,0.9910,0.30,linear,21,359.00,0.175419
2722,1000,0.10,900,2,17,1.0616,0.30,linear,22,341.00,0.243064
2723,1000,0.10,900,2,17,1.0257,0.30,linear,23,372.00,0.308237
2724,1000,0.10,900,2,17,1.0726,0.30,linear,24,362.00,0.157239
2725,1000,0.10,900,2,17,1.0332,0.30,linear,25,396.00,0.046368
2726,1000,0.10,900,2,17,1.0137,0.30,linear,26,327.00,0.237857
2727,1000,0.10,900,2,17,0.9909,0.30,linear,27,371.00,0.115449
2728,1000,0.10,900,2,17,1.0471,0.30,linear,28,356.00,0.278039
2729,1000,0.10,900,2,17,1.0326,0.30,linear,29,338.00,0.067037
2730,1000,0.10,900,2,17,0.9969,0.30,linear,30,350.00,0.078355
2731,1000,0.10,900,2,17,1.0555,0.30,linear,31,344.00,0.161021
2732,1000,0.10,900,2,17,1.0138,0.30,linear,32,372.00,0.088990
2733,1000,0.10,900,2,17,1.0395,0.30,linear,33,361.00,0.175414
2734,1000,0.10,900,2,17,1.0376,0.30,linear,34,346.00,0.097990
2735,1000,0.10,900,2,17,1.0244,0.30,linear,35,342.00,0.117363
2736,1000,0.10,900,2,17,1.0206,0.30,linear,36,367.00,0.369835
2737,1000,0.10,900,2,17,1.0012,0.30,linear,37,366.00,0.009196
2738,1000,0.10,900,2,17,1.0546,0.30,linear,38,351.00,0.118179
2739,1000,0.10,900,2,17,1.0583,0.30,linear,39,337.00,0.569018
2740,1000,0.10,900,2,17,1.0055,0.30,linear,40,370.00,0.191620
2741,1000,0.10,900,2,17,1.0435,0.30,linear,41,325.00,0.143372
2742,1000,0.10,900,2,17,1.0397,0.30,linear,42,345.00,0.169177
2743,1000,0.10,900,2,17,1.0194,0.30,linear,43,349.00,0.194926
2744,1000,0.10,900,2,17,1.0011,0.30,linear,44,339.00,0.088059
2745,1000,0.10,900,2,17,1.0153,0.30,linear,45,344.00,0.170801
2746,1000,0.10,900,2,17,1.0461,0.30,linear,46,356.00,0.185164
2747,1000,0.10,900,2,17,1.0219,0.30,linear,47,354.00,0.249239
2748,1000,0.10,900,2,17,1.0339,0.30,linear,48,368.00,0.205077
2749,1000,0.10,900,2,17,1.0145,0.30,linear,49,370.00,0.104692
2750,1000,0.10,900,2,17,1.0114,0.30,linear,50,351.00,0.368149
2751,1000,0.10,900,2,17,1.0332,0.30,linear,51,370.00,0.488525
2752,1000,0.10,900,2,17,1.0215,0.30,linear,52,372.00,0.048369
2753,1000,0.10,900,2,17,1.0173,0.30,linear,53,375.00,0.120107
2754,1000,0.10,900,2,17,0.9986,0.30,linear,54,334.00,0.044371
2755,1000,0.10,900,2,17,1.0003,0.30,linear,55,350.00,0.102145
2756,1000,0.10,900,2,17,1.0201,0.30,linear,56,341.00,0.174225
2757,1000,0.10,900,2,17,1.0257,0.30,linear,57,349.00,0.068603
2758,1000,0.10,900,2,17,1.0005,0.30,linear,58,371.00,0.174108
2759,1000,0.10,900,2,17,1.0120,0.30,linear,59,347.00,0.214852
2760,1000,0.10,900,2,17,1.0689,0.30,linear,60,379.00,0.200467
2761,1000,0.10,900,2,17,1.0549,0.30,linear,61,326.00,0.084216
2762,1000,0.10,900,2,17,1.0498,0.30,linear,62,332.00,0.057247
2763,1000,0.10,900,2,17,1.0874,0.30,linear,63,348.00,0.145521
2764,1000,0.10,900,2,17,1.0208,0.30,linear,64,355.00,0.065388
2765,1000,0.10,900,2,17,0.9831,0.30,linear,65,326.00,0.088709
2766,1000,0.10,900,2,17,1.0366,0.30,linear,66,370.00,0.137294
2767,1000,0.10,900,2,17,1.0647,0.30,linear,67,362.00,0.246140
2768,1000,0.10,900,2,17,1.0562,0.30,linear,68,357.00,0.369752
2769,1000,0.10,900,2,17,1.0879,0.30,linear,69,334.00,0.111043
2770,1000,0.10,900,2,17,1.0361,0.30,linear,70,365.00,0.174182
2771,1000,0.10,900,2,17,1.0242,0.30,linear,71,374.00,0.162133
2772,1000,0.10,900,2,17,1.0541,0.30,linear,72,382.00,0.093006
2773,1000,0.10,900,2,17,1.0220,0.30,linear,73,363.00,0.261754
2774,1000,0.10,900,2,17,1.0276,0.30,linear,74,359.00,0.218547
2775,1000,0.10,900,2,17,1.0237,0.30,linear,75,351.00,0.104959
2776,1000,0.10,900,2,17,1.0492,0.30,linear,76,366.00,0.133922
2777,1000,0.10,900,2,17,1.0365,0.30,linear,77,360.00,0.146200
2778,1000,0.10,900,2,17,1.0153,0.30,linear,78,352.00,0.034432
2779,1000,0.10,900,2,17,1.0452,0.30,linear,79,376.00,0.296290
2780,1000,0.10,900,2,17,1.0346,0.30,linear,80,343.00,0.111135
2781,1000,0.10,900,2,17,1.0255,0.30,linear,81,355.00,0.207048
2782,1000,0.10,900,2,17,1.0506,0.30,linear,82,337.00,0.223363
2783,1000,0.10,900,2,17,0.9935,0.30,linear,83,370.00,0.233700
2784,1000,0.10,900,2,17,0.9847,0.30,linear,84,359.00,0.099180
2785,1000,0.10,900,2,17,1.0172,0.30,linear,85,371.00,0.148938
2786,1000,0.10,900,2,17,1.0262,0.30,linear,86,364.00,0.181465
2787,1000,0.10,900,2,17,1.0513,0.30,linear,87,349.00,0.402679
2788,1000,0.10,900,2,17,1.0532,0.30,linear,88,356.00,0.326713
2789,1000,0.10,900,2,17,1.0556,0.30,linear,89,362.00,0.144188
2790,1000,0.10,900,2,17,1.0286,0.30,linear,90,382.00,0.194282
2791,1000,0.10,900,2,17,1.0501,0.30,linear,91,387.00,0.336971
2792,1000,0.10,900,2,17,1.0629,0.30,linear,92,344.00,0.171724
2793,1000,0.10,900,2,17,1.0789,0.30,linear,93,375.00,0.275261
2794,1000,0.10,900,2,17,1.0645,0.30,linear,94,342.00,0.160911
2795,1000,0.10,900,2,17,1.0504,0.30,linear,95,342.00,0.095758
2796,1000,0.10,900,2,17,1.0446,0.30,linear,96,366.00,0.153917
2797,1000,0.10,900,2,17,1.0122,0.30,linear,97,331.00,0.089338
2798,1000,0.10,900,2,17,1.0749,0.30,linear,98,370.00,0.603664
2799,1000,0.10,900,2,17,1.0520,0.30,linear,99,381.00,0.288554
2800,1000,0.10,900,2,17,1.0257,0.35,linear,0,331.00,0.216217
2801,1000,0.10,900,2,17,1.0670,0.35,linear,1,355.00,0.205948
2802,1000,0.10,900,2,17,1.0301,0.35,linear,2,355.00,0.233224
2803,1000,0.10,900,2,17,1.0857,0.35,linear,3,386.00,0.227218
2804,1000,0.10,900,2,17,1.0775,0.35,linear,4,339.00,0.043557
2805,1000,0.10,900,2,17,1.0601,0.35,linear,5,366.00,0.115123
2806,1000,0.10,900,2,17,1.0560,0.35,linear,6,348.00,0.189248
2807,1000,0.10,900,2,17,1.0465,0.35,linear,7,383.00,0.737929
2808,1000,0.10,900,2,17,1.0766,0.35,linear,8,337.00,0.168942
2809,1000,0.10,900,2,17,1.0646,0.35,linear,9,363.00,0.333050
2810,1000,0.10,900,2,17,1.0368,0.35,linear,10,359.00,0.223869
2811,1000,0.10,900,2,17,0.9862,0.35,linear,11,354.00,0.210860
2812,1000,0.10,900,2,17,1.0854,0.35,linear,12,368.00,0.188105
2813,1000,0.10,900,2,17,1.0465,0.35,linear,13,361.00,0.157767
2814,1000,0.10,900,2,17,1.0263,0.35,linear,14,374.00,0.182950
2815,1000,0.10,900,2,17,1.0362,0.35,linear,15,384.00,0.420767
2816,1000,0.10,900,2,17,1.0068,0.35,linear,16,377.00,0.089014
2817,1000,0.10,900,2,17,1.0583,0.35,linear,17,367.00,0.238598
2818,1000,0.10,900,2,17,1.0268,0.35,linear,18,367.00,0.319887
2819,1000,0.10,900,2,17,1.0542,0.35,linear,19,357.00,0.076731
2820,1000,0.10,900,2,17,1.0234,0.35,linear,20,367.00,0.334247
2821,1000,0.10,900,2,17,1.0761,0.35,linear,21,367.00,0.111735
2822,1000,0.10,900,2,17,1.0498,0.35,linear,22,387.00,0.243155
2823,1000,0.10,900,2,17,1.0304,0.35,linear,23,356.00,0.106728
2824,1000,0.10,900,2,17,1.0479,0.35,linear,24,328.00,0.262205
2825,1000,0.10,900,2,17,1.0276,0.35,linear,25,360.00,0.224241
2826,1000,0.10,900,2,17,1.0456,0.35,linear,26,356.00,0.201554
2827,1000,0.10,900,2,17,1.0161,0.35,linear,27,349.00,0.116020
2828,1000,0.10,900,2,17,1.0583,0.35,linear,28,361.00,0.289312
2829,1000,0.10,900,2,17,1.0946,0.35,linear,29,383.00,0.261456
2830,1000,0.10,900,2,17,1.0433,0.35,linear,30,374.00,0.288703
2831,1000,0.10,900,2,17,1.0032,0.35,linear,31,333.00,0.204377
2832,1000,0.10,900,2,17,1.0269,0.35,linear,32,321.00,0.216783
2833,1000,0.10,900,2,17,1.0283,0.35,linear,33,340.00,0.127563
2834,1000,0.10,900,2,17,0.9961,0.35,linear,34,375.00,0.267660
2835,1000,0.10,900,2,17,1.0302,0.35,linear,35,391.00,0.295827
2836,1000,0.10,900,2,17,0.9899,0.35,linear,36,362.00,0.449866
2837,1000,0.10,900,2,17,1.0277,0.35,linear,37,352.00,0.190498
2838,1000,0.10,900,2,17,1.0005,0.35,linear,38,360.00,0.216816
2839,1000,0.10,900,2,17,1.0330,0.35,linear,39,378.00,0.264310
2840,1000,0.10,900,2,17,1.0473,0.35,linear,40,365.00,0.138065
2841,1000,0.10,900,2,17,1.0862,0.35,linear,41,369.00,0.143510
2842,1000,0.10,900,2,17,1.0871,0.35,linear,42,320.00,0.282915
2843,1000,0.10,900,2,17,1.0399,0.35,linear,43,346.00,0.230826
2844,1000,0.10,900,2,17,0.9867,0.35,linear,44,366.00,0.210947
2845,1000,0.10,900,2,17,1.0403,0.35,linear,45,321.00,0.099271
2846,1000,0.10,900,2,17,1.0323,0.35,linear,46,375.00,0.341375
2847,1000,0.10,900,2,17,1.0161,0.35,linear,47,359.00,0.319402
2848,1000,0.10,900,2,17,1.0355,0.35,linear,48,353.00,0.326444
2849,1000,0.10,900,2,17,1.0189,0.35,linear,49,342.00,0.068317
2850,1000,0.10,900,2,17,1.0868,0.35,linear,50,368.00,0.170391
2851,1000,0.10,900,2,17,1.0341,0.35,linear,51,315.00,0.394912
2852,1000,0.10,900,2,17,1.0514,0.35,linear,52,357.00,0.114194
2853,1000,0.10,900,2,17,1.0705,0.35,linear,53,343.00,0.411723
2854,1000,0.10,900,2,17,1.0201,0.35,linear,54,332.00,0.127190
2855,1000,0.10,900,2,17,1.0271,0.35,linear,55,341.00,0.194755
2856,1000,0.10,900,2,17,1.0035,0.35,linear,56,335.00,0.078332
2857,1000,0.10,900,2,17,1.0426,0.35,linear,57,361.00,0.172025
2858,1000,0.10,900,2,17,1.0585,0.35,linear,58,359.00,0.155051
2859,1000,0.10,900,2,17,1.0409,0.35,linear,59,351.00,0.136460
2860,1000,0.10,900,2,17,1.0634,0.35,linear,60,372.00,0.239667
2861,1000,0.10,900,2,17,1.0306,0.35,linear,61,382.00,0.082376
2862,1000,0.10,900,2,17,1.0119,0.35,linear,62,356.00,0.140101
2863,1000,0.10,900,2,17,1.0198,0.35,linear,63,374.00,0.221236
2864,1000,0.10,900,2,17,1.0501,0.35,linear,64,374.00,0.240436
2865,1000,0.10,900,2,17,1.0531,0.35,linear,65,352.00,0.075566
2866,1000,0.10,900,2,17,1.0246,0.35,linear,66,345.00,0.225422
2867,1000,0.10,900,2,17,1.0342,0.35,linear,67,329.00,0.169137
2868,1000,0.10,900,2,17,1.0180,0.35,linear,68,339.00,0.230361
2869,1000,0.10,900,2,17,1.0443,0.35,linear,69,397.00,0.213792
2870,1000,0.10,900,2,17,1.0688,0.35,linear,70,378.00,0.284903
2871,1000,0.10,900,2,17,1.0631,0.35,linear,71,365.00,0.096971
2872,1000,0.10,900,2,17,1.0731,0.35,linear,72,370.00,0.175857
2873,1000,0.10,900,2,17,1.0469,0.35,linear,73,361.00,0.175926
2874,1000,0.10,900,2,17,1.0095,0.35,linear,74,353.00,0.258876
2875,1000,0.10,900,2,17,1.0602,0.35,linear,75,364.00,0.175477
2876,1000,0.10,900,2,17,1.0503,0.35,linear,76,371.00,0.380058
2877,1000,0.10,900,2,17,1.0336,0.35,linear,77,335.00,0.356434
2878,1000,0.10,900,2,17,1.0407,0.35,linear,78,357.00,0.265385
2879,1000,0.10,900,2,17,1.0251,0.35,linear,79,366.00,0.049428
2880,1000,0.10,900,2,17,1.0619,0.35,linear,80,342.00,0.150096
2881,1000,0.10,900,2,17,1.0411,0.35,linear,81,389.00,0.151472
2882,1000,0.10,900,2,17,1.0432,0.35,linear,82,363.00,0.167175
2883,1000,0.10,900,2,17,1.0723,0.35,linear,83,347.00,0.093445
2884,1000,0.10,900,2,17,1.0088,0.35,linear,84,353.00,0.111682
2885,1000,0.10,900,2,17,1.0291,0.35,linear,85,373.00,0.505978
2886,1000,0.10,900,2,17,1.0655,0.35,linear,86,376.00,0.089349
2887,1000,0.10,900,2,17,1.0222,0.35,linear,87,351.00,0.133805
2888,1000,0.10,900,2,17,1.0548,0.35,linear,88,361.00,0.113646
2889,1000,0.10,900,2,17,1.0684,0.35,linear,89,338.00,0.290664
2890,1000,0.10,900,2,17,1.0169,0.35,linear,90,330.00,0.089553
2891,1000,0.10,900,2,17,1.0104,0.35,linear,91,374.00,0.173951
2892,1000,0.10,900,2,17,0.9892,0.35,linear,92,348.00,0.233296
2893,1000,0.10,900,2,17,1.0201,0.35,linear,93,385.00,0.368688
2894,1000,0.10,900,2,17,1.0056,0.35,linear,94,351.00,0.190021
2895,1000,0.10,900,2,17,1.0337,0.35,linear,95,369.00,0.032480
2896,1000,0.10,900,2,17,1.0467,0.35,linear,96,346.00,0.089260
2897,1000,0.10,900,2,17,0.9923,0.35,linear,97,341.00,0.178110
2898,1000,0.10,900,2,17,1.0590,0.35,linear,98,350.00,0.306672
2899,1000,0.10,900,2,17,1.0704,0.35,linear,99,355.00,0.283669
2900,1000,0.10,900,2,17,1.0491,0.40,linear,0,331.00,0.083130
2901,1000,0.10,900,2,17,1.0617,0.40,linear,1,365.00,0.194063
2902,1000,0.10,900,2,17,1.0321,0.40,linear,2,366.00,0.192013
2903,1000,0.10,900,2,17,0.9969,0.40,linear,3,377.00,0.169624
2904,1000,0.10,900,2,17,1.0169,0.40,linear,4,383.00,0.383239
2905,1000,0.10,900,2,17,1.0740,0.40,linear,5,355.00,0.179858
2906,1000,0.10,900,2,17,1.0602,0.40,linear,6,372.00,0.289386
2907,1000,0.10,900,2,17,1.0320,0.40,linear,7,368.00,0.250663
2908,1000,0.10,900,2,17,1.0549,0.40,linear,8,375.00,0.122308
2909,1000,0.10,900,2,17,1.0801,0.40,linear,9,359.00,0.073640
2910,1000,0.10,900,2,17,1.0663,0.40,linear,10,337.00,0.177061
2911,1000,0.10,900,2,17,1.0585,0.40,linear,11,345.00,0.261707
2912,1000,0.10,900,2,17,1.0181,0.40,linear,12,367.00,0.214905
2913,1000,0.10,900,2,17,1.0520,0.40,linear,13,364.00,0.496457
2914,1000,0.10,900,2,17,1.0555,0.40,linear,14,369.00,0.258657
2915,1000,0.10,900,2,17,1.0048,0.40,linear,15,337.00,0.128556
2916,1000,0.10,900,2,17,1.0526,0.40,linear,16,353.00,0.187845
2917,1000,0.10,900,2,17,1.0689,0.40,linear,17,366.00,0.204977
2918,1000,0.10,900,2,17,1.0534,0.40,linear,18,379.00,0.294652
2919,1000,0.10,900,2,17,1.0189,0.40,linear,19,362.00,0.174758
2920,1000,0.10,900,2,17,1.0100,0.40,linear,20,378.00,0.440166
2921,1000,0.10,900,2,17,1.0030,0.40,linear,21,366.00,0.099044
2922,1000,0.10,900,2,17,1.0266,0.40,linear,22,328.00,0.137094
2923,1000,0.10,900,2,17,1.0498,0.40,linear,23,343.00,0.134538
2924,1000,0.10,900,2,17,1.0580,0.40,linear,24,341.00,0.345644
2925,1000,0.10,900,2,17,1.0803,0.40,linear,25,360.00,0.442783
2926,1000,0.10,900,2,17,1.0146,0.40,linear,26,335.00,0.184138
2927,1000,0.10,900,2,17,1.0562,0.40,linear,27,348.00,0.251015
2928,1000,0.10,900,2,17,1.0445,0.40,linear,28,355.00,0.261049
2929,1000,0.10,900,2,17,1.0233,0.40,linear,29,339.00,0.120690
2930,1000,0.10,900,2,17,1.0126,0.40,linear,30,369.00,0.168399
2931,1000,0.10,900,2,17,1.0200,0.40,linear,31,341.00,0.106786
2932,1000,0.10,900,2,17,1.0268,0.40,linear,32,378.00,0.255872
2933,1000,0.10,900,2,17,1.0171,0.40,linear,33,356.00,0.087793
2934,1000,0.10,900,2,17,1.0338,0.40,linear,34,340.00,0.537339
2935,1000,0.10,900,2,17,0.9834,0.40,linear,35,348.00,0.096716
2936,1000,0.10,900,2,17,0.9809,0.40,linear,36,356.00,0.255852
2937,1000,0.10,900,2,17,1.0450,0.40,linear,37,385.00,0.203489
2938,1000,0.10,900,2,17,1.0153,0.40,linear,38,339.00,0.206578
2939,1000,0.10,900,2,17,1.0614,0.40,linear,39,364.00,0.103683
2940,1000,0.10,900,2,17,1.0142,0.40,linear,40,363.00,0.115154
2941,1000,0.10,900,2,17,1.0370,0.40,linear,41,333.00,0.221360
2942,1000,0.10,900,2,17,1.1051,0.40,linear,42,351.00,0.255151
2943,1000,0.10,900,2,17,1.0250,0.40,linear,43,384.00,0.102309
2944,1000,0.10,900,2,17,1.0339,0.40,linear,44,350.00,0.157419
2945,1000,0.10,900,2,17,1.0097,0.40,linear,45,364.00,0.144352
2946,1000,0.10,900,2,17,1.0112,0.40,linear,46,359.00,0.300618
2947,1000,0.10,900,2,17,1.0169,0.40,linear,47,346.00,0.356516
2948,1000,0.10,900,2,17,1.0746,0.40,linear,48,353.00,0.516566
2949,1000,0.10,900,2,17,1.0190,0.40,linear,49,356.00,0.161868
2950,1000,0.10,900,2,17,1.0757,0.40,linear,50,377.00,0.151348
2951,1000,0.10,900,2,17,1.0119,0.40,linear,51,348.00,0.104894
2952,1000,0.10,900,2,17,1.0589,0.40,linear,52,348.00,0.360205
2953,1000,0.10,900,2,17,1.0328,0.40,linear,53,359.00,0.438718
2954,1000,0.10,900,2,17,1.0497,0.40,linear,54,342.00,0.401699
2955,1000,0.10,900,2,17,1.0712,0.40,linear,55,364.00,0.258037
2956,1000,0.10,900,2,17,1.0743,0.40,linear,56,349.00,0.086273
2957,1000,0.10,900,2,17,1.0615,0.40,linear,57,358.00,0.242922
2958,1000,0.10,900,2,17,1.0316,0.40,linear,58,364.00,0.393714
2959,1000,0.10,900,2,17,1.0365,0.40,linear,59,323.00,0.190242
2960,1000,0.10,900,2,17,0.9936,0.40,linear,60,343.00,0.372098
2961,1000,0.10,900,2,17,1.1035,0.40,linear,61,361.00,0.220351
2962,1000,0.10,900,2,17,1.0448,0.40,linear,62,369.00,0.094014
2963,1000,0.10,900,2,17,1.0317,0.40,linear,63,376.00,0.315036
2964,1000,0.10,900,2,17,1.0214,0.40,linear,64,363.00,0.503360
2965,1000,0.10,900,2,17,1.0579,0.40,linear,65,335.00,0.372600
2966,1000,0.10,900,2,17,1.0562,0.40,linear,66,342.00,0.280918
2967,1000,0.10,900,2,17,1.0236,0.40,linear,67,367.00,0.217047
2968,1000,0.10,900,2,17,1.1003,0.40,linear,68,369.00,0.340660
2969,1000,0.10,900,2,17,1.0481,0.40,linear,69,369.00,0.331452
2970,1000,0.10,900,2,17,1.0430,0.40,linear,70,369.00,0.398053
2971,1000,0.10,900,2,17,1.0241,0.40,linear,71,364.00,0.356444
2972,1000,0.10,900,2,17,1.0350,0.40,linear,72,340.00,0.162957
2973,1000,0.10,900,2,17,1.0364,0.40,linear,73,368.00,0.270775
2974,1000,0.10,900,2,17,1.0532,0.40,linear,74,374.00,0.282871
2975,1000,0.10,900,2,17,1.0575,0.40,linear,75,362.00,0.417114
2976,1000,0.10,900,2,17,1.0312,0.40,linear,76,342.00,0.171807
2977,1000,0.10,900,2,17,1.0166,0.40,linear,77,348.00,0.141373
2978,1000,0.10,900,2,17,1.0365,0.40,linear,78,344.00,0.115440
2979,1000,0.10,900,2,17,1.0382,0.40,linear,79,382.00,0.581776
2980,1000,0.10,900,2,17,1.0231,0.40,linear,80,336.00,0.305231
2981,1000,0.10,900,2,17,1.0010,0.40,linear,81,368.00,0.133498
2982,1000,0.10,900,2,17,1.0468,0.40,linear,82,357.00,0.115104
2983,1000,0.10,900,2,17,1.0671,0.40,linear,83,330.00,0.114137
2984,1000,0.10,900,2,17,1.0662,0.40,linear,84,358.00,0.193638
2985,1000,0.10,900,2,17,1.0172,0.40,linear,85,367.00,0.164195
2986,1000,0.10,900,2,17,1.0309,0.40,linear,86,353.00,0.297846
2987,1000,0.10,900,2,17,1.0674,0.40,linear,87,376.00,0.168226
2988,1000,0.10,900,2,17,1.0406,0.40,linear,88,360.00,0.523236
2989,1000,0.10,900,2,17,1.0324,0.40,linear,89,351.00,0.147917
2990,1000,0.10,900,2,17,1.0782,0.40,linear,90,342.00,0.242565
2991,1000,0.10,900,2,17,1.0759,0.40,linear,91,338.00,0.381555
2992,1000,0.10,900,2,17,1.0551,0.40,linear,92,353.00,0.462655
2993,1000,0.10,900,2,17,0.9910,0.40,linear,93,340.00,0.238445
2994,1000,0.10,900,2,17,1.0255,0.40,linear,94,365.00,0.243037
2995,1000,0.10,900,2,17,1.0699,0.40,linear,95,360.00,0.371059
2996,1000,0.10,900,2,17,1.0480,0.40,linear,96,386.00,0.179728
2997,1000,0.10,900,2,17,1.0220,0.40,linear,97,348.00,0.132247
2998,1000,0.10,900,2,17,1.0746,0.40,linear,98,358.00,0.081726
2999,1000,0.10,900,2,17,1.0566,0.40,linear,99,367.00,0.016832
3000,1000,0.10,900,2,17,1.0161,0.45,linear,0,357.00,0.326039
3001,1000,0.10,900,2,17,1.0397,0.45,linear,1,364.00,0.136109
3002,1000,0.10,900,2,17,1.0560,0.45,linear,2,353.00,0.271331
3003,1000,0.10,900,2,17,1.0666,0.45,linear,3,376.00,0.181739
3004,1000,0.10,900,2,17,1.1106,0.45,linear,4,375.00,0.396542
3005,1000,0.10,900,2,17,1.0324,0.45,linear,5,371.00,0.354009
3006,1000,0.10,900,2,17,1.0749,0.45,linear,6,370.00,0.083304
3007,1000,0.10,900,2,17,1.0423,0.45,linear,7,360.00,0.079163
3008,1000,0.10,900,2,17,1.0107,0.45,linear,8,357.00,0.114124
3009,1000,0.10,900,2,17,1.0334,0.45,linear,9,368.00,0.311770
3010,1000,0.10,900,2,17,1.0563,0.45,linear,10,349.00,0.106682
3011,1000,0.10,900,2,17,1.0505,0.45,linear,11,354.00,0.155049
3012,1000,0.10,900,2,17,1.0952,0.45,linear,12,326.00,0.314542
3013,1000,0.10,900,2,17,1.0496,0.45,linear,13,332.00,0.200842
3014,1000,0.10,900,2,17,1.0673,0.45,linear,14,374.00,0.310738
3015,1000,0.10,900,2,17,1.1013,0.45,linear,15,360.00,0.449234
3016,1000,0.10,900,2,17,1.0817,0.45,linear,16,360.00,0.134425
3017,1000,0.10,900,2,17,1.0603,0.45,linear,17,351.00,0.097406
3018,1000,0.10,900,2,17,1.0479,0.45,linear,18,358.00,0.114570
3019,1000,0.10,900,2,17,1.0475,0.45,linear,19,357.00,0.201052
3020,1000,0.10,900,2,17,1.0568,0.45,linear,20,359.00,0.256444
3021,1000,0.10,900,2,17,1.0107,0.45,linear,21,342.00,0.115633
3022,1000,0.10,900,2,17,1.0517,0.45,linear,22,364.00,0.191912
3023,1000,0.10,900,2,17,1.0511,0.45,linear,23,381.00,0.174830
3024,1000,0.10,900,2,17,1.0454,0.45,linear,24,377.00,0.523792
3025,1000,0.10,900,2,17,1.0528,0.45,linear,25,322.00,0.343840
3026,1000,0.10,900,2,17,1.0515,0.45,linear,26,385.00,0.223145
3027,1000,0.10,900,2,17,1.0497,0.45,linear,27,345.00,0.191227
3028,1000,0.10,900,2,17,1.0261,0.45,linear,28,362.00,0.167874
3029,1000,0.10,900,2,17,1.0371,0.45,linear,29,329.00,0.194872
3030,1000,0.10,900,2,17,1.0427,0.45,linear,30,357.00,0.075643
3031,1000,0.10,900,2,17,1.0585,0.45,linear,31,357.00,0.428665
3032,1000,0.10,900,2,17,1.0150,0.45,linear,32,355.00,0.229480
3033,1000,0.10,900,2,17,1.0855,0.45,linear,33,348.00,0.159192
3034,1000,0.10,900,2,17,1.0653,0.45,linear,34,379.00,0.446672
3035,1000,0.10,900,2,17,1.0241,0.45,linear,35,366.00,0.234250
3036,1000,0.10,900,2,17,1.0505,0.45,linear,36,367.00,0.259554
3037,1000,0.10,900,2,17,1.0249,0.45,linear,37,369.00,0.161276
3038,1000,0.10,900,2,17,1.0216,0.45,linear,38,370.00,0.447010
3039,1000,0.10,900,2,17,1.0674,0.45,linear,39,353.00,0.266943
3040,1000,0.10,900,2,17,1.0370,0.45,linear,40,361.00,0.214133
3041,1000,0.10,900,2,17,1.0315,0.45,linear,41,362.00,0.161199
3042,1000,0.10,900,2,17,1.0754,0.45,linear,42,356.00,0.185089
3043,1000,0.10,900,2,17,1.0177,0.45,linear,43,372.00,0.783823
3044,1000,0.10,900,2,17,1.0509,0.45,linear,44,357.00,0.507278
3045,1000,0.10,900,2,17,0.9865,0.45,linear,45,359.00,0.099043
3046,1000,0.10,900,2,17,1.0561,0.45,linear,46,368.00,0.362769
3047,1000,0.10,900,2,17,1.0976,0.45,linear,47,357.00,0.316328
3048,1000,0.10,900,2,17,1.0460,0.45,linear,48,376.00,0.043207
3049,1000,0.10,900,2,17,1.0135,0.45,linear,49,365.00,0.070449
3050,1000,0.10,900,2,17,1.0251,0.45,linear,50,422.00,0.565733
3051,1000,0.10,900,2,17,1.0236,0.45,linear,51,334.00,0.115918
3052,1000,0.10,900,2,17,1.1069,0.45,linear,52,379.00,0.095559
3053,1000,0.10,900,2,17,1.0227,0.45,linear,53,336.00,0.339876
3054,1000,0.10,900,2,17,1.0659,0.45,linear,54,385.00,0.261877
3055,1000,0.10,900,2,17,1.0486,0.45,linear,55,378.00,0.084581
3056,1000,0.10,900,2,17,1.0366,0.45,linear,56,352.00,0.227670
3057,1000,0.10,900,2,17,1.0186,0.45,linear,57,357.00,0.438463
3058,1000,0.10,900,2,17,1.0931,0.45,linear,58,350.00,0.210591
3059,1000,0.10,900,2,17,1.0353,0.45,linear,59,371.00,0.377711
3060,1000,0.10,900,2,17,1.0202,0.45,linear,60,362.00,0.323717
3061,1000,0.10,900,2,17,1.0015,0.45,linear,61,369.00,0.082403
3062,1000,0.10,900,2,17,1.0536,0.45,linear,62,357.00,0.220370
3063,1000,0.10,900,2,17,1.0160,0.45,linear,63,355.00,0.088341
3064,1000,0.10,900,2,17,1.0412,0.45,linear,64,349.00,0.177360
3065,1000,0.10,900,2,17,1.0284,0.45,linear,65,369.00,0.179560
3066,1000,0.10,900,2,17,1.0289,0.45,linear,66,361.00,0.101275
3067,1000,0.10,900,2,17,1.0294,0.45,linear,67,368.00,0.171037
3068,1000,0.10,900,2,17,1.0163,0.45,linear,68,328.00,0.482791
3069,1000,0.10,900,2,17,1.0869,0.45,linear,69,380.00,0.205344
3070,1000,0.10,900,2,17,1.0415,0.45,linear,70,368.00,0.468092
3071,1000,0.10,900,2,17,1.0494,0.45,linear,71,348.00,0.313983
3072,1000,0.10,900,2,17,1.0430,0.45,linear,72,363.00,0.306161
3073,1000,0.10,900,2,17,1.0460,0.45,linear,73,350.00,0.098544
3074,1000,0.10,900,2,17,1.0467,0.45,linear,74,363.00,0.178061
3075,1000,0.10,900,2,17,1.0583,0.45,linear,75,386.00,0.154903
3076,1000,0.10,900,2,17,1.0285,0.45,linear,76,363.00,0.315617
3077,1000,0.10,900,2,17,1.0444,0.45,linear,77,362.00,0.221596
3078,1000,0.10,900,2,17,1.0669,0.45,linear,78,389.00,0.246554
3079,1000,0.10,900,2,17,1.0406,0.45,linear,79,352.00,0.114036
3080,1000,0.10,900,2,17,1.0350,0.45,linear,80,366.00,0.284616
3081,1000,0.10,900,2,17,1.0340,0.45,linear,81,362.00,0.189785
3082,1000,0.10,900,2,17,1.0526,0.45,linear,82,358.00,0.590372
3083,1000,0.10,900,2,17,1.0201,0.45,linear,83,374.00,0.313629
3084,1000,0.10,900,2,17,1.0479,0.45,linear,84,348.00,0.105398
3085,1000,0.10,900,2,17,1.0576,0.45,linear,85,366.00,0.161063
3086,1000,0.10,900,2,17,1.0183,0.45,linear,86,343.00,0.393602
3087,1000,0.10,900,2,17,1.0137,0.45,linear,87,351.00,0.195194
3088,1000,0.10,900,2,17,1.0421,0.45,linear,88,375.00,0.375613
3089,1000,0.10,900,2,17,1.0336,0.45,linear,89,354.00,0.107892
3090,1000,0.10,900,2,17,1.0184,0.45,linear,90,347.00,0.362654
3091,1000,0.10,900,2,17,1.0450,0.45,linear,91,341.00,0.195988
3092,1000,0.10,900,2,17,1.0352,0.45,linear,92,364.00,0.292076
3093,1000,0.10,900,2,17,1.0694,0.45,linear,93,402.00,0.228178
3094,1000,0.10,900,2,17,1.0620,0.45,linear,94,338.00,0.643908
3095,1000,0.10,900,2,17,0.9932,0.45,linear,95,377.00,0.063484
3096,1000,0.10,900,2,17,1.0431,0.45,linear,96,348.00,0.349078
3097,1000,0.10,900,2,17,1.0596,0.45,linear,97,338.00,0.216779
3098,1000,0.10,900,2,17,1.0719,0.45,linear,98,347.00,0.181470
3099,1000,0.10,900,2,17,1.0846,0.45,linear,99,338.00,0.298253
3100,1000,0.10,900,2,17,1.0267,0.50,linear,0,364.00,0.174001
3101,1000,0.10,900,2,17,1.0895,0.50,linear,1,367.00,0.333755
3102,1000,0.10,900,2,17,0.9922,0.50,linear,2,346.00,0.146178
3103,1000,0.10,900,2,17,1.0420,0.50,linear,3,383.00,0.572683
3104,1000,0.10,900,2,17,1.0594,0.50,linear,4,369.00,0.363814
3105,1000,0.10,900,2,17,1.0392,0.50,linear,5,343.00,0.113024
3106,1000,0.10,900,2,17,1.0280,0.50,linear,6,372.00,0.209604
3107,1000,0.10,900,2,17,1.1062,0.50,linear,7,347.00,0.144404
3108,1000,0.10,900,2,17,1.0613,0.50,linear,8,334.00,0.224107
3109,1000,0.10,900,2,17,1.0170,0.50,linear,9,368.00,0.280995
3110,1000,0.10,900,2,17,1.0208,0.50,linear,10,381.00,0.256250
3111,1000,0.10,900,2,17,1.0829,0.50,linear,11,345.00,0.318735
3112,1000,0.10,900,2,17,1.0529,0.50,linear,12,334.00,0.108473
3113,1000,0.10,900,2,17,1.0330,0.50,linear,13,350.00,0.126545
3114,1000,0.10,900,2,17,1.0407,0.50,linear,14,361.00,0.171233
3115,1000,0.10,900,2,17,1.0567,0.50,linear,15,374.00,0.098203
3116,1000,0.10,900,2,17,1.0726,0.50,linear,16,372.00,0.203226
3117,1000,0.10,900,2,17,1.0468,0.50,linear,17,336.00,0.333020
3118,1000,0.10,900,2,17,1.0373,0.50,linear,18,349.00,0.220375
3119,1000,0.10,900,2,17,1.0874,0.50,linear,19,350.00,0.293146
3120,1000,0.10,900,2,17,1.0612,0.50,linear,20,354.00,0.235024
3121,1000,0.10,900,2,17,1.0249,0.50,linear,21,373.00,0.166512
3122,1000,0.10,900,2,17,1.0369,0.50,linear,22,344.00,0.189448
3123,1000,0.10,900,2,17,1.0334,0.50,linear,23,336.00,0.149899
3124,1000,0.10,900,2,17,1.0749,0.50,linear,24,314.00,0.143751
3125,1000,0.10,900,2,17,1.0309,0.50,linear,25,354.00,0.362315
3126,1000,0.10,900,2,17,1.0641,0.50,linear,26,333.00,0.322711
3127,1000,0.10,900,2,17,1.0348,0.50,linear,27,374.00,0.267826
3128,1000,0.10,900,2,17,1.0713,0.50,linear,28,353.00,0.386421
3129,1000,0.10,900,2,17,1.0586,0.50,linear,29,355.00,0.112420
3130,1000,0.10,900,2,17,1.0442,0.50,linear,30,353.00,0.285915
3131,1000,0.10,900,2,17,1.0289,0.50,linear,31,363.00,0.218465
3132,1000,0.10,900,2,17,1.0512,0.50,linear,32,386.00,0.118505
3133,1000,0.10,900,2,17,1.0391,0.50,linear,33,364.00,0.244612
3134,1000,0.10,900,2,17,1.0357,0.50,linear,34,383.00,0.169415
3135,1000,0.10,900,2,17,1.1033,0.50,linear,35,345.00,0.157782
3136,1000,0.10,900,2,17,1.0777,0.50,linear,36,331.00,0.176640
3137,1000,0.10,900,2,17,1.0567,0.50,linear,37,386.00,0.163759
3138,1000,0.10,900,2,17,0.9878,0.50,linear,38,370.00,0.220741
3139,1000,0.10,900,2,17,1.0515,0.50,linear,39,370.00,0.418265
3140,1000,0.10,900,2,17,1.0253,0.50,linear,40,386.00,0.121728
3141,1000,0.10,900,2,17,1.0362,0.50,linear,41,390.00,0.648333
3142,1000,0.10,900,2,17,1.0671,0.50,linear,42,372.00,0.264612
3143,1000,0.10,900,2,17,0.9340,0.50,linear,43,343.00,0.214065
3144,1000,0.10,900,2,17,1.0317,0.50,linear,44,340.00,0.316852
3145,1000,0.10,900,2,17,1.0421,0.50,linear,45,337.00,0.158331
3146,1000,0.10,900,2,17,0.9960,0.50,linear,46,337.00,0.142735
3147,1000,0.10,900,2,17,1.0455,0.50,linear,47,354.00,0.136889
3148,1000,0.10,900,2,17,1.0837,0.50,linear,48,352.00,0.264800
3149,1000,0.10,900,2,17,1.0342,0.50,linear,49,351.00,0.293670
3150,1000,0.10,900,2,17,1.0791,0.50,linear,50,323.00,0.398560
3151,1000,0.10,900,2,17,1.0070,0.50,linear,51,375.00,0.207116
3152,1000,0.10,900,2,17,1.0764,0.50,linear,52,377.00,0.121297
3153,1000,0.10,900,2,17,1.0294,0.50,linear,53,377.00,0.132841
3154,1000,0.10,900,2,17,1.0416,0.50,linear,54,399.00,0.516825
3155,1000,0.10,900,2,17,1.0710,0.50,linear,55,359.00,0.390579
3156,1000,0.10,900,2,17,1.0062,0.50,linear,56,350.00,0.482140
3157,1000,0.10,900,2,17,1.0254,0.50,linear,57,351.00,0.109106
3158,1000,0.10,900,2,17,1.0592,0.50,linear,58,341.00,0.249419
3159,1000,0.10,900,2,17,1.0284,0.50,linear,59,375.00,0.072979
3160,1000,0.10,900,2,17,1.0281,0.50,linear,60,331.00,0.259005
3161,1000,0.10,900,2,17,1.0664,0.50,linear,61,357.00,0.366703
3162,1000,0.10,900,2,17,1.0181,0.50,linear,62,380.00,0.491850
3163,1000,0.10,900,2,17,1.0376,0.50,linear,63,333.00,0.354516
3164,1000,0.10,900,2,17,1.0653,0.50,linear,64,374.00,0.189029
3165,1000,0.10,900,2,17,1.0276,0.50,linear,65,338.00,0.258735
3166,1000,0.10,900,2,17,1.0259,0.50,linear,66,337.00,0.158446
3167,1000,0.10,900,2,17,1.0265,0.50,linear,67,374.00,0.194511
3168,1000,0.10,900,2,17,1.0316,0.50,linear,68,339.00,0.276901
3169,1000,0.10,900,2,17,1.0001,0.50,linear,69,321.00,0.115794
3170,1000,0.10,900,2,17,1.0022,0.50,linear,70,356.00,0.371967
3171,1000,0.10,900,2,17,1.0389,0.50,linear,71,359.00,0.239566
3172,1000,0.10,900,2,17,1.0183,0.50,linear,72,357.00,0.178233
3173,1000,0.10,900,2,17,1.0192,0.50,linear,73,356.00,0.336930
3174,1000,0.10,900,2,17,1.0255,0.50,linear,74,380.00,0.097520
3175,1000,0.10,900,2,17,1.0229,0.50,linear,75,368.00,0.160643
3176,1000,0.10,900,2,17,1.0216,0.50,linear,76,336.00,0.199189
3177,1000,0.10,900,2,17,1.0533,0.50,linear,77,406.00,0.336027
3178,1000,0.10,900,2,17,1.0120,0.50,linear,78,335.00,0.171469
3179,1000,0.10,900,2,17,1.0906,0.50,linear,79,379.00,0.212018
3180,1000,0.10,900,2,17,1.0208,0.50,linear,80,345.00,0.325866
3181,1000,0.10,900,2,17,1.0588,0.50,linear,81,385.00,0.421662
3182,1000,0.10,900,2,17,1.0458,0.50,linear,82,347.00,0.275600
3183,1000,0.10,900,2,17,1.0999,0.50,linear,83,350.00,0.647202
3184,1000,0.10,900,2,17,1.0809,0.50,linear,84,345.00,0.149003
3185,1000,0.10,900,2,17,1.0410,0.50,linear,85,342.00,0.091293
3186,1000,0.10,900,2,17,1.0601,0.50,linear,86,331.00,0.116185
3187,1000,0.10,900,2,17,1.0546,0.50,linear,87,362.00,0.262390
3188,1000,0.10,900,2,17,1.0279,0.50,linear,88,352.00,0.221261
3189,1000,0.10,900,2,17,1.0622,0.50,linear,89,358.00,0.224707
3190,1000,0.10,900,2,17,1.0116,0.50,linear,90,370.00,0.474916
3191,1000,0.10,900,2,17,1.0420,0.50,linear,91,343.00,0.194645
3192,1000,0.10,900,2,17,1.0555,0.50,linear,92,351.00,0.529382
3193,1000,0.10,900,2,17,1.0934,0.50,linear,93,376.00,0.150389
3194,1000,0.10,900,2,17,1.0868,0.50,linear,94,362.00,0.409275
3195,1000,0.10,900,2,17,1.1029,0.50,linear,95,334.00,0.238081
3196,1000,0.10,900,2,17,1.0449,0.50,linear,96,358.00,0.265029
3197,1000,0.10,900,2,17,1.0393,0.50,linear,97,391.00,0.617146
3198,1000,0.10,900,2,17,1.0068,0.50,linear,98,361.00,0.280932
3199,1000,0.10,900,2,17,1.0514,0.50,linear,99,348.00,0.246538
3200,1000,0.10,900,2,17,1.0471,0.55,linear,0,348.00,0.203147
3201,1000,0.10,900,2,17,1.0373,0.55,linear,1,358.00,0.446659
3202,1000,0.10,900,2,17,1.1036,0.55,linear,2,365.00,0.121064
3203,1000,0.10,900,2,17,1.0359,0.55,linear,3,354.00,0.494514
3204,1000,0.10,900,2,17,1.0581,0.55,linear,4,352.00,0.585147
3205,1000,0.10,900,2,17,0.9968,0.55,linear,5,346.00,0.188225
3206,1000,0.10,900,2,17,1.0625,0.55,linear,6,362.00,0.287324
3207,1000,0.10,900,2,17,1.0569,0.55,linear,7,336.00,0.407136
3208,1000,0.10,900,2,17,1.0992,0.55,linear,8,430.00,0.358702
3209,1000,0.10,900,2,17,1.0111,0.55,linear,9,572.00,0.516832
3210,1000,0.10,900,2,17,1.0011,0.55,linear,10,419.00,0.213896
3211,1000,0.10,900,2,17,1.0841,0.55,linear,11,371.00,0.419898
3212,1000,0.10,900,2,17,1.0807,0.55,linear,12,334.00,0.228752
3213,1000,0.10,900,2,17,1.0090,0.55,linear,13,330.00,0.427702
3214,1000,0.10,900,2,17,1.0579,0.55,linear,14,324.00,0.284625
3215,1000,0.10,900,2,17,1.0305,0.55,linear,15,338.00,0.316346
3216,1000,0.10,900,2,17,0.9929,0.55,linear,16,354.00,0.198189
3217,1000,0.10,900,2,17,1.0413,0.55,linear,17,397.00,0.090848
3218,1000,0.10,900,2,17,1.0433,0.55,linear,18,351.00,0.166944
3219,1000,0.10,900,2,17,1.0239,0.55,linear,19,362.00,0.501565
3220,1000,0.10,900,2,17,1.0408,0.55,linear,20,334.00,0.220094
3221,1000,0.10,900,2,17,1.0317,0.55,linear,21,356.00,0.528403
3222,1000,0.10,900,2,17,1.0024,0.55,linear,22,356.00,0.323843
3223,1000,0.10,900,2,17,1.0148,0.55,linear,23,360.00,0.206974
3224,1000,0.10,900,2,17,1.0296,0.55,linear,24,366.00,0.317495
3225,1000,0.10,900,2,17,1.0195,0.55,linear,25,369.00,0.104574
3226,1000,0.10,900,2,17,1.0559,0.55,linear,26,378.00,0.326643
3227,1000,0.10,900,2,17,1.0634,0.55,linear,27,361.00,0.427900
3228,1000,0.10,900,2,17,1.0493,0.55,linear,28,322.00,0.159997
3229,1000,0.10,900,2,17,1.0127,0.55,linear,29,347.00,0.378494
3230,1000,0.10,900,2,17,1.0552,0.55,linear,30,391.00,0.526544
3231,1000,0.10,900,2,17,1.0327,0.55,linear,31,354.00,0.411713
3232,1000,0.10,900,2,17,1.0632,0.55,linear,32,325.00,0.172252
3233,1000,0.10,900,2,17,1.0681,0.55,linear,33,339.00,0.284023
3234,1000,0.10,900,2,17,1.0407,0.55,linear,34,371.00,0.399556
3235,1000,0.10,900,2,17,0.9911,0.55,linear,35,387.00,0.223108
3236,1000,0.10,900,2,17,1.0333,0.55,linear,36,384.00,0.162761
3237,1000,0.10,900,2,17,0.9896,0.55,linear,37,357.00,0.183135
3238,1000,0.10,900,2,17,1.0330,0.55,linear,38,359.00,0.273721
3239,1000,0.10,900,2,17,1.0200,0.55,linear,39,343.00,0.347058
3240,1000,0.10,900,2,17,1.0378,0.55,linear,40,341.00,0.364294
3241,1000,0.10,900,2,17,1.0851,0.55,linear,41,359.00,0.270183
3242,1000,0.10,900,2,17,1.0474,0.55,linear,42,336.00,0.090103
3243,1000,0.10,900,2,17,1.0523,0.55,linear,43,388.00,0.216742
3244,1000,0.10,900,2,17,1.0512,0.55,linear,44,346.00,0.364302
3245,1000,0.10,900,2,17,1.0592,0.55,linear,45,365.00,0.124940
3246,1000,0.10,900,2,17,1.0536,0.55,linear,46,371.00,0.647258
3247,1000,0.10,900,2,17,1.0255,0.55,linear,47,347.00,0.424234
3248,1000,0.10,900,2,17,1.0343,0.55,linear,48,363.00,0.273528
3249,1000,0.10,900,2,17,1.0729,0.55,linear,49,388.00,0.141904
3250,1000,0.10,900,2,17,1.0526,0.55,linear,50,337.00,0.513293
3251,1000,0.10,900,2,17,1.0564,0.55,linear,51,341.00,0.138624
3252,1000,0.10,900,2,17,1.0344,0.55,linear,52,380.00,0.471242
3253,1000,0.10,900,2,17,1.0245,0.55,linear,53,379.00,0.135632
3254,1000,0.10,900,2,17,1.0990,0.55,linear,54,339.00,0.196253
3255,1000,0.10,900,2,17,1.0325,0.55,linear,55,335.00,0.354237
3256,1000,0.10,900,2,17,1.0556,0.55,linear,56,373.00,0.283254
3257,1000,0.10,900,2,17,1.0207,0.55,linear,57,385.00,0.536750
3258,1000,0.10,900,2,17,1.0535,0.55,linear,58,369.00,0.404708
3259,1000,0.10,900,2,17,1.0722,0.55,linear,59,379.00,0.445896
3260,1000,0.10,900,2,17,1.0275,0.55,linear,60,330.00,0.297790
3261,1000,0.10,900,2,17,1.0623,0.55,linear,61,346.00,0.290638
3262,1000,0.10,900,2,17,1.0149,0.55,linear,62,337.00,0.707899
3263,1000,0.10,900,2,17,0.9997,0.55,linear,63,341.00,0.703955
3264,1000,0.10,900,2,17,1.0365,0.55,linear,64,350.00,0.264133
3265,1000,0.10,900,2,17,1.0396,0.55,linear,65,353.00,0.307317
3266,1000,0.10,900,2,17,1.0460,0.55,linear,66,392.00,0.160885
3267,1000,0.10,900,2,17,1.0118,0.55,linear,67,365.00,0.435032
3268,1000,0.10,900,2,17,1.0068,0.55,linear,68,363.00,0.307745
3269,1000,0.10,900,2,17,0.9985,0.55,linear,69,358.00,0.214536
3270,1000,0.10,900,2,17,1.0220,0.55,linear,70,361.00,0.390037
3271,1000,0.10,900,2,17,1.0477,0.55,linear,71,367.00,0.232810
3272,1000,0.10,900,2,17,1.0281,0.55,linear,72,355.00,0.117287
3273,1000,0.10,900,2,17,1.0605,0.55,linear,73,352.00,0.209391
3274,1000,0.10,900,2,17,1.0484,0.55,linear,74,375.00,0.549400
3275,1000,0.10,900,2,17,1.0499,0.55,linear,75,378.00,0.274067
3276,1000,0.10,900,2,17,1.0507,0.55,linear,76,370.00,0.543052
3277,1000,0.10,900,2,17,1.0550,0.55,linear,77,361.00,0.278720
3278,1000,0.10,900,2,17,1.0333,0.55,linear,78,369.00,0.331694
3279,1000,0.10,900,2,17,1.0356,0.55,linear,79,332.00,0.179354
3280,1000,0.10,900,2,17,1.0143,0.55,linear,80,349.00,0.209833
3281,1000,0.10,900,2,17,1.0185,0.55,linear,81,389.00,0.765965
3282,1000,0.10,900,2,17,1.0213,0.55,linear,82,373.00,0.514497
3283,1000,0.10,900,2,17,1.0750,0.55,linear,83,367.00,0.280856
3284,1000,0.10,900,2,17,1.0508,0.55,linear,84,356.00,0.256288
3285,1000,0.10,900,2,17,1.0570,0.55,linear,85,365.00,0.440735
3286,1000,0.10,900,2,17,1.0456,0.55,linear,86,386.00,0.329870
3287,1000,0.10,900,2,17,1.0334,0.55,linear,87,364.00,0.247920
3288,1000,0.10,900,2,17,1.0439,0.55,linear,88,370.00,0.367385
3289,1000,0.10,900,2,17,1.0287,0.55,linear,89,352.00,0.328561
3290,1000,0.10,900,2,17,0.9699,0.55,linear,90,377.00,0.394298
3291,1000,0.10,900,2,17,1.0175,0.55,linear,91,380.00,0.180093
3292,1000,0.10,900,2,17,1.0544,0.55,linear,92,377.00,0.343415
3293,1000,0.10,900,2,17,1.0249,0.55,linear,93,368.00,0.675419
3294,1000,0.10,900,2,17,1.0456,0.55,linear,94,337.00,0.345120
3295,1000,0.10,900,2,17,1.0391,0.55,linear,95,360.00,0.538657
3296,1000,0.10,900,2,17,1.0919,0.55,linear,96,370.00,0.238686
3297,1000,0.10,900,2,17,1.0629,0.55,linear,97,354.00,0.209437
3298,1000,0.10,900,2,17,1.0508,0.55,linear,98,368.00,0.364068
3299,1000,0.10,900,2,17,0.9957,0.55,linear,99,347.00,0.252381
3300,1000,0.10,900,2,17,1.0665,0.60,linear,0,331.00,0.426266
3301,1000,0.10,900,2,17,1.0254,0.60,linear,1,334.00,0.395398
3302,1000,0.10,900,2,17,1.0971,0.60,linear,2,369.00,0.376039
3303,1000,0.10,900,2,17,1.0586,0.60,linear,3,350.00,0.199918
3304,1000,0.10,900,2,17,1.0185,0.60,linear,4,341.00,0.233986
3305,1000,0.10,900,2,17,1.0319,0.60,linear,5,373.00,0.182611
3306,1000,0.10,900,2,17,1.0392,0.60,linear,6,362.00,0.500067
3307,1000,0.10,900,2,17,1.0465,0.60,linear,7,359.00,0.195067
3308,1000,0.10,900,2,17,1.0668,0.60,linear,8,327.00,0.347120
3309,1000,0.10,900,2,17,1.0306,0.60,linear,9,334.00,0.302693
3310,1000,0.10,900,2,17,1.0267,0.60,linear,10,341.00,0.215227
3311,1000,0.10,900,2,17,1.0633,0.60,linear,11,365.00,0.218183
3312,1000,0.10,900,2,17,1.0275,0.60,linear,12,354.00,0.523176
3313,1000,0.10,900,2,17,1.0034,0.60,linear,13,369.00,0.290475
3314,1000,0.10,900,2,17,1.0400,0.60,linear,14,360.00,0.174728
3315,1000,0.10,900,2,17,1.0247,0.60,linear,15,360.00,0.292994
3316,1000,0.10,900,2,17,1.0627,0.60,linear,16,361.00,0.339717
3317,1000,0.10,900,2,17,1.0556,0.60,linear,17,363.00,0.430395
3318,1000,0.10,900,2,17,1.0631,0.60,linear,18,358.00,0.246826
3319,1000,0.10,900,2,17,1.0369,0.60,linear,19,364.00,0.405971
3320,1000,0.10,900,2,17,1.0671,0.60,linear,20,355.00,0.338954
3321,1000,0.10,900,2,17,1.0189,0.60,linear,21,355.00,0.213251
3322,1000,0.10,900,2,17,1.0012,0.60,linear,22,389.00,0.347230
3323,1000,0.10,900,2,17,1.0543,0.60,linear,23,368.00,0.298291
3324,1000,0.10,900,2,17,0.9778,0.60,linear,24,357.00,0.476931
3325,1000,0.10,900,2,17,1.0714,0.60,linear,25,362.00,0.323167
3326,1000,0.10,900,2,17,1.0751,0.60,linear,26,346.00,0.413589
3327,1000,0.10,900,2,17,1.0650,0.60,linear,27,337.00,0.261016
3328,1000,0.10,900,2,17,1.0550,0.60,linear,28,371.00,0.441151
3329,1000,0.10,900,2,17,1.0297,0.60,linear,29,375.00,0.286344
3330,1000,0.10,900,2,17,1.0657,0.60,linear,30,363.00,0.218253
3331,1000,0.10,900,2,17,1.0329,0.60,linear,31,358.00,0.496767
3332,1000,0.10,900,2,17,1.0464,0.60,linear,32,355.00,0.170444
3333,1000,0.10,900,2,17,1.0301,0.60,linear,33,333.00,0.288586
3334,1000,0.10,900,2,17,1.0084,0.60,linear,34,396.00,0.736295
3335,1000,0.10,900,2,17,1.0370,0.60,linear,35,352.00,0.284480
3336,1000,0.10,900,2,17,1.0505,0.60,linear,36,365.00,0.223246
3337,1000,0.10,900,2,17,1.0164,0.60,linear,37,391.00,0.304927
3338,1000,0.10,900,2,17,1.0295,0.60,linear,38,325.00,0.394751
3339,1000,0.10,900,2,17,1.0925,0.60,linear,39,371.00,0.230013
3340,1000,0.10,900,2,17,1.0427,0.60,linear,40,375.00,0.157372
3341,1000,0.10,900,2,17,1.0177,0.60,linear,41,338.00,0.261752
3342,1000,0.10,900,2,17,1.0482,0.60,linear,42,364.00,0.657450
3343,1000,0.10,900,2,17,1.0566,0.60,linear,43,384.00,0.168818
3344,1000,0.10,900,2,17,1.0598,0.60,linear,44,384.00,0.949248
3345,1000,0.10,900,2,17,1.0409,0.60,linear,45,325.00,0.446153
3346,1000,0.10,900,2,17,1.0494,0.60,linear,46,357.00,0.170116
3347,1000,0.10,900,2,17,0.9923,0.60,linear,47,382.00,0.483768
3348,1000,0.10,900,2,17,1.0563,0.60,linear,48,345.00,0.155260
3349,1000,0.10,900,2,17,1.0350,0.60,linear,49,345.00,0.262354
3350,1000,0.10,900,2,17,1.0453,0.60,linear,50,368.00,0.149217
3351,1000,0.10,900,2,17,1.0258,0.60,linear,51,347.00,0.247804
3352,1000,0.10,900,2,17,1.0528,0.60,linear,52,367.00,0.203002
3353,1000,0.10,900,2,17,1.0188,0.60,linear,53,383.00,0.234481
3354,1000,0.10,900,2,17,1.0636,0.60,linear,54,358.00,0.178668
3355,1000,0.10,900,2,17,1.0201,0.60,linear,55,377.00,0.411995
3356,1000,0.10,900,2,17,1.0442,0.60,linear,56,365.00,0.258818
3357,1000,0.10,900,2,17,1.0562,0.60,linear,57,359.00,0.125043
3358,1000,0.10,900,2,17,1.0304,0.60,linear,58,373.00,0.373103
3359,1000,0.10,900,2,17,1.0134,0.60,linear,59,329.00,0.290847
3360,1000,0.10,900,2,17,0.9970,0.60,linear,60,332.00,0.189657
3361,1000,0.10,900,2,17,1.0744,0.60,linear,61,360.00,0.640839
3362,1000,0.10,900,2,17,1.0477,0.60,linear,62,363.00,0.572203
3363,1000,0.10,900,2,17,1.0212,0.60,linear,63,345.00,0.391461
3364,1000,0.10,900,2,17,1.0495,0.60,linear,64,359.00,0.179258
3365,1000,0.10,900,2,17,1.0636,0.60,linear,65,360.00,0.424474
3366,1000,0.10,900,2,17,1.0960,0.60,linear,66,350.00,0.248786
3367,1000,0.10,900,2,17,1.0614,0.60,linear,67,373.00,0.388578
3368,1000,0.10,900,2,17,1.0328,0.60,linear,68,368.00,0.316387
3369,1000,0.10,900,2,17,1.0569,0.60,linear,69,356.00,0.457034
3370,1000,0.10,900,2,17,1.0034,0.60,linear,70,399.00,0.182514
3371,1000,0.10,900,2,17,1.0378,0.60,linear,71,367.00,0.253458
3372,1000,0.10,900,2,17,1.0668,0.60,linear,72,378.00,0.213194
3373,1000,0.10,900,2,17,1.0198,0.60,linear,73,367.00,0.295728
3374,1000,0.10,900,2,17,1.0549,0.60,linear,74,372.00,0.192019
3375,1000,0.10,900,2,17,1.0437,0.60,linear,75,404.00,0.342159
3376,1000,0.10,900,2,17,1.0716,0.60,linear,76,352.00,0.279429
3377,1000,0.10,900,2,17,1.0358,0.60,linear,77,352.00,0.419198
3378,1000,0.10,900,2,17,1.0388,0.60,linear,78,387.00,0.274880
3379,1000,0.10,900,2,17,0.9692,0.60,linear,79,347.00,0.373270
3380,1000,0.10,900,2,17,1.0262,0.60,linear,80,366.00,0.838755
3381,1000,0.10,900,2,17,1.0109,0.60,linear,81,371.00,0.560329
3382,1000,0.10,900,2,17,1.0525,0.60,linear,82,333.00,0.124284
3383,1000,0.10,900,2,17,1.0684,0.60,linear,83,380.00,0.462342
3384,1000,0.10,900,2,17,1.0898,0.60,linear,84,384.00,0.199992
3385,1000,0.10,900,2,17,1.0198,0.60,linear,85,353.00,0.325502
3386,1000,0.10,900,2,17,0.9914,0.60,linear,86,358.00,0.138957
3387,1000,0.10,900,2,17,1.0742,0.60,linear,87,337.00,0.155832
3388,1000,0.10,900,2,17,1.0258,0.60,linear,88,385.00,0.434160
3389,1000,0.10,900,2,17,1.0302,0.60,linear,89,337.00,0.313995
3390,1000,0.10,900,2,17,1.0121,0.60,linear,90,399.00,0.145100
3391,1000,0.10,900,2,17,1.0079,0.60,linear,91,368.00,0.369242
3392,1000,0.10,900,2,17,1.0222,0.60,linear,92,361.00,0.235935
3393,1000,0.10,900,2,17,1.0296,0.60,linear,93,339.00,0.240941
3394,1000,0.10,900,2,17,1.0321,0.60,linear,94,375.00,0.154843
3395,1000,0.10,900,2,17,1.0668,0.60,linear,95,354.00,0.501729
3396,1000,0.10,900,2,17,1.0396,0.60,linear,96,351.00,0.845911
3397,1000,0.10,900,2,17,1.0656,0.60,linear,97,348.00,0.286064
3398,1000,0.10,900,2,17,1.0510,0.60,linear,98,347.00,0.317156
3399,1000,0.10,900,2,17,1.0547,0.60,linear,99,366.00,0.360393
3400,1000,0.10,900,2,17,1.0262,0.65,linear,0,349.00,0.267002
3401,1000,0.10,900,2,17,0.9836,0.65,linear,1,334.00,0.586377
3402,1000,0.10,900,2,17,1.0754,0.65,linear,2,371.00,0.349363
3403,1000,0.10,900,2,17,1.0013,0.65,linear,3,328.00,0.228027
3404,1000,0.10,900,2,17,1.0801,0.65,linear,4,364.00,0.190119
3405,1000,0.10,900,2,17,1.0369,0.65,linear,5,371.00,0.180563
3406,1000,0.10,900,2,17,1.0074,0.65,linear,6,349.00,0.187379
3407,1000,0.10,900,2,17,1.0309,0.65,linear,7,352.00,0.536560
3408,1000,0.10,900,2,17,1.0425,0.65,linear,8,339.00,0.222789
3409,1000,0.10,900,2,17,1.0361,0.65,linear,9,372.00,0.272886
3410,1000,0.10,900,2,17,1.0392,0.65,linear,10,341.00,0.164138
3411,1000,0.10,900,2,17,1.0315,0.65,linear,11,359.00,0.268713
3412,1000,0.10,900,2,17,1.0192,0.65,linear,12,362.00,0.331246
3413,1000,0.10,900,2,17,0.9899,0.65,linear,13,384.00,0.204649
3414,1000,0.10,900,2,17,1.0370,0.65,linear,14,328.00,0.319082
3415,1000,0.10,900,2,17,1.0241,0.65,linear,15,369.00,0.278041
3416,1000,0.10,900,2,17,1.0153,0.65,linear,16,347.00,0.384622
3417,1000,0.10,900,2,17,1.0661,0.65,linear,17,341.00,0.383415
3418,1000,0.10,900,2,17,1.0277,0.65,linear,18,351.00,0.401088
3419,1000,0.10,900,2,17,1.0395,0.65,linear,19,347.00,0.338152
3420,1000,0.10,900,2,17,1.0286,0.65,linear,20,374.00,0.574482
3421,1000,0.10,900,2,17,1.0351,0.65,linear,21,341.00,0.211651
3422,1000,0.10,900,2,17,1.0177,0.65,linear,22,331.00,0.490403
3423,1000,0.10,900,2,17,1.0216,0.65,linear,23,366.00,0.395467
3424,1000,0.10,900,2,17,1.0489,0.65,linear,24,400.00,0.774253
3425,1000,0.10,900,2,17,1.0264,0.65,linear,25,361.00,0.573427
3426,1000,0.10,900,2,17,1.0195,0.65,linear,26,351.00,0.416084
3427,1000,0.10,900,2,17,1.0559,0.65,linear,27,349.00,0.363985
3428,1000,0.10,900,2,17,1.0512,0.65,linear,28,366.00,0.442018
3429,1000,0.10,900,2,17,1.0498,0.65,linear,29,358.00,0.368919
3430,1000,0.10,900,2,17,1.0651,0.65,linear,30,341.00,0.316555
3431,1000,0.10,900,2,17,1.0904,0.65,linear,31,354.00,0.155610
3432,1000,0.10,900,2,17,1.0535,0.65,linear,32,368.00,0.177088
3433,1000,0.10,900,2,17,1.0346,0.65,linear,33,363.00,0.142738
3434,1000,0.10,900,2,17,1.0239,0.65,linear,34,342.00,0.392333
3435,1000,0.10,900,2,17,1.0654,0.65,linear,35,359.00,0.484414
3436,1000,0.10,900,2,17,1.0843,0.65,linear,36,373.00,0.413357
3437,1000,0.10,900,2,17,1.0172,0.65,linear,37,351.00,0.518699
3438,1000,0.10,900,2,17,1.0601,0.65,linear,38,364.00,0.311413
3439,1000,0.10,900,2,17,1.0420,0.65,linear,39,342.00,0.335537
3440,1000,0.10,900,2,17,1.0737,0.65,linear,40,358.00,0.432868
3441,1000,0.10,900,2,17,1.0369,0.65,linear,41,354.00,0.268567
3442,1000,0.10,900,2,17,1.0470,0.65,linear,42,343.00,0.458768
3443,1000,0.10,900,2,17,1.0270,0.65,linear,43,345.00,0.533276
3444,1000,0.10,900,2,17,1.0088,0.65,linear,44,363.00,0.184233
3445,1000,0.10,900,2,17,1.0043,0.65,linear,45,359.00,0.437547
3446,1000,0.10,900,2,17,1.0469,0.65,linear,46,356.00,0.306087
3447,1000,0.10,900,2,17,1.0386,0.65,linear,47,342.00,0.315350
3448,1000,0.10,900,2,17,1.0117,0.65,linear,48,374.00,0.310827
3449,1000,0.10,900,2,17,0.9939,0.65,linear,49,355.00,0.437697
3450,1000,0.10,900,2,17,1.0174,0.65,linear,50,340.00,0.291978
3451,1000,0.10,900,2,17,1.0346,0.65,linear,51,379.00,0.200961
3452,1000,0.10,900,2,17,1.0194,0.65,linear,52,331.00,0.212424
3453,1000,0.10,900,2,17,1.0644,0.65,linear,53,387.00,0.264944
3454,1000,0.10,900,2,17,1.0613,0.65,linear,54,351.00,0.214710
3455,1000,0.10,900,2,17,0.9958,0.65,linear,55,376.00,0.440917
3456,1000,0.10,900,2,17,1.0512,0.65,linear,56,345.00,0.248278
3457,1000,0.10,900,2,17,1.0504,0.65,linear,57,344.00,0.232742
3458,1000,0.10,900,2,17,1.0133,0.65,linear,58,357.00,0.272623
3459,1000,0.10,900,2,17,1.0263,0.65,linear,59,365.00,0.672297
3460,1000,0.10,900,2,17,0.9931,0.65,linear,60,363.00,0.237676
3461,1000,0.10,900,2,17,0.9969,0.65,linear,61,360.00,0.157106
3462,1000,0.10,900,2,17,1.0622,0.65,linear,62,348.00,0.320362
3463,1000,0.10,900,2,17,1.0563,0.65,linear,63,338.00,0.230694
3464,1000,0.10,900,2,17,1.0101,0.65,linear,64,362.00,0.231348
3465,1000,0.10,900,2,17,1.0385,0.65,linear,65,367.00,0.208854
3466,1000,0.10,900,2,17,1.0154,0.65,linear,66,368.00,0.487680
3467,1000,0.10,900,2,17,1.0402,0.65,linear,67,339.00,0.221840
3468,1000,0.10,900,2,17,1.0268,0.65,linear,68,364.00,0.399390
3469,1000,0.10,900,2,17,1.0492,0.65,linear,69,379.00,0.245697
3470,1000,0.10,900,2,17,1.0357,0.65,linear,70,359.00,0.163053
3471,1000,0.10,900,2,17,1.0554,0.65,linear,71,339.00,0.305577
3472,1000,0.10,900,2,17,1.0086,0.65,linear,72,348.00,0.480473
3473,1000,0.10,900,2,17,1.0546,0.65,linear,73,355.00,0.227462
3474,1000,0.10,900,2,17,1.0517,0.65,linear,74,355.00,0.643163
3475,1000,0.10,900,2,17,1.0418,0.65,linear,75,378.00,0.498815
3476,1000,0.10,900,2,17,1.0599,0.65,linear,76,352.00,0.250512
3477,1000,0.10,900,2,17,1.0566,0.65,linear,77,365.00,0.298027
3478,1000,0.10,900,2,17,1.0162,0.65,linear,78,366.00,0.559918
3479,1000,0.10,900,2,17,1.0134,0.65,linear,79,353.00,0.418554
3480,1000,0.10,900,2,17,1.0291,0.65,linear,80,348.00,0.156546
3481,1000,0.10,900,2,17,1.0058,0.65,linear,81,359.00,0.572118
3482,1000,0.10,900,2,17,1.0571,0.65,linear,82,346.00,0.268607
3483,1000,0.10,900,2,17,1.0215,0.65,linear,83,358.00,0.476920
3484,1000,0.10,900,2,17,1.0449,0.65,linear,84,367.00,0.408834
3485,1000,0.10,900,2,17,1.0241,0.65,linear,85,335.00,0.529871
3486,1000,0.10,900,2,17,1.0512,0.65,linear,86,345.00,0.346509
3487,1000,0.10,900,2,17,0.9961,0.65,linear,87,358.00,0.254229
3488,1000,0.10,900,2,17,1.0595,0.65,linear,88,398.00,0.152268
3489,1000,0.10,900,2,17,1.0501,0.65,linear,89,384.00,0.295184
3490,1000,0.10,900,2,17,1.0373,0.65,linear,90,353.00,0.405367
3491,1000,0.10,900,2,17,1.0623,0.65,linear,91,395.00,0.617338
3492,1000,0.10,900,2,17,1.0507,0.65,linear,92,369.00,0.460746
3493,1000,0.10,900,2,17,1.0639,0.65,linear,93,349.00,0.411222
3494,1000,0.10,900,2,17,1.0131,0.65,linear,94,339.00,0.414722
3495,1000,0.10,900,2,17,1.0362,0.65,linear,95,358.00,0.548075
3496,1000,0.10,900,2,17,1.0412,0.65,linear,96,363.00,0.527669
3497,1000,0.10,900,2,17,1.0541,0.65,linear,97,365.00,0.242437
3498,1000,0.10,900,2,17,1.0785,0.65,linear,98,361.00,0.493823
3499,1000,0.10,900,2,17,1.0520,0.65,linear,99,370.00,0.523401
3500,1000,0.10,900,2,17,1.0442,0.70,linear,0,343.00,0.715561
3501,1000,0.10,900,2,17,1.0143,0.70,linear,1,347.00,0.456396
3502,1000,0.10,900,2,17,1.0180,0.70,linear,2,359.00,0.264050
3503,1000,0.10,900,2,17,0.9917,0.70,linear,3,389.00,0.508038
3504,1000,0.10,900,2,17,1.0481,0.70,linear,4,350.00,0.369047
3505,1000,0.10,900,2,17,1.0424,0.70,linear,5,346.00,0.456317
3506,1000,0.10,900,2,17,1.0440,0.70,linear,6,382.00,0.229972
3507,1000,0.10,900,2,17,1.0374,0.70,linear,7,370.00,0.388315
3508,1000,0.10,900,2,17,1.0727,0.70,linear,8,335.00,0.456925
3509,1000,0.10,900,2,17,1.0233,0.70,linear,9,350.00,0.366080
3510,1000,0.10,900,2,17,1.0324,0.70,linear,10,366.00,0.511485
3511,1000,0.10,900,2,17,1.0403,0.70,linear,11,366.00,0.805724
3512,1000,0.10,900,2,17,1.0453,0.70,linear,12,349.00,0.331412
3513,1000,0.10,900,2,17,1.0583,0.70,linear,13,372.00,0.368559
3514,1000,0.10,900,2,17,1.0189,0.70,linear,14,336.00,0.264873
3515,1000,0.10,900,2,17,1.0286,0.70,linear,15,383.00,0.523991
3516,1000,0.10,900,2,17,0.9893,0.70,linear,16,373.00,0.234977
3517,1000,0.10,900,2,17,1.0324,0.70,linear,17,372.00,0.621709
3518,1000,0.10,900,2,17,1.0369,0.70,linear,18,380.00,0.244156
3519,1000,0.10,900,2,17,1.0188,0.70,linear,19,370.00,0.434174
3520,1000,0.10,900,2,17,1.0368,0.70,linear,20,381.00,0.294776
3521,1000,0.10,900,2,17,1.0661,0.70,linear,21,351.00,0.443359
3522,1000,0.10,900,2,17,1.0348,0.70,linear,22,398.00,0.455357
3523,1000,0.10,900,2,17,1.0533,0.70,linear,23,364.00,0.191915
3524,1000,0.10,900,2,17,1.0161,0.70,linear,24,329.00,0.565072
3525,1000,0.10,900,2,17,0.9937,0.70,linear,25,369.00,0.525195
3526,1000,0.10,900,2,17,0.9882,0.70,linear,26,340.00,0.451155
3527,1000,0.10,900,2,17,0.9943,0.70,linear,27,356.00,0.636433
3528,1000,0.10,900,2,17,1.0910,0.70,linear,28,354.00,0.331080
3529,1000,0.10,900,2,17,1.0615,0.70,linear,29,370.00,0.301547
3530,1000,0.10,900,2,17,0.9866,0.70,linear,30,373.00,0.517414
3531,1000,0.10,900,2,17,1.0758,0.70,linear,31,343.00,0.515638
3532,1000,0.10,900,2,17,1.0367,0.70,linear,32,361.00,0.352508
3533,1000,0.10,900,2,17,1.0606,0.70,linear,33,354.00,0.173232
3534,1000,0.10,900,2,17,1.0356,0.70,linear,34,351.00,0.225117
3535,1000,0.10,900,2,17,1.0187,0.70,linear,35,371.00,0.602272
3536,1000,0.10,900,2,17,1.0443,0.70,linear,36,364.00,0.453785
3537,1000,0.10,900,2,17,1.0162,0.70,linear,37,337.00,0.461392
3538,1000,0.10,900,2,17,1.0466,0.70,linear,38,344.00,0.468699
3539,1000,0.10,900,2,17,1.0477,0.70,linear,39,371.00,0.386092
3540,1000,0.10,900,2,17,1.0194,0.70,linear,40,340.00,0.688646
3541,1000,0.10,900,2,17,1.0108,0.70,linear,41,361.00,0.410486
3542,1000,0.10,900,2,17,1.0163,0.70,linear,42,381.00,0.617803
3543,1000,0.10,900,2,17,1.0342,0.70,linear,43,398.00,0.342360
3544,1000,0.10,900,2,17,1.0129,0.70,linear,44,355.00,0.564314
3545,1000,0.10,900,2,17,1.0017,0.70,linear,45,369.00,0.399988
3546,1000,0.10,900,2,17,1.0711,0.70,linear,46,385.00,0.391300
3547,1000,0.10,900,2,17,0.9779,0.70,linear,47,351.00,0.421055
3548,1000,0.10,900,2,17,0.9968,0.70,linear,48,344.00,0.536632
3549,1000,0.10,900,2,17,0.9991,0.70,linear,49,379.00,0.472566
3550,1000,0.10,900,2,17,1.0929,0.70,linear,50,328.00,0.585117
3551,1000,0.10,900,2,17,1.0627,0.70,linear,51,370.00,0.328112
3552,1000,0.10,900,2,17,1.0209,0.70,linear,52,375.00,0.288724
3553,1000,0.10,900,2,17,0.9850,0.70,linear,53,379.00,0.347773
3554,1000,0.10,900,2,17,1.0294,0.70,linear,54,384.00,0.325567
3555,1000,0.10,900,2,17,1.0310,0.70,linear,55,384.00,0.195227
3556,1000,0.10,900,2,17,1.0630,0.70,linear,56,359.00,0.526808
3557,1000,0.10,900,2,17,1.1018,0.70,linear,57,369.00,0.547967
3558,1000,0.10,900,2,17,1.0791,0.70,linear,58,337.00,0.380416
3559,1000,0.10,900,2,17,1.1168,0.70,linear,59,373.00,0.308820
3560,1000,0.10,900,2,17,1.0339,0.70,linear,60,364.00,0.338328
3561,1000,0.10,900,2,17,1.0611,0.70,linear,61,361.00,0.233810
3562,1000,0.10,900,2,17,1.0241,0.70,linear,62,390.00,0.382020
3563,1000,0.10,900,2,17,1.0500,0.70,linear,63,360.00,0.340459
3564,1000,0.10,900,2,17,1.0426,0.70,linear,64,352.00,0.149608
3565,1000,0.10,900,2,17,1.0389,0.70,linear,65,334.00,0.307959
3566,1000,0.10,900,2,17,1.0343,0.70,linear,66,355.00,0.311337
3567,1000,0.10,900,2,17,1.0357,0.70,linear,67,365.00,0.339174
3568,1000,0.10,900,2,17,1.0332,0.70,linear,68,386.00,0.156842
3569,1000,0.10,900,2,17,1.0411,0.70,linear,69,354.00,0.190415
3570,1000,0.10,900,2,17,1.0320,0.70,linear,70,345.00,0.242447
3571,1000,0.10,900,2,17,1.0100,0.70,linear,71,356.00,0.654235
3572,1000,0.10,900,2,17,1.0947,0.70,linear,72,346.00,0.464264
3573,1000,0.10,900,2,17,1.0731,0.70,linear,73,368.00,0.346599
3574,1000,0.10,900,2,17,1.0475,0.70,linear,74,343.00,0.454483
3575,1000,0.10,900,2,17,0.9838,0.70,linear,75,363.00,0.622555
3576,1000,0.10,900,2,17,1.0480,0.70,linear,76,353.00,0.399533
3577,1000,0.10,900,2,17,1.0518,0.70,linear,77,347.00,0.366505
3578,1000,0.10,900,2,17,1.0643,0.70,linear,78,349.00,0.338770
3579,1000,0.10,900,2,17,1.0179,0.70,linear,79,363.00,0.215077
3580,1000,0.10,900,2,17,1.0392,0.70,linear,80,366.00,0.229343
3581,1000,0.10,900,2,17,1.0961,0.70,linear,81,364.00,0.351972
3582,1000,0.10,900,2,17,1.0280,0.70,linear,82,366.00,0.308299
3583,1000,0.10,900,2,17,1.0128,0.70,linear,83,355.00,0.291860
3584,1000,0.10,900,2,17,1.0233,0.70,linear,84,380.00,0.293849
3585,1000,0.10,900,2,17,1.0844,0.70,linear,85,360.00,0.608649
3586,1000,0.10,900,2,17,1.0564,0.70,linear,86,339.00,0.500038
3587,1000,0.10,900,2,17,1.0578,0.70,linear,87,345.00,0.442883
3588,1000,0.10,900,2,17,0.9977,0.70,linear,88,366.00,0.272328
3589,1000,0.10,900,2,17,0.9992,0.70,linear,89,364.00,0.460063
3590,1000,0.10,900,2,17,1.0863,0.70,linear,90,383.00,0.236835
3591,1000,0.10,900,2,17,1.0351,0.70,linear,91,379.00,0.538126
3592,1000,0.10,900,2,17,1.0238,0.70,linear,92,332.00,0.255630
3593,1000,0.10,900,2,17,1.0155,0.70,linear,93,358.00,0.359685
3594,1000,0.10,900,2,17,1.0161,0.70,linear,94,373.00,0.427808
3595,1000,0.10,900,2,17,1.0375,0.70,linear,95,382.00,0.494537
3596,1000,0.10,900,2,17,1.0872,0.70,linear,96,379.00,0.274577
3597,1000,0.10,900,2,17,1.0571,0.70,linear,97,382.00,0.393883
3598,1000,0.10,900,2,17,1.0177,0.70,linear,98,369.00,0.189323
3599,1000,0.10,900,2,17,1.0390,0.70,linear,99,343.00,0.459186
3600,1000,0.10,900,2,17,0.9986,0.75,linear,0,367.00,0.538554
3601,1000,0.10,900,2,17,1.0429,0.75,linear,1,375.00,0.572314
3602,1000,0.10,900,2,17,0.9983,0.75,linear,2,357.00,0.507267
3603,1000,0.10,900,2,17,1.0179,0.75,linear,3,327.00,0.339441
3604,1000,0.10,900,2,17,1.0637,0.75,linear,4,329.00,0.678554
3605,1000,0.10,900,2,17,1.0365,0.75,linear,5,350.00,0.270732
3606,1000,0.10,900,2,17,1.0271,0.75,linear,6,372.00,0.323089
3607,1000,0.10,900,2,17,1.0473,0.75,linear,7,352.00,0.523447
3608,1000,0.10,900,2,17,1.0087,0.75,linear,8,343.00,0.348859
3609,1000,0.10,900,2,17,1.0194,0.75,linear,9,398.00,0.283657
3610,1000,0.10,900,2,17,1.0202,0.75,linear,10,354.00,0.447448
3611,1000,0.10,900,2,17,1.0041,0.75,linear,11,336.00,0.540185
3612,1000,0.10,900,2,17,1.0591,0.75,linear,12,330.00,0.589785
3613,1000,0.10,900,2,17,0.9968,0.75,linear,13,354.00,0.491412
3614,1000,0.10,900,2,17,1.0443,0.75,linear,14,365.00,0.392819
3615,1000,0.10,900,2,17,1.0375,0.75,linear,15,360.00,0.359049
3616,1000,0.10,900,2,17,1.0324,0.75,linear,16,355.00,0.533090
3617,1000,0.10,900,2,17,1.0475,0.75,linear,17,444.00,0.175481
3618,1000,0.10,900,2,17,0.9871,0.75,linear,18,391.00,0.355992
3619,1000,0.10,900,2,17,1.0146,0.75,linear,19,412.00,0.159064
3620,1000,0.10,900,2,17,1.0071,0.75,linear,20,378.00,0.159858
3621,1000,0.10,900,2,17,1.1002,0.75,linear,21,365.00,0.252490
3622,1000,0.10,900,2,17,1.0176,0.75,linear,22,363.00,0.339861
3623,1000,0.10,900,2,17,1.0465,0.75,linear,23,355.00,0.570072
3624,1000,0.10,900,2,17,1.0599,0.75,linear,24,356.00,0.383620
3625,1000,0.10,900,2,17,1.0466,0.75,linear,25,346.00,0.440013
3626,1000,0.10,900,2,17,1.0256,0.75,linear,26,360.00,0.316184
3627,1000,0.10,900,2,17,1.0311,0.75,linear,27,346.00,0.522336
3628,1000,0.10,900,2,17,1.0394,0.75,linear,28,358.00,0.498429
3629,1000,0.10,900,2,17,1.0266,0.75,linear,29,326.00,0.413794
3630,1000,0.10,900,2,17,1.0213,0.75,linear,30,369.00,0.443926
3631,1000,0.10,900,2,17,1.0706,0.75,linear,31,359.00,0.404143
3632,1000,0.10,900,2,17,0.9929,0.75,linear,32,339.00,0.452595
3633,1000,0.10,900,2,17,1.0282,0.75,linear,33,316.00,0.392047
3634,1000,0.10,900,2,17,1.0195,0.75,linear,34,360.00,0.255066
3635,1000,0.10,900,2,17,1.0125,0.75,linear,35,387.00,0.401866
3636,1000,0.10,900,2,17,1.0299,0.75,linear,36,369.00,0.613587
3637,1000,0.10,900,2,17,0.9876,0.75,linear,37,351.00,0.356280
3638,1000,0.10,900,2,17,1.0101,0.75,linear,38,362.00,0.560153
3639,1000,0.10,900,2,17,1.0405,0.75,linear,39,396.00,0.622069
3640,1000,0.10,900,2,17,0.9729,0.75,linear,40,358.00,0.436009
3641,1000,0.10,900,2,17,0.9988,0.75,linear,41,378.00,0.453521
3642,1000,0.10,900,2,17,1.0098,0.75,linear,42,357.00,0.473131
3643,1000,0.10,900,2,17,1.0460,0.75,linear,43,339.00,0.389511
3644,1000,0.10,900,2,17,1.0441,0.75,linear,44,367.00,0.371314
3645,1000,0.10,900,2,17,1.0148,0.75,linear,45,337.00,0.322714
3646,1000,0.10,900,2,17,1.0026,0.75,linear,46,350.00,0.246396
3647,1000,0.10,900,2,17,1.0312,0.75,linear,47,374.00,0.373871
3648,1000,0.10,900,2,17,0.9942,0.75,linear,48,376.00,0.275812
3649,1000,0.10,900,2,17,0.9981,0.75,linear,49,349.00,0.461969
3650,1000,0.10,900,2,17,1.0348,0.75,linear,50,350.00,0.367743
3651,1000,0.10,900,2,17,1.0145,0.75,linear,51,376.00,0.375123
3652,1000,0.10,900,2,17,1.0016,0.75,linear,52,401.00,0.186539
3653,1000,0.10,900,2,17,1.0594,0.75,linear,53,354.00,0.396105
3654,1000,0.10,900,2,17,1.0252,0.75,linear,54,375.00,0.371008
3655,1000,0.10,900,2,17,1.0514,0.75,linear,55,348.00,0.480340
3656,1000,0.10,900,2,17,1.0120,0.75,linear,56,380.00,0.604430
3657,1000,0.10,900,2,17,1.0193,0.75,linear,57,357.00,0.365187
3658,1000,0.10,900,2,17,1.0662,0.75,linear,58,365.00,0.473928
3659,1000,0.10,900,2,17,1.0366,0.75,linear,59,373.00,0.619783
3660,1000,0.10,900,2,17,1.0250,0.75,linear,60,326.00,0.353079
3661,1000,0.10,900,2,17,1.0521,0.75,linear,61,370.00,0.432511
3662,1000,0.10,900,2,17,1.0637,0.75,linear,62,317.00,0.249459
3663,1000,0.10,900,2,17,0.9915,0.75,linear,63,375.00,0.336484
3664,1000,0.10,900,2,17,1.0059,0.75,linear,64,344.00,0.513372
3665,1000,0.10,900,2,17,1.0318,0.75,linear,65,350.00,0.422101
3666,1000,0.10,900,2,17,1.0185,0.75,linear,66,347.00,0.314731
3667,1000,0.10,900,2,17,1.0142,0.75,linear,67,373.00,0.523467
3668,1000,0.10,900,2,17,0.9935,0.75,linear,68,351.00,0.388078
3669,1000,0.10,900,2,17,1.0847,0.75,linear,69,364.00,0.510739
3670,1000,0.10,900,2,17,0.9893,0.75,linear,70,402.00,0.457347
3671,1000,0.10,900,2,17,1.0242,0.75,linear,71,375.00,0.177145
3672,1000,0.10,900,2,17,1.0511,0.75,linear,72,357.00,0.468209
3673,1000,0.10,900,2,17,1.0508,0.75,linear,73,346.00,0.290468
3674,1000,0.10,900,2,17,1.0351,0.75,linear,74,341.00,0.256349
3675,1000,0.10,900,2,17,1.0405,0.75,linear,75,373.00,0.400910
3676,1000,0.10,900,2,17,1.0304,0.75,linear,76,426.00,0.400803
3677,1000,0.10,900,2,17,1.0545,0.75,linear,77,375.00,0.303885
3678,1000,0.10,900,2,17,0.9979,0.75,linear,78,379.00,0.373008
3679,1000,0.10,900,2,17,1.0531,0.75,linear,79,349.00,0.647778
3680,1000,0.10,900,2,17,1.0382,0.75,linear,80,342.00,0.253265
3681,1000,0.10,900,2,17,1.0161,0.75,linear,81,377.00,0.293237
3682,1000,0.10,900,2,17,1.0070,0.75,linear,82,358.00,0.327688
3683,1000,0.10,900,2,17,1.0314,0.75,linear,83,369.00,0.283604
3684,1000,0.10,900,2,17,0.9962,0.75,linear,84,357.00,0.456897
3685,1000,0.10,900,2,17,1.0169,0.75,linear,85,349.00,0.340908
3686,1000,0.10,900,2,17,1.0359,0.75,linear,86,339.00,0.458432
3687,1000,0.10,900,2,17,1.0230,0.75,linear,87,345.00,0.379759
3688,1000,0.10,900,2,17,1.0285,0.75,linear,88,379.00,0.495943
3689,1000,0.10,900,2,17,1.0410,0.75,linear,89,332.00,0.210390
3690,1000,0.10,900,2,17,1.0246,0.75,linear,90,348.00,0.446797
3691,1000,0.10,900,2,17,1.0544,0.75,linear,91,350.00,0.418966
3692,1000,0.10,900,2,17,1.0000,0.75,linear,92,348.00,0.411168
3693,1000,0.10,900,2,17,1.0136,0.75,linear,93,381.00,0.664482
3694,1000,0.10,900,2,17,1.0298,0.75,linear,94,354.00,0.343053
3695,1000,0.10,900,2,17,1.0566,0.75,linear,95,353.00,0.341482
3696,1000,0.10,900,2,17,1.0266,0.75,linear,96,336.00,0.568745
3697,1000,0.10,900,2,17,1.0396,0.75,linear,97,333.00,0.321211
3698,1000,0.10,900,2,17,1.0466,0.75,linear,98,357.00,0.674591
3699,1000,0.10,900,2,17,1.0459,0.75,linear,99,357.00,0.222808
3700,1000,0.10,900,2,17,0.9988,0.80,linear,0,356.00,0.336488
3701,1000,0.10,900,2,17,0.9765,0.80,linear,1,368.00,0.383947
3702,1000,0.10,900,2,17,1.0112,0.80,linear,2,338.00,0.509176
3703,1000,0.10,900,2,17,0.9857,0.80,linear,3,349.00,0.504640
3704,1000,0.10,900,2,17,0.9828,0.80,linear,4,397.00,0.247833
3705,1000,0.10,900,2,17,1.0361,0.80,linear,5,330.00,0.245317
3706,1000,0.10,900,2,17,1.0962,0.80,linear,6,349.00,0.386979
3707,1000,0.10,900,2,17,1.0592,0.80,linear,7,386.00,0.563846
3708,1000,0.10,900,2,17,1.0372,0.80,linear,8,379.00,1.149197
3709,1000,0.10,900,2,17,1.0323,0.80,linear,9,385.00,0.363346
3710,1000,0.10,900,2,17,1.0049,0.80,linear,10,352.00,0.367930
3711,1000,0.10,900,2,17,1.0375,0.80,linear,11,326.00,0.329607
3712,1000,0.10,900,2,17,1.0228,0.80,linear,12,346.00,0.294361
3713,1000,0.10,900,2,17,1.0143,0.80,linear,13,372.00,0.509664
3714,1000,0.10,900,2,17,1.0653,0.80,linear,14,353.00,0.289506
3715,1000,0.10,900,2,17,1.0242,0.80,linear,15,355.00,0.374732
3716,1000,0.10,900,2,17,1.0121,0.80,linear,16,359.00,0.529560
3717,1000,0.10,900,2,17,1.0056,0.80,linear,17,395.00,0.602081
3718,1000,0.10,900,2,17,1.0119,0.80,linear,18,375.00,0.280143
3719,1000,0.10,900,2,17,1.0348,0.80,linear,19,373.00,0.341339
3720,1000,0.10,900,2,17,1.0202,0.80,linear,20,372.00,0.426490
3721,1000,0.10,900,2,17,0.9947,0.80,linear,21,377.00,0.288003
3722,1000,0.10,900,2,17,1.0066,0.80,linear,22,344.00,0.306597
3723,1000,0.10,900,2,17,0.9729,0.80,linear,23,368.00,0.283584
3724,1000,0.10,900,2,17,1.0135,0.80,linear,24,381.00,0.180069
3725,1000,0.10,900,2,17,1.0274,0.80,linear,25,367.00,0.282851
3726,1000,0.10,900,2,17,0.9749,0.80,linear,26,372.00,0.368060
3727,1000,0.10,900,2,17,1.0353,0.80,linear,27,339.00,0.221666
3728,1000,0.10,900,2,17,0.9813,0.80,linear,28,370.00,0.186244
3729,1000,0.10,900,2,17,1.0324,0.80,linear,29,342.00,0.482408
3730,1000,0.10,900,2,17,1.0287,0.80,linear,30,358.00,0.319603
3731,1000,0.10,900,2,17,1.0731,0.80,linear,31,354.00,0.462488
3732,1000,0.10,900,2,17,1.0381,0.80,linear,32,375.00,0.532976
3733,1000,0.10,900,2,17,0.9745,0.80,linear,33,343.00,0.470907
3734,1000,0.10,900,2,17,0.9993,0.80,linear,34,353.00,0.374869
3735,1000,0.10,900,2,17,1.0335,0.80,linear,35,383.00,0.212587
3736,1000,0.10,900,2,17,1.0782,0.80,linear,36,368.00,0.316671
3737,1000,0.10,900,2,17,1.0539,0.80,linear,37,355.00,0.456777
3738,1000,0.10,900,2,17,1.0102,0.80,linear,38,358.00,0.235393
3739,1000,0.10,900,2,17,1.0535,0.80,linear,39,383.00,0.430992
3740,1000,0.10,900,2,17,0.9928,0.80,linear,40,373.00,0.271061
3741,1000,0.10,900,2,17,1.0325,0.80,linear,41,353.00,0.406772
3742,1000,0.10,900,2,17,1.0334,0.80,linear,42,323.00,0.343168
3743,1000,0.10,900,2,17,0.9997,0.80,linear,43,384.00,0.245082
3744,1000,0.10,900,2,17,1.0573,0.80,linear,44,349.00,0.288892
3745,1000,0.10,900,2,17,1.0509,0.80,linear,45,360.00,0.315088
3746,1000,0.10,900,2,17,1.0320,0.80,linear,46,337.00,0.385439
3747,1000,0.10,900,2,17,1.0068,0.80,linear,47,366.00,0.429315
3748,1000,0.10,900,2,17,1.0410,0.80,linear,48,373.00,0.449729
3749,1000,0.10,900,2,17,1.0378,0.80,linear,49,381.00,0.097132
3750,1000,0.10,900,2,17,1.0981,0.80,linear,50,381.00,0.346233
3751,1000,0.10,900,2,17,1.0301,0.80,linear,51,354.00,0.399551
3752,1000,0.10,900,2,17,1.0128,0.80,linear,52,359.00,0.540424
3753,1000,0.10,900,2,17,1.0097,0.80,linear,53,386.00,0.373200
3754,1000,0.10,900,2,17,1.0393,0.80,linear,54,364.00,0.199589
3755,1000,0.10,900,2,17,1.0335,0.80,linear,55,366.00,0.404910
3756,1000,0.10,900,2,17,1.0070,0.80,linear,56,339.00,0.316340
3757,1000,0.10,900,2,17,1.0125,0.80,linear,57,382.00,0.648062
3758,1000,0.10,900,2,17,1.0109,0.80,linear,58,379.00,0.628501
3759,1000,0.10,900,2,17,1.0385,0.80,linear,59,366.00,0.319002
3760,1000,0.10,900,2,17,1.0588,0.80,linear,60,364.00,0.377921
3761,1000,0.10,900,2,17,1.0191,0.80,linear,61,378.00,0.628538
3762,1000,0.10,900,2,17,1.0250,0.80,linear,62,365.00,0.678545
3763,1000,0.10,900,2,17,1.0548,0.80,linear,63,342.00,0.484614
3764,1000,0.10,900,2,17,1.0315,0.80,linear,64,357.00,0.555072
3765,1000,0.10,900,2,17,0.9801,0.80,linear,65,348.00,0.497651
3766,1000,0.10,900,2,17,1.0537,0.80,linear,66,352.00,0.418096
3767,1000,0.10,900,2,17,1.0133,0.80,linear,67,351.00,0.274527
3768,1000,0.10,900,2,17,1.0107,0.80,linear,68,340.00,0.553116
3769,1000,0.10,900,2,17,1.0464,0.80,linear,69,394.00,0.239400
3770,1000,0.10,900,2,17,1.0423,0.80,linear,70,354.00,0.288135
3771,1000,0.10,900,2,17,1.0420,0.80,linear,71,340.00,0.448842
3772,1000,0.10,900,2,17,0.9796,0.80,linear,72,378.00,0.578857
3773,1000,0.10,900,2,17,0.9613,0.80,linear,73,349.00,0.398049
3774,1000,0.10,900,2,17,1.0675,0.80,linear,74,341.00,0.321046
3775,1000,0.10,900,2,17,1.0429,0.80,linear,75,360.00,0.483738
3776,1000,0.10,900,2,17,0.9990,0.80,linear,76,352.00,0.313174
3777,1000,0.10,900,2,17,1.0316,0.80,linear,77,372.00,0.554916
3778,1000,0.10,900,2,17,1.0556,0.80,linear,78,336.00,0.532369
3779,1000,0.10,900,2,17,1.0454,0.80,linear,79,372.00,0.657383
3780,1000,0.10,900,2,17,0.9927,0.80,linear,80,346.00,0.462166
3781,1000,0.10,900,2,17,0.9610,0.80,linear,81,368.00,0.292514
3782,1000,0.10,900,2,17,1.0421,0.80,linear,82,379.00,0.368592
3783,1000,0.10,900,2,17,1.0620,0.80,linear,83,357.00,0.373150
3784,1000,0.10,900,2,17,0.9961,0.80,linear,84,346.00,0.364868
3785,1000,0.10,900,2,17,1.0385,0.80,linear,85,364.00,0.344834
3786,1000,0.10,900,2,17,1.0644,0.80,linear,86,370.00,0.400162
3787,1000,0.10,900,2,17,1.0449,0.80,linear,87,343.00,0.224052
3788,1000,0.10,900,2,17,0.9487,0.80,linear,88,360.00,0.484591
3789,1000,0.10,900,2,17,1.0462,0.80,linear,89,360.00,0.271380
3790,1000,0.10,900,2,17,1.0418,0.80,linear,90,375.00,0.671962
3791,1000,0.10,900,2,17,1.0135,0.80,linear,91,368.00,0.234991
3792,1000,0.10,900,2,17,1.0104,0.80,linear,92,368.00,0.572783
3793,1000,0.10,900,2,17,1.0065,0.80,linear,93,364.00,0.410912
3794,1000,0.10,900,2,17,1.0185,0.80,linear,94,345.00,0.423011
3795,1000,0.10,900,2,17,0.9831,0.80,linear,95,371.00,0.670897
3796,1000,0.10,900,2,17,0.9965,0.80,linear,96,383.00,0.425501
3797,1000,0.10,900,2,17,1.0060,0.80,linear,97,349.00,0.711205
3798,1000,0.10,900,2,17,1.0350,0.80,linear,98,359.00,0.409149
3799,1000,0.10,900,2,17,1.0089,0.80,linear,99,356.00,0.461824
3800,1000,0.10,900,2,17,0.9952,0.85,linear,0,356.00,0.463066
3801,1000,0.10,900,2,17,1.0437,0.85,linear,1,366.00,0.219728
3802,1000,0.10,900,2,17,1.0024,0.85,linear,2,349.00,0.501672
3803,1000,0.10,900,2,17,1.0090,0.85,linear,3,373.00,0.357648
3804,1000,0.10,900,2,17,0.9996,0.85,linear,4,348.00,0.403202
3805,1000,0.10,900,2,17,1.0087,0.85,linear,5,391.00,0.397484
3806,1000,0.10,900,2,17,1.0188,0.85,linear,6,377.00,0.541342
3807,1000,0.10,900,2,17,1.0199,0.85,linear,7,362.00,0.468601
3808,1000,0.10,900,2,17,1.0426,0.85,linear,8,378.00,0.584486
3809,1000,0.10,900,2,17,0.9966,0.85,linear,9,350.00,0.469159
3810,1000,0.10,900,2,17,1.0584,0.85,linear,10,354.00,0.310337
3811,1000,0.10,900,2,17,1.0114,0.85,linear,11,361.00,0.489482
3812,1000,0.10,900,2,17,1.0072,0.85,linear,12,360.00,0.695045
3813,1000,0.10,900,2,17,1.0569,0.85,linear,13,352.00,0.525121
3814,1000,0.10,900,2,17,1.0193,0.85,linear,14,368.00,0.469028
3815,1000,0.10,900,2,17,1.1017,0.85,linear,15,373.00,0.638639
3816,1000,0.10,900,2,17,1.0523,0.85,linear,16,347.00,0.574360
3817,1000,0.10,900,2,17,1.0299,0.85,linear,17,345.00,0.471823
3818,1000,0.10,900,2,17,1.0418,0.85,linear,18,371.00,0.674557
3819,1000,0.10,900,2,17,1.0346,0.85,linear,19,348.00,0.559443
3820,1000,0.10,900,2,17,1.0418,0.85,linear,20,353.00,0.720382
3821,1000,0.10,900,2,17,1.0660,0.85,linear,21,360.00,0.633917
3822,1000,0.10,900,2,17,1.0303,0.85,linear,22,328.00,0.405729
3823,1000,0.10,900,2,17,0.9986,0.85,linear,23,328.00,0.339745
3824,1000,0.10,900,2,17,1.0305,0.85,linear,24,367.00,0.583327
3825,1000,0.10,900,2,17,1.0114,0.85,linear,25,339.00,0.316729
3826,1000,0.10,900,2,17,0.9920,0.85,linear,26,349.00,0.400893
3827,1000,0.10,900,2,17,1.0499,0.85,linear,27,352.00,0.642722
3828,1000,0.10,900,2,17,1.0514,0.85,linear,28,378.00,0.148929
3829,1000,0.10,900,2,17,1.0148,0.85,linear,29,350.00,0.208033
3830,1000,0.10,900,2,17,1.0479,0.85,linear,30,375.00,0.407595
3831,1000,0.10,900,2,17,1.0262,0.85,linear,31,362.00,0.524105
3832,1000,0.10,900,2,17,1.0032,0.85,linear,32,353.00,0.324065
3833,1000,0.10,900,2,17,0.9786,0.85,linear,33,359.00,0.230435
3834,1000,0.10,900,2,17,1.0564,0.85,linear,34,363.00,0.478498
3835,1000,0.10,900,2,17,1.0374,0.85,linear,35,340.00,0.325485
3836,1000,0.10,900,2,17,1.0003,0.85,linear,36,346.00,0.425132
3837,1000,0.10,900,2,17,1.0215,0.85,linear,37,352.00,0.438115
3838,1000,0.10,900,2,17,0.9963,0.85,linear,38,361.00,0.432014
3839,1000,0.10,900,2,17,1.0746,0.85,linear,39,365.00,0.335055
3840,1000,0.10,900,2,17,1.0390,0.85,linear,40,356.00,0.403708
3841,1000,0.10,900,2,17,1.0294,0.85,linear,41,359.00,0.389407
3842,1000,0.10,900,2,17,1.0103,0.85,linear,42,375.00,0.475989
3843,1000,0.10,900,2,17,1.0391,0.85,linear,43,362.00,0.583879
3844,1000,0.10,900,2,17,1.0423,0.85,linear,44,384.00,0.603779
3845,1000,0.10,900,2,17,0.9984,0.85,linear,45,335.00,0.372219
3846,1000,0.10,900,2,17,1.0527,0.85,linear,46,357.00,0.343616
3847,1000,0.10,900,2,17,1.0353,0.85,linear,47,357.00,0.548342
3848,1000,0.10,900,2,17,1.0389,0.85,linear,48,371.00,0.618647
3849,1000,0.10,900,2,17,0.9719,0.85,linear,49,380.00,0.448232
3850,1000,0.10,900,2,17,0.9904,0.85,linear,50,355.00,0.381145
3851,1000,0.10,900,2,17,1.0153,0.85,linear,51,372.00,0.666971
3852,1000,0.10,900,2,17,1.0120,0.85,linear,52,366.00,0.415049
3853,1000,0.10,900,2,17,1.0486,0.85,linear,53,360.00,0.499813
3854,1000,0.10,900,2,17,1.0788,0.85,linear,54,356.00,0.770130
3855,1000,0.10,900,2,17,0.9755,0.85,linear,55,377.00,0.274076
3856,1000,0.10,900,2,17,1.0149,0.85,linear,56,368.00,0.356198
3857,1000,0.10,900,2,17,0.9995,0.85,linear,57,357.00,0.563794
3858,1000,0.10,900,2,17,1.0540,0.85,linear,58,385.00,0.519697
3859,1000,0.10,900,2,17,1.0419,0.85,linear,59,345.00,0.531411
3860,1000,0.10,900,2,17,1.0863,0.85,linear,60,349.00,0.514767
3861,1000,0.10,900,2,17,1.0150,0.85,linear,61,350.00,0.365194
3862,1000,0.10,900,2,17,1.0264,0.85,linear,62,371.00,0.606321
3863,1000,0.10,900,2,17,1.0428,0.85,linear,63,396.00,0.422173
3864,1000,0.10,900,2,17,1.0698,0.85,linear,64,335.00,0.366669
3865,1000,0.10,900,2,17,1.0008,0.85,linear,65,352.00,0.287384
3866,1000,0.10,900,2,17,1.0422,0.85,linear,66,363.00,0.266137
3867,1000,0.10,900,2,17,1.0840,0.85,linear,67,370.00,0.554252
3868,1000,0.10,900,2,17,1.0249,0.85,linear,68,358.00,0.294823
3869,1000,0.10,900,2,17,1.0149,0.85,linear,69,342.00,0.237084
3870,1000,0.10,900,2,17,1.0321,0.85,linear,70,353.00,0.187142
3871,1000,0.10,900,2,17,1.0285,0.85,linear,71,386.00,0.593268
3872,1000,0.10,900,2,17,1.0261,0.85,linear,72,345.00,0.478745
3873,1000,0.10,900,2,17,1.0283,0.85,linear,73,365.00,0.301994
3874,1000,0.10,900,2,17,1.0038,0.85,linear,74,360.00,0.685804
3875,1000,0.10,900,2,17,1.0018,0.85,linear,75,388.00,0.347411
3876,1000,0.10,900,2,17,1.0103,0.85,linear,76,376.00,0.490739
3877,1000,0.10,900,2,17,1.0531,0.85,linear,77,375.00,0.675748
3878,1000,0.10,900,2,17,1.0133,0.85,linear,78,376.00,0.240155
3879,1000,0.10,900,2,17,1.0520,0.85,linear,79,393.00,0.386283
3880,1000,0.10,900,2,17,1.0410,0.85,linear,80,354.00,0.432317
3881,1000,0.10,900,2,17,1.0681,0.85,linear,81,373.00,1.068762
3882,1000,0.10,900,2,17,1.0359,0.85,linear,82,364.00,0.827069
3883,1000,0.10,900,2,17,1.0391,0.85,linear,83,389.00,0.271485
3884,1000,0.10,900,2,17,0.9836,0.85,linear,84,366.00,0.414752
3885,1000,0.10,900,2,17,1.0145,0.85,linear,85,346.00,0.355433
3886,1000,0.10,900,2,17,0.9996,0.85,linear,86,374.00,0.525831
3887,1000,0.10,900,2,17,1.0009,0.85,linear,87,362.00,0.492841
3888,1000,0.10,900,2,17,1.0456,0.85,linear,88,350.00,0.494588
3889,1000,0.10,900,2,17,1.0113,0.85,linear,89,383.00,0.196835
3890,1000,0.10,900,2,17,1.0357,0.85,linear,90,347.00,0.527163
3891,1000,0.10,900,2,17,0.9902,0.85,linear,91,371.00,0.333647
3892,1000,0.10,900,2,17,1.0320,0.85,linear,92,376.00,0.253138
3893,1000,0.10,900,2,17,1.0242,0.85,linear,93,396.00,0.515912
3894,1000,0.10,900,2,17,1.0292,0.85,linear,94,376.00,0.326797
3895,1000,0.10,900,2,17,1.0300,0.85,linear,95,364.00,0.620404
3896,1000,0.10,900,2,17,1.0457,0.85,linear,96,338.00,0.279434
3897,1000,0.10,900,2,17,1.0192,0.85,linear,97,360.00,0.551686
3898,1000,0.10,900,2,17,0.9762,0.85,linear,98,347.00,0.496582
3899,1000,0.10,900,2,17,0.9910,0.85,linear,99,355.00,0.441551
3900,1000,0.10,900,2,17,1.0619,0.90,linear,0,371.00,0.365860
3901,1000,0.10,900,2,17,0.9981,0.90,linear,1,357.00,0.563896
3902,1000,0.10,900,2,17,1.0224,0.90,linear,2,359.00,0.287958
3903,1000,0.10,900,2,17,0.9796,0.90,linear,3,385.00,0.372176
3904,1000,0.10,900,2,17,1.0301,0.90,linear,4,371.00,0.173319
3905,1000,0.10,900,2,17,1.0109,0.90,linear,5,391.00,0.501693
3906,1000,0.10,900,2,17,1.0566,0.90,linear,6,350.00,0.461761
3907,1000,0.10,900,2,17,0.9770,0.90,linear,7,383.00,0.773072
3908,1000,0.10,900,2,17,0.9981,0.90,linear,8,370.00,0.298173
3909,1000,0.10,900,2,17,1.0269,0.90,linear,9,377.00,0.233516
3910,1000,0.10,900,2,17,1.0455,0.90,linear,10,365.00,0.710654
3911,1000,0.10,900,2,17,1.0278,0.90,linear,11,336.00,0.524547
3912,1000,0.10,900,2,17,1.0282,0.90,linear,12,372.00,0.673485
3913,1000,0.10,900,2,17,1.0009,0.90,linear,13,351.00,0.650361
3914,1000,0.10,900,2,17,0.9713,0.90,linear,14,358.00,0.646686
3915,1000,0.10,900,2,17,1.0430,0.90,linear,15,368.00,0.639947
3916,1000,0.10,900,2,17,1.0030,0.90,linear,16,371.00,0.538476
3917,1000,0.10,900,2,17,1.0014,0.90,linear,17,347.00,0.498002
3918,1000,0.10,900,2,17,1.0028,0.90,linear,18,348.00,0.284760
3919,1000,0.10,900,2,17,1.0023,0.90,linear,19,362.00,0.384117
3920,1000,0.10,900,2,17,1.0531,0.90,linear,20,356.00,0.510028
3921,1000,0.10,900,2,17,1.0418,0.90,linear,21,355.00,0.290679
3922,1000,0.10,900,2,17,1.0045,0.90,linear,22,366.00,0.488684
3923,1000,0.10,900,2,17,0.9915,0.90,linear,23,374.00,0.407479
3924,1000,0.10,900,2,17,0.9547,0.90,linear,24,365.00,0.329369
3925,1000,0.10,900,2,17,0.9977,0.90,linear,25,341.00,0.333422
3926,1000,0.10,900,2,17,1.0142,0.90,linear,26,345.00,0.540585
3927,1000,0.10,900,2,17,1.0392,0.90,linear,27,386.00,0.658085
3928,1000,0.10,900,2,17,0.9936,0.90,linear,28,348.00,0.585467
3929,1000,0.10,900,2,17,0.9765,0.90,linear,29,374.00,0.557022
3930,1000,0.10,900,2,17,0.9977,0.90,linear,30,311.00,0.460693
3931,1000,0.10,900,2,17,1.0024,0.90,linear,31,375.00,0.609641
3932,1000,0.10,900,2,17,1.0260,0.90,linear,32,355.00,0.547686
3933,1000,0.10,900,2,17,1.0062,0.90,linear,33,379.00,0.506637
3934,1000,0.10,900,2,17,1.0529,0.90,linear,34,336.00,0.374116
3935,1000,0.10,900,2,17,1.0024,0.90,linear,35,328.00,0.509093
3936,1000,0.10,900,2,17,0.9630,0.90,linear,36,377.00,0.876178
3937,1000,0.10,900,2,17,1.0185,0.90,linear,37,379.00,0.371061
3938,1000,0.10,900,2,17,1.0000,0.90,linear,38,366.00,0.460167
3939,1000,0.10,900,2,17,1.0349,0.90,linear,39,349.00,0.569027
3940,1000,0.10,900,2,17,1.0123,0.90,linear,40,355.00,0.627917
3941,1000,0.10,900,2,17,1.0292,0.90,linear,41,368.00,0.465047
3942,1000,0.10,900,2,17,1.0107,0.90,linear,42,363.00,0.478121
3943,1000,0.10,900,2,17,1.0303,0.90,linear,43,343.00,0.227082
3944,1000,0.10,900,2,17,1.0032,0.90,linear,44,350.00,0.487795
3945,1000,0.10,900,2,17,0.9914,0.90,linear,45,368.00,0.280331
3946,1000,0.10,900,2,17,1.0398,0.90,linear,46,367.00,0.407346
3947,1000,0.10,900,2,17,1.0160,0.90,linear,47,356.00,0.495068
3948,1000,0.10,900,2,17,1.0092,0.90,linear,48,365.00,0.683721
3949,1000,0.10,900,2,17,1.0496,0.90,linear,49,363.00,0.343961
3950,1000,0.10,900,2,17,1.0635,0.90,linear,50,354.00,0.412478
3951,1000,0.10,900,2,17,1.0007,0.90,linear,51,343.00,0.750577
3952,1000,0.10,900,2,17,0.9996,0.90,linear,52,357.00,0.632372
3953,1000,0.10,900,2,17,1.0269,0.90,linear,53,354.00,0.613863
3954,1000,0.10,900,2,17,1.0018,0.90,linear,54,364.00,0.429724
3955,1000,0.10,900,2,17,0.9756,0.90,linear,55,358.00,0.518253
3956,1000,0.10,900,2,17,0.9948,0.90,linear,56,326.00,0.424640
3957,1000,0.10,900,2,17,0.9813,0.90,linear,57,377.00,0.350096
3958,1000,0.10,900,2,17,1.0077,0.90,linear,58,412.00,0.338780
3959,1000,0.10,900,2,17,1.0655,0.90,linear,59,358.00,0.651394
3960,1000,0.10,900,2,17,0.9978,0.90,linear,60,340.00,0.292101
3961,1000,0.10,900,2,17,1.0114,0.90,linear,61,362.00,0.490916
3962,1000,0.10,900,2,17,0.9591,0.90,linear,62,375.00,0.399095
3963,1000,0.10,900,2,17,0.9570,0.90,linear,63,364.00,0.301768
3964,1000,0.10,900,2,17,1.0321,0.90,linear,64,367.00,0.517160
3965,1000,0.10,900,2,17,1.0269,0.90,linear,65,369.00,0.149793
3966,1000,0.10,900,2,17,1.0306,0.90,linear,66,350.00,0.494566
3967,1000,0.10,900,2,17,1.0557,0.90,linear,67,367.00,0.348934
3968,1000,0.10,900,2,17,1.0290,0.90,linear,68,335.00,0.669067
3969,1000,0.10,900,2,17,0.9844,0.90,linear,69,384.00,0.256594
3970,1000,0.10,900,2,17,1.0152,0.90,linear,70,390.00,0.363221
3971,1000,0.10,900,2,17,0.9846,0.90,linear,71,335.00,0.518084
3972,1000,0.10,900,2,17,1.0146,0.90,linear,72,363.00,0.390267
3973,1000,0.10,900,2,17,1.0025,0.90,linear,73,362.00,0.620274
3974,1000,0.10,900,2,17,0.9733,0.90,linear,74,349.00,0.145594
3975,1000,0.10,900,2,17,1.0218,0.90,linear,75,402.00,0.796105
3976,1000,0.10,900,2,17,1.0401,0.90,linear,76,333.00,0.923737
3977,1000,0.10,900,2,17,1.0338,0.90,linear,77,339.00,0.656527
3978,1000,0.10,900,2,17,0.9523,0.90,linear,78,366.00,0.356986
3979,1000,0.10,900,2,17,1.0394,0.90,linear,79,352.00,0.614231
3980,1000,0.10,900,2,17,0.9940,0.90,linear,80,345.00,0.390013
3981,1000,0.10,900,2,17,1.0002,0.90,linear,81,337.00,0.323487
3982,1000,0.10,900,2,17,1.0416,0.90,linear,82,364.00,0.654056
3983,1000,0.10,900,2,17,1.0196,0.90,linear,83,376.00,0.468375
3984,1000,0.10,900,2,17,1.0013,0.90,linear,84,357.00,0.354169
3985,1000,0.10,900,2,17,1.0072,0.90,linear,85,336.00,0.451178
3986,1000,0.10,900,2,17,1.0031,0.90,linear,86,381.00,0.333781
3987,1000,0.10,900,2,17,1.0307,0.90,linear,87,376.00,0.439119
3988,1000,0.10,900,2,17,1.0202,0.90,linear,88,322.00,0.600883
3989,1000,0.10,900,2,17,1.0219,0.90,linear,89,360.00,0.717637
3990,1000,0.10,900,2,17,1.0104,0.90,linear,90,345.00,0.430593
3991,1000,0.10,900,2,17,0.9957,0.90,linear,91,358.00,0.543971
3992,1000,0.10,900,2,17,0.9911,0.90,linear,92,356.00,0.307558
3993,1000,0.10,900,2,17,1.0257,0.90,linear,93,345.00,0.470468
3994,1000,0.10,900,2,17,1.0104,0.90,linear,94,366.00,0.511759
3995,1000,0.10,900,2,17,0.9743,0.90,linear,95,357.00,0.641820
3996,1000,0.10,900,2,17,0.9897,0.90,linear,96,352.00,0.355985
3997,1000,0.10,900,2,17,1.0091,0.90,linear,97,364.00,0.413135
3998,1000,0.10,900,2,17,0.9874,0.90,linear,98,379.00,0.582981
3999,1000,0.10,900,2,17,1.0053,0.90,linear,99,350.00,0.379863
4000,1000,0.10,900,2,17,1.0060,0.95,linear,0,352.00,0.495887
4001,1000,0.10,900,2,17,0.9944,0.95,linear,1,356.00,0.555820
4002,1000,0.10,900,2,17,1.0098,0.95,linear,2,380.00,0.515495
4003,1000,0.10,900,2,17,1.0204,0.95,linear,3,370.00,0.537718
4004,1000,0.10,900,2,17,0.9979,0.95,linear,4,362.00,0.407537
4005,1000,0.10,900,2,17,0.9713,0.95,linear,5,362.00,0.647587
4006,1000,0.10,900,2,17,1.0069,0.95,linear,6,354.00,0.798411
4007,1000,0.10,900,2,17,1.0223,0.95,linear,7,346.00,0.361405
4008,1000,0.10,900,2,17,1.0405,0.95,linear,8,369.00,0.440299
4009,1000,0.10,900,2,17,0.9886,0.95,linear,9,366.00,0.505628
4010,1000,0.10,900,2,17,0.9937,0.95,linear,10,355.00,0.439098
4011,1000,0.10,900,2,17,0.9783,0.95,linear,11,368.00,0.324291
4012,1000,0.10,900,2,17,0.9938,0.95,linear,12,367.00,0.684108
4013,1000,0.10,900,2,17,1.0009,0.95,linear,13,354.00,0.427000
4014,1000,0.10,900,2,17,1.0325,0.95,linear,14,338.00,0.360422
4015,1000,0.10,900,2,17,0.9698,0.95,linear,15,348.00,0.617505
4016,1000,0.10,900,2,17,1.0116,0.95,linear,16,354.00,0.475981
4017,1000,0.10,900,2,17,1.0054,0.95,linear,17,368.00,0.580572
4018,1000,0.10,900,2,17,0.9939,0.95,linear,18,354.00,0.573386
4019,1000,0.10,900,2,17,1.0447,0.95,linear,19,348.00,0.410468
4020,1000,0.10,900,2,17,0.9760,0.95,linear,20,324.00,0.634414
4021,1000,0.10,900,2,17,1.0238,0.95,linear,21,355.00,0.255061
4022,1000,0.10,900,2,17,0.9425,0.95,linear,22,365.00,0.586496
4023,1000,0.10,900,2,17,1.0156,0.95,linear,23,384.00,0.628679
4024,1000,0.10,900,2,17,1.0028,0.95,linear,24,359.00,0.528467
4025,1000,0.10,900,2,17,1.0157,0.95,linear,25,358.00,0.636040
4026,1000,0.10,900,2,17,1.0031,0.95,linear,26,362.00,0.541446
4027,1000,0.10,900,2,17,0.9939,0.95,linear,27,360.00,0.328348
4028,1000,0.10,900,2,17,1.0439,0.95,linear,28,355.00,0.518239
4029,1000,0.10,900,2,17,1.0258,0.95,linear,29,340.00,0.549201
4030,1000,0.10,900,2,17,1.0172,0.95,linear,30,365.00,0.463416
4031,1000,0.10,900,2,17,0.9868,0.95,linear,31,385.00,0.285090
4032,1000,0.10,900,2,17,1.0199,0.95,linear,32,360.00,0.307517
4033,1000,0.10,900,2,17,0.9975,0.95,linear,33,378.00,0.556162
4034,1000,0.10,900,2,17,0.9855,0.95,linear,34,371.00,0.326686
4035,1000,0.10,900,2,17,1.0479,0.95,linear,35,376.00,0.571577
4036,1000,0.10,900,2,17,1.0155,0.95,linear,36,359.00,0.677952
4037,1000,0.10,900,2,17,1.0088,0.95,linear,37,364.00,0.440058
4038,1000,0.10,900,2,17,1.0372,0.95,linear,38,368.00,0.407380
4039,1000,0.10,900,2,17,1.0195,0.95,linear,39,351.00,0.753898
4040,1000,0.10,900,2,17,1.0462,0.95,linear,40,355.00,0.428527
4041,1000,0.10,900,2,17,1.0190,0.95,linear,41,366.00,0.440661
4042,1000,0.10,900,2,17,1.0112,0.95,linear,42,366.00,0.506327
4043,1000,0.10,900,2,17,1.0166,0.95,linear,43,349.00,0.569801
4044,1000,0.10,900,2,17,0.9974,0.95,linear,44,365.00,0.411218
4045,1000,0.10,900,2,17,0.9768,0.95,linear,45,370.00,0.506731
4046,1000,0.10,900,2,17,1.0121,0.95,linear,46,347.00,0.564208
4047,1000,0.10,900,2,17,0.9843,0.95,linear,47,363.00,0.561026
4048,1000,0.10,900,2,17,0.9993,0.95,linear,48,348.00,0.299436
4049,1000,0.10,900,2,17,1.0358,0.95,linear,49,356.00,0.463282
4050,1000,0.10,900,2,17,1.0491,0.95,linear,50,354.00,0.559614
4051,1000,0.10,900,2,17,1.0100,0.95,linear,51,342.00,0.712157
4052,1000,0.10,900,2,17,1.0119,0.95,linear,52,347.00,0.493598
4053,1000,0.10,900,2,17,0.9888,0.95,linear,53,370.00,0.353795
4054,1000,0.10,900,2,17,0.9977,0.95,linear,54,359.00,0.636991
4055,1000,0.10,900,2,17,1.0349,0.95,linear,55,341.00,0.573508
4056,1000,0.10,900,2,17,0.9998,0.95,linear,56,346.00,0.477525
4057,1000,0.10,900,2,17,1.0412,0.95,linear,57,345.00,0.290059
4058,1000,0.10,900,2,17,1.0007,0.95,linear,58,356.00,0.553056
4059,1000,0.10,900,2,17,1.0091,0.95,linear,59,347.00,0.541812
4060,1000,0.10,900,2,17,1.0525,0.95,linear,60,378.00,0.492498
4061,1000,0.10,900,2,17,1.0200,0.95,linear,61,348.00,0.648088
4062,1000,0.10,900,2,17,1.0081,0.95,linear,62,333.00,0.462462
4063,1000,0.10,900,2,17,0.9967,0.95,linear,63,375.00,0.417330
4064,1000,0.10,900,2,17,0.9751,0.95,linear,64,347.00,0.457582
4065,1000,0.10,900,2,17,1.0554,0.95,linear,65,349.00,0.301540
4066,1000,0.10,900,2,17,1.0260,0.95,linear,66,347.00,0.452263
4067,1000,0.10,900,2,17,1.0477,0.95,linear,67,355.00,0.373613
4068,1000,0.10,900,2,17,1.0728,0.95,linear,68,392.00,0.473531
4069,1000,0.10,900,2,17,0.9897,0.95,linear,69,362.00,0.425464
4070,1000,0.10,900,2,17,0.9888,0.95,linear,70,354.00,0.282770
4071,1000,0.10,900,2,17,1.0044,0.95,linear,71,352.00,0.425227
4072,1000,0.10,900,2,17,1.0046,0.95,linear,72,332.00,0.427918
4073,1000,0.10,900,2,17,0.9942,0.95,linear,73,352.00,0.795389
4074,1000,0.10,900,2,17,1.0052,0.95,linear,74,374.00,0.872414
4075,1000,0.10,900,2,17,1.0530,0.95,linear,75,376.00,0.511678
4076,1000,0.10,900,2,17,1.0445,0.95,linear,76,363.00,0.397372
4077,1000,0.10,900,2,17,0.9988,0.95,linear,77,341.00,0.606266
4078,1000,0.10,900,2,17,1.0076,0.95,linear,78,367.00,0.333778
4079,1000,0.10,900,2,17,1.0248,0.95,linear,79,387.00,0.933474
4080,1000,0.10,900,2,17,0.9932,0.95,linear,80,362.00,0.458911
4081,1000,0.10,900,2,17,0.9947,0.95,linear,81,350.00,0.914965
4082,1000,0.10,900,2,17,0.9913,0.95,linear,82,344.00,0.496176
4083,1000,0.10,900,2,17,0.9614,0.95,linear,83,345.00,0.586142
4084,1000,0.10,900,2,17,1.0030,0.95,linear,84,374.00,0.482460
4085,1000,0.10,900,2,17,1.0161,0.95,linear,85,376.00,0.678159
4086,1000,0.10,900,2,17,1.0427,0.95,linear,86,350.00,0.487361
4087,1000,0.10,900,2,17,1.0078,0.95,linear,87,367.00,0.367819
4088,1000,0.10,900,2,17,1.0027,0.95,linear,88,371.00,0.570605
4089,1000,0.10,900,2,17,0.9844,0.95,linear,89,366.00,0.648258
4090,1000,0.10,900,2,17,1.0501,0.95,linear,90,358.00,0.423398
4091,1000,0.10,900,2,17,1.0452,0.95,linear,91,328.00,0.407626
4092,1000,0.10,900,2,17,1.0026,0.95,linear,92,337.00,0.627595
4093,1000,0.10,900,2,17,1.0354,0.95,linear,93,353.00,0.362604
4094,1000,0.10,900,2,17,1.0268,0.95,linear,94,345.00,0.666769
4095,1000,0.10,900,2,17,0.9687,0.95,linear,95,365.00,0.465417
4096,1000,0.10,900,2,17,1.0276,0.95,linear,96,353.00,0.567868
4097,1000,0.10,900,2,17,0.9938,0.95,linear,97,345.00,0.474620
4098,1000,0.10,900,2,17,0.9790,0.95,linear,98,341.00,0.524890
4099,1000,0.10,900,2,17,1.0429,0.95,linear,99,360.00,0.607280
4100,1000,0.10,900,2,17,1.0392,1.00,linear,0,359.00,0.509580
4101,1000,0.10,900,2,17,0.9474,1.00,linear,1,374.00,0.392407
4102,1000,0.10,900,2,17,1.0144,1.00,linear,2,342.00,0.396364
4103,1000,0.10,900,2,17,1.0107,1.00,linear,3,361.00,0.358827
4104,1000,0.10,900,2,17,1.0244,1.00,linear,4,395.00,0.867704
4105,1000,0.10,900,2,17,0.9715,1.00,linear,5,367.00,0.665861
4106,1000,0.10,900,2,17,1.0034,1.00,linear,6,352.00,0.464623
4107,1000,0.10,900,2,17,0.9491,1.00,linear,7,379.00,0.671488
4108,1000,0.10,900,2,17,1.0486,1.00,linear,8,350.00,0.548429
4109,1000,0.10,900,2,17,1.0375,1.00,linear,9,397.00,0.611450
4110,1000,0.10,900,2,17,0.9718,1.00,linear,10,332.00,0.593052
4111,1000,0.10,900,2,17,1.0095,1.00,linear,11,347.00,0.725508
4112,1000,0.10,900,2,17,0.9663,1.00,linear,12,345.00,0.440012
4113,1000,0.10,900,2,17,0.9859,1.00,linear,13,374.00,0.298179
4114,1000,0.10,900,2,17,0.9705,1.00,linear,14,344.00,0.486774
4115,1000,0.10,900,2,17,0.9932,1.00,linear,15,352.00,0.384921
4116,1000,0.10,900,2,17,1.0145,1.00,linear,16,340.00,0.204159
4117,1000,0.10,900,2,17,1.0664,1.00,linear,17,342.00,0.691029
4118,1000,0.10,900,2,17,1.0090,1.00,linear,18,354.00,0.663339
4119,1000,0.10,900,2,17,1.0163,1.00,linear,19,348.00,0.369145
4120,1000,0.10,900,2,17,0.9600,1.00,linear,20,347.00,0.465644
4121,1000,0.10,900,2,17,1.0172,1.00,linear,21,347.00,0.552227
4122,1000,0.10,900,2,17,1.0077,1.00,linear,22,355.00,0.668289
4123,1000,0.10,900,2,17,1.0065,1.00,linear,23,373.00,0.558192
4124,1000,0.10,900,2,17,1.0024,1.00,linear,24,352.00,0.596318
4125,1000,0.10,900,2,17,1.0153,1.00,linear,25,414.00,0.265180
4126,1000,0.10,900,2,17,1.0085,1.00,linear,26,386.00,0.405269
4127,1000,0.10,900,2,17,0.9919,1.00,linear,27,354.00,0.689635
4128,1000,0.10,900,2,17,0.9872,1.00,linear,28,369.00,0.493160
4129,1000,0.10,900,2,17,1.0174,1.00,linear,29,362.00,0.388402
4130,1000,0.10,900,2,17,0.9848,1.00,linear,30,366.00,0.560474
4131,1000,0.10,900,2,17,0.9646,1.00,linear,31,332.00,0.594763
4132,1000,0.10,900,2,17,0.9922,1.00,linear,32,343.00,0.631452
4133,1000,0.10,900,2,17,0.9952,1.00,linear,33,324.00,0.402600
4134,1000,0.10,900,2,17,0.9717,1.00,linear,34,365.00,0.517130
4135,1000,0.10,900,2,17,1.0335,1.00,linear,35,367.00,0.638224
4136,1000,0.10,900,2,17,0.9934,1.00,linear,36,361.00,0.611177
4137,1000,0.10,900,2,17,1.0166,1.00,linear,37,367.00,0.364565
4138,1000,0.10,900,2,17,0.9639,1.00,linear,38,356.00,0.598017
4139,1000,0.10,900,2,17,1.0396,1.00,linear,39,388.00,0.855559
4140,1000,0.10,900,2,17,0.9949,1.00,linear,40,347.00,0.382200
4141,1000,0.10,900,2,17,0.9968,1.00,linear,41,365.00,0.514010
4142,1000,0.10,900,2,17,1.0355,1.00,linear,42,386.00,0.263517
4143,1000,0.10,900,2,17,0.9972,1.00,linear,43,353.00,0.376090
4144,1000,0.10,900,2,17,0.9898,1.00,linear,44,363.00,0.541180
4145,1000,0.10,900,2,17,0.9601,1.00,linear,45,335.00,0.543397
4146,1000,0.10,900,2,17,0.9939,1.00,linear,46,387.00,0.575492
4147,1000,0.10,900,2,17,1.0063,1.00,linear,47,357.00,0.542620
4148,1000,0.10,900,2,17,1.0127,1.00,linear,48,374.00,0.233117
4149,1000,0.10,900,2,17,1.0238,1.00,linear,49,346.00,0.740256
4150,1000,0.10,900,2,17,0.9825,1.00,linear,50,362.00,0.536390
4151,1000,0.10,900,2,17,0.9855,1.00,linear,51,347.00,0.346922
4152,1000,0.10,900,2,17,0.9992,1.00,linear,52,345.00,0.450480
4153,1000,0.10,900,2,17,1.0333,1.00,linear,53,335.00,0.422129
4154,1000,0.10,900,2,17,1.0009,1.00,linear,54,376.00,0.729528
4155,1000,0.10,900,2,17,1.0346,1.00,linear,55,386.00,0.425420
4156,1000,0.10,900,2,17,0.9846,1.00,linear,56,357.00,0.559660
4157,1000,0.10,900,2,17,0.9890,1.00,linear,57,362.00,0.497147
4158,1000,0.10,900,2,17,0.9759,1.00,linear,58,373.00,0.763310
4159,1000,0.10,900,2,17,0.9575,1.00,linear,59,348.00,0.299737
4160,1000,0.10,900,2,17,0.9961,1.00,linear,60,351.00,0.651567
4161,1000,0.10,900,2,17,0.9751,1.00,linear,61,357.00,0.491056
4162,1000,0.10,900,2,17,1.0341,1.00,linear,62,354.00,0.493238
4163,1000,0.10,900,2,17,1.0296,1.00,linear,63,368.00,0.539933
4164,1000,0.10,900,2,17,0.9973,1.00,linear,64,369.00,0.743751
4165,1000,0.10,900,2,17,1.0467,1.00,linear,65,337.00,0.659558
4166,1000,0.10,900,2,17,1.0150,1.00,linear,66,354.00,0.696457
4167,1000,0.10,900,2,17,0.9668,1.00,linear,67,367.00,0.472719
4168,1000,0.10,900,2,17,0.9800,1.00,linear,68,377.00,0.795256
4169,1000,0.10,900,2,17,1.0233,1.00,linear,69,360.00,0.453629
4170,1000,0.10,900,2,17,1.0225,1.00,linear,70,337.00,0.583900
4171,1000,0.10,900,2,17,1.0087,1.00,linear,71,381.00,0.307943
4172,1000,0.10,900,2,17,0.9964,1.00,linear,72,351.00,0.546109
4173,1000,0.10,900,2,17,0.9739,1.00,linear,73,365.00,0.512743
4174,1000,0.10,900,2,17,1.0298,1.00,linear,74,363.00,0.248156
4175,1000,0.10,900,2,17,1.0137,1.00,linear,75,370.00,0.489535
4176,1000,0.10,900,2,17,0.9472,1.00,linear,76,358.00,0.665432
4177,1000,0.10,900,2,17,1.0126,1.00,linear,77,375.00,0.730711
4178,1000,0.10,900,2,17,0.9821,1.00,linear,78,338.00,0.380290
4179,1000,0.10,900,2,17,1.0159,1.00,linear,79,377.00,0.588047
4180,1000,0.10,900,2,17,0.9681,1.00,linear,80,357.00,0.690358
4181,1000,0.10,900,2,17,0.9990,1.00,linear,81,371.00,0.622024
4182,1000,0.10,900,2,17,0.9832,1.00,linear,82,354.00,0.317125
4183,1000,0.10,900,2,17,1.0170,1.00,linear,83,370.00,0.439684
4184,1000,0.10,900,2,17,0.9772,1.00,linear,84,367.00,0.573631
4185,1000,0.10,900,2,17,0.9998,1.00,linear,85,346.00,0.403537
4186,1000,0.10,900,2,17,1.0129,1.00,linear,86,352.00,0.561979
4187,1000,0.10,900,2,17,0.9847,1.00,linear,87,356.00,0.537420
4188,1000,0.10,900,2,17,0.9897,1.00,linear,88,369.00,0.486965
4189,1000,0.10,900,2,17,1.0070,1.00,linear,89,355.00,0.450885
4190,1000,0.10,900,2,17,1.0031,1.00,linear,90,354.00,0.695575
4191,1000,0.10,900,2,17,0.9887,1.00,linear,91,352.00,0.306007
4192,1000,0.10,900,2,17,0.9753,1.00,linear,92,360.00,0.632753
4193,1000,0.10,900,2,17,1.0526,1.00,linear,93,339.00,0.471703
4194,1000,0.10,900,2,17,0.9899,1.00,linear,94,353.00,0.356331
4195,1000,0.10,900,2,17,1.0548,1.00,linear,95,360.00,0.657226
4196,1000,0.10,900,2,17,1.0068,1.00,linear,96,360.00,0.527427
4197,1000,0.10,900,2,17,0.9908,1.00,linear,97,376.00,0.399989
4198,1000,0.10,900,2,17,1.0222,1.00,linear,98,375.00,0.306964
4199,1000,0.10,900,2,17,1.0016,1.00,linear,99,370.00,0.604851
4200,1000,0.10,900,2,17,0.9908,0.00,periodic,0,394.00,0.131070
4201,1000,0.10,900,2,17,1.0001,0.00,periodic,1,350.00,0.054593
4202,1000,0.10,900,2,17,0.9649,0.00,periodic,2,361.00,0.038335
4203,1000,0.10,900,2,17,0.9892,0.00,periodic,3,340.00,0.033397
4204,1000,0.10,900,2,17,0.9993,0.00,periodic,4,338.00,0.098171
4205,1000,0.10,900,2,17,0.9915,0.00,periodic,5,347.00,0.056645
4206,1000,0.10,900,2,17,0.9912,0.00,periodic,6,391.00,0.050342
4207,1000,0.10,900,2,17,1.0071,0.00,periodic,7,335.00,0.092888
4208,1000,0.10,900,2,17,0.9974,0.00,periodic,8,351.00,0.325390
4209,1000,0.10,900,2,17,0.9785,0.00,periodic,9,331.00,0.108501
4210,1000,0.10,900,2,17,0.9783,0.00,periodic,10,361.00,0.376651
4211,1000,0.10,900,2,17,0.9711,0.00,periodic,11,351.00,0.179242
4212,1000,0.10,900,2,17,1.0057,0.00,periodic,12,333.00,0.014033
4213,1000,0.10,900,2,17,1.0244,0.00,periodic,13,362.00,0.123668
4214,1000,0.10,900,2,17,1.0004,0.00,periodic,14,368.00,0.155192
4215,1000,0.10,900,2,17,1.0255,0.00,periodic,15,379.00,0.230686
4216,1000,0.10,900,2,17,1.0095,0.00,periodic,16,342.00,0.063428
4217,1000,0.10,900,2,17,0.9891,0.00,periodic,17,375.00,0.069152
4218,1000,0.10,900,2,17,0.9979,0.00,periodic,18,362.00,0.205856
4219,1000,0.10,900,2,17,1.0051,0.00,periodic,19,326.00,0.133132
4220,1000,0.10,900,2,17,1.0019,0.00,periodic,20,380.00,0.065109
4221,1000,0.10,900,2,17,0.9986,0.00,periodic,21,330.00,0.291841
4222,1000,0.10,900,2,17,0.9815,0.00,periodic,22,352.00,0.124270
4223,1000,0.10,900,2,17,1.0057,0.00,periodic,23,348.00,0.061596
4224,1000,0.10,900,2,17,1.0152,0.00,periodic,24,376.00,0.063268
4225,1000,0.10,900,2,17,1.0138,0.00,periodic,25,337.00,0.020241
4226,1000,0.10,900,2,17,0.9955,0.00,periodic,26,370.00,0.229895
4227,1000,0.10,900,2,17,1.0100,0.00,periodic,27,350.00,0.048552
4228,1000,0.10,900,2,17,1.0141,0.00,periodic,28,332.00,0.059003
4229,1000,0.10,900,2,17,0.9766,0.00,periodic,29,383.00,0.281066
4230,1000,0.10,900,2,17,0.9904,0.00,periodic,30,346.00,0.125432
4231,1000,0.10,900,2,17,1.0020,0.00,periodic,31,344.00,0.115675
4232,1000,0.10,900,2,17,1.0196,0.00,periodic,32,364.00,0.170617
4233,1000,0.10,900,2,17,1.0150,0.00,periodic,33,350.00,0.067800
4234,1000,0.10,900,2,17,1.0037,0.00,periodic,34,394.00,0.131871
4235,1000,0.10,900,2,17,1.0155,0.00,periodic,35,396.00,0.064654
4236,1000,0.10,900,2,17,1.0232,0.00,periodic,36,334.00,0.211375
4237,1000,0.10,900,2,17,1.0149,0.00,periodic,37,382.00,0.085520
4238,1000,0.10,900,2,17,0.9906,0.00,periodic,38,361.00,0.133661
4239,1000,0.10,900,2,17,0.9918,0.00,periodic,39,339.00,0.084338
4240,1000,0.10,900,2,17,1.0248,0.00,periodic,40,349.00,0.061606
4241,1000,0.10,900,2,17,1.0037,0.00,periodic,41,313.00,0.193190
4242,1000,0.10,900,2,17,1.0174,0.00,periodic,42,342.00,0.160828
4243,1000,0.10,900,2,17,1.0088,0.00,periodic,43,341.00,0.102121
4244,1000,0.10,900,2,17,1.0304,0.00,periodic,44,345.00,0.170478
4245,1000,0.10,900,2,17,1.0202,0.00,periodic,45,366.00,0.185408
4246,1000,0.10,900,2,17,1.0137,0.00,periodic,46,372.00,0.488835
4247,1000,0.10,900,2,17,1.0209,0.00,periodic,47,355.00,0.065418
4248,1000,0.10,900,2,17,0.9589,0.00,periodic,48,352.00,0.046823
4249,1000,0.10,900,2,17,1.0107,0.00,periodic,49,344.00,0.154776
4250,1000,0.10,900,2,17,0.9888,0.00,periodic,50,341.00,0.152222
4251,1000,0.10,900,2,17,1.0254,0.00,periodic,51,372.00,0.046730
4252,1000,0.10,900,2,17,1.0189,0.00,periodic,52,387.00,0.270049
4253,1000,0.10,900,2,17,0.9908,0.00,periodic,53,345.00,0.144983
4254,1000,0.10,900,2,17,1.0304,0.00,periodic,54,379.00,0.218951
4255,1000,0.10,900,2,17,1.0341,0.00,periodic,55,390.00,0.055893
4256,1000,0.10,900,2,17,1.0043,0.00,periodic,56,356.00,0.240119
4257,1000,0.10,900,2,17,0.9679,0.00,periodic,57,388.00,0.084069
4258,1000,0.10,900,2,17,0.9993,0.00,periodic,58,402.00,0.543800
4259,1000,0.10,900,2,17,0.9836,0.00,periodic,59,384.00,0.184630
4260,1000,0.10,900,2,17,0.9943,0.00,periodic,60,335.00,0.226546
4261,1000,0.10,900,2,17,1.0617,0.00,periodic,61,344.00,0.213809
4262,1000,0.10,900,2,17,1.0044,0.00,periodic,62,362.00,0.258665
4263,1000,0.10,900,2,17,0.9972,0.00,periodic,63,363.00,0.374505
4264,1000,0.10,900,2,17,0.9968,0.00,periodic,64,354.00,0.040181
4265,1000,0.10,900,2,17,1.0197,0.00,periodic,65,345.00,0.250155
4266,1000,0.10,900,2,17,0.9929,0.00,periodic,66,368.00,0.075609
4267,1000,0.10,900,2,17,0.9879,0.00,periodic,67,374.00,0.064696
4268,1000,0.10,900,2,17,0.9973,0.00,periodic,68,361.00,0.176919
4269,1000,0.10,900,2,17,1.0048,0.00,periodic,69,340.00,0.095086
4270,1000,0.10,900,2,17,0.9734,0.00,periodic,70,390.00,0.067935
4271,1000,0.10,900,2,17,1.0100,0.00,periodic,71,331.00,0.033355
4272,1000,0.10,900,2,17,0.9619,0.00,periodic,72,338.00,0.060397
4273,1000,0.10,900,2,17,1.0014,0.00,periodic,73,378.00,0.141489
4274,1000,0.10,900,2,17,1.0214,0.00,periodic,74,366.00,0.310209
4275,1000,0.10,900,2,17,0.9583,0.00,periodic,75,369.00,0.210896
4276,1000,0.10,900,2,17,0.9767,0.00,periodic,76,353.00,0.090848
4277,1000,0.10,900,2,17,0.9612,0.00,periodic,77,362.00,0.161754
4278,1000,0.10,900,2,17,0.9768,0.00,periodic,78,364.00,0.055200
4279,1000,0.10,900,2,17,0.9965,0.00,periodic,79,348.00,0.082724
4280,1000,0.10,900,2,17,0.9783,0.00,periodic,80,371.00,0.035285
4281,1000,0.10,900,2,17,0.9806,0.00,periodic,81,329.00,0.142795
4282,1000,0.10,900,2,17,0.9964,0.00,periodic,82,371.00,0.130834
4283,1000,0.10,900,2,17,1.0218,0.00,periodic,83,356.00,0.065887
4284,1000,0.10,900,2,17,1.0006,0.00,periodic,84,350.00,0.116427
4285,1000,0.10,900,2,17,1.0211,0.00,periodic,85,372.00,0.037857
4286,1000,0.10,900,2,17,0.9882,0.00,periodic,86,357.00,0.177242
4287,1000,0.10,900,2,17,0.9512,0.00,periodic,87,362.00,0.084739
4288,1000,0.10,900,2,17,1.0060,0.00,periodic,88,352.00,0.115051
4289,1000,0.10,900,2,17,0.9993,0.00,periodic,89,323.00,0.258272
4290,1000,0.10,900,2,17,1.0151,0.00,periodic,90,370.00,0.265292
4291,1000,0.10,900,2,17,1.0468,0.00,periodic,91,358.00,0.041799
4292,1000,0.10,900,2,17,0.9792,0.00,periodic,92,349.00,0.005651
4293,1000,0.10,900,2,17,1.0116,0.00,periodic,93,358.00,0.058893
4294,1000,0.10,900,2,17,1.0090,0.00,periodic,94,330.00,0.091876
4295,1000,0.10,900,2,17,1.0024,0.00,periodic,95,354.00,0.198685
4296,1000,0.10,900,2,17,0.9875,0.00,periodic,96,362.00,0.009806
4297,1000,0.10,900,2,17,1.0156,0.00,periodic,97,371.00,0.042041
4298,1000,0.10,900,2,17,0.9828,0.00,periodic,98,348.00,0.219194
4299,1000,0.10,900,2,17,0.9642,0.00,periodic,99,360.00,0.138926
4300,1000,0.10,900,2,17,1.0761,0.05,periodic,0,378.00,0.058633
4301,1000,0.10,900,2,17,1.0372,0.05,periodic,1,355.00,0.076317
4302,1000,0.10,900,2,17,1.0499,0.05,periodic,2,321.00,0.164790
4303,1000,0.10,900,2,17,1.0260,0.05,periodic,3,350.00,0.334297
4304,1000,0.10,900,2,17,1.0413,0.05,periodic,4,346.00,0.267675
4305,1000,0.10,900,2,17,1.0695,0.05,periodic,5,343.00,0.121292
4306,1000,0.10,900,2,17,1.0380,0.05,periodic,6,364.00,0.245235
4307,1000,0.10,900,2,17,1.0398,0.05,periodic,7,369.00,0.126493
4308,1000,0.10,900,2,17,0.9992,0.05,periodic,8,374.00,0.200488
4309,1000,0.10,900,2,17,1.0381,0.05,periodic,9,349.00,0.162966
4310,1000,0.10,900,2,17,1.0552,0.05,periodic,10,394.00,0.249784
4311,1000,0.10,900,2,17,1.0664,0.05,periodic,11,348.00,0.053165
4312,1000,0.10,900,2,17,1.0689,0.05,periodic,12,331.00,0.246754
4313,1000,0.10,900,2,17,1.0671,0.05,periodic,13,387.00,0.095255
4314,1000,0.10,900,2,17,1.0378,0.05,periodic,14,313.00,0.043560
4315,1000,0.10,900,2,17,1.0061,0.05,periodic,15,341.00,0.282335
4316,1000,0.10,900,2,17,1.0511,0.05,periodic,16,362.00,0.111677
4317,1000,0.10,900,2,17,1.0390,0.05,periodic,17,357.00,0.246022
4318,1000,0.10,900,2,17,1.0317,0.05,periodic,18,339.00,0.073186
4319,1000,0.10,900,2,17,1.0429,0.05,periodic,19,352.00,0.117099
4320,1000,0.10,900,2,17,1.0289,0.05,periodic,20,349.00,0.076578
4321,1000,0.10,900,2,17,1.0362,0.05,periodic,21,361.00,0.082123
4322,1000,0.10,900,2,17,1.0882,0.05,periodic,22,353.00,0.040756
4323,1000,0.10,900,2,17,1.0452,0.05,periodic,23,340.00,0.064521
4324,1000,0.10,900,2,17,1.0123,0.05,periodic,24,358.00,0.128588
4325,1000,0.10,900,2,17,1.1105,0.05,periodic,25,362.00,0.059976
4326,1000,0.10,900,2,17,1.0283,0.05,periodic,26,386.00,0.199838
4327,1000,0.10,900,2,17,1.0471,0.05,periodic,27,343.00,0.216196
4328,1000,0.10,900,2,17,1.0610,0.05,periodic,28,344.00,0.183716
4329,1000,0.10,900,2,17,1.0591,0.05,periodic,29,369.00,0.065903
4330,1000,0.10,900,2,17,0.9853,0.05,periodic,30,376.00,0.013550
4331,1000,0.10,900,2,17,1.0895,0.05,periodic,31,360.00,0.149050
4332,1000,0.10,900,2,17,1.0895,0.05,periodic,32,358.00,0.177805
4333,1000,0.10,900,2,17,1.0683,0.05,periodic,33,317.00,0.107911
4334,1000,0.10,900,2,17,1.1100,0.05,periodic,34,323.00,0.110884
4335,1000,0.10,900,2,17,1.0425,0.05,periodic,35,390.00,0.595890
4336,1000,0.10,900,2,17,1.0382,0.05,periodic,36,338.00,0.012067
4337,1000,0.10,900,2,17,1.0458,0.05,periodic,37,363.00,0.337074
4338,1000,0.10,900,2,17,1.0781,0.05,periodic,38,366.00,0.083005
4339,1000,0.10,900,2,17,1.0407,0.05,periodic,39,353.00,0.168140
4340,1000,0.10,900,2,17,1.0834,0.05,periodic,40,382.00,0.072272
4341,1000,0.10,900,2,17,1.0433,0.05,periodic,41,372.00,0.252294
4342,1000,0.10,900,2,17,1.0875,0.05,periodic,42,325.00,0.217997
4343,1000,0.10,900,2,17,1.0846,0.05,periodic,43,358.00,0.112179
4344,1000,0.10,900,2,17,1.0621,0.05,periodic,44,342.00,0.103831
4345,1000,0.10,900,2,17,1.0171,0.05,periodic,45,326.00,0.084836
4346,1000,0.10,900,2,17,1.0423,0.05,periodic,46,341.00,0.277960
4347,1000,0.10,900,2,17,1.0700,0.05,periodic,47,375.00,0.023481
4348,1000,0.10,900,2,17,1.0723,0.05,periodic,48,336.00,0.328581
4349,1000,0.10,900,2,17,1.0187,0.05,periodic,49,365.00,0.143882
4350,1000,0.10,900,2,17,0.9930,0.05,periodic,50,358.00,0.176680
4351,1000,0.10,900,2,17,1.0955,0.05,periodic,51,338.00,0.153788
4352,1000,0.10,900,2,17,1.0695,0.05,periodic,52,360.00,0.191323
4353,1000,0.10,900,2,17,1.0145,0.05,periodic,53,331.00,0.074993
4354,1000,0.10,900,2,17,1.0375,0.05,periodic,54,360.00,0.222264
4355,1000,0.10,900,2,17,1.0718,0.05,periodic,55,347.00,0.157186
4356,1000,0.10,900,2,17,1.0757,0.05,periodic,56,394.00,0.083214
4357,1000,0.10,900,2,17,1.0477,0.05,periodic,57,375.00,0.064338
4358,1000,0.10,900,2,17,1.0530,0.05,periodic,58,371.00,0.128424
4359,1000,0.10,900,2,17,1.0602,0.05,periodic,59,365.00,0.059810
4360,1000,0.10,900,2,17,1.0758,0.05,periodic,60,330.00,0.304928
4361,1000,0.10,900,2,17,1.0865,0.05,periodic,61,376.00,0.054500
4362,1000,0.10,900,2,17,0.9956,0.05,periodic,62,374.00,0.548676
4363,1000,0.10,900,2,17,1.0964,0.05,periodic,63,361.00,0.158031
4364,1000,0.10,900,2,17,1.0840,0.05,periodic,64,364.00,0.126665
4365,1000,0.10,900,2,17,1.0730,0.05,periodic,65,363.00,0.183844
4366,1000,0.10,900,2,17,1.0806,0.05,periodic,66,346.00,0.070710
4367,1000,0.10,900,2,17,1.0836,0.05,periodic,67,353.00,0.068282
4368,1000,0.10,900,2,17,1.0924,0.05,periodic,68,341.00,0.053486
4369,1000,0.10,900,2,17,1.0623,0.05,periodic,69,364.00,0.438947
4370,1000,0.10,900,2,17,1.0909,0.05,periodic,70,340.00,0.072327
4371,1000,0.10,900,2,17,1.0393,0.05,periodic,71,369.00,0.089400
4372,1000,0.10,900,2,17,1.0319,0.05,periodic,72,385.00,0.114670
4373,1000,0.10,900,2,17,1.0374,0.05,periodic,73,356.00,0.208804
4374,1000,0.10,900,2,17,1.0595,0.05,periodic,74,343.00,0.010798
4375,1000,0.10,900,2,17,1.0423,0.05,periodic,75,341.00,0.158982
4376,1000,0.10,900,2,17,1.0817,0.05,periodic,76,375.00,0.072942
4377,1000,0.10,900,2,17,1.0956,0.05,periodic,77,363.00,0.253776
4378,1000,0.10,900,2,17,1.0631,0.05,periodic,78,414.00,0.199305
4379,1000,0.10,900,2,17,1.0208,0.05,periodic,79,372.00,0.044287
4380,1000,0.10,900,2,17,0.9968,0.05,periodic,80,353.00,0.184083
4381,1000,0.10,900,2,17,1.0685,0.05,periodic,81,352.00,0.235296
4382,1000,0.10,900,2,17,1.0541,0.05,periodic,82,354.00,0.099387
4383,1000,0.10,900,2,17,1.0101,0.05,periodic,83,389.00,0.055768
4384,1000,0.10,900,2,17,1.0580,0.05,periodic,84,329.00,0.076829
4385,1000,0.10,900,2,17,1.0565,0.05,periodic,85,337.00,0.083096
4386,1000,0.10,900,2,17,1.0756,0.05,periodic,86,389.00,0.376690
4387,1000,0.10,900,2,17,1.1192,0.05,periodic,87,364.00,0.020952
4388,1000,0.10,900,2,17,0.9783,0.05,periodic,88,366.00,0.358292
4389,1000,0.10,900,2,17,1.0489,0.05,periodic,89,352.00,0.141354
4390,1000,0.10,900,2,17,1.0544,0.05,periodic,90,349.00,0.095372
4391,1000,0.10,900,2,17,1.0858,0.05,periodic,91,357.00,0.123137
4392,1000,0.10,900,2,17,1.0346,0.05,periodic,92,379.00,0.025559
4393,1000,0.10,900,2,17,1.0244,0.05,periodic,93,364.00,0.208947
4394,1000,0.10,900,2,17,1.0260,0.05,periodic,94,345.00,0.050551
4395,1000,0.10,900,2,17,1.0727,0.05,periodic,95,347.00,0.039556
4396,1000,0.10,900,2,17,1.0630,0.05,periodic,96,379.00,0.365049
4397,1000,0.10,900,2,17,1.0339,0.05,periodic,97,356.00,0.228245
4398,1000,0.10,900,2,17,1.0674,0.05,periodic,98,371.00,0.301467
4399,1000,0.10,900,2,17,1.0323,0.05,periodic,99,347.00,0.138063
4400,1000,0.10,900,2,17,1.0716,0.10,periodic,0,361.00,0.232984
4401,1000,0.10,900,2,17,1.1102,0.10,periodic,1,343.00,0.119526
4402,1000,0.10,900,2,17,1.1250,0.10,periodic,2,353.00,0.339547
4403,1000,0.10,900,2,17,1.1026,0.10,periodic,3,354.00,0.203377
4404,1000,0.10,900,2,17,1.0636,0.10,periodic,4,340.00,0.039568
4405,1000,0.10,900,2,17,1.1226,0.10,periodic,5,348.00,0.185426
4406,1000,0.10,900,2,17,1.0598,0.10,periodic,6,364.00,0.511852
4407,1000,0.10,900,2,17,1.1449,0.10,periodic,7,328.00,0.182848
4408,1000,0.10,900,2,17,1.0813,0.10,periodic,8,333.00,0.260586
4409,1000,0.10,900,2,17,1.0868,0.10,periodic,9,348.00,0.038961
4410,1000,0.10,900,2,17,1.0496,0.10,periodic,10,360.00,0.074341
4411,1000,0.10,900,2,17,1.0697,0.10,periodic,11,351.00,0.025632
4412,1000,0.10,900,2,17,1.1503,0.10,periodic,12,333.00,0.258052
4413,1000,0.10,900,2,17,1.0691,0.10,periodic,13,340.00,0.164013
4414,1000,0.10,900,2,17,1.0839,0.10,periodic,14,369.00,0.185768
4415,1000,0.10,900,2,17,1.0794,0.10,periodic,15,373.00,0.219569
4416,1000,0.10,900,2,17,1.0875,0.10,periodic,16,346.00,0.290254
4417,1000,0.10,900,2,17,1.1082,0.10,periodic,17,356.00,0.056715
4418,1000,0.10,900,2,17,1.1165,0.10,periodic,18,355.00,0.224284
4419,1000,0.10,900,2,17,1.1342,0.10,periodic,19,343.00,0.179945
4420,1000,0.10,900,2,17,1.0688,0.10,periodic,20,345.00,0.025218
4421,1000,0.10,900,2,17,1.0840,0.10,periodic,21,344.00,0.230982
4422,1000,0.10,900,2,17,1.0464,0.10,periodic,22,381.00,0.802800
4423,1000,0.10,900,2,17,1.0706,0.10,periodic,23,366.00,0.155617
4424,1000,0.10,900,2,17,1.0787,0.10,periodic,24,369.00,0.233020
4425,1000,0.10,900,2,17,1.1246,0.10,periodic,25,347.00,0.128298
4426,1000,0.10,900,2,17,1.0812,0.10,periodic,26,351.00,0.245651
4427,1000,0.10,900,2,17,1.1097,0.10,periodic,27,341.00,0.127735
4428,1000,0.10,900,2,17,1.1213,0.10,periodic,28,363.00,0.183824
4429,1000,0.10,900,2,17,1.0476,0.10,periodic,29,340.00,0.203939
4430,1000,0.10,900,2,17,1.1475,0.10,periodic,30,369.00,0.145696
4431,1000,0.10,900,2,17,1.1140,0.10,periodic,31,359.00,0.173021
4432,1000,0.10,900,2,17,1.0902,0.10,periodic,32,346.00,0.292874
4433,1000,0.10,900,2,17,1.0940,0.10,periodic,33,378.00,0.422018
4434,1000,0.10,900,2,17,1.0958,0.10,periodic,34,345.00,0.273803
4435,1000,0.10,900,2,17,1.1067,0.10,periodic,35,374.00,0.117991
4436,1000,0.10,900,2,17,1.1089,0.10,periodic,36,357.00,0.102583
4437,1000,0.10,900,2,17,1.1597,0.10,periodic,37,332.00,0.167454
4438,1000,0.10,900,2,17,1.0750,0.10,periodic,38,342.00,0.260366
4439,1000,0.10,900,2,17,1.1180,0.10,periodic,39,332.00,0.152731
4440,1000,0.10,900,2,17,1.0752,0.10,periodic,40,399.00,0.441625
4441,1000,0.10,900,2,17,1.1330,0.10,periodic,41,367.00,0.309500
4442,1000,0.10,900,2,17,1.0770,0.10,periodic,42,345.00,0.067678
4443,1000,0.10,900,2,17,1.0736,0.10,periodic,43,373.00,0.725875
4444,1000,0.10,900,2,17,1.0664,0.10,periodic,44,365.00,0.145835
4445,1000,0.10,900,2,17,1.1226,0.10,periodic,45,338.00,0.287010
4446,1000,0.10,900,2,17,1.1169,0.10,periodic,46,370.00,0.792946
4447,1000,0.10,900,2,17,1.1503,0.10,periodic,47,380.00,0.167402
4448,1000,0.10,900,2,17,1.0863,0.10,periodic,48,382.00,0.292998
4449,1000,0.10,900,2,17,1.1035,0.10,periodic,49,354.00,0.212516
4450,1000,0.10,900,2,17,1.0672,0.10,periodic,50,354.00,0.086895
4451,1000,0.10,900,2,17,1.0939,0.10,periodic,51,376.00,0.197102
4452,1000,0.10,900,2,17,1.1414,0.10,periodic,52,370.00,0.063664
4453,1000,0.10,900,2,17,1.1104,0.10,periodic,53,341.00,0.224338
4454,1000,0.10,900,2,17,1.1354,0.10,periodic,54,342.00,0.094274
4455,1000,0.10,900,2,17,1.0835,0.10,periodic,55,369.00,0.223187
4456,1000,0.10,900,2,17,1.0430,0.10,periodic,56,361.00,0.254570
4457,1000,0.10,900,2,17,1.1115,0.10,periodic,57,348.00,0.158720
4458,1000,0.10,900,2,17,1.0882,0.10,periodic,58,379.00,0.266066
4459,1000,0.10,900,2,17,1.0828,0.10,periodic,59,356.00,0.476430
4460,1000,0.10,900,2,17,1.0350,0.10,periodic,60,345.00,0.560833
4461,1000,0.10,900,2,17,1.0486,0.10,periodic,61,373.00,0.084516
4462,1000,0.10,900,2,17,1.1332,0.10,periodic,62,344.00,0.253492
4463,1000,0.10,900,2,17,1.1478,0.10,periodic,63,343.00,0.223395
4464,1000,0.10,900,2,17,1.0914,0.10,periodic,64,363.00,0.289800
4465,1000,0.10,900,2,17,1.0695,0.10,periodic,65,346.00,0.181991
4466,1000,0.10,900,2,17,1.0770,0.10,periodic,66,350.00,0.210223
4467,1000,0.10,900,2,17,1.0963,0.10,periodic,67,363.00,0.214525
4468,1000,0.10,900,2,17,1.0944,0.10,periodic,68,373.00,0.182125
4469,1000,0.10,900,2,17,1.0707,0.10,periodic,69,364.00,0.251280
4470,1000,0.10,900,2,17,1.0957,0.10,periodic,70,361.00,0.281152
4471,1000,0.10,900,2,17,1.1154,0.10,periodic,71,357.00,0.104659
4472,1000,0.10,900,2,17,1.1160,0.10,periodic,72,352.00,0.120473
4473,1000,0.10,900,2,17,1.1572,0.10,periodic,73,329.00,0.294611
4474,1000,0.10,900,2,17,1.1034,0.10,periodic,74,359.00,0.184030
4475,1000,0.10,900,2,17,1.1107,0.10,periodic,75,343.00,0.320526
4476,1000,0.10,900,2,17,1.1026,0.10,periodic,76,360.00,0.429918
4477,1000,0.10,900,2,17,1.1133,0.10,periodic,77,366.00,0.281353
4478,1000,0.10,900,2,17,1.1190,0.10,periodic,78,358.00,0.099465
4479,1000,0.10,900,2,17,1.0633,0.10,periodic,79,328.00,0.093497
4480,1000,0.10,900,2,17,1.0283,0.10,periodic,80,328.00,0.319366
4481,1000,0.10,900,2,17,1.0818,0.10,periodic,81,347.00,0.017521
4482,1000,0.10,900,2,17,1.0789,0.10,periodic,82,363.00,0.178788
4483,1000,0.10,900,2,17,1.0899,0.10,periodic,83,383.00,0.112597
4484,1000,0.10,900,2,17,1.0622,0.10,periodic,84,358.00,0.040133
4485,1000,0.10,900,2,17,1.1074,0.10,periodic,85,371.00,0.140654
4486,1000,0.10,900,2,17,1.1122,0.10,periodic,86,368.00,0.258247
4487,1000,0.10,900,2,17,1.1394,0.10,periodic,87,363.00,0.081671
4488,1000,0.10,900,2,17,1.1010,0.10,periodic,88,352.00,0.392813
4489,1000,0.10,900,2,17,1.0654,0.10,periodic,89,389.00,0.107539
4490,1000,0.10,900,2,17,1.0902,0.10,periodic,90,367.00,0.163047
4491,1000,0.10,900,2,17,1.1049,0.10,periodic,91,344.00,0.117224
4492,1000,0.10,900,2,17,1.0880,0.10,periodic,92,360.00,0.191800
4493,1000,0.10,900,2,17,1.0751,0.10,periodic,93,378.00,0.048853
4494,1000,0.10,900,2,17,1.0614,0.10,periodic,94,348.00,0.250824
4495,1000,0.10,900,2,17,1.0980,0.10,periodic,95,371.00,0.272191
4496,1000,0.10,900,2,17,1.0649,0.10,periodic,96,357.00,0.153214
4497,1000,0.10,900,2,17,1.1000,0.10,periodic,97,377.00,0.043468
4498,1000,0.10,900,2,17,1.1114,0.10,periodic,98,359.00,0.240118
4499,1000,0.10,900,2,17,1.0675,0.10,periodic,99,350.00,0.326606
4500,1000,0.10,900,2,17,1.1120,0.15,periodic,0,357.00,0.590465
4501,1000,0.10,900,2,17,1.1333,0.15,periodic,1,367.00,0.378310
4502,1000,0.10,900,2,17,1.1212,0.15,periodic,2,335.00,0.168213
4503,1000,0.10,900,2,17,1.1574,0.15,periodic,3,353.00,0.239678
4504,1000,0.10,900,2,17,1.1022,0.15,periodic,4,392.00,0.097795
4505,1000,0.10,900,2,17,1.1278,0.15,periodic,5,378.00,0.049023
4506,1000,0.10,900,2,17,1.1843,0.15,periodic,6,372.00,0.325420
4507,1000,0.10,900,2,17,1.1467,0.15,periodic,7,331.00,0.378102
4508,1000,0.10,900,2,17,1.1390,0.15,periodic,8,372.00,0.176302
4509,1000,0.10,900,2,17,1.1173,0.15,periodic,9,397.00,0.216092
4510,1000,0.10,900,2,17,1.1273,0.15,periodic,10,361.00,0.545059
4511,1000,0.10,900,2,17,1.1966,0.15,periodic,11,339.00,0.369571
4512,1000,0.10,900,2,17,1.1314,0.15,periodic,12,357.00,0.328284
4513,1000,0.10,900,2,17,1.1462,0.15,periodic,13,378.00,0.247687
4514,1000,0.10,900,2,17,1.1848,0.15,periodic,14,341.00,0.494666
4515,1000,0.10,900,2,17,1.1372,0.15,periodic,15,342.00,0.284050
4516,1000,0.10,900,2,17,1.1288,0.15,periodic,16,332.00,0.117325
4517,1000,0.10,900,2,17,1.1427,0.15,periodic,17,348.00,0.062957
4518,1000,0.10,900,2,17,1.1752,0.15,periodic,18,367.00,0.274282
4519,1000,0.10,900,2,17,1.1188,0.15,periodic,19,367.00,0.265050
4520,1000,0.10,900,2,17,1.1121,0.15,periodic,20,344.00,0.462559
4521,1000,0.10,900,2,17,1.1098,0.15,periodic,21,346.00,0.382039
4522,1000,0.10,900,2,17,1.1339,0.15,periodic,22,326.00,0.181590
4523,1000,0.10,900,2,17,1.1604,0.15,periodic,23,350.00,0.313607
4524,1000,0.10,900,2,17,1.1303,0.15,periodic,24,378.00,0.045086
4525,1000,0.10,900,2,17,1.1514,0.15,periodic,25,327.00,0.392575
4526,1000,0.10,900,2,17,1.1221,0.15,periodic,26,379.00,0.028827
4527,1000,0.10,900,2,17,1.0747,0.15,periodic,27,344.00,0.270848
4528,1000,0.10,900,2,17,1.1178,0.15,periodic,28,347.00,0.234298
4529,1000,0.10,900,2,17,1.1711,0.15,periodic,29,356.00,0.007889
4530,1000,0.10,900,2,17,1.1482,0.15,periodic,30,336.00,0.017865
4531,1000,0.10,900,2,17,1.1460,0.15,periodic,31,378.00,0.263868
4532,1000,0.10,900,2,17,1.1057,0.15,periodic,32,351.00,0.119985
4533,1000,0.10,900,2,17,1.1424,0.15,periodic,33,334.00,0.301843
4534,1000,0.10,900,2,17,1.1312,0.15,periodic,34,369.00,0.138604
4535,1000,0.10,900,2,17,1.0769,0.15,periodic,35,356.00,0.185604
4536,1000,0.10,900,2,17,1.1480,0.15,periodic,36,379.00,0.647949
4537,1000,0.10,900,2,17,1.1554,0.15,periodic,37,338.00,0.820579
4538,1000,0.10,900,2,17,1.1286,0.15,periodic,38,356.00,0.117807
4539,1000,0.10,900,2,17,1.1211,0.15,periodic,39,362.00,0.384996
4540,1000,0.10,900,2,17,1.1167,0.15,periodic,40,354.00,0.028593
4541,1000,0.10,900,2,17,1.1353,0.15,periodic,41,340.00,0.029765
4542,1000,0.10,900,2,17,1.0994,0.15,periodic,42,366.00,0.320468
4543,1000,0.10,900,2,17,1.1246,0.15,periodic,43,355.00,0.337490
4544,1000,0.10,900,2,17,1.1570,0.15,periodic,44,353.00,0.610861
4545,1000,0.10,900,2,17,1.1963,0.15,periodic,45,358.00,0.230175
4546,1000,0.10,900,2,17,1.1831,0.15,periodic,46,348.00,0.233937
4547,1000,0.10,900,2,17,1.1295,0.15,periodic,47,349.00,0.268972
4548,1000,0.10,900,2,17,1.1566,0.15,periodic,48,355.00,0.193532
4549,1000,0.10,900,2,17,1.1551,0.15,periodic,49,379.00,0.169761
4550,1000,0.10,900,2,17,1.1491,0.15,periodic,50,346.00,0.359778
4551,1000,0.10,900,2,17,1.1767,0.15,periodic,51,362.00,0.198337
4552,1000,0.10,900,2,17,1.0945,0.15,periodic,52,348.00,0.475649
4553,1000,0.10,900,2,17,1.1132,0.15,periodic,53,388.00,0.199061
4554,1000,0.10,900,2,17,1.1312,0.15,periodic,54,333.00,0.199264
4555,1000,0.10,900,2,17,1.1682,0.15,periodic,55,345.00,0.275714
4556,1000,0.10,900,2,17,1.1553,0.15,periodic,56,352.00,0.369068
4557,1000,0.10,900,2,17,1.1438,0.15,periodic,57,343.00,0.244358
4558,1000,0.10,900,2,17,1.1384,0.15,periodic,58,335.00,0.308340
4559,1000,0.10,900,2,17,1.1202,0.15,periodic,59,360.00,0.572834
4560,1000,0.10,900,2,17,1.1990,0.15,periodic,60,367.00,0.650239
4561,1000,0.10,900,2,17,1.0818,0.15,periodic,61,381.00,0.270956
4562,1000,0.10,900,2,17,1.1307,0.15,periodic,62,367.00,0.332814
4563,1000,0.10,900,2,17,1.1645,0.15,periodic,63,361.00,0.181989
4564,1000,0.10,900,2,17,1.1341,0.15,periodic,64,366.00,0.290859
4565,1000,0.10,900,2,17,1.1386,0.15,periodic,65,355.00,0.075921
4566,1000,0.10,900,2,17,1.1400,0.15,periodic,66,353.00,0.198211
4567,1000,0.10,900,2,17,1.2057,0.15,periodic,67,364.00,0.316782
4568,1000,0.10,900,2,17,1.2103,0.15,periodic,68,358.00,0.370385
4569,1000,0.10,900,2,17,1.1061,0.15,periodic,69,344.00,0.194855
4570,1000,0.10,900,2,17,1.1165,0.15,periodic,70,360.00,0.321128
4571,1000,0.10,900,2,17,1.1157,0.15,periodic,71,365.00,0.100556
4572,1000,0.10,900,2,17,1.1505,0.15,periodic,72,358.00,0.117519
4573,1000,0.10,900,2,17,1.1172,0.15,periodic,73,338.00,0.236868
4574,1000,0.10,900,2,17,1.1318,0.15,periodic,74,335.00,0.368647
4575,1000,0.10,900,2,17,1.1622,0.15,periodic,75,367.00,0.160307
4576,1000,0.10,900,2,17,1.1391,0.15,periodic,76,370.00,0.290203
4577,1000,0.10,900,2,17,1.1719,0.15,periodic,77,372.00,0.491730
4578,1000,0.10,900,2,17,1.1799,0.15,periodic,78,378.00,0.451323
4579,1000,0.10,900,2,17,1.1524,0.15,periodic,79,369.00,0.342758
4580,1000,0.10,900,2,17,1.1644,0.15,periodic,80,350.00,0.252702
4581,1000,0.10,900,2,17,1.1290,0.15,periodic,81,360.00,0.292750
4582,1000,0.10,900,2,17,1.0966,0.15,periodic,82,374.00,0.330104
4583,1000,0.10,900,2,17,1.1704,0.15,periodic,83,357.00,0.617955
4584,1000,0.10,900,2,17,1.1332,0.15,periodic,84,363.00,0.233856
4585,1000,0.10,900,2,17,1.1735,0.15,periodic,85,366.00,0.155938
4586,1000,0.10,900,2,17,1.1500,0.15,periodic,86,357.00,0.431883
4587,1000,0.10,900,2,17,1.1643,0.15,periodic,87,326.00,0.115165
4588,1000,0.10,900,2,17,1.1557,0.15,periodic,88,377.00,0.216773
4589,1000,0.10,900,2,17,1.0985,0.15,periodic,89,350.00,0.467928
4590,1000,0.10,900,2,17,1.1686,0.15,periodic,90,357.00,0.239832
4591,1000,0.10,900,2,17,1.1749,0.15,periodic,91,358.00,0.212767
4592,1000,0.10,900,2,17,1.1690,0.15,periodic,92,350.00,0.297506
4593,1000,0.10,900,2,17,1.1534,0.15,periodic,93,332.00,0.039465
4594,1000,0.10,900,2,17,1.1159,0.15,periodic,94,372.00,0.400787
4595,1000,0.10,900,2,17,1.1110,0.15,periodic,95,379.00,0.437364
4596,1000,0.10,900,2,17,1.1136,0.15,periodic,96,378.00,0.438031
4597,1000,0.10,900,2,17,1.1281,0.15,periodic,97,343.00,0.313578
4598,1000,0.10,900,2,17,1.1326,0.15,periodic,98,377.00,0.212787
4599,1000,0.10,900,2,17,1.1473,0.15,periodic,99,360.00,0.420561
4600,1000,0.10,900,2,17,1.1809,0.20,periodic,0,360.00,0.232753
4601,1000,0.10,900,2,17,1.1507,0.20,periodic,1,336.00,0.192562
4602,1000,0.10,900,2,17,1.1884,0.20,periodic,2,364.00,0.572161
4603,1000,0.10,900,2,17,1.1723,0.20,periodic,3,357.00,0.176032
4604,1000,0.10,900,2,17,1.1931,0.20,periodic,4,349.00,0.266168
4605,1000,0.10,900,2,17,1.2026,0.20,periodic,5,367.00,0.681720
4606,1000,0.10,900,2,17,1.2315,0.20,periodic,6,344.00,0.208421
4607,1000,0.10,900,2,17,1.2014,0.20,periodic,7,354.00,0.430329
4608,1000,0.10,900,2,17,1.1707,0.20,periodic,8,322.00,0.474220
4609,1000,0.10,900,2,17,1.1473,0.20,periodic,9,376.00,0.427348
4610,1000,0.10,900,2,17,1.1202,0.20,periodic,10,374.00,0.310054
4611,1000,0.10,900,2,17,1.2085,0.20,periodic,11,386.00,0.540611
4612,1000,0.10,900,2,17,1.1326,0.20,periodic,12,358.00,0.757957
4613,1000,0.10,900,2,17,1.2272,0.20,periodic,13,365.00,0.049211
4614,1000,0.10,900,2,17,1.1960,0.20,periodic,14,361.00,0.252719
4615,1000,0.10,900,2,17,1.2119,0.20,periodic,15,356.00,0.205119
4616,1000,0.10,900,2,17,1.1965,0.20,periodic,16,355.00,0.441769
4617,1000,0.10,900,2,17,1.1311,0.20,periodic,17,382.00,0.677756
4618,1000,0.10,900,2,17,1.2024,0.20,periodic,18,352.00,0.060668
4619,1000,0.10,900,2,17,1.1245,0.20,periodic,19,358.00,0.411325
4620,1000,0.10,900,2,17,1.1919,0.20,periodic,20,374.00,0.449320
4621,1000,0.10,900,2,17,1.1705,0.20,periodic,21,367.00,0.921699
4622,1000,0.10,900,2,17,1.1918,0.20,periodic,22,349.00,0.595851
4623,1000,0.10,900,2,17,1.1834,0.20,periodic,23,369.00,0.258195
4624,1000,0.10,900,2,17,1.1692,0.20,periodic,24,370.00,0.282045
4625,1000,0.10,900,2,17,1.1640,0.20,periodic,25,374.00,0.682139
4626,1000,0.10,900,2,17,1.2069,0.20,periodic,26,336.00,0.511618
4627,1000,0.10,900,2,17,1.1696,0.20,periodic,27,382.00,0.428490
4628,1000,0.10,900,2,17,1.1570,0.20,periodic,28,361.00,0.363120
4629,1000,0.10,900,2,17,1.2176,0.20,periodic,29,368.00,0.474490
4630,1000,0.10,900,2,17,1.2349,0.20,periodic,30,347.00,0.156306
4631,1000,0.10,900,2,17,1.1533,0.20,periodic,31,368.00,0.331139
4632,1000,0.10,900,2,17,1.2165,0.20,periodic,32,367.00,0.389290
4633,1000,0.10,900,2,17,1.1850,0.20,periodic,33,370.00,0.566320
4634,1000,0.10,900,2,17,1.1582,0.20,periodic,34,387.00,0.289991
4635,1000,0.10,900,2,17,1.1870,0.20,periodic,35,372.00,0.303878
4636,1000,0.10,900,2,17,1.1324,0.20,periodic,36,319.00,0.380706
4637,1000,0.10,900,2,17,1.1595,0.20,periodic,37,365.00,0.430735
4638,1000,0.10,900,2,17,1.1850,0.20,periodic,38,341.00,0.231999
4639,1000,0.10,900,2,17,1.1639,0.20,periodic,39,404.00,0.544494
4640,1000,0.10,900,2,17,1.1652,0.20,periodic,40,366.00,0.137356
4641,1000,0.10,900,2,17,1.1890,0.20,periodic,41,359.00,0.286369
4642,1000,0.10,900,2,17,1.1763,0.20,periodic,42,351.00,0.242033
4643,1000,0.10,900,2,17,1.1177,0.20,periodic,43,355.00,0.327213
4644,1000,0.10,900,2,17,1.1610,0.20,periodic,44,344.00,0.153126
4645,1000,0.10,900,2,17,1.1663,0.20,periodic,45,352.00,0.318276
4646,1000,0.10,900,2,17,1.1955,0.20,periodic,46,399.00,0.478323
4647,1000,0.10,900,2,17,1.1900,0.20,periodic,47,348.00,0.404560
4648,1000,0.10,900,2,17,1.1889,0.20,periodic,48,327.00,0.242422
4649,1000,0.10,900,2,17,1.1478,0.20,periodic,49,372.00,0.361234
4650,1000,0.10,900,2,17,1.1706,0.20,periodic,50,378.00,0.450931
4651,1000,0.10,900,2,17,1.1052,0.20,periodic,51,366.00,0.269604
4652,1000,0.10,900,2,17,1.1852,0.20,periodic,52,361.00,0.345881
4653,1000,0.10,900,2,17,1.1731,0.20,periodic,53,385.00,0.392896
4654,1000,0.10,900,2,17,1.1858,0.20,periodic,54,347.00,0.507099
4655,1000,0.10,900,2,17,1.1808,0.20,periodic,55,341.00,0.350609
4656,1000,0.10,900,2,17,1.2096,0.20,periodic,56,354.00,0.270387
4657,1000,0.10,900,2,17,1.2024,0.20,periodic,57,343.00,0.609941
4658,1000,0.10,900,2,17,1.1973,0.20,periodic,58,343.00,0.573940
4659,1000,0.10,900,2,17,1.1685,0.20,periodic,59,353.00,0.490786
4660,1000,0.10,900,2,17,1.2461,0.20,periodic,60,370.00,0.269403
4661,1000,0.10,900,2,17,1.1587,0.20,periodic,61,350.00,0.321944
4662,1000,0.10,900,2,17,1.1880,0.20,periodic,62,338.00,0.520088
4663,1000,0.10,900,2,17,1.1346,0.20,periodic,63,365.00,0.331072
4664,1000,0.10,900,2,17,1.1492,0.20,periodic,64,363.00,0.455789
4665,1000,0.10,900,2,17,1.1584,0.20,periodic,65,329.00,0.296243
4666,1000,0.10,900,2,17,1.1989,0.20,periodic,66,355.00,0.223811
4667,1000,0.10,900,2,17,1.1723,0.20,periodic,67,353.00,0.650776
4668,1000,0.10,900,2,17,1.1873,0.20,periodic,68,357.00,0.447479
4669,1000,0.10,900,2,17,1.1492,0.20,periodic,69,387.00,0.249080
4670,1000,0.10,900,2,17,1.1687,0.20,periodic,70,341.00,0.364696
4671,1000,0.10,900,2,17,1.1839,0.20,periodic,71,344.00,0.319852
4672,1000,0.10,900,2,17,1.2019,0.20,periodic,72,357.00,0.465680
4673,1000,0.10,900,2,17,1.1372,0.20,periodic,73,337.00,0.612282
4674,1000,0.10,900,2,17,1.1402,0.20,periodic,74,373.00,0.495054
4675,1000,0.10,900,2,17,1.1694,0.20,periodic,75,365.00,0.243221
4676,1000,0.10,900,2,17,1.1632,0.20,periodic,76,337.00,0.316765
4677,1000,0.10,900,2,17,1.2379,0.20,periodic,77,392.00,0.168878
4678,1000,0.10,900,2,17,1.2103,0.20,periodic,78,396.00,0.439202
4679,1000,0.10,900,2,17,1.2356,0.20,periodic,79,362.00,0.662866
4680,1000,0.10,900,2,17,1.2217,0.20,periodic,80,364.00,0.311422
4681,1000,0.10,900,2,17,1.1648,0.20,periodic,81,364.00,0.382760
4682,1000,0.10,900,2,17,1.1489,0.20,periodic,82,353.00,0.401094
4683,1000,0.10,900,2,17,1.1650,0.20,periodic,83,343.00,0.501805
4684,1000,0.10,900,2,17,1.1531,0.20,periodic,84,361.00,0.361153
4685,1000,0.10,900,2,17,1.1706,0.20,periodic,85,361.00,0.409414
4686,1000,0.10,900,2,17,1.1150,0.20,periodic,86,350.00,0.279553
4687,1000,0.10,900,2,17,1.1977,0.20,periodic,87,354.00,0.362411
4688,1000,0.10,900,2,17,1.1912,0.20,periodic,88,375.00,0.497053
4689,1000,0.10,900,2,17,1.1653,0.20,periodic,89,353.00,0.328746
4690,1000,0.10,900,2,17,1.1517,0.20,periodic,90,327.00,0.532890
4691,1000,0.10,900,2,17,1.1897,0.20,periodic,91,360.00,0.606905
4692,1000,0.10,900,2,17,1.1920,0.20,periodic,92,351.00,0.307743
4693,1000,0.10,900,2,17,1.1845,0.20,periodic,93,357.00,0.206989
4694,1000,0.10,900,2,17,1.1880,0.20,periodic,94,342.00,0.301189
4695,1000,0.10,900,2,17,1.1503,0.20,periodic,95,344.00,0.662945
4696,1000,0.10,900,2,17,1.1841,0.20,periodic,96,382.00,0.245925
4697,1000,0.10,900,2,17,1.1766,0.20,periodic,97,332.00,0.551623
4698,1000,0.10,900,2,17,1.1498,0.20,periodic,98,343.00,0.538957
4699,1000,0.10,900,2,17,1.1565,0.20,periodic,99,364.00,0.219379
4700,1000,0.10,900,2,17,1.1897,0.25,periodic,0,347.00,0.419369
4701,1000,0.10,900,2,17,1.2174,0.25,periodic,1,337.00,0.362352
4702,1000,0.10,900,2,17,1.2200,0.25,periodic,2,355.00,0.380345
4703,1000,0.10,900,2,17,1.1716,0.25,periodic,3,351.00,0.417624
4704,1000,0.10,900,2,17,1.2293,0.25,periodic,4,343.00,0.449320
4705,1000,0.10,900,2,17,1.2283,0.25,periodic,5,349.00,0.614515
4706,1000,0.10,900,2,17,1.2069,0.25,periodic,6,375.00,0.554815
4707,1000,0.10,900,2,17,1.2192,0.25,periodic,7,380.00,0.249524
4708,1000,0.10,900,2,17,1.2096,0.25,periodic,8,368.00,0.534722
4709,1000,0.10,900,2,17,1.2084,0.25,periodic,9,348.00,0.566344
4710,1000,0.10,900,2,17,1.1471,0.25,periodic,10,383.00,0.521560
4711,1000,0.10,900,2,17,1.1962,0.25,periodic,11,353.00,0.413926
4712,1000,0.10,900,2,17,1.2034,0.25,periodic,12,362.00,0.428345
4713,1000,0.10,900,2,17,1.1767,0.25,periodic,13,368.00,0.447736
4714,1000,0.10,900,2,17,1.1847,0.25,periodic,14,363.00,0.457407
4715,1000,0.10,900,2,17,1.1578,0.25,periodic,15,348.00,0.553998
4716,1000,0.10,900,2,17,1.2146,0.25,periodic,16,391.00,0.446592
4717,1000,0.10,900,2,17,1.1665,0.25,periodic,17,369.00,0.626470
4718,1000,0.10,900,2,17,1.1990,0.25,periodic,18,351.00,0.177879
4719,1000,0.10,900,2,17,1.1799,0.25,periodic,19,366.00,0.750760
4720,1000,0.10,900,2,17,1.1902,0.25,periodic,20,372.00,0.364567
4721,1000,0.10,900,2,17,1.1815,0.25,periodic,21,361.00,0.550803
4722,1000,0.10,900,2,17,1.1723,0.25,periodic,22,389.00,0.667871
4723,1000,0.10,900,2,17,1.2783,0.25,periodic,23,364.00,0.354113
4724,1000,0.10,900,2,17,1.1749,0.25,periodic,24,335.00,0.727683
4725,1000,0.10,900,2,17,1.1453,0.25,periodic,25,337.00,0.646779
4726,1000,0.10,900,2,17,1.1615,0.25,periodic,26,361.00,0.476356
4727,1000,0.10,900,2,17,1.1828,0.25,periodic,27,357.00,0.325509
4728,1000,0.10,900,2,17,1.1979,0.25,periodic,28,387.00,0.863619
4729,1000,0.10,900,2,17,1.2128,0.25,periodic,29,350.00,0.756550
4730,1000,0.10,900,2,17,1.1719,0.25,periodic,30,358.00,0.382697
4731,1000,0.10,900,2,17,1.1737,0.25,periodic,31,377.00,0.593262
4732,1000,0.10,900,2,17,1.1562,0.25,periodic,32,363.00,0.491980
4733,1000,0.10,900,2,17,1.1480,0.25,periodic,33,380.00,0.210551
4734,1000,0.10,900,2,17,1.1730,0.25,periodic,34,336.00,0.470396
4735,1000,0.10,900,2,17,1.2508,0.25,periodic,35,349.00,0.274632
4736,1000,0.10,900,2,17,1.1757,0.25,periodic,36,377.00,0.195637
4737,1000,0.10,900,2,17,1.2302,0.25,periodic,37,371.00,0.724886
4738,1000,0.10,900,2,17,1.1712,0.25,periodic,38,362.00,0.034039
4739,1000,0.10,900,2,17,1.1776,0.25,periodic,39,353.00,0.439264
4740,1000,0.10,900,2,17,1.1669,0.25,periodic,40,367.00,0.291799
4741,1000,0.10,900,2,17,1.2002,0.25,periodic,41,372.00,0.366276
4742,1000,0.10,900,2,17,1.1689,0.25,periodic,42,350.00,0.434726
4743,1000,0.10,900,2,17,1.2422,0.25,periodic,43,361.00,0.329698
4744,1000,0.10,900,2,17,1.1791,0.25,periodic,44,351.00,0.945523
4745,1000,0.10,900,2,17,1.2232,0.25,periodic,45,343.00,0.741456
4746,1000,0.10,900,2,17,1.1607,0.25,periodic,46,362.00,0.550896
4747,1000,0.10,900,2,17,1.1588,0.25,periodic,47,347.00,0.435076
4748,1000,0.10,900,2,17,1.1983,0.25,periodic,48,373.00,0.543184
4749,1000,0.10,900,2,17,1.1527,0.25,periodic,49,339.00,0.503825
4750,1000,0.10,900,2,17,1.1445,0.25,periodic,50,374.00,0.233795
4751,1000,0.10,900,2,17,1.1853,0.25,periodic,51,376.00,0.352060
4752,1000,0.10,900,2,17,1.1935,0.25,periodic,52,326.00,0.422064
4753,1000,0.10,900,2,17,1.2026,0.25,periodic,53,376.00,0.422400
4754,1000,0.10,900,2,17,1.1565,0.25,periodic,54,372.00,0.464090
4755,1000,0.10,900,2,17,1.2027,0.25,periodic,55,386.00,0.796822
4756,1000,0.10,900,2,17,1.1932,0.25,periodic,56,327.00,0.686864
4757,1000,0.10,900,2,17,1.2144,0.25,periodic,57,366.00,0.505012
4758,1000,0.10,900,2,17,1.1414,0.25,periodic,58,359.00,0.585609
4759,1000,0.10,900,2,17,1.1947,0.25,periodic,59,373.00,0.755544
4760,1000,0.10,900,2,17,1.2533,0.25,periodic,60,370.00,0.425240
4761,1000,0.10,900,2,17,1.1726,0.25,periodic,61,393.00,0.474240
4762,1000,0.10,900,2,17,1.1710,0.25,periodic,62,361.00,0.516018
4763,1000,0.10,900,2,17,1.1448,0.25,periodic,63,361.00,0.525098
4764,1000,0.10,900,2,17,1.1822,0.25,periodic,64,375.00,0.502839
4765,1000,0.10,900,2,17,1.1921,0.25,periodic,65,349.00,0.311292
4766,1000,0.10,900,2,17,1.2172,0.25,periodic,66,372.00,0.337223
4767,1000,0.10,900,2,17,1.2339,0.25,periodic,67,357.00,0.585230
4768,1000,0.10,900,2,17,1.1907,0.25,periodic,68,385.00,0.285302
4769,1000,0.10,900,2,17,1.2325,0.25,periodic,69,351.00,0.441023
4770,1000,0.10,900,2,17,1.1871,0.25,periodic,70,375.00,0.300158
4771,1000,0.10,900,2,17,1.1525,0.25,periodic,71,356.00,0.426327
4772,1000,0.10,900,2,17,1.1677,0.25,periodic,72,372.00,0.178298
4773,1000,0.10,900,2,17,1.2067,0.25,periodic,73,361.00,0.472236
4774,1000,0.10,900,2,17,1.2067,0.25,periodic,74,356.00,0.344701
4775,1000,0.10,900,2,17,1.1573,0.25,periodic,75,349.00,0.665279
4776,1000,0.10,900,2,17,1.1957,0.25,periodic,76,369.00,0.411185
4777,1000,0.10,900,2,17,1.2309,0.25,periodic,77,341.00,0.283364
4778,1000,0.10,900,2,17,1.2249,0.25,periodic,78,342.00,0.640087
4779,1000,0.10,900,2,17,1.1617,0.25,periodic,79,362.00,0.540341
4780,1000,0.10,900,2,17,1.1984,0.25,periodic,80,357.00,0.680602
4781,1000,0.10,900,2,17,1.2023,0.25,periodic,81,377.00,0.334657
4782,1000,0.10,900,2,17,1.1468,0.25,periodic,82,353.00,0.331493
4783,1000,0.10,900,2,17,1.1972,0.25,periodic,83,375.00,0.472211
4784,1000,0.10,900,2,17,1.1938,0.25,periodic,84,349.00,0.254705
4785,1000,0.10,900,2,17,1.1642,0.25,periodic,85,348.00,0.315137
4786,1000,0.10,900,2,17,1.1956,0.25,periodic,86,371.00,0.641904
4787,1000,0.10,900,2,17,1.2157,0.25,periodic,87,364.00,0.314738
4788,1000,0.10,900,2,17,1.2060,0.25,periodic,88,361.00,0.323983
4789,1000,0.10,900,2,17,1.1996,0.25,periodic,89,371.00,0.338841
4790,1000,0.10,900,2,17,1.2078,0.25,periodic,90,356.00,0.608460
4791,1000,0.10,900,2,17,1.2092,0.25,periodic,91,381.00,0.236866
4792,1000,0.10,900,2,17,1.2306,0.25,periodic,92,351.00,0.343249
4793,1000,0.10,900,2,17,1.2543,0.25,periodic,93,320.00,0.531638
4794,1000,0.10,900,2,17,1.1891,0.25,periodic,94,376.00,0.744268
4795,1000,0.10,900,2,17,1.1947,0.25,periodic,95,343.00,0.537723
4796,1000,0.10,900,2,17,1.1417,0.25,periodic,96,353.00,0.408856
4797,1000,0.10,900,2,17,1.1818,0.25,periodic,97,354.00,0.107258
4798,1000,0.10,900,2,17,1.1959,0.25,periodic,98,335.00,0.297986
4799,1000,0.10,900,2,17,1.2425,0.25,periodic,99,340.00,0.226277
4800,1000,0.10,900,2,17,1.2374,0.30,periodic,0,374.00,0.496436
4801,1000,0.10,900,2,17,1.2185,0.30,periodic,1,349.00,0.496640
4802,1000,0.10,900,2,17,1.2070,0.30,periodic,2,369.00,0.416375
4803,1000,0.10,900,2,17,1.2086,0.30,periodic,3,342.00,0.608879
4804,1000,0.10,900,2,17,1.2575,0.30,periodic,4,357.00,0.383109
4805,1000,0.10,900,2,17,1.1964,0.30,periodic,5,365.00,0.634233
4806,1000,0.10,900,2,17,1.1178,0.30,periodic,6,356.00,0.771688
4807,1000,0.10,900,2,17,1.2094,0.30,periodic,7,365.00,0.727939
4808,1000,0.10,900,2,17,1.2470,0.30,periodic,8,349.00,0.413657
4809,1000,0.10,900,2,17,1.2353,0.30,periodic,9,369.00,0.886280
4810,1000,0.10,900,2,17,1.2232,0.30,periodic,10,366.00,0.509727
4811,1000,0.10,900,2,17,1.2441,0.30,periodic,11,338.00,0.938091
4812,1000,0.10,900,2,17,1.2416,0.30,periodic,12,329.00,0.599569
4813,1000,0.10,900,2,17,1.2151,0.30,periodic,13,369.00,0.539868
4814,1000,0.10,900,2,17,1.1981,0.30,periodic,14,370.00,0.357991
4815,1000,0.10,900,2,17,1.2260,0.30,periodic,15,351.00,0.713891
4816,1000,0.10,900,2,17,1.2247,0.30,periodic,16,312.00,0.450245
4817,1000,0.10,900,2,17,1.1943,0.30,periodic,17,368.00,0.451735
4818,1000,0.10,900,2,17,1.2685,0.30,periodic,18,352.00,0.786809
4819,1000,0.10,900,2,17,1.2344,0.30,periodic,19,374.00,0.287583
4820,1000,0.10,900,2,17,1.2104,0.30,periodic,20,359.00,0.563692
4821,1000,0.10,900,2,17,1.1962,0.30,periodic,21,376.00,0.687758
4822,1000,0.10,900,2,17,1.2559,0.30,periodic,22,339.00,0.752035
4823,1000,0.10,900,2,17,1.2553,0.30,periodic,23,382.00,0.362763
4824,1000,0.10,900,2,17,1.2654,0.30,periodic,24,336.00,0.471793
4825,1000,0.10,900,2,17,1.1927,0.30,periodic,25,390.00,1.105708
4826,1000,0.10,900,2,17,1.2446,0.30,periodic,26,346.00,0.670646
4827,1000,0.10,900,2,17,1.2052,0.30,periodic,27,355.00,0.713168
4828,1000,0.10,900,2,17,1.2223,0.30,periodic,28,389.00,0.291962
4829,1000,0.10,900,2,17,1.2627,0.30,periodic,29,342.00,0.451309
4830,1000,0.10,900,2,17,1.2276,0.30,periodic,30,376.00,0.712533
4831,1000,0.10,900,2,17,1.2104,0.30,periodic,31,335.00,0.581627
4832,1000,0.10,900,2,17,1.2394,0.30,periodic,32,350.00,0.983297
4833,1000,0.10,900,2,17,1.2204,0.30,periodic,33,349.00,0.408630
4834,1000,0.10,900,2,17,1.2326,0.30,periodic,34,338.00,0.485465
4835,1000,0.10,900,2,17,1.2350,0.30,periodic,35,342.00,0.635808
4836,1000,0.10,900,2,17,1.2027,0.30,periodic,36,371.00,0.661563
4837,1000,0.10,900,2,17,1.2403,0.30,periodic,37,364.00,0.389369
4838,1000,0.10,900,2,17,1.1707,0.30,periodic,38,365.00,0.548274
4839,1000,0.10,900,2,17,1.2581,0.30,periodic,39,364.00,0.577185
4840,1000,0.10,900,2,17,1.2360,0.30,periodic,40,353.00,0.665382
4841,1000,0.10,900,2,17,1.2254,0.30,periodic,41,342.00,0.526360
4842,1000,0.10,900,2,17,1.2308,0.30,periodic,42,347.00,0.745118
4843,1000,0.10,900,2,17,1.2175,0.30,periodic,43,343.00,0.529395
4844,1000,0.10,900,2,17,1.2576,0.30,periodic,44,346.00,0.559923
4845,1000,0.10,900,2,17,1.1493,0.30,periodic,45,359.00,0.515630
4846,1000,0.10,900,2,17,1.2632,0.30,periodic,46,356.00,0.728683
4847,1000,0.10,900,2,17,1.1882,0.30,periodic,47,351.00,0.658372
4848,1000,0.10,900,2,17,1.1891,0.30,periodic,48,357.00,0.621056
4849,1000,0.10,900,2,17,1.2127,0.30,periodic,49,320.00,0.581226
4850,1000,0.10,900,2,17,1.1996,0.30,periodic,50,333.00,0.674694
4851,1000,0.10,900,2,17,1.2152,0.30,periodic,51,368.00,0.334986
4852,1000,0.10,900,2,17,1.2350,0.30,periodic,52,347.00,0.276022
4853,1000,0.10,900,2,17,1.1909,0.30,periodic,53,374.00,0.257853
4854,1000,0.10,900,2,17,1.2252,0.30,periodic,54,359.00,0.556982
4855,1000,0.10,900,2,17,1.1644,0.30,periodic,55,360.00,0.477355
4856,1000,0.10,900,2,17,1.1900,0.30,periodic,56,370.00,0.320142
4857,1000,0.10,900,2,17,1.2255,0.30,periodic,57,359.00,0.484307
4858,1000,0.10,900,2,17,1.2220,0.30,periodic,58,353.00,0.524095
4859,1000,0.10,900,2,17,1.2176,0.30,periodic,59,380.00,0.390078
4860,1000,0.10,900,2,17,1.2151,0.30,periodic,60,389.00,1.249802
4861,1000,0.10,900,2,17,1.2222,0.30,periodic,61,362.00,0.508848
4862,1000,0.10,900,2,17,1.2353,0.30,periodic,62,317.00,0.573561
4863,1000,0.10,900,2,17,1.2037,0.30,periodic,63,355.00,0.230912
4864,1000,0.10,900,2,17,1.1941,0.30,periodic,64,361.00,0.574822
4865,1000,0.10,900,2,17,1.2096,0.30,periodic,65,362.00,0.613655
4866,1000,0.10,900,2,17,1.1652,0.30,periodic,66,368.00,0.482780
4867,1000,0.10,900,2,17,1.1693,0.30,periodic,67,372.00,0.717279
4868,1000,0.10,900,2,17,1.2045,0.30,periodic,68,351.00,0.554089
4869,1000,0.10,900,2,17,1.1987,0.30,periodic,69,378.00,0.734092
4870,1000,0.10,900,2,17,1.2897,0.30,periodic,70,340.00,0.501913
4871,1000,0.10,900,2,17,1.2372,0.30,periodic,71,370.00,0.358651
4872,1000,0.10,900,2,17,1.2414,0.30,periodic,72,385.00,0.539769
4873,1000,0.10,900,2,17,1.2328,0.30,periodic,73,344.00,0.474601
4874,1000,0.10,900,2,17,1.2130,0.30,periodic,74,341.00,0.614960
4875,1000,0.10,900,2,17,1.2623,0.30,periodic,75,379.00,0.589644
4876,1000,0.10,900,2,17,1.2245,0.30,periodic,76,334.00,0.803734
4877,1000,0.10,900,2,17,1.2030,0.30,periodic,77,354.00,0.774039
4878,1000,0.10,900,2,17,1.2634,0.30,periodic,78,344.00,0.903770
4879,1000,0.10,900,2,17,1.2475,0.30,periodic,79,394.00,0.643726
4880,1000,0.10,900,2,17,1.2345,0.30,periodic,80,381.00,0.936065
4881,1000,0.10,900,2,17,1.2493,0.30,periodic,81,374.00,0.954210
4882,1000,0.10,900,2,17,1.2129,0.30,periodic,82,384.00,0.708574
4883,1000,0.10,900,2,17,1.2305,0.30,periodic,83,368.00,0.146696
4884,1000,0.10,900,2,17,1.2562,0.30,periodic,84,367.00,0.410537
4885,1000,0.10,900,2,17,1.1848,0.30,periodic,85,341.00,0.862364
4886,1000,0.10,900,2,17,1.2177,0.30,periodic,86,371.00,0.608843
4887,1000,0.10,900,2,17,1.2341,0.30,periodic,87,369.00,0.210506
4888,1000,0.10,900,2,17,1.2477,0.30,periodic,88,362.00,0.838485
4889,1000,0.10,900,2,17,1.2147,0.30,periodic,89,370.00,0.444911
4890,1000,0.10,900,2,17,1.2298,0.30,periodic,90,370.00,0.360724
4891,1000,0.10,900,2,17,1.2600,0.30,periodic,91,347.00,0.804177
4892,1000,0.10,900,2,17,1.1983,0.30,periodic,92,359.00,0.404077
4893,1000,0.10,900,2,17,1.2588,0.30,periodic,93,354.00,0.350430
4894,1000,0.10,900,2,17,1.2553,0.30,periodic,94,357.00,0.740744
4895,1000,0.10,900,2,17,1.1875,0.30,periodic,95,360.00,0.484268
4896,1000,0.10,900,2,17,1.2001,0.30,periodic,96,363.00,0.520143
4897,1000,0.10,900,2,17,1.1851,0.30,periodic,97,360.00,0.543486
4898,1000,0.10,900,2,17,1.2247,0.30,periodic,98,346.00,0.757446
4899,1000,0.10,900,2,17,1.2595,0.30,periodic,99,360.00,0.614596
4900,1000,0.10,900,2,17,1.2432,0.35,periodic,0,392.00,0.886847
4901,1000,0.10,900,2,17,1.2292,0.35,periodic,1,342.00,0.687968
4902,1000,0.10,900,2,17,1.2112,0.35,periodic,2,363.00,0.732112
4903,1000,0.10,900,2,17,1.2214,0.35,periodic,3,394.00,1.067809
4904,1000,0.10,900,2,17,1.2650,0.35,periodic,4,362.00,0.612731
4905,1000,0.10,900,2,17,1.2873,0.35,periodic,5,366.00,1.106772
4906,1000,0.10,900,2,17,1.2505,0.35,periodic,6,366.00,0.669231
4907,1000,0.10,900,2,17,1.2205,0.35,periodic,7,369.00,0.670761
4908,1000,0.10,900,2,17,1.2517,0.35,periodic,8,360.00,0.691753
4909,1000,0.10,900,2,17,1.2145,0.35,periodic,9,321.00,0.812500
4910,1000,0.10,900,2,17,1.1705,0.35,periodic,10,358.00,0.839732
4911,1000,0.10,900,2,17,1.1942,0.35,periodic,11,342.00,0.693586
4912,1000,0.10,900,2,17,1.2337,0.35,periodic,12,344.00,0.860773
4913,1000,0.10,900,2,17,1.2653,0.35,periodic,13,396.00,0.947095
4914,1000,0.10,900,2,17,1.2504,0.35,periodic,14,334.00,0.654616
4915,1000,0.10,900,2,17,1.2754,0.35,periodic,15,375.00,0.622366
4916,1000,0.10,900,2,17,1.2667,0.35,periodic,16,359.00,0.809898
4917,1000,0.10,900,2,17,1.1843,0.35,periodic,17,348.00,0.688142
4918,1000,0.10,900,2,17,1.2537,0.35,periodic,18,342.00,0.799356
4919,1000,0.10,900,2,17,1.2259,0.35,periodic,19,383.00,0.843859
4920,1000,0.10,900,2,17,1.2916,0.35,periodic,20,336.00,0.827884
4921,1000,0.10,900,2,17,1.2436,0.35,periodic,21,388.00,0.810406
4922,1000,0.10,900,2,17,1.2349,0.35,periodic,22,357.00,0.626696
4923,1000,0.10,900,2,17,1.2234,0.35,periodic,23,356.00,0.590320
4924,1000,0.10,900,2,17,1.2326,0.35,periodic,24,341.00,0.480668
4925,1000,0.10,900,2,17,1.2542,0.35,periodic,25,397.00,0.546963
4926,1000,0.10,900,2,17,1.1729,0.35,periodic,26,353.00,0.822897
4927,1000,0.10,900,2,17,1.2509,0.35,periodic,27,372.00,0.834430
4928,1000,0.10,900,2,17,1.2030,0.35,periodic,28,337.00,0.917932
4929,1000,0.10,900,2,17,1.2793,0.35,periodic,29,373.00,0.830268
4930,1000,0.10,900,2,17,1.2994,0.35,periodic,30,365.00,0.890588
4931,1000,0.10,900,2,17,1.2036,0.35,periodic,31,386.00,0.500764
4932,1000,0.10,900,2,17,1.1987,0.35,periodic,32,364.00,0.478403
4933,1000,0.10,900,2,17,1.2576,0.35,periodic,33,356.00,0.840580
4934,1000,0.10,900,2,17,1.2520,0.35,periodic,34,362.00,0.633938
4935,1000,0.10,900,2,17,1.2424,0.35,periodic,35,398.00,0.983519
4936,1000,0.10,900,2,17,1.2591,0.35,periodic,36,365.00,0.863984
4937,1000,0.10,900,2,17,1.2115,0.35,periodic,37,349.00,0.945819
4938,1000,0.10,900,2,17,1.2431,0.35,periodic,38,366.00,0.411207
4939,1000,0.10,900,2,17,1.2181,0.35,periodic,39,377.00,0.749390
4940,1000,0.10,900,2,17,1.2603,0.35,periodic,40,388.00,0.670786
4941,1000,0.10,900,2,17,1.3002,0.35,periodic,41,346.00,0.641579
4942,1000,0.10,900,2,17,1.3080,0.35,periodic,42,356.00,0.567102
4943,1000,0.10,900,2,17,1.2372,0.35,periodic,43,371.00,0.616420
4944,1000,0.10,900,2,17,1.2595,0.35,periodic,44,368.00,0.607143
4945,1000,0.10,900,2,17,1.2411,0.35,periodic,45,383.00,0.695166
4946,1000,0.10,900,2,17,1.2123,0.35,periodic,46,371.00,0.880599
4947,1000,0.10,900,2,17,1.2669,0.35,periodic,47,327.00,0.697473
4948,1000,0.10,900,2,17,1.2712,0.35,periodic,48,351.00,0.671287
4949,1000,0.10,900,2,17,1.2296,0.35,periodic,49,357.00,0.706953
4950,1000,0.10,900,2,17,1.2297,0.35,periodic,50,379.00,0.668719
4951,1000,0.10,900,2,17,1.2819,0.35,periodic,51,359.00,0.568332
4952,1000,0.10,900,2,17,1.2194,0.35,periodic,52,367.00,0.659345
4953,1000,0.10,900,2,17,1.1996,0.35,periodic,53,373.00,0.699037
4954,1000,0.10,900,2,17,1.2648,0.35,periodic,54,366.00,0.985294
4955,1000,0.10,900,2,17,1.2698,0.35,periodic,55,369.00,1.018356
4956,1000,0.10,900,2,17,1.2079,0.35,periodic,56,334.00,0.673887
4957,1000,0.10,900,2,17,1.2566,0.35,periodic,57,351.00,0.470566
4958,1000,0.10,900,2,17,1.2287,0.35,periodic,58,360.00,0.605836
4959,1000,0.10,900,2,17,1.2715,0.35,periodic,59,362.00,0.791716
4960,1000,0.10,900,2,17,1.2871,0.35,periodic,60,346.00,0.485249
4961,1000,0.10,900,2,17,1.2629,0.35,periodic,61,380.00,0.688607
4962,1000,0.10,900,2,17,1.2418,0.35,periodic,62,367.00,0.674406
4963,1000,0.10,900,2,17,1.2236,0.35,periodic,63,359.00,0.793625
4964,1000,0.10,900,2,17,1.2362,0.35,periodic,64,379.00,0.816083
4965,1000,0.10,900,2,17,1.2761,0.35,periodic,65,357.00,0.444548
4966,1000,0.10,900,2,17,1.2131,0.35,periodic,66,389.00,0.492558
4967,1000,0.10,900,2,17,1.2373,0.35,periodic,67,375.00,0.626220
4968,1000,0.10,900,2,17,1.2749,0.35,periodic,68,342.00,0.814510
4969,1000,0.10,900,2,17,1.2601,0.35,periodic,69,347.00,1.349967
4970,1000,0.10,900,2,17,1.2083,0.35,periodic,70,385.00,0.698117
4971,1000,0.10,900,2,17,1.2924,0.35,periodic,71,372.00,0.846610
4972,1000,0.10,900,2,17,1.2105,0.35,periodic,72,360.00,0.763292
4973,1000,0.10,900,2,17,1.2924,0.35,periodic,73,333.00,0.642041
4974,1000,0.10,900,2,17,1.2810,0.35,periodic,74,355.00,0.809677
4975,1000,0.10,900,2,17,1.2555,0.35,periodic,75,356.00,0.390553
4976,1000,0.10,900,2,17,1.2520,0.35,periodic,76,351.00,0.882093
4977,1000,0.10,900,2,17,1.1896,0.35,periodic,77,360.00,0.677168
4978,1000,0.10,900,2,17,1.2551,0.35,periodic,78,391.00,0.068930
4979,1000,0.10,900,2,17,1.2803,0.35,periodic,79,360.00,0.646854
4980,1000,0.10,900,2,17,1.2398,0.35,periodic,80,361.00,0.414263
4981,1000,0.10,900,2,17,1.2723,0.35,periodic,81,338.00,0.745164
4982,1000,0.10,900,2,17,1.2573,0.35,periodic,82,361.00,0.705344
4983,1000,0.10,900,2,17,1.2482,0.35,periodic,83,362.00,0.703844
4984,1000,0.10,900,2,17,1.2687,0.35,periodic,84,368.00,1.060804
4985,1000,0.10,900,2,17,1.2421,0.35,periodic,85,375.00,0.569205
4986,1000,0.10,900,2,17,1.2079,0.35,periodic,86,363.00,0.694315
4987,1000,0.10,900,2,17,1.2372,0.35,periodic,87,367.00,0.462017
4988,1000,0.10,900,2,17,1.2462,0.35,periodic,88,381.00,0.853747
4989,1000,0.10,900,2,17,1.1892,0.35,periodic,89,366.00,0.535512
4990,1000,0.10,900,2,17,1.2747,0.35,periodic,90,384.00,0.717532
4991,1000,0.10,900,2,17,1.2188,0.35,periodic,91,368.00,0.733428
4992,1000,0.10,900,2,17,1.2153,0.35,periodic,92,362.00,0.880579
4993,1000,0.10,900,2,17,1.2644,0.35,periodic,93,369.00,0.672942
4994,1000,0.10,900,2,17,1.2264,0.35,periodic,94,366.00,0.711386
4995,1000,0.10,900,2,17,1.2183,0.35,periodic,95,371.00,0.703131
4996,1000,0.10,900,2,17,1.2654,0.35,periodic,96,398.00,0.551149
4997,1000,0.10,900,2,17,1.2158,0.35,periodic,97,348.00,0.721428
4998,1000,0.10,900,2,17,1.2108,0.35,periodic,98,348.00,0.681043
4999,1000,0.10,900,2,17,1.2522,0.35,periodic,99,371.00,0.594888
5000,1000,0.10,900,2,17,1.2570,0.40,periodic,0,367.00,0.625696
5001,1000,0.10,900,2,17,1.3192,0.40,periodic,1,360.00,0.986792
5002,1000,0.10,900,2,17,1.2895,0.40,periodic,2,384.00,0.910001
5003,1000,0.10,900,2,17,1.2680,0.40,periodic,3,364.00,0.959303
5004,1000,0.10,900,2,17,1.2747,0.40,periodic,4,369.00,0.683408
5005,1000,0.10,900,2,17,1.3131,0.40,periodic,5,348.00,0.814185
5006,1000,0.10,900,2,17,1.2719,0.40,periodic,6,372.00,0.961917
5007,1000,0.10,900,2,17,1.2650,0.40,periodic,7,372.00,0.775147
5008,1000,0.10,900,2,17,1.2277,0.40,periodic,8,364.00,0.693269
5009,1000,0.10,900,2,17,1.2719,0.40,periodic,9,359.00,0.692385
5010,1000,0.10,900,2,17,1.2888,0.40,periodic,10,365.00,0.559605
5011,1000,0.10,900,2,17,1.2738,0.40,periodic,11,363.00,1.263876
5012,1000,0.10,900,2,17,1.2206,0.40,periodic,12,338.00,0.940253
5013,1000,0.10,900,2,17,1.2622,0.40,periodic,13,361.00,0.736682
5014,1000,0.10,900,2,17,1.2665,0.40,periodic,14,358.00,0.802868
5015,1000,0.10,900,2,17,1.2595,0.40,periodic,15,355.00,1.249862
5016,1000,0.10,900,2,17,1.2200,0.40,periodic,16,366.00,1.133487
5017,1000,0.10,900,2,17,1.2527,0.40,periodic,17,382.00,0.899354
5018,1000,0.10,900,2,17,1.2164,0.40,periodic,18,364.00,1.086987
5019,1000,0.10,900,2,17,1.2825,0.40,periodic,19,345.00,1.069472
5020,1000,0.10,900,2,17,1.2736,0.40,periodic,20,337.00,1.018997
5021,1000,0.10,900,2,17,1.2355,0.40,periodic,21,321.00,0.599828
5022,1000,0.10,900,2,17,1.2608,0.40,periodic,22,352.00,0.813969
5023,1000,0.10,900,2,17,1.2782,0.40,periodic,23,396.00,0.303802
5024,1000,0.10,900,2,17,1.2544,0.40,periodic,24,384.00,0.828630
5025,1000,0.10,900,2,17,1.2585,0.40,periodic,25,359.00,0.479900
5026,1000,0.10,900,2,17,1.2510,0.40,periodic,26,387.00,0.679559
5027,1000,0.10,900,2,17,1.3025,0.40,periodic,27,380.00,1.470350
5028,1000,0.10,900,2,17,1.2403,0.40,periodic,28,354.00,1.108721
5029,1000,0.10,900,2,17,1.2645,0.40,periodic,29,342.00,1.132018
5030,1000,0.10,900,2,17,1.2497,0.40,periodic,30,340.00,0.448570
5031,1000,0.10,900,2,17,1.2261,0.40,periodic,31,369.00,0.712634
5032,1000,0.10,900,2,17,1.2959,0.40,periodic,32,345.00,0.961391
5033,1000,0.10,900,2,17,1.2692,0.40,periodic,33,340.00,0.764084
5034,1000,0.10,900,2,17,1.2483,0.40,periodic,34,346.00,0.560262
5035,1000,0.10,900,2,17,1.2645,0.40,periodic,35,360.00,0.769497
5036,1000,0.10,900,2,17,1.2881,0.40,periodic,36,379.00,1.005876
5037,1000,0.10,900,2,17,1.2522,0.40,periodic,37,341.00,0.967287
5038,1000,0.10,900,2,17,1.2850,0.40,periodic,38,379.00,0.762040
5039,1000,0.10,900,2,17,1.2681,0.40,periodic,39,375.00,0.725763
5040,1000,0.10,900,2,17,1.2301,0.40,periodic,40,411.00,0.596021
5041,1000,0.10,900,2,17,1.2630,0.40,periodic,41,338.00,0.888247
5042,1000,0.10,900,2,17,1.2475,0.40,periodic,42,374.00,0.817447
5043,1000,0.10,900,2,17,1.2215,0.40,periodic,43,369.00,0.840431
5044,1000,0.10,900,2,17,1.2663,0.40,periodic,44,388.00,0.619630
5045,1000,0.10,900,2,17,1.2000,0.40,periodic,45,372.00,0.468206
5046,1000,0.10,900,2,17,1.2483,0.40,periodic,46,348.00,0.754519
5047,1000,0.10,900,2,17,1.2615,0.40,periodic,47,370.00,0.803554
5048,1000,0.10,900,2,17,1.2640,0.40,periodic,48,350.00,0.861787
5049,1000,0.10,900,2,17,1.2612,0.40,periodic,49,350.00,0.775172
5050,1000,0.10,900,2,17,1.2060,0.40,periodic,50,382.00,0.722972
5051,1000,0.10,900,2,17,1.2748,0.40,periodic,51,372.00,0.868593
5052,1000,0.10,900,2,17,1.2510,0.40,periodic,52,338.00,0.638519
5053,1000,0.10,900,2,17,1.2645,0.40,periodic,53,365.00,0.573477
5054,1000,0.10,900,2,17,1.3007,0.40,periodic,54,359.00,0.505804
5055,1000,0.10,900,2,17,1.2694,0.40,periodic,55,362.00,0.570647
5056,1000,0.10,900,2,17,1.2597,0.40,periodic,56,379.00,0.853851
5057,1000,0.10,900,2,17,1.2459,0.40,periodic,57,353.00,0.571055
5058,1000,0.10,900,2,17,1.2868,0.40,periodic,58,372.00,0.692957
5059,1000,0.10,900,2,17,1.2739,0.40,periodic,59,393.00,0.783520
5060,1000,0.10,900,2,17,1.2680,0.40,periodic,60,350.00,0.835051
5061,1000,0.10,900,2,17,1.2614,0.40,periodic,61,370.00,0.627165
5062,1000,0.10,900,2,17,1.3386,0.40,periodic,62,357.00,1.072213
5063,1000,0.10,900,2,17,1.2829,0.40,periodic,63,352.00,0.609141
5064,1000,0.10,900,2,17,1.2580,0.40,periodic,64,350.00,0.924461
5065,1000,0.10,900,2,17,1.2549,0.40,periodic,65,341.00,0.675967
5066,1000,0.10,900,2,17,1.3072,0.40,periodic,66,374.00,0.752537
5067,1000,0.10,900,2,17,1.2513,0.40,periodic,67,370.00,0.652201
5068,1000,0.10,900,2,17,1.3038,0.40,periodic,68,353.00,0.331397
5069,1000,0.10,900,2,17,1.2795,0.40,periodic,69,363.00,0.342328
5070,1000,0.10,900,2,17,1.2407,0.40,periodic,70,349.00,0.634108
5071,1000,0.10,900,2,17,1.2554,0.40,periodic,71,364.00,0.977009
5072,1000,0.10,900,2,17,1.2581,0.40,periodic,72,367.00,0.625299
5073,1000,0.10,900,2,17,1.2158,0.40,periodic,73,368.00,0.575639
5074,1000,0.10,900,2,17,1.2503,0.40,periodic,74,353.00,0.761885
5075,1000,0.10,900,2,17,1.2182,0.40,periodic,75,348.00,1.259238
5076,1000,0.10,900,2,17,1.2401,0.40,periodic,76,350.00,0.834842
5077,1000,0.10,900,2,17,1.2401,0.40,periodic,77,353.00,0.804542
5078,1000,0.10,900,2,17,1.2972,0.40,periodic,78,327.00,1.186120
5079,1000,0.10,900,2,17,1.2777,0.40,periodic,79,345.00,0.946372
5080,1000,0.10,900,2,17,1.2619,0.40,periodic,80,340.00,0.851102
5081,1000,0.10,900,2,17,1.2242,0.40,periodic,81,371.00,0.466979
5082,1000,0.10,900,2,17,1.2743,0.40,periodic,82,383.00,0.866771
5083,1000,0.10,900,2,17,1.3088,0.40,periodic,83,381.00,0.962022
5084,1000,0.10,900,2,17,1.2629,0.40,periodic,84,344.00,1.159245
5085,1000,0.10,900,2,17,1.2891,0.40,periodic,85,394.00,1.120959
5086,1000,0.10,900,2,17,1.2273,0.40,periodic,86,364.00,0.807364
5087,1000,0.10,900,2,17,1.2617,0.40,periodic,87,354.00,0.806924
5088,1000,0.10,900,2,17,1.2934,0.40,periodic,88,344.00,0.945363
5089,1000,0.10,900,2,17,1.3057,0.40,periodic,89,403.00,1.231987
5090,1000,0.10,900,2,17,1.2683,0.40,periodic,90,356.00,0.894917
5091,1000,0.10,900,2,17,1.2685,0.40,periodic,91,380.00,0.446065
5092,1000,0.10,900,2,17,1.2765,0.40,periodic,92,351.00,0.677944
5093,1000,0.10,900,2,17,1.2563,0.40,periodic,93,355.00,0.746062
5094,1000,0.10,900,2,17,1.2753,0.40,periodic,94,346.00,0.598867
5095,1000,0.10,900,2,17,1.2544,0.40,periodic,95,383.00,1.261654
5096,1000,0.10,900,2,17,1.2743,0.40,periodic,96,353.00,0.955762
5097,1000,0.10,900,2,17,1.2627,0.40,periodic,97,375.00,0.704417
5098,1000,0.10,900,2,17,1.2547,0.40,periodic,98,347.00,0.650045
5099,1000,0.10,900,2,17,1.2968,0.40,periodic,99,350.00,1.108980
5100,1000,0.10,900,2,17,1.2854,0.45,periodic,0,361.00,1.566446
5101,1000,0.10,900,2,17,1.2402,0.45,periodic,1,376.00,0.644015
5102,1000,0.10,900,2,17,1.3031,0.45,periodic,2,355.00,0.974513
5103,1000,0.10,900,2,17,1.2832,0.45,periodic,3,380.00,0.922823
5104,1000,0.10,900,2,17,1.3072,0.45,periodic,4,343.00,0.980334
5105,1000,0.10,900,2,17,1.2814,0.45,periodic,5,379.00,1.008803
5106,1000,0.10,900,2,17,1.2635,0.45,periodic,6,350.00,0.608590
5107,1000,0.10,900,2,17,1.2276,0.45,periodic,7,343.00,0.874322
5108,1000,0.10,900,2,17,1.3543,0.45,periodic,8,344.00,0.700373
5109,1000,0.10,900,2,17,1.3166,0.45,periodic,9,369.00,0.798989
5110,1000,0.10,900,2,17,1.2218,0.45,periodic,10,345.00,0.669316
5111,1000,0.10,900,2,17,1.2784,0.45,periodic,11,368.00,0.882704
5112,1000,0.10,900,2,17,1.2630,0.45,periodic,12,333.00,1.266677
5113,1000,0.10,900,2,17,1.2813,0.45,periodic,13,371.00,1.054617
5114,1000,0.10,900,2,17,1.2578,0.45,periodic,14,363.00,1.137079
5115,1000,0.10,900,2,17,1.2831,0.45,periodic,15,356.00,1.833521
5116,1000,0.10,900,2,17,1.2928,0.45,periodic,16,366.00,0.890439
5117,1000,0.10,900,2,17,1.2642,0.45,periodic,17,357.00,1.085143
5118,1000,0.10,900,2,17,1.3315,0.45,periodic,18,369.00,1.288811
5119,1000,0.10,900,2,17,1.3048,0.45,periodic,19,348.00,0.914773
5120,1000,0.10,900,2,17,1.3482,0.45,periodic,20,345.00,1.051319
5121,1000,0.10,900,2,17,1.2860,0.45,periodic,21,349.00,0.970029
5122,1000,0.10,900,2,17,1.2426,0.45,periodic,22,362.00,0.750102
5123,1000,0.10,900,2,17,1.2992,0.45,periodic,23,374.00,0.757209
5124,1000,0.10,900,2,17,1.2373,0.45,periodic,24,346.00,0.946573
5125,1000,0.10,900,2,17,1.3036,0.45,periodic,25,360.00,1.328089
5126,1000,0.10,900,2,17,1.2820,0.45,periodic,26,384.00,1.722928
5127,1000,0.10,900,2,17,1.2960,0.45,periodic,27,378.00,0.813222
5128,1000,0.10,900,2,17,1.3035,0.45,periodic,28,376.00,0.674339
5129,1000,0.10,900,2,17,1.3159,0.45,periodic,29,371.00,0.871573
5130,1000,0.10,900,2,17,1.3267,0.45,periodic,30,339.00,0.693370
5131,1000,0.10,900,2,17,1.2602,0.45,periodic,31,362.00,1.209015
5132,1000,0.10,900,2,17,1.3077,0.45,periodic,32,375.00,1.383101
5133,1000,0.10,900,2,17,1.3006,0.45,periodic,33,368.00,0.829312
5134,1000,0.10,900,2,17,1.2560,0.45,periodic,34,341.00,1.263756
5135,1000,0.10,900,2,17,1.2604,0.45,periodic,35,351.00,0.558922
5136,1000,0.10,900,2,17,1.2764,0.45,periodic,36,364.00,0.911192
5137,1000,0.10,900,2,17,1.2759,0.45,periodic,37,380.00,0.956174
5138,1000,0.10,900,2,17,1.2914,0.45,periodic,38,362.00,0.769773
5139,1000,0.10,900,2,17,1.2790,0.45,periodic,39,354.00,0.966455
5140,1000,0.10,900,2,17,1.2559,0.45,periodic,40,345.00,0.966897
5141,1000,0.10,900,2,17,1.2786,0.45,periodic,41,369.00,0.772320
5142,1000,0.10,900,2,17,1.2817,0.45,periodic,42,381.00,0.825662
5143,1000,0.10,900,2,17,1.2915,0.45,periodic,43,361.00,0.797591
5144,1000,0.10,900,2,17,1.2742,0.45,periodic,44,360.00,0.707223
5145,1000,0.10,900,2,17,1.2606,0.45,periodic,45,343.00,0.900646
5146,1000,0.10,900,2,17,1.2877,0.45,periodic,46,365.00,1.190279
5147,1000,0.10,900,2,17,1.2922,0.45,periodic,47,376.00,1.039727
5148,1000,0.10,900,2,17,1.2788,0.45,periodic,48,334.00,0.844530
5149,1000,0.10,900,2,17,1.3080,0.45,periodic,49,350.00,1.041221
5150,1000,0.10,900,2,17,1.2593,0.45,periodic,50,361.00,1.016928
5151,1000,0.10,900,2,17,1.2672,0.45,periodic,51,352.00,0.945000
5152,1000,0.10,900,2,17,1.2635,0.45,periodic,52,386.00,1.235831
5153,1000,0.10,900,2,17,1.2139,0.45,periodic,53,354.00,1.041946
5154,1000,0.10,900,2,17,1.3117,0.45,periodic,54,341.00,0.867324
5155,1000,0.10,900,2,17,1.2754,0.45,periodic,55,369.00,0.952798
5156,1000,0.10,900,2,17,1.2855,0.45,periodic,56,365.00,0.965107
5157,1000,0.10,900,2,17,1.2959,0.45,periodic,57,323.00,0.893541
5158,1000,0.10,900,2,17,1.2643,0.45,periodic,58,323.00,1.075153
5159,1000,0.10,900,2,17,1.2821,0.45,periodic,59,356.00,0.748200
5160,1000,0.10,900,2,17,1.3058,0.45,periodic,60,350.00,0.725584
5161,1000,0.10,900,2,17,1.2701,0.45,periodic,61,366.00,0.838598
5162,1000,0.10,900,2,17,1.2411,0.45,periodic,62,363.00,1.231434
5163,1000,0.10,900,2,17,1.2416,0.45,periodic,63,332.00,1.089613
5164,1000,0.10,900,2,17,1.3000,0.45,periodic,64,346.00,1.496088
5165,1000,0.10,900,2,17,1.2697,0.45,periodic,65,344.00,0.792895
5166,1000,0.10,900,2,17,1.2779,0.45,periodic,66,367.00,0.587153
5167,1000,0.10,900,2,17,1.2624,0.45,periodic,67,347.00,0.722581
5168,1000,0.10,900,2,17,1.3183,0.45,periodic,68,362.00,0.766242
5169,1000,0.10,900,2,17,1.3070,0.45,periodic,69,373.00,0.920201
5170,1000,0.10,900,2,17,1.2726,0.45,periodic,70,348.00,1.080601
5171,1000,0.10,900,2,17,1.3025,0.45,periodic,71,344.00,0.467981
5172,1000,0.10,900,2,17,1.2841,0.45,periodic,72,355.00,0.859729
5173,1000,0.10,900,2,17,1.2800,0.45,periodic,73,344.00,0.780014
5174,1000,0.10,900,2,17,1.3012,0.45,periodic,74,364.00,0.808064
5175,1000,0.10,900,2,17,1.2793,0.45,periodic,75,359.00,0.639634
5176,1000,0.10,900,2,17,1.2815,0.45,periodic,76,392.00,0.720809
5177,1000,0.10,900,2,17,1.2608,0.45,periodic,77,350.00,0.962371
5178,1000,0.10,900,2,17,1.3263,0.45,periodic,78,361.00,0.834293
5179,1000,0.10,900,2,17,1.2835,0.45,periodic,79,364.00,0.892666
5180,1000,0.10,900,2,17,1.3090,0.45,periodic,80,346.00,1.086576
5181,1000,0.10,900,2,17,1.2694,0.45,periodic,81,371.00,0.975621
5182,1000,0.10,900,2,17,1.3139,0.45,periodic,82,358.00,1.162303
5183,1000,0.10,900,2,17,1.3063,0.45,periodic,83,334.00,0.774431
5184,1000,0.10,900,2,17,1.2739,0.45,periodic,84,359.00,0.991096
5185,1000,0.10,900,2,17,1.2933,0.45,periodic,85,369.00,0.885628
5186,1000,0.10,900,2,17,1.2734,0.45,periodic,86,381.00,0.904603
5187,1000,0.10,900,2,17,1.3259,0.45,periodic,87,334.00,0.794596
5188,1000,0.10,900,2,17,1.2765,0.45,periodic,88,353.00,0.848276
5189,1000,0.10,900,2,17,1.2969,0.45,periodic,89,348.00,0.951171
5190,1000,0.10,900,2,17,1.2913,0.45,periodic,90,342.00,1.290116
5191,1000,0.10,900,2,17,1.3124,0.45,periodic,91,346.00,1.068246
5192,1000,0.10,900,2,17,1.3280,0.45,periodic,92,336.00,1.179221
5193,1000,0.10,900,2,17,1.2933,0.45,periodic,93,337.00,1.039458
5194,1000,0.10,900,2,17,1.2849,0.45,periodic,94,387.00,0.836080
5195,1000,0.10,900,2,17,1.2983,0.45,periodic,95,385.00,0.727575
5196,1000,0.10,900,2,17,1.2914,0.45,periodic,96,347.00,1.000878
5197,1000,0.10,900,2,17,1.2600,0.45,periodic,97,388.00,1.025535
5198,1000,0.10,900,2,17,1.2871,0.45,periodic,98,380.00,0.645130
5199,1000,0.10,900,2,17,1.2845,0.45,periodic,99,355.00,0.993193
5200,1000,0.10,900,2,17,1.3352,0.50,periodic,0,363.00,1.171621
5201,1000,0.10,900,2,17,1.3126,0.50,periodic,1,343.00,1.364765
5202,1000,0.10,900,2,17,1.3211,0.50,periodic,2,351.00,1.174469
5203,1000,0.10,900,2,17,1.2880,0.50,periodic,3,381.00,0.849302
5204,1000,0.10,900,2,17,1.3433,0.50,periodic,4,367.00,1.340862
5205,1000,0.10,900,2,17,1.3485,0.50,periodic,5,360.00,1.280017
5206,1000,0.10,900,2,17,1.2919,0.50,periodic,6,347.00,0.780018
5207,1000,0.10,900,2,17,1.3252,0.50,periodic,7,356.00,1.086414
5208,1000,0.10,900,2,17,1.3167,0.50,periodic,8,365.00,0.990629
5209,1000,0.10,900,2,17,1.2686,0.50,periodic,9,373.00,0.795916
5210,1000,0.10,900,2,17,1.2708,0.50,periodic,10,375.00,0.891336
5211,1000,0.10,900,2,17,1.3395,0.50,periodic,11,361.00,1.339153
5212,1000,0.10,900,2,17,1.2680,0.50,periodic,12,371.00,0.981545
5213,1000,0.10,900,2,17,1.2712,0.50,periodic,13,367.00,0.915162
5214,1000,0.10,900,2,17,1.2706,0.50,periodic,14,336.00,1.149568
5215,1000,0.10,900,2,17,1.2711,0.50,periodic,15,358.00,1.199407
5216,1000,0.10,900,2,17,1.2469,0.50,periodic,16,380.00,1.477237
5217,1000,0.10,900,2,17,1.2468,0.50,periodic,17,369.00,1.467224
5218,1000,0.10,900,2,17,1.3248,0.50,periodic,18,334.00,1.098807
5219,1000,0.10,900,2,17,1.3789,0.50,periodic,19,382.00,1.181316
5220,1000,0.10,900,2,17,1.3143,0.50,periodic,20,354.00,0.823207
5221,1000,0.10,900,2,17,1.2769,0.50,periodic,21,367.00,0.997714
5222,1000,0.10,900,2,17,1.2675,0.50,periodic,22,367.00,0.789762
5223,1000,0.10,900,2,17,1.3413,0.50,periodic,23,361.00,1.274044
5224,1000,0.10,900,2,17,1.1940,0.50,periodic,24,413.00,0.969624
5225,1000,0.10,900,2,17,1.2919,0.50,periodic,25,346.00,0.986591
5226,1000,0.10,900,2,17,1.2863,0.50,periodic,26,336.00,0.979151
5227,1000,0.10,900,2,17,1.3096,0.50,periodic,27,356.00,1.229225
5228,1000,0.10,900,2,17,1.2972,0.50,periodic,28,356.00,0.739392
5229,1000,0.10,900,2,17,1.2903,0.50,periodic,29,335.00,1.620060
5230,1000,0.10,900,2,17,1.3152,0.50,periodic,30,343.00,0.900521
5231,1000,0.10,900,2,17,1.2715,0.50,periodic,31,352.00,0.957994
5232,1000,0.10,900,2,17,1.3198,0.50,periodic,32,407.00,0.826674
5233,1000,0.10,900,2,17,1.3044,0.50,periodic,33,353.00,1.045684
5234,1000,0.10,900,2,17,1.3217,0.50,periodic,34,350.00,1.239395
5235,1000,0.10,900,2,17,1.2905,0.50,periodic,35,348.00,1.114038
5236,1000,0.10,900,2,17,1.3091,0.50,periodic,36,358.00,1.212876
5237,1000,0.10,900,2,17,1.2844,0.50,periodic,37,353.00,1.168277
5238,1000,0.10,900,2,17,1.3071,0.50,periodic,38,353.00,0.951818
5239,1000,0.10,900,2,17,1.3075,0.50,periodic,39,361.00,1.442487
5240,1000,0.10,900,2,17,1.2587,0.50,periodic,40,369.00,0.900277
5241,1000,0.10,900,2,17,1.2786,0.50,periodic,41,347.00,1.103041
5242,1000,0.10,900,2,17,1.2798,0.50,periodic,42,358.00,1.266263
5243,1000,0.10,900,2,17,1.2880,0.50,periodic,43,393.00,0.678600
5244,1000,0.10,900,2,17,1.3256,0.50,periodic,44,370.00,1.218964
5245,1000,0.10,900,2,17,1.3135,0.50,periodic,45,320.00,0.959844
5246,1000,0.10,900,2,17,1.2795,0.50,periodic,46,363.00,1.181650
5247,1000,0.10,900,2,17,1.2996,0.50,periodic,47,370.00,1.056563
5248,1000,0.10,900,2,17,1.3286,0.50,periodic,48,379.00,0.996985
5249,1000,0.10,900,2,17,1.2840,0.50,periodic,49,363.00,0.836725
5250,1000,0.10,900,2,17,1.2300,0.50,periodic,50,343.00,0.878839
5251,1000,0.10,900,2,17,1.3167,0.50,periodic,51,349.00,0.898892
5252,1000,0.10,900,2,17,1.2438,0.50,periodic,52,367.00,0.854532
5253,1000,0.10,900,2,17,1.2672,0.50,periodic,53,361.00,1.242093
5254,1000,0.10,900,2,17,1.3356,0.50,periodic,54,327.00,0.849609
5255,1000,0.10,900,2,17,1.3659,0.50,periodic,55,372.00,0.603090
5256,1000,0.10,900,2,17,1.2246,0.50,periodic,56,345.00,0.743864
5257,1000,0.10,900,2,17,1.2751,0.50,periodic,57,381.00,1.008930
5258,1000,0.10,900,2,17,1.3165,0.50,periodic,58,323.00,0.845783
5259,1000,0.10,900,2,17,1.3117,0.50,periodic,59,373.00,1.001421
5260,1000,0.10,900,2,17,1.3049,0.50,periodic,60,347.00,1.710400
5261,1000,0.10,900,2,17,1.2992,0.50,periodic,61,338.00,0.766789
5262,1000,0.10,900,2,17,1.2605,0.50,periodic,62,347.00,1.016483
5263,1000,0.10,900,2,17,1.3090,0.50,periodic,63,343.00,1.088958
5264,1000,0.10,900,2,17,1.2792,0.50,periodic,64,374.00,0.944183
5265,1000,0.10,900,2,17,1.2619,0.50,periodic,65,354.00,0.884403
5266,1000,0.10,900,2,17,1.2540,0.50,periodic,66,371.00,0.672266
5267,1000,0.10,900,2,17,1.3030,0.50,periodic,67,362.00,0.910832
5268,1000,0.10,900,2,17,1.2801,0.50,periodic,68,347.00,1.090755
5269,1000,0.10,900,2,17,1.2719,0.50,periodic,69,370.00,0.775813
5270,1000,0.10,900,2,17,1.2563,0.50,periodic,70,378.00,1.476823
5271,1000,0.10,900,2,17,1.2416,0.50,periodic,71,357.00,1.008211
5272,1000,0.10,900,2,17,1.3056,0.50,periodic,72,372.00,1.363596
5273,1000,0.10,900,2,17,1.2890,0.50,periodic,73,345.00,0.889087
5274,1000,0.10,900,2,17,1.3601,0.50,periodic,74,350.00,1.194694
5275,1000,0.10,900,2,17,1.2522,0.50,periodic,75,394.00,0.936204
5276,1000,0.10,900,2,17,1.3081,0.50,periodic,76,358.00,0.720305
5277,1000,0.10,900,2,17,1.3265,0.50,periodic,77,344.00,1.064485
5278,1000,0.10,900,2,17,1.2792,0.50,periodic,78,341.00,1.016311
5279,1000,0.10,900,2,17,1.2757,0.50,periodic,79,368.00,1.353228
5280,1000,0.10,900,2,17,1.2833,0.50,periodic,80,334.00,0.731493
5281,1000,0.10,900,2,17,1.2552,0.50,periodic,81,403.00,0.933680
5282,1000,0.10,900,2,17,1.3412,0.50,periodic,82,368.00,1.091583
5283,1000,0.10,900,2,17,1.3108,0.50,periodic,83,347.00,0.962721
5284,1000,0.10,900,2,17,1.2780,0.50,periodic,84,350.00,1.308998
5285,1000,0.10,900,2,17,1.3252,0.50,periodic,85,383.00,0.880012
5286,1000,0.10,900,2,17,1.2929,0.50,periodic,86,347.00,1.190283
5287,1000,0.10,900,2,17,1.2550,0.50,periodic,87,370.00,0.914400
5288,1000,0.10,900,2,17,1.2721,0.50,periodic,88,352.00,0.915883
5289,1000,0.10,900,2,17,1.3569,0.50,periodic,89,370.00,1.480636
5290,1000,0.10,900,2,17,1.2577,0.50,periodic,90,362.00,0.848753
5291,1000,0.10,900,2,17,1.3521,0.50,periodic,91,354.00,1.228737
5292,1000,0.10,900,2,17,1.2990,0.50,periodic,92,359.00,0.887545
5293,1000,0.10,900,2,17,1.2894,0.50,periodic,93,355.00,0.887828
5294,1000,0.10,900,2,17,1.3099,0.50,periodic,94,370.00,1.343045
5295,1000,0.10,900,2,17,1.3077,0.50,periodic,95,365.00,0.993971
5296,1000,0.10,900,2,17,1.2616,0.50,periodic,96,360.00,1.084093
5297,1000,0.10,900,2,17,1.3014,0.50,periodic,97,325.00,0.974095
5298,1000,0.10,900,2,17,1.2769,0.50,periodic,98,362.00,0.905466
5299,1000,0.10,900,2,17,1.3176,0.50,periodic,99,349.00,0.839608
5300,1000,0.10,900,2,17,1.2796,0.55,periodic,0,385.00,1.181793
5301,1000,0.10,900,2,17,1.3038,0.55,periodic,1,374.00,1.559273
5302,1000,0.10,900,2,17,1.2658,0.55,periodic,2,352.00,1.075222
5303,1000,0.10,900,2,17,1.3033,0.55,periodic,3,360.00,0.836034
5304,1000,0.10,900,2,17,1.3243,0.55,periodic,4,378.00,1.818215
5305,1000,0.10,900,2,17,1.2484,0.55,periodic,5,381.00,1.170861
5306,1000,0.10,900,2,17,1.2920,0.55,periodic,6,333.00,1.039020
5307,1000,0.10,900,2,17,1.3450,0.55,periodic,7,347.00,1.160386
5308,1000,0.10,900,2,17,1.3815,0.55,periodic,8,351.00,1.174360
5309,1000,0.10,900,2,17,1.2962,0.55,periodic,9,356.00,1.464041
5310,1000,0.10,900,2,17,1.3136,0.55,periodic,10,367.00,1.061056
5311,1000,0.10,900,2,17,1.3082,0.55,periodic,11,339.00,1.227663
5312,1000,0.10,900,2,17,1.3387,0.55,periodic,12,320.00,1.226440
5313,1000,0.10,900,2,17,1.3212,0.55,periodic,13,377.00,0.757736
5314,1000,0.10,900,2,17,1.2286,0.55,periodic,14,371.00,1.204526
5315,1000,0.10,900,2,17,1.2752,0.55,periodic,15,353.00,1.280747
5316,1000,0.10,900,2,17,1.3053,0.55,periodic,16,364.00,1.116745
5317,1000,0.10,900,2,17,1.2663,0.55,periodic,17,348.00,1.425176
5318,1000,0.10,900,2,17,1.2645,0.55,periodic,18,363.00,1.111834
5319,1000,0.10,900,2,17,1.2937,0.55,periodic,19,352.00,1.152278
5320,1000,0.10,900,2,17,1.2621,0.55,periodic,20,410.00,0.995813
5321,1000,0.10,900,2,17,1.2983,0.55,periodic,21,356.00,0.980975
5322,1000,0.10,900,2,17,1.3028,0.55,periodic,22,374.00,1.226532
5323,1000,0.10,900,2,17,1.3374,0.55,periodic,23,385.00,1.035589
5324,1000,0.10,900,2,17,1.3629,0.55,periodic,24,359.00,1.091861
5325,1000,0.10,900,2,17,1.3152,0.55,periodic,25,366.00,1.287807
5326,1000,0.10,900,2,17,1.3134,0.55,periodic,26,353.00,1.312536
5327,1000,0.10,900,2,17,1.2891,0.55,periodic,27,346.00,1.371198
5328,1000,0.10,900,2,17,1.3169,0.55,periodic,28,352.00,1.111357
5329,1000,0.10,900,2,17,1.3060,0.55,periodic,29,363.00,0.742277
5330,1000,0.10,900,2,17,1.2697,0.55,periodic,30,347.00,1.245469
5331,1000,0.10,900,2,17,1.3461,0.55,periodic,31,352.00,0.831494
5332,1000,0.10,900,2,17,1.2891,0.55,periodic,32,317.00,1.146585
5333,1000,0.10,900,2,17,1.2824,0.55,periodic,33,363.00,1.126776
5334,1000,0.10,900,2,17,1.2748,0.55,periodic,34,355.00,1.248363
5335,1000,0.10,900,2,17,1.2706,0.55,periodic,35,357.00,1.147510
5336,1000,0.10,900,2,17,1.3903,0.55,periodic,36,366.00,1.232085
5337,1000,0.10,900,2,17,1.3052,0.55,periodic,37,346.00,1.421435
5338,1000,0.10,900,2,17,1.3450,0.55,periodic,38,340.00,0.731784
5339,1000,0.10,900,2,17,1.3282,0.55,periodic,39,340.00,0.864709
5340,1000,0.10,900,2,17,1.3348,0.55,periodic,40,377.00,1.014839
5341,1000,0.10,900,2,17,1.2766,0.55,periodic,41,340.00,1.244191
5342,1000,0.10,900,2,17,1.2957,0.55,periodic,42,356.00,1.281222
5343,1000,0.10,900,2,17,1.2938,0.55,periodic,43,395.00,1.323909
5344,1000,0.10,900,2,17,1.3295,0.55,periodic,44,346.00,1.145998
5345,1000,0.10,900,2,17,1.3183,0.55,periodic,45,345.00,1.338979
5346,1000,0.10,900,2,17,1.3873,0.55,periodic,46,354.00,1.256853
5347,1000,0.10,900,2,17,1.3801,0.55,periodic,47,351.00,1.174274
5348,1000,0.10,900,2,17,1.3280,0.55,periodic,48,348.00,1.371648
5349,1000,0.10,900,2,17,1.3428,0.55,periodic,49,373.00,1.589773
5350,1000,0.10,900,2,17,1.2902,0.55,periodic,50,378.00,1.275326
5351,1000,0.10,900,2,17,1.3748,0.55,periodic,51,382.00,1.006985
5352,1000,0.10,900,2,17,1.3271,0.55,periodic,52,351.00,1.333987
5353,1000,0.10,900,2,17,1.2778,0.55,periodic,53,363.00,0.992233
5354,1000,0.10,900,2,17,1.2682,0.55,periodic,54,357.00,1.038487
5355,1000,0.10,900,2,17,1.3258,0.55,periodic,55,339.00,1.264194
5356,1000,0.10,900,2,17,1.3034,0.55,periodic,56,364.00,1.174586
5357,1000,0.10,900,2,17,1.3335,0.55,periodic,57,323.00,1.390180
5358,1000,0.10,900,2,17,1.3619,0.55,periodic,58,330.00,0.862354
5359,1000,0.10,900,2,17,1.3242,0.55,periodic,59,358.00,1.058558
5360,1000,0.10,900,2,17,1.2778,0.55,periodic,60,387.00,1.543167
5361,1000,0.10,900,2,17,1.2819,0.55,periodic,61,348.00,0.773180
5362,1000,0.10,900,2,17,1.3531,0.55,periodic,62,342.00,1.146180
5363,1000,0.10,900,2,17,1.3292,0.55,periodic,63,337.00,0.999543
5364,1000,0.10,900,2,17,1.3793,0.55,periodic,64,352.00,0.964200
5365,1000,0.10,900,2,17,1.2710,0.55,periodic,65,342.00,0.965220
5366,1000,0.10,900,2,17,1.3341,0.55,periodic,66,360.00,1.186735
5367,1000,0.10,900,2,17,1.3537,0.55,periodic,67,373.00,0.956371
5368,1000,0.10,900,2,17,1.2986,0.55,periodic,68,346.00,1.420463
5369,1000,0.10,900,2,17,1.3278,0.55,periodic,69,335.00,1.393818
5370,1000,0.10,900,2,17,1.2953,0.55,periodic,70,363.00,1.278576
5371,1000,0.10,900,2,17,1.3073,0.55,periodic,71,359.00,0.999405
5372,1000,0.10,900,2,17,1.3387,0.55,periodic,72,372.00,1.370747
5373,1000,0.10,900,2,17,1.3510,0.55,periodic,73,384.00,1.192420
5374,1000,0.10,900,2,17,1.3553,0.55,periodic,74,344.00,1.147346
5375,1000,0.10,900,2,17,1.2988,0.55,periodic,75,317.00,1.110566
5376,1000,0.10,900,2,17,1.2732,0.55,periodic,76,369.00,1.273108
5377,1000,0.10,900,2,17,1.3202,0.55,periodic,77,358.00,1.051225
5378,1000,0.10,900,2,17,1.2766,0.55,periodic,78,353.00,1.318101
5379,1000,0.10,900,2,17,1.2973,0.55,periodic,79,373.00,1.667879
5380,1000,0.10,900,2,17,1.3370,0.55,periodic,80,338.00,1.277395
5381,1000,0.10,900,2,17,1.3804,0.55,periodic,81,351.00,1.032996
5382,1000,0.10,900,2,17,1.3334,0.55,periodic,82,349.00,0.952948
5383,1000,0.10,900,2,17,1.3174,0.55,periodic,83,367.00,1.153443
5384,1000,0.10,900,2,17,1.3196,0.55,periodic,84,361.00,1.064023
5385,1000,0.10,900,2,17,1.3336,0.55,periodic,85,353.00,1.014457
5386,1000,0.10,900,2,17,1.3244,0.55,periodic,86,363.00,0.859681
5387,1000,0.10,900,2,17,1.3068,0.55,periodic,87,349.00,1.334843
5388,1000,0.10,900,2,17,1.2930,0.55,periodic,88,342.00,1.212941
5389,1000,0.10,900,2,17,1.3470,0.55,periodic,89,354.00,1.127318
5390,1000,0.10,900,2,17,1.3296,0.55,periodic,90,379.00,0.923564
5391,1000,0.10,900,2,17,1.2677,0.55,periodic,91,399.00,1.210345
5392,1000,0.10,900,2,17,1.3523,0.55,periodic,92,355.00,1.373405
5393,1000,0.10,900,2,17,1.3271,0.55,periodic,93,356.00,1.158781
5394,1000,0.10,900,2,17,1.2835,0.55,periodic,94,322.00,1.175284
5395,1000,0.10,900,2,17,1.3238,0.55,periodic,95,340.00,0.991693
5396,1000,0.10,900,2,17,1.3385,0.55,periodic,96,355.00,1.308762
5397,1000,0.10,900,2,17,1.3361,0.55,periodic,97,345.00,1.101286
5398,1000,0.10,900,2,17,1.3242,0.55,periodic,98,362.00,1.712757
5399,1000,0.10,900,2,17,1.3161,0.55,periodic,99,370.00,0.795962
5400,1000,0.10,900,2,17,1.3690,0.60,periodic,0,395.00,1.430539
5401,1000,0.10,900,2,17,1.3417,0.60,periodic,1,358.00,0.985399
5402,1000,0.10,900,2,17,1.3172,0.60,periodic,2,362.00,1.091563
5403,1000,0.10,900,2,17,1.3362,0.60,periodic,3,376.00,1.146904
5404,1000,0.10,900,2,17,1.3249,0.60,periodic,4,362.00,1.189662
5405,1000,0.10,900,2,17,1.3130,0.60,periodic,5,359.00,1.048370
5406,1000,0.10,900,2,17,1.3082,0.60,periodic,6,386.00,1.556105
5407,1000,0.10,900,2,17,1.3416,0.60,periodic,7,374.00,1.087744
5408,1000,0.10,900,2,17,1.2953,0.60,periodic,8,371.00,1.400117
5409,1000,0.10,900,2,17,1.3626,0.60,periodic,9,345.00,1.335208
5410,1000,0.10,900,2,17,1.3546,0.60,periodic,10,369.00,1.580030
5411,1000,0.10,900,2,17,1.3364,0.60,periodic,11,357.00,1.252626
5412,1000,0.10,900,2,17,1.3574,0.60,periodic,12,374.00,0.933776
5413,1000,0.10,900,2,17,1.3383,0.60,periodic,13,326.00,1.563105
5414,1000,0.10,900,2,17,1.3048,0.60,periodic,14,333.00,1.442096
5415,1000,0.10,900,2,17,1.2990,0.60,periodic,15,368.00,1.260207
5416,1000,0.10,900,2,17,1.3805,0.60,periodic,16,334.00,1.295617
5417,1000,0.10,900,2,17,1.3053,0.60,periodic,17,334.00,0.647454
5418,1000,0.10,900,2,17,1.3378,0.60,periodic,18,380.00,1.156089
5419,1000,0.10,900,2,17,1.2853,0.60,periodic,19,364.00,1.328914
5420,1000,0.10,900,2,17,1.3298,0.60,periodic,20,352.00,1.548488
5421,1000,0.10,900,2,17,1.3257,0.60,periodic,21,350.00,1.390451
5422,1000,0.10,900,2,17,1.3060,0.60,periodic,22,356.00,1.590897
5423,1000,0.10,900,2,17,1.3197,0.60,periodic,23,353.00,1.526585
5424,1000,0.10,900,2,17,1.3212,0.60,periodic,24,378.00,1.646582
5425,1000,0.10,900,2,17,1.3044,0.60,periodic,25,349.00,1.217883
5426,1000,0.10,900,2,17,1.2939,0.60,periodic,26,364.00,0.948235
5427,1000,0.10,900,2,17,1.3194,0.60,periodic,27,368.00,1.169538
5428,1000,0.10,900,2,17,1.3417,0.60,periodic,28,389.00,1.248940
5429,1000,0.10,900,2,17,1.2582,0.60,periodic,29,356.00,1.462410
5430,1000,0.10,900,2,17,1.3043,0.60,periodic,30,378.00,1.149895
5431,1000,0.10,900,2,17,1.2992,0.60,periodic,31,381.00,1.097670
5432,1000,0.10,900,2,17,1.2971,0.60,periodic,32,366.00,1.271880
5433,1000,0.10,900,2,17,1.3127,0.60,periodic,33,362.00,1.551834
5434,1000,0.10,900,2,17,1.3038,0.60,periodic,34,372.00,1.039939
5435,1000,0.10,900,2,17,1.3254,0.60,periodic,35,328.00,1.474976
5436,1000,0.10,900,2,17,1.3237,0.60,periodic,36,353.00,1.233820
5437,1000,0.10,900,2,17,1.2941,0.60,periodic,37,371.00,1.425142
5438,1000,0.10,900,2,17,1.3159,0.60,periodic,38,337.00,1.225398
5439,1000,0.10,900,2,17,1.3497,0.60,periodic,39,360.00,1.156555
5440,1000,0.10,900,2,17,1.3365,0.60,periodic,40,354.00,1.080645
5441,1000,0.10,900,2,17,1.3483,0.60,periodic,41,362.00,1.265402
5442,1000,0.10,900,2,17,1.3830,0.60,periodic,42,343.00,1.846292
5443,1000,0.10,900,2,17,1.3268,0.60,periodic,43,369.00,1.296591
5444,1000,0.10,900,2,17,1.2956,0.60,periodic,44,380.00,1.505920
5445,1000,0.10,900,2,17,1.3833,0.60,periodic,45,335.00,1.503965
5446,1000,0.10,900,2,17,1.2744,0.60,periodic,46,351.00,1.681298
5447,1000,0.10,900,2,17,1.2514,0.60,periodic,47,361.00,1.138704
5448,1000,0.10,900,2,17,1.3496,0.60,periodic,48,372.00,1.519359
5449,1000,0.10,900,2,17,1.3154,0.60,periodic,49,354.00,1.064898
5450,1000,0.10,900,2,17,1.3053,0.60,periodic,50,352.00,1.157227
5451,1000,0.10,900,2,17,1.3052,0.60,periodic,51,367.00,1.269431
5452,1000,0.10,900,2,17,1.3199,0.60,periodic,52,357.00,1.351176
5453,1000,0.10,900,2,17,1.3244,0.60,periodic,53,353.00,1.213981
5454,1000,0.10,900,2,17,1.2935,0.60,periodic,54,359.00,1.434824
5455,1000,0.10,900,2,17,1.3389,0.60,periodic,55,379.00,1.109015
5456,1000,0.10,900,2,17,1.2899,0.60,periodic,56,344.00,1.484447
5457,1000,0.10,900,2,17,1.2771,0.60,periodic,57,360.00,1.445308
5458,1000,0.10,900,2,17,1.2843,0.60,periodic,58,382.00,1.224541
5459,1000,0.10,900,2,17,1.3093,0.60,periodic,59,368.00,1.084042
5460,1000,0.10,900,2,17,1.3038,0.60,periodic,60,346.00,1.311199
5461,1000,0.10,900,2,17,1.3393,0.60,periodic,61,342.00,1.652060
5462,1000,0.10,900,2,17,1.3770,0.60,periodic,62,368.00,1.322672
5463,1000,0.10,900,2,17,1.2992,0.60,periodic,63,357.00,1.416595
5464,1000,0.10,900,2,17,1.3147,0.60,periodic,64,340.00,1.341501
5465,1000,0.10,900,2,17,1.2875,0.60,periodic,65,358.00,1.003844
5466,1000,0.10,900,2,17,1.2901,0.60,periodic,66,312.00,1.022759
5467,1000,0.10,900,2,17,1.2843,0.60,periodic,67,374.00,1.517597
5468,1000,0.10,900,2,17,1.3264,0.60,periodic,68,344.00,1.427918
5469,1000,0.10,900,2,17,1.3460,0.60,periodic,69,339.00,1.319871
5470,1000,0.10,900,2,17,1.3444,0.60,periodic,70,362.00,1.091484
5471,1000,0.10,900,2,17,1.2914,0.60,periodic,71,331.00,1.362776
5472,1000,0.10,900,2,17,1.3209,0.60,periodic,72,341.00,1.194028
5473,1000,0.10,900,2,17,1.3224,0.60,periodic,73,372.00,1.603479
5474,1000,0.10,900,2,17,1.3175,0.60,periodic,74,345.00,1.601802
5475,1000,0.10,900,2,17,1.2981,0.60,periodic,75,362.00,1.620234
5476,1000,0.10,900,2,17,1.2970,0.60,periodic,76,351.00,1.333831
5477,1000,0.10,900,2,17,1.3237,0.60,periodic,77,371.00,1.536270
5478,1000,0.10,900,2,17,1.3863,0.60,periodic,78,359.00,1.645259
5479,1000,0.10,900,2,17,1.3365,0.60,periodic,79,333.00,1.466100
5480,1000,0.10,900,2,17,1.3442,0.60,periodic,80,339.00,1.176206
5481,1000,0.10,900,2,17,1.3523,0.60,periodic,81,334.00,0.956708
5482,1000,0.10,900,2,17,1.3004,0.60,periodic,82,314.00,1.156919
5483,1000,0.10,900,2,17,1.3155,0.60,periodic,83,363.00,0.837425
5484,1000,0.10,900,2,17,1.3407,0.60,periodic,84,377.00,1.268706
5485,1000,0.10,900,2,17,1.3200,0.60,periodic,85,352.00,1.425570
5486,1000,0.10,900,2,17,1.3216,0.60,periodic,86,371.00,1.176666
5487,1000,0.10,900,2,17,1.3730,0.60,periodic,87,387.00,1.863313
5488,1000,0.10,900,2,17,1.3356,0.60,periodic,88,345.00,1.124635
5489,1000,0.10,900,2,17,1.3015,0.60,periodic,89,354.00,0.965665
5490,1000,0.10,900,2,17,1.3149,0.60,periodic,90,356.00,1.600032
5491,1000,0.10,900,2,17,1.3149,0.60,periodic,91,368.00,1.291582
5492,1000,0.10,900,2,17,1.3007,0.60,periodic,92,360.00,1.247883
5493,1000,0.10,900,2,17,1.3019,0.60,periodic,93,383.00,1.310233
5494,1000,0.10,900,2,17,1.2662,0.60,periodic,94,357.00,1.296142
5495,1000,0.10,900,2,17,1.3329,0.60,periodic,95,359.00,1.125097
5496,1000,0.10,900,2,17,1.3426,0.60,periodic,96,346.00,1.519315
5497,1000,0.10,900,2,17,1.3283,0.60,periodic,97,364.00,1.091838
5498,1000,0.10,900,2,17,1.2867,0.60,periodic,98,341.00,1.127002
5499,1000,0.10,900,2,17,1.3299,0.60,periodic,99,384.00,1.507561
5500,1000,0.10,900,2,17,1.3197,0.65,periodic,0,380.00,1.558816
5501,1000,0.10,900,2,17,1.3230,0.65,periodic,1,359.00,1.229270
5502,1000,0.10,900,2,17,1.2903,0.65,periodic,2,385.00,1.651176
5503,1000,0.10,900,2,17,1.3226,0.65,periodic,3,361.00,1.447508
5504,1000,0.10,900,2,17,1.2858,0.65,periodic,4,369.00,1.563009
5505,1000,0.10,900,2,17,1.3355,0.65,periodic,5,340.00,1.910730
5506,1000,0.10,900,2,17,1.3415,0.65,periodic,6,403.00,1.163934
5507,1000,0.10,900,2,17,1.3551,0.65,periodic,7,344.00,1.574999
5508,1000,0.10,900,2,17,1.3406,0.65,periodic,8,330.00,1.026929
5509,1000,0.10,900,2,17,1.3168,0.65,periodic,9,354.00,1.407411
5510,1000,0.10,900,2,17,1.3602,0.65,periodic,10,367.00,1.273931
5511,1000,0.10,900,2,17,1.3491,0.65,periodic,11,382.00,1.723060
5512,1000,0.10,900,2,17,1.2874,0.65,periodic,12,375.00,1.294100
5513,1000,0.10,900,2,17,1.2920,0.65,periodic,13,357.00,1.577083
5514,1000,0.10,900,2,17,1.3343,0.65,periodic,14,360.00,1.253573
5515,1000,0.10,900,2,17,1.3422,0.65,periodic,15,357.00,1.277097
5516,1000,0.10,900,2,17,1.2968,0.65,periodic,16,329.00,1.410618
5517,1000,0.10,900,2,17,1.3671,0.65,periodic,17,339.00,1.407786
5518,1000,0.10,900,2,17,1.3250,0.65,periodic,18,353.00,1.201281
5519,1000,0.10,900,2,17,1.3628,0.65,periodic,19,332.00,1.547225
5520,1000,0.10,900,2,17,1.3093,0.65,periodic,20,385.00,1.512516
5521,1000,0.10,900,2,17,1.3573,0.65,periodic,21,376.00,1.884889
5522,1000,0.10,900,2,17,1.3235,0.65,periodic,22,370.00,1.457107
5523,1000,0.10,900,2,17,1.3205,0.65,periodic,23,371.00,1.440461
5524,1000,0.10,900,2,17,1.3276,0.65,periodic,24,354.00,1.336679
5525,1000,0.10,900,2,17,1.3427,0.65,periodic,25,387.00,1.671493
5526,1000,0.10,900,2,17,1.3238,0.65,periodic,26,370.00,1.818121
5527,1000,0.10,900,2,17,1.3392,0.65,periodic,27,345.00,1.814330
5528,1000,0.10,900,2,17,1.3417,0.65,periodic,28,369.00,1.029458
5529,1000,0.10,900,2,17,1.3096,0.65,periodic,29,371.00,1.356178
5530,1000,0.10,900,2,17,1.3429,0.65,periodic,30,346.00,1.296536
5531,1000,0.10,900,2,17,1.3321,0.65,periodic,31,363.00,1.672750
5532,1000,0.10,900,2,17,1.3670,0.65,periodic,32,385.00,1.062117
5533,1000,0.10,900,2,17,1.3230,0.65,periodic,33,339.00,1.453493
5534,1000,0.10,900,2,17,1.3066,0.65,periodic,34,376.00,1.519041
5535,1000,0.10,900,2,17,1.2556,0.65,periodic,35,384.00,1.855184
5536,1000,0.10,900,2,17,1.3234,0.65,periodic,36,339.00,1.311682
5537,1000,0.10,900,2,17,1.3385,0.65,periodic,37,356.00,1.089724
5538,1000,0.10,900,2,17,1.3301,0.65,periodic,38,352.00,1.799358
5539,1000,0.10,900,2,17,1.2881,0.65,periodic,39,360.00,0.880353
5540,1000,0.10,900,2,17,1.3582,0.65,periodic,40,385.00,1.836563
5541,1000,0.10,900,2,17,1.3442,0.65,periodic,41,337.00,1.460375
5542,1000,0.10,900,2,17,1.3470,0.65,periodic,42,343.00,1.500067
5543,1000,0.10,900,2,17,1.3433,0.65,periodic,43,383.00,1.810486
5544,1000,0.10,900,2,17,1.3396,0.65,periodic,44,364.00,1.449596
5545,1000,0.10,900,2,17,1.3464,0.65,periodic,45,337.00,1.434863
5546,1000,0.10,900,2,17,1.3434,0.65,periodic,46,346.00,1.252682
5547,1000,0.10,900,2,17,1.3223,0.65,periodic,47,352.00,1.358671
5548,1000,0.10,900,2,17,1.3569,0.65,periodic,48,370.00,0.978147
5549,1000,0.10,900,2,17,1.2859,0.65,periodic,49,349.00,1.340452
5550,1000,0.10,900,2,17,1.3046,0.65,periodic,50,345.00,1.661012
5551,1000,0.10,900,2,17,1.2779,0.65,periodic,51,338.00,1.132393
5552,1000,0.10,900,2,17,1.3332,0.65,periodic,52,372.00,1.259484
5553,1000,0.10,900,2,17,1.3502,0.65,periodic,53,359.00,1.420586
5554,1000,0.10,900,2,17,1.3657,0.65,periodic,54,365.00,1.170684
5555,1000,0.10,900,2,17,1.3068,0.65,periodic,55,376.00,1.596260
5556,1000,0.10,900,2,17,1.3253,0.65,periodic,56,362.00,1.337906
5557,1000,0.10,900,2,17,1.3723,0.65,periodic,57,341.00,1.662954
5558,1000,0.10,900,2,17,1.3148,0.65,periodic,58,348.00,1.218133
5559,1000,0.10,900,2,17,1.3162,0.65,periodic,59,353.00,1.324781
5560,1000,0.10,900,2,17,1.3544,0.65,periodic,60,390.00,1.473159
5561,1000,0.10,900,2,17,1.3003,0.65,periodic,61,361.00,1.642618
5562,1000,0.10,900,2,17,1.3297,0.65,periodic,62,338.00,1.933967
5563,1000,0.10,900,2,17,1.3004,0.65,periodic,63,359.00,1.424213
5564,1000,0.10,900,2,17,1.3561,0.65,periodic,64,363.00,1.426417
5565,1000,0.10,900,2,17,1.3337,0.65,periodic,65,367.00,1.278444
5566,1000,0.10,900,2,17,1.3225,0.65,periodic,66,368.00,1.007388
5567,1000,0.10,900,2,17,1.3235,0.65,periodic,67,345.00,1.628219
5568,1000,0.10,900,2,17,1.3104,0.65,periodic,68,361.00,0.945996
5569,1000,0.10,900,2,17,1.3379,0.65,periodic,69,349.00,1.407936
5570,1000,0.10,900,2,17,1.2964,0.65,periodic,70,409.00,1.797128
5571,1000,0.10,900,2,17,1.3369,0.65,periodic,71,342.00,1.609066
5572,1000,0.10,900,2,17,1.3697,0.65,periodic,72,371.00,1.247294
5573,1000,0.10,900,2,17,1.3558,0.65,periodic,73,376.00,1.248630
5574,1000,0.10,900,2,17,1.3390,0.65,periodic,74,389.00,1.535173
5575,1000,0.10,900,2,17,1.3349,0.65,periodic,75,378.00,1.220623
5576,1000,0.10,900,2,17,1.3347,0.65,periodic,76,351.00,1.413698
5577,1000,0.10,900,2,17,1.3163,0.65,periodic,77,345.00,1.727653
5578,1000,0.10,900,2,17,1.3032,0.65,periodic,78,357.00,1.570399
5579,1000,0.10,900,2,17,1.2865,0.65,periodic,79,373.00,1.647455
5580,1000,0.10,900,2,17,1.3209,0.65,periodic,80,337.00,1.716601
5581,1000,0.10,900,2,17,1.3149,0.65,periodic,81,362.00,1.762348
5582,1000,0.10,900,2,17,1.2927,0.65,periodic,82,369.00,1.501399
5583,1000,0.10,900,2,17,1.3043,0.65,periodic,83,365.00,1.408665
5584,1000,0.10,900,2,17,1.3454,0.65,periodic,84,353.00,1.399866
5585,1000,0.10,900,2,17,1.3221,0.65,periodic,85,332.00,1.545076
5586,1000,0.10,900,2,17,1.3634,0.65,periodic,86,353.00,1.339651
5587,1000,0.10,900,2,17,1.3333,0.65,periodic,87,381.00,1.453351
5588,1000,0.10,900,2,17,1.3167,0.65,periodic,88,326.00,1.581264
5589,1000,0.10,900,2,17,1.3277,0.65,periodic,89,331.00,1.648148
5590,1000,0.10,900,2,17,1.2976,0.65,periodic,90,351.00,1.494100
5591,1000,0.10,900,2,17,1.3451,0.65,periodic,91,372.00,1.376092
5592,1000,0.10,900,2,17,1.3057,0.65,periodic,92,359.00,1.158816
5593,1000,0.10,900,2,17,1.3448,0.65,periodic,93,383.00,1.063769
5594,1000,0.10,900,2,17,1.3401,0.65,periodic,94,322.00,1.384182
5595,1000,0.10,900,2,17,1.3345,0.65,periodic,95,353.00,1.581040
5596,1000,0.10,900,2,17,1.3445,0.65,periodic,96,344.00,1.736176
5597,1000,0.10,900,2,17,1.3521,0.65,periodic,97,361.00,1.464732
5598,1000,0.10,900,2,17,1.2899,0.65,periodic,98,358.00,1.389345
5599,1000,0.10,900,2,17,1.3687,0.65,periodic,99,356.00,1.710370
5600,1000,0.10,900,2,17,1.2792,0.70,periodic,0,383.00,1.013528
5601,1000,0.10,900,2,17,1.3008,0.70,periodic,1,368.00,1.158344
5602,1000,0.10,900,2,17,1.2770,0.70,periodic,2,344.00,1.208031
5603,1000,0.10,900,2,17,1.3171,0.70,periodic,3,354.00,1.668136
5604,1000,0.10,900,2,17,1.3182,0.70,periodic,4,330.00,1.816780
5605,1000,0.10,900,2,17,1.2991,0.70,periodic,5,370.00,1.476266
5606,1000,0.10,900,2,17,1.2762,0.70,periodic,6,356.00,1.671244
5607,1000,0.10,900,2,17,1.3640,0.70,periodic,7,363.00,1.374435
5608,1000,0.10,900,2,17,1.3383,0.70,periodic,8,360.00,1.174284
5609,1000,0.10,900,2,17,1.3874,0.70,periodic,9,383.00,2.053588
5610,1000,0.10,900,2,17,1.3497,0.70,periodic,10,344.00,1.697586
5611,1000,0.10,900,2,17,1.3615,0.70,periodic,11,337.00,1.511614
5612,1000,0.10,900,2,17,1.3117,0.70,periodic,12,360.00,1.804283
5613,1000,0.10,900,2,17,1.2586,0.70,periodic,13,364.00,1.481269
5614,1000,0.10,900,2,17,1.3282,0.70,periodic,14,360.00,1.288376
5615,1000,0.10,900,2,17,1.3355,0.70,periodic,15,358.00,1.548563
5616,1000,0.10,900,2,17,1.3233,0.70,periodic,16,351.00,1.742250
5617,1000,0.10,900,2,17,1.3393,0.70,periodic,17,334.00,1.527735
5618,1000,0.10,900,2,17,1.3037,0.70,periodic,18,367.00,1.787410
5619,1000,0.10,900,2,17,1.3727,0.70,periodic,19,355.00,1.253335
5620,1000,0.10,900,2,17,1.3015,0.70,periodic,20,339.00,1.195961
5621,1000,0.10,900,2,17,1.2623,0.70,periodic,21,369.00,1.717243
5622,1000,0.10,900,2,17,1.2868,0.70,periodic,22,357.00,1.680462
5623,1000,0.10,900,2,17,1.3434,0.70,periodic,23,356.00,1.651526
5624,1000,0.10,900,2,17,1.3701,0.70,periodic,24,336.00,1.581816
5625,1000,0.10,900,2,17,1.2726,0.70,periodic,25,355.00,1.587426
5626,1000,0.10,900,2,17,1.3245,0.70,periodic,26,376.00,1.893710
5627,1000,0.10,900,2,17,1.3125,0.70,periodic,27,372.00,2.158228
5628,1000,0.10,900,2,17,1.3343,0.70,periodic,28,352.00,1.265113
5629,1000,0.10,900,2,17,1.3640,0.70,periodic,29,349.00,1.347014
5630,1000,0.10,900,2,17,1.3117,0.70,periodic,30,365.00,0.969845
5631,1000,0.10,900,2,17,1.3197,0.70,periodic,31,367.00,1.363481
5632,1000,0.10,900,2,17,1.3366,0.70,periodic,32,364.00,1.560998
5633,1000,0.10,900,2,17,1.2527,0.70,periodic,33,364.00,0.983695
5634,1000,0.10,900,2,17,1.3648,0.70,periodic,34,332.00,1.237768
5635,1000,0.10,900,2,17,1.3914,0.70,periodic,35,365.00,1.868956
5636,1000,0.10,900,2,17,1.3471,0.70,periodic,36,368.00,1.507043
5637,1000,0.10,900,2,17,1.3704,0.70,periodic,37,359.00,1.884714
5638,1000,0.10,900,2,17,1.2508,0.70,periodic,38,405.00,1.223370
5639,1000,0.10,900,2,17,1.3064,0.70,periodic,39,348.00,1.747866
5640,1000,0.10,900,2,17,1.3363,0.70,periodic,40,355.00,1.342744
5641,1000,0.10,900,2,17,1.2916,0.70,periodic,41,361.00,1.599319
5642,1000,0.10,900,2,17,1.3772,0.70,periodic,42,371.00,2.041986
5643,1000,0.10,900,2,17,1.2869,0.70,periodic,43,357.00,1.819990
5644,1000,0.10,900,2,17,1.3458,0.70,periodic,44,351.00,1.286287
5645,1000,0.10,900,2,17,1.3291,0.70,periodic,45,327.00,1.286084
5646,1000,0.10,900,2,17,1.3334,0.70,periodic,46,359.00,1.745903
5647,1000,0.10,900,2,17,1.3046,0.70,periodic,47,339.00,1.317855
5648,1000,0.10,900,2,17,1.3743,0.70,periodic,48,338.00,1.203187
5649,1000,0.10,900,2,17,1.3425,0.70,periodic,49,339.00,1.987198
5650,1000,0.10,900,2,17,1.3783,0.70,periodic,50,352.00,1.753513
5651,1000,0.10,900,2,17,1.3181,0.70,periodic,51,381.00,1.659797
5652,1000,0.10,900,2,17,1.2827,0.70,periodic,52,392.00,1.808554
5653,1000,0.10,900,2,17,1.2896,0.70,periodic,53,362.00,1.907543
5654,1000,0.10,900,2,17,1.3632,0.70,periodic,54,349.00,1.525759
5655,1000,0.10,900,2,17,1.3249,0.70,periodic,55,364.00,1.540343
5656,1000,0.10,900,2,17,1.3172,0.70,periodic,56,379.00,2.059799
5657,1000,0.10,900,2,17,1.3530,0.70,periodic,57,370.00,1.337802
5658,1000,0.10,900,2,17,1.3481,0.70,periodic,58,355.00,2.031396
5659,1000,0.10,900,2,17,1.3198,0.70,periodic,59,350.00,1.629991
5660,1000,0.10,900,2,17,1.3085,0.70,periodic,60,358.00,1.515425
5661,1000,0.10,900,2,17,1.3418,0.70,periodic,61,368.00,1.381519
5662,1000,0.10,900,2,17,1.3944,0.70,periodic,62,362.00,1.382880
5663,1000,0.10,900,2,17,1.3342,0.70,periodic,63,370.00,1.801880
5664,1000,0.10,900,2,17,1.3637,0.70,periodic,64,342.00,1.284046
5665,1000,0.10,900,2,17,1.3109,0.70,periodic,65,373.00,1.638042
5666,1000,0.10,900,2,17,1.3107,0.70,periodic,66,374.00,1.635522
5667,1000,0.10,900,2,17,1.2874,0.70,periodic,67,354.00,1.635850
5668,1000,0.10,900,2,17,1.3813,0.70,periodic,68,346.00,1.580494
5669,1000,0.10,900,2,17,1.2945,0.70,periodic,69,351.00,1.746813
5670,1000,0.10,900,2,17,1.3227,0.70,periodic,70,352.00,2.071466
5671,1000,0.10,900,2,17,1.3611,0.70,periodic,71,364.00,1.602712
5672,1000,0.10,900,2,17,1.3631,0.70,periodic,72,363.00,1.377289
5673,1000,0.10,900,2,17,1.3110,0.70,periodic,73,365.00,1.260814
5674,1000,0.10,900,2,17,1.3501,0.70,periodic,74,380.00,1.728009
5675,1000,0.10,900,2,17,1.2923,0.70,periodic,75,329.00,1.359776
5676,1000,0.10,900,2,17,1.3158,0.70,periodic,76,358.00,1.230516
5677,1000,0.10,900,2,17,1.3427,0.70,periodic,77,335.00,1.862355
5678,1000,0.10,900,2,17,1.2759,0.70,periodic,78,358.00,1.317055
5679,1000,0.10,900,2,17,1.3179,0.70,periodic,79,372.00,2.491762
5680,1000,0.10,900,2,17,1.3991,0.70,periodic,80,344.00,1.335707
5681,1000,0.10,900,2,17,1.3601,0.70,periodic,81,350.00,1.420707
5682,1000,0.10,900,2,17,1.3211,0.70,periodic,82,378.00,1.647672
5683,1000,0.10,900,2,17,1.3575,0.70,periodic,83,334.00,1.795040
5684,1000,0.10,900,2,17,1.3003,0.70,periodic,84,367.00,1.266850
5685,1000,0.10,900,2,17,1.2857,0.70,periodic,85,389.00,1.700469
5686,1000,0.10,900,2,17,1.2837,0.70,periodic,86,363.00,1.185162
5687,1000,0.10,900,2,17,1.3385,0.70,periodic,87,378.00,1.397220
5688,1000,0.10,900,2,17,1.3978,0.70,periodic,88,374.00,1.855506
5689,1000,0.10,900,2,17,1.3472,0.70,periodic,89,358.00,1.051211
5690,1000,0.10,900,2,17,1.3382,0.70,periodic,90,372.00,1.424569
5691,1000,0.10,900,2,17,1.3471,0.70,periodic,91,337.00,1.380677
5692,1000,0.10,900,2,17,1.3547,0.70,periodic,92,352.00,1.590629
5693,1000,0.10,900,2,17,1.3489,0.70,periodic,93,351.00,1.630139
5694,1000,0.10,900,2,17,1.2958,0.70,periodic,94,351.00,1.812434
5695,1000,0.10,900,2,17,1.3282,0.70,periodic,95,346.00,1.455301
5696,1000,0.10,900,2,17,1.3505,0.70,periodic,96,366.00,1.063640
5697,1000,0.10,900,2,17,1.3500,0.70,periodic,97,378.00,1.462783
5698,1000,0.10,900,2,17,1.3483,0.70,periodic,98,361.00,1.787621
5699,1000,0.10,900,2,17,1.2893,0.70,periodic,99,375.00,1.276650
5700,1000,0.10,900,2,17,1.3615,0.75,periodic,0,358.00,1.816398
5701,1000,0.10,900,2,17,1.3537,0.75,periodic,1,370.00,1.550083
5702,1000,0.10,900,2,17,1.2919,0.75,periodic,2,347.00,1.446867
5703,1000,0.10,900,2,17,1.3056,0.75,periodic,3,338.00,1.771561
5704,1000,0.10,900,2,17,1.3378,0.75,periodic,4,351.00,1.657369
5705,1000,0.10,900,2,17,1.3340,0.75,periodic,5,347.00,1.828359
5706,1000,0.10,900,2,17,1.3017,0.75,periodic,6,352.00,1.907620
5707,1000,0.10,900,2,17,1.2646,0.75,periodic,7,328.00,1.688371
5708,1000,0.10,900,2,17,1.3708,0.75,periodic,8,357.00,1.666820
5709,1000,0.10,900,2,17,1.3333,0.75,periodic,9,364.00,1.318106
5710,1000,0.10,900,2,17,1.3089,0.75,periodic,10,376.00,1.740369
5711,1000,0.10,900,2,17,1.3277,0.75,periodic,11,362.00,1.042389
5712,1000,0.10,900,2,17,1.3920,0.75,periodic,12,355.00,1.596584
5713,1000,0.10,900,2,17,1.3494,0.75,periodic,13,392.00,1.510325
5714,1000,0.10,900,2,17,1.3461,0.75,periodic,14,349.00,1.331387
5715,1000,0.10,900,2,17,1.3191,0.75,periodic,15,386.00,1.214197
5716,1000,0.10,900,2,17,1.3077,0.75,periodic,16,355.00,1.701093
5717,1000,0.10,900,2,17,1.3323,0.75,periodic,17,364.00,1.445993
5718,1000,0.10,900,2,17,1.3663,0.75,periodic,18,361.00,1.532595
5719,1000,0.10,900,2,17,1.3362,0.75,periodic,19,359.00,2.298201
5720,1000,0.10,900,2,17,1.3220,0.75,periodic,20,364.00,1.492548
5721,1000,0.10,900,2,17,1.2827,0.75,periodic,21,360.00,1.722681
5722,1000,0.10,900,2,17,1.3551,0.75,periodic,22,354.00,1.428766
5723,1000,0.10,900,2,17,1.3130,0.75,periodic,23,351.00,1.426117
5724,1000,0.10,900,2,17,1.3320,0.75,periodic,24,338.00,1.784534
5725,1000,0.10,900,2,17,1.3437,0.75,periodic,25,348.00,1.676365
5726,1000,0.10,900,2,17,1.3581,0.75,periodic,26,354.00,1.861580
5727,1000,0.10,900,2,17,1.3306,0.75,periodic,27,362.00,1.646377
5728,1000,0.10,900,2,17,1.3503,0.75,periodic,28,373.00,2.251737
5729,1000,0.10,900,2,17,1.2873,0.75,periodic,29,346.00,1.376237
5730,1000,0.10,900,2,17,1.3161,0.75,periodic,30,344.00,1.739971
5731,1000,0.10,900,2,17,1.3806,0.75,periodic,31,351.00,1.814696
5732,1000,0.10,900,2,17,1.3224,0.75,periodic,32,365.00,1.529094
5733,1000,0.10,900,2,17,1.2983,0.75,periodic,33,369.00,1.713291
5734,1000,0.10,900,2,17,1.3394,0.75,periodic,34,335.00,1.531371
5735,1000,0.10,900,2,17,1.3373,0.75,periodic,35,351.00,1.726830
5736,1000,0.10,900,2,17,1.3509,0.75,periodic,36,363.00,1.041480
5737,1000,0.10,900,2,17,1.3609,0.75,periodic,37,353.00,1.748693
5738,1000,0.10,900,2,17,1.2843,0.75,periodic,38,358.00,1.696744
5739,1000,0.10,900,2,17,1.3258,0.75,periodic,39,351.00,1.997395
5740,1000,0.10,900,2,17,1.3060,0.75,periodic,40,340.00,1.785502
5741,1000,0.10,900,2,17,1.3134,0.75,periodic,41,370.00,1.965175
5742,1000,0.10,900,2,17,1.3730,0.75,periodic,42,351.00,1.775565
5743,1000,0.10,900,2,17,1.3437,0.75,periodic,43,362.00,1.486419
5744,1000,0.10,900,2,17,1.3547,0.75,periodic,44,352.00,1.231918
5745,1000,0.10,900,2,17,1.3149,0.75,periodic,45,351.00,1.337568
5746,1000,0.10,900,2,17,1.3269,0.75,periodic,46,361.00,1.536139
5747,1000,0.10,900,2,17,1.3644,0.75,periodic,47,345.00,1.883976
5748,1000,0.10,900,2,17,1.3249,0.75,periodic,48,370.00,1.471504
5749,1000,0.10,900,2,17,1.3107,0.75,periodic,49,348.00,1.407827
5750,1000,0.10,900,2,17,1.3669,0.75,periodic,50,343.00,1.481514
5751,1000,0.10,900,2,17,1.3026,0.75,periodic,51,336.00,1.472590
5752,1000,0.10,900,2,17,1.3499,0.75,periodic,52,343.00,1.512925
5753,1000,0.10,900,2,17,1.3792,0.75,periodic,53,367.00,1.339333
5754,1000,0.10,900,2,17,1.3206,0.75,periodic,54,356.00,2.347761
5755,1000,0.10,900,2,17,1.3167,0.75,periodic,55,336.00,1.513967
5756,1000,0.10,900,2,17,1.3181,0.75,periodic,56,355.00,1.885395
5757,1000,0.10,900,2,17,1.2953,0.75,periodic,57,342.00,1.485051
5758,1000,0.10,900,2,17,1.3629,0.75,periodic,58,357.00,1.813084
5759,1000,0.10,900,2,17,1.2925,0.75,periodic,59,358.00,2.471598
5760,1000,0.10,900,2,17,1.2721,0.75,periodic,60,372.00,2.403134
5761,1000,0.10,900,2,17,1.3550,0.75,periodic,61,338.00,1.570747
5762,1000,0.10,900,2,17,1.3175,0.75,periodic,62,347.00,1.743193
5763,1000,0.10,900,2,17,1.3272,0.75,periodic,63,337.00,1.285230
5764,1000,0.10,900,2,17,1.3651,0.75,periodic,64,347.00,1.676374
5765,1000,0.10,900,2,17,1.3598,0.75,periodic,65,345.00,1.760572
5766,1000,0.10,900,2,17,1.3679,0.75,periodic,66,367.00,1.896116
5767,1000,0.10,900,2,17,1.3584,0.75,periodic,67,369.00,1.778225
5768,1000,0.10,900,2,17,1.3621,0.75,periodic,68,350.00,1.618900
5769,1000,0.10,900,2,17,1.3264,0.75,periodic,69,325.00,2.301497
5770,1000,0.10,900,2,17,1.3296,0.75,periodic,70,344.00,1.427444
5771,1000,0.10,900,2,17,1.3645,0.75,periodic,71,346.00,1.577687
5772,1000,0.10,900,2,17,1.3171,0.75,periodic,72,319.00,1.682432
5773,1000,0.10,900,2,17,1.3250,0.75,periodic,73,354.00,1.590198
5774,1000,0.10,900,2,17,1.3519,0.75,periodic,74,353.00,1.664011
5775,1000,0.10,900,2,17,1.3092,0.75,periodic,75,370.00,2.163077
5776,1000,0.10,900,2,17,1.2970,0.75,periodic,76,345.00,1.879800
5777,1000,0.10,900,2,17,1.3437,0.75,periodic,77,339.00,1.601305
5778,1000,0.10,900,2,17,1.3576,0.75,periodic,78,349.00,1.763659
5779,1000,0.10,900,2,17,1.3202,0.75,periodic,79,353.00,1.658097
5780,1000,0.10,900,2,17,1.3015,0.75,periodic,80,348.00,1.844535
5781,1000,0.10,900,2,17,1.3346,0.75,periodic,81,326.00,1.725399
5782,1000,0.10,900,2,17,1.3567,0.75,periodic,82,364.00,1.446925
5783,1000,0.10,900,2,17,1.3208,0.75,periodic,83,347.00,1.458563
5784,1000,0.10,900,2,17,1.3908,0.75,periodic,84,343.00,1.492183
5785,1000,0.10,900,2,17,1.3237,0.75,periodic,85,346.00,1.276794
5786,1000,0.10,900,2,17,1.3230,0.75,periodic,86,329.00,1.706447
5787,1000,0.10,900,2,17,1.3316,0.75,periodic,87,375.00,1.173874
5788,1000,0.10,900,2,17,1.3462,0.75,periodic,88,347.00,1.171197
5789,1000,0.10,900,2,17,1.3566,0.75,periodic,89,350.00,1.667454
5790,1000,0.10,900,2,17,1.3156,0.75,periodic,90,342.00,1.504586
5791,1000,0.10,900,2,17,1.3395,0.75,periodic,91,332.00,1.697194
5792,1000,0.10,900,2,17,1.3448,0.75,periodic,92,382.00,1.386054
5793,1000,0.10,900,2,17,1.3314,0.75,periodic,93,341.00,1.532404
5794,1000,0.10,900,2,17,1.3531,0.75,periodic,94,350.00,1.601418
5795,1000,0.10,900,2,17,1.3250,0.75,periodic,95,332.00,1.912748
5796,1000,0.10,900,2,17,1.3574,0.75,periodic,96,330.00,1.613660
5797,1000,0.10,900,2,17,1.3253,0.75,periodic,97,358.00,1.958974
5798,1000,0.10,900,2,17,1.3458,0.75,periodic,98,359.00,1.642411
5799,1000,0.10,900,2,17,1.3275,0.75,periodic,99,381.00,2.269659
5800,1000,0.10,900,2,17,1.3308,0.80,periodic,0,358.00,1.494219
5801,1000,0.10,900,2,17,1.2791,0.80,periodic,1,346.00,1.794620
5802,1000,0.10,900,2,17,1.3119,0.80,periodic,2,364.00,1.099258
5803,1000,0.10,900,2,17,1.3255,0.80,periodic,3,365.00,1.291008
5804,1000,0.10,900,2,17,1.3540,0.80,periodic,4,344.00,2.393197
5805,1000,0.10,900,2,17,1.3096,0.80,periodic,5,356.00,1.735494
5806,1000,0.10,900,2,17,1.3207,0.80,periodic,6,333.00,1.386524
5807,1000,0.10,900,2,17,1.2863,0.80,periodic,7,355.00,1.723944
5808,1000,0.10,900,2,17,1.3533,0.80,periodic,8,340.00,1.896840
5809,1000,0.10,900,2,17,1.3514,0.80,periodic,9,363.00,1.725392
5810,1000,0.10,900,2,17,1.4034,0.80,periodic,10,375.00,1.654250
5811,1000,0.10,900,2,17,1.3533,0.80,periodic,11,365.00,2.097331
5812,1000,0.10,900,2,17,1.2988,0.80,periodic,12,345.00,1.596821
5813,1000,0.10,900,2,17,1.3187,0.80,periodic,13,324.00,1.550498
5814,1000,0.10,900,2,17,1.2985,0.80,periodic,14,362.00,2.127500
5815,1000,0.10,900,2,17,1.3440,0.80,periodic,15,349.00,1.902936
5816,1000,0.10,900,2,17,1.3262,0.80,periodic,16,331.00,2.188830
5817,1000,0.10,900,2,17,1.3416,0.80,periodic,17,357.00,2.041451
5818,1000,0.10,900,2,17,1.3282,0.80,periodic,18,343.00,1.556071
5819,1000,0.10,900,2,17,1.3164,0.80,periodic,19,339.00,1.715013
5820,1000,0.10,900,2,17,1.3226,0.80,periodic,20,355.00,1.414693
5821,1000,0.10,900,2,17,1.3150,0.80,periodic,21,319.00,1.834180
5822,1000,0.10,900,2,17,1.3659,0.80,periodic,22,356.00,2.642876
5823,1000,0.10,900,2,17,1.3699,0.80,periodic,23,370.00,1.965725
5824,1000,0.10,900,2,17,1.3163,0.80,periodic,24,319.00,1.738206
5825,1000,0.10,900,2,17,1.3028,0.80,periodic,25,327.00,2.047197
5826,1000,0.10,900,2,17,1.3632,0.80,periodic,26,381.00,2.018105
5827,1000,0.10,900,2,17,1.3270,0.80,periodic,27,345.00,1.802047
5828,1000,0.10,900,2,17,1.3354,0.80,periodic,28,343.00,1.817853
5829,1000,0.10,900,2,17,1.3428,0.80,periodic,29,347.00,1.759304
5830,1000,0.10,900,2,17,1.3490,0.80,periodic,30,315.00,1.602174
5831,1000,0.10,900,2,17,1.3190,0.80,periodic,31,356.00,1.535152
5832,1000,0.10,900,2,17,1.3349,0.80,periodic,32,359.00,1.624088
5833,1000,0.10,900,2,17,1.3371,0.80,periodic,33,334.00,1.896613
5834,1000,0.10,900,2,17,1.3659,0.80,periodic,34,337.00,1.477783
5835,1000,0.10,900,2,17,1.2892,0.80,periodic,35,348.00,1.996540
5836,1000,0.10,900,2,17,1.3423,0.80,periodic,36,343.00,1.448686
5837,1000,0.10,900,2,17,1.3003,0.80,periodic,37,356.00,1.817213
5838,1000,0.10,900,2,17,1.3380,0.80,periodic,38,367.00,1.561378
5839,1000,0.10,900,2,17,1.2894,0.80,periodic,39,344.00,1.960655
5840,1000,0.10,900,2,17,1.3658,0.80,periodic,40,340.00,1.602758
5841,1000,0.10,900,2,17,1.3072,0.80,periodic,41,381.00,1.824504
5842,1000,0.10,900,2,17,1.3142,0.80,periodic,42,340.00,1.777484
5843,1000,0.10,900,2,17,1.3261,0.80,periodic,43,354.00,1.768916
5844,1000,0.10,900,2,17,1.3489,0.80,periodic,44,334.00,1.883315
5845,1000,0.10,900,2,17,1.3307,0.80,periodic,45,344.00,1.484161
5846,1000,0.10,900,2,17,1.3774,0.80,periodic,46,345.00,1.892562
5847,1000,0.10,900,2,17,1.3587,0.80,periodic,47,335.00,2.059991
5848,1000,0.10,900,2,17,1.3644,0.80,periodic,48,344.00,1.434003
5849,1000,0.10,900,2,17,1.3252,0.80,periodic,49,347.00,1.869141
5850,1000,0.10,900,2,17,1.3439,0.80,periodic,50,347.00,2.272718
5851,1000,0.10,900,2,17,1.3755,0.80,periodic,51,348.00,1.111679
5852,1000,0.10,900,2,17,1.3400,0.80,periodic,52,366.00,1.703189
5853,1000,0.10,900,2,17,1.3229,0.80,periodic,53,327.00,1.950025
5854,1000,0.10,900,2,17,1.3089,0.80,periodic,54,363.00,1.743020
5855,1000,0.10,900,2,17,1.3667,0.80,periodic,55,336.00,1.671061
5856,1000,0.10,900,2,17,1.3270,0.80,periodic,56,342.00,1.943209
5857,1000,0.10,900,2,17,1.3122,0.80,periodic,57,367.00,2.119550
5858,1000,0.10,900,2,17,1.3472,0.80,periodic,58,367.00,1.510598
5859,1000,0.10,900,2,17,1.3481,0.80,periodic,59,380.00,1.792444
5860,1000,0.10,900,2,17,1.3755,0.80,periodic,60,355.00,1.732360
5861,1000,0.10,900,2,17,1.3418,0.80,periodic,61,359.00,1.596483
5862,1000,0.10,900,2,17,1.3351,0.80,periodic,62,356.00,1.629489
5863,1000,0.10,900,2,17,1.3767,0.80,periodic,63,356.00,1.700978
5864,1000,0.10,900,2,17,1.2877,0.80,periodic,64,358.00,2.002279
5865,1000,0.10,900,2,17,1.3680,0.80,periodic,65,379.00,1.744616
5866,1000,0.10,900,2,17,1.3306,0.80,periodic,66,346.00,1.677417
5867,1000,0.10,900,2,17,1.3549,0.80,periodic,67,325.00,1.664584
5868,1000,0.10,900,2,17,1.3287,0.80,periodic,68,328.00,1.770067
5869,1000,0.10,900,2,17,1.3305,0.80,periodic,69,374.00,1.860084
5870,1000,0.10,900,2,17,1.3512,0.80,periodic,70,353.00,2.078559
5871,1000,0.10,900,2,17,1.3832,0.80,periodic,71,345.00,1.890732
5872,1000,0.10,900,2,17,1.3462,0.80,periodic,72,356.00,2.091179
5873,1000,0.10,900,2,17,1.3455,0.80,periodic,73,365.00,1.867948
5874,1000,0.10,900,2,17,1.3473,0.80,periodic,74,358.00,1.543905
5875,1000,0.10,900,2,17,1.3141,0.80,periodic,75,329.00,1.731275
5876,1000,0.10,900,2,17,1.3585,0.80,periodic,76,369.00,1.917872
5877,1000,0.10,900,2,17,1.3457,0.80,periodic,77,334.00,1.706944
5878,1000,0.10,900,2,17,1.3209,0.80,periodic,78,354.00,1.708615
5879,1000,0.10,900,2,17,1.3702,0.80,periodic,79,341.00,1.925350
5880,1000,0.10,900,2,17,1.3205,0.80,periodic,80,335.00,1.815579
5881,1000,0.10,900,2,17,1.3106,0.80,periodic,81,323.00,1.615084
5882,1000,0.10,900,2,17,1.3607,0.80,periodic,82,350.00,1.700318
5883,1000,0.10,900,2,17,1.3652,0.80,periodic,83,353.00,1.888411
5884,1000,0.10,900,2,17,1.3083,0.80,periodic,84,360.00,1.408074
5885,1000,0.10,900,2,17,1.3473,0.80,periodic,85,364.00,1.626848
5886,1000,0.10,900,2,17,1.3934,0.80,periodic,86,355.00,2.201100
5887,1000,0.10,900,2,17,1.3241,0.80,periodic,87,336.00,1.688315
5888,1000,0.10,900,2,17,1.2917,0.80,periodic,88,366.00,1.645152
5889,1000,0.10,900,2,17,1.2962,0.80,periodic,89,380.00,1.622787
5890,1000,0.10,900,2,17,1.3696,0.80,periodic,90,344.00,1.615200
5891,1000,0.10,900,2,17,1.3639,0.80,periodic,91,351.00,1.837835
5892,1000,0.10,900,2,17,1.3321,0.80,periodic,92,353.00,1.848608
5893,1000,0.10,900,2,17,1.3036,0.80,periodic,93,349.00,1.704381
5894,1000,0.10,900,2,17,1.3173,0.80,periodic,94,355.00,1.984346
5895,1000,0.10,900,2,17,1.3453,0.80,periodic,95,323.00,1.485561
5896,1000,0.10,900,2,17,1.3556,0.80,periodic,96,331.00,1.612441
5897,1000,0.10,900,2,17,1.3994,0.80,periodic,97,348.00,1.515661
5898,1000,0.10,900,2,17,1.3905,0.80,periodic,98,361.00,1.784666
5899,1000,0.10,900,2,17,1.3118,0.80,periodic,99,348.00,1.682793
5900,1000,0.10,900,2,17,1.3365,0.85,periodic,0,335.00,2.070201
5901,1000,0.10,900,2,17,1.3391,0.85,periodic,1,337.00,2.006420
5902,1000,0.10,900,2,17,1.3413,0.85,periodic,2,321.00,2.786766
5903,1000,0.10,900,2,17,1.3132,0.85,periodic,3,339.00,1.715148
5904,1000,0.10,900,2,17,1.3732,0.85,periodic,4,347.00,2.053010
5905,1000,0.10,900,2,17,1.3246,0.85,periodic,5,360.00,1.791728
5906,1000,0.10,900,2,17,1.3193,0.85,periodic,6,351.00,1.748780
5907,1000,0.10,900,2,17,1.2831,0.85,periodic,7,351.00,1.850096
5908,1000,0.10,900,2,17,1.2970,0.85,periodic,8,348.00,1.823906
5909,1000,0.10,900,2,17,1.3664,0.85,periodic,9,376.00,2.245233
5910,1000,0.10,900,2,17,1.3801,0.85,periodic,10,358.00,1.851455
5911,1000,0.10,900,2,17,1.3231,0.85,periodic,11,352.00,1.870213
5912,1000,0.10,900,2,17,1.3873,0.85,periodic,12,365.00,1.720386
5913,1000,0.10,900,2,17,1.3164,0.85,periodic,13,305.00,1.659544
5914,1000,0.10,900,2,17,1.3057,0.85,periodic,14,371.00,2.104082
5915,1000,0.10,900,2,17,1.3257,0.85,periodic,15,352.00,2.210854
5916,1000,0.10,900,2,17,1.3520,0.85,periodic,16,389.00,2.187403
5917,1000,0.10,900,2,17,1.3441,0.85,periodic,17,332.00,2.305142
5918,1000,0.10,900,2,17,1.3570,0.85,periodic,18,362.00,2.616244
5919,1000,0.10,900,2,17,1.3362,0.85,periodic,19,338.00,1.884147
5920,1000,0.10,900,2,17,1.3318,0.85,periodic,20,362.00,1.953717
5921,1000,0.10,900,2,17,1.3559,0.85,periodic,21,316.00,1.347545
5922,1000,0.10,900,2,17,1.3255,0.85,periodic,22,339.00,1.644254
5923,1000,0.10,900,2,17,1.3491,0.85,periodic,23,344.00,2.181882
5924,1000,0.10,900,2,17,1.3429,0.85,periodic,24,374.00,1.385157
5925,1000,0.10,900,2,17,1.3309,0.85,periodic,25,347.00,1.788467
5926,1000,0.10,900,2,17,1.3360,0.85,periodic,26,358.00,1.833102
5927,1000,0.10,900,2,17,1.3192,0.85,periodic,27,327.00,1.770999
5928,1000,0.10,900,2,17,1.3556,0.85,periodic,28,346.00,1.460967
5929,1000,0.10,900,2,17,1.3239,0.85,periodic,29,358.00,1.658697
5930,1000,0.10,900,2,17,1.3098,0.85,periodic,30,320.00,1.839233
5931,1000,0.10,900,2,17,1.3424,0.85,periodic,31,351.00,2.032748
5932,1000,0.10,900,2,17,1.2998,0.85,periodic,32,320.00,1.942976
5933,1000,0.10,900,2,17,1.3494,0.85,periodic,33,364.00,2.117975
5934,1000,0.10,900,2,17,1.3513,0.85,periodic,34,372.00,2.285680
5935,1000,0.10,900,2,17,1.3545,0.85,periodic,35,355.00,1.711717
5936,1000,0.10,900,2,17,1.3773,0.85,periodic,36,354.00,1.733262
5937,1000,0.10,900,2,17,1.3553,0.85,periodic,37,330.00,1.603283
5938,1000,0.10,900,2,17,1.3547,0.85,periodic,38,335.00,1.672498
5939,1000,0.10,900,2,17,1.3579,0.85,periodic,39,353.00,2.250979
5940,1000,0.10,900,2,17,1.3614,0.85,periodic,40,349.00,1.829500
5941,1000,0.10,900,2,17,1.3384,0.85,periodic,41,351.00,2.147233
5942,1000,0.10,900,2,17,1.3091,0.85,periodic,42,353.00,1.705302
5943,1000,0.10,900,2,17,1.3322,0.85,periodic,43,332.00,1.796239
5944,1000,0.10,900,2,17,1.3049,0.85,periodic,44,346.00,1.995372
5945,1000,0.10,900,2,17,1.2917,0.85,periodic,45,359.00,2.523461
5946,1000,0.10,900,2,17,1.2969,0.85,periodic,46,347.00,1.925407
5947,1000,0.10,900,2,17,1.2900,0.85,periodic,47,360.00,2.165645
5948,1000,0.10,900,2,17,1.3576,0.85,periodic,48,336.00,1.874556
5949,1000,0.10,900,2,17,1.3179,0.85,periodic,49,343.00,1.829454
5950,1000,0.10,900,2,17,1.3317,0.85,periodic,50,359.00,2.132235
5951,1000,0.10,900,2,17,1.3499,0.85,periodic,51,343.00,1.687695
5952,1000,0.10,900,2,17,1.3452,0.85,periodic,52,366.00,2.284471
5953,1000,0.10,900,2,17,1.3318,0.85,periodic,53,320.00,1.849582
5954,1000,0.10,900,2,17,1.3887,0.85,periodic,54,351.00,1.594266
5955,1000,0.10,900,2,17,1.3509,0.85,periodic,55,367.00,2.142154
5956,1000,0.10,900,2,17,1.3423,0.85,periodic,56,344.00,2.230647
5957,1000,0.10,900,2,17,1.3284,0.85,periodic,57,340.00,2.086252
5958,1000,0.10,900,2,17,1.3396,0.85,periodic,58,349.00,2.256043
5959,1000,0.10,900,2,17,1.3477,0.85,periodic,59,369.00,2.352401
5960,1000,0.10,900,2,17,1.3747,0.85,periodic,60,338.00,1.860239
5961,1000,0.10,900,2,17,1.3181,0.85,periodic,61,343.00,1.759608
5962,1000,0.10,900,2,17,1.2978,0.85,periodic,62,336.00,1.816666
5963,1000,0.10,900,2,17,1.3608,0.85,periodic,63,396.00,2.070961
5964,1000,0.10,900,2,17,1.3079,0.85,periodic,64,352.00,1.704034
5965,1000,0.10,900,2,17,1.3681,0.85,periodic,65,366.00,2.323530
5966,1000,0.10,900,2,17,1.3798,0.85,periodic,66,340.00,1.673278
5967,1000,0.10,900,2,17,1.3505,0.85,periodic,67,363.00,1.689054
5968,1000,0.10,900,2,17,1.3384,0.85,periodic,68,355.00,1.589689
5969,1000,0.10,900,2,17,1.3914,0.85,periodic,69,328.00,2.259183
5970,1000,0.10,900,2,17,1.3782,0.85,periodic,70,333.00,1.907150
5971,1000,0.10,900,2,17,1.3363,0.85,periodic,71,341.00,1.251151
5972,1000,0.10,900,2,17,1.3691,0.85,periodic,72,349.00,1.748448
5973,1000,0.10,900,2,17,1.2916,0.85,periodic,73,339.00,1.856526
5974,1000,0.10,900,2,17,1.3453,0.85,periodic,74,346.00,1.958831
5975,1000,0.10,900,2,17,1.2941,0.85,periodic,75,332.00,1.832743
5976,1000,0.10,900,2,17,1.3430,0.85,periodic,76,322.00,1.935767
5977,1000,0.10,900,2,17,1.3214,0.85,periodic,77,324.00,1.752961
5978,1000,0.10,900,2,17,1.3753,0.85,periodic,78,350.00,1.804358
5979,1000,0.10,900,2,17,1.3806,0.85,periodic,79,365.00,1.725338
5980,1000,0.10,900,2,17,1.3081,0.85,periodic,80,374.00,1.944281
5981,1000,0.10,900,2,17,1.3183,0.85,periodic,81,351.00,2.019393
5982,1000,0.10,900,2,17,1.3610,0.85,periodic,82,360.00,1.793900
5983,1000,0.10,900,2,17,1.3227,0.85,periodic,83,337.00,2.099394
5984,1000,0.10,900,2,17,1.3547,0.85,periodic,84,338.00,2.242322
5985,1000,0.10,900,2,17,1.2959,0.85,periodic,85,355.00,1.739890
5986,1000,0.10,900,2,17,1.3371,0.85,periodic,86,336.00,2.344569
5987,1000,0.10,900,2,17,1.3057,0.85,periodic,87,337.00,1.408344
5988,1000,0.10,900,2,17,1.3162,0.85,periodic,88,328.00,1.965118
5989,1000,0.10,900,2,17,1.3759,0.85,periodic,89,358.00,2.028413
5990,1000,0.10,900,2,17,1.3105,0.85,periodic,90,345.00,2.123653
5991,1000,0.10,900,2,17,1.4049,0.85,periodic,91,337.00,1.964329
5992,1000,0.10,900,2,17,1.4070,0.85,periodic,92,337.00,2.142541
5993,1000,0.10,900,2,17,1.3386,0.85,periodic,93,344.00,2.077467
5994,1000,0.10,900,2,17,1.4135,0.85,periodic,94,339.00,1.729481
5995,1000,0.10,900,2,17,1.3301,0.85,periodic,95,355.00,2.436066
5996,1000,0.10,900,2,17,1.3306,0.85,periodic,96,341.00,1.655635
5997,1000,0.10,900,2,17,1.3655,0.85,periodic,97,334.00,1.612658
5998,1000,0.10,900,2,17,1.3337,0.85,periodic,98,349.00,1.589212
5999,1000,0.10,900,2,17,1.3243,0.85,periodic,99,369.00,1.971766
6000,1000,0.10,900,2,17,1.3188,0.90,periodic,0,348.00,2.171592
6001,1000,0.10,900,2,17,1.2895,0.90,periodic,1,366.00,2.012276
6002,1000,0.10,900,2,17,1.3132,0.90,periodic,2,363.00,2.278148
6003,1000,0.10,900,2,17,1.3420,0.90,periodic,3,334.00,2.228264
6004,1000,0.10,900,2,17,1.3022,0.90,periodic,4,342.00,2.138315
6005,1000,0.10,900,2,17,1.2914,0.90,periodic,5,332.00,1.865587
6006,1000,0.10,900,2,17,1.3534,0.90,periodic,6,341.00,1.880135
6007,1000,0.10,900,2,17,1.2972,0.90,periodic,7,379.00,2.010955
6008,1000,0.10,900,2,17,1.3407,0.90,periodic,8,342.00,1.830370
6009,1000,0.10,900,2,17,1.3431,0.90,periodic,9,339.00,2.059591
6010,1000,0.10,900,2,17,1.3253,0.90,periodic,10,347.00,2.476619
6011,1000,0.10,900,2,17,1.3294,0.90,periodic,11,356.00,1.900834
6012,1000,0.10,900,2,17,1.3338,0.90,periodic,12,350.00,2.197403
6013,1000,0.10,900,2,17,1.3299,0.90,periodic,13,360.00,2.498142
6014,1000,0.10,900,2,17,1.3546,0.90,periodic,14,351.00,2.160002
6015,1000,0.10,900,2,17,1.3602,0.90,periodic,15,328.00,2.174623
6016,1000,0.10,900,2,17,1.3732,0.90,periodic,16,331.00,2.008547
6017,1000,0.10,900,2,17,1.3221,0.90,periodic,17,344.00,2.681241
6018,1000,0.10,900,2,17,1.3695,0.90,periodic,18,347.00,1.888645
6019,1000,0.10,900,2,17,1.3899,0.90,periodic,19,357.00,1.834112
6020,1000,0.10,900,2,17,1.3216,0.90,periodic,20,347.00,2.012878
6021,1000,0.10,900,2,17,1.3428,0.90,periodic,21,331.00,1.952959
6022,1000,0.10,900,2,17,1.3261,0.90,periodic,22,339.00,2.232800
6023,1000,0.10,900,2,17,1.2897,0.90,periodic,23,334.00,1.803913
6024,1000,0.10,900,2,17,1.3354,0.90,periodic,24,324.00,2.164801
6025,1000,0.10,900,2,17,1.3655,0.90,periodic,25,334.00,2.276216
6026,1000,0.10,900,2,17,1.4052,0.90,periodic,26,319.00,1.922266
6027,1000,0.10,900,2,17,1.2844,0.90,periodic,27,368.00,1.987307
6028,1000,0.10,900,2,17,1.3357,0.90,periodic,28,353.00,1.666961
6029,1000,0.10,900,2,17,1.3513,0.90,periodic,29,352.00,2.029000
6030,1000,0.10,900,2,17,1.3630,0.90,periodic,30,364.00,2.226665
6031,1000,0.10,900,2,17,1.3432,0.90,periodic,31,336.00,1.964133
6032,1000,0.10,900,2,17,1.3033,0.90,periodic,32,366.00,2.292770
6033,1000,0.10,900,2,17,1.3847,0.90,periodic,33,327.00,1.936336
6034,1000,0.10,900,2,17,1.3639,0.90,periodic,34,330.00,1.811110
6035,1000,0.10,900,2,17,1.3205,0.90,periodic,35,346.00,1.958246
6036,1000,0.10,900,2,17,1.3658,0.90,periodic,36,360.00,2.085083
6037,1000,0.10,900,2,17,1.3214,0.90,periodic,37,354.00,2.090138
6038,1000,0.10,900,2,17,1.2610,0.90,periodic,38,353.00,2.448528
6039,1000,0.10,900,2,17,1.3417,0.90,periodic,39,365.00,2.066236
6040,1000,0.10,900,2,17,1.3315,0.90,periodic,40,320.00,1.843692
6041,1000,0.10,900,2,17,1.3302,0.90,periodic,41,332.00,1.726435
6042,1000,0.10,900,2,17,1.2827,0.90,periodic,42,337.00,1.691342
6043,1000,0.10,900,2,17,1.3051,0.90,periodic,43,330.00,1.957483
6044,1000,0.10,900,2,17,1.3395,0.90,periodic,44,348.00,1.915172
6045,1000,0.10,900,2,17,1.3074,0.90,periodic,45,341.00,2.443061
6046,1000,0.10,900,2,17,1.3214,0.90,periodic,46,357.00,2.077135
6047,1000,0.10,900,2,17,1.3123,0.90,periodic,47,355.00,2.249088
6048,1000,0.10,900,2,17,1.3076,0.90,periodic,48,370.00,1.958757
6049,1000,0.10,900,2,17,1.3619,0.90,periodic,49,352.00,2.037308
6050,1000,0.10,900,2,17,1.3598,0.90,periodic,50,359.00,1.854321
6051,1000,0.10,900,2,17,1.3157,0.90,periodic,51,344.00,1.938286
6052,1000,0.10,900,2,17,1.3512,0.90,periodic,52,340.00,2.275081
6053,1000,0.10,900,2,17,1.3235,0.90,periodic,53,352.00,1.853390
6054,1000,0.10,900,2,17,1.3308,0.90,periodic,54,350.00,1.772185
6055,1000,0.10,900,2,17,1.3082,0.90,periodic,55,359.00,1.983973
6056,1000,0.10,900,2,17,1.3429,0.90,periodic,56,350.00,1.938892
6057,1000,0.10,900,2,17,1.3367,0.90,periodic,57,366.00,2.191590
6058,1000,0.10,900,2,17,1.3282,0.90,periodic,58,336.00,1.950101
6059,1000,0.10,900,2,17,1.3043,0.90,periodic,59,364.00,2.053306
6060,1000,0.10,900,2,17,1.3466,0.90,periodic,60,353.00,1.638036
6061,1000,0.10,900,2,17,1.3236,0.90,periodic,61,332.00,2.099057
6062,1000,0.10,900,2,17,1.3188,0.90,periodic,62,332.00,2.069022
6063,1000,0.10,900,2,17,1.3521,0.90,periodic,63,360.00,1.649752
6064,1000,0.10,900,2,17,1.3274,0.90,periodic,64,354.00,2.362182
6065,1000,0.10,900,2,17,1.3547,0.90,periodic,65,323.00,2.403562
6066,1000,0.10,900,2,17,1.3175,0.90,periodic,66,333.00,2.280600
6067,1000,0.10,900,2,17,1.3580,0.90,periodic,67,326.00,1.955599
6068,1000,0.10,900,2,17,1.3479,0.90,periodic,68,359.00,2.180117
6069,1000,0.10,900,2,17,1.3391,0.90,periodic,69,343.00,2.197437
6070,1000,0.10,900,2,17,1.3208,0.90,periodic,70,351.00,1.910406
6071,1000,0.10,900,2,17,1.3004,0.90,periodic,71,323.00,1.824136
6072,1000,0.10,900,2,17,1.2362,0.90,periodic,72,341.00,1.935107
6073,1000,0.10,900,2,17,1.2936,0.90,periodic,73,349.00,1.917716
6074,1000,0.10,900,2,17,1.3338,0.90,periodic,74,350.00,2.068512
6075,1000,0.10,900,2,17,1.3625,0.90,periodic,75,324.00,1.649180
6076,1000,0.10,900,2,17,1.3290,0.90,periodic,76,336.00,1.710736
6077,1000,0.10,900,2,17,1.3487,0.90,periodic,77,345.00,2.727923
6078,1000,0.10,900,2,17,1.2937,0.90,periodic,78,346.00,1.556720
6079,1000,0.10,900,2,17,1.2934,0.90,periodic,79,351.00,2.366018
6080,1000,0.10,900,2,17,1.3826,0.90,periodic,80,353.00,2.000146
6081,1000,0.10,900,2,17,1.3065,0.90,periodic,81,360.00,2.147182
6082,1000,0.10,900,2,17,1.3746,0.90,periodic,82,330.00,2.167220
6083,1000,0.10,900,2,17,1.3282,0.90,periodic,83,357.00,2.104951
6084,1000,0.10,900,2,17,1.2991,0.90,periodic,84,357.00,2.867882
6085,1000,0.10,900,2,17,1.3213,0.90,periodic,85,334.00,2.157545
6086,1000,0.10,900,2,17,1.3197,0.90,periodic,86,356.00,1.812339
6087,1000,0.10,900,2,17,1.3110,0.90,periodic,87,332.00,2.246870
6088,1000,0.10,900,2,17,1.3263,0.90,periodic,88,362.00,2.146714
6089,1000,0.10,900,2,17,1.3638,0.90,periodic,89,356.00,2.197733
6090,1000,0.10,900,2,17,1.3349,0.90,periodic,90,354.00,1.622877
6091,1000,0.10,900,2,17,1.3483,0.90,periodic,91,375.00,2.002729
6092,1000,0.10,900,2,17,1.3549,0.90,periodic,92,354.00,2.183734
6093,1000,0.10,900,2,17,1.3759,0.90,periodic,93,333.00,2.156101
6094,1000,0.10,900,2,17,1.3454,0.90,periodic,94,355.00,2.029989
6095,1000,0.10,900,2,17,1.3961,0.90,periodic,95,354.00,2.047700
6096,1000,0.10,900,2,17,1.3182,0.90,periodic,96,345.00,1.978035
6097,1000,0.10,900,2,17,1.3059,0.90,periodic,97,342.00,2.018885
6098,1000,0.10,900,2,17,1.3460,0.90,periodic,98,341.00,1.873374
6099,1000,0.10,900,2,17,1.3403,0.90,periodic,99,355.00,1.887100
6100,1000,0.10,900,2,17,1.3080,0.95,periodic,0,333.00,1.956033
6101,1000,0.10,900,2,17,1.3366,0.95,periodic,1,326.00,1.871840
6102,1000,0.10,900,2,17,1.2954,0.95,periodic,2,342.00,2.314994
6103,1000,0.10,900,2,17,1.3260,0.95,periodic,3,362.00,2.192545
6104,1000,0.10,900,2,17,1.3203,0.95,periodic,4,342.00,2.119971
6105,1000,0.10,900,2,17,1.3343,0.95,periodic,5,359.00,2.356341
6106,1000,0.10,900,2,17,1.3728,0.95,periodic,6,358.00,2.527180
6107,1000,0.10,900,2,17,1.3000,0.95,periodic,7,318.00,2.064686
6108,1000,0.10,900,2,17,1.3296,0.95,periodic,8,369.00,2.460294
6109,1000,0.10,900,2,17,1.3560,0.95,periodic,9,321.00,2.180967
6110,1000,0.10,900,2,17,1.2802,0.95,periodic,10,330.00,2.404555
6111,1000,0.10,900,2,17,1.2926,0.95,periodic,11,349.00,2.133900
6112,1000,0.10,900,2,17,1.2889,0.95,periodic,12,327.00,2.159162
6113,1000,0.10,900,2,17,1.3255,0.95,periodic,13,328.00,2.352392
6114,1000,0.10,900,2,17,1.3525,0.95,periodic,14,338.00,2.560327
6115,1000,0.10,900,2,17,1.3509,0.95,periodic,15,333.00,1.980067
6116,1000,0.10,900,2,17,1.3035,0.95,periodic,16,317.00,2.090993
6117,1000,0.10,900,2,17,1.4043,0.95,periodic,17,339.00,2.298279
6118,1000,0.10,900,2,17,1.2700,0.95,periodic,18,327.00,2.172137
6119,1000,0.10,900,2,17,1.3477,0.95,periodic,19,347.00,2.521027
6120,1000,0.10,900,2,17,1.3274,0.95,periodic,20,340.00,2.303499
6121,1000,0.10,900,2,17,1.3946,0.95,periodic,21,325.00,2.217443
6122,1000,0.10,900,2,17,1.3761,0.95,periodic,22,345.00,1.566336
6123,1000,0.10,900,2,17,1.3110,0.95,periodic,23,362.00,2.068125
6124,1000,0.10,900,2,17,1.3634,0.95,periodic,24,353.00,2.118832
6125,1000,0.10,900,2,17,1.2753,0.95,periodic,25,353.00,2.388065
6126,1000,0.10,900,2,17,1.3691,0.95,periodic,26,337.00,2.397712
6127,1000,0.10,900,2,17,1.3559,0.95,periodic,27,371.00,2.115819
6128,1000,0.10,900,2,17,1.3600,0.95,periodic,28,335.00,2.249374
6129,1000,0.10,900,2,17,1.3572,0.95,periodic,29,374.00,1.639486
6130,1000,0.10,900,2,17,1.2968,0.95,periodic,30,359.00,2.045457
6131,1000,0.10,900,2,17,1.3209,0.95,periodic,31,388.00,1.972905
6132,1000,0.10,900,2,17,1.3698,0.95,periodic,32,335.00,1.761454
6133,1000,0.10,900,2,17,1.3893,0.95,periodic,33,342.00,1.948081
6134,1000,0.10,900,2,17,1.3560,0.95,periodic,34,368.00,2.037861
6135,1000,0.10,900,2,17,1.3193,0.95,periodic,35,364.00,2.108361
6136,1000,0.10,900,2,17,1.3215,0.95,periodic,36,360.00,2.201445
6137,1000,0.10,900,2,17,1.3758,0.95,periodic,37,328.00,2.285573
6138,1000,0.10,900,2,17,1.3238,0.95,periodic,38,336.00,2.137573
6139,1000,0.10,900,2,17,1.3797,0.95,periodic,39,346.00,2.337932
6140,1000,0.10,900,2,17,1.3254,0.95,periodic,40,331.00,1.920665
6141,1000,0.10,900,2,17,1.3088,0.95,periodic,41,354.00,1.935913
6142,1000,0.10,900,2,17,1.3125,0.95,periodic,42,327.00,1.815912
6143,1000,0.10,900,2,17,1.3723,0.95,periodic,43,343.00,2.348711
6144,1000,0.10,900,2,17,1.3459,0.95,periodic,44,346.00,2.408129
6145,1000,0.10,900,2,17,1.3160,0.95,periodic,45,345.00,2.619036
6146,1000,0.10,900,2,17,1.3132,0.95,periodic,46,346.00,2.093534
6147,1000,0.10,900,2,17,1.3035,0.95,periodic,47,333.00,1.901393
6148,1000,0.10,900,2,17,1.3033,0.95,periodic,48,329.00,2.143639
6149,1000,0.10,900,2,17,1.3314,0.95,periodic,49,343.00,2.208758
6150,1000,0.10,900,2,17,1.3504,0.95,periodic,50,326.00,2.075091
6151,1000,0.10,900,2,17,1.3368,0.95,periodic,51,356.00,2.510444
6152,1000,0.10,900,2,17,1.3818,0.95,periodic,52,330.00,2.302306
6153,1000,0.10,900,2,17,1.3543,0.95,periodic,53,326.00,2.182501
6154,1000,0.10,900,2,17,1.3358,0.95,periodic,54,359.00,1.919843
6155,1000,0.10,900,2,17,1.3657,0.95,periodic,55,343.00,2.185909
6156,1000,0.10,900,2,17,1.3666,0.95,periodic,56,367.00,2.050926
6157,1000,0.10,900,2,17,1.3838,0.95,periodic,57,347.00,2.556545
6158,1000,0.10,900,2,17,1.3790,0.95,periodic,58,333.00,2.143650
6159,1000,0.10,900,2,17,1.3563,0.95,periodic,59,345.00,2.394606
6160,1000,0.10,900,2,17,1.3888,0.95,periodic,60,344.00,2.201818
6161,1000,0.10,900,2,17,1.3267,0.95,periodic,61,347.00,2.292099
6162,1000,0.10,900,2,17,1.2869,0.95,periodic,62,337.00,2.251070
6163,1000,0.10,900,2,17,1.3255,0.95,periodic,63,350.00,2.147741
6164,1000,0.10,900,2,17,1.2847,0.95,periodic,64,330.00,2.045814
6165,1000,0.10,900,2,17,1.3558,0.95,periodic,65,344.00,2.149983
6166,1000,0.10,900,2,17,1.3584,0.95,periodic,66,336.00,1.824615
6167,1000,0.10,900,2,17,1.2602,0.95,periodic,67,349.00,1.877072
6168,1000,0.10,900,2,17,1.3438,0.95,periodic,68,345.00,1.827517
6169,1000,0.10,900,2,17,1.3253,0.95,periodic,69,362.00,2.425781
6170,1000,0.10,900,2,17,1.3584,0.95,periodic,70,343.00,2.412864
6171,1000,0.10,900,2,17,1.3283,0.95,periodic,71,343.00,2.240254
6172,1000,0.10,900,2,17,1.3795,0.95,periodic,72,351.00,1.650793
6173,1000,0.10,900,2,17,1.3737,0.95,periodic,73,357.00,1.860866
6174,1000,0.10,900,2,17,1.3399,0.95,periodic,74,335.00,1.924222
6175,1000,0.10,900,2,17,1.3302,0.95,periodic,75,333.00,2.087791
6176,1000,0.10,900,2,17,1.3499,0.95,periodic,76,351.00,2.001921
6177,1000,0.10,900,2,17,1.3499,0.95,periodic,77,349.00,1.651481
6178,1000,0.10,900,2,17,1.3558,0.95,periodic,78,360.00,2.022915
6179,1000,0.10,900,2,17,1.3417,0.95,periodic,79,355.00,1.926387
6180,1000,0.10,900,2,17,1.3203,0.95,periodic,80,343.00,2.261420
6181,1000,0.10,900,2,17,1.3088,0.95,periodic,81,348.00,2.491086
6182,1000,0.10,900,2,17,1.4117,0.95,periodic,82,342.00,2.150190
6183,1000,0.10,900,2,17,1.3186,0.95,periodic,83,336.00,1.913538
6184,1000,0.10,900,2,17,1.2368,0.95,periodic,84,352.00,1.874393
6185,1000,0.10,900,2,17,1.3171,0.95,periodic,85,339.00,1.783850
6186,1000,0.10,900,2,17,1.3356,0.95,periodic,86,331.00,1.935478
6187,1000,0.10,900,2,17,1.3064,0.95,periodic,87,337.00,2.242070
6188,1000,0.10,900,2,17,1.3329,0.95,periodic,88,342.00,1.714492
6189,1000,0.10,900,2,17,1.3098,0.95,periodic,89,335.00,2.056887
6190,1000,0.10,900,2,17,1.3574,0.95,periodic,90,351.00,2.023386
6191,1000,0.10,900,2,17,1.3760,0.95,periodic,91,361.00,1.723448
6192,1000,0.10,900,2,17,1.3350,0.95,periodic,92,332.00,2.557444
6193,1000,0.10,900,2,17,1.3021,0.95,periodic,93,315.00,2.229396
6194,1000,0.10,900,2,17,1.3251,0.95,periodic,94,346.00,1.759952
6195,1000,0.10,900,2,17,1.3372,0.95,periodic,95,360.00,1.984119
6196,1000,0.10,900,2,17,1.3479,0.95,periodic,96,326.00,2.074482
6197,1000,0.10,900,2,17,1.3139,0.95,periodic,97,326.00,2.446096
6198,1000,0.10,900,2,17,1.2794,0.95,periodic,98,316.00,2.066827
6199,1000,0.10,900,2,17,1.3008,0.95,periodic,99,340.00,1.955836
6200,1000,0.10,900,2,17,1.3207,1.00,periodic,0,335.00,2.328578
6201,1000,0.10,900,2,17,1.3044,1.00,periodic,1,332.00,2.132421
6202,1000,0.10,900,2,17,1.3159,1.00,periodic,2,341.00,2.184362
6203,1000,0.10,900,2,17,1.3264,1.00,periodic,3,342.00,2.232752
6204,1000,0.10,900,2,17,1.3347,1.00,periodic,4,367.00,1.992580
6205,1000,0.10,900,2,17,1.3206,1.00,periodic,5,362.00,2.066762
6206,1000,0.10,900,2,17,1.3274,1.00,periodic,6,323.00,2.677711
6207,1000,0.10,900,2,17,1.3076,1.00,periodic,7,363.00,2.325963
6208,1000,0.10,900,2,17,1.2936,1.00,periodic,8,342.00,2.246114
6209,1000,0.10,900,2,17,1.3126,1.00,periodic,9,340.00,2.297867
6210,1000,0.10,900,2,17,1.4114,1.00,periodic,10,344.00,2.170839
6211,1000,0.10,900,2,17,1.2908,1.00,periodic,11,340.00,2.052598
6212,1000,0.10,900,2,17,1.2878,1.00,periodic,12,341.00,2.094167
6213,1000,0.10,900,2,17,1.3325,1.00,periodic,13,336.00,2.824016
6214,1000,0.10,900,2,17,1.3129,1.00,periodic,14,322.00,2.077948
6215,1000,0.10,900,2,17,1.3681,1.00,periodic,15,323.00,2.049958
6216,1000,0.10,900,2,17,1.3008,1.00,periodic,16,358.00,2.107682
6217,1000,0.10,900,2,17,1.3409,1.00,periodic,17,318.00,2.273273
6218,1000,0.10,900,2,17,1.3093,1.00,periodic,18,346.00,2.599220
6219,1000,0.10,900,2,17,1.3296,1.00,periodic,19,346.00,2.052717
6220,1000,0.10,900,2,17,1.3183,1.00,periodic,20,320.00,1.831676
6221,1000,0.10,900,2,17,1.3012,1.00,periodic,21,315.00,1.927383
6222,1000,0.10,900,2,17,1.3120,1.00,periodic,22,336.00,2.875647
6223,1000,0.10,900,2,17,1.2924,1.00,periodic,23,343.00,2.501451
6224,1000,0.10,900,2,17,1.3001,1.00,periodic,24,351.00,2.264334
6225,1000,0.10,900,2,17,1.3250,1.00,periodic,25,329.00,2.384195
6226,1000,0.10,900,2,17,1.3137,1.00,periodic,26,360.00,2.414070
6227,1000,0.10,900,2,17,1.3297,1.00,periodic,27,364.00,2.045506
6228,1000,0.10,900,2,17,1.3167,1.00,periodic,28,342.00,2.104793
6229,1000,0.10,900,2,17,1.3502,1.00,periodic,29,342.00,2.297225
6230,1000,0.10,900,2,17,1.3681,1.00,periodic,30,343.00,2.687946
6231,1000,0.10,900,2,17,1.3342,1.00,periodic,31,315.00,2.282525
6232,1000,0.10,900,2,17,1.4035,1.00,periodic,32,344.00,2.012701
6233,1000,0.10,900,2,17,1.2841,1.00,periodic,33,330.00,2.017593
6234,1000,0.10,900,2,17,1.3475,1.00,periodic,34,352.00,2.809447
6235,1000,0.10,900,2,17,1.3415,1.00,periodic,35,339.00,2.090418
6236,1000,0.10,900,2,17,1.3862,1.00,periodic,36,353.00,2.296383
6237,1000,0.10,900,2,17,1.3459,1.00,periodic,37,336.00,1.967696
6238,1000,0.10,900,2,17,1.3205,1.00,periodic,38,352.00,2.426195
6239,1000,0.10,900,2,17,1.3425,1.00,periodic,39,360.00,2.172151
6240,1000,0.10,900,2,17,1.4127,1.00,periodic,40,353.00,2.384072
6241,1000,0.10,900,2,17,1.3233,1.00,periodic,41,325.00,2.091355
6242,1000,0.10,900,2,17,1.3117,1.00,periodic,42,343.00,1.952801
6243,1000,0.10,900,2,17,1.3559,1.00,periodic,43,352.00,2.110133
6244,1000,0.10,900,2,17,1.3079,1.00,periodic,44,340.00,2.112464
6245,1000,0.10,900,2,17,1.3512,1.00,periodic,45,346.00,2.491640
6246,1000,0.10,900,2,17,1.2824,1.00,periodic,46,339.00,2.292885
6247,1000,0.10,900,2,17,1.3184,1.00,periodic,47,343.00,2.384032
6248,1000,0.10,900,2,17,1.3599,1.00,periodic,48,337.00,2.161071
6249,1000,0.10,900,2,17,1.2922,1.00,periodic,49,331.00,2.228064
6250,1000,0.10,900,2,17,1.3107,1.00,periodic,50,319.00,2.365605
6251,1000,0.10,900,2,17,1.3319,1.00,periodic,51,332.00,1.876330
6252,1000,0.10,900,2,17,1.3155,1.00,periodic,52,322.00,2.263222
6253,1000,0.10,900,2,17,1.3346,1.00,periodic,53,335.00,2.143749
6254,1000,0.10,900,2,17,1.3182,1.00,periodic,54,321.00,2.826103
6255,1000,0.10,900,2,17,1.3054,1.00,periodic,55,324.00,2.014414
6256,1000,0.10,900,2,17,1.3290,1.00,periodic,56,361.00,2.595587
6257,1000,0.10,900,2,17,1.3125,1.00,periodic,57,360.00,2.005904
6258,1000,0.10,900,2,17,1.3514,1.00,periodic,58,344.00,2.083693
6259,1000,0.10,900,2,17,1.3896,1.00,periodic,59,334.00,2.043372
6260,1000,0.10,900,2,17,1.3317,1.00,periodic,60,342.00,2.067583
6261,1000,0.10,900,2,17,1.3543,1.00,periodic,61,357.00,2.356869
6262,1000,0.10,900,2,17,1.3496,1.00,periodic,62,330.00,2.388729
6263,1000,0.10,900,2,17,1.3489,1.00,periodic,63,323.00,2.522654
6264,1000,0.10,900,2,17,1.2428,1.00,periodic,64,332.00,2.758773
6265,1000,0.10,900,2,17,1.3064,1.00,periodic,65,334.00,2.117753
6266,1000,0.10,900,2,17,1.2451,1.00,periodic,66,349.00,2.076120
6267,1000,0.10,900,2,17,1.3484,1.00,periodic,67,325.00,2.969329
6268,1000,0.10,900,2,17,1.3156,1.00,periodic,68,359.00,2.088745
6269,1000,0.10,900,2,17,1.2947,1.00,periodic,69,326.00,2.116381
6270,1000,0.10,900,2,17,1.3473,1.00,periodic,70,323.00,2.233151
6271,1000,0.10,900,2,17,1.3016,1.00,periodic,71,328.00,1.678791
6272,1000,0.10,900,2,17,1.3554,1.00,periodic,72,351.00,2.233363
6273,1000,0.10,900,2,17,1.3294,1.00,periodic,73,348.00,2.678712
6274,1000,0.10,900,2,17,1.3696,1.00,periodic,74,335.00,2.199913
6275,1000,0.10,900,2,17,1.3210,1.00,periodic,75,351.00,2.034308
6276,1000,0.10,900,2,17,1.2958,1.00,periodic,76,313.00,2.121304
6277,1000,0.10,900,2,17,1.2900,1.00,periodic,77,334.00,2.460218
6278,1000,0.10,900,2,17,1.3092,1.00,periodic,78,334.00,2.019134
6279,1000,0.10,900,2,17,1.3796,1.00,periodic,79,335.00,2.401080
6280,1000,0.10,900,2,17,1.2833,1.00,periodic,80,360.00,2.330279
6281,1000,0.10,900,2,17,1.2974,1.00,periodic,81,337.00,2.418463
6282,1000,0.10,900,2,17,1.3481,1.00,periodic,82,320.00,2.284055
6283,1000,0.10,900,2,17,1.3119,1.00,periodic,83,344.00,2.148917
6284,1000,0.10,900,2,17,1.3211,1.00,periodic,84,339.00,2.227263
6285,1000,0.10,900,2,17,1.3373,1.00,periodic,85,333.00,2.012250
6286,1000,0.10,900,2,17,1.3311,1.00,periodic,86,329.00,2.296376
6287,1000,0.10,900,2,17,1.3594,1.00,periodic,87,315.00,2.491596
6288,1000,0.10,900,2,17,1.3984,1.00,periodic,88,328.00,2.418064
6289,1000,0.10,900,2,17,1.3071,1.00,periodic,89,348.00,2.249799
6290,1000,0.10,900,2,17,1.3571,1.00,periodic,90,324.00,2.488948
6291,1000,0.10,900,2,17,1.3060,1.00,periodic,91,349.00,1.774121
6292,1000,0.10,900,2,17,1.3247,1.00,periodic,92,321.00,2.002256
6293,1000,0.10,900,2,17,1.3820,1.00,periodic,93,361.00,2.152487
6294,1000,0.10,900,2,17,1.3225,1.00,periodic,94,347.00,1.969833
6295,1000,0.10,900,2,17,1.3123,1.00,periodic,95,327.00,1.926729
6296,1000,0.10,900,2,17,1.3299,1.00,periodic,96,336.00,2.018469
6297,1000,0.10,900,2,17,1.3543,1.00,periodic,97,343.00,2.186656
6298,1000,0.10,900,2,17,1.3454,1.00,periodic,98,323.00,2.237125
6299,1000,0.10,900,2,17,1.2942,1.00,periodic,99,336.00,2.079085
6300,1000,0.10,900,3,35,0.9875,0.00,constant,0,1000.00,0.272780
6301,1000,0.10,900,3,35,1.0121,0.00,constant,1,1006.00,0.091241
6302,1000,0.10,900,3,35,0.9941,0.00,constant,2,1056.00,0.129689
6303,1000,0.10,900,3,35,1.0131,0.00,constant,3,947.00,0.718633
6304,1000,0.10,900,3,35,1.0265,0.00,constant,4,942.00,1.161557
6305,1000,0.10,900,3,35,0.9815,0.00,constant,5,999.00,0.617246
6306,1000,0.10,900,3,35,0.9367,0.00,constant,6,981.00,0.254385
6307,1000,0.10,900,3,35,1.0058,0.00,constant,7,987.00,0.080012
6308,1000,0.10,900,3,35,1.0099,0.00,constant,8,946.00,0.337150
6309,1000,0.10,900,3,35,1.0638,0.00,constant,9,935.00,0.090488
6310,1000,0.10,900,3,35,0.9903,0.00,constant,10,990.00,1.199557
6311,1000,0.10,900,3,35,1.0108,0.00,constant,11,986.00,0.897586
6312,1000,0.10,900,3,35,1.0096,0.00,constant,12,988.00,0.433955
6313,1000,0.10,900,3,35,1.0119,0.00,constant,13,1003.00,0.254295
6314,1000,0.10,900,3,35,1.0079,0.00,constant,14,995.00,0.216335
6315,1000,0.10,900,3,35,0.9782,0.00,constant,15,995.00,0.342743
6316,1000,0.10,900,3,35,1.0383,0.00,constant,16,1008.00,0.729730
6317,1000,0.10,900,3,35,0.9837,0.00,constant,17,988.00,1.094073
6318,1000,0.10,900,3,35,0.9905,0.00,constant,18,1013.00,1.081033
6319,1000,0.10,900,3,35,1.0255,0.00,constant,19,1017.00,1.131622
6320,1000,0.10,900,3,35,0.9644,0.00,constant,20,1022.00,0.263914
6321,1000,0.10,900,3,35,1.0412,0.00,constant,21,1007.00,1.518277
6322,1000,0.10,900,3,35,1.0091,0.00,constant,22,1006.00,0.354831
6323,1000,0.10,900,3,35,1.0070,0.00,constant,23,999.00,1.243360
6324,1000,0.10,900,3,35,1.0279,0.00,constant,24,994.00,0.226953
6325,1000,0.10,900,3,35,0.9811,0.00,constant,25,978.00,1.637175
6326,1000,0.10,900,3,35,0.9464,0.00,constant,26,1018.00,0.596210
6327,1000,0.10,900,3,35,0.9870,0.00,constant,27,993.00,0.244618
6328,1000,0.10,900,3,35,1.0043,0.00,constant,28,1013.00,0.488127
6329,1000,0.10,900,3,35,0.9957,0.00,constant,29,1009.00,0.515321
6330,1000,0.10,900,3,35,0.9841,0.00,constant,30,981.00,1.607773
6331,1000,0.10,900,3,35,1.0327,0.00,constant,31,972.00,0.179325
6332,1000,0.10,900,3,35,0.9637,0.00,constant,32,989.00,0.536784
6333,1000,0.10,900,3,35,1.0386,0.00,constant,33,968.00,0.629669
6334,1000,0.10,900,3,35,0.9962,0.00,constant,34,1025.00,0.926508
6335,1000,0.10,900,3,35,1.0326,0.00,constant,35,1023.00,1.059571
6336,1000,0.10,900,3,35,0.9984,0.00,constant,36,996.00,0.981816
6337,1000,0.10,900,3,35,1.0012,0.00,constant,37,1000.00,0.106278
6338,1000,0.10,900,3,35,1.0032,0.00,constant,38,990.00,0.242312
6339,1000,0.10,900,3,35,1.0057,0.00,constant,39,999.00,0.468304
6340,1000,0.10,900,3,35,0.9850,0.00,constant,40,1081.00,1.795634
6341,1000,0.10,900,3,35,0.9790,0.00,constant,41,1009.00,1.649257
6342,1000,0.10,900,3,35,1.0705,0.00,constant,42,1058.00,0.433242
6343,1000,0.10,900,3,35,1.0004,0.00,constant,43,981.00,0.785530
6344,1000,0.10,900,3,35,0.9794,0.00,constant,44,982.00,0.384749
6345,1000,0.10,900,3,35,1.0274,0.00,constant,45,1001.00,1.350325
6346,1000,0.10,900,3,35,1.0132,0.00,constant,46,1007.00,1.006954
6347,1000,0.10,900,3,35,1.0117,0.00,constant,47,967.00,0.706158
6348,1000,0.10,900,3,35,1.0090,0.00,constant,48,1024.00,0.802663
6349,1000,0.10,900,3,35,1.0163,0.00,constant,49,1025.00,2.041852
6350,1000,0.10,900,3,35,0.9843,0.00,constant,50,1015.00,0.160351
6351,1000,0.10,900,3,35,0.9729,0.00,constant,51,979.00,2.277327
6352,1000,0.10,900,3,35,0.9978,0.00,constant,52,998.00,0.753434
6353,1000,0.10,900,3,35,1.0194,0.00,constant,53,1009.00,0.284261
6354,1000,0.10,900,3,35,0.9883,0.00,constant,54,1021.00,0.413013
6355,1000,0.10,900,3,35,1.0168,0.00,constant,55,979.00,0.052806
6356,1000,0.10,900,3,35,1.0108,0.00,constant,56,983.00,0.420694
6357,1000,0.10,900,3,35,0.9515,0.00,constant,57,1015.00,0.787066
6358,1000,0.10,900,3,35,0.9878,0.00,constant,58,977.00,2.120113
6359,1000,0.10,900,3,35,1.0089,0.00,constant,59,986.00,0.308905
6360,1000,0.10,900,3,35,1.0049,0.00,constant,60,944.00,0.910964
6361,1000,0.10,900,3,35,0.9829,0.00,constant,61,1012.00,0.299681
6362,1000,0.10,900,3,35,0.9988,0.00,constant,62,1033.00,1.926859
6363,1000,0.10,900,3,35,0.9773,0.00,constant,63,988.00,0.607260
6364,1000,0.10,900,3,35,0.9999,0.00,constant,64,977.00,0.176828
6365,1000,0.10,900,3,35,0.9990,0.00,constant,65,1010.00,0.268104
6366,1000,0.10,900,3,35,1.0234,0.00,constant,66,1025.00,1.682162
6367,1000,0.10,900,3,35,1.0173,0.00,constant,67,1008.00,0.569433
6368,1000,0.10,900,3,35,1.0213,0.00,constant,68,998.00,0.564953
6369,1000,0.10,900,3,35,0.9894,0.00,constant,69,1008.00,0.514152
6370,1000,0.10,900,3,35,0.9416,0.00,constant,70,1002.00,0.020327
6371,1000,0.10,900,3,35,0.9945,0.00,constant,71,1006.00,0.543889
6372,1000,0.10,900,3,35,0.9592,0.00,constant,72,983.00,0.826371
6373,1000,0.10,900,3,35,0.9600,0.00,constant,73,1018.00,0.276417
6374,1000,0.10,900,3,35,0.9927,0.00,constant,74,994.00,1.606175
6375,1000,0.10,900,3,35,1.0005,0.00,constant,75,1008.00,0.090273
6376,1000,0.10,900,3,35,0.9565,0.00,constant,76,1021.00,0.492821
6377,1000,0.10,900,3,35,0.9933,0.00,constant,77,982.00,0.617775
6378,1000,0.10,900,3,35,1.0214,0.00,constant,78,996.00,1.002526
6379,1000,0.10,900,3,35,0.9926,0.00,constant,79,982.00,0.379589
6380,1000,0.10,900,3,35,0.9877,0.00,constant,80,956.00,0.956205
6381,1000,0.10,900,3,35,1.0041,0.00,constant,81,987.00,0.162914
6382,1000,0.10,900,3,35,0.9964,0.00,constant,82,991.00,0.465584
6383,1000,0.10,900,3,35,0.9860,0.00,constant,83,963.00,0.584091
6384,1000,0.10,900,3,35,1.0320,0.00,constant,84,1003.00,0.475523
6385,1000,0.10,900,3,35,1.0028,0.00,constant,85,1023.00,0.967966
6386,1000,0.10,900,3,35,0.9790,0.00,constant,86,996.00,1.152134
6387,1000,0.10,900,3,35,1.0194,0.00,constant,87,978.00,1.843410
6388,1000,0.10,900,3,35,1.0219,0.00,constant,88,951.00,0.295341
6389,1000,0.10,900,3,35,0.9854,0.00,constant,89,987.00,0.395502
6390,1000,0.10,900,3,35,0.9965,0.00,constant,90,990.00,0.953671
6391,1000,0.10,900,3,35,1.0088,0.00,constant,91,999.00,0.911392
6392,1000,0.10,900,3,35,0.9943,0.00,constant,92,964.00,0.456140
6393,1000,0.10,900,3,35,0.9964,0.00,constant,93,941.00,1.370379
6394,1000,0.10,900,3,35,0.9959,0.00,constant,94,1014.00,1.326253
6395,1000,0.10,900,3,35,1.0126,0.00,constant,95,1024.00,0.298938
6396,1000,0.10,900,3,35,1.0105,0.00,constant,96,951.00,1.571782
6397,1000,0.10,900,3,35,0.9866,0.00,constant,97,1011.00,0.298102
6398,1000,0.10,900,3,35,1.0002,0.00,constant,98,979.00,0.574612
6399,1000,0.10,900,3,35,0.9976,0.00,constant,99,990.00,0.171903
6400,1000,0.10,900,3,35,1.1480,0.05,constant,0,997.00,1.650926
6401,1000,0.10,900,3,35,1.1352,0.05,constant,1,1002.00,0.227905
6402,1000,0.10,900,3,35,1.0538,0.05,constant,2,970.00,0.700345
6403,1000,0.10,900,3,35,1.1219,0.05,constant,3,1010.00,0.091808
6404,1000,0.10,900,3,35,1.1541,0.05,constant,4,962.00,0.503632
6405,1000,0.10,900,3,35,1.0917,0.05,constant,5,961.00,0.662778
6406,1000,0.10,900,3,35,1.1304,0.05,constant,6,997.00,0.845019
6407,1000,0.10,900,3,35,1.1118,0.05,constant,7,969.00,0.533880
6408,1000,0.10,900,3,35,1.1428,0.05,constant,8,945.00,0.788580
6409,1000,0.10,900,3,35,1.0730,0.05,constant,9,979.00,0.289973
6410,1000,0.10,900,3,35,1.0951,0.05,constant,10,975.00,0.733455
6411,1000,0.10,900,3,35,1.0945,0.05,constant,11,958.00,0.437196
6412,1000,0.10,900,3,35,1.1163,0.05,constant,12,1002.00,1.955153
6413,1000,0.10,900,3,35,1.1114,0.05,constant,13,995.00,0.571619
6414,1000,0.10,900,3,35,1.1723,0.05,constant,14,1005.00,1.248378
6415,1000,0.10,900,3,35,1.1621,0.05,constant,15,992.00,0.267149
6416,1000,0.10,900,3,35,1.0901,0.05,constant,16,970.00,0.607172
6417,1000,0.10,900,3,35,1.1196,0.05,constant,17,927.00,0.881536
6418,1000,0.10,900,3,35,1.1316,0.05,constant,18,982.00,0.441674
6419,1000,0.10,900,3,35,1.1200,0.05,constant,19,1005.00,0.400808
6420,1000,0.10,900,3,35,1.0930,0.05,constant,20,972.00,0.688835
6421,1000,0.10,900,3,35,1.0843,0.05,constant,21,988.00,1.719772
6422,1000,0.10,900,3,35,1.0868,0.05,constant,22,1007.00,0.495654
6423,1000,0.10,900,3,35,1.0849,0.05,constant,23,962.00,0.196041
6424,1000,0.10,900,3,35,1.1218,0.05,constant,24,935.00,0.600596
6425,1000,0.10,900,3,35,1.1082,0.05,constant,25,958.00,1.416014
6426,1000,0.10,900,3,35,1.1830,0.05,constant,26,989.00,1.291433
6427,1000,0.10,900,3,35,1.0918,0.05,constant,27,1007.00,0.726829
6428,1000,0.10,900,3,35,1.1360,0.05,constant,28,949.00,0.261220
6429,1000,0.10,900,3,35,1.1097,0.05,constant,29,975.00,0.388426
6430,1000,0.10,900,3,35,1.1194,0.05,constant,30,936.00,1.560660
6431,1000,0.10,900,3,35,1.0518,0.05,constant,31,984.00,1.364732
6432,1000,0.10,900,3,35,1.1331,0.05,constant,32,966.00,0.946761
6433,1000,0.10,900,3,35,1.1116,0.05,constant,33,1033.00,1.632823
6434,1000,0.10,900,3,35,1.1215,0.05,constant,34,959.00,0.687371
6435,1000,0.10,900,3,35,1.0891,0.05,constant,35,990.00,1.183809
6436,1000,0.10,900,3,35,1.1658,0.05,constant,36,940.00,0.515148
6437,1000,0.10,900,3,35,1.1104,0.05,constant,37,977.00,0.078070
6438,1000,0.10,900,3,35,1.0965,0.05,constant,38,1000.00,0.443723
6439,1000,0.10,900,3,35,1.1118,0.05,constant,39,979.00,0.286991
6440,1000,0.10,900,3,35,1.0874,0.05,constant,40,983.00,0.244732
6441,1000,0.10,900,3,35,1.0952,0.05,constant,41,995.00,0.184492
6442,1000,0.10,900,3,35,1.0539,0.05,constant,42,968.00,0.409512
6443,1000,0.10,900,3,35,1.1238,0.05,constant,43,951.00,1.121473
6444,1000,0.10,900,3,35,1.1122,0.05,constant,44,995.00,1.420692
6445,1000,0.10,900,3,35,1.1073,0.05,constant,45,1003.00,0.599473
6446,1000,0.10,900,3,35,1.0539,0.05,constant,46,987.00,1.214193
6447,1000,0.10,900,3,35,1.1033,0.05,constant,47,966.00,0.789993
6448,1000,0.10,900,3,35,1.0993,0.05,constant,48,1001.00,0.237303
6449,1000,0.10,900,3,35,1.0883,0.05,constant,49,994.00,1.215042
6450,1000,0.10,900,3,35,1.1443,0.05,constant,50,1007.00,0.150714
6451,1000,0.10,900,3,35,1.1211,0.05,constant,51,960.00,0.308252
6452,1000,0.10,900,3,35,1.1150,0.05,constant,52,1001.00,0.696919
6453,1000,0.10,900,3,35,1.0807,0.05,constant,53,1009.00,0.047247
6454,1000,0.10,900,3,35,1.1095,0.05,constant,54,999.00,0.610328
6455,1000,0.10,900,3,35,1.1407,0.05,constant,55,976.00,0.733065
6456,1000,0.10,900,3,35,1.1248,0.05,constant,56,1010.00,0.217922
6457,1000,0.10,900,3,35,1.0740,0.05,constant,57,1067.00,0.048213
6458,1000,0.10,900,3,35,1.0510,0.05,constant,58,1009.00,0.183309
6459,1000,0.10,900,3,35,1.0860,0.05,constant,59,958.00,0.765353
6460,1000,0.10,900,3,35,1.0985,0.05,constant,60,982.00,1.262552
6461,1000,0.10,900,3,35,1.1171,0.05,constant,61,986.00,2.502571
6462,1000,0.10,900,3,35,1.1081,0.05,constant,62,984.00,1.760348
6463,1000,0.10,900,3,35,1.1305,0.05,constant,63,993.00,0.556238
6464,1000,0.10,900,3,35,1.0947,0.05,constant,64,983.00,0.085535
6465,1000,0.10,900,3,35,1.1480,0.05,constant,65,972.00,0.813546
6466,1000,0.10,900,3,35,1.0966,0.05,constant,66,1014.00,1.868200
6467,1000,0.10,900,3,35,1.1199,0.05,constant,67,995.00,0.458528
6468,1000,0.10,900,3,35,1.1268,0.05,constant,68,1051.00,1.002331
6469,1000,0.10,900,3,35,1.0378,0.05,constant,69,1003.00,1.687203
6470,1000,0.10,900,3,35,1.0818,0.05,constant,70,1006.00,0.983219
6471,1000,0.10,900,3,35,1.1178,0.05,constant,71,1000.00,0.313986
6472,1000,0.10,900,3,35,1.0856,0.05,constant,72,1019.00,0.629017
6473,1000,0.10,900,3,35,1.1041,0.05,constant,73,985.00,0.479212
6474,1000,0.10,900,3,35,1.1086,0.05,constant,74,972.00,0.148432
6475,1000,0.10,900,3,35,1.1024,0.05,constant,75,994.00,1.250594
6476,1000,0.10,900,3,35,1.0908,0.05,constant,76,1004.00,0.403783
6477,1000,0.10,900,3,35,1.1033,0.05,constant,77,975.00,0.213348
6478,1000,0.10,900,3,35,1.0912,0.05,constant,78,958.00,1.031721
6479,1000,0.10,900,3,35,1.1362,0.05,constant,79,995.00,0.635532
6480,1000,0.10,900,3,35,1.0973,0.05,constant,80,1035.00,0.569214
6481,1000,0.10,900,3,35,1.0829,0.05,constant,81,995.00,0.305337
6482,1000,0.10,900,3,35,1.1482,0.05,constant,82,1036.00,0.328814
6483,1000,0.10,900,3,35,1.0799,0.05,constant,83,982.00,1.550302
6484,1000,0.10,900,3,35,1.0862,0.05,constant,84,982.00,0.258011
6485,1000,0.10,900,3,35,1.0808,0.05,constant,85,984.00,0.861315
6486,1000,0.10,900,3,35,1.0810,0.05,constant,86,962.00,0.208061
6487,1000,0.10,900,3,35,1.1167,0.05,constant,87,1010.00,0.735179
6488,1000,0.10,900,3,35,1.1062,0.05,constant,88,969.00,0.074014
6489,1000,0.10,900,3,35,1.0693,0.05,constant,89,1029.00,0.350282
6490,1000,0.10,900,3,35,1.1427,0.05,constant,90,1029.00,0.493554
6491,1000,0.10,900,3,35,1.1038,0.05,constant,91,977.00,0.496311
6492,1000,0.10,900,3,35,1.0840,0.05,constant,92,986.00,0.770570
6493,1000,0.10,900,3,35,1.0922,0.05,constant,93,992.00,1.047622
6494,1000,0.10,900,3,35,1.1183,0.05,constant,94,990.00,0.281823
6495,1000,0.10,900,3,35,1.1004,0.05,constant,95,1043.00,0.115304
6496,1000,0.10,900,3,35,1.1171,0.05,constant,96,974.00,0.658457
6497,1000,0.10,900,3,35,1.0975,0.05,constant,97,1002.00,0.928493
6498,1000,0.10,900,3,35,1.0864,0.05,constant,98,992.00,0.115222
6499,1000,0.10,900,3,35,1.1098,0.05,constant,99,998.00,1.663883
6500,1000,0.10,900,3,35,1.2221,0.10,constant,0,968.00,0.512369
6501,1000,0.10,900,3,35,1.1988,0.10,constant,1,1005.00,0.869757
6502,1000,0.10,900,3,35,1.1752,0.10,constant,2,1006.00,0.465708
6503,1000,0.10,900,3,35,1.2019,0.10,constant,3,1010.00,1.331778
6504,1000,0.10,900,3,35,1.1804,0.10,constant,4,992.00,1.506066
6505,1000,0.10,900,3,35,1.1664,0.10,constant,5,955.00,0.091837
6506,1000,0.10,900,3,35,1.2185,0.10,constant,6,983.00,0.818205
6507,1000,0.10,900,3,35,1.1618,0.10,constant,7,973.00,1.586309
6508,1000,0.10,900,3,35,1.1862,0.10,constant,8,986.00,0.681915
6509,1000,0.10,900,3,35,1.2190,0.10,constant,9,988.00,1.129006
6510,1000,0.10,900,3,35,1.1699,0.10,constant,10,917.00,0.729156
6511,1000,0.10,900,3,35,1.1574,0.10,constant,11,966.00,0.915442
6512,1000,0.10,900,3,35,1.1574,0.10,constant,12,970.00,0.741238
6513,1000,0.10,900,3,35,1.2122,0.10,constant,13,994.00,1.764207
6514,1000,0.10,900,3,35,1.2006,0.10,constant,14,934.00,1.084489
6515,1000,0.10,900,3,35,1.1850,0.10,constant,15,940.00,0.379547
6516,1000,0.10,900,3,35,1.1718,0.10,constant,16,995.00,1.227664
6517,1000,0.10,900,3,35,1.1614,0.10,constant,17,1005.00,0.644611
6518,1000,0.10,900,3,35,1.1298,0.10,constant,18,975.00,0.315160
6519,1000,0.10,900,3,35,1.1299,0.10,constant,19,970.00,1.445986
6520,1000,0.10,900,3,35,1.1593,0.10,constant,20,959.00,0.836722
6521,1000,0.10,900,3,35,1.1519,0.10,constant,21,1009.00,1.137675
6522,1000,0.10,900,3,35,1.1942,0.10,constant,22,961.00,0.334717
6523,1000,0.10,900,3,35,1.1638,0.10,constant,23,962.00,0.697831
6524,1000,0.10,900,3,35,1.1726,0.10,constant,24,971.00,0.640637
6525,1000,0.10,900,3,35,1.1818,0.10,constant,25,968.00,0.461140
6526,1000,0.10,900,3,35,1.2300,0.10,constant,26,986.00,0.951286
6527,1000,0.10,900,3,35,1.2371,0.10,constant,27,1013.00,0.213921
6528,1000,0.10,900,3,35,1.1925,0.10,constant,28,1043.00,0.389665
6529,1000,0.10,900,3,35,1.1465,0.10,constant,29,987.00,0.509520
6530,1000,0.10,900,3,35,1.2181,0.10,constant,30,968.00,0.892699
6531,1000,0.10,900,3,35,1.2265,0.10,constant,31,965.00,0.694738
6532,1000,0.10,900,3,35,1.1531,0.10,constant,32,981.00,0.391144
6533,1000,0.10,900,3,35,1.1647,0.10,constant,33,974.00,1.003776
6534,1000,0.10,900,3,35,1.1879,0.10,constant,34,1003.00,1.683862
6535,1000,0.10,900,3,35,1.1542,0.10,constant,35,987.00,1.354854
6536,1000,0.10,900,3,35,1.1112,0.10,constant,36,969.00,0.042786
6537,1000,0.10,900,3,35,1.1165,0.10,constant,37,972.00,1.115249
6538,1000,0.10,900,3,35,1.1863,0.10,constant,38,965.00,0.727923
6539,1000,0.10,900,3,35,1.1861,0.10,constant,39,979.00,0.270671
6540,1000,0.10,900,3,35,1.1478,0.10,constant,40,1006.00,0.351399
6541,1000,0.10,900,3,35,1.1945,0.10,constant,41,1026.00,0.960013
6542,1000,0.10,900,3,35,1.1427,0.10,constant,42,946.00,1.065907
6543,1000,0.10,900,3,35,1.1778,0.10,constant,43,992.00,0.763466
6544,1000,0.10,900,3,35,1.2055,0.10,constant,44,956.00,0.292000
6545,1000,0.10,900,3,35,1.1855,0.10,constant,45,1004.00,1.546764
6546,1000,0.10,900,3,35,1.2141,0.10,constant,46,988.00,0.650927
6547,1000,0.10,900,3,35,1.1501,0.10,constant,47,1002.00,0.284318
6548,1000,0.10,900,3,35,1.1934,0.10,constant,48,972.00,0.357897
6549,1000,0.10,900,3,35,1.1392,0.10,constant,49,994.00,0.935812
6550,1000,0.10,900,3,35,1.1658,0.10,constant,50,950.00,0.671060
6551,1000,0.10,900,3,35,1.1604,0.10,constant,51,961.00,0.131549
6552,1000,0.10,900,3,35,1.1699,0.10,constant,52,977.00,0.467061
6553,1000,0.10,900,3,35,1.1480,0.10,constant,53,961.00,0.701866
6554,1000,0.10,900,3,35,1.2341,0.10,constant,54,960.00,0.848507
6555,1000,0.10,900,3,35,1.1477,0.10,constant,55,972.00,0.424384
6556,1000,0.10,900,3,35,1.2375,0.10,constant,56,964.00,0.728643
6557,1000,0.10,900,3,35,1.1194,0.10,constant,57,992.00,2.105150
6558,1000,0.10,900,3,35,1.1806,0.10,constant,58,997.00,0.152831
6559,1000,0.10,900,3,35,1.1590,0.10,constant,59,985.00,1.004360
6560,1000,0.10,900,3,35,1.1332,0.10,constant,60,1003.00,1.264930
6561,1000,0.10,900,3,35,1.1234,0.10,constant,61,965.00,0.069019
6562,1000,0.10,900,3,35,1.1804,0.10,constant,62,950.00,1.066174
6563,1000,0.10,900,3,35,1.1528,0.10,constant,63,962.00,0.094875
6564,1000,0.10,900,3,35,1.1504,0.10,constant,64,1006.00,0.296543
6565,1000,0.10,900,3,35,1.1694,0.10,constant,65,991.00,0.181765
6566,1000,0.10,900,3,35,1.1710,0.10,constant,66,986.00,0.988429
6567,1000,0.10,900,3,35,1.1161,0.10,constant,67,975.00,0.836152
6568,1000,0.10,900,3,35,1.1826,0.10,constant,68,993.00,0.627624
6569,1000,0.10,900,3,35,1.0995,0.10,constant,69,972.00,0.535400
6570,1000,0.10,900,3,35,1.1539,0.10,constant,70,951.00,0.474291
6571,1000,0.10,900,3,35,1.2138,0.10,constant,71,965.00,1.278827
6572,1000,0.10,900,3,35,1.1924,0.10,constant,72,955.00,0.088534
6573,1000,0.10,900,3,35,1.1457,0.10,constant,73,973.00,1.059713
6574,1000,0.10,900,3,35,1.1607,0.10,constant,74,1016.00,0.389867
6575,1000,0.10,900,3,35,1.1647,0.10,constant,75,986.00,1.238723
6576,1000,0.10,900,3,35,1.1500,0.10,constant,76,965.00,1.044988
6577,1000,0.10,900,3,35,1.1861,0.10,constant,77,937.00,2.065332
6578,1000,0.10,900,3,35,1.1322,0.10,constant,78,982.00,2.485408
6579,1000,0.10,900,3,35,1.1599,0.10,constant,79,1009.00,1.521585
6580,1000,0.10,900,3,35,1.2331,0.10,constant,80,975.00,0.319336
6581,1000,0.10,900,3,35,1.1826,0.10,constant,81,959.00,0.543178
6582,1000,0.10,900,3,35,1.1693,0.10,constant,82,993.00,0.486128
6583,1000,0.10,900,3,35,1.1444,0.10,constant,83,968.00,0.630365
6584,1000,0.10,900,3,35,1.1949,0.10,constant,84,997.00,0.144728
6585,1000,0.10,900,3,35,1.1407,0.10,constant,85,990.00,3.041585
6586,1000,0.10,900,3,35,1.1622,0.10,constant,86,951.00,0.210207
6587,1000,0.10,900,3,35,1.1398,0.10,constant,87,975.00,0.680660
6588,1000,0.10,900,3,35,1.2089,0.10,constant,88,966.00,1.380397
6589,1000,0.10,900,3,35,1.1648,0.10,constant,89,1012.00,0.831278
6590,1000,0.10,900,3,35,1.1954,0.10,constant,90,995.00,0.904626
6591,1000,0.10,900,3,35,1.2005,0.10,constant,91,994.00,0.366839
6592,1000,0.10,900,3,35,1.1334,0.10,constant,92,998.00,1.411568
6593,1000,0.10,900,3,35,1.1007,0.10,constant,93,970.00,0.210585
6594,1000,0.10,900,3,35,1.1900,0.10,constant,94,1007.00,0.809716
6595,1000,0.10,900,3,35,1.1644,0.10,constant,95,986.00,0.447111
6596,1000,0.10,900,3,35,1.1533,0.10,constant,96,989.00,0.637950
6597,1000,0.10,900,3,35,1.1458,0.10,constant,97,975.00,0.776372
6598,1000,0.10,900,3,35,1.1378,0.10,constant,98,978.00,0.684333
6599,1000,0.10,900,3,35,1.1565,0.10,constant,99,940.00,0.700871
6600,1000,0.10,900,3,35,1.2361,0.15,constant,0,981.00,0.375025
6601,1000,0.10,900,3,35,1.2890,0.15,constant,1,983.00,0.287534
6602,1000,0.10,900,3,35,1.2730,0.15,constant,2,966.00,0.349292
6603,1000,0.10,900,3,35,1.2559,0.15,constant,3,979.00,0.937026
6604,1000,0.10,900,3,35,1.2769,0.15,constant,4,990.00,1.027923
6605,1000,0.10,900,3,35,1.2332,0.15,constant,5,1010.00,0.210333
6606,1000,0.10,900,3,35,1.1669,0.15,constant,6,955.00,0.173076
6607,1000,0.10,900,3,35,1.2492,0.15,constant,7,977.00,2.781490
6608,1000,0.10,900,3,35,1.2625,0.15,constant,8,950.00,0.537694
6609,1000,0.10,900,3,35,1.2718,0.15,constant,9,993.00,2.181153
6610,1000,0.10,900,3,35,1.1971,0.15,constant,10,990.00,0.276930
6611,1000,0.10,900,3,35,1.2528,0.15,constant,11,996.00,0.407266
6612,1000,0.10,900,3,35,1.2443,0.15,constant,12,969.00,0.273267
6613,1000,0.10,900,3,35,1.2532,0.15,constant,13,988.00,1.331875
6614,1000,0.10,900,3,35,1.2285,0.15,constant,14,963.00,0.212868
6615,1000,0.10,900,3,35,1.2323,0.15,constant,15,1017.00,1.919246
6616,1000,0.10,900,3,35,1.2252,0.15,constant,16,977.00,1.629118
6617,1000,0.10,900,3,35,1.2787,0.15,constant,17,954.00,1.639376
6618,1000,0.10,900,3,35,1.2507,0.15,constant,18,1005.00,0.355688
6619,1000,0.10,900,3,35,1.2330,0.15,constant,19,981.00,0.668651
6620,1000,0.10,900,3,35,1.2510,0.15,constant,20,971.00,0.687766
6621,1000,0.10,900,3,35,1.2605,0.15,constant,21,979.00,2.260226
6622,1000,0.10,900,3,35,1.1948,0.15,constant,22,963.00,0.492012
6623,1000,0.10,900,3,35,1.2213,0.15,constant,23,974.00,1.236846
6624,1000,0.10,900,3,35,1.2344,0.15,constant,24,911.00,0.513158
6625,1000,0.10,900,3,35,1.2751,0.15,constant,25,983.00,0.266357
6626,1000,0.10,900,3,35,1.2016,0.15,constant,26,1028.00,2.084928
6627,1000,0.10,900,3,35,1.2351,0.15,constant,27,1006.00,3.012225
6628,1000,0.10,900,3,35,1.2834,0.15,constant,28,983.00,1.773019
6629,1000,0.10,900,3,35,1.2360,0.15,constant,29,965.00,0.148326
6630,1000,0.10,900,3,35,1.2153,0.15,constant,30,972.00,1.236180
6631,1000,0.10,900,3,35,1.1594,0.15,constant,31,972.00,1.099010
6632,1000,0.10,900,3,35,1.2770,0.15,constant,32,968.00,0.531263
6633,1000,0.10,900,3,35,1.2058,0.15,constant,33,984.00,1.094513
6634,1000,0.10,900,3,35,1.2615,0.15,constant,34,993.00,0.207026
6635,1000,0.10,900,3,35,1.2634,0.15,constant,35,982.00,2.388823
6636,1000,0.10,900,3,35,1.2010,0.15,constant,36,1004.00,0.818230
6637,1000,0.10,900,3,35,1.2257,0.15,constant,37,974.00,1.539972
6638,1000,0.10,900,3,35,1.2060,0.15,constant,38,956.00,1.455332
6639,1000,0.10,900,3,35,1.2453,0.15,constant,39,979.00,1.641468
6640,1000,0.10,900,3,35,1.2586,0.15,constant,40,959.00,0.443345
6641,1000,0.10,900,3,35,1.2856,0.15,constant,41,971.00,1.054042
6642,1000,0.10,900,3,35,1.3092,0.15,constant,42,1017.00,1.775896
6643,1000,0.10,900,3,35,1.2242,0.15,constant,43,998.00,0.629726
6644,1000,0.10,900,3,35,1.2963,0.15,constant,44,997.00,1.210367
6645,1000,0.10,900,3,35,1.2410,0.15,constant,45,965.00,0.841566
6646,1000,0.10,900,3,35,1.2219,0.15,constant,46,1003.00,0.189929
6647,1000,0.10,900,3,35,1.3190,0.15,constant,47,979.00,1.338752
6648,1000,0.10,900,3,35,1.1815,0.15,constant,48,968.00,1.181182
6649,1000,0.10,900,3,35,1.2217,0.15,constant,49,979.00,0.251578
6650,1000,0.10,900,3,35,1.2426,0.15,constant,50,989.00,0.446420
6651,1000,0.10,900,3,35,1.2947,0.15,constant,51,987.00,0.152744
6652,1000,0.10,900,3,35,1.2266,0.15,constant,52,978.00,0.363312
6653,1000,0.10,900,3,35,1.2751,0.15,constant,53,987.00,2.103049
6654,1000,0.10,900,3,35,1.2705,0.15,constant,54,966.00,0.876960
6655,1000,0.10,900,3,35,1.2339,0.15,constant,55,1021.00,0.906741
6656,1000,0.10,900,3,35,1.2700,0.15,constant,56,978.00,1.749817
6657,1000,0.10,900,3,35,1.2308,0.15,constant,57,986.00,0.227349
6658,1000,0.10,900,3,35,1.2731,0.15,constant,58,1006.00,0.238012
6659,1000,0.10,900,3,35,1.2408,0.15,constant,59,1018.00,0.914803
6660,1000,0.10,900,3,35,1.2911,0.15,constant,60,961.00,1.498953
6661,1000,0.10,900,3,35,1.2102,0.15,constant,61,994.00,0.365372
6662,1000,0.10,900,3,35,1.2876,0.15,constant,62,1004.00,1.160574
6663,1000,0.10,900,3,35,1.2328,0.15,constant,63,1027.00,0.548907
6664,1000,0.10,900,3,35,1.2323,0.15,constant,64,980.00,1.334939
6665,1000,0.10,900,3,35,1.2568,0.15,constant,65,981.00,1.708101
6666,1000,0.10,900,3,35,1.2639,0.15,constant,66,989.00,0.562402
6667,1000,0.10,900,3,35,1.2137,0.15,constant,67,973.00,1.296727
6668,1000,0.10,900,3,35,1.2760,0.15,constant,68,984.00,3.276960
6669,1000,0.10,900,3,35,1.2186,0.15,constant,69,1004.00,0.245933
6670,1000,0.10,900,3,35,1.2031,0.15,constant,70,995.00,2.180861
6671,1000,0.10,900,3,35,1.2159,0.15,constant,71,1015.00,0.717562
6672,1000,0.10,900,3,35,1.1848,0.15,constant,72,968.00,0.731365
6673,1000,0.10,900,3,35,1.2294,0.15,constant,73,990.00,0.232698
6674,1000,0.10,900,3,35,1.2627,0.15,constant,74,993.00,1.471221
6675,1000,0.10,900,3,35,1.2448,0.15,constant,75,1007.00,0.549204
6676,1000,0.10,900,3,35,1.2327,0.15,constant,76,998.00,1.185697
6677,1000,0.10,900,3,35,1.2711,0.15,constant,77,1023.00,2.074228
6678,1000,0.10,900,3,35,1.1663,0.15,constant,78,1012.00,0.742843
6679,1000,0.10,900,3,35,1.2259,0.15,constant,79,1138.00,0.458733
6680,1000,0.10,900,3,35,1.2269,0.15,constant,80,1010.00,0.329269
6681,1000,0.10,900,3,35,1.2388,0.15,constant,81,990.00,1.077036
6682,1000,0.10,900,3,35,1.1816,0.15,constant,82,1006.00,0.146235
6683,1000,0.10,900,3,35,1.2069,0.15,constant,83,978.00,0.215707
6684,1000,0.10,900,3,35,1.2107,0.15,constant,84,999.00,0.564228
6685,1000,0.10,900,3,35,1.2423,0.15,constant,85,970.00,0.120384
6686,1000,0.10,900,3,35,1.2371,0.15,constant,86,1035.00,1.626374
6687,1000,0.10,900,3,35,1.2361,0.15,constant,87,976.00,0.862905
6688,1000,0.10,900,3,35,1.2385,0.15,constant,88,934.00,0.476136
6689,1000,0.10,900,3,35,1.2902,0.15,constant,89,998.00,1.487345
6690,1000,0.10,900,3,35,1.2108,0.15,constant,90,996.00,0.464147
6691,1000,0.10,900,3,35,1.2531,0.15,constant,91,986.00,1.049123
6692,1000,0.10,900,3,35,1.2057,0.15,constant,92,969.00,0.296675
6693,1000,0.10,900,3,35,1.2527,0.15,constant,93,970.00,1.393102
6694,1000,0.10,900,3,35,1.2084,0.15,constant,94,1000.00,0.103466
6695,1000,0.10,900,3,35,1.2626,0.15,constant,95,1032.00,0.799485
6696,1000,0.10,900,3,35,1.2295,0.15,constant,96,974.00,1.894423
6697,1000,0.10,900,3,35,1.2620,0.15,constant,97,960.00,0.941219
6698,1000,0.10,900,3,35,1.2758,0.15,constant,98,997.00,0.923518
6699,1000,0.10,900,3,35,1.3193,0.15,constant,99,974.00,1.108746
6700,1000,0.10,900,3,35,1.3112,0.20,constant,0,989.00,1.536474
6701,1000,0.10,900,3,35,1.2780,0.20,constant,1,1005.00,1.863678
6702,1000,0.10,900,3,35,1.3151,0.20,constant,2,1014.00,0.412683
6703,1000,0.10,900,3,35,1.2487,0.20,constant,3,1002.00,1.066178
6704,1000,0.10,900,3,35,1.2789,0.20,constant,4,972.00,0.219721
6705,1000,0.10,900,3,35,1.2871,0.20,constant,5,1012.00,0.209966
6706,1000,0.10,900,3,35,1.3018,0.20,constant,6,996.00,1.288562
6707,1000,0.10,900,3,35,1.2902,0.20,constant,7,1021.00,0.326618
6708,1000,0.10,900,3,35,1.2762,0.20,constant,8,1038.00,1.828624
6709,1000,0.10,900,3,35,1.2738,0.20,constant,9,1003.00,0.682058
6710,1000,0.10,900,3,35,1.2416,0.20,constant,10,975.00,0.256853
6711,1000,0.10,900,3,35,1.2816,0.20,constant,11,978.00,0.438347
6712,1000,0.10,900,3,35,1.2721,0.20,constant,12,1007.00,0.547041
6713,1000,0.10,900,3,35,1.2973,0.20,constant,13,1008.00,1.435398
6714,1000,0.10,900,3,35,1.2935,0.20,constant,14,1026.00,0.332481
6715,1000,0.10,900,3,35,1.2941,0.20,constant,15,993.00,1.037505
6716,1000,0.10,900,3,35,1.2763,0.20,constant,16,1000.00,0.456901
6717,1000,0.10,900,3,35,1.2587,0.20,constant,17,1030.00,2.420447
6718,1000,0.10,900,3,35,1.3028,0.20,constant,18,995.00,0.983800
6719,1000,0.10,900,3,35,1.3116,0.20,constant,19,998.00,1.548363
6720,1000,0.10,900,3,35,1.3636,0.20,constant,20,986.00,1.184232
6721,1000,0.10,900,3,35,1.3129,0.20,constant,21,1026.00,1.669280
6722,1000,0.10,900,3,35,1.2921,0.20,constant,22,1006.00,1.768115
6723,1000,0.10,900,3,35,1.3430,0.20,constant,23,1019.00,0.347128
6724,1000,0.10,900,3,35,1.2567,0.20,constant,24,992.00,0.098009
6725,1000,0.10,900,3,35,1.2773,0.20,constant,25,957.00,2.410169
6726,1000,0.10,900,3,35,1.2779,0.20,constant,26,989.00,1.285591
6727,1000,0.10,900,3,35,1.3368,0.20,constant,27,1011.00,0.985154
6728,1000,0.10,900,3,35,1.3040,0.20,constant,28,1010.00,0.779413
6729,1000,0.10,900,3,35,1.3431,0.20,constant,29,972.00,1.820901
6730,1000,0.10,900,3,35,1.2559,0.20,constant,30,1006.00,1.245679
6731,1000,0.10,900,3,35,1.2474,0.20,constant,31,943.00,1.538116
6732,1000,0.10,900,3,35,1.2738,0.20,constant,32,988.00,0.999399
6733,1000,0.10,900,3,35,1.2478,0.20,constant,33,995.00,1.860885
6734,1000,0.10,900,3,35,1.3081,0.20,constant,34,1023.00,2.287295
6735,1000,0.10,900,3,35,1.2768,0.20,constant,35,1023.00,0.833956
6736,1000,0.10,900,3,35,1.3256,0.20,constant,36,1029.00,0.483632
6737,1000,0.10,900,3,35,1.2978,0.20,constant,37,988.00,1.151197
6738,1000,0.10,900,3,35,1.2746,0.20,constant,38,1037.00,3.005726
6739,1000,0.10,900,3,35,1.2400,0.20,constant,39,997.00,0.266287
6740,1000,0.10,900,3,35,1.3057,0.20,constant,40,979.00,0.386012
6741,1000,0.10,900,3,35,1.2910,0.20,constant,41,1019.00,2.034908
6742,1000,0.10,900,3,35,1.3254,0.20,constant,42,1005.00,0.325297
6743,1000,0.10,900,3,35,1.2785,0.20,constant,43,950.00,0.326440
6744,1000,0.10,900,3,35,1.2849,0.20,constant,44,973.00,3.221961
6745,1000,0.10,900,3,35,1.2730,0.20,constant,45,1011.00,0.986975
6746,1000,0.10,900,3,35,1.2818,0.20,constant,46,978.00,0.843450
6747,1000,0.10,900,3,35,1.2762,0.20,constant,47,1005.00,0.329142
6748,1000,0.10,900,3,35,1.2526,0.20,constant,48,1022.00,0.503249
6749,1000,0.10,900,3,35,1.3114,0.20,constant,49,1036.00,0.241306
6750,1000,0.10,900,3,35,1.2781,0.20,constant,50,1011.00,0.910631
6751,1000,0.10,900,3,35,1.2693,0.20,constant,51,1017.00,0.448936
6752,1000,0.10,900,3,35,1.3095,0.20,constant,52,1013.00,1.350238
6753,1000,0.10,900,3,35,1.3110,0.20,constant,53,1019.00,0.357870
6754,1000,0.10,900,3,35,1.3124,0.20,constant,54,993.00,2.404832
6755,1000,0.10,900,3,35,1.2731,0.20,constant,55,1024.00,0.314711
6756,1000,0.10,900,3,35,1.2951,0.20,constant,56,1044.00,1.140733
6757,1000,0.10,900,3,35,1.2927,0.20,constant,57,1022.00,2.358822
6758,1000,0.10,900,3,35,1.2935,0.20,constant,58,1005.00,0.199733
6759,1000,0.10,900,3,35,1.2806,0.20,constant,59,1011.00,0.804880
6760,1000,0.10,900,3,35,1.2845,0.20,constant,60,1000.00,0.979704
6761,1000,0.10,900,3,35,1.2646,0.20,constant,61,997.00,1.303867
6762,1000,0.10,900,3,35,1.2722,0.20,constant,62,989.00,0.384414
6763,1000,0.10,900,3,35,1.2413,0.20,constant,63,980.00,1.433843
6764,1000,0.10,900,3,35,1.3110,0.20,constant,64,1017.00,1.075501
6765,1000,0.10,900,3,35,1.2994,0.20,constant,65,991.00,1.201679
6766,1000,0.10,900,3,35,1.2930,0.20,constant,66,1040.00,3.679669
6767,1000,0.10,900,3,35,1.2638,0.20,constant,67,1008.00,0.580708
6768,1000,0.10,900,3,35,1.2669,0.20,constant,68,1005.00,0.455877
6769,1000,0.10,900,3,35,1.2969,0.20,constant,69,1004.00,0.481982
6770,1000,0.10,900,3,35,1.2667,0.20,constant,70,996.00,0.427601
6771,1000,0.10,900,3,35,1.3277,0.20,constant,71,1002.00,0.626449
6772,1000,0.10,900,3,35,1.2603,0.20,constant,72,998.00,0.415160
6773,1000,0.10,900,3,35,1.2792,0.20,constant,73,1016.00,0.227927
6774,1000,0.10,900,3,35,1.2519,0.20,constant,74,1024.00,2.800996
6775,1000,0.10,900,3,35,1.2637,0.20,constant,75,981.00,0.390846
6776,1000,0.10,900,3,35,1.2424,0.20,constant,76,1002.00,0.722955
6777,1000,0.10,900,3,35,1.2767,0.20,constant,77,997.00,0.458742
6778,1000,0.10,900,3,35,1.2945,0.20,constant,78,996.00,0.327919
6779,1000,0.10,900,3,35,1.2597,0.20,constant,79,988.00,2.831188
6780,1000,0.10,900,3,35,1.2164,0.20,constant,80,1013.00,0.430093
6781,1000,0.10,900,3,35,1.2522,0.20,constant,81,986.00,0.518029
6782,1000,0.10,900,3,35,1.2577,0.20,constant,82,955.00,0.398708
6783,1000,0.10,900,3,35,1.3071,0.20,constant,83,1035.00,0.660998
6784,1000,0.10,900,3,35,1.3665,0.20,constant,84,964.00,0.738839
6785,1000,0.10,900,3,35,1.3232,0.20,constant,85,995.00,1.401943
6786,1000,0.10,900,3,35,1.2081,0.20,constant,86,1025.00,0.597957
6787,1000,0.10,900,3,35,1.2523,0.20,constant,87,967.00,1.178057
6788,1000,0.10,900,3,35,1.2999,0.20,constant,88,1023.00,0.342907
6789,1000,0.10,900,3,35,1.2487,0.20,constant,89,940.00,1.193567
6790,1000,0.10,900,3,35,1.2737,0.20,constant,90,977.00,0.208205
6791,1000,0.10,900,3,35,1.2392,0.20,constant,91,941.00,0.191298
6792,1000,0.10,900,3,35,1.2713,0.20,constant,92,995.00,0.889994
6793,1000,0.10,900,3,35,1.2667,0.20,constant,93,997.00,0.602563
6794,1000,0.10,900,3,35,1.3264,0.20,constant,94,1009.00,0.308611
6795,1000,0.10,900,3,35,1.3259,0.20,constant,95,996.00,0.287452
6796,1000,0.10,900,3,35,1.3325,0.20,constant,96,977.00,0.782272
6797,1000,0.10,900,3,35,1.2813,0.20,constant,97,1020.00,0.192124
6798,1000,0.10,900,3,35,1.3123,0.20,constant,98,986.00,3.456738
6799,1000,0.10,900,3,35,1.3242,0.20,constant,99,1005.00,0.458215
6800,1000,0.10,900,3,35,1.3281,0.25,constant,0,987.00,0.861361
6801,1000,0.10,900,3,35,1.3377,0.25,constant,1,1021.00,1.636497
6802,1000,0.10,900,3,35,1.3106,0.25,constant,2,986.00,0.348871
6803,1000,0.10,900,3,35,1.2964,0.25,constant,3,995.00,0.418508
6804,1000,0.10,900,3,35,1.2518,0.25,constant,4,1003.00,0.398070
6805,1000,0.10,900,3,35,1.3191,0.25,constant,5,1010.00,0.692264
6806,1000,0.10,900,3,35,1.3605,0.25,constant,6,1027.00,0.465321
6807,1000,0.10,900,3,35,1.3321,0.25,constant,7,1010.00,2.076276
6808,1000,0.10,900,3,35,1.2916,0.25,constant,8,1016.00,0.265568
6809,1000,0.10,900,3,35,1.3053,0.25,constant,9,1016.00,2.331976
6810,1000,0.10,900,3,35,1.2962,0.25,constant,10,1021.00,0.422462
6811,1000,0.10,900,3,35,1.3251,0.25,constant,11,1055.00,3.266436
6812,1000,0.10,900,3,35,1.2551,0.25,constant,12,992.00,0.144667
6813,1000,0.10,900,3,35,1.3005,0.25,constant,13,1019.00,0.725483
6814,1000,0.10,900,3,35,1.3140,0.25,constant,14,1006.00,0.755390
6815,1000,0.10,900,3,35,1.3640,0.25,constant,15,1009.00,5.114419
6816,1000,0.10,900,3,35,1.3143,0.25,constant,16,1039.00,0.711955
6817,1000,0.10,900,3,35,1.3405,0.25,constant,17,994.00,0.435650
6818,1000,0.10,900,3,35,1.3140,0.25,constant,18,967.00,0.984842
6819,1000,0.10,900,3,35,1.3388,0.25,constant,19,1027.00,0.917377
6820,1000,0.10,900,3,35,1.3077,0.25,constant,20,1001.00,0.388125
6821,1000,0.10,900,3,35,1.3398,0.25,constant,21,1030.00,1.545805
6822,1000,0.10,900,3,35,1.3550,0.25,constant,22,1015.00,0.413957
6823,1000,0.10,900,3,35,1.3109,0.25,constant,23,971.00,0.367405
6824,1000,0.10,900,3,35,1.3233,0.25,constant,24,1040.00,0.531023
6825,1000,0.10,900,3,35,1.3023,0.25,constant,25,1022.00,0.936588
6826,1000,0.10,900,3,35,1.3266,0.25,constant,26,999.00,4.045125
6827,1000,0.10,900,3,35,1.3124,0.25,constant,27,1020.00,0.277276
6828,1000,0.10,900,3,35,1.3498,0.25,constant,28,1035.00,0.931473
6829,1000,0.10,900,3,35,1.2674,0.25,constant,29,1003.00,0.358707
6830,1000,0.10,900,3,35,1.3355,0.25,constant,30,1044.00,2.333271
6831,1000,0.10,900,3,35,1.3056,0.25,constant,31,974.00,0.321831
6832,1000,0.10,900,3,35,1.3186,0.25,constant,32,967.00,2.140198
6833,1000,0.10,900,3,35,1.3832,0.25,constant,33,1018.00,0.392738
6834,1000,0.10,900,3,35,1.3685,0.25,constant,34,1024.00,1.754349
6835,1000,0.10,900,3,35,1.2674,0.25,constant,35,1031.00,1.299366
6836,1000,0.10,900,3,35,1.3423,0.25,constant,36,996.00,1.407625
6837,1000,0.10,900,3,35,1.3133,0.25,constant,37,993.00,2.211995
6838,1000,0.10,900,3,35,1.3065,0.25,constant,38,1001.00,0.369787
6839,1000,0.10,900,3,35,1.3391,0.25,constant,39,981.00,0.633620
6840,1000,0.10,900,3,35,1.3480,0.25,constant,40,1027.00,0.986681
6841,1000,0.10,900,3,35,1.3236,0.25,constant,41,1009.00,1.619197
6842,1000,0.10,900,3,35,1.2770,0.25,constant,42,1030.00,2.008340
6843,1000,0.10,900,3,35,1.3332,0.25,constant,43,981.00,0.549860
6844,1000,0.10,900,3,35,1.3331,0.25,constant,44,1033.00,1.633993
6845,1000,0.10,900,3,35,1.3158,0.25,constant,45,1013.00,0.960850
6846,1000,0.10,900,3,35,1.3444,0.25,constant,46,1011.00,1.325544
6847,1000,0.10,900,3,35,1.3483,0.25,constant,47,1031.00,1.930046
6848,1000,0.10,900,3,35,1.3519,0.25,constant,48,1017.00,0.147183
6849,1000,0.10,900,3,35,1.2440,0.25,constant,49,983.00,1.459123
6850,1000,0.10,900,3,35,1.3505,0.25,constant,50,1015.00,0.231014
6851,1000,0.10,900,3,35,1.3404,0.25,constant,51,987.00,2.039591
6852,1000,0.10,900,3,35,1.3019,0.25,constant,52,994.00,1.649046
6853,1000,0.10,900,3,35,1.2994,0.25,constant,53,1012.00,0.462220
6854,1000,0.10,900,3,35,1.2670,0.25,constant,54,1047.00,1.019291
6855,1000,0.10,900,3,35,1.2616,0.25,constant,55,1045.00,0.787993
6856,1000,0.10,900,3,35,1.3029,0.25,constant,56,987.00,0.419996
6857,1000,0.10,900,3,35,1.3218,0.25,constant,57,1014.00,0.351461
6858,1000,0.10,900,3,35,1.2944,0.25,constant,58,990.00,1.116685
6859,1000,0.10,900,3,35,1.3388,0.25,constant,59,1015.00,1.332395
6860,1000,0.10,900,3,35,1.2900,0.25,constant,60,996.00,1.847882
6861,1000,0.10,900,3,35,1.3209,0.25,constant,61,1018.00,1.425564
6862,1000,0.10,900,3,35,1.3338,0.25,constant,62,989.00,0.492458
6863,1000,0.10,900,3,35,1.3078,0.25,constant,63,994.00,1.463718
6864,1000,0.10,900,3,35,1.3368,0.25,constant,64,997.00,0.780595
6865,1000,0.10,900,3,35,1.3633,0.25,constant,65,1045.00,0.684252
6866,1000,0.10,900,3,35,1.3273,0.25,constant,66,1006.00,0.470773
6867,1000,0.10,900,3,35,1.3177,0.25,constant,67,997.00,1.482798
6868,1000,0.10,900,3,35,1.3019,0.25,constant,68,1035.00,2.286717
6869,1000,0.10,900,3,35,1.3791,0.25,constant,69,997.00,1.376550
6870,1000,0.10,900,3,35,1.2947,0.25,constant,70,1023.00,1.292159
6871,1000,0.10,900,3,35,1.3091,0.25,constant,71,1012.00,0.353865
6872,1000,0.10,900,3,35,1.3244,0.25,constant,72,1030.00,1.380763
6873,1000,0.10,900,3,35,1.2567,0.25,constant,73,1036.00,0.648250
6874,1000,0.10,900,3,35,1.3091,0.25,constant,74,989.00,0.589758
6875,1000,0.10,900,3,35,1.3182,0.25,constant,75,1004.00,1.243532
6876,1000,0.10,900,3,35,1.3472,0.25,constant,76,1010.00,1.402208
6877,1000,0.10,900,3,35,1.3156,0.25,constant,77,1004.00,0.190492
6878,1000,0.10,900,3,35,1.3152,0.25,constant,78,1012.00,0.475279
6879,1000,0.10,900,3,35,1.2816,0.25,constant,79,973.00,1.563372
6880,1000,0.10,900,3,35,1.3569,0.25,constant,80,1067.00,1.258821
6881,1000,0.10,900,3,35,1.3364,0.25,constant,81,966.00,2.142014
6882,1000,0.10,900,3,35,1.3365,0.25,constant,82,967.00,1.118595
6883,1000,0.10,900,3,35,1.3684,0.25,constant,83,1005.00,1.309494
6884,1000,0.10,900,3,35,1.3465,0.25,constant,84,999.00,1.772292
6885,1000,0.10,900,3,35,1.3016,0.25,constant,85,969.00,0.588581
6886,1000,0.10,900,3,35,1.3185,0.25,constant,86,979.00,0.542666
6887,1000,0.10,900,3,35,1.3246,0.25,constant,87,1000.00,1.246011
6888,1000,0.10,900,3,35,1.3262,0.25,constant,88,1027.00,0.980522
6889,1000,0.10,900,3,35,1.2742,0.25,constant,89,1031.00,0.165210
6890,1000,0.10,900,3,35,1.3062,0.25,constant,90,983.00,0.651345
6891,1000,0.10,900,3,35,1.2945,0.25,constant,91,989.00,0.757685
6892,1000,0.10,900,3,35,1.3492,0.25,constant,92,1001.00,1.426657
6893,1000,0.10,900,3,35,1.2783,0.25,constant,93,985.00,0.362430
6894,1000,0.10,900,3,35,1.2884,0.25,constant,94,998.00,0.422442
6895,1000,0.10,900,3,35,1.3218,0.25,constant,95,979.00,3.074179
6896,1000,0.10,900,3,35,1.3447,0.25,constant,96,999.00,1.936655
6897,1000,0.10,900,3,35,1.3343,0.25,constant,97,989.00,1.991130
6898,1000,0.10,900,3,35,1.3190,0.25,constant,98,979.00,1.503745
6899,1000,0.10,900,3,35,1.3707,0.25,constant,99,983.00,0.980920
6900,1000,0.10,900,3,35,1.3151,0.30,constant,0,1001.00,3.443040
6901,1000,0.10,900,3,35,1.3241,0.30,constant,1,1050.00,0.719261
6902,1000,0.10,900,3,35,1.3730,0.30,constant,2,1026.00,3.843690
6903,1000,0.10,900,3,35,1.3136,0.30,constant,3,1020.00,0.377867
6904,1000,0.10,900,3,35,1.3073,0.30,constant,4,981.00,2.646798
6905,1000,0.10,900,3,35,1.3401,0.30,constant,5,1023.00,0.239725
6906,1000,0.10,900,3,35,1.3605,0.30,constant,6,973.00,0.703401
6907,1000,0.10,900,3,35,1.3052,0.30,constant,7,1001.00,1.434707
6908,1000,0.10,900,3,35,1.3697,0.30,constant,8,981.00,1.181751
6909,1000,0.10,900,3,35,1.3776,0.30,constant,9,985.00,0.436204
6910,1000,0.10,900,3,35,1.3082,0.30,constant,10,1051.00,1.308397
6911,1000,0.10,900,3,35,1.3535,0.30,constant,11,987.00,0.647234
6912,1000,0.10,900,3,35,1.3252,0.30,constant,12,978.00,1.942465
6913,1000,0.10,900,3,35,1.3175,0.30,constant,13,1038.00,2.483330
6914,1000,0.10,900,3,35,1.3311,0.30,constant,14,1073.00,3.017991
6915,1000,0.10,900,3,35,1.2927,0.30,constant,15,980.00,1.607028
6916,1000,0.10,900,3,35,1.3074,0.30,constant,16,1092.00,0.713037
6917,1000,0.10,900,3,35,1.3749,0.30,constant,17,1031.00,0.495576
6918,1000,0.10,900,3,35,1.3610,0.30,constant,18,1001.00,2.881704
6919,1000,0.10,900,3,35,1.3248,0.30,constant,19,1012.00,0.811183
6920,1000,0.10,900,3,35,1.3028,0.30,constant,20,1062.00,1.273577
6921,1000,0.10,900,3,35,1.3478,0.30,constant,21,1026.00,1.463446
6922,1000,0.10,900,3,35,1.3641,0.30,constant,22,1075.00,0.689535
6923,1000,0.10,900,3,35,1.3842,0.30,constant,23,1027.00,2.394513
6924,1000,0.10,900,3,35,1.3747,0.30,constant,24,960.00,1.465320
6925,1000,0.10,900,3,35,1.3306,0.30,constant,25,1058.00,0.273210
6926,1000,0.10,900,3,35,1.3285,0.30,constant,26,1003.00,1.144619
6927,1000,0.10,900,3,35,1.3321,0.30,constant,27,1004.00,0.963438
6928,1000,0.10,900,3,35,1.3536,0.30,constant,28,991.00,1.249068
6929,1000,0.10,900,3,35,1.3469,0.30,constant,29,1023.00,0.898629
6930,1000,0.10,900,3,35,1.2924,0.30,constant,30,1013.00,0.937357
6931,1000,0.10,900,3,35,1.3190,0.30,constant,31,980.00,1.176651
6932,1000,0.10,900,3,35,1.3534,0.30,constant,32,1022.00,0.346275
6933,1000,0.10,900,3,35,1.3806,0.30,constant,33,1071.00,2.123075
6934,1000,0.10,900,3,35,1.3228,0.30,constant,34,1054.00,3.383249
6935,1000,0.10,900,3,35,1.3448,0.30,constant,35,996.00,0.281056
6936,1000,0.10,900,3,35,1.3647,0.30,constant,36,1018.00,2.022870
6937,1000,0.10,900,3,35,1.3080,0.30,constant,37,965.00,0.372014
6938,1000,0.10,900,3,35,1.3503,0.30,constant,38,1015.00,0.913248
6939,1000,0.10,900,3,35,1.3326,0.30,constant,39,1016.00,1.017026
6940,1000,0.10,900,3,35,1.3544,0.30,constant,40,996.00,0.862740
6941,1000,0.10,900,3,35,1.3144,0.30,constant,41,1012.00,1.621491
6942,1000,0.10,900,3,35,1.3467,0.30,constant,42,975.00,0.326640
6943,1000,0.10,900,3,35,1.3213,0.30,constant,43,970.00,0.618056
6944,1000,0.10,900,3,35,1.2956,0.30,constant,44,957.00,0.539076
6945,1000,0.10,900,3,35,1.3348,0.30,constant,45,1003.00,1.144805
6946,1000,0.10,900,3,35,1.4189,0.30,constant,46,964.00,0.363576
6947,1000,0.10,900,3,35,1.2979,0.30,constant,47,1011.00,1.588336
6948,1000,0.10,900,3,35,1.3125,0.30,constant,48,1011.00,0.674174
6949,1000,0.10,900,3,35,1.3604,0.30,constant,49,1002.00,0.476374
6950,1000,0.10,900,3,35,1.3802,0.30,constant,50,1053.00,0.322874
6951,1000,0.10,900,3,35,1.3536,0.30,constant,51,1005.00,0.223082
6952,1000,0.10,900,3,35,1.3593,0.30,constant,52,1006.00,0.428475
6953,1000,0.10,900,3,35,1.3227,0.30,constant,53,1036.00,2.173983
6954,1000,0.10,900,3,35,1.3449,0.30,constant,54,990.00,1.167592
6955,1000,0.10,900,3,35,1.3489,0.30,constant,55,1024.00,1.073881
6956,1000,0.10,900,3,35,1.3640,0.30,constant,56,973.00,1.021068
6957,1000,0.10,900,3,35,1.3720,0.30,constant,57,977.00,0.796579
6958,1000,0.10,900,3,35,1.3690,0.30,constant,58,1000.00,1.343269
6959,1000,0.10,900,3,35,1.3566,0.30,constant,59,1035.00,1.123843
6960,1000,0.10,900,3,35,1.3637,0.30,constant,60,1016.00,1.447742
6961,1000,0.10,900,3,35,1.3362,0.30,constant,61,985.00,0.236655
6962,1000,0.10,900,3,35,1.3537,0.30,constant,62,1018.00,0.820918
6963,1000,0.10,900,3,35,1.3481,0.30,constant,63,1053.00,0.284692
6964,1000,0.10,900,3,35,1.3260,0.30,constant,64,1006.00,1.872717
6965,1000,0.10,900,3,35,1.3435,0.30,constant,65,1045.00,0.690408
6966,1000,0.10,900,3,35,1.3377,0.30,constant,66,1023.00,2.529888
6967,1000,0.10,900,3,35,1.3461,0.30,constant,67,989.00,0.648280
6968,1000,0.10,900,3,35,1.3270,0.30,constant,68,981.00,1.388026
6969,1000,0.10,900,3,35,1.3385,0.30,constant,69,1012.00,1.111042
6970,1000,0.10,900,3,35,1.3196,0.30,constant,70,1022.00,1.890434
6971,1000,0.10,900,3,35,1.3350,0.30,constant,71,1001.00,0.390706
6972,1000,0.10,900,3,35,1.3416,0.30,constant,72,938.00,0.648493
6973,1000,0.10,900,3,35,1.3749,0.30,constant,73,1019.00,2.620240
6974,1000,0.10,900,3,35,1.3561,0.30,constant,74,991.00,0.355149
6975,1000,0.10,900,3,35,1.2771,0.30,constant,75,1001.00,1.723906
6976,1000,0.10,900,3,35,1.3609,0.30,constant,76,1044.00,0.641826
6977,1000,0.10,900,3,35,1.3426,0.30,constant,77,1004.00,1.866494
6978,1000,0.10,900,3,35,1.3099,0.30,constant,78,996.00,1.262798
6979,1000,0.10,900,3,35,1.3485,0.30,constant,79,976.00,1.135017
6980,1000,0.10,900,3,35,1.3605,0.30,constant,80,1034.00,0.787748
6981,1000,0.10,900,3,35,1.3271,0.30,constant,81,1016.00,0.742744
6982,1000,0.10,900,3,35,1.3894,0.30,constant,82,988.00,2.576031
6983,1000,0.10,900,3,35,1.3202,0.30,constant,83,1036.00,2.527802
6984,1000,0.10,900,3,35,1.3953,0.30,constant,84,1021.00,1.706006
6985,1000,0.10,900,3,35,1.3792,0.30,constant,85,1021.00,1.157778
6986,1000,0.10,900,3,35,1.3659,0.30,constant,86,1065.00,2.573771
6987,1000,0.10,900,3,35,1.3920,0.30,constant,87,1054.00,0.982727
6988,1000,0.10,900,3,35,1.3545,0.30,constant,88,1029.00,3.013955
6989,1000,0.10,900,3,35,1.3207,0.30,constant,89,965.00,0.877575
6990,1000,0.10,900,3,35,1.3420,0.30,constant,90,976.00,0.382084
6991,1000,0.10,900,3,35,1.2776,0.30,constant,91,1016.00,1.833598
6992,1000,0.10,900,3,35,1.3242,0.30,constant,92,1007.00,0.554131
6993,1000,0.10,900,3,35,1.3699,0.30,constant,93,1027.00,3.003245
6994,1000,0.10,900,3,35,1.3550,0.30,constant,94,1024.00,2.145731
6995,1000,0.10,900,3,35,1.3489,0.30,constant,95,988.00,1.610383
6996,1000,0.10,900,3,35,1.3297,0.30,constant,96,1022.00,3.384898
6997,1000,0.10,900,3,35,1.3203,0.30,constant,97,1009.00,2.689017
6998,1000,0.10,900,3,35,1.3407,0.30,constant,98,986.00,1.740959
6999,1000,0.10,900,3,35,1.3863,0.30,constant,99,1023.00,0.424983
7000,1000,0.10,900,3,35,1.3578,0.35,constant,0,985.00,0.418200
7001,1000,0.10,900,3,35,1.3603,0.35,constant,1,1023.00,0.688177
7002,1000,0.10,900,3,35,1.3292,0.35,constant,2,998.00,0.456820
7003,1000,0.10,900,3,35,1.3187,0.35,constant,3,1036.00,0.766286
7004,1000,0.10,900,3,35,1.3632,0.35,constant,4,1020.00,2.355692
7005,1000,0.10,900,3,35,1.3645,0.35,constant,5,1046.00,2.001695
7006,1000,0.10,900,3,35,1.3676,0.35,constant,6,1049.00,0.761900
7007,1000,0.10,900,3,35,1.3400,0.35,constant,7,997.00,0.680929
7008,1000,0.10,900,3,35,1.3820,0.35,constant,8,1037.00,2.809756
7009,1000,0.10,900,3,35,1.3827,0.35,constant,9,1057.00,0.698432
7010,1000,0.10,900,3,35,1.3615,0.35,constant,10,1030.00,0.638233
7011,1000,0.10,900,3,35,1.3246,0.35,constant,11,1017.00,0.637684
7012,1000,0.10,900,3,35,1.3667,0.35,constant,12,1010.00,0.365767
7013,1000,0.10,900,3,35,1.3644,0.35,constant,13,1007.00,1.252926
7014,1000,0.10,900,3,35,1.3244,0.35,constant,14,1014.00,0.666561
7015,1000,0.10,900,3,35,1.3877,0.35,constant,15,1007.00,0.852013
7016,1000,0.10,900,3,35,1.3632,0.35,constant,16,1010.00,1.342743
7017,1000,0.10,900,3,35,1.3856,0.35,constant,17,1000.00,0.510438
7018,1000,0.10,900,3,35,1.3569,0.35,constant,18,994.00,1.280756
7019,1000,0.10,900,3,35,1.3967,0.35,constant,19,1019.00,2.714146
7020,1000,0.10,900,3,35,1.3652,0.35,constant,20,1029.00,0.338422
7021,1000,0.10,900,3,35,1.3691,0.35,constant,21,977.00,3.403578
7022,1000,0.10,900,3,35,1.3969,0.35,constant,22,1042.00,1.848797
7023,1000,0.10,900,3,35,1.4133,0.35,constant,23,984.00,3.324158
7024,1000,0.10,900,3,35,1.3220,0.35,constant,24,983.00,1.370328
7025,1000,0.10,900,3,35,1.3525,0.35,constant,25,1024.00,1.461492
7026,1000,0.10,900,3,35,1.3596,0.35,constant,26,1002.00,2.847453
7027,1000,0.10,900,3,35,1.3232,0.35,constant,27,990.00,4.043147
7028,1000,0.10,900,3,35,1.3678,0.35,constant,28,985.00,0.471015
7029,1000,0.10,900,3,35,1.3213,0.35,constant,29,1030.00,0.271194
7030,1000,0.10,900,3,35,1.3833,0.35,constant,30,987.00,2.163156
7031,1000,0.10,900,3,35,1.3933,0.35,constant,31,1039.00,1.089589
7032,1000,0.10,900,3,35,1.3818,0.35,constant,32,1031.00,0.784010
7033,1000,0.10,900,3,35,1.3358,0.35,constant,33,1011.00,3.170448
7034,1000,0.10,900,3,35,1.3318,0.35,constant,34,1030.00,0.358640
7035,1000,0.10,900,3,35,1.3504,0.35,constant,35,1022.00,0.698322
7036,1000,0.10,900,3,35,1.3948,0.35,constant,36,1009.00,1.269152
7037,1000,0.10,900,3,35,1.3702,0.35,constant,37,989.00,0.416092
7038,1000,0.10,900,3,35,1.3532,0.35,constant,38,990.00,1.439120
7039,1000,0.10,900,3,35,1.3215,0.35,constant,39,1040.00,0.823027
7040,1000,0.10,900,3,35,1.3932,0.35,constant,40,1049.00,1.744125
7041,1000,0.10,900,3,35,1.3663,0.35,constant,41,1043.00,0.899580
7042,1000,0.10,900,3,35,1.3416,0.35,constant,42,999.00,2.239501
7043,1000,0.10,900,3,35,1.3500,0.35,constant,43,1064.00,1.303921
7044,1000,0.10,900,3,35,1.3513,0.35,constant,44,997.00,0.561950
7045,1000,0.10,900,3,35,1.4325,0.35,constant,45,1027.00,1.827874
7046,1000,0.10,900,3,35,1.3200,0.35,constant,46,1060.00,0.554319
7047,1000,0.10,900,3,35,1.3014,0.35,constant,47,970.00,1.220975
7048,1000,0.10,900,3,35,1.3706,0.35,constant,48,1043.00,2.749635
7049,1000,0.10,900,3,35,1.3421,0.35,constant,49,1006.00,0.616016
7050,1000,0.10,900,3,35,1.3475,0.35,constant,50,1020.00,5.034831
7051,1000,0.10,900,3,35,1.3602,0.35,constant,51,1026.00,1.859609
7052,1000,0.10,900,3,35,1.3693,0.35,constant,52,1056.00,1.139135
7053,1000,0.10,900,3,35,1.3521,0.35,constant,53,1059.00,1.074622
7054,1000,0.10,900,3,35,1.3583,0.35,constant,54,1017.00,1.236858
7055,1000,0.10,900,3,35,1.3916,0.35,constant,55,1070.00,1.358421
7056,1000,0.10,900,3,35,1.3260,0.35,constant,56,1031.00,0.989331
7057,1000,0.10,900,3,35,1.2889,0.35,constant,57,998.00,1.562296
7058,1000,0.10,900,3,35,1.3928,0.35,constant,58,998.00,0.653548
7059,1000,0.10,900,3,35,1.3452,0.35,constant,59,1042.00,1.363741
7060,1000,0.10,900,3,35,1.3517,0.35,constant,60,1015.00,1.902975
7061,1000,0.10,900,3,35,1.3504,0.35,constant,61,991.00,4.093449
7062,1000,0.10,900,3,35,1.3491,0.35,constant,62,1041.00,3.288716
7063,1000,0.10,900,3,35,1.4028,0.35,constant,63,1024.00,0.306834
7064,1000,0.10,900,3,35,1.3860,0.35,constant,64,1005.00,0.830498
7065,1000,0.10,900,3,35,1.4196,0.35,constant,65,997.00,1.415931
7066,1000,0.10,900,3,35,1.3741,0.35,constant,66,999.00,1.317236
7067,1000,0.10,900,3,35,1.3685,0.35,constant,67,973.00,1.020518
7068,1000,0.10,900,3,35,1.3883,0.35,constant,68,1004.00,1.072980
7069,1000,0.10,900,3,35,1.3627,0.35,constant,69,993.00,0.588821
7070,1000,0.10,900,3,35,1.3437,0.35,constant,70,1043.00,0.402102
7071,1000,0.10,900,3,35,1.3224,0.35,constant,71,1048.00,1.469011
7072,1000,0.10,900,3,35,1.3962,0.35,constant,72,1023.00,1.230819
7073,1000,0.10,900,3,35,1.3592,0.35,constant,73,1071.00,0.770140
7074,1000,0.10,900,3,35,1.3329,0.35,constant,74,1028.00,1.770569
7075,1000,0.10,900,3,35,1.3516,0.35,constant,75,1018.00,1.069887
7076,1000,0.10,900,3,35,1.3784,0.35,constant,76,1014.00,0.849172
7077,1000,0.10,900,3,35,1.3786,0.35,constant,77,1020.00,0.585061
7078,1000,0.10,900,3,35,1.3477,0.35,constant,78,998.00,0.610384
7079,1000,0.10,900,3,35,1.3740,0.35,constant,79,998.00,1.034178
7080,1000,0.10,900,3,35,1.3692,0.35,constant,80,998.00,1.121398
7081,1000,0.10,900,3,35,1.3767,0.35,constant,81,1008.00,0.584810
7082,1000,0.10,900,3,35,1.3349,0.35,constant,82,1052.00,0.886276
7083,1000,0.10,900,3,35,1.3331,0.35,constant,83,1033.00,1.751657
7084,1000,0.10,900,3,35,1.3452,0.35,constant,84,1016.00,0.484259
7085,1000,0.10,900,3,35,1.3520,0.35,constant,85,1054.00,1.494116
7086,1000,0.10,900,3,35,1.3489,0.35,constant,86,1036.00,0.442570
7087,1000,0.10,900,3,35,1.3638,0.35,constant,87,1020.00,1.163539
7088,1000,0.10,900,3,35,1.4098,0.35,constant,88,996.00,1.944169
7089,1000,0.10,900,3,35,1.3664,0.35,constant,89,1027.00,1.910907
7090,1000,0.10,900,3,35,1.3369,0.35,constant,90,1021.00,0.284701
7091,1000,0.10,900,3,35,1.3826,0.35,constant,91,1044.00,0.672730
7092,1000,0.10,900,3,35,1.3685,0.35,constant,92,992.00,1.163827
7093,1000,0.10,900,3,35,1.3607,0.35,constant,93,994.00,0.519097
7094,1000,0.10,900,3,35,1.3552,0.35,constant,94,980.00,1.281219
7095,1000,0.10,900,3,35,1.3637,0.35,constant,95,1000.00,0.444419
7096,1000,0.10,900,3,35,1.3334,0.35,constant,96,995.00,1.603961
7097,1000,0.10,900,3,35,1.4220,0.35,constant,97,1038.00,3.334296
7098,1000,0.10,900,3,35,1.3765,0.35,constant,98,1001.00,0.407198
7099,1000,0.10,900,3,35,1.3587,0.35,constant,99,993.00,1.893481
7100,1000,0.10,900,3,35,1.4076,0.40,constant,0,1025.00,1.068426
7101,1000,0.10,900,3,35,1.4022,0.40,constant,1,1004.00,1.056477
7102,1000,0.10,900,3,35,1.3553,0.40,constant,2,980.00,1.463668
7103,1000,0.10,900,3,35,1.3798,0.40,constant,3,1016.00,1.559280
7104,1000,0.10,900,3,35,1.4091,0.40,constant,4,1057.00,3.586733
7105,1000,0.10,900,3,35,1.3504,0.40,constant,5,1053.00,1.546577
7106,1000,0.10,900,3,35,1.3301,0.40,constant,6,1046.00,0.560095
7107,1000,0.10,900,3,35,1.3766,0.40,constant,7,1026.00,0.885300
7108,1000,0.10,900,3,35,1.3711,0.40,constant,8,994.00,0.738334
7109,1000,0.10,900,3,35,1.3206,0.40,constant,9,1001.00,0.490260
7110,1000,0.10,900,3,35,1.3557,0.40,constant,10,1023.00,2.013565
7111,1000,0.10,900,3,35,1.3957,0.40,constant,11,1028.00,0.591083
7112,1000,0.10,900,3,35,1.3136,0.40,constant,12,1029.00,0.451323
7113,1000,0.10,900,3,35,1.4040,0.40,constant,13,1032.00,3.113993
7114,1000,0.10,900,3,35,1.3959,0.40,constant,14,1014.00,1.443408
7115,1000,0.10,900,3,35,1.3949,0.40,constant,15,1025.00,3.332607
7116,1000,0.10,900,3,35,1.4006,0.40,constant,16,1036.00,1.855250
7117,1000,0.10,900,3,35,1.4045,0.40,constant,17,1017.00,2.059942
7118,1000,0.10,900,3,35,1.3771,0.40,constant,18,986.00,0.730036
7119,1000,0.10,900,3,35,1.3378,0.40,constant,19,1026.00,2.118160
7120,1000,0.10,900,3,35,1.3568,0.40,constant,20,1061.00,1.487463
7121,1000,0.10,900,3,35,1.3997,0.40,constant,21,1013.00,3.098381
7122,1000,0.10,900,3,35,1.3559,0.40,constant,22,1045.00,2.351892
7123,1000,0.10,900,3,35,1.3813,0.40,constant,23,989.00,0.600792
7124,1000,0.10,900,3,35,1.3383,0.40,constant,24,977.00,1.296374
7125,1000,0.10,900,3,35,1.3941,0.40,constant,25,989.00,1.317691
7126,1000,0.10,900,3,35,1.3659,0.40,constant,26,1051.00,0.360984
7127,1000,0.10,900,3,35,1.3321,0.40,constant,27,1029.00,1.404917
7128,1000,0.10,900,3,35,1.3883,0.40,constant,28,1036.00,1.508057
7129,1000,0.10,900,3,35,1.3702,0.40,constant,29,995.00,1.416195
7130,1000,0.10,900,3,35,1.3576,0.40,constant,30,1050.00,1.734586
7131,1000,0.10,900,3,35,1.3470,0.40,constant,31,993.00,1.607152
7132,1000,0.10,900,3,35,1.3719,0.40,constant,32,1025.00,0.467869
7133,1000,0.10,900,3,35,1.3411,0.40,constant,33,996.00,0.389937
7134,1000,0.10,900,3,35,1.4206,0.40,constant,34,985.00,0.983335
7135,1000,0.10,900,3,35,1.3533,0.40,constant,35,1033.00,0.563020
7136,1000,0.10,900,3,35,1.3699,0.40,constant,36,1003.00,1.316360
7137,1000,0.10,900,3,35,1.3588,0.40,constant,37,1026.00,0.914850
7138,1000,0.10,900,3,35,1.3764,0.40,constant,38,1043.00,0.830389
7139,1000,0.10,900,3,35,1.3455,0.40,constant,39,1007.00,0.771757
7140,1000,0.10,900,3,35,1.4204,0.40,constant,40,1059.00,0.526946
7141,1000,0.10,900,3,35,1.3707,0.40,constant,41,1011.00,0.620664
7142,1000,0.10,900,3,35,1.3832,0.40,constant,42,1030.00,1.555523
7143,1000,0.10,900,3,35,1.4143,0.40,constant,43,1026.00,1.568857
7144,1000,0.10,900,3,35,1.3952,0.40,constant,44,1032.00,0.540357
7145,1000,0.10,900,3,35,1.4016,0.40,constant,45,1020.00,1.119086
7146,1000,0.10,900,3,35,1.3640,0.40,constant,46,1019.00,0.915697
7147,1000,0.10,900,3,35,1.4497,0.40,constant,47,981.00,2.788251
7148,1000,0.10,900,3,35,1.3735,0.40,constant,48,1005.00,0.437456
7149,1000,0.10,900,3,35,1.3601,0.40,constant,49,1039.00,2.616769
7150,1000,0.10,900,3,35,1.3707,0.40,constant,50,1018.00,0.557472
7151,1000,0.10,900,3,35,1.3875,0.40,constant,51,1012.00,1.823649
7152,1000,0.10,900,3,35,1.3969,0.40,constant,52,1007.00,0.502487
7153,1000,0.10,900,3,35,1.3881,0.40,constant,53,1008.00,0.801338
7154,1000,0.10,900,3,35,1.3694,0.40,constant,54,998.00,0.862371
7155,1000,0.10,900,3,35,1.3701,0.40,constant,55,1023.00,2.479891
7156,1000,0.10,900,3,35,1.3400,0.40,constant,56,1015.00,1.584518
7157,1000,0.10,900,3,35,1.3680,0.40,constant,57,1002.00,0.635429
7158,1000,0.10,900,3,35,1.3762,0.40,constant,58,982.00,1.568788
7159,1000,0.10,900,3,35,1.3579,0.40,constant,59,1011.00,2.376400
7160,1000,0.10,900,3,35,1.3636,0.40,constant,60,1049.00,1.200776
7161,1000,0.10,900,3,35,1.3879,0.40,constant,61,1011.00,1.399140
7162,1000,0.10,900,3,35,1.4262,0.40,constant,62,997.00,0.986192
7163,1000,0.10,900,3,35,1.3859,0.40,constant,63,970.00,0.918442
7164,1000,0.10,900,3,35,1.4087,0.40,constant,64,1049.00,0.537554
7165,1000,0.10,900,3,35,1.3613,0.40,constant,65,997.00,1.071814
7166,1000,0.10,900,3,35,1.3974,0.40,constant,66,1043.00,1.375775
7167,1000,0.10,900,3,35,1.3976,0.40,constant,67,1029.00,1.249008
7168,1000,0.10,900,3,35,1.3097,0.40,constant,68,999.00,1.970671
7169,1000,0.10,900,3,35,1.3484,0.40,constant,69,1010.00,2.989516
7170,1000,0.10,900,3,35,1.3348,0.40,constant,70,1035.00,1.515378
7171,1000,0.10,900,3,35,1.3905,0.40,constant,71,1004.00,3.375525
7172,1000,0.10,900,3,35,1.3780,0.40,constant,72,1022.00,1.063387
7173,1000,0.10,900,3,35,1.3646,0.40,constant,73,1020.00,0.325526
7174,1000,0.10,900,3,35,1.3478,0.40,constant,74,997.00,1.139299
7175,1000,0.10,900,3,35,1.3619,0.40,constant,75,1050.00,1.292358
7176,1000,0.10,900,3,35,1.3471,0.40,constant,76,1049.00,0.578905
7177,1000,0.10,900,3,35,1.3573,0.40,constant,77,1024.00,1.512356
7178,1000,0.10,900,3,35,1.3484,0.40,constant,78,994.00,0.330430
7179,1000,0.10,900,3,35,1.4159,0.40,constant,79,1013.00,0.605359
7180,1000,0.10,900,3,35,1.3734,0.40,constant,80,1016.00,0.721018
7181,1000,0.10,900,3,35,1.3434,0.40,constant,81,1027.00,1.195429
7182,1000,0.10,900,3,35,1.3717,0.40,constant,82,989.00,2.178876
7183,1000,0.10,900,3,35,1.3594,0.40,constant,83,1004.00,0.520744
7184,1000,0.10,900,3,35,1.3989,0.40,constant,84,1037.00,0.527625
7185,1000,0.10,900,3,35,1.3291,0.40,constant,85,1042.00,3.268060
7186,1000,0.10,900,3,35,1.3594,0.40,constant,86,968.00,2.784511
7187,1000,0.10,900,3,35,1.3458,0.40,constant,87,1066.00,1.216192
7188,1000,0.10,900,3,35,1.3962,0.40,constant,88,991.00,1.153596
7189,1000,0.10,900,3,35,1.3678,0.40,constant,89,1019.00,4.535962
7190,1000,0.10,900,3,35,1.3870,0.40,constant,90,1017.00,0.456336
7191,1000,0.10,900,3,35,1.3407,0.40,constant,91,1013.00,0.630986
7192,1000,0.10,900,3,35,1.3608,0.40,constant,92,997.00,0.430165
7193,1000,0.10,900,3,35,1.3795,0.40,constant,93,1005.00,1.978223
7194,1000,0.10,900,3,35,1.3468,0.40,constant,94,995.00,0.286011
7195,1000,0.10,900,3,35,1.3752,0.40,constant,95,1047.00,3.744159
7196,1000,0.10,900,3,35,1.3292,0.40,constant,96,1051.00,0.504412
7197,1000,0.10,900,3,35,1.3683,0.40,constant,97,999.00,1.180751
7198,1000,0.10,900,3,35,1.3850,0.40,constant,98,1030.00,0.596673
7199,1000,0.10,900,3,35,1.4175,0.40,constant,99,1003.00,0.285940
7200,1000,0.10,900,3,35,1.3527,0.45,constant,0,986.00,0.534827
7201,1000,0.10,900,3,35,1.3909,0.45,constant,1,1004.00,1.262976
7202,1000,0.10,900,3,35,1.3718,0.45,constant,2,963.00,1.162076
7203,1000,0.10,900,3,35,1.3647,0.45,constant,3,1041.00,0.747927
7204,1000,0.10,900,3,35,1.4017,0.45,constant,4,1000.00,2.487383
7205,1000,0.10,900,3,35,1.3726,0.45,constant,5,1013.00,0.842050
7206,1000,0.10,900,3,35,1.3835,0.45,constant,6,1031.00,1.339724
7207,1000,0.10,900,3,35,1.3384,0.45,constant,7,1007.00,1.321710
7208,1000,0.10,900,3,35,1.4050,0.45,constant,8,1019.00,0.647902
7209,1000,0.10,900,3,35,1.4091,0.45,constant,9,1014.00,1.089970
7210,1000,0.10,900,3,35,1.3898,0.45,constant,10,1092.00,1.741828
7211,1000,0.10,900,3,35,1.3854,0.45,constant,11,998.00,0.640571
7212,1000,0.10,900,3,35,1.3744,0.45,constant,12,1012.00,2.078980
7213,1000,0.10,900,3,35,1.3901,0.45,constant,13,986.00,1.012044
7214,1000,0.10,900,3,35,1.3461,0.45,constant,14,1043.00,1.395595
7215,1000,0.10,900,3,35,1.3862,0.45,constant,15,1047.00,1.011513
7216,1000,0.10,900,3,35,1.4198,0.45,constant,16,1038.00,1.646197
7217,1000,0.10,900,3,35,1.3803,0.45,constant,17,1034.00,0.450096
7218,1000,0.10,900,3,35,1.3750,0.45,constant,18,1003.00,0.428465
7219,1000,0.10,900,3,35,1.4256,0.45,constant,19,1038.00,2.317316
7220,1000,0.10,900,3,35,1.4121,0.45,constant,20,1034.00,2.196424
7221,1000,0.10,900,3,35,1.3734,0.45,constant,21,1034.00,0.554752
7222,1000,0.10,900,3,35,1.4014,0.45,constant,22,1062.00,0.422274
7223,1000,0.10,900,3,35,1.3949,0.45,constant,23,1052.00,1.445957
7224,1000,0.10,900,3,35,1.3794,0.45,constant,24,1071.00,2.698470
7225,1000,0.10,900,3,35,1.3734,0.45,constant,25,1073.00,0.466658
7226,1000,0.10,900,3,35,1.3562,0.45,constant,26,1073.00,0.793673
7227,1000,0.10,900,3,35,1.4078,0.45,constant,27,1031.00,0.589543
7228,1000,0.10,900,3,35,1.4045,0.45,constant,28,1024.00,0.962564
7229,1000,0.10,900,3,35,1.3403,0.45,constant,29,1019.00,0.538031
7230,1000,0.10,900,3,35,1.4155,0.45,constant,30,1001.00,1.862157
7231,1000,0.10,900,3,35,1.3977,0.45,constant,31,1015.00,1.409615
7232,1000,0.10,900,3,35,1.3679,0.45,constant,32,1025.00,2.073734
7233,1000,0.10,900,3,35,1.3855,0.45,constant,33,1009.00,2.643023
7234,1000,0.10,900,3,35,1.3333,0.45,constant,34,1003.00,0.773389
7235,1000,0.10,900,3,35,1.3552,0.45,constant,35,1062.00,1.086103
7236,1000,0.10,900,3,35,1.3819,0.45,constant,36,966.00,1.309376
7237,1000,0.10,900,3,35,1.3711,0.45,constant,37,1041.00,0.951350
7238,1000,0.10,900,3,35,1.3602,0.45,constant,38,1059.00,1.153353
7239,1000,0.10,900,3,35,1.3843,0.45,constant,39,1033.00,0.884671
7240,1000,0.10,900,3,35,1.3944,0.45,constant,40,1017.00,3.381837
7241,1000,0.10,900,3,35,1.3946,0.45,constant,41,1033.00,2.256545
7242,1000,0.10,900,3,35,1.4160,0.45,constant,42,1059.00,2.723191
7243,1000,0.10,900,3,35,1.3973,0.45,constant,43,1018.00,2.105745
7244,1000,0.10,900,3,35,1.3735,0.45,constant,44,1058.00,0.460136
7245,1000,0.10,900,3,35,1.3831,0.45,constant,45,1036.00,0.773550
7246,1000,0.10,900,3,35,1.3767,0.45,constant,46,1067.00,0.478013
7247,1000,0.10,900,3,35,1.3962,0.45,constant,47,1049.00,0.546972
7248,1000,0.10,900,3,35,1.3690,0.45,constant,48,1035.00,1.930281
7249,1000,0.10,900,3,35,1.3749,0.45,constant,49,1017.00,1.096637
7250,1000,0.10,900,3,35,1.3984,0.45,constant,50,1057.00,2.926941
7251,1000,0.10,900,3,35,1.4028,0.45,constant,51,1013.00,0.712720
7252,1000,0.10,900,3,35,1.4117,0.45,constant,52,1020.00,1.267701
7253,1000,0.10,900,3,35,1.4001,0.45,constant,53,1062.00,1.045425
7254,1000,0.10,900,3,35,1.3993,0.45,constant,54,1028.00,2.169099
7255,1000,0.10,900,3,35,1.3482,0.45,constant,55,1046.00,0.612268
7256,1000,0.10,900,3,35,1.3637,0.45,constant,56,1035.00,0.449315
7257,1000,0.10,900,3,35,1.3414,0.45,constant,57,1017.00,0.396295
7258,1000,0.10,900,3,35,1.3355,0.45,constant,58,1011.00,1.162316
7259,1000,0.10,900,3,35,1.3396,0.45,constant,59,1069.00,1.608393
7260,1000,0.10,900,3,35,1.4144,0.45,constant,60,1015.00,3.099273
7261,1000,0.10,900,3,35,1.3691,0.45,constant,61,953.00,0.557420
7262,1000,0.10,900,3,35,1.3614,0.45,constant,62,1053.00,2.729185
7263,1000,0.10,900,3,35,1.3317,0.45,constant,63,1050.00,1.168396
7264,1000,0.10,900,3,35,1.3943,0.45,constant,64,1029.00,0.799274
7265,1000,0.10,900,3,35,1.3630,0.45,constant,65,1021.00,1.743014
7266,1000,0.10,900,3,35,1.3413,0.45,constant,66,1075.00,2.544557
7267,1000,0.10,900,3,35,1.4131,0.45,constant,67,999.00,0.484636
7268,1000,0.10,900,3,35,1.3830,0.45,constant,68,986.00,0.647008
7269,1000,0.10,900,3,35,1.3869,0.45,constant,69,998.00,0.552978
7270,1000,0.10,900,3,35,1.3355,0.45,constant,70,1056.00,3.008418
7271,1000,0.10,900,3,35,1.3578,0.45,constant,71,1009.00,2.594648
7272,1000,0.10,900,3,35,1.3929,0.45,constant,72,1023.00,0.412795
7273,1000,0.10,900,3,35,1.3813,0.45,constant,73,982.00,0.533319
7274,1000,0.10,900,3,35,1.4447,0.45,constant,74,1000.00,1.502177
7275,1000,0.10,900,3,35,1.4697,0.45,constant,75,1051.00,1.738959
7276,1000,0.10,900,3,35,1.3940,0.45,constant,76,1043.00,1.620449
7277,1000,0.10,900,3,35,1.4285,0.45,constant,77,1095.00,3.664983
7278,1000,0.10,900,3,35,1.3281,0.45,constant,78,1044.00,0.924939
7279,1000,0.10,900,3,35,1.3730,0.45,constant,79,1013.00,5.180012
7280,1000,0.10,900,3,35,1.3491,0.45,constant,80,1008.00,0.382736
7281,1000,0.10,900,3,35,1.3075,0.45,constant,81,1016.00,1.601017
7282,1000,0.10,900,3,35,1.3667,0.45,constant,82,1052.00,0.823063
7283,1000,0.10,900,3,35,1.3509,0.45,constant,83,1084.00,0.639477
7284,1000,0.10,900,3,35,1.4150,0.45,constant,84,1037.00,1.318284
7285,1000,0.10,900,3,35,1.3618,0.45,constant,85,1038.00,0.872028
7286,1000,0.10,900,3,35,1.3703,0.45,constant,86,1080.00,2.178239
7287,1000,0.10,900,3,35,1.3873,0.45,constant,87,1042.00,0.794608
7288,1000,0.10,900,3,35,1.3595,0.45,constant,88,1008.00,0.693882
7289,1000,0.10,900,3,35,1.3597,0.45,constant,89,1026.00,3.883831
7290,1000,0.10,900,3,35,1.3389,0.45,constant,90,1004.00,0.609467
7291,1000,0.10,900,3,35,1.3961,0.45,constant,91,1021.00,3.073469
7292,1000,0.10,900,3,35,1.3739,0.45,constant,92,1024.00,0.417325
7293,1000,0.10,900,3,35,1.3917,0.45,constant,93,981.00,0.615042
7294,1000,0.10,900,3,35,1.4224,0.45,constant,94,1058.00,1.578934
7295,1000,0.10,900,3,35,1.4057,0.45,constant,95,1019.00,0.476010
7296,1000,0.10,900,3,35,1.3561,0.45,constant,96,1036.00,0.979692
7297,1000,0.10,900,3,35,1.3449,0.45,constant,97,978.00,2.612324
7298,1000,0.10,900,3,35,1.3644,0.45,constant,98,995.00,0.634683
7299,1000,0.10,900,3,35,1.3634,0.45,constant,99,1052.00,1.808633
7300,1000,0.10,900,3,35,1.4063,0.50,constant,0,1019.00,0.580342
7301,1000,0.10,900,3,35,1.3598,0.50,constant,1,996.00,0.810950
7302,1000,0.10,900,3,35,1.3916,0.50,constant,2,1104.00,0.698166
7303,1000,0.10,900,3,35,1.4031,0.50,constant,3,999.00,1.346040
7304,1000,0.10,900,3,35,1.4258,0.50,constant,4,1013.00,0.488271
7305,1000,0.10,900,3,35,1.3692,0.50,constant,5,1022.00,0.487186
7306,1000,0.10,900,3,35,1.3714,0.50,constant,6,1054.00,0.601488
7307,1000,0.10,900,3,35,1.4200,0.50,constant,7,1047.00,0.908306
7308,1000,0.10,900,3,35,1.4067,0.50,constant,8,989.00,1.623085
7309,1000,0.10,900,3,35,1.3751,0.50,constant,9,1037.00,0.265634
7310,1000,0.10,900,3,35,1.4087,0.50,constant,10,1019.00,1.368692
7311,1000,0.10,900,3,35,1.3619,0.50,constant,11,995.00,0.534479
7312,1000,0.10,900,3,35,1.3769,0.50,constant,12,995.00,0.521146
7313,1000,0.10,900,3,35,1.3650,0.50,constant,13,1047.00,1.389803
7314,1000,0.10,900,3,35,1.4059,0.50,constant,14,1046.00,3.630469
7315,1000,0.10,900,3,35,1.4126,0.50,constant,15,1049.00,0.747135
7316,1000,0.10,900,3,35,1.3828,0.50,constant,16,983.00,1.054742
7317,1000,0.10,900,3,35,1.3347,0.50,constant,17,1056.00,0.514881
7318,1000,0.10,900,3,35,1.3683,0.50,constant,18,1014.00,0.942231
7319,1000,0.10,900,3,35,1.3927,0.50,constant,19,1043.00,1.896088
7320,1000,0.10,900,3,35,1.3632,0.50,constant,20,995.00,0.577628
7321,1000,0.10,900,3,35,1.3435,0.50,constant,21,1009.00,0.489980
7322,1000,0.10,900,3,35,1.4177,0.50,constant,22,1037.00,0.992571
7323,1000,0.10,900,3,35,1.3619,0.50,constant,23,1057.00,1.556123
7324,1000,0.10,900,3,35,1.4091,0.50,constant,24,1052.00,3.474121
7325,1000,0.10,900,3,35,1.3579,0.50,constant,25,1013.00,0.883978
7326,1000,0.10,900,3,35,1.4054,0.50,constant,26,1015.00,3.102201
7327,1000,0.10,900,3,35,1.3814,0.50,constant,27,1015.00,2.940776
7328,1000,0.10,900,3,35,1.3843,0.50,constant,28,1041.00,1.608520
7329,1000,0.10,900,3,35,1.3361,0.50,constant,29,1019.00,4.702183
7330,1000,0.10,900,3,35,1.3776,0.50,constant,30,1048.00,2.334143
7331,1000,0.10,900,3,35,1.4260,0.50,constant,31,1036.00,0.589692
7332,1000,0.10,900,3,35,1.4221,0.50,constant,32,1036.00,0.877981
7333,1000,0.10,900,3,35,1.4058,0.50,constant,33,1031.00,2.595649
7334,1000,0.10,900,3,35,1.3941,0.50,constant,34,1061.00,0.537171
7335,1000,0.10,900,3,35,1.3889,0.50,constant,35,1023.00,0.627832
7336,1000,0.10,900,3,35,1.3838,0.50,constant,36,1013.00,1.648061
7337,1000,0.10,900,3,35,1.3994,0.50,constant,37,1107.00,2.997427
7338,1000,0.10,900,3,35,1.3836,0.50,constant,38,992.00,2.041161
7339,1000,0.10,900,3,35,1.4133,0.50,constant,39,997.00,0.676281
7340,1000,0.10,900,3,35,1.4170,0.50,constant,40,1019.00,0.772488
7341,1000,0.10,900,3,35,1.3225,0.50,constant,41,1011.00,2.490804
7342,1000,0.10,900,3,35,1.4154,0.50,constant,42,996.00,0.515718
7343,1000,0.10,900,3,35,1.3970,0.50,constant,43,1029.00,2.277999
7344,1000,0.10,900,3,35,1.3912,0.50,constant,44,1002.00,3.611049
7345,1000,0.10,900,3,35,1.3362,0.50,constant,45,1052.00,0.973961
7346,1000,0.10,900,3,35,1.4416,0.50,constant,46,1006.00,0.816137
7347,1000,0.10,900,3,35,1.3680,0.50,constant,47,1024.00,1.900319
7348,1000,0.10,900,3,35,1.3659,0.50,constant,48,1032.00,1.263991
7349,1000,0.10,900,3,35,1.3956,0.50,constant,49,974.00,1.256793
7350,1000,0.10,900,3,35,1.4138,0.50,constant,50,1011.00,1.000021
7351,1000,0.10,900,3,35,1.4878,0.50,constant,51,1018.00,3.248908
7352,1000,0.10,900,3,35,1.3842,0.50,constant,52,1003.00,1.274425
7353,1000,0.10,900,3,35,1.4159,0.50,constant,53,1037.00,0.561163
7354,1000,0.10,900,3,35,1.4039,0.50,constant,54,1019.00,2.161132
7355,1000,0.10,900,3,35,1.4037,0.50,constant,55,1024.00,1.008061
7356,1000,0.10,900,3,35,1.3925,0.50,constant,56,1059.00,1.418773
7357,1000,0.10,900,3,35,1.3657,0.50,constant,57,1027.00,2.690167
7358,1000,0.10,900,3,35,1.3603,0.50,constant,58,1014.00,1.428227
7359,1000,0.10,900,3,35,1.3649,0.50,constant,59,1026.00,0.661954
7360,1000,0.10,900,3,35,1.4226,0.50,constant,60,1005.00,0.561422
7361,1000,0.10,900,3,35,1.3354,0.50,constant,61,1038.00,1.162611
7362,1000,0.10,900,3,35,1.3666,0.50,constant,62,995.00,2.486468
7363,1000,0.10,900,3,35,1.4187,0.50,constant,63,1063.00,1.103356
7364,1000,0.10,900,3,35,1.3841,0.50,constant,64,1008.00,2.080245
7365,1000,0.10,900,3,35,1.3778,0.50,constant,65,1032.00,0.740605
7366,1000,0.10,900,3,35,1.4268,0.50,constant,66,1044.00,1.180043
7367,1000,0.10,900,3,35,1.3906,0.50,constant,67,999.00,0.748955
7368,1000,0.10,900,3,35,1.3866,0.50,constant,68,1026.00,0.520275
7369,1000,0.10,900,3,35,1.3622,0.50,constant,69,1049.00,0.671131
7370,1000,0.10,900,3,35,1.3676,0.50,constant,70,1004.00,0.655169
7371,1000,0.10,900,3,35,1.3582,0.50,constant,71,1013.00,2.753947
7372,1000,0.10,900,3,35,1.3633,0.50,constant,72,1003.00,0.620415
7373,1000,0.10,900,3,35,1.3314,0.50,constant,73,1069.00,1.954960
7374,1000,0.10,900,3,35,1.4096,0.50,constant,74,1005.00,1.227917
7375,1000,0.10,900,3,35,1.3542,0.50,constant,75,1036.00,0.716951
7376,1000,0.10,900,3,35,1.4139,0.50,constant,76,1014.00,0.818999
7377,1000,0.10,900,3,35,1.4129,0.50,constant,77,1070.00,0.607024
7378,1000,0.10,900,3,35,1.3576,0.50,constant,78,1040.00,1.643959
7379,1000,0.10,900,3,35,1.3539,0.50,constant,79,1020.00,1.420588
7380,1000,0.10,900,3,35,1.3183,0.50,constant,80,1027.00,2.500779
7381,1000,0.10,900,3,35,1.3738,0.50,constant,81,985.00,0.577130
7382,1000,0.10,900,3,35,1.4383,0.50,constant,82,1043.00,0.970379
7383,1000,0.10,900,3,35,1.4337,0.50,constant,83,1070.00,4.620891
7384,1000,0.10,900,3,35,1.4054,0.50,constant,84,1016.00,0.568777
7385,1000,0.10,900,3,35,1.3859,0.50,constant,85,970.00,0.528458
7386,1000,0.10,900,3,35,1.3837,0.50,constant,86,1001.00,1.408153
7387,1000,0.10,900,3,35,1.4440,0.50,constant,87,1023.00,2.149890
7388,1000,0.10,900,3,35,1.3351,0.50,constant,88,1052.00,1.907887
7389,1000,0.10,900,3,35,1.4364,0.50,constant,89,1007.00,1.941777
7390,1000,0.10,900,3,35,1.4110,0.50,constant,90,1012.00,0.586758
7391,1000,0.10,900,3,35,1.3574,0.50,constant,91,1010.00,0.509480
7392,1000,0.10,900,3,35,1.3523,0.50,constant,92,1046.00,3.340667
7393,1000,0.10,900,3,35,1.3616,0.50,constant,93,1053.00,0.588897
7394,1000,0.10,900,3,35,1.3913,0.50,constant,94,997.00,0.761425
7395,1000,0.10,900,3,35,1.4001,0.50,constant,95,1018.00,2.428413
7396,1000,0.10,900,3,35,1.3749,0.50,constant,96,1034.00,1.034727
7397,1000,0.10,900,3,35,1.3684,0.50,constant,97,1033.00,0.643910
7398,1000,0.10,900,3,35,1.3649,0.50,constant,98,1023.00,2.989375
7399,1000,0.10,900,3,35,1.4147,0.50,constant,99,1017.00,0.630760
7400,1000,0.10,900,3,35,1.4011,0.55,constant,0,1007.00,0.572729
7401,1000,0.10,900,3,35,1.4116,0.55,constant,1,1022.00,0.707979
7402,1000,0.10,900,3,35,1.4071,0.55,constant,2,1020.00,0.890433
7403,1000,0.10,900,3,35,1.3854,0.55,constant,3,1015.00,0.876240
7404,1000,0.10,900,3,35,1.3432,0.55,constant,4,1056.00,0.944454
7405,1000,0.10,900,3,35,1.4159,0.55,constant,5,1003.00,1.317525
7406,1000,0.10,900,3,35,1.3521,0.55,constant,6,1055.00,0.633067
7407,1000,0.10,900,3,35,1.3947,0.55,constant,7,1006.00,0.556820
7408,1000,0.10,900,3,35,1.3959,0.55,constant,8,1079.00,2.504240
7409,1000,0.10,900,3,35,1.4339,0.55,constant,9,1077.00,1.415313
7410,1000,0.10,900,3,35,1.3994,0.55,constant,10,1011.00,0.874733
7411,1000,0.10,900,3,35,1.3909,0.55,constant,11,1051.00,1.785710
7412,1000,0.10,900,3,35,1.4094,0.55,constant,12,1025.00,0.673910
7413,1000,0.10,900,3,35,1.3954,0.55,constant,13,1028.00,0.979083
7414,1000,0.10,900,3,35,1.3986,0.55,constant,14,993.00,0.957405
7415,1000,0.10,900,3,35,1.4088,0.55,constant,15,1077.00,2.139865
7416,1000,0.10,900,3,35,1.3389,0.55,constant,16,1078.00,1.533393
7417,1000,0.10,900,3,35,1.3473,0.55,constant,17,1037.00,1.585108
7418,1000,0.10,900,3,35,1.3418,0.55,constant,18,1035.00,1.871318
7419,1000,0.10,900,3,35,1.3624,0.55,constant,19,1007.00,1.051240
7420,1000,0.10,900,3,35,1.3906,0.55,constant,20,1037.00,1.150211
7421,1000,0.10,900,3,35,1.4038,0.55,constant,21,985.00,1.067296
7422,1000,0.10,900,3,35,1.3429,0.55,constant,22,1024.00,0.881995
7423,1000,0.10,900,3,35,1.3832,0.55,constant,23,1004.00,1.173990
7424,1000,0.10,900,3,35,1.3671,0.55,constant,24,1031.00,1.674627
7425,1000,0.10,900,3,35,1.3757,0.55,constant,25,1017.00,1.731347
7426,1000,0.10,900,3,35,1.3523,0.55,constant,26,1040.00,2.595656
7427,1000,0.10,900,3,35,1.3106,0.55,constant,27,1016.00,0.609741
7428,1000,0.10,900,3,35,1.4160,0.55,constant,28,1049.00,1.504557
7429,1000,0.10,900,3,35,1.3235,0.55,constant,29,1072.00,1.270670
7430,1000,0.10,900,3,35,1.3511,0.55,constant,30,1062.00,0.722753
7431,1000,0.10,900,3,35,1.4252,0.55,constant,31,1043.00,1.534291
7432,1000,0.10,900,3,35,1.3818,0.55,constant,32,993.00,2.426322
7433,1000,0.10,900,3,35,1.3599,0.55,constant,33,1047.00,1.938195
7434,1000,0.10,900,3,35,1.3764,0.55,constant,34,1055.00,1.681744
7435,1000,0.10,900,3,35,1.3742,0.55,constant,35,1091.00,1.285096
7436,1000,0.10,900,3,35,1.3413,0.55,constant,36,1068.00,1.839779
7437,1000,0.10,900,3,35,1.3585,0.55,constant,37,1018.00,1.605194
7438,1000,0.10,900,3,35,1.3796,0.55,constant,38,1016.00,2.402990
7439,1000,0.10,900,3,35,1.4155,0.55,constant,39,1060.00,1.234012
7440,1000,0.10,900,3,35,1.3354,0.55,constant,40,1027.00,0.786240
7441,1000,0.10,900,3,35,1.3731,0.55,constant,41,1076.00,0.737572
7442,1000,0.10,900,3,35,1.4128,0.55,constant,42,1026.00,2.541016
7443,1000,0.10,900,3,35,1.3365,0.55,constant,43,1037.00,0.583311
7444,1000,0.10,900,3,35,1.3671,0.55,constant,44,1056.00,2.637881
7445,1000,0.10,900,3,35,1.3593,0.55,constant,45,1019.00,2.623734
7446,1000,0.10,900,3,35,1.3875,0.55,constant,46,1070.00,2.311094
7447,1000,0.10,900,3,35,1.3273,0.55,constant,47,1016.00,0.584293
7448,1000,0.10,900,3,35,1.3625,0.55,constant,48,1047.00,0.626723
7449,1000,0.10,900,3,35,1.3408,0.55,constant,49,1058.00,0.755126
7450,1000,0.10,900,3,35,1.3459,0.55,constant,50,1032.00,0.736599
7451,1000,0.10,900,3,35,1.3540,0.55,constant,51,1049.00,1.183809
7452,1000,0.10,900,3,35,1.4141,0.55,constant,52,991.00,1.096322
7453,1000,0.10,900,3,35,1.3397,0.55,constant,53,1029.00,2.128008
7454,1000,0.10,900,3,35,1.3828,0.55,constant,54,1049.00,0.752813
7455,1000,0.10,900,3,35,1.3997,0.55,constant,55,1061.00,1.105775
7456,1000,0.10,900,3,35,1.4083,0.55,constant,56,1042.00,1.332265
7457,1000,0.10,900,3,35,1.3975,0.55,constant,57,1058.00,0.821237
7458,1000,0.10,900,3,35,1.3402,0.55,constant,58,1098.00,0.623078
7459,1000,0.10,900,3,35,1.4058,0.55,constant,59,1076.00,1.407317
7460,1000,0.10,900,3,35,1.4234,0.55,constant,60,1056.00,1.346741
7461,1000,0.10,900,3,35,1.3673,0.55,constant,61,1065.00,0.669917
7462,1000,0.10,900,3,35,1.3973,0.55,constant,62,1015.00,0.511678
7463,1000,0.10,900,3,35,1.3967,0.55,constant,63,1044.00,1.556378
7464,1000,0.10,900,3,35,1.3850,0.55,constant,64,1084.00,0.804972
7465,1000,0.10,900,3,35,1.3816,0.55,constant,65,1032.00,0.719928
7466,1000,0.10,900,3,35,1.3849,0.55,constant,66,1021.00,1.201220
7467,1000,0.10,900,3,35,1.4044,0.55,constant,67,994.00,1.971280
7468,1000,0.10,900,3,35,1.3681,0.55,constant,68,1004.00,2.779530
7469,1000,0.10,900,3,35,1.3733,0.55,constant,69,1043.00,1.375312
7470,1000,0.10,900,3,35,1.3703,0.55,constant,70,1078.00,0.778005
7471,1000,0.10,900,3,35,1.3996,0.55,constant,71,1054.00,0.736766
7472,1000,0.10,900,3,35,1.3591,0.55,constant,72,1082.00,0.563401
7473,1000,0.10,900,3,35,1.4135,0.55,constant,73,995.00,2.883152
7474,1000,0.10,900,3,35,1.4050,0.55,constant,74,1055.00,0.877268
7475,1000,0.10,900,3,35,1.3420,0.55,constant,75,1017.00,0.547574
7476,1000,0.10,900,3,35,1.4221,0.55,constant,76,1060.00,3.835303
7477,1000,0.10,900,3,35,1.4555,0.55,constant,77,1052.00,3.091780
7478,1000,0.10,900,3,35,1.3481,0.55,constant,78,1052.00,1.343706
7479,1000,0.10,900,3,35,1.3454,0.55,constant,79,1037.00,0.959489
7480,1000,0.10,900,3,35,1.4373,0.55,constant,80,1048.00,1.442078
7481,1000,0.10,900,3,35,1.3898,0.55,constant,81,1056.00,1.519454
7482,1000,0.10,900,3,35,1.3755,0.55,constant,82,1081.00,1.192114
7483,1000,0.10,900,3,35,1.3777,0.55,constant,83,1079.00,0.637856
7484,1000,0.10,900,3,35,1.3921,0.55,constant,84,1189.00,4.905906
7485,1000,0.10,900,3,35,1.4135,0.55,constant,85,1018.00,0.769208
7486,1000,0.10,900,3,35,1.3787,0.55,constant,86,990.00,2.934850
7487,1000,0.10,900,3,35,1.3514,0.55,constant,87,1055.00,2.475506
7488,1000,0.10,900,3,35,1.3887,0.55,constant,88,1012.00,1.653854
7489,1000,0.10,900,3,35,1.3334,0.55,constant,89,1076.00,0.506386
7490,1000,0.10,900,3,35,1.4249,0.55,constant,90,1035.00,1.801188
7491,1000,0.10,900,3,35,1.3593,0.55,constant,91,1087.00,0.765579
7492,1000,0.10,900,3,35,1.3624,0.55,constant,92,1054.00,0.600760
7493,1000,0.10,900,3,35,1.3685,0.55,constant,93,1014.00,0.986842
7494,1000,0.10,900,3,35,1.3389,0.55,constant,94,1009.00,0.496408
7495,1000,0.10,900,3,35,1.3802,0.55,constant,95,1047.00,0.853328
7496,1000,0.10,900,3,35,1.3836,0.55,constant,96,1048.00,0.691021
7497,1000,0.10,900,3,35,1.3695,0.55,constant,97,1015.00,1.006653
7498,1000,0.10,900,3,35,1.3686,0.55,constant,98,1059.00,1.579358
7499,1000,0.10,900,3,35,1.4487,0.55,constant,99,1047.00,1.348462
7500,1000,0.10,900,3,35,1.3802,0.60,constant,0,1054.00,1.065478
7501,1000,0.10,900,3,35,1.3589,0.60,constant,1,1056.00,0.814839
7502,1000,0.10,900,3,35,1.3644,0.60,constant,2,1040.00,1.292643
7503,1000,0.10,900,3,35,1.3650,0.60,constant,3,1031.00,0.899238
7504,1000,0.10,900,3,35,1.3864,0.60,constant,4,955.00,1.790139
7505,1000,0.10,900,3,35,1.3326,0.60,constant,5,1021.00,0.637361
7506,1000,0.10,900,3,35,1.4095,0.60,constant,6,1064.00,0.953936
7507,1000,0.10,900,3,35,1.3472,0.60,constant,7,1050.00,2.091457
7508,1000,0.10,900,3,35,1.3443,0.60,constant,8,1024.00,1.148442
7509,1000,0.10,900,3,35,1.3919,0.60,constant,9,1056.00,0.690487
7510,1000,0.10,900,3,35,1.3885,0.60,constant,10,1029.00,1.705727
7511,1000,0.10,900,3,35,1.3929,0.60,constant,11,992.00,0.776482
7512,1000,0.10,900,3,35,1.3490,0.60,constant,12,1023.00,1.111261
7513,1000,0.10,900,3,35,1.3549,0.60,constant,13,966.00,2.631061
7514,1000,0.10,900,3,35,1.3648,0.60,constant,14,1000.00,0.796520
7515,1000,0.10,900,3,35,1.3800,0.60,constant,15,1015.00,0.821781
7516,1000,0.10,900,3,35,1.3852,0.60,constant,16,1059.00,1.876754
7517,1000,0.10,900,3,35,1.3885,0.60,constant,17,995.00,1.180229
7518,1000,0.10,900,3,35,1.3334,0.60,constant,18,1009.00,1.143313
7519,1000,0.10,900,3,35,1.3736,0.60,constant,19,1046.00,1.011885
7520,1000,0.10,900,3,35,1.3641,0.60,constant,20,996.00,1.530306
7521,1000,0.10,900,3,35,1.3776,0.60,constant,21,1007.00,3.505041
7522,1000,0.10,900,3,35,1.3681,0.60,constant,22,998.00,3.536623
7523,1000,0.10,900,3,35,1.4261,0.60,constant,23,1000.00,2.314595
7524,1000,0.10,900,3,35,1.3769,0.60,constant,24,1032.00,1.648462
7525,1000,0.10,900,3,35,1.4006,0.60,constant,25,1014.00,0.867737
7526,1000,0.10,900,3,35,1.3871,0.60,constant,26,960.00,0.665716
7527,1000,0.10,900,3,35,1.3787,0.60,constant,27,1050.00,0.741447
7528,1000,0.10,900,3,35,1.3653,0.60,constant,28,1009.00,0.793135
7529,1000,0.10,900,3,35,1.4098,0.60,constant,29,1047.00,0.765280
7530,1000,0.10,900,3,35,1.3648,0.60,constant,30,989.00,1.247705
7531,1000,0.10,900,3,35,1.3887,0.60,constant,31,1042.00,0.948613
7532,1000,0.10,900,3,35,1.3441,0.60,constant,32,1036.00,1.579328
7533,1000,0.10,900,3,35,1.3616,0.60,constant,33,1021.00,1.106042
7534,1000,0.10,900,3,35,1.4325,0.60,constant,34,1062.00,0.940932
7535,1000,0.10,900,3,35,1.3365,0.60,constant,35,1055.00,1.993702
7536,1000,0.10,900,3,35,1.3952,0.60,constant,36,1003.00,0.917504
7537,1000,0.10,900,3,35,1.3791,0.60,constant,37,984.00,0.649958
7538,1000,0.10,900,3,35,1.3919,0.60,constant,38,1031.00,1.116934
7539,1000,0.10,900,3,35,1.3715,0.60,constant,39,1002.00,0.545103
7540,1000,0.10,900,3,35,1.3525,0.60,constant,40,1036.00,0.902165
7541,1000,0.10,900,3,35,1.3889,0.60,constant,41,1063.00,3.188167
7542,1000,0.10,900,3,35,1.3749,0.60,constant,42,1055.00,0.790851
7543,1000,0.10,900,3,35,1.3804,0.60,constant,43,1034.00,3.239985
7544,1000,0.10,900,3,35,1.3436,0.60,constant,44,995.00,1.619182
7545,1000,0.10,900,3,35,1.4221,0.60,constant,45,1030.00,2.024015
7546,1000,0.10,900,3,35,1.3613,0.60,constant,46,1002.00,0.721965
7547,1000,0.10,900,3,35,1.3377,0.60,constant,47,1045.00,2.022527
7548,1000,0.10,900,3,35,1.3262,0.60,constant,48,1022.00,1.366055
7549,1000,0.10,900,3,35,1.4346,0.60,constant,49,1041.00,2.512876
7550,1000,0.10,900,3,35,1.3652,0.60,constant,50,1055.00,2.056180
7551,1000,0.10,900,3,35,1.3184,0.60,constant,51,976.00,0.828291
7552,1000,0.10,900,3,35,1.3863,0.60,constant,52,1017.00,1.084531
7553,1000,0.10,900,3,35,1.3681,0.60,constant,53,1061.00,0.608171
7554,1000,0.10,900,3,35,1.3346,0.60,constant,54,984.00,1.238162
7555,1000,0.10,900,3,35,1.3803,0.60,constant,55,991.00,0.956193
7556,1000,0.10,900,3,35,1.4220,0.60,constant,56,1003.00,0.909587
7557,1000,0.10,900,3,35,1.4235,0.60,constant,57,1030.00,0.786071
7558,1000,0.10,900,3,35,1.3703,0.60,constant,58,966.00,0.644807
7559,1000,0.10,900,3,35,1.3596,0.60,constant,59,1027.00,0.779268
7560,1000,0.10,900,3,35,1.3955,0.60,constant,60,1026.00,5.263571
7561,1000,0.10,900,3,35,1.3306,0.60,constant,61,1016.00,0.990865
7562,1000,0.10,900,3,35,1.3709,0.60,constant,62,1052.00,0.800800
7563,1000,0.10,900,3,35,1.3281,0.60,constant,63,1005.00,0.783135
7564,1000,0.10,900,3,35,1.4192,0.60,constant,64,1053.00,1.127721
7565,1000,0.10,900,3,35,1.3350,0.60,constant,65,993.00,0.991313
7566,1000,0.10,900,3,35,1.3515,0.60,constant,66,1034.00,0.796440
7567,1000,0.10,900,3,35,1.4002,0.60,constant,67,1068.00,0.531712
7568,1000,0.10,900,3,35,1.4119,0.60,constant,68,1004.00,0.871607
7569,1000,0.10,900,3,35,1.3703,0.60,constant,69,1051.00,0.819447
7570,1000,0.10,900,3,35,1.3667,0.60,constant,70,999.00,1.845231
7571,1000,0.10,900,3,35,1.3512,0.60,constant,71,1040.00,1.467507
7572,1000,0.10,900,3,35,1.3899,0.60,constant,72,979.00,1.168347
7573,1000,0.10,900,3,35,1.3779,0.60,constant,73,1047.00,1.479888
7574,1000,0.10,900,3,35,1.3290,0.60,constant,74,1021.00,1.893374
7575,1000,0.10,900,3,35,1.3722,0.60,constant,75,1002.00,1.914550
7576,1000,0.10,900,3,35,1.3911,0.60,constant,76,1056.00,1.194831
7577,1000,0.10,900,3,35,1.3530,0.60,constant,77,1036.00,1.128671
7578,1000,0.10,900,3,35,1.3992,0.60,constant,78,983.00,2.726372
7579,1000,0.10,900,3,35,1.3331,0.60,constant,79,1023.00,1.419101
7580,1000,0.10,900,3,35,1.3759,0.60,constant,80,1030.00,2.023714
7581,1000,0.10,900,3,35,1.3839,0.60,constant,81,1031.00,3.614103
7582,1000,0.10,900,3,35,1.3525,0.60,constant,82,1056.00,0.834238
7583,1000,0.10,900,3,35,1.3691,0.60,constant,83,1026.00,1.033169
7584,1000,0.10,900,3,35,1.3619,0.60,constant,84,1065.00,0.740967
7585,1000,0.10,900,3,35,1.3460,0.60,constant,85,1015.00,1.253840
7586,1000,0.10,900,3,35,1.3878,0.60,constant,86,988.00,1.468529
7587,1000,0.10,900,3,35,1.3994,0.60,constant,87,1018.00,0.807391
7588,1000,0.10,900,3,35,1.3848,0.60,constant,88,998.00,1.377954
7589,1000,0.10,900,3,35,1.4212,0.60,constant,89,1021.00,1.518100
7590,1000,0.10,900,3,35,1.3938,0.60,constant,90,1040.00,1.083801
7591,1000,0.10,900,3,35,1.3658,0.60,constant,91,1022.00,1.317965
7592,1000,0.10,900,3,35,1.3437,0.60,constant,92,1034.00,0.855841
7593,1000,0.10,900,3,35,1.3820,0.60,constant,93,991.00,1.112091
7594,1000,0.10,900,3,35,1.3751,0.60,constant,94,1072.00,1.085551
7595,1000,0.10,900,3,35,1.4416,0.60,constant,95,1088.00,1.990954
7596,1000,0.10,900,3,35,1.3740,0.60,constant,96,1056.00,0.638465
7597,1000,0.10,900,3,35,1.4615,0.60,constant,97,1061.00,2.383454
7598,1000,0.10,900,3,35,1.3617,0.60,constant,98,1020.00,1.497586
7599,1000,0.10,900,3,35,1.3551,0.60,constant,99,1049.00,1.460759
7600,1000,0.10,900,3,35,1.3305,0.65,constant,0,1048.00,4.657614
7601,1000,0.10,900,3,35,1.3989,0.65,constant,1,1000.00,1.144911
7602,1000,0.10,900,3,35,1.3458,0.65,constant,2,997.00,0.767686
7603,1000,0.10,900,3,35,1.3842,0.65,constant,3,1055.00,1.395276
7604,1000,0.10,900,3,35,1.3180,0.65,constant,4,976.00,1.371250
7605,1000,0.10,900,3,35,1.3511,0.65,constant,5,977.00,0.971563
7606,1000,0.10,900,3,35,1.4039,0.65,constant,6,1004.00,0.848502
7607,1000,0.10,900,3,35,1.3704,0.65,constant,7,1036.00,0.883120
7608,1000,0.10,900,3,35,1.3476,0.65,constant,8,1046.00,1.064556
7609,1000,0.10,900,3,35,1.3540,0.65,constant,9,959.00,0.752444
7610,1000,0.10,900,3,35,1.3622,0.65,constant,10,984.00,1.193033
7611,1000,0.10,900,3,35,1.3429,0.65,constant,11,1094.00,1.278245
7612,1000,0.10,900,3,35,1.3711,0.65,constant,12,1027.00,0.873976
7613,1000,0.10,900,3,35,1.3350,0.65,constant,13,995.00,1.604711
7614,1000,0.10,900,3,35,1.3604,0.65,constant,14,1049.00,0.938368
7615,1000,0.10,900,3,35,1.3891,0.65,constant,15,1038.00,0.809734
7616,1000,0.10,900,3,35,1.3412,0.65,constant,16,998.00,2.513445
7617,1000,0.10,900,3,35,1.3299,0.65,constant,17,1044.00,2.203663
7618,1000,0.10,900,3,35,1.3411,0.65,constant,18,1008.00,0.697476
7619,1000,0.10,900,3,35,1.3966,0.65,constant,19,1006.00,0.747785
7620,1000,0.10,900,3,35,1.3804,0.65,constant,20,1002.00,0.788811
7621,1000,0.10,900,3,35,1.3726,0.65,constant,21,978.00,1.134463
7622,1000,0.10,900,3,35,1.3892,0.65,constant,22,1055.00,3.459252
7623,1000,0.10,900,3,35,1.3547,0.65,constant,23,1052.00,0.769560
7624,1000,0.10,900,3,35,1.3548,0.65,constant,24,1019.00,0.785298
7625,1000,0.10,900,3,35,1.3212,0.65,constant,25,1006.00,1.790679
7626,1000,0.10,900,3,35,1.3652,0.65,constant,26,1012.00,1.634594
7627,1000,0.10,900,3,35,1.4140,0.65,constant,27,1021.00,1.139622
7628,1000,0.10,900,3,35,1.3503,0.65,constant,28,1053.00,4.003432
7629,1000,0.10,900,3,35,1.3734,0.65,constant,29,1013.00,1.118238
7630,1000,0.10,900,3,35,1.2867,0.65,constant,30,1045.00,2.492318
7631,1000,0.10,900,3,35,1.3458,0.65,constant,31,999.00,0.772597
7632,1000,0.10,900,3,35,1.3507,0.65,constant,32,1038.00,1.652154
7633,1000,0.10,900,3,35,1.3460,0.65,constant,33,1022.00,0.966312
7634,1000,0.10,900,3,35,1.3651,0.65,constant,34,1011.00,0.876392
7635,1000,0.10,900,3,35,1.4222,0.65,constant,35,1009.00,1.036908
7636,1000,0.10,900,3,35,1.3988,0.65,constant,36,1040.00,0.971264
7637,1000,0.10,900,3,35,1.3866,0.65,constant,37,1034.00,0.667238
7638,1000,0.10,900,3,35,1.3129,0.65,constant,38,995.00,1.835398
7639,1000,0.10,900,3,35,1.3831,0.65,constant,39,973.00,0.843957
7640,1000,0.10,900,3,35,1.3397,0.65,constant,40,1041.00,2.414459
7641,1000,0.10,900,3,35,1.3577,0.65,constant,41,1059.00,1.943301
7642,1000,0.10,900,3,35,1.3653,0.65,constant,42,999.00,1.599034
7643,1000,0.10,900,3,35,1.3832,0.65,constant,43,1000.00,2.787699
7644,1000,0.10,900,3,35,1.3693,0.65,constant,44,994.00,2.677004
7645,1000,0.10,900,3,35,1.3688,0.65,constant,45,1012.00,1.166035
7646,1000,0.10,900,3,35,1.3790,0.65,constant,46,1019.00,1.101178
7647,1000,0.10,900,3,35,1.3391,0.65,constant,47,1038.00,0.735856
7648,1000,0.10,900,3,35,1.3931,0.65,constant,48,1044.00,1.017223
7649,1000,0.10,900,3,35,1.3441,0.65,constant,49,1009.00,2.955114
7650,1000,0.10,900,3,35,1.3442,0.65,constant,50,1054.00,1.951854
7651,1000,0.10,900,3,35,1.4190,0.65,constant,51,1026.00,0.966978
7652,1000,0.10,900,3,35,1.3287,0.65,constant,52,1012.00,1.288135
7653,1000,0.10,900,3,35,1.3472,0.65,constant,53,1033.00,2.314811
7654,1000,0.10,900,3,35,1.3790,0.65,constant,54,979.00,0.890496
7655,1000,0.10,900,3,35,1.3116,0.65,constant,55,1047.00,0.705271
7656,1000,0.10,900,3,35,1.3918,0.65,constant,56,997.00,3.135956
7657,1000,0.10,900,3,35,1.3365,0.65,constant,57,1044.00,1.288502
7658,1000,0.10,900,3,35,1.3484,0.65,constant,58,1042.00,0.618572
7659,1000,0.10,900,3,35,1.3687,0.65,constant,59,967.00,0.980940
7660,1000,0.10,900,3,35,1.3185,0.65,constant,60,1009.00,4.100618
7661,1000,0.10,900,3,35,1.3120,0.65,constant,61,1022.00,0.916778
7662,1000,0.10,900,3,35,1.3665,0.65,constant,62,1028.00,1.034312
7663,1000,0.10,900,3,35,1.3578,0.65,constant,63,1025.00,1.627246
7664,1000,0.10,900,3,35,1.3577,0.65,constant,64,1025.00,0.649812
7665,1000,0.10,900,3,35,1.3265,0.65,constant,65,1019.00,2.873867
7666,1000,0.10,900,3,35,1.4058,0.65,constant,66,1037.00,1.231847
7667,1000,0.10,900,3,35,1.3610,0.65,constant,67,1030.00,1.390725
7668,1000,0.10,900,3,35,1.3495,0.65,constant,68,1054.00,3.202191
7669,1000,0.10,900,3,35,1.3665,0.65,constant,69,1005.00,1.875441
7670,1000,0.10,900,3,35,1.3904,0.65,constant,70,987.00,1.207860
7671,1000,0.10,900,3,35,1.3677,0.65,constant,71,1015.00,0.798526
7672,1000,0.10,900,3,35,1.4053,0.65,constant,72,1030.00,1.484748
7673,1000,0.10,900,3,35,1.3079,0.65,constant,73,1081.00,0.614908
7674,1000,0.10,900,3,35,1.3470,0.65,constant,74,1040.00,1.111666
7675,1000,0.10,900,3,35,1.3387,0.65,constant,75,1000.00,0.633453
7676,1000,0.10,900,3,35,1.2487,0.65,constant,76,1040.00,1.010698
7677,1000,0.10,900,3,35,1.3598,0.65,constant,77,1014.00,0.912434
7678,1000,0.10,900,3,35,1.4095,0.65,constant,78,981.00,0.999541
7679,1000,0.10,900,3,35,1.3179,0.65,constant,79,1020.00,0.643613
7680,1000,0.10,900,3,35,1.3376,0.65,constant,80,1022.00,1.024612
7681,1000,0.10,900,3,35,1.3823,0.65,constant,81,1014.00,1.417155
7682,1000,0.10,900,3,35,1.3690,0.65,constant,82,1072.00,0.819799
7683,1000,0.10,900,3,35,1.3422,0.65,constant,83,1044.00,3.028876
7684,1000,0.10,900,3,35,1.3670,0.65,constant,84,1063.00,2.332445
7685,1000,0.10,900,3,35,1.3455,0.65,constant,85,1061.00,1.657010
7686,1000,0.10,900,3,35,1.4142,0.65,constant,86,1009.00,1.108843
7687,1000,0.10,900,3,35,1.3391,0.65,constant,87,1048.00,2.921617
7688,1000,0.10,900,3,35,1.3739,0.65,constant,88,1019.00,0.768699
7689,1000,0.10,900,3,35,1.3764,0.65,constant,89,1034.00,0.695678
7690,1000,0.10,900,3,35,1.3691,0.65,constant,90,1057.00,1.624619
7691,1000,0.10,900,3,35,1.3791,0.65,constant,91,978.00,0.717197
7692,1000,0.10,900,3,35,1.3900,0.65,constant,92,1012.00,2.443344
7693,1000,0.10,900,3,35,1.3568,0.65,constant,93,1022.00,1.363847
7694,1000,0.10,900,3,35,1.3299,0.65,constant,94,1028.00,1.974275
7695,1000,0.10,900,3,35,1.3886,0.65,constant,95,1055.00,2.069639
7696,1000,0.10,900,3,35,1.3393,0.65,constant,96,1034.00,2.633392
7697,1000,0.10,900,3,35,1.3663,0.65,constant,97,1068.00,1.105115
7698,1000,0.10,900,3,35,1.3854,0.65,constant,98,1029.00,1.711192
7699,1000,0.10,900,3,35,1.3395,0.65,constant,99,1034.00,2.806745
7700,1000,0.10,900,3,35,1.2911,0.70,constant,0,1044.00,0.928374
7701,1000,0.10,900,3,35,1.3005,0.70,constant,1,1073.00,0.746491
7702,1000,0.10,900,3,35,1.3620,0.70,constant,2,976.00,0.809121
7703,1000,0.10,900,3,35,1.3291,0.70,constant,3,1027.00,2.450159
7704,1000,0.10,900,3,35,1.3799,0.70,constant,4,986.00,1.455158
7705,1000,0.10,900,3,35,1.3376,0.70,constant,5,1012.00,1.035392
7706,1000,0.10,900,3,35,1.3539,0.70,constant,6,1042.00,2.305824
7707,1000,0.10,900,3,35,1.3097,0.70,constant,7,1000.00,0.808870
7708,1000,0.10,900,3,35,1.3391,0.70,constant,8,1000.00,0.822921
7709,1000,0.10,900,3,35,1.3883,0.70,constant,9,1026.00,1.864829
7710,1000,0.10,900,3,35,1.3104,0.70,constant,10,999.00,0.844050
7711,1000,0.10,900,3,35,1.3364,0.70,constant,11,986.00,1.999260
7712,1000,0.10,900,3,35,1.3863,0.70,constant,12,1028.00,0.755639
7713,1000,0.10,900,3,35,1.2978,0.70,constant,13,1037.00,2.204016
7714,1000,0.10,900,3,35,1.3426,0.70,constant,14,993.00,2.060706
7715,1000,0.10,900,3,35,1.3352,0.70,constant,15,1058.00,0.766796
7716,1000,0.10,900,3,35,1.3811,0.70,constant,16,1034.00,1.308291
7717,1000,0.10,900,3,35,1.3663,0.70,constant,17,1019.00,0.720353
7718,1000,0.10,900,3,35,1.3703,0.70,constant,18,1019.00,0.681652
7719,1000,0.10,900,3,35,1.3506,0.70,constant,19,947.00,0.958293
7720,1000,0.10,900,3,35,1.3388,0.70,constant,20,1022.00,0.749257
7721,1000,0.10,900,3,35,1.3739,0.70,constant,21,1050.00,0.792592
7722,1000,0.10,900,3,35,1.3359,0.70,constant,22,1077.00,2.442649
7723,1000,0.10,900,3,35,1.3403,0.70,constant,23,1027.00,0.865189
7724,1000,0.10,900,3,35,1.3478,0.70,constant,24,1011.00,1.861656
7725,1000,0.10,900,3,35,1.3462,0.70,constant,25,1024.00,1.062049
7726,1000,0.10,900,3,35,1.3672,0.70,constant,26,1006.00,1.146271
7727,1000,0.10,900,3,35,1.3630,0.70,constant,27,1072.00,0.860172
7728,1000,0.10,900,3,35,1.3086,0.70,constant,28,1033.00,1.045342
7729,1000,0.10,900,3,35,1.3085,0.70,constant,29,943.00,1.019296
7730,1000,0.10,900,3,35,1.3310,0.70,constant,30,995.00,0.916542
7731,1000,0.10,900,3,35,1.3614,0.70,constant,31,1008.00,0.826631
7732,1000,0.10,900,3,35,1.3239,0.70,constant,32,1018.00,0.963360
7733,1000,0.10,900,3,35,1.3751,0.70,constant,33,1115.00,1.184890
7734,1000,0.10,900,3,35,1.3490,0.70,constant,34,986.00,2.506198
7735,1000,0.10,900,3,35,1.3498,0.70,constant,35,957.00,1.177852
7736,1000,0.10,900,3,35,1.3127,0.70,constant,36,1022.00,0.809220
7737,1000,0.10,900,3,35,1.3475,0.70,constant,37,1001.00,3.176504
7738,1000,0.10,900,3,35,1.3680,0.70,constant,38,1056.00,1.471426
7739,1000,0.10,900,3,35,1.3391,0.70,constant,39,1014.00,2.496212
7740,1000,0.10,900,3,35,1.4013,0.70,constant,40,1013.00,2.095002
7741,1000,0.10,900,3,35,1.3639,0.70,constant,41,1018.00,1.419327
7742,1000,0.10,900,3,35,1.3098,0.70,constant,42,1039.00,1.072291
7743,1000,0.10,900,3,35,1.3795,0.70,constant,43,1042.00,1.233571
7744,1000,0.10,900,3,35,1.3168,0.70,constant,44,1001.00,1.617473
7745,1000,0.10,900,3,35,1.3525,0.70,constant,45,1015.00,0.796873
7746,1000,0.10,900,3,35,1.3599,0.70,constant,46,1020.00,1.487045
7747,1000,0.10,900,3,35,1.3270,0.70,constant,47,1016.00,2.752564
7748,1000,0.10,900,3,35,1.3835,0.70,constant,48,1060.00,0.990500
7749,1000,0.10,900,3,35,1.3542,0.70,constant,49,1035.00,1.164109
7750,1000,0.10,900,3,35,1.3826,0.70,constant,50,989.00,1.030060
7751,1000,0.10,900,3,35,1.2995,0.70,constant,51,1011.00,1.320009
7752,1000,0.10,900,3,35,1.3227,0.70,constant,52,980.00,1.908232
7753,1000,0.10,900,3,35,1.4154,0.70,constant,53,984.00,1.295001
7754,1000,0.10,900,3,35,1.3022,0.70,constant,54,1034.00,1.164254
7755,1000,0.10,900,3,35,1.4033,0.70,constant,55,1024.00,0.814639
7756,1000,0.10,900,3,35,1.3115,0.70,constant,56,1011.00,2.797974
7757,1000,0.10,900,3,35,1.3579,0.70,constant,57,1001.00,0.708925
7758,1000,0.10,900,3,35,1.3899,0.70,constant,58,1011.00,2.039333
7759,1000,0.10,900,3,35,1.3811,0.70,constant,59,1023.00,2.171027
7760,1000,0.10,900,3,35,1.3747,0.70,constant,60,1037.00,2.593354
7761,1000,0.10,900,3,35,1.3191,0.70,constant,61,993.00,0.970565
7762,1000,0.10,900,3,35,1.3537,0.70,constant,62,1046.00,1.073331
7763,1000,0.10,900,3,35,1.3145,0.70,constant,63,1017.00,0.792340
7764,1000,0.10,900,3,35,1.3478,0.70,constant,64,1030.00,1.374223
7765,1000,0.10,900,3,35,1.3121,0.70,constant,65,1002.00,1.535720
7766,1000,0.10,900,3,35,1.3127,0.70,constant,66,1026.00,1.369800
7767,1000,0.10,900,3,35,1.3365,0.70,constant,67,966.00,0.950721
7768,1000,0.10,900,3,35,1.3994,0.70,constant,68,1036.00,1.173709
7769,1000,0.10,900,3,35,1.3812,0.70,constant,69,1035.00,1.075119
7770,1000,0.10,900,3,35,1.3560,0.70,constant,70,1067.00,1.965484
7771,1000,0.10,900,3,35,1.3554,0.70,constant,71,1014.00,1.533007
7772,1000,0.10,900,3,35,1.2801,0.70,constant,72,1025.00,1.302802
7773,1000,0.10,900,3,35,1.2938,0.70,constant,73,1077.00,0.673968
7774,1000,0.10,900,3,35,1.3903,0.70,constant,74,1067.00,1.600293
7775,1000,0.10,900,3,35,1.3452,0.70,constant,75,1020.00,0.764618
7776,1000,0.10,900,3,35,1.3760,0.70,constant,76,1014.00,1.117506
7777,1000,0.10,900,3,35,1.3667,0.70,constant,77,1058.00,0.804097
7778,1000,0.10,900,3,35,1.3406,0.70,constant,78,1031.00,0.697847
7779,1000,0.10,900,3,35,1.3218,0.70,constant,79,978.00,0.706737
7780,1000,0.10,900,3,35,1.3364,0.70,constant,80,1047.00,1.268040
7781,1000,0.10,900,3,35,1.3387,0.70,constant,81,1011.00,0.768671
7782,1000,0.10,900,3,35,1.3367,0.70,constant,82,999.00,1.995373
7783,1000,0.10,900,3,35,1.3220,0.70,constant,83,1038.00,1.463139
7784,1000,0.10,900,3,35,1.4248,0.70,constant,84,1012.00,1.101296
7785,1000,0.10,900,3,35,1.3542,0.70,constant,85,1029.00,1.258802
7786,1000,0.10,900,3,35,1.3315,0.70,constant,86,1025.00,0.765365
7787,1000,0.10,900,3,35,1.3606,0.70,constant,87,981.00,1.990428
7788,1000,0.10,900,3,35,1.3097,0.70,constant,88,1072.00,0.900611
7789,1000,0.10,900,3,35,1.3508,0.70,constant,89,963.00,0.848418
7790,1000,0.10,900,3,35,1.3520,0.70,constant,90,993.00,1.579773
7791,1000,0.10,900,3,35,1.3363,0.70,constant,91,987.00,0.959837
7792,1000,0.10,900,3,35,1.3538,0.70,constant,92,1006.00,0.889657
7793,1000,0.10,900,3,35,1.3831,0.70,constant,93,1022.00,0.623160
7794,1000,0.10,900,3,35,1.3436,0.70,constant,94,1029.00,0.845136
7795,1000,0.10,900,3,35,1.3413,0.70,constant,95,1049.00,1.891281
7796,1000,0.10,900,3,35,1.2823,0.70,constant,96,1040.00,1.220820
7797,1000,0.10,900,3,35,1.3907,0.70,constant,97,1026.00,0.904655
7798,1000,0.10,900,3,35,1.3024,0.70,constant,98,1003.00,1.067276
7799,1000,0.10,900,3,35,1.3079,0.70,constant,99,1039.00,2.631915
7800,1000,0.10,900,3,35,1.3026,0.75,constant,0,1002.00,0.946417
7801,1000,0.10,900,3,35,1.3048,0.75,constant,1,1043.00,1.030343
7802,1000,0.10,900,3,35,1.3306,0.75,constant,2,1122.00,0.771977
7803,1000,0.10,900,3,35,1.3062,0.75,constant,3,1163.00,0.853223
7804,1000,0.10,900,3,35,1.3478,0.75,constant,4,1175.00,2.476751
7805,1000,0.10,900,3,35,1.2979,0.75,constant,5,1112.00,1.875880
7806,1000,0.10,900,3,35,1.3012,0.75,constant,6,1137.00,0.790507
7807,1000,0.10,900,3,35,1.3042,0.75,constant,7,1127.00,1.503193
7808,1000,0.10,900,3,35,1.3400,0.75,constant,8,1171.00,1.456483
7809,1000,0.10,900,3,35,1.3467,0.75,constant,9,1153.00,0.809376
7810,1000,0.10,900,3,35,1.3399,0.75,constant,10,1162.00,1.980712
7811,1000,0.10,900,3,35,1.3207,0.75,constant,11,1133.00,0.900623
7812,1000,0.10,900,3,35,1.2689,0.75,constant,12,1038.00,2.039697
7813,1000,0.10,900,3,35,1.2835,0.75,constant,13,1132.00,1.434028
7814,1000,0.10,900,3,35,1.3605,0.75,constant,14,1210.00,1.559121
7815,1000,0.10,900,3,35,1.3284,0.75,constant,15,1050.00,0.999595
7816,1000,0.10,900,3,35,1.3744,0.75,constant,16,991.00,1.008973
7817,1000,0.10,900,3,35,1.3113,0.75,constant,17,1016.00,0.841672
7818,1000,0.10,900,3,35,1.3668,0.75,constant,18,1017.00,1.105940
7819,1000,0.10,900,3,35,1.3093,0.75,constant,19,1111.00,0.721310
7820,1000,0.10,900,3,35,1.3406,0.75,constant,20,1139.00,1.069422
7821,1000,0.10,900,3,35,1.3136,0.75,constant,21,1010.00,0.882775
7822,1000,0.10,900,3,35,1.2934,0.75,constant,22,1044.00,0.929783
7823,1000,0.10,900,3,35,1.3306,0.75,constant,23,1018.00,0.909093
7824,1000,0.10,900,3,35,1.3441,0.75,constant,24,1009.00,0.884178
7825,1000,0.10,900,3,35,1.3201,0.75,constant,25,1107.00,0.893816
7826,1000,0.10,900,3,35,1.3270,0.75,constant,26,1045.00,1.061356
7827,1000,0.10,900,3,35,1.3330,0.75,constant,27,1118.00,0.839484
7828,1000,0.10,900,3,35,1.3194,0.75,constant,28,1228.00,1.203958
7829,1000,0.10,900,3,35,1.2896,0.75,constant,29,1061.00,0.980658
7830,1000,0.10,900,3,35,1.3252,0.75,constant,30,1124.00,1.822848
7831,1000,0.10,900,3,35,1.3186,0.75,constant,31,1156.00,1.181215
7832,1000,0.10,900,3,35,1.2922,0.75,constant,32,1147.00,1.921203
7833,1000,0.10,900,3,35,1.3089,0.75,constant,33,1200.00,0.882448
7834,1000,0.10,900,3,35,1.3231,0.75,constant,34,1276.00,1.097081
7835,1000,0.10,900,3,35,1.2934,0.75,constant,35,1170.00,2.729795
7836,1000,0.10,900,3,35,1.3803,0.75,constant,36,1243.00,1.535208
7837,1000,0.10,900,3,35,1.3533,0.75,constant,37,1043.00,1.284928
7838,1000,0.10,900,3,35,1.3200,0.75,constant,38,1036.00,1.762617
7839,1000,0.10,900,3,35,1.3485,0.75,constant,39,1056.00,1.102680
7840,1000,0.10,900,3,35,1.3433,0.75,constant,40,1034.00,1.500179
7841,1000,0.10,900,3,35,1.2928,0.75,constant,41,1160.00,1.078978
7842,1000,0.10,900,3,35,1.3090,0.75,constant,42,1199.00,1.109643
7843,1000,0.10,900,3,35,1.2800,0.75,constant,43,1195.00,0.966026
7844,1000,0.10,900,3,35,1.3572,0.75,constant,44,1100.00,2.125673
7845,1000,0.10,900,3,35,1.2865,0.75,constant,45,1064.00,1.719037
7846,1000,0.10,900,3,35,1.3439,0.75,constant,46,1001.00,0.948611
7847,1000,0.10,900,3,35,1.3114,0.75,constant,47,1033.00,1.299450
7848,1000,0.10,900,3,35,1.2976,0.75,constant,48,1184.00,2.172281
7849,1000,0.10,900,3,35,1.3135,0.75,constant,49,1172.00,0.953801
7850,1000,0.10,900,3,35,1.3028,0.75,constant,50,1153.00,0.987599
7851,1000,0.10,900,3,35,1.2710,0.75,constant,51,1050.00,1.151981
7852,1000,0.10,900,3,35,1.2996,0.75,constant,52,1009.00,1.656822
7853,1000,0.10,900,3,35,1.3252,0.75,constant,53,1064.00,3.198467
7854,1000,0.10,900,3,35,1.2706,0.75,constant,54,1094.00,1.119723
7855,1000,0.10,900,3,35,1.3312,0.75,constant,55,1189.00,1.410499
7856,1000,0.10,900,3,35,1.2975,0.75,constant,56,1124.00,1.068510
7857,1000,0.10,900,3,35,1.3647,0.75,constant,57,1124.00,0.990826
7858,1000,0.10,900,3,35,1.3280,0.75,constant,58,1209.00,1.756163
7859,1000,0.10,900,3,35,1.3284,0.75,constant,59,1223.00,1.143940
7860,1000,0.10,900,3,35,1.3385,0.75,constant,60,1246.00,1.483993
7861,1000,0.10,900,3,35,1.2939,0.75,constant,61,1164.00,2.864955
7862,1000,0.10,900,3,35,1.3396,0.75,constant,62,1127.00,2.015469
7863,1000,0.10,900,3,35,1.3379,0.75,constant,63,1043.00,1.473279
7864,1000,0.10,900,3,35,1.3412,0.75,constant,64,1030.00,1.052682
7865,1000,0.10,900,3,35,1.3267,0.75,constant,65,1038.00,0.886221
7866,1000,0.10,900,3,35,1.3619,0.75,constant,66,981.00,2.466611
7867,1000,0.10,900,3,35,1.3043,0.75,constant,67,1030.00,1.551098
7868,1000,0.10,900,3,35,1.2996,0.75,constant,68,979.00,1.490106
7869,1000,0.10,900,3,35,1.3409,0.75,constant,69,1079.00,0.963660
7870,1000,0.10,900,3,35,1.3129,0.75,constant,70,1026.00,0.823220
7871,1000,0.10,900,3,35,1.3293,0.75,constant,71,1072.00,1.567822
7872,1000,0.10,900,3,35,1.3374,0.75,constant,72,1060.00,3.622308
7873,1000,0.10,900,3,35,1.3478,0.75,constant,73,1032.00,1.787405
7874,1000,0.10,900,3,35,1.3264,0.75,constant,74,1151.00,1.483866
7875,1000,0.10,900,3,35,1.3084,0.75,constant,75,1215.00,1.155081
7876,1000,0.10,900,3,35,1.2868,0.75,constant,76,1227.00,0.954153
7877,1000,0.10,900,3,35,1.2965,0.75,constant,77,1094.00,2.471519
7878,1000,0.10,900,3,35,1.2902,0.75,constant,78,1014.00,1.934496
7879,1000,0.10,900,3,35,1.3175,0.75,constant,79,1042.00,0.779005
7880,1000,0.10,900,3,35,1.3567,0.75,constant,80,1024.00,2.989821
7881,1000,0.10,900,3,35,1.2516,0.75,constant,81,1024.00,1.242754
7882,1000,0.10,900,3,35,1.2974,0.75,constant,82,1022.00,0.907806
7883,1000,0.10,900,3,35,1.2771,0.75,constant,83,1056.00,0.850471
7884,1000,0.10,900,3,35,1.3200,0.75,constant,84,1000.00,1.066028
7885,1000,0.10,900,3,35,1.3579,0.75,constant,85,1022.00,2.182597
7886,1000,0.10,900,3,35,1.3603,0.75,constant,86,1043.00,1.467439
7887,1000,0.10,900,3,35,1.2737,0.75,constant,87,1012.00,0.828940
7888,1000,0.10,900,3,35,1.3142,0.75,constant,88,994.00,1.121910
7889,1000,0.10,900,3,35,1.3447,0.75,constant,89,1051.00,1.367515
7890,1000,0.10,900,3,35,1.2867,0.75,constant,90,1046.00,0.890068
7891,1000,0.10,900,3,35,1.2703,0.75,constant,91,997.00,1.309670
7892,1000,0.10,900,3,35,1.3424,0.75,constant,92,1032.00,2.900486
7893,1000,0.10,900,3,35,1.3035,0.75,constant,93,1042.00,2.990044
7894,1000,0.10,900,3,35,1.3523,0.75,constant,94,1010.00,0.991397
7895,1000,0.10,900,3,35,1.2891,0.75,constant,95,1045.00,0.779064
7896,1000,0.10,900,3,35,1.3231,0.75,constant,96,1006.00,0.881318
7897,1000,0.10,900,3,35,1.3027,0.75,constant,97,1019.00,1.248540
7898,1000,0.10,900,3,35,1.2787,0.75,constant,98,1011.00,0.776148
7899,1000,0.10,900,3,35,1.2953,0.75,constant,99,1036.00,1.889373
7900,1000,0.10,900,3,35,1.2912,0.80,constant,0,1028.00,0.985288
7901,1000,0.10,900,3,35,1.2708,0.80,constant,1,1059.00,0.814982
7902,1000,0.10,900,3,35,1.2618,0.80,constant,2,1059.00,1.097717
7903,1000,0.10,900,3,35,1.2735,0.80,constant,3,1049.00,1.015613
7904,1000,0.10,900,3,35,1.3314,0.80,constant,4,1084.00,0.755271
7905,1000,0.10,900,3,35,1.2716,0.80,constant,5,1041.00,1.123054
7906,1000,0.10,900,3,35,1.3101,0.80,constant,6,990.00,1.536056
7907,1000,0.10,900,3,35,1.3411,0.80,constant,7,1039.00,0.902182
7908,1000,0.10,900,3,35,1.2677,0.80,constant,8,1017.00,1.118931
7909,1000,0.10,900,3,35,1.2372,0.80,constant,9,1064.00,1.018629
7910,1000,0.10,900,3,35,1.2670,0.80,constant,10,1015.00,1.288439
7911,1000,0.10,900,3,35,1.3094,0.80,constant,11,1036.00,1.549714
7912,1000,0.10,900,3,35,1.2977,0.80,constant,12,1018.00,1.208248
7913,1000,0.10,900,3,35,1.2423,0.80,constant,13,998.00,0.774653
7914,1000,0.10,900,3,35,1.2546,0.80,constant,14,1039.00,1.881771
7915,1000,0.10,900,3,35,1.3049,0.80,constant,15,1025.00,1.524389
7916,1000,0.10,900,3,35,1.3077,0.80,constant,16,1072.00,2.678620
7917,1000,0.10,900,3,35,1.2987,0.80,constant,17,1007.00,1.189439
7918,1000,0.10,900,3,35,1.2644,0.80,constant,18,991.00,1.135206
7919,1000,0.10,900,3,35,1.2828,0.80,constant,19,1005.00,1.272019
7920,1000,0.10,900,3,35,1.2578,0.80,constant,20,1034.00,1.290204
7921,1000,0.10,900,3,35,1.2782,0.80,constant,21,1062.00,1.830910
7922,1000,0.10,900,3,35,1.2900,0.80,constant,22,1003.00,0.972920
7923,1000,0.10,900,3,35,1.2825,0.80,constant,23,1021.00,0.792559
7924,1000,0.10,900,3,35,1.2536,0.80,constant,24,1033.00,1.898258
7925,1000,0.10,900,3,35,1.2953,0.80,constant,25,1015.00,0.843241
7926,1000,0.10,900,3,35,1.3010,0.80,constant,26,1015.00,1.235316
7927,1000,0.10,900,3,35,1.2998,0.80,constant,27,1029.00,0.911106
7928,1000,0.10,900,3,35,1.3162,0.80,constant,28,1031.00,0.859528
7929,1000,0.10,900,3,35,1.2664,0.80,constant,29,995.00,1.614492
7930,1000,0.10,900,3,35,1.2364,0.80,constant,30,1047.00,1.229444
7931,1000,0.10,900,3,35,1.2567,0.80,constant,31,994.00,1.819178
7932,1000,0.10,900,3,35,1.2910,0.80,constant,32,1018.00,0.850588
7933,1000,0.10,900,3,35,1.3003,0.80,constant,33,1049.00,0.966018
7934,1000,0.10,900,3,35,1.3190,0.80,constant,34,1016.00,1.689443
7935,1000,0.10,900,3,35,1.2429,0.80,constant,35,1023.00,1.828116
7936,1000,0.10,900,3,35,1.2782,0.80,constant,36,996.00,1.569140
7937,1000,0.10,900,3,35,1.3046,0.80,constant,37,1049.00,2.033777
7938,1000,0.10,900,3,35,1.2928,0.80,constant,38,1014.00,1.924037
7939,1000,0.10,900,3,35,1.2542,0.80,constant,39,1032.00,2.127359
7940,1000,0.10,900,3,35,1.2523,0.80,constant,40,1056.00,0.964096
7941,1000,0.10,900,3,35,1.2410,0.80,constant,41,1028.00,1.887296
7942,1000,0.10,900,3,35,1.2912,0.80,constant,42,995.00,1.144861
7943,1000,0.10,900,3,35,1.2547,0.80,constant,43,1060.00,1.649816
7944,1000,0.10,900,3,35,1.2636,0.80,constant,44,1022.00,0.731115
7945,1000,0.10,900,3,35,1.3076,0.80,constant,45,1014.00,1.088774
7946,1000,0.10,900,3,35,1.2660,0.80,constant,46,1029.00,1.014644
7947,1000,0.10,900,3,35,1.2766,0.80,constant,47,1010.00,0.896651
7948,1000,0.10,900,3,35,1.2774,0.80,constant,48,1030.00,0.926151
7949,1000,0.10,900,3,35,1.3166,0.80,constant,49,998.00,1.871912
7950,1000,0.10,900,3,35,1.2171,0.80,constant,50,1016.00,1.717210
7951,1000,0.10,900,3,35,1.3055,0.80,constant,51,984.00,0.836348
7952,1000,0.10,900,3,35,1.2828,0.80,constant,52,1038.00,2.190301
7953,1000,0.10,900,3,35,1.2907,0.80,constant,53,998.00,2.313442
7954,1000,0.10,900,3,35,1.3323,0.80,constant,54,1027.00,1.985142
7955,1000,0.10,900,3,35,1.2786,0.80,constant,55,1016.00,0.817358
7956,1000,0.10,900,3,35,1.2604,0.80,constant,56,1008.00,0.989480
7957,1000,0.10,900,3,35,1.3187,0.80,constant,57,981.00,2.163245
7958,1000,0.10,900,3,35,1.2879,0.80,constant,58,995.00,0.875320
7959,1000,0.10,900,3,35,1.2870,0.80,constant,59,972.00,2.308650
7960,1000,0.10,900,3,35,1.3360,0.80,constant,60,1017.00,1.539782
7961,1000,0.10,900,3,35,1.3196,0.80,constant,61,1008.00,0.806419
7962,1000,0.10,900,3,35,1.2601,0.80,constant,62,1013.00,1.431349
7963,1000,0.10,900,3,35,1.2453,0.80,constant,63,978.00,1.048677
7964,1000,0.10,900,3,35,1.2756,0.80,constant,64,1016.00,1.033652
7965,1000,0.10,900,3,35,1.3361,0.80,constant,65,1013.00,1.445414
7966,1000,0.10,900,3,35,1.3587,0.80,constant,66,981.00,1.080983
7967,1000,0.10,900,3,35,1.3425,0.80,constant,67,1017.00,0.984666
7968,1000,0.10,900,3,35,1.2863,0.80,constant,68,1019.00,0.719096
7969,1000,0.10,900,3,35,1.2843,0.80,constant,69,994.00,1.202545
7970,1000,0.10,900,3,35,1.2179,0.80,constant,70,967.00,0.922636
7971,1000,0.10,900,3,35,1.2451,0.80,constant,71,1015.00,0.991056
7972,1000,0.10,900,3,35,1.2542,0.80,constant,72,994.00,3.056672
7973,1000,0.10,900,3,35,1.3399,0.80,constant,73,1027.00,0.950007
7974,1000,0.10,900,3,35,1.2930,0.80,constant,74,1013.00,1.560326
7975,1000,0.10,900,3,35,1.2367,0.80,constant,75,962.00,2.154832
7976,1000,0.10,900,3,35,1.3013,0.80,constant,76,1036.00,0.926446
7977,1000,0.10,900,3,35,1.3014,0.80,constant,77,1024.00,1.315832
7978,1000,0.10,900,3,35,1.2750,0.80,constant,78,979.00,0.939893
7979,1000,0.10,900,3,35,1.2600,0.80,constant,79,980.00,1.188796
7980,1000,0.10,900,3,35,1.2252,0.80,constant,80,989.00,2.894416
7981,1000,0.10,900,3,35,1.2906,0.80,constant,81,984.00,1.753583
7982,1000,0.10,900,3,35,1.3089,0.80,constant,82,940.00,0.992399
7983,1000,0.10,900,3,35,1.2433,0.80,constant,83,974.00,1.084805
7984,1000,0.10,900,3,35,1.2680,0.80,constant,84,1030.00,0.782369
7985,1000,0.10,900,3,35,1.2917,0.80,constant,85,983.00,1.129014
7986,1000,0.10,900,3,35,1.2719,0.80,constant,86,1011.00,1.456622
7987,1000,0.10,900,3,35,1.2743,0.80,constant,87,1017.00,1.248591
7988,1000,0.10,900,3,35,1.2264,0.80,constant,88,998.00,1.336084
7989,1000,0.10,900,3,35,1.2584,0.80,constant,89,979.00,1.286875
7990,1000,0.10,900,3,35,1.2418,0.80,constant,90,1044.00,1.132160
7991,1000,0.10,900,3,35,1.3116,0.80,constant,91,973.00,0.910582
7992,1000,0.10,900,3,35,1.3105,0.80,constant,92,1069.00,0.988456
7993,1000,0.10,900,3,35,1.2957,0.80,constant,93,1003.00,2.206093
7994,1000,0.10,900,3,35,1.2489,0.80,constant,94,1004.00,1.744737
7995,1000,0.10,900,3,35,1.2575,0.80,constant,95,997.00,1.028601
7996,1000,0.10,900,3,35,1.2842,0.80,constant,96,1050.00,2.251789
7997,1000,0.10,900,3,35,1.2710,0.80,constant,97,1016.00,1.084073
7998,1000,0.10,900,3,35,1.3246,0.80,constant,98,1011.00,1.134007
7999,1000,0.10,900,3,35,1.2410,0.80,constant,99,1015.00,1.072160
8000,1000,0.10,900,3,35,1.1498,0.85,constant,0,1024.00,1.132028
8001,1000,0.10,900,3,35,1.2280,0.85,constant,1,1004.00,0.904494
8002,1000,0.10,900,3,35,1.2263,0.85,constant,2,1026.00,1.034700
8003,1000,0.10,900,3,35,1.2187,0.85,constant,3,968.00,0.883447
8004,1000,0.10,900,3,35,1.2301,0.85,constant,4,1017.00,1.206533
8005,1000,0.10,900,3,35,1.2638,0.85,constant,5,963.00,1.711573
8006,1000,0.10,900,3,35,1.2714,0.85,constant,6,1021.00,0.953585
8007,1000,0.10,900,3,35,1.2237,0.85,constant,7,991.00,2.519234
8008,1000,0.10,900,3,35,1.1598,0.85,constant,8,1054.00,0.945435
8009,1000,0.10,900,3,35,1.2477,0.85,constant,9,1034.00,0.807312
8010,1000,0.10,900,3,35,1.2172,0.85,constant,10,993.00,0.967708
8011,1000,0.10,900,3,35,1.3449,0.85,constant,11,1000.00,1.015168
8012,1000,0.10,900,3,35,1.1924,0.85,constant,12,1025.00,2.314510
8013,1000,0.10,900,3,35,1.2678,0.85,constant,13,1006.00,1.528999
8014,1000,0.10,900,3,35,1.2914,0.85,constant,14,985.00,1.811053
8015,1000,0.10,900,3,35,1.1707,0.85,constant,15,1034.00,1.375697
8016,1000,0.10,900,3,35,1.1959,0.85,constant,16,994.00,1.359992
8017,1000,0.10,900,3,35,1.2235,0.85,constant,17,1010.00,1.479620
8018,1000,0.10,900,3,35,1.2582,0.85,constant,18,994.00,0.946200
8019,1000,0.10,900,3,35,1.2173,0.85,constant,19,1017.00,0.792773
8020,1000,0.10,900,3,35,1.2678,0.85,constant,20,993.00,0.821807
8021,1000,0.10,900,3,35,1.2122,0.85,constant,21,1004.00,1.040074
8022,1000,0.10,900,3,35,1.2468,0.85,constant,22,1047.00,1.193991
8023,1000,0.10,900,3,35,1.2555,0.85,constant,23,1007.00,0.919873
8024,1000,0.10,900,3,35,1.1838,0.85,constant,24,985.00,0.916324
8025,1000,0.10,900,3,35,1.2410,0.85,constant,25,1035.00,1.359396
8026,1000,0.10,900,3,35,1.2590,0.85,constant,26,1034.00,1.669585
8027,1000,0.10,900,3,35,1.1928,0.85,constant,27,977.00,1.166160
8028,1000,0.10,900,3,35,1.2546,0.85,constant,28,966.00,1.579023
8029,1000,0.10,900,3,35,1.2194,0.85,constant,29,981.00,1.612273
8030,1000,0.10,900,3,35,1.2505,0.85,constant,30,1012.00,1.096565
8031,1000,0.10,900,3,35,1.2700,0.85,constant,31,993.00,2.002147
8032,1000,0.10,900,3,35,1.2431,0.85,constant,32,1025.00,1.078764
8033,1000,0.10,900,3,35,1.2408,0.85,constant,33,981.00,2.162889
8034,1000,0.10,900,3,35,1.2827,0.85,constant,34,985.00,2.507041
8035,1000,0.10,900,3,35,1.2693,0.85,constant,35,1010.00,1.368371
8036,1000,0.10,900,3,35,1.1283,0.85,constant,36,1000.00,1.098426
8037,1000,0.10,900,3,35,1.2870,0.85,constant,37,1012.00,0.965720
8038,1000,0.10,900,3,35,1.2359,0.85,constant,38,1020.00,1.076554
8039,1000,0.10,900,3,35,1.2672,0.85,constant,39,972.00,1.106707
8040,1000,0.10,900,3,35,1.2594,0.85,constant,40,991.00,1.351714
8041,1000,0.10,900,3,35,1.2090,0.85,constant,41,1008.00,1.412524
8042,1000,0.10,900,3,35,1.2788,0.85,constant,42,987.00,1.888074
8043,1000,0.10,900,3,35,1.3027,0.85,constant,43,975.00,0.859213
8044,1000,0.10,900,3,35,1.2840,0.85,constant,44,999.00,1.420273
8045,1000,0.10,900,3,35,1.2444,0.85,constant,45,984.00,0.829996
8046,1000,0.10,900,3,35,1.1916,0.85,constant,46,975.00,0.869971
8047,1000,0.10,900,3,35,1.2633,0.85,constant,47,1018.00,0.885469
8048,1000,0.10,900,3,35,1.1725,0.85,constant,48,971.00,0.937844
8049,1000,0.10,900,3,35,1.2012,0.85,constant,49,1045.00,1.584648
8050,1000,0.10,900,3,35,1.2412,0.85,constant,50,966.00,1.043785
8051,1000,0.10,900,3,35,1.2846,0.85,constant,51,1016.00,1.842939
8052,1000,0.10,900,3,35,1.2397,0.85,constant,52,988.00,0.872483
8053,1000,0.10,900,3,35,1.2201,0.85,constant,53,1002.00,1.500882
8054,1000,0.10,900,3,35,1.2225,0.85,constant,54,993.00,1.314571
8055,1000,0.10,900,3,35,1.2513,0.85,constant,55,991.00,1.054175
8056,1000,0.10,900,3,35,1.2476,0.85,constant,56,992.00,1.218700
8057,1000,0.10,900,3,35,1.2046,0.85,constant,57,1011.00,1.358422
8058,1000,0.10,900,3,35,1.3357,0.85,constant,58,977.00,1.087588
8059,1000,0.10,900,3,35,1.2217,0.85,constant,59,999.00,1.621952
8060,1000,0.10,900,3,35,1.2547,0.85,constant,60,1025.00,0.935350
8061,1000,0.10,900,3,35,1.2420,0.85,constant,61,1003.00,1.500623
8062,1000,0.10,900,3,35,1.2338,0.85,constant,62,968.00,1.068129
8063,1000,0.10,900,3,35,1.1993,0.85,constant,63,1011.00,1.069452
8064,1000,0.10,900,3,35,1.2092,0.85,constant,64,1055.00,1.058516
8065,1000,0.10,900,3,35,1.2293,0.85,constant,65,1024.00,1.270311
8066,1000,0.10,900,3,35,1.2633,0.85,constant,66,1011.00,1.290059
8067,1000,0.10,900,3,35,1.2271,0.85,constant,67,953.00,1.003218
8068,1000,0.10,900,3,35,1.2195,0.85,constant,68,1034.00,1.101977
8069,1000,0.10,900,3,35,1.2710,0.85,constant,69,975.00,0.964984
8070,1000,0.10,900,3,35,1.2530,0.85,constant,70,1004.00,0.980043
8071,1000,0.10,900,3,35,1.2546,0.85,constant,71,1021.00,1.028304
8072,1000,0.10,900,3,35,1.2545,0.85,constant,72,1045.00,1.109393
8073,1000,0.10,900,3,35,1.2350,0.85,constant,73,1048.00,0.839947
8074,1000,0.10,900,3,35,1.2063,0.85,constant,74,1050.00,1.097384
8075,1000,0.10,900,3,35,1.2285,0.85,constant,75,1010.00,2.025766
8076,1000,0.10,900,3,35,1.2012,0.85,constant,76,965.00,1.090159
8077,1000,0.10,900,3,35,1.2378,0.85,constant,77,1012.00,0.934273
8078,1000,0.10,900,3,35,1.2175,0.85,constant,78,1021.00,1.142707
8079,1000,0.10,900,3,35,1.2659,0.85,constant,79,1007.00,1.423414
8080,1000,0.10,900,3,35,1.1861,0.85,constant,80,997.00,2.230478
8081,1000,0.10,900,3,35,1.2138,0.85,constant,81,1032.00,2.343791
8082,1000,0.10,900,3,35,1.2292,0.85,constant,82,984.00,0.949373
8083,1000,0.10,900,3,35,1.1786,0.85,constant,83,1069.00,1.422907
8084,1000,0.10,900,3,35,1.2418,0.85,constant,84,986.00,1.444928
8085,1000,0.10,900,3,35,1.2568,0.85,constant,85,995.00,1.088773
8086,1000,0.10,900,3,35,1.2689,0.85,constant,86,1002.00,0.956098
8087,1000,0.10,900,3,35,1.2397,0.85,constant,87,1018.00,1.388920
8088,1000,0.10,900,3,35,1.2581,0.85,constant,88,982.00,1.198694
8089,1000,0.10,900,3,35,1.2625,0.85,constant,89,1021.00,1.148543
8090,1000,0.10,900,3,35,1.1844,0.85,constant,90,1013.00,1.227874
8091,1000,0.10,900,3,35,1.2363,0.85,constant,91,1000.00,1.127824
8092,1000,0.10,900,3,35,1.2087,0.85,constant,92,989.00,1.108757
8093,1000,0.10,900,3,35,1.2784,0.85,constant,93,991.00,1.679877
8094,1000,0.10,900,3,35,1.2254,0.85,constant,94,976.00,0.950260
8095,1000,0.10,900,3,35,1.2356,0.85,constant,95,993.00,1.023381
8096,1000,0.10,900,3,35,1.2337,0.85,constant,96,998.00,1.053033
8097,1000,0.10,900,3,35,1.3005,0.85,constant,97,1028.00,1.050044
8098,1000,0.10,900,3,35,1.2819,0.85,constant,98,1040.00,1.131743
8099,1000,0.10,900,3,35,1.2144,0.85,constant,99,1008.00,1.664387
8100,1000,0.10,900,3,35,1.2349,0.90,constant,0,1051.00,1.745504
8101,1000,0.10,900,3,35,1.1732,0.90,constant,1,1026.00,1.404012
8102,1000,0.10,900,3,35,1.1837,0.90,constant,2,1003.00,1.207524
8103,1000,0.10,900,3,35,1.2185,0.90,constant,3,986.00,1.357231
8104,1000,0.10,900,3,35,1.1865,0.90,constant,4,1052.00,1.132592
8105,1000,0.10,900,3,35,1.1827,0.90,constant,5,994.00,1.058652
8106,1000,0.10,900,3,35,1.1787,0.90,constant,6,981.00,1.412305
8107,1000,0.10,900,3,35,1.1712,0.90,constant,7,1021.00,1.729216
8108,1000,0.10,900,3,35,1.1354,0.90,constant,8,1003.00,1.490874
8109,1000,0.10,900,3,35,1.1446,0.90,constant,9,992.00,1.818321
8110,1000,0.10,900,3,35,1.1299,0.90,constant,10,972.00,1.213910
8111,1000,0.10,900,3,35,1.2055,0.90,constant,11,1008.00,0.967177
8112,1000,0.10,900,3,35,1.2303,0.90,constant,12,1017.00,1.371052
8113,1000,0.10,900,3,35,1.1881,0.90,constant,13,1033.00,1.059355
8114,1000,0.10,900,3,35,1.1883,0.90,constant,14,1018.00,0.998690
8115,1000,0.10,900,3,35,1.1766,0.90,constant,15,1005.00,1.372381
8116,1000,0.10,900,3,35,1.1812,0.90,constant,16,1018.00,0.958569
8117,1000,0.10,900,3,35,1.2083,0.90,constant,17,971.00,2.602261
8118,1000,0.10,900,3,35,1.1902,0.90,constant,18,969.00,1.288691
8119,1000,0.10,900,3,35,1.1715,0.90,constant,19,988.00,1.023955
8120,1000,0.10,900,3,35,1.1451,0.90,constant,20,993.00,1.363611
8121,1000,0.10,900,3,35,1.1690,0.90,constant,21,1006.00,1.090778
8122,1000,0.10,900,3,35,1.1692,0.90,constant,22,936.00,1.201940
8123,1000,0.10,900,3,35,1.1673,0.90,constant,23,1013.00,1.044399
8124,1000,0.10,900,3,35,1.2376,0.90,constant,24,1006.00,1.014091
8125,1000,0.10,900,3,35,1.1291,0.90,constant,25,1027.00,1.700798
8126,1000,0.10,900,3,35,1.1734,0.90,constant,26,971.00,1.008437
8127,1000,0.10,900,3,35,1.1579,0.90,constant,27,999.00,1.058167
8128,1000,0.10,900,3,35,1.1545,0.90,constant,28,978.00,1.407418
8129,1000,0.10,900,3,35,1.2329,0.90,constant,29,989.00,0.888849
8130,1000,0.10,900,3,35,1.1880,0.90,constant,30,999.00,1.438675
8131,1000,0.10,900,3,35,1.1864,0.90,constant,31,988.00,0.965165
8132,1000,0.10,900,3,35,1.1524,0.90,constant,32,1015.00,1.413294
8133,1000,0.10,900,3,35,1.1677,0.90,constant,33,1047.00,2.268571
8134,1000,0.10,900,3,35,1.1692,0.90,constant,34,978.00,1.003583
8135,1000,0.10,900,3,35,1.1911,0.90,constant,35,1002.00,0.912316
8136,1000,0.10,900,3,35,1.1932,0.90,constant,36,1004.00,1.089251
8137,1000,0.10,900,3,35,1.1622,0.90,constant,37,1007.00,1.112963
8138,1000,0.10,900,3,35,1.2061,0.90,constant,38,1008.00,1.004658
8139,1000,0.10,900,3,35,1.2433,0.90,constant,39,1008.00,0.932812
8140,1000,0.10,900,3,35,1.1822,0.90,constant,40,1032.00,1.253376
8141,1000,0.10,900,3,35,1.1503,0.90,constant,41,1020.00,1.082966
8142,1000,0.10,900,3,35,1.1578,0.90,constant,42,975.00,1.758626
8143,1000,0.10,900,3,35,1.1478,0.90,constant,43,957.00,2.103042
8144,1000,0.10,900,3,35,1.1572,0.90,constant,44,1017.00,0.857816
8145,1000,0.10,900,3,35,1.1679,0.90,constant,45,1011.00,1.587553
8146,1000,0.10,900,3,35,1.2249,0.90,constant,46,1002.00,4.173600
8147,1000,0.10,900,3,35,1.1933,0.90,constant,47,990.00,0.907499
8148,1000,0.10,900,3,35,1.2469,0.90,constant,48,992.00,1.493893
8149,1000,0.10,900,3,35,1.1973,0.90,constant,49,959.00,1.621571
8150,1000,0.10,900,3,35,1.2462,0.90,constant,50,975.00,1.353000
8151,1000,0.10,900,3,35,1.1978,0.90,constant,51,1035.00,1.092943
8152,1000,0.10,900,3,35,1.1425,0.90,constant,52,1029.00,1.140623
8153,1000,0.10,900,3,35,1.1743,0.90,constant,53,1014.00,1.375972
8154,1000,0.10,900,3,35,1.1608,0.90,constant,54,993.00,1.149557
8155,1000,0.10,900,3,35,1.1780,0.90,constant,55,1035.00,0.860545
8156,1000,0.10,900,3,35,1.1686,0.90,constant,56,995.00,1.140051
8157,1000,0.10,900,3,35,1.1964,0.90,constant,57,955.00,0.968918
8158,1000,0.10,900,3,35,1.1948,0.90,constant,58,993.00,1.777916
8159,1000,0.10,900,3,35,1.1732,0.90,constant,59,1011.00,0.966176
8160,1000,0.10,900,3,35,1.1338,0.90,constant,60,978.00,1.471654
8161,1000,0.10,900,3,35,1.2034,0.90,constant,61,968.00,0.953942
8162,1000,0.10,900,3,35,1.1679,0.90,constant,62,991.00,1.224377
8163,1000,0.10,900,3,35,1.1792,0.90,constant,63,1015.00,1.884135
8164,1000,0.10,900,3,35,1.2122,0.90,constant,64,992.00,0.974788
8165,1000,0.10,900,3,35,1.1215,0.90,constant,65,994.00,1.068782
8166,1000,0.10,900,3,35,1.2105,0.90,constant,66,984.00,0.916515
8167,1000,0.10,900,3,35,1.1317,0.90,constant,67,1018.00,1.256918
8168,1000,0.10,900,3,35,1.1724,0.90,constant,68,992.00,1.439675
8169,1000,0.10,900,3,35,1.2368,0.90,constant,69,987.00,1.255864
8170,1000,0.10,900,3,35,1.1974,0.90,constant,70,968.00,0.972009
8171,1000,0.10,900,3,35,1.1819,0.90,constant,71,1022.00,1.563432
8172,1000,0.10,900,3,35,1.2357,0.90,constant,72,1008.00,1.908496
8173,1000,0.10,900,3,35,1.2082,0.90,constant,73,1013.00,1.030058
8174,1000,0.10,900,3,35,1.1622,0.90,constant,74,1003.00,1.415783
8175,1000,0.10,900,3,35,1.1343,0.90,constant,75,981.00,1.062523
8176,1000,0.10,900,3,35,1.1487,0.90,constant,76,1066.00,1.480624
8177,1000,0.10,900,3,35,1.1688,0.90,constant,77,1028.00,1.124263
8178,1000,0.10,900,3,35,1.1644,0.90,constant,78,1014.00,1.183373
8179,1000,0.10,900,3,35,1.1529,0.90,constant,79,1030.00,1.270016
8180,1000,0.10,900,3,35,1.1454,0.90,constant,80,1010.00,1.731456
8181,1000,0.10,900,3,35,1.1845,0.90,constant,81,1054.00,1.952054
8182,1000,0.10,900,3,35,1.1692,0.90,constant,82,994.00,0.925312
8183,1000,0.10,900,3,35,1.1347,0.90,constant,83,1029.00,1.075060
8184,1000,0.10,900,3,35,1.1449,0.90,constant,84,1010.00,1.467783
8185,1000,0.10,900,3,35,1.1984,0.90,constant,85,1035.00,0.964233
8186,1000,0.10,900,3,35,1.1661,0.90,constant,86,1003.00,1.212641
8187,1000,0.10,900,3,35,1.1934,0.90,constant,87,1004.00,1.018799
8188,1000,0.10,900,3,35,1.1518,0.90,constant,88,1023.00,1.093079
8189,1000,0.10,900,3,35,1.1908,0.90,constant,89,1014.00,1.763479
8190,1000,0.10,900,3,35,1.2202,0.90,constant,90,1058.00,1.008362
8191,1000,0.10,900,3,35,1.1851,0.90,constant,91,999.00,1.042312
8192,1000,0.10,900,3,35,1.2083,0.90,constant,92,1023.00,0.987541
8193,1000,0.10,900,3,35,1.2077,0.90,constant,93,1024.00,1.352058
8194,1000,0.10,900,3,35,1.2079,0.90,constant,94,1005.00,0.952418
8195,1000,0.10,900,3,35,1.1851,0.90,constant,95,1058.00,1.390879
8196,1000,0.10,900,3,35,1.1413,0.90,constant,96,1088.00,1.112810
8197,1000,0.10,900,3,35,1.1644,0.90,constant,97,1017.00,1.024624
8198,1000,0.10,900,3,35,1.2221,0.90,constant,98,1011.00,1.229782
8199,1000,0.10,900,3,35,1.1666,0.90,constant,99,1008.00,1.017597
8200,1000,0.10,900,3,35,1.0740,0.95,constant,0,982.00,1.244043
8201,1000,0.10,900,3,35,1.0843,0.95,constant,1,1045.00,0.999326
8202,1000,0.10,900,3,35,1.0924,0.95,constant,2,1019.00,0.996905
8203,1000,0.10,900,3,35,1.1129,0.95,constant,3,1015.00,0.904085
8204,1000,0.10,900,3,35,1.0699,0.95,constant,4,1063.00,1.045200
8205,1000,0.10,900,3,35,1.1197,0.95,constant,5,993.00,1.081404
8206,1000,0.10,900,3,35,1.1646,0.95,constant,6,1024.00,0.989479
8207,1000,0.10,900,3,35,1.1463,0.95,constant,7,1066.00,1.673380
8208,1000,0.10,900,3,35,1.0552,0.95,constant,8,1004.00,1.122957
8209,1000,0.10,900,3,35,1.1468,0.95,constant,9,1004.00,1.101929
8210,1000,0.10,900,3,35,1.1035,0.95,constant,10,1026.00,1.240789
8211,1000,0.10,900,3,35,1.0815,0.95,constant,11,1045.00,1.430752
8212,1000,0.10,900,3,35,1.1013,0.95,constant,12,1049.00,1.049407
8213,1000,0.10,900,3,35,1.0802,0.95,constant,13,1016.00,1.096680
8214,1000,0.10,900,3,35,1.0601,0.95,constant,14,1043.00,1.163939
8215,1000,0.10,900,3,35,1.0993,0.95,constant,15,1042.00,1.026743
8216,1000,0.10,900,3,35,1.0690,0.95,constant,16,1031.00,1.196061
8217,1000,0.10,900,3,35,1.1482,0.95,constant,17,1025.00,1.259143
8218,1000,0.10,900,3,35,1.1013,0.95,constant,18,1035.00,1.040513
8219,1000,0.10,900,3,35,1.1050,0.95,constant,19,1015.00,1.079644
8220,1000,0.10,900,3,35,1.0868,0.95,constant,20,1005.00,1.269453
8221,1000,0.10,900,3,35,1.1289,0.95,constant,21,993.00,1.620696
8222,1000,0.10,900,3,35,1.1147,0.95,constant,22,991.00,1.088441
8223,1000,0.10,900,3,35,1.1567,0.95,constant,23,972.00,1.410964
8224,1000,0.10,900,3,35,1.1133,0.95,constant,24,1008.00,1.311148
8225,1000,0.10,900,3,35,1.1237,0.95,constant,25,1007.00,1.156569
8226,1000,0.10,900,3,35,1.1299,0.95,constant,26,1047.00,2.368541
8227,1000,0.10,900,3,35,1.0529,0.95,constant,27,1027.00,0.939755
8228,1000,0.10,900,3,35,1.1595,0.95,constant,28,1042.00,1.424126
8229,1000,0.10,900,3,35,1.1448,0.95,constant,29,976.00,1.479118
8230,1000,0.10,900,3,35,1.0737,0.95,constant,30,1011.00,1.051480
8231,1000,0.10,900,3,35,1.0950,0.95,constant,31,1062.00,1.134825
8232,1000,0.10,900,3,35,1.1074,0.95,constant,32,1016.00,1.076946
8233,1000,0.10,900,3,35,1.0822,0.95,constant,33,1007.00,1.577453
8234,1000,0.10,900,3,35,1.1166,0.95,constant,34,1021.00,1.282221
8235,1000,0.10,900,3,35,1.0767,0.95,constant,35,1060.00,1.055843
8236,1000,0.10,900,3,35,1.1086,0.95,constant,36,1029.00,0.968936
8237,1000,0.10,900,3,35,1.1231,0.95,constant,37,1013.00,1.709330
8238,1000,0.10,900,3,35,1.0480,0.95,constant,38,1024.00,2.130967
8239,1000,0.10,900,3,35,1.1145,0.95,constant,39,1031.00,1.450032
8240,1000,0.10,900,3,35,1.1494,0.95,constant,40,998.00,1.458988
8241,1000,0.10,900,3,35,1.0921,0.95,constant,41,1033.00,0.975647
8242,1000,0.10,900,3,35,1.0938,0.95,constant,42,1043.00,1.251005
8243,1000,0.10,900,3,35,1.1032,0.95,constant,43,1042.00,1.629162
8244,1000,0.10,900,3,35,1.1233,0.95,constant,44,1031.00,1.127779
8245,1000,0.10,900,3,35,1.0814,0.95,constant,45,1073.00,1.917418
8246,1000,0.10,900,3,35,1.1277,0.95,constant,46,992.00,1.019445
8247,1000,0.10,900,3,35,1.1103,0.95,constant,47,1022.00,0.975369
8248,1000,0.10,900,3,35,1.0695,0.95,constant,48,1011.00,1.356549
8249,1000,0.10,900,3,35,1.0847,0.95,constant,49,1004.00,1.238075
8250,1000,0.10,900,3,35,1.0923,0.95,constant,50,1028.00,1.034934
8251,1000,0.10,900,3,35,1.0964,0.95,constant,51,990.00,0.953315
8252,1000,0.10,900,3,35,1.1058,0.95,constant,52,962.00,1.059045
8253,1000,0.10,900,3,35,1.0490,0.95,constant,53,1008.00,1.432246
8254,1000,0.10,900,3,35,1.1671,0.95,constant,54,984.00,2.038331
8255,1000,0.10,900,3,35,1.1137,0.95,constant,55,961.00,1.245765
8256,1000,0.10,900,3,35,1.0908,0.95,constant,56,994.00,1.541473
8257,1000,0.10,900,3,35,1.1246,0.95,constant,57,986.00,1.133442
8258,1000,0.10,900,3,35,1.1100,0.95,constant,58,1012.00,0.897925
8259,1000,0.10,900,3,35,1.0976,0.95,constant,59,1014.00,1.217066
8260,1000,0.10,900,3,35,1.1110,0.95,constant,60,980.00,1.169315
8261,1000,0.10,900,3,35,1.1786,0.95,constant,61,985.00,1.421979
8262,1000,0.10,900,3,35,1.0810,0.95,constant,62,998.00,0.924864
8263,1000,0.10,900,3,35,1.0724,0.95,constant,63,1001.00,0.985538
8264,1000,0.10,900,3,35,1.1035,0.95,constant,64,962.00,1.606540
8265,1000,0.10,900,3,35,1.1540,0.95,constant,65,1004.00,1.008063
8266,1000,0.10,900,3,35,1.1070,0.95,constant,66,980.00,0.943931
8267,1000,0.10,900,3,35,1.0799,0.95,constant,67,1001.00,1.328195
8268,1000,0.10,900,3,35,1.1103,0.95,constant,68,1019.00,1.176496
8269,1000,0.10,900,3,35,1.0869,0.95,constant,69,986.00,1.083537
8270,1000,0.10,900,3,35,1.0862,0.95,constant,70,1027.00,0.971836
8271,1000,0.10,900,3,35,1.0851,0.95,constant,71,982.00,1.390981
8272,1000,0.10,900,3,35,1.0711,0.95,constant,72,1024.00,1.268379
8273,1000,0.10,900,3,35,1.0837,0.95,constant,73,959.00,1.991374
8274,1000,0.10,900,3,35,1.1739,0.95,constant,74,997.00,1.477460
8275,1000,0.10,900,3,35,1.1249,0.95,constant,75,988.00,1.091922
8276,1000,0.10,900,3,35,1.1301,0.95,constant,76,1005.00,1.618379
8277,1000,0.10,900,3,35,1.0979,0.95,constant,77,1002.00,1.996846
8278,1000,0.10,900,3,35,1.1080,0.95,constant,78,960.00,1.008122
8279,1000,0.10,900,3,35,1.1338,0.95,constant,79,1025.00,1.137372
8280,1000,0.10,900,3,35,1.1190,0.95,constant,80,1025.00,0.888025
8281,1000,0.10,900,3,35,1.0955,0.95,constant,81,1036.00,1.200595
8282,1000,0.10,900,3,35,1.0488,0.95,constant,82,989.00,1.128522
8283,1000,0.10,900,3,35,1.1029,0.95,constant,83,1004.00,1.091655
8284,1000,0.10,900,3,35,1.1251,0.95,constant,84,967.00,1.078818
8285,1000,0.10,900,3,35,1.0398,0.95,constant,85,1030.00,4.008257
8286,1000,0.10,900,3,35,1.0615,0.95,constant,86,1000.00,1.251904
8287,1000,0.10,900,3,35,1.0765,0.95,constant,87,1006.00,1.399350
8288,1000,0.10,900,3,35,1.0953,0.95,constant,88,992.00,1.775251
8289,1000,0.10,900,3,35,1.0642,0.95,constant,89,1024.00,1.251366
8290,1000,0.10,900,3,35,1.1197,0.95,constant,90,973.00,1.031229
8291,1000,0.10,900,3,35,1.1708,0.95,constant,91,1037.00,0.908702
8292,1000,0.10,900,3,35,1.1082,0.95,constant,92,1023.00,1.555790
8293,1000,0.10,900,3,35,1.0593,0.95,constant,93,1027.00,1.008254
8294,1000,0.10,900,3,35,1.0997,0.95,constant,94,997.00,1.565775
8295,1000,0.10,900,3,35,1.0991,0.95,constant,95,1024.00,1.087605
8296,1000,0.10,900,3,35,1.1079,0.95,constant,96,1007.00,1.174893
8297,1000,0.10,900,3,35,1.1066,0.95,constant,97,1010.00,1.099791
8298,1000,0.10,900,3,35,1.0613,0.95,constant,98,1009.00,1.472215
8299,1000,0.10,900,3,35,1.0856,0.95,constant,99,1019.00,1.136129
8300,1000,0.10,900,3,35,0.9820,1.00,constant,0,964.00,2.614673
8301,1000,0.10,900,3,35,0.9724,1.00,constant,1,1014.00,0.933270
8302,1000,0.10,900,3,35,0.9670,1.00,constant,2,1005.00,1.017254
8303,1000,0.10,900,3,35,1.0376,1.00,constant,3,1038.00,1.158689
8304,1000,0.10,900,3,35,1.0177,1.00,constant,4,972.00,1.025402
8305,1000,0.10,900,3,35,1.0044,1.00,constant,5,992.00,1.186690
8306,1000,0.10,900,3,35,1.0108,1.00,constant,6,1010.00,1.592409
8307,1000,0.10,900,3,35,1.0058,1.00,constant,7,990.00,1.145782
8308,1000,0.10,900,3,35,0.9985,1.00,constant,8,997.00,1.089154
8309,1000,0.10,900,3,35,1.0134,1.00,constant,9,1016.00,0.880847
8310,1000,0.10,900,3,35,1.0071,1.00,constant,10,1022.00,1.194681
8311,1000,0.10,900,3,35,1.0065,1.00,constant,11,968.00,1.527649
8312,1000,0.10,900,3,35,0.9980,1.00,constant,12,1012.00,1.204710
8313,1000,0.10,900,3,35,0.9966,1.00,constant,13,1008.00,1.600324
8314,1000,0.10,900,3,35,1.0172,1.00,constant,14,1026.00,1.236675
8315,1000,0.10,900,3,35,0.9915,1.00,constant,15,1023.00,1.695399
8316,1000,0.10,900,3,35,0.9669,1.00,constant,16,950.00,1.598416
8317,1000,0.10,900,3,35,0.9978,1.00,constant,17,978.00,0.961748
8318,1000,0.10,900,3,35,1.0458,1.00,constant,18,1022.00,1.282107
8319,1000,0.10,900,3,35,0.9911,1.00,constant,19,1054.00,1.204199
8320,1000,0.10,900,3,35,0.9924,1.00,constant,20,980.00,1.024143
8321,1000,0.10,900,3,35,0.9725,1.00,constant,21,1000.00,1.160427
8322,1000,0.10,900,3,35,1.0251,1.00,constant,22,1048.00,0.988975
8323,1000,0.10,900,3,35,1.0028,1.00,constant,23,1001.00,1.097229
8324,1000,0.10,900,3,35,1.0226,1.00,constant,24,1061.00,1.056641
8325,1000,0.10,900,3,35,0.9985,1.00,constant,25,966.00,1.068223
8326,1000,0.10,900,3,35,0.9952,1.00,constant,26,1015.00,1.057423
8327,1000,0.10,900,3,35,1.0011,1.00,constant,27,1059.00,1.526608
8328,1000,0.10,900,3,35,0.9951,1.00,constant,28,1062.00,1.122165
8329,1000,0.10,900,3,35,1.0216,1.00,constant,29,995.00,1.496472
8330,1000,0.10,900,3,35,0.9537,1.00,constant,30,1031.00,0.895773
8331,1000,0.10,900,3,35,0.9737,1.00,constant,31,1029.00,1.052552
8332,1000,0.10,900,3,35,0.9931,1.00,constant,32,982.00,1.160982
8333,1000,0.10,900,3,35,1.0026,1.00,constant,33,1032.00,1.811934
8334,1000,0.10,900,3,35,1.0300,1.00,constant,34,1049.00,1.236750
8335,1000,0.10,900,3,35,0.9927,1.00,constant,35,990.00,2.991476
8336,1000,0.10,900,3,35,0.9854,1.00,constant,36,989.00,1.154453
8337,1000,0.10,900,3,35,0.9594,1.00,constant,37,1005.00,1.125107
8338,1000,0.10,900,3,35,0.9826,1.00,constant,38,1013.00,0.939050
8339,1000,0.10,900,3,35,1.0110,1.00,constant,39,974.00,1.081434
8340,1000,0.10,900,3,35,1.0083,1.00,constant,40,968.00,1.337864
8341,1000,0.10,900,3,35,1.0114,1.00,constant,41,1015.00,2.220710
8342,1000,0.10,900,3,35,0.9794,1.00,constant,42,955.00,1.017739
8343,1000,0.10,900,3,35,1.0061,1.00,constant,43,1015.00,1.161399
8344,1000,0.10,900,3,35,1.0126,1.00,constant,44,996.00,1.106453
8345,1000,0.10,900,3,35,0.9816,1.00,constant,45,996.00,1.973701
8346,1000,0.10,900,3,35,0.9972,1.00,constant,46,994.00,1.229494
8347,1000,0.10,900,3,35,0.9797,1.00,constant,47,1041.00,1.160157
8348,1000,0.10,900,3,35,0.9566,1.00,constant,48,1046.00,1.397469
8349,1000,0.10,900,3,35,0.9858,1.00,constant,49,1046.00,1.102811
8350,1000,0.10,900,3,35,1.0442,1.00,constant,50,977.00,1.340114
8351,1000,0.10,900,3,35,0.9827,1.00,constant,51,1012.00,0.943583
8352,1000,0.10,900,3,35,0.9975,1.00,constant,52,1027.00,1.315939
8353,1000,0.10,900,3,35,1.0065,1.00,constant,53,1029.00,2.332587
8354,1000,0.10,900,3,35,0.9875,1.00,constant,54,995.00,1.560888
8355,1000,0.10,900,3,35,1.0122,1.00,constant,55,1002.00,1.507986
8356,1000,0.10,900,3,35,0.9655,1.00,constant,56,991.00,1.348164
8357,1000,0.10,900,3,35,1.0238,1.00,constant,57,1018.00,1.047287
8358,1000,0.10,900,3,35,0.9648,1.00,constant,58,1041.00,1.103959
8359,1000,0.10,900,3,35,1.0007,1.00,constant,59,1030.00,1.194911
8360,1000,0.10,900,3,35,1.0183,1.00,constant,60,1031.00,1.084571
8361,1000,0.10,900,3,35,0.9716,1.00,constant,61,1012.00,1.285779
8362,1000,0.10,900,3,35,0.9763,1.00,constant,62,991.00,1.217314
8363,1000,0.10,900,3,35,1.0064,1.00,constant,63,1029.00,2.095867
8364,1000,0.10,900,3,35,1.0237,1.00,constant,64,1044.00,1.651566
8365,1000,0.10,900,3,35,1.0411,1.00,constant,65,1033.00,1.923940
8366,1000,0.10,900,3,35,0.9903,1.00,constant,66,1018.00,1.472216
8367,1000,0.10,900,3,35,1.0021,1.00,constant,67,992.00,1.103661
8368,1000,0.10,900,3,35,0.9766,1.00,constant,68,1026.00,2.277833
8369,1000,0.10,900,3,35,0.9981,1.00,constant,69,970.00,1.225569
8370,1000,0.10,900,3,35,1.0386,1.00,constant,70,1036.00,1.652160
8371,1000,0.10,900,3,35,0.9980,1.00,constant,71,983.00,1.046043
8372,1000,0.10,900,3,35,0.9951,1.00,constant,72,1004.00,1.470199
8373,1000,0.10,900,3,35,1.0043,1.00,constant,73,1008.00,1.224641
8374,1000,0.10,900,3,35,0.9568,1.00,constant,74,1008.00,3.240989
8375,1000,0.10,900,3,35,1.0242,1.00,constant,75,1014.00,1.311406
8376,1000,0.10,900,3,35,0.9800,1.00,constant,76,1036.00,1.135306
8377,1000,0.10,900,3,35,0.9958,1.00,constant,77,1021.00,1.115358
8378,1000,0.10,900,3,35,0.9986,1.00,constant,78,981.00,1.163377
8379,1000,0.10,900,3,35,1.0279,1.00,constant,79,1009.00,2.054589
8380,1000,0.10,900,3,35,0.9864,1.00,constant,80,1007.00,1.836053
8381,1000,0.10,900,3,35,0.9810,1.00,constant,81,1008.00,1.345788
8382,1000,0.10,900,3,35,0.9604,1.00,constant,82,1049.00,1.423448
8383,1000,0.10,900,3,35,1.0132,1.00,constant,83,1013.00,1.196469
8384,1000,0.10,900,3,35,1.0139,1.00,constant,84,965.00,1.118995
8385,1000,0.10,900,3,35,1.0071,1.00,constant,85,1003.00,2.133142
8386,1000,0.10,900,3,35,0.9922,1.00,constant,86,938.00,1.481564
8387,1000,0.10,900,3,35,1.0103,1.00,constant,87,990.00,1.276180
8388,1000,0.10,900,3,35,0.9989,1.00,constant,88,998.00,1.188935
8389,1000,0.10,900,3,35,0.9657,1.00,constant,89,1038.00,1.362389
8390,1000,0.10,900,3,35,0.9881,1.00,constant,90,1030.00,4.836411
8391,1000,0.10,900,3,35,0.9715,1.00,constant,91,1015.00,1.997422
8392,1000,0.10,900,3,35,0.9741,1.00,constant,92,978.00,2.161609
8393,1000,0.10,900,3,35,0.9924,1.00,constant,93,1026.00,1.750808
8394,1000,0.10,900,3,35,1.0395,1.00,constant,94,1025.00,1.350057
8395,1000,0.10,900,3,35,0.9808,1.00,constant,95,1015.00,1.187267
8396,1000,0.10,900,3,35,1.0093,1.00,constant,96,982.00,1.189413
8397,1000,0.10,900,3,35,1.0286,1.00,constant,97,1053.00,1.732524
8398,1000,0.10,900,3,35,0.9855,1.00,constant,98,987.00,0.947848
8399,1000,0.10,900,3,35,0.9813,1.00,constant,99,972.00,1.045367
8400,1000,0.10,900,3,35,1.0049,0.00,linear,0,989.00,0.182719
8401,1000,0.10,900,3,35,1.0009,0.00,linear,1,988.00,0.477132
8402,1000,0.10,900,3,35,1.0046,0.00,linear,2,972.00,0.217979
8403,1000,0.10,900,3,35,0.9963,0.00,linear,3,983.00,0.676949
8404,1000,0.10,900,3,35,1.0315,0.00,linear,4,1001.00,0.546258
8405,1000,0.10,900,3,35,1.0182,0.00,linear,5,959.00,0.908332
8406,1000,0.10,900,3,35,1.0289,0.00,linear,6,947.00,1.004420
8407,1000,0.10,900,3,35,1.0524,0.00,linear,7,958.00,0.332662
8408,1000,0.10,900,3,35,0.9921,0.00,linear,8,952.00,0.610771
8409,1000,0.10,900,3,35,1.0049,0.00,linear,9,960.00,0.439351
8410,1000,0.10,900,3,35,1.0274,0.00,linear,10,1000.00,0.782287
8411,1000,0.10,900,3,35,0.9929,0.00,linear,11,985.00,0.898029
8412,1000,0.10,900,3,35,0.9608,0.00,linear,12,994.00,0.334089
8413,1000,0.10,900,3,35,0.9966,0.00,linear,13,946.00,0.835796
8414,1000,0.10,900,3,35,0.9795,0.00,linear,14,935.00,0.685181
8415,1000,0.10,900,3,35,1.0338,0.00,linear,15,958.00,1.722857
8416,1000,0.10,900,3,35,1.0487,0.00,linear,16,951.00,0.710836
8417,1000,0.10,900,3,35,1.0504,0.00,linear,17,984.00,0.850260
8418,1000,0.10,900,3,35,0.9845,0.00,linear,18,994.00,3.034904
8419,1000,0.10,900,3,35,0.9830,0.00,linear,19,1029.00,1.089083
8420,1000,0.10,900,3,35,0.9858,0.00,linear,20,980.00,0.528657
8421,1000,0.10,900,3,35,1.0336,0.00,linear,21,909.00,0.077005
8422,1000,0.10,900,3,35,0.9950,0.00,linear,22,976.00,0.187354
8423,1000,0.10,900,3,35,1.0306,0.00,linear,23,973.00,1.581394
8424,1000,0.10,900,3,35,1.0345,0.00,linear,24,974.00,0.514944
8425,1000,0.10,900,3,35,1.0096,0.00,linear,25,961.00,0.981103
8426,1000,0.10,900,3,35,0.9892,0.00,linear,26,990.00,0.707365
8427,1000,0.10,900,3,35,1.0500,0.00,linear,27,983.00,0.447928
8428,1000,0.10,900,3,35,1.0192,0.00,linear,28,983.00,1.206969
8429,1000,0.10,900,3,35,0.9587,0.00,linear,29,1001.00,1.311142
8430,1000,0.10,900,3,35,1.0393,0.00,linear,30,983.00,0.227787
8431,1000,0.10,900,3,35,0.9758,0.00,linear,31,969.00,1.359046
8432,1000,0.10,900,3,35,1.0309,0.00,linear,32,994.00,0.048177
8433,1000,0.10,900,3,35,1.0093,0.00,linear,33,1042.00,1.405009
8434,1000,0.10,900,3,35,0.9760,0.00,linear,34,994.00,0.059135
8435,1000,0.10,900,3,35,0.9841,0.00,linear,35,960.00,0.105661
8436,1000,0.10,900,3,35,0.9557,0.00,linear,36,990.00,0.117186
8437,1000,0.10,900,3,35,1.0058,0.00,linear,37,1003.00,1.670171
8438,1000,0.10,900,3,35,1.0457,0.00,linear,38,988.00,0.775965
8439,1000,0.10,900,3,35,1.0363,0.00,linear,39,967.00,0.544636
8440,1000,0.10,900,3,35,1.0183,0.00,linear,40,963.00,0.551978
8441,1000,0.10,900,3,35,1.0005,0.00,linear,41,968.00,0.333586
8442,1000,0.10,900,3,35,0.9832,0.00,linear,42,965.00,0.136749
8443,1000,0.10,900,3,35,0.9243,0.00,linear,43,952.00,0.361384
8444,1000,0.10,900,3,35,0.9917,0.00,linear,44,977.00,1.202727
8445,1000,0.10,900,3,35,0.9932,0.00,linear,45,989.00,0.298887
8446,1000,0.10,900,3,35,0.9825,0.00,linear,46,997.00,0.465408
8447,1000,0.10,900,3,35,1.0447,0.00,linear,47,947.00,1.815880
8448,1000,0.10,900,3,35,1.0084,0.00,linear,48,962.00,1.213481
8449,1000,0.10,900,3,35,0.9748,0.00,linear,49,968.00,1.201609
8450,1000,0.10,900,3,35,0.9815,0.00,linear,50,993.00,1.719859
8451,1000,0.10,900,3,35,1.0082,0.00,linear,51,993.00,0.446532
8452,1000,0.10,900,3,35,0.9825,0.00,linear,52,1011.00,0.678976
8453,1000,0.10,900,3,35,1.0030,0.00,linear,53,993.00,1.370039
8454,1000,0.10,900,3,35,0.9929,0.00,linear,54,1006.00,0.275949
8455,1000,0.10,900,3,35,0.9817,0.00,linear,55,962.00,0.827822
8456,1000,0.10,900,3,35,0.9991,0.00,linear,56,973.00,0.917827
8457,1000,0.10,900,3,35,1.0399,0.00,linear,57,970.00,0.794835
8458,1000,0.10,900,3,35,0.9926,0.00,linear,58,951.00,0.448402
8459,1000,0.10,900,3,35,0.9442,0.00,linear,59,976.00,1.038878
8460,1000,0.10,900,3,35,1.0440,0.00,linear,60,962.00,0.564399
8461,1000,0.10,900,3,35,0.9458,0.00,linear,61,987.00,0.322741
8462,1000,0.10,900,3,35,0.9774,0.00,linear,62,972.00,0.096126
8463,1000,0.10,900,3,35,1.0581,0.00,linear,63,1006.00,0.173487
8464,1000,0.10,900,3,35,0.9986,0.00,linear,64,994.00,0.467605
8465,1000,0.10,900,3,35,1.0095,0.00,linear,65,984.00,1.261538
8466,1000,0.10,900,3,35,0.9785,0.00,linear,66,1006.00,0.749807
8467,1000,0.10,900,3,35,0.9806,0.00,linear,67,960.00,0.815964
8468,1000,0.10,900,3,35,0.9838,0.00,linear,68,994.00,1.114568
8469,1000,0.10,900,3,35,1.0259,0.00,linear,69,995.00,1.051528
8470,1000,0.10,900,3,35,0.9787,0.00,linear,70,1014.00,0.354418
8471,1000,0.10,900,3,35,1.0185,0.00,linear,71,1029.00,1.472947
8472,1000,0.10,900,3,35,1.0487,0.00,linear,72,961.00,0.073139
8473,1000,0.10,900,3,35,1.0114,0.00,linear,73,985.00,1.103106
8474,1000,0.10,900,3,35,0.9671,0.00,linear,74,1010.00,1.137391
8475,1000,0.10,900,3,35,1.0168,0.00,linear,75,997.00,0.691160
8476,1000,0.10,900,3,35,1.0335,0.00,linear,76,999.00,1.428308
8477,1000,0.10,900,3,35,0.9342,0.00,linear,77,974.00,0.116247
8478,1000,0.10,900,3,35,1.0354,0.00,linear,78,978.00,1.762333
8479,1000,0.10,900,3,35,0.9875,0.00,linear,79,981.00,0.023616
8480,1000,0.10,900,3,35,0.9515,0.00,linear,80,953.00,0.560430
8481,1000,0.10,900,3,35,0.9992,0.00,linear,81,943.00,0.622782
8482,1000,0.10,900,3,35,0.9759,0.00,linear,82,955.00,0.295312
8483,1000,0.10,900,3,35,1.0037,0.00,linear,83,979.00,0.456386
8484,1000,0.10,900,3,35,1.0155,0.00,linear,84,960.00,0.311190
8485,1000,0.10,900,3,35,0.9688,0.00,linear,85,1002.00,4.018525
8486,1000,0.10,900,3,35,1.0246,0.00,linear,86,986.00,0.357055
8487,1000,0.10,900,3,35,0.9794,0.00,linear,87,986.00,0.785388
8488,1000,0.10,900,3,35,1.0445,0.00,linear,88,988.00,1.940506
8489,1000,0.10,900,3,35,1.0194,0.00,linear,89,954.00,1.197767
8490,1000,0.10,900,3,35,0.9817,0.00,linear,90,989.00,0.726120
8491,1000,0.10,900,3,35,0.9659,0.00,linear,91,979.00,0.283199
8492,1000,0.10,900,3,35,1.0005,0.00,linear,92,947.00,0.479826
8493,1000,0.10,900,3,35,1.0243,0.00,linear,93,949.00,0.805678
8494,1000,0.10,900,3,35,1.0003,0.00,linear,94,967.00,0.199737
8495,1000,0.10,900,3,35,0.9959,0.00,linear,95,980.00,0.866862
8496,1000,0.10,900,3,35,1.0518,0.00,linear,96,965.00,0.456170
8497,1000,0.10,900,3,35,1.0100,0.00,linear,97,993.00,0.085443
8498,1000,0.10,900,3,35,0.9501,0.00,linear,98,1001.00,0.840412
8499,1000,0.10,900,3,35,1.0012,0.00,linear,99,969.00,0.219218
8500,1000,0.10,900,3,35,1.0255,0.05,linear,0,984.00,1.600493
8501,1000,0.10,900,3,35,1.0367,0.05,linear,1,974.00,0.332752
8502,1000,0.10,900,3,35,1.0151,0.05,linear,2,955.00,0.196473
8503,1000,0.10,900,3,35,1.0019,0.05,linear,3,1022.00,0.438892
8504,1000,0.10,900,3,35,1.0452,0.05,linear,4,1007.00,0.404512
8505,1000,0.10,900,3,35,0.9825,0.05,linear,5,935.00,0.090427
8506,1000,0.10,900,3,35,1.0050,0.05,linear,6,997.00,0.068925
8507,1000,0.10,900,3,35,0.9375,0.05,linear,7,985.00,0.171862
8508,1000,0.10,900,3,35,1.0402,0.05,linear,8,958.00,0.225532
8509,1000,0.10,900,3,35,0.9994,0.05,linear,9,955.00,0.106714
8510,1000,0.10,900,3,35,1.0187,0.05,linear,10,959.00,0.235451
8511,1000,0.10,900,3,35,1.0042,0.05,linear,11,972.00,0.247261
8512,1000,0.10,900,3,35,0.9876,0.05,linear,12,955.00,0.518732
8513,1000,0.10,900,3,35,1.0179,0.05,linear,13,976.00,1.136143
8514,1000,0.10,900,3,35,1.0010,0.05,linear,14,992.00,0.370701
8515,1000,0.10,900,3,35,0.9995,0.05,linear,15,949.00,1.051507
8516,1000,0.10,900,3,35,1.0210,0.05,linear,16,975.00,0.535696
8517,1000,0.10,900,3,35,1.0210,0.05,linear,17,978.00,0.125689
8518,1000,0.10,900,3,35,1.0348,0.05,linear,18,988.00,0.340164
8519,1000,0.10,900,3,35,1.0002,0.05,linear,19,988.00,0.133342
8520,1000,0.10,900,3,35,1.0130,0.05,linear,20,942.00,0.555847
8521,1000,0.10,900,3,35,1.0078,0.05,linear,21,985.00,0.037398
8522,1000,0.10,900,3,35,1.0319,0.05,linear,22,942.00,0.513394
8523,1000,0.10,900,3,35,1.0261,0.05,linear,23,977.00,0.798990
8524,1000,0.10,900,3,35,1.0330,0.05,linear,24,997.00,1.041370
8525,1000,0.10,900,3,35,0.9810,0.05,linear,25,963.00,0.095519
8526,1000,0.10,900,3,35,1.0136,0.05,linear,26,982.00,1.569990
8527,1000,0.10,900,3,35,1.0064,0.05,linear,27,954.00,0.360048
8528,1000,0.10,900,3,35,1.0168,0.05,linear,28,1019.00,0.597915
8529,1000,0.10,900,3,35,0.9779,0.05,linear,29,971.00,2.046889
8530,1000,0.10,900,3,35,1.0065,0.05,linear,30,975.00,0.452977
8531,1000,0.10,900,3,35,1.0081,0.05,linear,31,962.00,0.582509
8532,1000,0.10,900,3,35,1.0346,0.05,linear,32,1007.00,0.412244
8533,1000,0.10,900,3,35,1.0122,0.05,linear,33,987.00,1.362210
8534,1000,0.10,900,3,35,0.9734,0.05,linear,34,967.00,0.431076
8535,1000,0.10,900,3,35,0.9955,0.05,linear,35,968.00,1.179018
8536,1000,0.10,900,3,35,1.0197,0.05,linear,36,947.00,0.510459
8537,1000,0.10,900,3,35,1.0462,0.05,linear,37,1007.00,0.529103
8538,1000,0.10,900,3,35,1.0240,0.05,linear,38,962.00,0.425173
8539,1000,0.10,900,3,35,0.9963,0.05,linear,39,988.00,1.196458
8540,1000,0.10,900,3,35,0.9830,0.05,linear,40,1002.00,0.301741
8541,1000,0.10,900,3,35,1.0413,0.05,linear,41,998.00,0.591047
8542,1000,0.10,900,3,35,1.0427,0.05,linear,42,969.00,1.486632
8543,1000,0.10,900,3,35,1.0486,0.05,linear,43,1008.00,0.572786
8544,1000,0.10,900,3,35,1.0082,0.05,linear,44,1002.00,1.441009
8545,1000,0.10,900,3,35,0.9953,0.05,linear,45,1000.00,0.731552
8546,1000,0.10,900,3,35,1.0233,0.05,linear,46,991.00,0.774019
8547,1000,0.10,900,3,35,0.9841,0.05,linear,47,975.00,0.630443
8548,1000,0.10,900,3,35,1.0102,0.05,linear,48,991.00,0.131087
8549,1000,0.10,900,3,35,0.9887,0.05,linear,49,1012.00,0.132543
8550,1000,0.10,900,3,35,0.9801,0.05,linear,50,998.00,0.546381
8551,1000,0.10,900,3,35,1.0374,0.05,linear,51,1007.00,0.685620
8552,1000,0.10,900,3,35,0.9920,0.05,linear,52,1002.00,1.214358
8553,1000,0.10,900,3,35,0.9901,0.05,linear,53,1025.00,0.882702
8554,1000,0.10,900,3,35,1.0389,0.05,linear,54,992.00,0.559467
8555,1000,0.10,900,3,35,0.9939,0.05,linear,55,991.00,0.418202
8556,1000,0.10,900,3,35,0.9859,0.05,linear,56,1003.00,0.756438
8557,1000,0.10,900,3,35,1.0324,0.05,linear,57,974.00,0.870871
8558,1000,0.10,900,3,35,1.0199,0.05,linear,58,987.00,0.262373
8559,1000,0.10,900,3,35,1.0112,0.05,linear,59,970.00,0.130918
8560,1000,0.10,900,3,35,0.9921,0.05,linear,60,993.00,0.653195
8561,1000,0.10,900,3,35,0.9816,0.05,linear,61,986.00,0.049730
8562,1000,0.10,900,3,35,1.0219,0.05,linear,62,994.00,0.229688
8563,1000,0.10,900,3,35,1.0025,0.05,linear,63,956.00,0.328551
8564,1000,0.10,900,3,35,1.0048,0.05,linear,64,972.00,0.226341
8565,1000,0.10,900,3,35,0.9687,0.05,linear,65,1010.00,1.366463
8566,1000,0.10,900,3,35,0.9718,0.05,linear,66,946.00,0.058656
8567,1000,0.10,900,3,35,0.9944,0.05,linear,67,1000.00,0.681186
8568,1000,0.10,900,3,35,1.0446,0.05,linear,68,1008.00,2.856047
8569,1000,0.10,900,3,35,0.9786,0.05,linear,69,990.00,0.487941
8570,1000,0.10,900,3,35,1.0279,0.05,linear,70,979.00,0.343081
8571,1000,0.10,900,3,35,0.9701,0.05,linear,71,1011.00,0.354433
8572,1000,0.10,900,3,35,0.9722,0.05,linear,72,1011.00,0.497810
8573,1000,0.10,900,3,35,1.0255,0.05,linear,73,997.00,0.313368
8574,1000,0.10,900,3,35,1.0107,0.05,linear,74,1016.00,1.954288
8575,1000,0.10,900,3,35,1.0343,0.05,linear,75,1016.00,0.516854
8576,1000,0.10,900,3,35,1.0278,0.05,linear,76,992.00,0.385414
8577,1000,0.10,900,3,35,0.9802,0.05,linear,77,946.00,0.929737
8578,1000,0.10,900,3,35,1.0222,0.05,linear,78,989.00,0.713219
8579,1000,0.10,900,3,35,0.9861,0.05,linear,79,943.00,0.304446
8580,1000,0.10,900,3,35,1.0412,0.05,linear,80,997.00,1.758337
8581,1000,0.10,900,3,35,0.9863,0.05,linear,81,983.00,0.642362
8582,1000,0.10,900,3,35,1.0212,0.05,linear,82,1016.00,1.388773
8583,1000,0.10,900,3,35,1.0803,0.05,linear,83,973.00,1.001783
8584,1000,0.10,900,3,35,0.9834,0.05,linear,84,1006.00,0.836723
8585,1000,0.10,900,3,35,1.0674,0.05,linear,85,958.00,0.142304
8586,1000,0.10,900,3,35,1.0099,0.05,linear,86,1013.00,1.056565
8587,1000,0.10,900,3,35,0.9926,0.05,linear,87,1009.00,1.080007
8588,1000,0.10,900,3,35,1.0114,0.05,linear,88,986.00,0.646658
8589,1000,0.10,900,3,35,1.0258,0.05,linear,89,1000.00,0.295694
8590,1000,0.10,900,3,35,0.9885,0.05,linear,90,1005.00,0.528914
8591,1000,0.10,900,3,35,0.9835,0.05,linear,91,996.00,1.100958
8592,1000,0.10,900,3,35,1.0121,0.05,linear,92,981.00,0.238904
8593,1000,0.10,900,3,35,0.9826,0.05,linear,93,1013.00,1.560783
8594,1000,0.10,900,3,35,0.9721,0.05,linear,94,1010.00,0.479367
8595,1000,0.10,900,3,35,1.0229,0.05,linear,95,973.00,0.642960
8596,1000,0.10,900,3,35,1.0501,0.05,linear,96,1016.00,0.202214
8597,1000,0.10,900,3,35,0.9722,0.05,linear,97,1004.00,0.982728
8598,1000,0.10,900,3,35,1.0262,0.05,linear,98,986.00,0.102674
8599,1000,0.10,900,3,35,0.9969,0.05,linear,99,978.00,0.354284
8600,1000,0.10,900,3,35,1.0064,0.10,linear,0,1005.00,1.102473
8601,1000,0.10,900,3,35,1.0463,0.10,linear,1,1031.00,0.355825
8602,1000,0.10,900,3,35,0.9957,0.10,linear,2,944.00,1.163597
8603,1000,0.10,900,3,35,0.9562,0.10,linear,3,986.00,0.408078
8604,1000,0.10,900,3,35,0.9790,0.10,linear,4,985.00,0.446572
8605,1000,0.10,900,3,35,0.9848,0.10,linear,5,1007.00,0.326727
8606,1000,0.10,900,3,35,1.0090,0.10,linear,6,971.00,1.117413
8607,1000,0.10,900,3,35,1.0158,0.10,linear,7,989.00,0.112952
8608,1000,0.10,900,3,35,1.0238,0.10,linear,8,977.00,1.508964
8609,1000,0.10,900,3,35,1.0172,0.10,linear,9,993.00,0.447872
8610,1000,0.10,900,3,35,1.0246,0.10,linear,10,1014.00,0.666565
8611,1000,0.10,900,3,35,0.9887,0.10,linear,11,994.00,0.262682
8612,1000,0.10,900,3,35,0.9907,0.10,linear,12,1034.00,0.318462
8613,1000,0.10,900,3,35,0.9913,0.10,linear,13,1029.00,0.696356
8614,1000,0.10,900,3,35,0.9820,0.10,linear,14,1001.00,0.840805
8615,1000,0.10,900,3,35,1.0432,0.10,linear,15,989.00,0.231164
8616,1000,0.10,900,3,35,1.0153,0.10,linear,16,957.00,1.080105
8617,1000,0.10,900,3,35,1.0513,0.10,linear,17,1013.00,1.441253
8618,1000,0.10,900,3,35,1.0737,0.10,linear,18,986.00,0.276641
8619,1000,0.10,900,3,35,0.9719,0.10,linear,19,1009.00,0.853027
8620,1000,0.10,900,3,35,0.9954,0.10,linear,20,1005.00,0.275070
8621,1000,0.10,900,3,35,1.0029,0.10,linear,21,994.00,0.224671
8622,1000,0.10,900,3,35,0.9999,0.10,linear,22,998.00,0.831217
8623,1000,0.10,900,3,35,0.9530,0.10,linear,23,982.00,0.647671
8624,1000,0.10,900,3,35,1.0119,0.10,linear,24,1013.00,0.530814
8625,1000,0.10,900,3,35,0.9624,0.10,linear,25,995.00,0.584673
8626,1000,0.10,900,3,35,1.0273,0.10,linear,26,1006.00,0.259263
8627,1000,0.10,900,3,35,1.0160,0.10,linear,27,990.00,0.165795
8628,1000,0.10,900,3,35,1.0490,0.10,linear,28,1038.00,0.282945
8629,1000,0.10,900,3,35,1.0180,0.10,linear,29,1001.00,1.585521
8630,1000,0.10,900,3,35,1.0236,0.10,linear,30,1036.00,0.755603
8631,1000,0.10,900,3,35,1.0567,0.10,linear,31,982.00,0.755353
8632,1000,0.10,900,3,35,0.9893,0.10,linear,32,1070.00,1.728083
8633,1000,0.10,900,3,35,0.9975,0.10,linear,33,1005.00,0.318761
8634,1000,0.10,900,3,35,1.0058,0.10,linear,34,962.00,0.557129
8635,1000,0.10,900,3,35,0.9843,0.10,linear,35,1006.00,2.155674
8636,1000,0.10,900,3,35,1.0796,0.10,linear,36,986.00,1.453762
8637,1000,0.10,900,3,35,1.0155,0.10,linear,37,994.00,0.255183
8638,1000,0.10,900,3,35,1.0245,0.10,linear,38,1005.00,0.273804
8639,1000,0.10,900,3,35,1.0115,0.10,linear,39,961.00,1.465196
8640,1000,0.10,900,3,35,0.9615,0.10,linear,40,999.00,0.253725
8641,1000,0.10,900,3,35,1.0030,0.10,linear,41,1001.00,0.403770
8642,1000,0.10,900,3,35,1.0349,0.10,linear,42,992.00,0.336941
8643,1000,0.10,900,3,35,1.0279,0.10,linear,43,1036.00,0.110883
8644,1000,0.10,900,3,35,1.0135,0.10,linear,44,975.00,0.794832
8645,1000,0.10,900,3,35,1.0155,0.10,linear,45,1003.00,1.604691
8646,1000,0.10,900,3,35,1.0086,0.10,linear,46,1002.00,1.891961
8647,1000,0.10,900,3,35,0.9827,0.10,linear,47,992.00,0.823748
8648,1000,0.10,900,3,35,1.0112,0.10,linear,48,979.00,0.185660
8649,1000,0.10,900,3,35,1.0251,0.10,linear,49,1015.00,1.032509
8650,1000,0.10,900,3,35,1.0236,0.10,linear,50,1006.00,0.872869
8651,1000,0.10,900,3,35,0.9991,0.10,linear,51,983.00,1.915726
8652,1000,0.10,900,3,35,0.9900,0.10,linear,52,1001.00,0.491085
8653,1000,0.10,900,3,35,1.0119,0.10,linear,53,995.00,0.210093
8654,1000,0.10,900,3,35,1.0468,0.10,linear,54,962.00,2.102953
8655,1000,0.10,900,3,35,1.0299,0.10,linear,55,1017.00,0.635473
8656,1000,0.10,900,3,35,0.9795,0.10,linear,56,977.00,0.369837
8657,1000,0.10,900,3,35,1.0470,0.10,linear,57,941.00,0.458351
8658,1000,0.10,900,3,35,1.0048,0.10,linear,58,975.00,0.744650
8659,1000,0.10,900,3,35,1.0033,0.10,linear,59,969.00,0.844177
8660,1000,0.10,900,3,35,1.0167,0.10,linear,60,992.00,0.899002
8661,1000,0.10,900,3,35,1.0384,0.10,linear,61,1005.00,0.672685
8662,1000,0.10,900,3,35,0.9741,0.10,linear,62,1060.00,0.053230
8663,1000,0.10,900,3,35,1.0093,0.10,linear,63,964.00,0.717506
8664,1000,0.10,900,3,35,1.0451,0.10,linear,64,1006.00,0.494391
8665,1000,0.10,900,3,35,1.0243,0.10,linear,65,1001.00,0.666450
8666,1000,0.10,900,3,35,0.9604,0.10,linear,66,990.00,0.740139
8667,1000,0.10,900,3,35,1.0458,0.10,linear,67,989.00,0.695292
8668,1000,0.10,900,3,35,1.0607,0.10,linear,68,964.00,1.314141
8669,1000,0.10,900,3,35,0.9947,0.10,linear,69,953.00,0.302155
8670,1000,0.10,900,3,35,1.0108,0.10,linear,70,981.00,0.279619
8671,1000,0.10,900,3,35,1.0218,0.10,linear,71,984.00,0.347325
8672,1000,0.10,900,3,35,1.0346,0.10,linear,72,953.00,0.146149
8673,1000,0.10,900,3,35,1.0297,0.10,linear,73,979.00,1.001770
8674,1000,0.10,900,3,35,1.0541,0.10,linear,74,978.00,0.137804
8675,1000,0.10,900,3,35,0.9772,0.10,linear,75,994.00,1.075106
8676,1000,0.10,900,3,35,1.0310,0.10,linear,76,1003.00,0.756798
8677,1000,0.10,900,3,35,1.0128,0.10,linear,77,968.00,1.442726
8678,1000,0.10,900,3,35,1.0471,0.10,linear,78,938.00,0.923797
8679,1000,0.10,900,3,35,1.0649,0.10,linear,79,966.00,0.632036
8680,1000,0.10,900,3,35,1.0221,0.10,linear,80,999.00,1.069499
8681,1000,0.10,900,3,35,1.0396,0.10,linear,81,989.00,1.236888
8682,1000,0.10,900,3,35,1.0443,0.10,linear,82,971.00,0.809973
8683,1000,0.10,900,3,35,1.0184,0.10,linear,83,1012.00,0.961223
8684,1000,0.10,900,3,35,1.0133,0.10,linear,84,983.00,0.421317
8685,1000,0.10,900,3,35,1.0016,0.10,linear,85,1009.00,0.943627
8686,1000,0.10,900,3,35,1.0381,0.10,linear,86,1027.00,1.146599
8687,1000,0.10,900,3,35,1.0654,0.10,linear,87,945.00,0.173559
8688,1000,0.10,900,3,35,1.0290,0.10,linear,88,990.00,0.486353
8689,1000,0.10,900,3,35,0.9894,0.10,linear,89,1009.00,0.411203
8690,1000,0.10,900,3,35,1.0052,0.10,linear,90,993.00,1.220678
8691,1000,0.10,900,3,35,1.0207,0.10,linear,91,975.00,1.731165
8692,1000,0.10,900,3,35,1.0102,0.10,linear,92,981.00,1.065646
8693,1000,0.10,900,3,35,1.0012,0.10,linear,93,995.00,2.414000
8694,1000,0.10,900,3,35,1.0292,0.10,linear,94,976.00,0.426669
8695,1000,0.10,900,3,35,0.9844,0.10,linear,95,931.00,0.188391
8696,1000,0.10,900,3,35,0.9919,0.10,linear,96,975.00,0.897577
8697,1000,0.10,900,3,35,1.0162,0.10,linear,97,1004.00,0.483842
8698,1000,0.10,900,3,35,0.9800,0.10,linear,98,975.00,0.527931
8699,1000,0.10,900,3,35,0.9964,0.10,linear,99,966.00,1.721447
8700,1000,0.10,900,3,35,1.0612,0.15,linear,0,980.00,2.487589
8701,1000,0.10,900,3,35,0.9950,0.15,linear,1,953.00,1.292172
8702,1000,0.10,900,3,35,1.0310,0.15,linear,2,974.00,0.248516
8703,1000,0.10,900,3,35,1.0271,0.15,linear,3,965.00,1.268929
8704,1000,0.10,900,3,35,1.0036,0.15,linear,4,979.00,0.153703
8705,1000,0.10,900,3,35,1.0387,0.15,linear,5,955.00,0.293727
8706,1000,0.10,900,3,35,1.0204,0.15,linear,6,997.00,0.361410
8707,1000,0.10,900,3,35,1.0492,0.15,linear,7,1002.00,3.164389
8708,1000,0.10,900,3,35,1.0220,0.15,linear,8,998.00,0.680960
8709,1000,0.10,900,3,35,1.0285,0.15,linear,9,962.00,1.462721
8710,1000,0.10,900,3,35,1.0188,0.15,linear,10,966.00,1.222109
8711,1000,0.10,900,3,35,1.0387,0.15,linear,11,1002.00,0.279901
8712,1000,0.10,900,3,35,0.9736,0.15,linear,12,960.00,1.331175
8713,1000,0.10,900,3,35,1.0027,0.15,linear,13,990.00,0.910265
8714,1000,0.10,900,3,35,0.9913,0.15,linear,14,960.00,0.368289
8715,1000,0.10,900,3,35,0.9945,0.15,linear,15,980.00,0.674957
8716,1000,0.10,900,3,35,1.0415,0.15,linear,16,984.00,0.532200
8717,1000,0.10,900,3,35,1.0106,0.15,linear,17,1006.00,0.999122
8718,1000,0.10,900,3,35,1.0162,0.15,linear,18,955.00,0.640238
8719,1000,0.10,900,3,35,1.0322,0.15,linear,19,960.00,0.542736
8720,1000,0.10,900,3,35,1.0297,0.15,linear,20,1071.00,1.369705
8721,1000,0.10,900,3,35,0.9896,0.15,linear,21,961.00,0.113557
8722,1000,0.10,900,3,35,1.0261,0.15,linear,22,968.00,0.097246
8723,1000,0.10,900,3,35,1.0216,0.15,linear,23,970.00,1.079160
8724,1000,0.10,900,3,35,0.9885,0.15,linear,24,984.00,1.372052
8725,1000,0.10,900,3,35,1.0093,0.15,linear,25,948.00,0.361043
8726,1000,0.10,900,3,35,1.0658,0.15,linear,26,981.00,0.633153
8727,1000,0.10,900,3,35,1.0526,0.15,linear,27,969.00,0.466940
8728,1000,0.10,900,3,35,1.0052,0.15,linear,28,965.00,0.286947
8729,1000,0.10,900,3,35,1.0217,0.15,linear,29,976.00,0.274530
8730,1000,0.10,900,3,35,1.0255,0.15,linear,30,979.00,0.912596
8731,1000,0.10,900,3,35,1.0026,0.15,linear,31,972.00,1.320577
8732,1000,0.10,900,3,35,1.0377,0.15,linear,32,1003.00,2.240108
8733,1000,0.10,900,3,35,1.0285,0.15,linear,33,977.00,0.615442
8734,1000,0.10,900,3,35,1.0485,0.15,linear,34,955.00,0.332219
8735,1000,0.10,900,3,35,1.0227,0.15,linear,35,976.00,1.030033
8736,1000,0.10,900,3,35,1.0130,0.15,linear,36,963.00,1.601830
8737,1000,0.10,900,3,35,1.0348,0.15,linear,37,967.00,0.677800
8738,1000,0.10,900,3,35,1.0389,0.15,linear,38,942.00,1.905037
8739,1000,0.10,900,3,35,0.9758,0.15,linear,39,987.00,1.036513
8740,1000,0.10,900,3,35,0.9994,0.15,linear,40,964.00,0.187131
8741,1000,0.10,900,3,35,1.0370,0.15,linear,41,963.00,0.548892
8742,1000,0.10,900,3,35,1.0109,0.15,linear,42,978.00,0.637936
8743,1000,0.10,900,3,35,1.0160,0.15,linear,43,939.00,1.013263
8744,1000,0.10,900,3,35,1.0575,0.15,linear,44,993.00,0.680653
8745,1000,0.10,900,3,35,1.0013,0.15,linear,45,975.00,1.866181
8746,1000,0.10,900,3,35,1.0239,0.15,linear,46,990.00,0.324452
8747,1000,0.10,900,3,35,0.9733,0.15,linear,47,996.00,1.701712
8748,1000,0.10,900,3,35,0.9951,0.15,linear,48,954.00,1.195690
8749,1000,0.10,900,3,35,1.0379,0.15,linear,49,941.00,0.632105
8750,1000,0.10,900,3,35,1.0359,0.15,linear,50,951.00,0.893324
8751,1000,0.10,900,3,35,1.0382,0.15,linear,51,952.00,0.584599
8752,1000,0.10,900,3,35,1.0903,0.15,linear,52,1002.00,0.602980
8753,1000,0.10,900,3,35,1.0024,0.15,linear,53,986.00,0.622390
8754,1000,0.10,900,3,35,0.9819,0.15,linear,54,972.00,0.132220
8755,1000,0.10,900,3,35,1.0517,0.15,linear,55,986.00,0.201643
8756,1000,0.10,900,3,35,1.0120,0.15,linear,56,966.00,1.393536
8757,1000,0.10,900,3,35,1.0484,0.15,linear,57,950.00,1.134102
8758,1000,0.10,900,3,35,1.0159,0.15,linear,58,991.00,0.997338
8759,1000,0.10,900,3,35,0.9968,0.15,linear,59,955.00,1.017621
8760,1000,0.10,900,3,35,1.0012,0.15,linear,60,982.00,1.163823
8761,1000,0.10,900,3,35,1.0392,0.15,linear,61,948.00,0.384518
8762,1000,0.10,900,3,35,0.9798,0.15,linear,62,990.00,2.294703
8763,1000,0.10,900,3,35,0.9935,0.15,linear,63,973.00,0.492658
8764,1000,0.10,900,3,35,1.0214,0.15,linear,64,1023.00,0.766899
8765,1000,0.10,900,3,35,1.0021,0.15,linear,65,983.00,1.447388
8766,1000,0.10,900,3,35,1.0560,0.15,linear,66,956.00,0.394616
8767,1000,0.10,900,3,35,1.0159,0.15,linear,67,981.00,0.169479
8768,1000,0.10,900,3,35,1.0493,0.15,linear,68,967.00,0.616117
8769,1000,0.10,900,3,35,1.0397,0.15,linear,69,982.00,0.522013
8770,1000,0.10,900,3,35,1.0272,0.15,linear,70,982.00,0.150334
8771,1000,0.10,900,3,35,1.0038,0.15,linear,71,984.00,1.287930
8772,1000,0.10,900,3,35,0.9996,0.15,linear,72,964.00,0.029886
8773,1000,0.10,900,3,35,1.0188,0.15,linear,73,1006.00,1.878299
8774,1000,0.10,900,3,35,1.0355,0.15,linear,74,971.00,0.690106
8775,1000,0.10,900,3,35,1.0062,0.15,linear,75,1012.00,0.455970
8776,1000,0.10,900,3,35,1.0376,0.15,linear,76,964.00,0.167805
8777,1000,0.10,900,3,35,1.0463,0.15,linear,77,947.00,0.620433
8778,1000,0.10,900,3,35,1.0438,0.15,linear,78,989.00,1.194536
8779,1000,0.10,900,3,35,1.0806,0.15,linear,79,1037.00,1.112438
8780,1000,0.10,900,3,35,1.0640,0.15,linear,80,983.00,2.038038
8781,1000,0.10,900,3,35,1.0356,0.15,linear,81,988.00,0.093737
8782,1000,0.10,900,3,35,0.9998,0.15,linear,82,977.00,0.173281
8783,1000,0.10,900,3,35,0.9836,0.15,linear,83,1007.00,0.332515
8784,1000,0.10,900,3,35,1.0608,0.15,linear,84,983.00,0.248481
8785,1000,0.10,900,3,35,1.0659,0.15,linear,85,956.00,0.702208
8786,1000,0.10,900,3,35,1.0503,0.15,linear,86,938.00,0.453497
8787,1000,0.10,900,3,35,1.0204,0.15,linear,87,1009.00,0.461149
8788,1000,0.10,900,3,35,1.0565,0.15,linear,88,953.00,0.385694
8789,1000,0.10,900,3,35,1.0251,0.15,linear,89,1018.00,0.404467
8790,1000,0.10,900,3,35,1.0179,0.15,linear,90,955.00,0.161788
8791,1000,0.10,900,3,35,1.0349,0.15,linear,91,939.00,1.458947
8792,1000,0.10,900,3,35,1.0166,0.15,linear,92,977.00,0.795710
8793,1000,0.10,900,3,35,1.0115,0.15,linear,93,1015.00,0.186791
8794,1000,0.10,900,3,35,0.9823,0.15,linear,94,978.00,1.069992
8795,1000,0.10,900,3,35,1.0301,0.15,linear,95,958.00,0.553836
8796,1000,0.10,900,3,35,1.0364,0.15,linear,96,1009.00,1.220020
8797,1000,0.10,900,3,35,0.9819,0.15,linear,97,1035.00,0.084526
8798,1000,0.10,900,3,35,0.9849,0.15,linear,98,986.00,0.267789
8799,1000,0.10,900,3,35,0.9978,0.15,linear,99,1006.00,0.332218
8800,1000,0.10,900,3,35,1.0339,0.20,linear,0,1014.00,1.319996
8801,1000,0.10,900,3,35,0.9890,0.20,linear,1,1010.00,0.955185
8802,1000,0.10,900,3,35,0.9929,0.20,linear,2,1010.00,1.644416
8803,1000,0.10,900,3,35,1.0207,0.20,linear,3,1033.00,0.106030
8804,1000,0.10,900,3,35,1.0256,0.20,linear,4,1019.00,1.564320
8805,1000,0.10,900,3,35,1.0454,0.20,linear,5,1009.00,0.422497
8806,1000,0.10,900,3,35,0.9829,0.20,linear,6,961.00,0.685678
8807,1000,0.10,900,3,35,1.0509,0.20,linear,7,985.00,1.046548
8808,1000,0.10,900,3,35,1.0505,0.20,linear,8,992.00,1.375340
8809,1000,0.10,900,3,35,0.9762,0.20,linear,9,995.00,0.942231
8810,1000,0.10,900,3,35,1.0368,0.20,linear,10,983.00,0.435791
8811,1000,0.10,900,3,35,1.0189,0.20,linear,11,971.00,0.384584
8812,1000,0.10,900,3,35,1.0167,0.20,linear,12,988.00,1.668278
8813,1000,0.10,900,3,35,0.9990,0.20,linear,13,993.00,1.721026
8814,1000,0.10,900,3,35,1.0371,0.20,linear,14,958.00,0.386037
8815,1000,0.10,900,3,35,1.0309,0.20,linear,15,967.00,0.452021
8816,1000,0.10,900,3,35,0.9931,0.20,linear,16,972.00,0.762475
8817,1000,0.10,900,3,35,1.0180,0.20,linear,17,956.00,0.148090
8818,1000,0.10,900,3,35,1.0291,0.20,linear,18,996.00,1.126110
8819,1000,0.10,900,3,35,1.0413,0.20,linear,19,982.00,0.298263
8820,1000,0.10,900,3,35,1.0111,0.20,linear,20,961.00,0.416335
8821,1000,0.10,900,3,35,1.0166,0.20,linear,21,947.00,0.978769
8822,1000,0.10,900,3,35,1.0103,0.20,linear,22,983.00,1.655151
8823,1000,0.10,900,3,35,1.0032,0.20,linear,23,924.00,1.315335
8824,1000,0.10,900,3,35,0.9926,0.20,linear,24,974.00,1.062487
8825,1000,0.10,900,3,35,1.0397,0.20,linear,25,994.00,0.782308
8826,1000,0.10,900,3,35,1.0083,0.20,linear,26,942.00,0.217354
8827,1000,0.10,900,3,35,0.9762,0.20,linear,27,947.00,0.911634
8828,1000,0.10,900,3,35,0.9909,0.20,linear,28,965.00,0.663694
8829,1000,0.10,900,3,35,1.0467,0.20,linear,29,959.00,0.702452
8830,1000,0.10,900,3,35,1.0594,0.20,linear,30,979.00,0.439625
8831,1000,0.10,900,3,35,1.0041,0.20,linear,31,983.00,0.139819
8832,1000,0.10,900,3,35,1.0222,0.20,linear,32,978.00,0.471091
8833,1000,0.10,900,3,35,1.0132,0.20,linear,33,958.00,1.288626
8834,1000,0.10,900,3,35,1.0045,0.20,linear,34,997.00,1.052817
8835,1000,0.10,900,3,35,1.0395,0.20,linear,35,954.00,0.666670
8836,1000,0.10,900,3,35,1.0336,0.20,linear,36,941.00,0.851983
8837,1000,0.10,900,3,35,1.0229,0.20,linear,37,972.00,0.757151
8838,1000,0.10,900,3,35,1.0287,0.20,linear,38,1019.00,1.272746
8839,1000,0.10,900,3,35,1.0488,0.20,linear,39,1004.00,0.959416
8840,1000,0.10,900,3,35,1.0195,0.20,linear,40,972.00,0.322262
8841,1000,0.10,900,3,35,1.0278,0.20,linear,41,984.00,1.392453
8842,1000,0.10,900,3,35,1.0517,0.20,linear,42,995.00,0.600906
8843,1000,0.10,900,3,35,1.0274,0.20,linear,43,1020.00,0.197578
8844,1000,0.10,900,3,35,1.0354,0.20,linear,44,967.00,0.647063
8845,1000,0.10,900,3,35,0.9809,0.20,linear,45,957.00,0.372662
8846,1000,0.10,900,3,35,1.0514,0.20,linear,46,963.00,0.733006
8847,1000,0.10,900,3,35,1.0020,0.20,linear,47,996.00,1.246616
8848,1000,0.10,900,3,35,1.0083,0.20,linear,48,998.00,0.091890
8849,1000,0.10,900,3,35,1.0077,0.20,linear,49,986.00,0.343525
8850,1000,0.10,900,3,35,1.0247,0.20,linear,50,1025.00,0.968221
8851,1000,0.10,900,3,35,1.0015,0.20,linear,51,979.00,0.379027
8852,1000,0.10,900,3,35,1.0514,0.20,linear,52,987.00,2.470481
8853,1000,0.10,900,3,35,1.0008,0.20,linear,53,985.00,0.428133
8854,1000,0.10,900,3,35,1.0134,0.20,linear,54,967.00,1.209379
8855,1000,0.10,900,3,35,1.0307,0.20,linear,55,950.00,0.995414
8856,1000,0.10,900,3,35,1.0280,0.20,linear,56,1026.00,1.044514
8857,1000,0.10,900,3,35,1.0350,0.20,linear,57,980.00,1.376971
8858,1000,0.10,900,3,35,0.9682,0.20,linear,58,969.00,0.162791
8859,1000,0.10,900,3,35,1.0434,0.20,linear,59,936.00,0.216085
8860,1000,0.10,900,3,35,1.0379,0.20,linear,60,970.00,0.560703
8861,1000,0.10,900,3,35,1.0210,0.20,linear,61,958.00,0.128528
8862,1000,0.10,900,3,35,1.0354,0.20,linear,62,993.00,0.938946
8863,1000,0.10,900,3,35,1.0242,0.20,linear,63,942.00,1.500355
8864,1000,0.10,900,3,35,0.9889,0.20,linear,64,952.00,0.859717
8865,1000,0.10,900,3,35,1.0175,0.20,linear,65,977.00,0.199290
8866,1000,0.10,900,3,35,1.0476,0.20,linear,66,946.00,1.026435
8867,1000,0.10,900,3,35,1.0029,0.20,linear,67,988.00,0.204381
8868,1000,0.10,900,3,35,0.9985,0.20,linear,68,983.00,0.264595
8869,1000,0.10,900,3,35,1.0145,0.20,linear,69,982.00,0.583338
8870,1000,0.10,900,3,35,1.0318,0.20,linear,70,944.00,0.368861
8871,1000,0.10,900,3,35,0.9887,0.20,linear,71,976.00,0.472672
8872,1000,0.10,900,3,35,1.0328,0.20,linear,72,987.00,1.033244
8873,1000,0.10,900,3,35,0.9888,0.20,linear,73,937.00,0.309214
8874,1000,0.10,900,3,35,1.0397,0.20,linear,74,980.00,1.192048
8875,1000,0.10,900,3,35,1.0256,0.20,linear,75,1020.00,1.315074
8876,1000,0.10,900,3,35,1.0302,0.20,linear,76,978.00,0.112139
8877,1000,0.10,900,3,35,1.0309,0.20,linear,77,994.00,0.411864
8878,1000,0.10,900,3,35,1.0122,0.20,linear,78,990.00,0.510854
8879,1000,0.10,900,3,35,1.0200,0.20,linear,79,1001.00,1.030842
8880,1000,0.10,900,3,35,1.0322,0.20,linear,80,995.00,0.268399
8881,1000,0.10,900,3,35,1.0278,0.20,linear,81,989.00,0.924059
8882,1000,0.10,900,3,35,1.0306,0.20,linear,82,973.00,0.992521
8883,1000,0.10,900,3,35,1.0522,0.20,linear,83,994.00,0.120320
8884,1000,0.10,900,3,35,1.0547,0.20,linear,84,982.00,0.365832
8885,1000,0.10,900,3,35,1.0675,0.20,linear,85,943.00,0.382163
8886,1000,0.10,900,3,35,1.0081,0.20,linear,86,976.00,0.286573
8887,1000,0.10,900,3,35,1.0346,0.20,linear,87,1018.00,1.328171
8888,1000,0.10,900,3,35,1.0163,0.20,linear,88,973.00,0.084387
8889,1000,0.10,900,3,35,0.9956,0.20,linear,89,1005.00,0.304808
8890,1000,0.10,900,3,35,1.0307,0.20,linear,90,1009.00,1.396243
8891,1000,0.10,900,3,35,1.0422,0.20,linear,91,998.00,0.167030
8892,1000,0.10,900,3,35,1.0360,0.20,linear,92,1025.00,0.888291
8893,1000,0.10,900,3,35,1.0072,0.20,linear,93,982.00,0.284110
8894,1000,0.10,900,3,35,1.0227,0.20,linear,94,1005.00,0.822928
8895,1000,0.10,900,3,35,1.0148,0.20,linear,95,1019.00,1.127571
8896,1000,0.10,900,3,35,0.9836,0.20,linear,96,981.00,0.581665
8897,1000,0.10,900,3,35,1.0288,0.20,linear,97,993.00,0.827101
8898,1000,0.10,900,3,35,1.0493,0.20,linear,98,1021.00,1.178531
8899,1000,0.10,900,3,35,1.0574,0.20,linear,99,1004.00,1.422051
8900,1000,0.10,900,3,35,1.0359,0.25,linear,0,1031.00,0.287695
8901,1000,0.10,900,3,35,1.0271,0.25,linear,1,996.00,0.589501
8902,1000,0.10,900,3,35,1.0601,0.25,linear,2,986.00,0.776378
8903,1000,0.10,900,3,35,1.0688,0.25,linear,3,984.00,0.322665
8904,1000,0.10,900,3,35,0.9927,0.25,linear,4,997.00,0.346912
8905,1000,0.10,900,3,35,1.0397,0.25,linear,5,994.00,0.564591
8906,1000,0.10,900,3,35,1.0258,0.25,linear,6,1001.00,0.133971
8907,1000,0.10,900,3,35,1.0381,0.25,linear,7,1004.00,0.991246
8908,1000,0.10,900,3,35,1.0322,0.25,linear,8,994.00,0.536957
8909,1000,0.10,900,3,35,0.9952,0.25,linear,9,1035.00,0.531621
8910,1000,0.10,900,3,35,1.0523,0.25,linear,10,969.00,0.951198
8911,1000,0.10,900,3,35,1.0079,0.25,linear,11,1001.00,1.343271
8912,1000,0.10,900,3,35,0.9914,0.25,linear,12,988.00,0.357437
8913,1000,0.10,900,3,35,1.0241,0.25,linear,13,1012.00,1.435500
8914,1000,0.10,900,3,35,1.0370,0.25,linear,14,964.00,0.665781
8915,1000,0.10,900,3,35,1.0790,0.25,linear,15,978.00,1.159503
8916,1000,0.10,900,3,35,1.0373,0.25,linear,16,998.00,2.342834
8917,1000,0.10,900,3,35,1.0621,0.25,linear,17,997.00,0.199180
8918,1000,0.10,900,3,35,1.0078,0.25,linear,18,984.00,0.313424
8919,1000,0.10,900,3,35,1.0803,0.25,linear,19,1010.00,0.421265
8920,1000,0.10,900,3,35,1.0007,0.25,linear,20,1023.00,0.734961
8921,1000,0.10,900,3,35,1.0511,0.25,linear,21,993.00,0.216740
8922,1000,0.10,900,3,35,1.0117,0.25,linear,22,974.00,0.505336
8923,1000,0.10,900,3,35,0.9895,0.25,linear,23,1007.00,0.323950
8924,1000,0.10,900,3,35,1.0023,0.25,linear,24,1026.00,1.603107
8925,1000,0.10,900,3,35,0.9463,0.25,linear,25,1025.00,0.318551
8926,1000,0.10,900,3,35,1.0559,0.25,linear,26,964.00,0.453869
8927,1000,0.10,900,3,35,0.9873,0.25,linear,27,985.00,0.305466
8928,1000,0.10,900,3,35,1.0239,0.25,linear,28,1007.00,0.502258
8929,1000,0.10,900,3,35,1.0176,0.25,linear,29,1015.00,0.214843
8930,1000,0.10,900,3,35,1.0021,0.25,linear,30,1021.00,1.357309
8931,1000,0.10,900,3,35,0.9831,0.25,linear,31,1006.00,4.206621
8932,1000,0.10,900,3,35,0.9936,0.25,linear,32,1040.00,0.348171
8933,1000,0.10,900,3,35,0.9977,0.25,linear,33,1032.00,0.494831
8934,1000,0.10,900,3,35,1.0421,0.25,linear,34,1064.00,0.082701
8935,1000,0.10,900,3,35,1.0096,0.25,linear,35,1016.00,0.360113
8936,1000,0.10,900,3,35,1.0081,0.25,linear,36,985.00,0.579547
8937,1000,0.10,900,3,35,1.0134,0.25,linear,37,1034.00,2.416446
8938,1000,0.10,900,3,35,1.0051,0.25,linear,38,986.00,0.648537
8939,1000,0.10,900,3,35,1.0455,0.25,linear,39,970.00,1.383700
8940,1000,0.10,900,3,35,1.0339,0.25,linear,40,1020.00,1.045096
8941,1000,0.10,900,3,35,1.0354,0.25,linear,41,975.00,0.930639
8942,1000,0.10,900,3,35,1.0383,0.25,linear,42,1006.00,0.136968
8943,1000,0.10,900,3,35,1.0276,0.25,linear,43,1339.00,0.538551
8944,1000,0.10,900,3,35,1.0465,0.25,linear,44,1539.00,0.217774
8945,1000,0.10,900,3,35,1.0574,0.25,linear,45,1301.00,0.320776
8946,1000,0.10,900,3,35,1.0281,0.25,linear,46,1583.00,0.059952
8947,1000,0.10,900,3,35,1.0140,0.25,linear,47,1012.00,2.523892
8948,1000,0.10,900,3,35,0.9977,0.25,linear,48,1631.00,1.538615
8949,1000,0.10,900,3,35,1.0430,0.25,linear,49,1160.00,1.181269
8950,1000,0.10,900,3,35,1.0659,0.25,linear,50,976.00,0.462389
8951,1000,0.10,900,3,35,1.0286,0.25,linear,51,1017.00,1.308024
8952,1000,0.10,900,3,35,1.0194,0.25,linear,52,964.00,0.531338
8953,1000,0.10,900,3,35,1.0485,0.25,linear,53,1038.00,0.180509
8954,1000,0.10,900,3,35,0.9762,0.25,linear,54,1002.00,1.146709
8955,1000,0.10,900,3,35,1.0086,0.25,linear,55,998.00,0.148872
8956,1000,0.10,900,3,35,1.0213,0.25,linear,56,1031.00,0.802896
8957,1000,0.10,900,3,35,1.0645,0.25,linear,57,1063.00,0.160582
8958,1000,0.10,900,3,35,1.0101,0.25,linear,58,1009.00,0.185090
8959,1000,0.10,900,3,35,1.0660,0.25,linear,59,1037.00,0.744254
8960,1000,0.10,900,3,35,1.0160,0.25,linear,60,1002.00,0.453857
8961,1000,0.10,900,3,35,1.0296,0.25,linear,61,1068.00,0.203470
8962,1000,0.10,900,3,35,1.0243,0.25,linear,62,1045.00,0.650937
8963,1000,0.10,900,3,35,1.0505,0.25,linear,63,948.00,0.143193
8964,1000,0.10,900,3,35,1.0126,0.25,linear,64,977.00,0.970442
8965,1000,0.10,900,3,35,1.0469,0.25,linear,65,1051.00,0.191071
8966,1000,0.10,900,3,35,1.0034,0.25,linear,66,1096.00,0.147698
8967,1000,0.10,900,3,35,1.0438,0.25,linear,67,1075.00,0.965640
8968,1000,0.10,900,3,35,1.0835,0.25,linear,68,1102.00,0.572235
8969,1000,0.10,900,3,35,1.0352,0.25,linear,69,1069.00,0.541755
8970,1000,0.10,900,3,35,1.0523,0.25,linear,70,1064.00,0.638964
8971,1000,0.10,900,3,35,1.0304,0.25,linear,71,1085.00,0.659301
8972,1000,0.10,900,3,35,1.0532,0.25,linear,72,1081.00,0.969117
8973,1000,0.10,900,3,35,1.0508,0.25,linear,73,1050.00,0.262888
8974,1000,0.10,900,3,35,1.0432,0.25,linear,74,1125.00,0.297891
8975,1000,0.10,900,3,35,1.0504,0.25,linear,75,1152.00,0.788260
8976,1000,0.10,900,3,35,1.0404,0.25,linear,76,1184.00,0.830495
8977,1000,0.10,900,3,35,1.0255,0.25,linear,77,1143.00,0.569597
8978,1000,0.10,900,3,35,1.0073,0.25,linear,78,1118.00,0.237688
8979,1000,0.10,900,3,35,0.9795,0.25,linear,79,1144.00,2.818164
8980,1000,0.10,900,3,35,1.0278,0.25,linear,80,1137.00,2.011430
8981,1000,0.10,900,3,35,1.0018,0.25,linear,81,1118.00,0.077526
8982,1000,0.10,900,3,35,1.0573,0.25,linear,82,1122.00,1.294180
8983,1000,0.10,900,3,35,1.0111,0.25,linear,83,1081.00,1.427152
8984,1000,0.10,900,3,35,1.0326,0.25,linear,84,1060.00,0.533336
8985,1000,0.10,900,3,35,1.0153,0.25,linear,85,967.00,0.273276
8986,1000,0.10,900,3,35,0.9977,0.25,linear,86,1022.00,0.555334
8987,1000,0.10,900,3,35,1.0629,0.25,linear,87,1037.00,0.578060
8988,1000,0.10,900,3,35,1.0246,0.25,linear,88,989.00,0.341331
8989,1000,0.10,900,3,35,1.0378,0.25,linear,89,1013.00,1.910769
8990,1000,0.10,900,3,35,1.0258,0.25,linear,90,1019.00,0.448536
8991,1000,0.10,900,3,35,1.0119,0.25,linear,91,1030.00,0.794998
8992,1000,0.10,900,3,35,1.0391,0.25,linear,92,1034.00,1.509538
8993,1000,0.10,900,3,35,1.0438,0.25,linear,93,1003.00,0.970104
8994,1000,0.10,900,3,35,1.0431,0.25,linear,94,1011.00,0.670893
8995,1000,0.10,900,3,35,1.0815,0.25,linear,95,1011.00,0.589083
8996,1000,0.10,900,3,35,1.0452,0.25,linear,96,1035.00,1.922163
8997,1000,0.10,900,3,35,1.0175,0.25,linear,97,1001.00,0.157325
8998,1000,0.10,900,3,35,1.0393,0.25,linear,98,992.00,0.113636
8999,1000,0.10,900,3,35,1.0364,0.25,linear,99,991.00,0.588303
9000,1000,0.10,900,3,35,1.0164,0.30,linear,0,1018.00,0.247526
9001,1000,0.10,900,3,35,0.9796,0.30,linear,1,972.00,0.349877
9002,1000,0.10,900,3,35,1.0120,0.30,linear,2,995.00,0.376740
9003,1000,0.10,900,3,35,1.0633,0.30,linear,3,996.00,0.361451
9004,1000,0.10,900,3,35,0.9937,0.30,linear,4,981.00,1.248414
9005,1000,0.10,900,3,35,1.0523,0.30,linear,5,1000.00,0.975482
9006,1000,0.10,900,3,35,1.0173,0.30,linear,6,1007.00,1.594671
9007,1000,0.10,900,3,35,1.0296,0.30,linear,7,1035.00,0.331402
9008,1000,0.10,900,3,35,1.0297,0.30,linear,8,1091.00,0.923723
9009,1000,0.10,900,3,35,1.0534,0.30,linear,9,1026.00,0.302492
9010,1000,0.10,900,3,35,1.0309,0.30,linear,10,993.00,0.635939
9011,1000,0.10,900,3,35,1.0549,0.30,linear,11,1017.00,0.457293
9012,1000,0.10,900,3,35,1.0057,0.30,linear,12,1029.00,0.580305
9013,1000,0.10,900,3,35,1.0329,0.30,linear,13,1027.00,0.763980
9014,1000,0.10,900,3,35,1.0450,0.30,linear,14,1018.00,0.152681
9015,1000,0.10,900,3,35,1.0097,0.30,linear,15,1022.00,0.560272
9016,1000,0.10,900,3,35,0.9913,0.30,linear,16,980.00,0.864602
9017,1000,0.10,900,3,35,1.0501,0.30,linear,17,993.00,0.834976
9018,1000,0.10,900,3,35,1.0433,0.30,linear,18,1019.00,1.865402
9019,1000,0.10,900,3,35,1.0173,0.30,linear,19,980.00,0.158625
9020,1000,0.10,900,3,35,1.0801,0.30,linear,20,1018.00,2.104852
9021,1000,0.10,900,3,35,1.0376,0.30,linear,21,976.00,0.252868
9022,1000,0.10,900,3,35,1.0055,0.30,linear,22,1029.00,1.695959
9023,1000,0.10,900,3,35,0.9851,0.30,linear,23,1012.00,0.551699
9024,1000,0.10,900,3,35,1.0156,0.30,linear,24,969.00,0.195148
9025,1000,0.10,900,3,35,1.0532,0.30,linear,25,1018.00,2.809753
9026,1000,0.10,900,3,35,1.0561,0.30,linear,26,988.00,0.237324
9027,1000,0.10,900,3,35,1.0372,0.30,linear,27,1040.00,0.409768
9028,1000,0.10,900,3,35,1.0395,0.30,linear,28,986.00,0.975872
9029,1000,0.10,900,3,35,1.0274,0.30,linear,29,972.00,0.596920
9030,1000,0.10,900,3,35,1.0309,0.30,linear,30,997.00,0.663146
9031,1000,0.10,900,3,35,1.0300,0.30,linear,31,1001.00,0.518472
9032,1000,0.10,900,3,35,1.0204,0.30,linear,32,989.00,0.623246
9033,1000,0.10,900,3,35,1.0729,0.30,linear,33,1006.00,0.322639
9034,1000,0.10,900,3,35,1.0343,0.30,linear,34,1032.00,1.457288
9035,1000,0.10,900,3,35,1.0161,0.30,linear,35,1050.00,0.606219
9036,1000,0.10,900,3,35,1.0152,0.30,linear,36,1069.00,0.212792
9037,1000,0.10,900,3,35,1.0119,0.30,linear,37,1005.00,0.231609
9038,1000,0.10,900,3,35,1.0406,0.30,linear,38,1033.00,1.134522
9039,1000,0.10,900,3,35,1.0349,0.30,linear,39,1005.00,1.399305
9040,1000,0.10,900,3,35,1.0290,0.30,linear,40,1052.00,0.648993
9041,1000,0.10,900,3,35,1.0222,0.30,linear,41,1038.00,2.127742
9042,1000,0.10,900,3,35,1.0099,0.30,linear,42,1044.00,1.908578
9043,1000,0.10,900,3,35,0.9900,0.30,linear,43,1007.00,0.710207
9044,1000,0.10,900,3,35,1.0421,0.30,linear,44,1017.00,0.165382
9045,1000,0.10,900,3,35,1.0271,0.30,linear,45,1007.00,0.064158
9046,1000,0.10,900,3,35,1.0467,0.30,linear,46,1071.00,0.467297
9047,1000,0.10,900,3,35,1.0696,0.30,linear,47,1006.00,0.698576
9048,1000,0.10,900,3,35,1.0266,0.30,linear,48,1024.00,0.294644
9049,1000,0.10,900,3,35,1.0024,0.30,linear,49,1053.00,0.863379
9050,1000,0.10,900,3,35,1.0064,0.30,linear,50,1037.00,0.218822
9051,1000,0.10,900,3,35,1.0598,0.30,linear,51,1068.00,1.461130
9052,1000,0.10,900,3,35,1.0408,0.30,linear,52,1019.00,0.659966
9053,1000,0.10,900,3,35,1.0622,0.30,linear,53,998.00,0.887244
9054,1000,0.10,900,3,35,1.0752,0.30,linear,54,967.00,1.534641
9055,1000,0.10,900,3,35,1.0361,0.30,linear,55,997.00,0.118281
9056,1000,0.10,900,3,35,1.0278,0.30,linear,56,1004.00,1.299101
9057,1000,0.10,900,3,35,1.1007,0.30,linear,57,986.00,0.274392
9058,1000,0.10,900,3,35,0.9545,0.30,linear,58,997.00,0.642008
9059,1000,0.10,900,3,35,1.0198,0.30,linear,59,1032.00,1.302739
9060,1000,0.10,900,3,35,1.0294,0.30,linear,60,980.00,1.389781
9061,1000,0.10,900,3,35,1.0851,0.30,linear,61,1041.00,1.453053
9062,1000,0.10,900,3,35,1.0309,0.30,linear,62,1004.00,0.481798
9063,1000,0.10,900,3,35,1.0389,0.30,linear,63,1008.00,1.086943
9064,1000,0.10,900,3,35,1.0705,0.30,linear,64,1003.00,0.025949
9065,1000,0.10,900,3,35,1.0297,0.30,linear,65,987.00,0.314947
9066,1000,0.10,900,3,35,1.0014,0.30,linear,66,982.00,0.201212
9067,1000,0.10,900,3,35,1.0422,0.30,linear,67,959.00,0.290909
9068,1000,0.10,900,3,35,1.0435,0.30,linear,68,928.00,0.346825
9069,1000,0.10,900,3,35,1.0731,0.30,linear,69,989.00,0.275368
9070,1000,0.10,900,3,35,1.0444,0.30,linear,70,1031.00,2.121631
9071,1000,0.10,900,3,35,1.0847,0.30,linear,71,957.00,1.675693
9072,1000,0.10,900,3,35,1.0392,0.30,linear,72,980.00,0.321393
9073,1000,0.10,900,3,35,1.0585,0.30,linear,73,957.00,1.186418
9074,1000,0.10,900,3,35,1.1153,0.30,linear,74,992.00,0.524937
9075,1000,0.10,900,3,35,1.0482,0.30,linear,75,992.00,0.899696
9076,1000,0.10,900,3,35,0.9956,0.30,linear,76,1020.00,1.018275
9077,1000,0.10,900,3,35,1.0260,0.30,linear,77,994.00,0.747607
9078,1000,0.10,900,3,35,1.0415,0.30,linear,78,986.00,3.289664
9079,1000,0.10,900,3,35,1.0425,0.30,linear,79,1010.00,0.175578
9080,1000,0.10,900,3,35,1.0427,0.30,linear,80,979.00,2.118491
9081,1000,0.10,900,3,35,1.0932,0.30,linear,81,1024.00,0.573619
9082,1000,0.10,900,3,35,1.0523,0.30,linear,82,976.00,1.265098
9083,1000,0.10,900,3,35,1.0164,0.30,linear,83,996.00,1.075046
9084,1000,0.10,900,3,35,1.0438,0.30,linear,84,978.00,0.370066
9085,1000,0.10,900,3,35,1.0208,0.30,linear,85,983.00,0.354733
9086,1000,0.10,900,3,35,1.1128,0.30,linear,86,1020.00,2.728767
9087,1000,0.10,900,3,35,1.0199,0.30,linear,87,963.00,1.435975
9088,1000,0.10,900,3,35,1.0245,0.30,linear,88,1009.00,0.531275
9089,1000,0.10,900,3,35,1.0268,0.30,linear,89,1047.00,0.965762
9090,1000,0.10,900,3,35,1.0960,0.30,linear,90,1002.00,0.196551
9091,1000,0.10,900,3,35,1.0349,0.30,linear,91,1049.00,0.563390
9092,1000,0.10,900,3,35,1.0855,0.30,linear,92,1041.00,0.139545
9093,1000,0.10,900,3,35,0.9694,0.30,linear,93,989.00,0.173430
9094,1000,0.10,900,3,35,1.0217,0.30,linear,94,1037.00,0.719750
9095,1000,0.10,900,3,35,0.9867,0.30,linear,95,1009.00,0.207276
9096,1000,0.10,900,3,35,1.0477,0.30,linear,96,1026.00,1.202442
9097,1000,0.10,900,3,35,1.0657,0.30,linear,97,1028.00,1.120157
9098,1000,0.10,900,3,35,1.0660,0.30,linear,98,1026.00,1.212013
9099,1000,0.10,900,3,35,1.0569,0.30,linear,99,1020.00,1.405603
9100,1000,0.10,900,3,35,0.9881,0.35,linear,0,1042.00,0.695715
9101,1000,0.10,900,3,35,1.0060,0.35,linear,1,1022.00,0.478726
9102,1000,0.10,900,3,35,1.0289,0.35,linear,2,1006.00,0.953310
9103,1000,0.10,900,3,35,1.0042,0.35,linear,3,1063.00,0.281223
9104,1000,0.10,900,3,35,1.0928,0.35,linear,4,1038.00,1.009050
9105,1000,0.10,900,3,35,1.0362,0.35,linear,5,1072.00,0.248381
9106,1000,0.10,900,3,35,1.0236,0.35,linear,6,1026.00,0.298913
9107,1000,0.10,900,3,35,1.0126,0.35,linear,7,985.00,0.819863
9108,1000,0.10,900,3,35,1.0538,0.35,linear,8,951.00,1.977411
9109,1000,0.10,900,3,35,1.0303,0.35,linear,9,999.00,0.289088
9110,1000,0.10,900,3,35,1.0647,0.35,linear,10,941.00,0.922579
9111,1000,0.10,900,3,35,1.0326,0.35,linear,11,1003.00,0.337987
9112,1000,0.10,900,3,35,1.0547,0.35,linear,12,967.00,0.408999
9113,1000,0.10,900,3,35,1.0262,0.35,linear,13,988.00,0.075594
9114,1000,0.10,900,3,35,1.0374,0.35,linear,14,974.00,1.413243
9115,1000,0.10,900,3,35,1.0425,0.35,linear,15,999.00,1.182179
9116,1000,0.10,900,3,35,1.0230,0.35,linear,16,967.00,0.192142
9117,1000,0.10,900,3,35,1.0683,0.35,linear,17,1023.00,0.200098
9118,1000,0.10,900,3,35,1.0109,0.35,linear,18,1003.00,0.651750
9119,1000,0.10,900,3,35,1.0527,0.35,linear,19,1033.00,0.316914
9120,1000,0.10,900,3,35,1.0199,0.35,linear,20,1020.00,0.979216
9121,1000,0.10,900,3,35,1.0647,0.35,linear,21,1025.00,0.448322
9122,1000,0.10,900,3,35,0.9824,0.35,linear,22,1030.00,1.357179
9123,1000,0.10,900,3,35,1.0323,0.35,linear,23,1015.00,1.132869
9124,1000,0.10,900,3,35,1.0283,0.35,linear,24,1014.00,1.582124
9125,1000,0.10,900,3,35,1.0591,0.35,linear,25,1007.00,0.906701
9126,1000,0.10,900,3,35,1.0416,0.35,linear,26,976.00,0.430973
9127,1000,0.10,900,3,35,1.0308,0.35,linear,27,999.00,0.345443
9128,1000,0.10,900,3,35,1.0387,0.35,linear,28,964.00,0.515616
9129,1000,0.10,900,3,35,1.0495,0.35,linear,29,971.00,0.464927
9130,1000,0.10,900,3,35,1.0408,0.35,linear,30,990.00,0.696119
9131,1000,0.10,900,3,35,1.0537,0.35,linear,31,997.00,0.409968
9132,1000,0.10,900,3,35,1.0944,0.35,linear,32,982.00,0.313825
9133,1000,0.10,900,3,35,1.0227,0.35,linear,33,986.00,0.240165
9134,1000,0.10,900,3,35,1.0267,0.35,linear,34,970.00,1.834987
9135,1000,0.10,900,3,35,1.0283,0.35,linear,35,1011.00,0.535842
9136,1000,0.10,900,3,35,1.0010,0.35,linear,36,1002.00,0.781380
9137,1000,0.10,900,3,35,1.0525,0.35,linear,37,956.00,0.173993
9138,1000,0.10,900,3,35,1.0344,0.35,linear,38,1012.00,0.647487
9139,1000,0.10,900,3,35,0.9851,0.35,linear,39,1003.00,0.478506
9140,1000,0.10,900,3,35,1.0693,0.35,linear,40,992.00,2.154606
9141,1000,0.10,900,3,35,0.9898,0.35,linear,41,979.00,0.816452
9142,1000,0.10,900,3,35,1.0077,0.35,linear,42,1004.00,0.187068
9143,1000,0.10,900,3,35,1.0021,0.35,linear,43,1034.00,0.339189
9144,1000,0.10,900,3,35,1.0225,0.35,linear,44,983.00,0.951146
9145,1000,0.10,900,3,35,1.0321,0.35,linear,45,1002.00,0.241030
9146,1000,0.10,900,3,35,1.0117,0.35,linear,46,993.00,0.352115
9147,1000,0.10,900,3,35,1.0682,0.35,linear,47,1013.00,0.510338
9148,1000,0.10,900,3,35,1.0173,0.35,linear,48,1021.00,1.036465
9149,1000,0.10,900,3,35,1.0043,0.35,linear,49,998.00,0.354135
9150,1000,0.10,900,3,35,1.0498,0.35,linear,50,992.00,1.195199
9151,1000,0.10,900,3,35,1.0226,0.35,linear,51,1010.00,0.163466
9152,1000,0.10,900,3,35,0.9886,0.35,linear,52,1019.00,0.288355
9153,1000,0.10,900,3,35,1.0721,0.35,linear,53,996.00,0.394690
9154,1000,0.10,900,3,35,1.0128,0.35,linear,54,978.00,0.089247
9155,1000,0.10,900,3,35,1.0634,0.35,linear,55,1023.00,0.474936
9156,1000,0.10,900,3,35,1.0555,0.35,linear,56,993.00,0.549625
9157,1000,0.10,900,3,35,1.0088,0.35,linear,57,991.00,1.079462
9158,1000,0.10,900,3,35,0.9934,0.35,linear,58,978.00,0.535439
9159,1000,0.10,900,3,35,1.0318,0.35,linear,59,1037.00,1.019141
9160,1000,0.10,900,3,35,1.0927,0.35,linear,60,995.00,0.562847
9161,1000,0.10,900,3,35,1.0539,0.35,linear,61,995.00,0.367249
9162,1000,0.10,900,3,35,1.0200,0.35,linear,62,978.00,0.799185
9163,1000,0.10,900,3,35,1.0140,0.35,linear,63,966.00,0.771539
9164,1000,0.10,900,3,35,1.0683,0.35,linear,64,1005.00,0.575467
9165,1000,0.10,900,3,35,1.0344,0.35,linear,65,1013.00,1.077916
9166,1000,0.10,900,3,35,1.0075,0.35,linear,66,993.00,0.439624
9167,1000,0.10,900,3,35,1.0120,0.35,linear,67,998.00,1.059906
9168,1000,0.10,900,3,35,1.0193,0.35,linear,68,991.00,1.715534
9169,1000,0.10,900,3,35,1.0663,0.35,linear,69,1012.00,0.520295
9170,1000,0.10,900,3,35,1.0166,0.35,linear,70,992.00,0.384932
9171,1000,0.10,900,3,35,0.9977,0.35,linear,71,1003.00,0.479395
9172,1000,0.10,900,3,35,1.0405,0.35,linear,72,994.00,0.212348
9173,1000,0.10,900,3,35,1.0440,0.35,linear,73,1006.00,0.054090
9174,1000,0.10,900,3,35,1.0420,0.35,linear,74,983.00,0.654981
9175,1000,0.10,900,3,35,1.0099,0.35,linear,75,1000.00,1.440555
9176,1000,0.10,900,3,35,1.0097,0.35,linear,76,1004.00,0.949367
9177,1000,0.10,900,3,35,1.0359,0.35,linear,77,976.00,0.192708
9178,1000,0.10,900,3,35,1.0417,0.35,linear,78,1020.00,0.787057
9179,1000,0.10,900,3,35,1.0673,0.35,linear,79,1017.00,0.467528
9180,1000,0.10,900,3,35,1.0064,0.35,linear,80,1050.00,3.200389
9181,1000,0.10,900,3,35,1.0498,0.35,linear,81,1024.00,0.658644
9182,1000,0.10,900,3,35,1.0540,0.35,linear,82,999.00,0.217547
9183,1000,0.10,900,3,35,1.0421,0.35,linear,83,1041.00,0.545863
9184,1000,0.10,900,3,35,1.0225,0.35,linear,84,1028.00,0.239833
9185,1000,0.10,900,3,35,1.0001,0.35,linear,85,1026.00,1.158025
9186,1000,0.10,900,3,35,1.0319,0.35,linear,86,1034.00,0.326219
9187,1000,0.10,900,3,35,1.0590,0.35,linear,87,1010.00,0.898993
9188,1000,0.10,900,3,35,1.0617,0.35,linear,88,967.00,0.420682
9189,1000,0.10,900,3,35,1.0315,0.35,linear,89,1017.00,0.531642
9190,1000,0.10,900,3,35,1.0339,0.35,linear,90,984.00,0.447707
9191,1000,0.10,900,3,35,1.0450,0.35,linear,91,1019.00,0.378716
9192,1000,0.10,900,3,35,1.0479,0.35,linear,92,1031.00,0.679942
9193,1000,0.10,900,3,35,1.0527,0.35,linear,93,1013.00,1.255190
9194,1000,0.10,900,3,35,1.0398,0.35,linear,94,1008.00,1.071505
9195,1000,0.10,900,3,35,1.0214,0.35,linear,95,969.00,1.296221
9196,1000,0.10,900,3,35,1.0622,0.35,linear,96,1020.00,1.540238
9197,1000,0.10,900,3,35,1.0893,0.35,linear,97,1032.00,0.752784
9198,1000,0.10,900,3,35,0.9983,0.35,linear,98,999.00,0.901888
9199,1000,0.10,900,3,35,0.9804,0.35,linear,99,983.00,0.879884
9200,1000,0.10,900,3,35,1.0351,0.40,linear,0,1041.00,0.439774
9201,1000,0.10,900,3,35,1.0317,0.40,linear,1,992.00,1.097865
9202,1000,0.10,900,3,35,1.0546,0.40,linear,2,1021.00,1.393923
9203,1000,0.10,900,3,35,0.9876,0.40,linear,3,987.00,0.749176
9204,1000,0.10,900,3,35,1.0266,0.40,linear,4,1019.00,0.699672
9205,1000,0.10,900,3,35,1.0279,0.40,linear,5,1009.00,0.503977
9206,1000,0.10,900,3,35,1.0834,0.40,linear,6,998.00,0.738772
9207,1000,0.10,900,3,35,1.0245,0.40,linear,7,1020.00,0.786023
9208,1000,0.10,900,3,35,1.0077,0.40,linear,8,1001.00,0.353038
9209,1000,0.10,900,3,35,1.0614,0.40,linear,9,999.00,1.431375
9210,1000,0.10,900,3,35,1.0284,0.40,linear,10,989.00,0.165366
9211,1000,0.10,900,3,35,1.0519,0.40,linear,11,1015.00,1.362685
9212,1000,0.10,900,3,35,0.9821,0.40,linear,12,1007.00,0.606149
9213,1000,0.10,900,3,35,1.0878,0.40,linear,13,1002.00,0.720118
9214,1000,0.10,900,3,35,1.0811,0.40,linear,14,985.00,0.686214
9215,1000,0.10,900,3,35,1.0413,0.40,linear,15,975.00,0.424734
9216,1000,0.10,900,3,35,0.9982,0.40,linear,16,976.00,0.852837
9217,1000,0.10,900,3,35,1.0353,0.40,linear,17,996.00,1.188161
9218,1000,0.10,900,3,35,0.9877,0.40,linear,18,1004.00,0.744048
9219,1000,0.10,900,3,35,1.0077,0.40,linear,19,1000.00,1.616008
9220,1000,0.10,900,3,35,1.0310,0.40,linear,20,1026.00,0.565243
9221,1000,0.10,900,3,35,1.0758,0.40,linear,21,978.00,0.438017
9222,1000,0.10,900,3,35,1.0149,0.40,linear,22,996.00,0.281500
9223,1000,0.10,900,3,35,1.0568,0.40,linear,23,1017.00,1.033123
9224,1000,0.10,900,3,35,0.9779,0.40,linear,24,990.00,0.680567
9225,1000,0.10,900,3,35,1.0072,0.40,linear,25,1058.00,0.224359
9226,1000,0.10,900,3,35,1.0248,0.40,linear,26,992.00,0.636609
9227,1000,0.10,900,3,35,1.0370,0.40,linear,27,991.00,1.049086
9228,1000,0.10,900,3,35,1.0397,0.40,linear,28,975.00,0.361204
9229,1000,0.10,900,3,35,1.0497,0.40,linear,29,989.00,0.382225
9230,1000,0.10,900,3,35,1.0130,0.40,linear,30,1013.00,1.391607
9231,1000,0.10,900,3,35,1.0425,0.40,linear,31,1021.00,0.486059
9232,1000,0.10,900,3,35,0.9791,0.40,linear,32,966.00,0.786025
9233,1000,0.10,900,3,35,1.0354,0.40,linear,33,1027.00,0.214993
9234,1000,0.10,900,3,35,1.0241,0.40,linear,34,986.00,0.531199
9235,1000,0.10,900,3,35,1.0106,0.40,linear,35,984.00,1.065582
9236,1000,0.10,900,3,35,1.0209,0.40,linear,36,1002.00,1.167345
9237,1000,0.10,900,3,35,1.0192,0.40,linear,37,978.00,0.730453
9238,1000,0.10,900,3,35,1.0429,0.40,linear,38,1027.00,1.118018
9239,1000,0.10,900,3,35,1.0428,0.40,linear,39,997.00,0.178546
9240,1000,0.10,900,3,35,1.0853,0.40,linear,40,1022.00,0.352078
9241,1000,0.10,900,3,35,1.0613,0.40,linear,41,965.00,0.142185
9242,1000,0.10,900,3,35,1.0489,0.40,linear,42,1001.00,1.157697
9243,1000,0.10,900,3,35,0.9994,0.40,linear,43,1012.00,1.063599
9244,1000,0.10,900,3,35,0.9958,0.40,linear,44,986.00,1.529153
9245,1000,0.10,900,3,35,1.0342,0.40,linear,45,997.00,0.843381
9246,1000,0.10,900,3,35,1.0065,0.40,linear,46,961.00,0.196811
9247,1000,0.10,900,3,35,1.0013,0.40,linear,47,982.00,0.765242
9248,1000,0.10,900,3,35,1.0380,0.40,linear,48,997.00,1.644801
9249,1000,0.10,900,3,35,1.0111,0.40,linear,49,1050.00,0.289116
9250,1000,0.10,900,3,35,1.0613,0.40,linear,50,968.00,0.265701
9251,1000,0.10,900,3,35,1.0304,0.40,linear,51,1020.00,2.919164
9252,1000,0.10,900,3,35,1.0738,0.40,linear,52,1046.00,1.471796
9253,1000,0.10,900,3,35,1.0412,0.40,linear,53,991.00,0.402283
9254,1000,0.10,900,3,35,1.0052,0.40,linear,54,992.00,0.746538
9255,1000,0.10,900,3,35,1.0910,0.40,linear,55,1029.00,0.324829
9256,1000,0.10,900,3,35,1.0355,0.40,linear,56,976.00,0.442801
9257,1000,0.10,900,3,35,0.9932,0.40,linear,57,990.00,1.116279
9258,1000,0.10,900,3,35,1.0558,0.40,linear,58,976.00,0.910549
9259,1000,0.10,900,3,35,1.0700,0.40,linear,59,1013.00,1.126754
9260,1000,0.10,900,3,35,1.0411,0.40,linear,60,1018.00,0.296052
9261,1000,0.10,900,3,35,1.0288,0.40,linear,61,963.00,1.200724
9262,1000,0.10,900,3,35,1.0135,0.40,linear,62,995.00,0.915628
9263,1000,0.10,900,3,35,1.0625,0.40,linear,63,1054.00,0.611449
9264,1000,0.10,900,3,35,1.0418,0.40,linear,64,993.00,0.627484
9265,1000,0.10,900,3,35,1.0373,0.40,linear,65,1015.00,0.837321
9266,1000,0.10,900,3,35,1.0713,0.40,linear,66,1006.00,1.472619
9267,1000,0.10,900,3,35,1.0269,0.40,linear,67,994.00,1.593814
9268,1000,0.10,900,3,35,1.0555,0.40,linear,68,1008.00,0.609687
9269,1000,0.10,900,3,35,1.0236,0.40,linear,69,996.00,0.459596
9270,1000,0.10,900,3,35,1.0038,0.40,linear,70,1000.00,1.585062
9271,1000,0.10,900,3,35,0.9920,0.40,linear,71,1003.00,0.339727
9272,1000,0.10,900,3,35,1.0315,0.40,linear,72,1036.00,1.107979
9273,1000,0.10,900,3,35,1.0245,0.40,linear,73,997.00,0.635178
9274,1000,0.10,900,3,35,1.0080,0.40,linear,74,988.00,2.117828
9275,1000,0.10,900,3,35,1.1022,0.40,linear,75,1007.00,1.618038
9276,1000,0.10,900,3,35,1.0942,0.40,linear,76,997.00,0.198781
9277,1000,0.10,900,3,35,1.0892,0.40,linear,77,1005.00,2.054726
9278,1000,0.10,900,3,35,0.9881,0.40,linear,78,981.00,0.427637
9279,1000,0.10,900,3,35,0.9966,0.40,linear,79,1000.00,1.060632
9280,1000,0.10,900,3,35,1.0561,0.40,linear,80,967.00,0.202221
9281,1000,0.10,900,3,35,1.0416,0.40,linear,81,989.00,0.660134
9282,1000,0.10,900,3,35,1.1083,0.40,linear,82,997.00,0.700292
9283,1000,0.10,900,3,35,1.0476,0.40,linear,83,1002.00,0.848192
9284,1000,0.10,900,3,35,1.0701,0.40,linear,84,1003.00,0.540361
9285,1000,0.10,900,3,35,0.9551,0.40,linear,85,1031.00,1.270700
9286,1000,0.10,900,3,35,1.0029,0.40,linear,86,983.00,0.539177
9287,1000,0.10,900,3,35,1.0597,0.40,linear,87,1036.00,0.768517
9288,1000,0.10,900,3,35,1.0223,0.40,linear,88,1016.00,0.150493
9289,1000,0.10,900,3,35,1.0505,0.40,linear,89,1009.00,1.434528
9290,1000,0.10,900,3,35,1.0623,0.40,linear,90,985.00,0.690229
9291,1000,0.10,900,3,35,1.0010,0.40,linear,91,1007.00,0.922184
9292,1000,0.10,900,3,35,1.0383,0.40,linear,92,1036.00,0.127931
9293,1000,0.10,900,3,35,1.0839,0.40,linear,93,987.00,0.812844
9294,1000,0.10,900,3,35,1.0216,0.40,linear,94,960.00,1.644225
9295,1000,0.10,900,3,35,1.0668,0.40,linear,95,1027.00,0.425550
9296,1000,0.10,900,3,35,1.0137,0.40,linear,96,1000.00,0.930258
9297,1000,0.10,900,3,35,1.0662,0.40,linear,97,999.00,0.092050
9298,1000,0.10,900,3,35,1.0506,0.40,linear,98,1004.00,0.236490
9299,1000,0.10,900,3,35,1.0250,0.40,linear,99,993.00,1.487324
9300,1000,0.10,900,3,35,1.0122,0.45,linear,0,1025.00,0.819403
9301,1000,0.10,900,3,35,1.0473,0.45,linear,1,1001.00,2.441307
9302,1000,0.10,900,3,35,1.0539,0.45,linear,2,1043.00,0.671822
9303,1000,0.10,900,3,35,1.0589,0.45,linear,3,1041.00,0.165000
9304,1000,0.10,900,3,35,1.0330,0.45,linear,4,1035.00,0.622642
9305,1000,0.10,900,3,35,1.0693,0.45,linear,5,988.00,0.635633
9306,1000,0.10,900,3,35,1.0156,0.45,linear,6,1003.00,1.935214
9307,1000,0.10,900,3,35,1.0868,0.45,linear,7,1001.00,0.485041
9308,1000,0.10,900,3,35,1.0553,0.45,linear,8,1025.00,0.361031
9309,1000,0.10,900,3,35,1.0242,0.45,linear,9,1001.00,1.209288
9310,1000,0.10,900,3,35,1.0618,0.45,linear,10,967.00,1.978192
9311,1000,0.10,900,3,35,1.0315,0.45,linear,11,990.00,0.843291
9312,1000,0.10,900,3,35,1.0383,0.45,linear,12,1000.00,1.625395
9313,1000,0.10,900,3,35,1.0385,0.45,linear,13,992.00,0.238846
9314,1000,0.10,900,3,35,1.0094,0.45,linear,14,1021.00,1.631899
9315,1000,0.10,900,3,35,1.0012,0.45,linear,15,1011.00,0.689014
9316,1000,0.10,900,3,35,1.0013,0.45,linear,16,1053.00,0.282858
9317,1000,0.10,900,3,35,1.0126,0.45,linear,17,1010.00,1.229706
9318,1000,0.10,900,3,35,1.0159,0.45,linear,18,1022.00,0.279904
9319,1000,0.10,900,3,35,1.0422,0.45,linear,19,986.00,0.252051
9320,1000,0.10,900,3,35,1.0569,0.45,linear,20,965.00,0.438335
9321,1000,0.10,900,3,35,1.0485,0.45,linear,21,1024.00,1.465513
9322,1000,0.10,900,3,35,1.0094,0.45,linear,22,1010.00,0.063616
9323,1000,0.10,900,3,35,1.0210,0.45,linear,23,999.00,1.220946
9324,1000,0.10,900,3,35,1.0279,0.45,linear,24,1004.00,1.399529
9325,1000,0.10,900,3,35,1.0403,0.45,linear,25,1010.00,0.963714
9326,1000,0.10,900,3,35,1.0398,0.45,linear,26,1016.00,0.625040
9327,1000,0.10,900,3,35,1.0424,0.45,linear,27,1014.00,0.259565
9328,1000,0.10,900,3,35,1.0322,0.45,linear,28,965.00,0.891047
9329,1000,0.10,900,3,35,1.0512,0.45,linear,29,976.00,0.549362
9330,1000,0.10,900,3,35,1.0442,0.45,linear,30,997.00,0.748910
9331,1000,0.10,900,3,35,1.0318,0.45,linear,31,1019.00,1.656008
9332,1000,0.10,900,3,35,1.0085,0.45,linear,32,999.00,0.887759
9333,1000,0.10,900,3,35,1.0006,0.45,linear,33,1032.00,0.712260
9334,1000,0.10,900,3,35,1.0548,0.45,linear,34,989.00,0.625134
9335,1000,0.10,900,3,35,1.0404,0.45,linear,35,1000.00,1.496966
9336,1000,0.10,900,3,35,1.0710,0.45,linear,36,1001.00,1.360555
9337,1000,0.10,900,3,35,1.0674,0.45,linear,37,1005.00,0.533099
9338,1000,0.10,900,3,35,1.0408,0.45,linear,38,978.00,0.532893
9339,1000,0.10,900,3,35,1.0679,0.45,linear,39,979.00,1.024364
9340,1000,0.10,900,3,35,1.0307,0.45,linear,40,1077.00,1.112463
9341,1000,0.10,900,3,35,1.0963,0.45,linear,41,1009.00,1.200642
9342,1000,0.10,900,3,35,1.0093,0.45,linear,42,997.00,0.526556
9343,1000,0.10,900,3,35,1.0532,0.45,linear,43,992.00,1.187326
9344,1000,0.10,900,3,35,1.0275,0.45,linear,44,1039.00,2.419847
9345,1000,0.10,900,3,35,1.0742,0.45,linear,45,992.00,0.320225
9346,1000,0.10,900,3,35,1.0633,0.45,linear,46,1019.00,2.801948
9347,1000,0.10,900,3,35,1.0184,0.45,linear,47,1016.00,0.374895
9348,1000,0.10,900,3,35,1.0361,0.45,linear,48,984.00,0.243106
9349,1000,0.10,900,3,35,1.0261,0.45,linear,49,991.00,1.112020
9350,1000,0.10,900,3,35,1.0801,0.45,linear,50,1002.00,0.405018
9351,1000,0.10,900,3,35,1.0701,0.45,linear,51,1018.00,0.288047
9352,1000,0.10,900,3,35,1.0559,0.45,linear,52,1004.00,0.534155
9353,1000,0.10,900,3,35,1.0157,0.45,linear,53,1015.00,0.336188
9354,1000,0.10,900,3,35,1.0787,0.45,linear,54,969.00,0.679210
9355,1000,0.10,900,3,35,1.0475,0.45,linear,55,1010.00,0.486215
9356,1000,0.10,900,3,35,1.0299,0.45,linear,56,989.00,1.285921
9357,1000,0.10,900,3,35,1.0423,0.45,linear,57,994.00,0.634467
9358,1000,0.10,900,3,35,1.0499,0.45,linear,58,985.00,0.689899
9359,1000,0.10,900,3,35,1.0575,0.45,linear,59,1006.00,0.876995
9360,1000,0.10,900,3,35,1.0152,0.45,linear,60,976.00,0.301986
9361,1000,0.10,900,3,35,0.9955,0.45,linear,61,977.00,0.711767
9362,1000,0.10,900,3,35,1.0583,0.45,linear,62,1023.00,1.488640
9363,1000,0.10,900,3,35,1.0555,0.45,linear,63,987.00,0.746090
9364,1000,0.10,900,3,35,1.0472,0.45,linear,64,971.00,1.216861
9365,1000,0.10,900,3,35,1.0371,0.45,linear,65,1042.00,1.282474
9366,1000,0.10,900,3,35,1.1048,0.45,linear,66,1007.00,0.688802
9367,1000,0.10,900,3,35,1.0828,0.45,linear,67,961.00,0.574350
9368,1000,0.10,900,3,35,1.0577,0.45,linear,68,1013.00,0.478538
9369,1000,0.10,900,3,35,1.0267,0.45,linear,69,977.00,0.196571
9370,1000,0.10,900,3,35,1.0441,0.45,linear,70,1028.00,0.403857
9371,1000,0.10,900,3,35,1.0638,0.45,linear,71,991.00,1.120872
9372,1000,0.10,900,3,35,1.0254,0.45,linear,72,1006.00,1.100621
9373,1000,0.10,900,3,35,0.9918,0.45,linear,73,1018.00,0.714028
9374,1000,0.10,900,3,35,1.0762,0.45,linear,74,1017.00,1.236682
9375,1000,0.10,900,3,35,1.0519,0.45,linear,75,990.00,0.833644
9376,1000,0.10,900,3,35,1.0377,0.45,linear,76,980.00,1.204205
9377,1000,0.10,900,3,35,1.0463,0.45,linear,77,993.00,0.229657
9378,1000,0.10,900,3,35,1.0589,0.45,linear,78,1015.00,0.360753
9379,1000,0.10,900,3,35,1.0822,0.45,linear,79,1019.00,0.977416
9380,1000,0.10,900,3,35,1.0610,0.45,linear,80,1041.00,0.914893
9381,1000,0.10,900,3,35,1.0773,0.45,linear,81,1004.00,1.733091
9382,1000,0.10,900,3,35,1.0284,0.45,linear,82,1000.00,1.580530
9383,1000,0.10,900,3,35,1.0331,0.45,linear,83,991.00,1.838905
9384,1000,0.10,900,3,35,1.0252,0.45,linear,84,1000.00,1.170672
9385,1000,0.10,900,3,35,1.0590,0.45,linear,85,1013.00,2.180657
9386,1000,0.10,900,3,35,1.0448,0.45,linear,86,1016.00,0.290048
9387,1000,0.10,900,3,35,1.0249,0.45,linear,87,988.00,0.998606
9388,1000,0.10,900,3,35,1.0299,0.45,linear,88,1015.00,0.582349
9389,1000,0.10,900,3,35,1.0310,0.45,linear,89,987.00,0.211648
9390,1000,0.10,900,3,35,1.0370,0.45,linear,90,1010.00,1.417153
9391,1000,0.10,900,3,35,1.0393,0.45,linear,91,1035.00,0.362893
9392,1000,0.10,900,3,35,1.0535,0.45,linear,92,1004.00,0.501845
9393,1000,0.10,900,3,35,1.0533,0.45,linear,93,965.00,0.684917
9394,1000,0.10,900,3,35,1.0379,0.45,linear,94,988.00,0.266620
9395,1000,0.10,900,3,35,1.0480,0.45,linear,95,992.00,0.321029
9396,1000,0.10,900,3,35,1.0316,0.45,linear,96,1000.00,0.564368
9397,1000,0.10,900,3,35,1.0590,0.45,linear,97,968.00,1.511477
9398,1000,0.10,900,3,35,1.0573,0.45,linear,98,991.00,0.292106
9399,1000,0.10,900,3,35,1.0372,0.45,linear,99,1051.00,0.837241
9400,1000,0.10,900,3,35,1.0258,0.50,linear,0,1007.00,0.595158
9401,1000,0.10,900,3,35,1.0165,0.50,linear,1,1016.00,0.326004
9402,1000,0.10,900,3,35,1.0619,0.50,linear,2,1025.00,1.571306
9403,1000,0.10,900,3,35,1.0338,0.50,linear,3,983.00,1.041066
9404,1000,0.10,900,3,35,1.0319,0.50,linear,4,978.00,0.999509
9405,1000,0.10,900,3,35,1.0550,0.50,linear,5,992.00,2.873481
9406,1000,0.10,900,3,35,1.0748,0.50,linear,6,1017.00,2.111633
9407,1000,0.10,900,3,35,1.0652,0.50,linear,7,1003.00,0.670074
9408,1000,0.10,900,3,35,1.0356,0.50,linear,8,988.00,0.215377
9409,1000,0.10,900,3,35,1.0340,0.50,linear,9,1028.00,0.331911
9410,1000,0.10,900,3,35,1.0226,0.50,linear,10,990.00,0.519699
9411,1000,0.10,900,3,35,1.0509,0.50,linear,11,988.00,1.402423
9412,1000,0.10,900,3,35,1.0784,0.50,linear,12,1028.00,2.836900
9413,1000,0.10,900,3,35,1.0322,0.50,linear,13,979.00,0.876253
9414,1000,0.10,900,3,35,1.0564,0.50,linear,14,992.00,0.429998
9415,1000,0.10,900,3,35,1.0687,0.50,linear,15,999.00,0.807385
9416,1000,0.10,900,3,35,1.0088,0.50,linear,16,983.00,0.150277
9417,1000,0.10,900,3,35,1.0296,0.50,linear,17,1010.00,0.580225
9418,1000,0.10,900,3,35,1.0131,0.50,linear,18,1002.00,0.564762
9419,1000,0.10,900,3,35,0.9991,0.50,linear,19,992.00,1.144764
9420,1000,0.10,900,3,35,1.0311,0.50,linear,20,1000.00,0.747106
9421,1000,0.10,900,3,35,1.0125,0.50,linear,21,1024.00,1.792579
9422,1000,0.10,900,3,35,1.0515,0.50,linear,22,992.00,0.921850
9423,1000,0.10,900,3,35,1.0643,0.50,linear,23,992.00,0.311789
9424,1000,0.10,900,3,35,1.0341,0.50,linear,24,1025.00,0.854561
9425,1000,0.10,900,3,35,1.0225,0.50,linear,25,1018.00,0.555236
9426,1000,0.10,900,3,35,1.0735,0.50,linear,26,995.00,0.899259
9427,1000,0.10,900,3,35,0.9986,0.50,linear,27,1004.00,1.041441
9428,1000,0.10,900,3,35,1.0530,0.50,linear,28,1020.00,0.316849
9429,1000,0.10,900,3,35,1.0572,0.50,linear,29,1032.00,0.546036
9430,1000,0.10,900,3,35,1.0319,0.50,linear,30,987.00,0.974776
9431,1000,0.10,900,3,35,1.0581,0.50,linear,31,997.00,0.570348
9432,1000,0.10,900,3,35,1.0311,0.50,linear,32,990.00,0.931657
9433,1000,0.10,900,3,35,1.0213,0.50,linear,33,1027.00,0.428074
9434,1000,0.10,900,3,35,1.0521,0.50,linear,34,1041.00,1.016807
9435,1000,0.10,900,3,35,1.0675,0.50,linear,35,1012.00,1.118433
9436,1000,0.10,900,3,35,1.0409,0.50,linear,36,968.00,0.428466
9437,1000,0.10,900,3,35,1.0344,0.50,linear,37,1028.00,1.761091
9438,1000,0.10,900,3,35,1.0612,0.50,linear,38,977.00,1.036207
9439,1000,0.10,900,3,35,1.0414,0.50,linear,39,994.00,0.636923
9440,1000,0.10,900,3,35,1.0556,0.50,linear,40,973.00,0.149134
9441,1000,0.10,900,3,35,1.0083,0.50,linear,41,961.00,0.212553
9442,1000,0.10,900,3,35,1.0417,0.50,linear,42,994.00,0.753424
9443,1000,0.10,900,3,35,1.0384,0.50,linear,43,1024.00,1.081020
9444,1000,0.10,900,3,35,1.0003,0.50,linear,44,1011.00,0.962026
9445,1000,0.10,900,3,35,1.0579,0.50,linear,45,1014.00,0.535904
9446,1000,0.10,900,3,35,1.0356,0.50,linear,46,950.00,0.181907
9447,1000,0.10,900,3,35,1.0361,0.50,linear,47,1011.00,0.837982
9448,1000,0.10,900,3,35,1.0188,0.50,linear,48,1031.00,1.347137
9449,1000,0.10,900,3,35,1.0195,0.50,linear,49,1014.00,1.538301
9450,1000,0.10,900,3,35,1.0417,0.50,linear,50,1003.00,0.287762
9451,1000,0.10,900,3,35,1.0477,0.50,linear,51,994.00,2.167646
9452,1000,0.10,900,3,35,1.0462,0.50,linear,52,982.00,0.256201
9453,1000,0.10,900,3,35,1.0563,0.50,linear,53,992.00,0.686837
9454,1000,0.10,900,3,35,1.0592,0.50,linear,54,975.00,1.144820
9455,1000,0.10,900,3,35,1.0268,0.50,linear,55,1004.00,2.267501
9456,1000,0.10,900,3,35,1.0744,0.50,linear,56,975.00,1.394550
9457,1000,0.10,900,3,35,1.0615,0.50,linear,57,1018.00,1.233889
9458,1000,0.10,900,3,35,1.0172,0.50,linear,58,1004.00,0.965044
9459,1000,0.10,900,3,35,1.0074,0.50,linear,59,1005.00,1.123194
9460,1000,0.10,900,3,35,1.0563,0.50,linear,60,966.00,0.489493
9461,1000,0.10,900,3,35,1.0405,0.50,linear,61,1006.00,0.707703
9462,1000,0.10,900,3,35,1.0095,0.50,linear,62,979.00,0.342347
9463,1000,0.10,900,3,35,1.0524,0.50,linear,63,972.00,0.315961
9464,1000,0.10,900,3,35,1.0395,0.50,linear,64,960.00,0.379987
9465,1000,0.10,900,3,35,1.1085,0.50,linear,65,982.00,0.793278
9466,1000,0.10,900,3,35,1.0509,0.50,linear,66,992.00,0.163458
9467,1000,0.10,900,3,35,1.0782,0.50,linear,67,990.00,1.390844
9468,1000,0.10,900,3,35,1.0471,0.50,linear,68,1033.00,0.506522
9469,1000,0.10,900,3,35,1.0313,0.50,linear,69,996.00,0.406970
9470,1000,0.10,900,3,35,1.0103,0.50,linear,70,1091.00,1.770742
9471,1000,0.10,900,3,35,1.0433,0.50,linear,71,963.00,0.454538
9472,1000,0.10,900,3,35,1.0754,0.50,linear,72,1001.00,0.206699
9473,1000,0.10,900,3,35,1.0396,0.50,linear,73,999.00,0.521012
9474,1000,0.10,900,3,35,1.0617,0.50,linear,74,991.00,0.940199
9475,1000,0.10,900,3,35,1.0433,0.50,linear,75,984.00,0.366136
9476,1000,0.10,900,3,35,1.0583,0.50,linear,76,968.00,0.435274
9477,1000,0.10,900,3,35,0.9736,0.50,linear,77,998.00,2.002047
9478,1000,0.10,900,3,35,1.0352,0.50,linear,78,1046.00,0.315595
9479,1000,0.10,900,3,35,1.0339,0.50,linear,79,1052.00,0.896840
9480,1000,0.10,900,3,35,1.0522,0.50,linear,80,992.00,0.630198
9481,1000,0.10,900,3,35,1.0164,0.50,linear,81,1004.00,0.960114
9482,1000,0.10,900,3,35,1.0744,0.50,linear,82,1022.00,0.580557
9483,1000,0.10,900,3,35,1.0411,0.50,linear,83,1020.00,2.222875
9484,1000,0.10,900,3,35,1.0029,0.50,linear,84,1009.00,0.135040
9485,1000,0.10,900,3,35,1.0786,0.50,linear,85,988.00,0.800981
9486,1000,0.10,900,3,35,1.0442,0.50,linear,86,955.00,0.374453
9487,1000,0.10,900,3,35,1.0349,0.50,linear,87,1003.00,1.646423
9488,1000,0.10,900,3,35,1.0130,0.50,linear,88,1015.00,0.782208
9489,1000,0.10,900,3,35,1.0689,0.50,linear,89,997.00,0.504284
9490,1000,0.10,900,3,35,1.0197,0.50,linear,90,1027.00,0.649565
9491,1000,0.10,900,3,35,1.0418,0.50,linear,91,1050.00,0.506846
9492,1000,0.10,900,3,35,1.0641,0.50,linear,92,1015.00,1.106710
9493,1000,0.10,900,3,35,1.0943,0.50,linear,93,1006.00,0.877718
9494,1000,0.10,900,3,35,1.0190,0.50,linear,94,977.00,0.738920
9495,1000,0.10,900,3,35,1.0338,0.50,linear,95,996.00,1.280735
9496,1000,0.10,900,3,35,1.0433,0.50,linear,96,1014.00,0.699106
9497,1000,0.10,900,3,35,1.0454,0.50,linear,97,975.00,0.816561
9498,1000,0.10,900,3,35,1.0047,0.50,linear,98,1026.00,2.244856
9499,1000,0.10,900,3,35,1.0665,0.50,linear,99,1009.00,0.289511
9500,1000,0.10,900,3,35,1.0039,0.55,linear,0,975.00,0.248547
9501,1000,0.10,900,3,35,1.0429,0.55,linear,1,1007.00,0.742450
9502,1000,0.10,900,3,35,1.0360,0.55,linear,2,988.00,0.270314
9503,1000,0.10,900,3,35,1.0409,0.55,linear,3,1004.00,1.397529
9504,1000,0.10,900,3,35,1.0309,0.55,linear,4,1011.00,0.481070
9505,1000,0.10,900,3,35,1.0003,0.55,linear,5,1020.00,1.525968
9506,1000,0.10,900,3,35,1.0358,0.55,linear,6,975.00,0.734123
9507,1000,0.10,900,3,35,1.0159,0.55,linear,7,989.00,0.470387
9508,1000,0.10,900,3,35,1.0336,0.55,linear,8,1008.00,0.999162
9509,1000,0.10,900,3,35,1.0427,0.55,linear,9,965.00,0.214845
9510,1000,0.10,900,3,35,1.0624,0.55,linear,10,972.00,0.958272
9511,1000,0.10,900,3,35,0.9988,0.55,linear,11,977.00,1.152619
9512,1000,0.10,900,3,35,1.0411,0.55,linear,12,1032.00,0.455719
9513,1000,0.10,900,3,35,1.0773,0.55,linear,13,1026.00,0.871634
9514,1000,0.10,900,3,35,1.0542,0.55,linear,14,1021.00,1.400686
9515,1000,0.10,900,3,35,1.0276,0.55,linear,15,1043.00,1.519369
9516,1000,0.10,900,3,35,1.0627,0.55,linear,16,981.00,2.823036
9517,1000,0.10,900,3,35,1.0359,0.55,linear,17,1052.00,0.627794
9518,1000,0.10,900,3,35,1.0369,0.55,linear,18,1018.00,2.463913
9519,1000,0.10,900,3,35,1.0057,0.55,linear,19,1008.00,1.409314
9520,1000,0.10,900,3,35,1.0474,0.55,linear,20,1034.00,0.932090
9521,1000,0.10,900,3,35,1.0168,0.55,linear,21,985.00,0.372459
9522,1000,0.10,900,3,35,1.0445,0.55,linear,22,988.00,0.471394
9523,1000,0.10,900,3,35,1.0432,0.55,linear,23,1015.00,0.499064
9524,1000,0.10,900,3,35,1.0263,0.55,linear,24,1028.00,0.231776
9525,1000,0.10,900,3,35,1.0283,0.55,linear,25,1023.00,0.850050
9526,1000,0.10,900,3,35,1.0176,0.55,linear,26,1027.00,0.509228
9527,1000,0.10,900,3,35,1.0359,0.55,linear,27,986.00,1.641096
9528,1000,0.10,900,3,35,1.0773,0.55,linear,28,1056.00,1.821191
9529,1000,0.10,900,3,35,1.0360,0.55,linear,29,982.00,0.240001
9530,1000,0.10,900,3,35,1.0536,0.55,linear,30,1035.00,1.227338
9531,1000,0.10,900,3,35,1.0223,0.55,linear,31,1005.00,1.205398
9532,1000,0.10,900,3,35,1.0448,0.55,linear,32,999.00,0.739127
9533,1000,0.10,900,3,35,1.0389,0.55,linear,33,1036.00,0.450858
9534,1000,0.10,900,3,35,1.0636,0.55,linear,34,993.00,0.800865
9535,1000,0.10,900,3,35,1.0388,0.55,linear,35,1022.00,0.574950
9536,1000,0.10,900,3,35,1.0607,0.55,linear,36,1009.00,2.318707
9537,1000,0.10,900,3,35,1.0529,0.55,linear,37,973.00,0.381158
9538,1000,0.10,900,3,35,1.0102,0.55,linear,38,1009.00,0.648573
9539,1000,0.10,900,3,35,0.9891,0.55,linear,39,1015.00,0.395953
9540,1000,0.10,900,3,35,1.0458,0.55,linear,40,1067.00,0.589657
9541,1000,0.10,900,3,35,1.0339,0.55,linear,41,969.00,0.272053
9542,1000,0.10,900,3,35,1.0403,0.55,linear,42,1025.00,1.524176
9543,1000,0.10,900,3,35,1.0124,0.55,linear,43,976.00,0.485295
9544,1000,0.10,900,3,35,1.0577,0.55,linear,44,992.00,1.248068
9545,1000,0.10,900,3,35,0.9759,0.55,linear,45,970.00,1.227103
9546,1000,0.10,900,3,35,1.0029,0.55,linear,46,1018.00,0.427968
9547,1000,0.10,900,3,35,1.0225,0.55,linear,47,1067.00,0.156250
9548,1000,0.10,900,3,35,1.0351,0.55,linear,48,981.00,0.543999
9549,1000,0.10,900,3,35,1.0677,0.55,linear,49,992.00,0.721123
9550,1000,0.10,900,3,35,1.0769,0.55,linear,50,976.00,3.620709
9551,1000,0.10,900,3,35,1.0592,0.55,linear,51,1036.00,0.631019
9552,1000,0.10,900,3,35,1.0466,0.55,linear,52,992.00,1.331013
9553,1000,0.10,900,3,35,1.0026,0.55,linear,53,955.00,0.905387
9554,1000,0.10,900,3,35,1.0058,0.55,linear,54,988.00,2.882190
9555,1000,0.10,900,3,35,1.0270,0.55,linear,55,1033.00,1.160830
9556,1000,0.10,900,3,35,1.0045,0.55,linear,56,972.00,1.674620
9557,1000,0.10,900,3,35,1.0099,0.55,linear,57,985.00,0.216739
9558,1000,0.10,900,3,35,1.0090,0.55,linear,58,1007.00,2.044172
9559,1000,0.10,900,3,35,1.0326,0.55,linear,59,1015.00,0.681178
9560,1000,0.10,900,3,35,1.0529,0.55,linear,60,1004.00,0.420784
9561,1000,0.10,900,3,35,1.0303,0.55,linear,61,991.00,0.492184
9562,1000,0.10,900,3,35,1.0487,0.55,linear,62,994.00,0.704068
9563,1000,0.10,900,3,35,1.0229,0.55,linear,63,993.00,0.430306
9564,1000,0.10,900,3,35,1.0260,0.55,linear,64,963.00,0.239010
9565,1000,0.10,900,3,35,1.0154,0.55,linear,65,972.00,0.502469
9566,1000,0.10,900,3,35,1.0507,0.55,linear,66,980.00,0.495094
9567,1000,0.10,900,3,35,1.0496,0.55,linear,67,1013.00,1.037623
9568,1000,0.10,900,3,35,1.0576,0.55,linear,68,960.00,0.151761
9569,1000,0.10,900,3,35,1.0210,0.55,linear,69,1017.00,1.520094
9570,1000,0.10,900,3,35,1.0662,0.55,linear,70,1014.00,0.309918
9571,1000,0.10,900,3,35,1.0220,0.55,linear,71,1005.00,0.818796
9572,1000,0.10,900,3,35,1.0489,0.55,linear,72,979.00,1.336871
9573,1000,0.10,900,3,35,1.0233,0.55,linear,73,1012.00,0.708928
9574,1000,0.10,900,3,35,1.0885,0.55,linear,74,1001.00,0.853242
9575,1000,0.10,900,3,35,1.0094,0.55,linear,75,964.00,0.288324
9576,1000,0.10,900,3,35,1.0650,0.55,linear,76,1007.00,0.339452
9577,1000,0.10,900,3,35,1.0020,0.55,linear,77,984.00,0.493508
9578,1000,0.10,900,3,35,1.0393,0.55,linear,78,995.00,0.130776
9579,1000,0.10,900,3,35,1.0578,0.55,linear,79,979.00,1.384465
9580,1000,0.10,900,3,35,1.0628,0.55,linear,80,988.00,1.153084
9581,1000,0.10,900,3,35,1.0430,0.55,linear,81,981.00,1.264041
9582,1000,0.10,900,3,35,1.0318,0.55,linear,82,958.00,0.621269
9583,1000,0.10,900,3,35,1.0794,0.55,linear,83,957.00,0.433657
9584,1000,0.10,900,3,35,1.0234,0.55,linear,84,991.00,0.851594
9585,1000,0.10,900,3,35,1.0165,0.55,linear,85,948.00,0.278200
9586,1000,0.10,900,3,35,1.0608,0.55,linear,86,994.00,0.163305
9587,1000,0.10,900,3,35,1.0758,0.55,linear,87,969.00,0.718020
9588,1000,0.10,900,3,35,1.0415,0.55,linear,88,971.00,1.375747
9589,1000,0.10,900,3,35,1.0283,0.55,linear,89,976.00,0.987061
9590,1000,0.10,900,3,35,1.0432,0.55,linear,90,987.00,1.331087
9591,1000,0.10,900,3,35,1.0147,0.55,linear,91,1029.00,1.444684
9592,1000,0.10,900,3,35,1.0465,0.55,linear,92,1016.00,0.251963
9593,1000,0.10,900,3,35,1.0179,0.55,linear,93,984.00,0.471850
9594,1000,0.10,900,3,35,1.0053,0.55,linear,94,1001.00,1.029217
9595,1000,0.10,900,3,35,1.0084,0.55,linear,95,993.00,0.292226
9596,1000,0.10,900,3,35,1.0768,0.55,linear,96,1017.00,1.814648
9597,1000,0.10,900,3,35,0.9979,0.55,linear,97,1019.00,2.130059
9598,1000,0.10,900,3,35,0.9967,0.55,linear,98,1009.00,0.404850
9599,1000,0.10,900,3,35,1.0024,0.55,linear,99,990.00,1.090682
9600,1000,0.10,900,3,35,1.0190,0.60,linear,0,974.00,0.379803
9601,1000,0.10,900,3,35,1.0466,0.60,linear,1,967.00,0.550653
9602,1000,0.10,900,3,35,1.0779,0.60,linear,2,1012.00,1.067679
9603,1000,0.10,900,3,35,1.0333,0.60,linear,3,994.00,0.762929
9604,1000,0.10,900,3,35,1.0330,0.60,linear,4,1007.00,0.445213
9605,1000,0.10,900,3,35,1.0183,0.60,linear,5,983.00,0.342691
9606,1000,0.10,900,3,35,1.0069,0.60,linear,6,984.00,1.095108
9607,1000,0.10,900,3,35,1.0305,0.60,linear,7,970.00,0.154798
9608,1000,0.10,900,3,35,1.0324,0.60,linear,8,984.00,0.848747
9609,1000,0.10,900,3,35,1.0386,0.60,linear,9,994.00,0.447266
9610,1000,0.10,900,3,35,1.0143,0.60,linear,10,1002.00,0.228009
9611,1000,0.10,900,3,35,1.0498,0.60,linear,11,1005.00,0.584324
9612,1000,0.10,900,3,35,1.0107,0.60,linear,12,978.00,1.017525
9613,1000,0.10,900,3,35,1.0210,0.60,linear,13,986.00,0.353554
9614,1000,0.10,900,3,35,1.0390,0.60,linear,14,989.00,0.392210
9615,1000,0.10,900,3,35,1.0295,0.60,linear,15,1003.00,0.489016
9616,1000,0.10,900,3,35,0.9930,0.60,linear,16,998.00,0.927612
9617,1000,0.10,900,3,35,1.0391,0.60,linear,17,964.00,1.401943
9618,1000,0.10,900,3,35,1.0228,0.60,linear,18,975.00,0.251645
9619,1000,0.10,900,3,35,1.0850,0.60,linear,19,982.00,0.769518
9620,1000,0.10,900,3,35,1.0182,0.60,linear,20,991.00,0.623172
9621,1000,0.10,900,3,35,1.0383,0.60,linear,21,986.00,1.308115
9622,1000,0.10,900,3,35,1.0144,0.60,linear,22,957.00,0.256536
9623,1000,0.10,900,3,35,1.0711,0.60,linear,23,1003.00,0.269479
9624,1000,0.10,900,3,35,1.0258,0.60,linear,24,984.00,0.262931
9625,1000,0.10,900,3,35,1.0466,0.60,linear,25,952.00,1.025861
9626,1000,0.10,900,3,35,1.0341,0.60,linear,26,999.00,1.195340
9627,1000,0.10,900,3,35,1.0718,0.60,linear,27,985.00,1.152513
9628,1000,0.10,900,3,35,1.0449,0.60,linear,28,961.00,2.118637
9629,1000,0.10,900,3,35,1.0947,0.60,linear,29,945.00,2.294176
9630,1000,0.10,900,3,35,1.0039,0.60,linear,30,980.00,1.082643
9631,1000,0.10,900,3,35,0.9791,0.60,linear,31,978.00,1.566361
9632,1000,0.10,900,3,35,1.0264,0.60,linear,32,961.00,0.313518
9633,1000,0.10,900,3,35,1.0263,0.60,linear,33,949.00,0.209289
9634,1000,0.10,900,3,35,1.0089,0.60,linear,34,996.00,0.594374
9635,1000,0.10,900,3,35,1.0296,0.60,linear,35,977.00,0.662268
9636,1000,0.10,900,3,35,1.0589,0.60,linear,36,1021.00,2.600838
9637,1000,0.10,900,3,35,1.0491,0.60,linear,37,957.00,0.447051
9638,1000,0.10,900,3,35,1.0965,0.60,linear,38,983.00,0.489932
9639,1000,0.10,900,3,35,0.9960,0.60,linear,39,987.00,0.763933
9640,1000,0.10,900,3,35,1.0970,0.60,linear,40,965.00,1.029660
9641,1000,0.10,900,3,35,1.0552,0.60,linear,41,984.00,1.328010
9642,1000,0.10,900,3,35,1.0774,0.60,linear,42,997.00,0.280452
9643,1000,0.10,900,3,35,1.0139,0.60,linear,43,1006.00,0.295072
9644,1000,0.10,900,3,35,1.0803,0.60,linear,44,988.00,0.969461
9645,1000,0.10,900,3,35,1.0340,0.60,linear,45,986.00,0.969687
9646,1000,0.10,900,3,35,1.0537,0.60,linear,46,923.00,0.226296
9647,1000,0.10,900,3,35,1.0691,0.60,linear,47,1024.00,0.489775
9648,1000,0.10,900,3,35,1.0436,0.60,linear,48,982.00,0.760008
9649,1000,0.10,900,3,35,1.0483,0.60,linear,49,966.00,0.236164
9650,1000,0.10,900,3,35,1.0325,0.60,linear,50,999.00,1.008695
9651,1000,0.10,900,3,35,1.0547,0.60,linear,51,990.00,1.027454
9652,1000,0.10,900,3,35,1.0108,0.60,linear,52,942.00,2.498154
9653,1000,0.10,900,3,35,1.0560,0.60,linear,53,1000.00,1.004173
9654,1000,0.10,900,3,35,1.0470,0.60,linear,54,992.00,0.906223
9655,1000,0.10,900,3,35,1.0649,0.60,linear,55,1006.00,0.722383
9656,1000,0.10,900,3,35,1.0736,0.60,linear,56,1020.00,1.527489
9657,1000,0.10,900,3,35,1.0579,0.60,linear,57,985.00,0.227619
9658,1000,0.10,900,3,35,1.0406,0.60,linear,58,979.00,0.551075
9659,1000,0.10,900,3,35,1.0393,0.60,linear,59,977.00,0.193268
9660,1000,0.10,900,3,35,1.0159,0.60,linear,60,971.00,0.982798
9661,1000,0.10,900,3,35,1.0497,0.60,linear,61,996.00,0.412972
9662,1000,0.10,900,3,35,1.0036,0.60,linear,62,987.00,2.310342
9663,1000,0.10,900,3,35,1.0297,0.60,linear,63,1001.00,0.298228
9664,1000,0.10,900,3,35,1.0690,0.60,linear,64,979.00,0.263318
9665,1000,0.10,900,3,35,1.0378,0.60,linear,65,1020.00,0.378121
9666,1000,0.10,900,3,35,1.0575,0.60,linear,66,995.00,0.330110
9667,1000,0.10,900,3,35,1.0512,0.60,linear,67,1000.00,0.362282
9668,1000,0.10,900,3,35,0.9971,0.60,linear,68,973.00,1.262101
9669,1000,0.10,900,3,35,1.0966,0.60,linear,69,972.00,1.623006
9670,1000,0.10,900,3,35,1.0548,0.60,linear,70,986.00,0.617754
9671,1000,0.10,900,3,35,1.0044,0.60,linear,71,969.00,0.339064
9672,1000,0.10,900,3,35,1.0897,0.60,linear,72,969.00,0.631846
9673,1000,0.10,900,3,35,1.0436,0.60,linear,73,1018.00,0.450688
9674,1000,0.10,900,3,35,1.0859,0.60,linear,74,981.00,0.645561
9675,1000,0.10,900,3,35,1.0462,0.60,linear,75,938.00,0.234997
9676,1000,0.10,900,3,35,1.0436,0.60,linear,76,1038.00,0.252774
9677,1000,0.10,900,3,35,1.0416,0.60,linear,77,1064.00,0.846021
9678,1000,0.10,900,3,35,0.9848,0.60,linear,78,979.00,0.279364
9679,1000,0.10,900,3,35,1.0905,0.60,linear,79,979.00,0.593109
9680,1000,0.10,900,3,35,1.0583,0.60,linear,80,962.00,0.420718
9681,1000,0.10,900,3,35,1.0666,0.60,linear,81,970.00,1.156122
9682,1000,0.10,900,3,35,0.9990,0.60,linear,82,998.00,0.390682
9683,1000,0.10,900,3,35,1.0547,0.60,linear,83,990.00,0.303737
9684,1000,0.10,900,3,35,1.0437,0.60,linear,84,987.00,1.088710
9685,1000,0.10,900,3,35,1.0864,0.60,linear,85,984.00,1.111658
9686,1000,0.10,900,3,35,1.0580,0.60,linear,86,1025.00,0.321123
9687,1000,0.10,900,3,35,1.0229,0.60,linear,87,1008.00,0.325083
9688,1000,0.10,900,3,35,1.0283,0.60,linear,88,1022.00,0.502564
9689,1000,0.10,900,3,35,1.0495,0.60,linear,89,995.00,0.666466
9690,1000,0.10,900,3,35,1.0306,0.60,linear,90,1028.00,1.103164
9691,1000,0.10,900,3,35,1.0101,0.60,linear,91,975.00,0.563102
9692,1000,0.10,900,3,35,1.0041,0.60,linear,92,967.00,1.451457
9693,1000,0.10,900,3,35,1.0491,0.60,linear,93,984.00,0.683036
9694,1000,0.10,900,3,35,1.0760,0.60,linear,94,978.00,0.657134
9695,1000,0.10,900,3,35,1.0184,0.60,linear,95,978.00,0.767924
9696,1000,0.10,900,3,35,1.0344,0.60,linear,96,967.00,1.999364
9697,1000,0.10,900,3,35,1.0446,0.60,linear,97,995.00,0.534183
9698,1000,0.10,900,3,35,1.0590,0.60,linear,98,1009.00,1.532260
9699,1000,0.10,900,3,35,1.0385,0.60,linear,99,1071.00,0.753839
9700,1000,0.10,900,3,35,1.0100,0.65,linear,0,1030.00,0.455970
9701,1000,0.10,900,3,35,1.0094,0.65,linear,1,952.00,0.865688
9702,1000,0.10,900,3,35,1.0583,0.65,linear,2,995.00,0.899345
9703,1000,0.10,900,3,35,0.9841,0.65,linear,3,969.00,0.341560
9704,1000,0.10,900,3,35,1.0189,0.65,linear,4,995.00,0.342548
9705,1000,0.10,900,3,35,1.0033,0.65,linear,5,991.00,0.298542
9706,1000,0.10,900,3,35,1.0214,0.65,linear,6,978.00,1.193364
9707,1000,0.10,900,3,35,1.0274,0.65,linear,7,1012.00,0.300199
9708,1000,0.10,900,3,35,1.0445,0.65,linear,8,1004.00,0.584667
9709,1000,0.10,900,3,35,1.0670,0.65,linear,9,989.00,1.096000
9710,1000,0.10,900,3,35,1.0505,0.65,linear,10,1003.00,0.694863
9711,1000,0.10,900,3,35,1.0362,0.65,linear,11,992.00,0.161452
9712,1000,0.10,900,3,35,1.0505,0.65,linear,12,936.00,0.471925
9713,1000,0.10,900,3,35,1.0262,0.65,linear,13,960.00,0.243925
9714,1000,0.10,900,3,35,1.0686,0.65,linear,14,968.00,0.823543
9715,1000,0.10,900,3,35,1.0428,0.65,linear,15,971.00,0.312703
9716,1000,0.10,900,3,35,1.0560,0.65,linear,16,978.00,0.871420
9717,1000,0.10,900,3,35,1.0152,0.65,linear,17,966.00,0.290974
9718,1000,0.10,900,3,35,1.0273,0.65,linear,18,977.00,0.434566
9719,1000,0.10,900,3,35,1.0748,0.65,linear,19,1005.00,0.517118
9720,1000,0.10,900,3,35,1.0848,0.65,linear,20,1019.00,0.364986
9721,1000,0.10,900,3,35,1.0178,0.65,linear,21,978.00,0.810265
9722,1000,0.10,900,3,35,1.0564,0.65,linear,22,1033.00,0.904709
9723,1000,0.10,900,3,35,0.9944,0.65,linear,23,1019.00,0.468797
9724,1000,0.10,900,3,35,1.0624,0.65,linear,24,987.00,0.847374
9725,1000,0.10,900,3,35,1.0165,0.65,linear,25,993.00,0.761791
9726,1000,0.10,900,3,35,0.9937,0.65,linear,26,1040.00,0.850176
9727,1000,0.10,900,3,35,0.9914,0.65,linear,27,995.00,0.370672
9728,1000,0.10,900,3,35,1.0548,0.65,linear,28,991.00,0.557986
9729,1000,0.10,900,3,35,1.0229,0.65,linear,29,1007.00,0.621989
9730,1000,0.10,900,3,35,1.0125,0.65,linear,30,1002.00,1.035553
9731,1000,0.10,900,3,35,1.0238,0.65,linear,31,971.00,0.370824
9732,1000,0.10,900,3,35,1.0095,0.65,linear,32,1026.00,0.466267
9733,1000,0.10,900,3,35,1.0614,0.65,linear,33,994.00,0.164963
9734,1000,0.10,900,3,35,0.9969,0.65,linear,34,1002.00,0.591139
9735,1000,0.10,900,3,35,1.0445,0.65,linear,35,991.00,1.136545
9736,1000,0.10,900,3,35,1.0506,0.65,linear,36,1032.00,0.432743
9737,1000,0.10,900,3,35,1.0595,0.65,linear,37,1011.00,0.145405
9738,1000,0.10,900,3,35,1.0232,0.65,linear,38,1008.00,0.433125
9739,1000,0.10,900,3,35,1.0827,0.65,linear,39,996.00,0.315480
9740,1000,0.10,900,3,35,1.0214,0.65,linear,40,1035.00,0.977026
9741,1000,0.10,900,3,35,1.0627,0.65,linear,41,993.00,1.336130
9742,1000,0.10,900,3,35,1.0421,0.65,linear,42,1017.00,0.411257
9743,1000,0.10,900,3,35,1.0533,0.65,linear,43,969.00,0.354935
9744,1000,0.10,900,3,35,1.0635,0.65,linear,44,988.00,0.676463
9745,1000,0.10,900,3,35,1.0621,0.65,linear,45,1029.00,1.144817
9746,1000,0.10,900,3,35,1.0218,0.65,linear,46,990.00,0.981523
9747,1000,0.10,900,3,35,1.0240,0.65,linear,47,987.00,0.261669
9748,1000,0.10,900,3,35,1.0506,0.65,linear,48,972.00,0.709368
9749,1000,0.10,900,3,35,1.0422,0.65,linear,49,991.00,0.945818
9750,1000,0.10,900,3,35,1.0378,0.65,linear,50,983.00,0.516204
9751,1000,0.10,900,3,35,1.0985,0.65,linear,51,996.00,1.439160
9752,1000,0.10,900,3,35,1.0171,0.65,linear,52,1004.00,0.555974
9753,1000,0.10,900,3,35,1.0513,0.65,linear,53,983.00,0.353960
9754,1000,0.10,900,3,35,0.9727,0.65,linear,54,990.00,2.350280
9755,1000,0.10,900,3,35,1.0746,0.65,linear,55,1027.00,0.244545
9756,1000,0.10,900,3,35,1.0198,0.65,linear,56,1036.00,0.760480
9757,1000,0.10,900,3,35,1.0167,0.65,linear,57,977.00,1.491895
9758,1000,0.10,900,3,35,1.0723,0.65,linear,58,1020.00,0.253918
9759,1000,0.10,900,3,35,1.0388,0.65,linear,59,978.00,0.777988
9760,1000,0.10,900,3,35,1.0354,0.65,linear,60,1012.00,0.273478
9761,1000,0.10,900,3,35,1.0592,0.65,linear,61,998.00,1.402823
9762,1000,0.10,900,3,35,1.0451,0.65,linear,62,961.00,0.650791
9763,1000,0.10,900,3,35,1.0420,0.65,linear,63,989.00,0.212760
9764,1000,0.10,900,3,35,1.0667,0.65,linear,64,991.00,0.560660
9765,1000,0.10,900,3,35,1.0120,0.65,linear,65,922.00,0.572013
9766,1000,0.10,900,3,35,1.0153,0.65,linear,66,951.00,1.163132
9767,1000,0.10,900,3,35,1.0218,0.65,linear,67,1006.00,1.219070
9768,1000,0.10,900,3,35,1.0206,0.65,linear,68,979.00,0.566133
9769,1000,0.10,900,3,35,1.0346,0.65,linear,69,956.00,1.322568
9770,1000,0.10,900,3,35,1.0634,0.65,linear,70,941.00,1.008012
9771,1000,0.10,900,3,35,1.0608,0.65,linear,71,1010.00,1.865054
9772,1000,0.10,900,3,35,1.0133,0.65,linear,72,979.00,0.478348
9773,1000,0.10,900,3,35,1.0683,0.65,linear,73,962.00,1.341139
9774,1000,0.10,900,3,35,1.0317,0.65,linear,74,987.00,1.054041
9775,1000,0.10,900,3,35,1.0672,0.65,linear,75,967.00,1.336268
9776,1000,0.10,900,3,35,1.0343,0.65,linear,76,980.00,0.592373
9777,1000,0.10,900,3,35,1.0808,0.65,linear,77,943.00,1.219384
9778,1000,0.10,900,3,35,1.0472,0.65,linear,78,962.00,1.022846
9779,1000,0.10,900,3,35,1.0513,0.65,linear,79,934.00,0.503363
9780,1000,0.10,900,3,35,1.0519,0.65,linear,80,954.00,0.522358
9781,1000,0.10,900,3,35,1.0444,0.65,linear,81,982.00,0.425728
9782,1000,0.10,900,3,35,0.9948,0.65,linear,82,952.00,0.214271
9783,1000,0.10,900,3,35,1.0111,0.65,linear,83,969.00,0.590306
9784,1000,0.10,900,3,35,0.9961,0.65,linear,84,987.00,1.304338
9785,1000,0.10,900,3,35,1.0039,0.65,linear,85,975.00,0.591709
9786,1000,0.10,900,3,35,1.0606,0.65,linear,86,997.00,0.750881
9787,1000,0.10,900,3,35,1.0966,0.65,linear,87,1017.00,0.878938
9788,1000,0.10,900,3,35,1.0272,0.65,linear,88,963.00,1.709255
9789,1000,0.10,900,3,35,1.0770,0.65,linear,89,1003.00,0.186332
9790,1000,0.10,900,3,35,1.0385,0.65,linear,90,966.00,0.426462
9791,1000,0.10,900,3,35,1.0092,0.65,linear,91,956.00,0.318302
9792,1000,0.10,900,3,35,1.0374,0.65,linear,92,946.00,0.318142
9793,1000,0.10,900,3,35,1.0191,0.65,linear,93,986.00,0.841553
9794,1000,0.10,900,3,35,0.9876,0.65,linear,94,1012.00,0.995811
9795,1000,0.10,900,3,35,1.0599,0.65,linear,95,978.00,0.690618
9796,1000,0.10,900,3,35,1.0173,0.65,linear,96,1049.00,0.649019
9797,1000,0.10,900,3,35,1.0962,0.65,linear,97,974.00,0.988768
9798,1000,0.10,900,3,35,1.0183,0.65,linear,98,962.00,1.135180
9799,1000,0.10,900,3,35,1.0182,0.65,linear,99,994.00,0.362396
9800,1000,0.10,900,3,35,1.0655,0.70,linear,0,999.00,0.484201
9801,1000,0.10,900,3,35,1.0362,0.70,linear,1,979.00,0.761985
9802,1000,0.10,900,3,35,1.0749,0.70,linear,2,985.00,0.365722
9803,1000,0.10,900,3,35,1.0373,0.70,linear,3,953.00,2.200990
9804,1000,0.10,900,3,35,1.0555,0.70,linear,4,941.00,0.244451
9805,1000,0.10,900,3,35,1.0343,0.70,linear,5,962.00,0.974860
9806,1000,0.10,900,3,35,1.0080,0.70,linear,6,967.00,0.420527
9807,1000,0.10,900,3,35,0.9880,0.70,linear,7,976.00,0.759548
9808,1000,0.10,900,3,35,1.0948,0.70,linear,8,986.00,0.379545
9809,1000,0.10,900,3,35,1.0567,0.70,linear,9,965.00,0.898661
9810,1000,0.10,900,3,35,1.0571,0.70,linear,10,1012.00,0.270576
9811,1000,0.10,900,3,35,1.0478,0.70,linear,11,988.00,1.174704
9812,1000,0.10,900,3,35,1.0567,0.70,linear,12,1016.00,0.509744
9813,1000,0.10,900,3,35,1.0242,0.70,linear,13,987.00,0.565724
9814,1000,0.10,900,3,35,1.0112,0.70,linear,14,973.00,0.274329
9815,1000,0.10,900,3,35,1.0134,0.70,linear,15,983.00,0.098843
9816,1000,0.10,900,3,35,1.0155,0.70,linear,16,957.00,1.422664
9817,1000,0.10,900,3,35,1.0280,0.70,linear,17,966.00,0.226837
9818,1000,0.10,900,3,35,1.0841,0.70,linear,18,955.00,0.225825
9819,1000,0.10,900,3,35,1.0422,0.70,linear,19,998.00,0.446313
9820,1000,0.10,900,3,35,1.0981,0.70,linear,20,964.00,1.045716
9821,1000,0.10,900,3,35,1.0556,0.70,linear,21,1014.00,0.481711
9822,1000,0.10,900,3,35,1.0280,0.70,linear,22,995.00,0.306538
9823,1000,0.10,900,3,35,1.0223,0.70,linear,23,1016.00,3.341847
9824,1000,0.10,900,3,35,1.0132,0.70,linear,24,982.00,0.616092
9825,1000,0.10,900,3,35,1.0636,0.70,linear,25,1000.00,0.238382
9826,1000,0.10,900,3,35,1.0761,0.70,linear,26,956.00,0.323817
9827,1000,0.10,900,3,35,1.0794,0.70,linear,27,1002.00,0.987976
9828,1000,0.10,900,3,35,1.0257,0.70,linear,28,961.00,0.461172
9829,1000,0.10,900,3,35,0.9784,0.70,linear,29,939.00,0.841196
9830,1000,0.10,900,3,35,1.0290,0.70,linear,30,973.00,0.465456
9831,1000,0.10,900,3,35,1.0086,0.70,linear,31,998.00,0.271684
9832,1000,0.10,900,3,35,1.0652,0.70,linear,32,965.00,1.557370
9833,1000,0.10,900,3,35,1.0676,0.70,linear,33,953.00,0.329182
9834,1000,0.10,900,3,35,1.0465,0.70,linear,34,991.00,0.196485
9835,1000,0.10,900,3,35,1.0104,0.70,linear,35,977.00,0.740714
9836,1000,0.10,900,3,35,1.0142,0.70,linear,36,982.00,0.859315
9837,1000,0.10,900,3,35,1.0691,0.70,linear,37,1017.00,0.581249
9838,1000,0.10,900,3,35,1.0869,0.70,linear,38,979.00,0.598242
9839,1000,0.10,900,3,35,1.0507,0.70,linear,39,982.00,0.738025
9840,1000,0.10,900,3,35,1.0086,0.70,linear,40,994.00,0.561413
9841,1000,0.10,900,3,35,1.0477,0.70,linear,41,946.00,0.890944
9842,1000,0.10,900,3,35,1.0340,0.70,linear,42,950.00,1.283570
9843,1000,0.10,900,3,35,1.0518,0.70,linear,43,969.00,0.963452
9844,1000,0.10,900,3,35,1.0052,0.70,linear,44,988.00,0.350782
9845,1000,0.10,900,3,35,1.0036,0.70,linear,45,940.00,1.178602
9846,1000,0.10,900,3,35,1.0487,0.70,linear,46,995.00,1.173985
9847,1000,0.10,900,3,35,1.0058,0.70,linear,47,983.00,1.152265
9848,1000,0.10,900,3,35,1.0418,0.70,linear,48,999.00,1.274214
9849,1000,0.10,900,3,35,1.0813,0.70,linear,49,968.00,0.464052
9850,1000,0.10,900,3,35,1.0308,0.70,linear,50,967.00,0.866399
9851,1000,0.10,900,3,35,1.0604,0.70,linear,51,976.00,0.819055
9852,1000,0.10,900,3,35,1.0279,0.70,linear,52,1001.00,0.674958
9853,1000,0.10,900,3,35,1.0638,0.70,linear,53,969.00,1.062205
9854,1000,0.10,900,3,35,1.0526,0.70,linear,54,977.00,0.724162
9855,1000,0.10,900,3,35,1.0435,0.70,linear,55,982.00,0.877161
9856,1000,0.10,900,3,35,1.0647,0.70,linear,56,1032.00,0.693981
9857,1000,0.10,900,3,35,1.0465,0.70,linear,57,980.00,2.441975
9858,1000,0.10,900,3,35,1.0300,0.70,linear,58,978.00,1.115751
9859,1000,0.10,900,3,35,1.0964,0.70,linear,59,994.00,0.394947
9860,1000,0.10,900,3,35,1.0280,0.70,linear,60,977.00,0.446084
9861,1000,0.10,900,3,35,1.0216,0.70,linear,61,993.00,1.463250
9862,1000,0.10,900,3,35,1.0403,0.70,linear,62,1019.00,1.167287
9863,1000,0.10,900,3,35,1.0487,0.70,linear,63,972.00,0.729957
9864,1000,0.10,900,3,35,1.0385,0.70,linear,64,963.00,1.145957
9865,1000,0.10,900,3,35,1.0093,0.70,linear,65,961.00,0.775201
9866,1000,0.10,900,3,35,0.9941,0.70,linear,66,991.00,2.864876
9867,1000,0.10,900,3,35,0.9918,0.70,linear,67,1031.00,1.392925
9868,1000,0.10,900,3,35,0.9806,0.70,linear,68,984.00,0.892037
9869,1000,0.10,900,3,35,1.0320,0.70,linear,69,967.00,0.865753
9870,1000,0.10,900,3,35,1.0301,0.70,linear,70,956.00,0.358002
9871,1000,0.10,900,3,35,1.0398,0.70,linear,71,962.00,1.366958
9872,1000,0.10,900,3,35,1.0836,0.70,linear,72,963.00,1.436049
9873,1000,0.10,900,3,35,1.0857,0.70,linear,73,983.00,1.123781
9874,1000,0.10,900,3,35,1.0595,0.70,linear,74,986.00,1.712150
9875,1000,0.10,900,3,35,0.9805,0.70,linear,75,989.00,2.155059
9876,1000,0.10,900,3,35,1.0131,0.70,linear,76,1004.00,0.807165
9877,1000,0.10,900,3,35,1.0346,0.70,linear,77,959.00,0.833352
9878,1000,0.10,900,3,35,1.0513,0.70,linear,78,1008.00,1.205639
9879,1000,0.10,900,3,35,1.0028,0.70,linear,79,984.00,1.185727
9880,1000,0.10,900,3,35,1.0325,0.70,linear,80,963.00,1.058046
9881,1000,0.10,900,3,35,0.9960,0.70,linear,81,978.00,1.350328
9882,1000,0.10,900,3,35,1.0306,0.70,linear,82,994.00,1.150651
9883,1000,0.10,900,3,35,1.0046,0.70,linear,83,937.00,1.380570
9884,1000,0.10,900,3,35,1.0185,0.70,linear,84,965.00,1.779901
9885,1000,0.10,900,3,35,1.0623,0.70,linear,85,984.00,0.577707
9886,1000,0.10,900,3,35,0.9971,0.70,linear,86,973.00,0.250980
9887,1000,0.10,900,3,35,1.0394,0.70,linear,87,970.00,1.103661
9888,1000,0.10,900,3,35,1.0734,0.70,linear,88,1015.00,0.349103
9889,1000,0.10,900,3,35,1.0245,0.70,linear,89,978.00,0.290912
9890,1000,0.10,900,3,35,0.9996,0.70,linear,90,1000.00,0.561303
9891,1000,0.10,900,3,35,1.0176,0.70,linear,91,974.00,0.834930
9892,1000,0.10,900,3,35,1.0367,0.70,linear,92,963.00,2.845825
9893,1000,0.10,900,3,35,1.0637,0.70,linear,93,949.00,1.202693
9894,1000,0.10,900,3,35,1.0654,0.70,linear,94,934.00,0.374103
9895,1000,0.10,900,3,35,0.9994,0.70,linear,95,996.00,0.412650
9896,1000,0.10,900,3,35,1.0519,0.70,linear,96,993.00,1.605979
9897,1000,0.10,900,3,35,1.0226,0.70,linear,97,955.00,1.080534
9898,1000,0.10,900,3,35,0.9971,0.70,linear,98,997.00,0.317302
9899,1000,0.10,900,3,35,1.0269,0.70,linear,99,993.00,0.339292
9900,1000,0.10,900,3,35,1.0136,0.75,linear,0,983.00,0.876541
9901,1000,0.10,900,3,35,1.0674,0.75,linear,1,992.00,0.360902
9902,1000,0.10,900,3,35,0.9934,0.75,linear,2,1028.00,0.685689
9903,1000,0.10,900,3,35,1.0845,0.75,linear,3,1000.00,0.303178
9904,1000,0.10,900,3,35,0.9925,0.75,linear,4,987.00,0.450241
9905,1000,0.10,900,3,35,1.0176,0.75,linear,5,995.00,0.218050
9906,1000,0.10,900,3,35,1.0751,0.75,linear,6,1009.00,1.145411
9907,1000,0.10,900,3,35,1.0462,0.75,linear,7,991.00,0.419351
9908,1000,0.10,900,3,35,1.0020,0.75,linear,8,955.00,0.327264
9909,1000,0.10,900,3,35,1.0672,0.75,linear,9,991.00,0.966757
9910,1000,0.10,900,3,35,1.0456,0.75,linear,10,955.00,0.206561
9911,1000,0.10,900,3,35,1.0138,0.75,linear,11,974.00,1.063085
9912,1000,0.10,900,3,35,1.0328,0.75,linear,12,992.00,0.700068
9913,1000,0.10,900,3,35,1.0569,0.75,linear,13,964.00,1.738834
9914,1000,0.10,900,3,35,1.0082,0.75,linear,14,978.00,0.971921
9915,1000,0.10,900,3,35,1.0014,0.75,linear,15,1033.00,0.414762
9916,1000,0.10,900,3,35,1.0206,0.75,linear,16,1004.00,0.852073
9917,1000,0.10,900,3,35,1.0578,0.75,linear,17,1004.00,0.683063
9918,1000,0.10,900,3,35,1.0247,0.75,linear,18,1015.00,0.425654
9919,1000,0.10,900,3,35,1.0892,0.75,linear,19,983.00,1.114924
9920,1000,0.10,900,3,35,1.0537,0.75,linear,20,975.00,1.061359
9921,1000,0.10,900,3,35,1.0318,0.75,linear,21,969.00,0.694945
9922,1000,0.10,900,3,35,1.0342,0.75,linear,22,979.00,0.194343
9923,1000,0.10,900,3,35,1.0393,0.75,linear,23,1012.00,1.226815
9924,1000,0.10,900,3,35,1.0127,0.75,linear,24,952.00,0.222882
9925,1000,0.10,900,3,35,1.0626,0.75,linear,25,998.00,0.949674
9926,1000,0.10,900,3,35,0.9972,0.75,linear,26,961.00,0.836157
9927,1000,0.10,900,3,35,1.0259,0.75,linear,27,1044.00,2.306761
9928,1000,0.10,900,3,35,1.0037,0.75,linear,28,980.00,0.584381
9929,1000,0.10,900,3,35,0.9887,0.75,linear,29,1009.00,0.790585
9930,1000,0.10,900,3,35,1.0433,0.75,linear,30,1001.00,1.480007
9931,1000,0.10,900,3,35,1.0532,0.75,linear,31,990.00,1.210618
9932,1000,0.10,900,3,35,1.0123,0.75,linear,32,1013.00,0.857405
9933,1000,0.10,900,3,35,1.0158,0.75,linear,33,1008.00,1.098284
9934,1000,0.10,900,3,35,1.0219,0.75,linear,34,998.00,1.538654
9935,1000,0.10,900,3,35,1.0359,0.75,linear,35,1025.00,0.684943
9936,1000,0.10,900,3,35,1.0718,0.75,linear,36,980.00,0.535996
9937,1000,0.10,900,3,35,1.0408,0.75,linear,37,1023.00,1.511717
9938,1000,0.10,900,3,35,1.0170,0.75,linear,38,1015.00,0.845718
9939,1000,0.10,900,3,35,1.0135,0.75,linear,39,1003.00,0.350990
9940,1000,0.10,900,3,35,1.0378,0.75,linear,40,964.00,0.947166
9941,1000,0.10,900,3,35,1.0434,0.75,linear,41,997.00,0.311343
9942,1000,0.10,900,3,35,1.0202,0.75,linear,42,982.00,0.256888
9943,1000,0.10,900,3,35,1.0251,0.75,linear,43,992.00,1.065834
9944,1000,0.10,900,3,35,1.0394,0.75,linear,44,993.00,0.328018
9945,1000,0.10,900,3,35,1.0446,0.75,linear,45,983.00,0.512951
9946,1000,0.10,900,3,35,0.9905,0.75,linear,46,995.00,0.521820
9947,1000,0.10,900,3,35,1.0106,0.75,linear,47,1009.00,0.471331
9948,1000,0.10,900,3,35,1.0208,0.75,linear,48,968.00,0.475509
9949,1000,0.10,900,3,35,1.0454,0.75,linear,49,991.00,0.328658
9950,1000,0.10,900,3,35,1.0560,0.75,linear,50,1008.00,1.255619
9951,1000,0.10,900,3,35,1.0097,0.75,linear,51,994.00,1.443638
9952,1000,0.10,900,3,35,0.9749,0.75,linear,52,997.00,0.445739
9953,1000,0.10,900,3,35,1.0453,0.75,linear,53,1003.00,0.937173
9954,1000,0.10,900,3,35,1.0320,0.75,linear,54,1003.00,0.473943
9955,1000,0.10,900,3,35,1.0450,0.75,linear,55,966.00,0.492590
9956,1000,0.10,900,3,35,1.0408,0.75,linear,56,951.00,0.343681
9957,1000,0.10,900,3,35,1.0442,0.75,linear,57,1009.00,1.774472
9958,1000,0.10,900,3,35,0.9871,0.75,linear,58,1009.00,3.774915
9959,1000,0.10,900,3,35,1.0470,0.75,linear,59,955.00,0.343454
9960,1000,0.10,900,3,35,1.0177,0.75,linear,60,1015.00,0.786737
9961,1000,0.10,900,3,35,1.0121,0.75,linear,61,998.00,0.715676
9962,1000,0.10,900,3,35,0.9875,0.75,linear,62,963.00,0.970473
9963,1000,0.10,900,3,35,1.0088,0.75,linear,63,1024.00,0.835390
9964,1000,0.10,900,3,35,1.0415,0.75,linear,64,968.00,2.528893
9965,1000,0.10,900,3,35,1.0087,0.75,linear,65,1045.00,0.465292
9966,1000,0.10,900,3,35,1.0704,0.75,linear,66,994.00,1.787488
9967,1000,0.10,900,3,35,1.0577,0.75,linear,67,985.00,0.337365
9968,1000,0.10,900,3,35,1.0107,0.75,linear,68,1040.00,0.499545
9969,1000,0.10,900,3,35,1.0123,0.75,linear,69,992.00,2.135063
9970,1000,0.10,900,3,35,1.0080,0.75,linear,70,1008.00,0.185747
9971,1000,0.10,900,3,35,1.0433,0.75,linear,71,998.00,0.496262
9972,1000,0.10,900,3,35,1.0412,0.75,linear,72,1006.00,1.038736
9973,1000,0.10,900,3,35,1.0383,0.75,linear,73,978.00,0.472575
9974,1000,0.10,900,3,35,1.0080,0.75,linear,74,975.00,0.478202
9975,1000,0.10,900,3,35,1.0517,0.75,linear,75,988.00,0.634463
9976,1000,0.10,900,3,35,1.0517,0.75,linear,76,982.00,0.341373
9977,1000,0.10,900,3,35,1.0377,0.75,linear,77,988.00,0.513052
9978,1000,0.10,900,3,35,1.0448,0.75,linear,78,985.00,1.045525
9979,1000,0.10,900,3,35,1.0646,0.75,linear,79,976.00,0.786303
9980,1000,0.10,900,3,35,1.0322,0.75,linear,80,999.00,0.316010
9981,1000,0.10,900,3,35,1.0360,0.75,linear,81,1012.00,0.362741
9982,1000,0.10,900,3,35,1.0075,0.75,linear,82,978.00,0.888248
9983,1000,0.10,900,3,35,1.0530,0.75,linear,83,991.00,0.629774
9984,1000,0.10,900,3,35,0.9913,0.75,linear,84,977.00,1.036535
9985,1000,0.10,900,3,35,1.0678,0.75,linear,85,1001.00,1.631321
9986,1000,0.10,900,3,35,1.0374,0.75,linear,86,971.00,0.580123
9987,1000,0.10,900,3,35,1.0387,0.75,linear,87,1002.00,1.394278
9988,1000,0.10,900,3,35,1.0301,0.75,linear,88,980.00,0.504065
9989,1000,0.10,900,3,35,1.0255,0.75,linear,89,977.00,1.142355
9990,1000,0.10,900,3,35,1.0347,0.75,linear,90,1005.00,0.301283
9991,1000,0.10,900,3,35,1.0172,0.75,linear,91,956.00,1.027697
9992,1000,0.10,900,3,35,1.0466,0.75,linear,92,1019.00,2.366390
9993,1000,0.10,900,3,35,1.0344,0.75,linear,93,974.00,0.921237
9994,1000,0.10,900,3,35,1.0212,0.75,linear,94,1007.00,1.652855
9995,1000,0.10,900,3,35,1.0230,0.75,linear,95,1008.00,0.749148
9996,1000,0.10,900,3,35,1.0412,0.75,linear,96,971.00,0.531552
9997,1000,0.10,900,3,35,1.0449,0.75,linear,97,986.00,1.382051
9998,1000,0.10,900,3,35,1.0321,0.75,linear,98,1007.00,0.597663
9999,1000,0.10,900,3,35,1.0283,0.75,linear,99,975.00,0.563094
10000,1000,0.10,900,3,35,1.0179,0.80,linear,0,1019.00,0.332283
10001,1000,0.10,900,3,35,1.0299,0.80,linear,1,969.00,1.105570
10002,1000,0.10,900,3,35,1.0370,0.80,linear,2,971.00,0.937914
10003,1000,0.10,900,3,35,1.0233,0.80,linear,3,986.00,0.848478
10004,1000,0.10,900,3,35,1.0018,0.80,linear,4,1002.00,0.362706
10005,1000,0.10,900,3,35,1.0227,0.80,linear,5,1004.00,0.393707
10006,1000,0.10,900,3,35,1.0235,0.80,linear,6,976.00,0.498550
10007,1000,0.10,900,3,35,1.0324,0.80,linear,7,985.00,2.171895
10008,1000,0.10,900,3,35,1.0335,0.80,linear,8,984.00,0.277112
10009,1000,0.10,900,3,35,1.0542,0.80,linear,9,1040.00,0.352031
10010,1000,0.10,900,3,35,1.0295,0.80,linear,10,977.00,0.701167
10011,1000,0.10,900,3,35,1.0420,0.80,linear,11,958.00,0.353274
10012,1000,0.10,900,3,35,1.0362,0.80,linear,12,1049.00,0.333900
10013,1000,0.10,900,3,35,1.0759,0.80,linear,13,986.00,0.393009
10014,1000,0.10,900,3,35,1.0590,0.80,linear,14,992.00,1.381134
10015,1000,0.10,900,3,35,1.0775,0.80,linear,15,1010.00,0.459813
10016,1000,0.10,900,3,35,1.0828,0.80,linear,16,1025.00,0.207689
10017,1000,0.10,900,3,35,1.0380,0.80,linear,17,988.00,0.773659
10018,1000,0.10,900,3,35,1.0112,0.80,linear,18,979.00,1.686060
10019,1000,0.10,900,3,35,1.0174,0.80,linear,19,996.00,0.884642
10020,1000,0.10,900,3,35,0.9815,0.80,linear,20,988.00,1.224512
10021,1000,0.10,900,3,35,1.0571,0.80,linear,21,1007.00,2.392616
10022,1000,0.10,900,3,35,0.9631,0.80,linear,22,966.00,1.287278
10023,1000,0.10,900,3,35,0.9932,0.80,linear,23,1002.00,0.920642
10024,1000,0.10,900,3,35,1.0171,0.80,linear,24,972.00,1.458808
10025,1000,0.10,900,3,35,1.0334,0.80,linear,25,1005.00,0.302548
10026,1000,0.10,900,3,35,1.0645,0.80,linear,26,1014.00,0.826575
10027,1000,0.10,900,3,35,1.0205,0.80,linear,27,972.00,0.563439
10028,1000,0.10,900,3,35,1.0005,0.80,linear,28,1006.00,1.632568
10029,1000,0.10,900,3,35,1.0512,0.80,linear,29,972.00,1.060475
10030,1000,0.10,900,3,35,0.9592,0.80,linear,30,991.00,0.996713
10031,1000,0.10,900,3,35,1.0460,0.80,linear,31,1004.00,1.560462
10032,1000,0.10,900,3,35,0.9866,0.80,linear,32,970.00,1.119570
10033,1000,0.10,900,3,35,1.0871,0.80,linear,33,1011.00,0.995532
10034,1000,0.10,900,3,35,1.0299,0.80,linear,34,1029.00,0.367371
10035,1000,0.10,900,3,35,1.0152,0.80,linear,35,1014.00,1.099768
10036,1000,0.10,900,3,35,1.0163,0.80,linear,36,969.00,0.623775
10037,1000,0.10,900,3,35,0.9980,0.80,linear,37,1015.00,0.653828
10038,1000,0.10,900,3,35,0.9715,0.80,linear,38,1009.00,0.472378
10039,1000,0.10,900,3,35,1.0056,0.80,linear,39,1053.00,0.415105
10040,1000,0.10,900,3,35,1.0332,0.80,linear,40,1001.00,0.909448
10041,1000,0.10,900,3,35,1.0373,0.80,linear,41,999.00,0.670517
10042,1000,0.10,900,3,35,0.9971,0.80,linear,42,988.00,1.647518
10043,1000,0.10,900,3,35,1.0581,0.80,linear,43,1011.00,0.954714
10044,1000,0.10,900,3,35,1.0042,0.80,linear,44,991.00,0.518165
10045,1000,0.10,900,3,35,1.0161,0.80,linear,45,974.00,0.273716
10046,1000,0.10,900,3,35,1.0564,0.80,linear,46,972.00,0.227152
10047,1000,0.10,900,3,35,1.0083,0.80,linear,47,989.00,0.731620
10048,1000,0.10,900,3,35,1.0130,0.80,linear,48,992.00,0.898451
10049,1000,0.10,900,3,35,1.0133,0.80,linear,49,1008.00,0.747280
10050,1000,0.10,900,3,35,0.9802,0.80,linear,50,966.00,1.111467
10051,1000,0.10,900,3,35,1.0361,0.80,linear,51,964.00,0.394457
10052,1000,0.10,900,3,35,1.0210,0.80,linear,52,981.00,0.718400
10053,1000,0.10,900,3,35,1.0223,0.80,linear,53,972.00,0.452130
10054,1000,0.10,900,3,35,1.0733,0.80,linear,54,992.00,0.971830
10055,1000,0.10,900,3,35,1.0413,0.80,linear,55,941.00,1.533387
10056,1000,0.10,900,3,35,1.0176,0.80,linear,56,977.00,1.777431
10057,1000,0.10,900,3,35,1.0321,0.80,linear,57,1046.00,0.555840
10058,1000,0.10,900,3,35,1.0305,0.80,linear,58,1001.00,0.773624
10059,1000,0.10,900,3,35,1.0454,0.80,linear,59,1033.00,1.765562
10060,1000,0.10,900,3,35,0.9982,0.80,linear,60,993.00,0.418355
10061,1000,0.10,900,3,35,1.0045,0.80,linear,61,975.00,0.861785
10062,1000,0.10,900,3,35,1.0434,0.80,linear,62,1021.00,0.439347
10063,1000,0.10,900,3,35,1.0668,0.80,linear,63,977.00,0.298171
10064,1000,0.10,900,3,35,1.0672,0.80,linear,64,1019.00,1.946741
10065,1000,0.10,900,3,35,1.0353,0.80,linear,65,1002.00,0.953642
10066,1000,0.10,900,3,35,1.0603,0.80,linear,66,1000.00,1.259426
10067,1000,0.10,900,3,35,1.0074,0.80,linear,67,1053.00,1.932315
10068,1000,0.10,900,3,35,1.0276,0.80,linear,68,974.00,1.039839
10069,1000,0.10,900,3,35,1.0259,0.80,linear,69,1015.00,1.719158
10070,1000,0.10,900,3,35,0.9871,0.80,linear,70,1001.00,0.556523
10071,1000,0.10,900,3,35,0.9923,0.80,linear,71,985.00,1.971316
10072,1000,0.10,900,3,35,1.0527,0.80,linear,72,961.00,0.260271
10073,1000,0.10,900,3,35,1.0167,0.80,linear,73,977.00,0.743467
10074,1000,0.10,900,3,35,1.0266,0.80,linear,74,967.00,0.455724
10075,1000,0.10,900,3,35,0.9581,0.80,linear,75,994.00,1.345037
10076,1000,0.10,900,3,35,1.0474,0.80,linear,76,981.00,1.390949
10077,1000,0.10,900,3,35,1.0476,0.80,linear,77,994.00,0.477302
10078,1000,0.10,900,3,35,1.0205,0.80,linear,78,973.00,0.309038
10079,1000,0.10,900,3,35,1.0609,0.80,linear,79,1018.00,0.285277
10080,1000,0.10,900,3,35,1.0158,0.80,linear,80,977.00,0.520917
10081,1000,0.10,900,3,35,1.0425,0.80,linear,81,980.00,0.625335
10082,1000,0.10,900,3,35,1.0703,0.80,linear,82,982.00,0.503138
10083,1000,0.10,900,3,35,1.0577,0.80,linear,83,1020.00,2.042276
10084,1000,0.10,900,3,35,1.0002,0.80,linear,84,1010.00,1.191228
10085,1000,0.10,900,3,35,1.0108,0.80,linear,85,963.00,0.597089
10086,1000,0.10,900,3,35,1.0301,0.80,linear,86,1001.00,0.493925
10087,1000,0.10,900,3,35,1.0754,0.80,linear,87,989.00,0.354683
10088,1000,0.10,900,3,35,1.0109,0.80,linear,88,1012.00,0.389089
10089,1000,0.10,900,3,35,0.9940,0.80,linear,89,996.00,0.453330
10090,1000,0.10,900,3,35,1.0366,0.80,linear,90,988.00,0.473021
10091,1000,0.10,900,3,35,1.0159,0.80,linear,91,941.00,0.258075
10092,1000,0.10,900,3,35,1.0238,0.80,linear,92,1001.00,0.503470
10093,1000,0.10,900,3,35,1.1132,0.80,linear,93,996.00,0.433675
10094,1000,0.10,900,3,35,1.0103,0.80,linear,94,1008.00,2.543606
10095,1000,0.10,900,3,35,1.0375,0.80,linear,95,982.00,1.184241
10096,1000,0.10,900,3,35,1.0232,0.80,linear,96,967.00,0.306770
10097,1000,0.10,900,3,35,1.0091,0.80,linear,97,986.00,1.151184
10098,1000,0.10,900,3,35,1.0390,0.80,linear,98,1009.00,1.156525
10099,1000,0.10,900,3,35,1.0277,0.80,linear,99,983.00,0.972696
10100,1000,0.10,900,3,35,1.0328,0.85,linear,0,994.00,1.346190
10101,1000,0.10,900,3,35,1.0359,0.85,linear,1,1030.00,0.405688
10102,1000,0.10,900,3,35,1.0574,0.85,linear,2,1017.00,0.660481
10103,1000,0.10,900,3,35,0.9918,0.85,linear,3,993.00,0.819089
10104,1000,0.10,900,3,35,1.0113,0.85,linear,4,961.00,0.736272
10105,1000,0.10,900,3,35,1.0260,0.85,linear,5,1011.00,2.839378
10106,1000,0.10,900,3,35,0.9794,0.85,linear,6,992.00,0.853353
10107,1000,0.10,900,3,35,1.0487,0.85,linear,7,986.00,0.567109
10108,1000,0.10,900,3,35,1.0258,0.85,linear,8,1002.00,1.291907
10109,1000,0.10,900,3,35,0.9863,0.85,linear,9,1016.00,1.339572
10110,1000,0.10,900,3,35,1.0344,0.85,linear,10,985.00,0.508540
10111,1000,0.10,900,3,35,1.0141,0.85,linear,11,1016.00,0.715920
10112,1000,0.10,900,3,35,1.0007,0.85,linear,12,987.00,1.021778
10113,1000,0.10,900,3,35,1.0233,0.85,linear,13,1018.00,0.368900
10114,1000,0.10,900,3,35,1.0128,0.85,linear,14,994.00,1.208958
10115,1000,0.10,900,3,35,0.9958,0.85,linear,15,993.00,0.365292
10116,1000,0.10,900,3,35,1.0062,0.85,linear,16,991.00,0.261815
10117,1000,0.10,900,3,35,0.9928,0.85,linear,17,1018.00,0.821266
10118,1000,0.10,900,3,35,0.9902,0.85,linear,18,1003.00,1.968009
10119,1000,0.10,900,3,35,1.0193,0.85,linear,19,991.00,2.692028
10120,1000,0.10,900,3,35,1.0431,0.85,linear,20,991.00,0.479522
10121,1000,0.10,900,3,35,0.9963,0.85,linear,21,997.00,0.675368
10122,1000,0.10,900,3,35,1.0346,0.85,linear,22,1015.00,0.831848
10123,1000,0.10,900,3,35,1.0280,0.85,linear,23,977.00,0.932026
10124,1000,0.10,900,3,35,1.0090,0.85,linear,24,970.00,0.466261
10125,1000,0.10,900,3,35,0.9974,0.85,linear,25,1006.00,1.243059
10126,1000,0.10,900,3,35,1.0149,0.85,linear,26,1031.00,0.558814
10127,1000,0.10,900,3,35,1.0114,0.85,linear,27,1022.00,0.487208
10128,1000,0.10,900,3,35,1.0763,0.85,linear,28,982.00,1.639049
10129,1000,0.10,900,3,35,0.9991,0.85,linear,29,1009.00,1.647564
10130,1000,0.10,900,3,35,1.0154,0.85,linear,30,1009.00,0.695958
10131,1000,0.10,900,3,35,1.0009,0.85,linear,31,980.00,1.086953
10132,1000,0.10,900,3,35,0.9982,0.85,linear,32,997.00,0.516908
10133,1000,0.10,900,3,35,1.0328,0.85,linear,33,1002.00,0.589030
10134,1000,0.10,900,3,35,1.0053,0.85,linear,34,991.00,0.757383
10135,1000,0.10,900,3,35,1.0202,0.85,linear,35,984.00,0.845633
10136,1000,0.10,900,3,35,1.0326,0.85,linear,36,1038.00,1.395976
10137,1000,0.10,900,3,35,1.0571,0.85,linear,37,1004.00,0.284847
10138,1000,0.10,900,3,35,1.0092,0.85,linear,38,971.00,0.769404
10139,1000,0.10,900,3,35,0.9935,0.85,linear,39,995.00,2.005163
10140,1000,0.10,900,3,35,0.9843,0.85,linear,40,1021.00,1.657060
10141,1000,0.10,900,3,35,1.0215,0.85,linear,41,1019.00,0.388403
10142,1000,0.10,900,3,35,1.0261,0.85,linear,42,953.00,0.623196
10143,1000,0.10,900,3,35,1.0167,0.85,linear,43,1002.00,1.246017
10144,1000,0.10,900,3,35,1.0381,0.85,linear,44,1004.00,0.930973
10145,1000,0.10,900,3,35,0.9914,0.85,linear,45,1016.00,0.564615
10146,1000,0.10,900,3,35,0.9873,0.85,linear,46,1017.00,0.306373
10147,1000,0.10,900,3,35,1.0281,0.85,linear,47,1045.00,1.152897
10148,1000,0.10,900,3,35,1.0473,0.85,linear,48,974.00,0.655599
10149,1000,0.10,900,3,35,1.0117,0.85,linear,49,994.00,0.921333
10150,1000,0.10,900,3,35,1.0407,0.85,linear,50,1024.00,1.070317
10151,1000,0.10,900,3,35,1.0879,0.85,linear,51,993.00,1.949824
10152,1000,0.10,900,3,35,1.0247,0.85,linear,52,994.00,2.116163
10153,1000,0.10,900,3,35,1.0458,0.85,linear,53,1000.00,0.273498
10154,1000,0.10,900,3,35,1.0334,0.85,linear,54,1036.00,0.488938
10155,1000,0.10,900,3,35,1.0474,0.85,linear,55,1037.00,0.586543
10156,1000,0.10,900,3,35,1.0281,0.85,linear,56,1005.00,0.429751
10157,1000,0.10,900,3,35,1.0488,0.85,linear,57,984.00,0.496475
10158,1000,0.10,900,3,35,1.0223,0.85,linear,58,1043.00,0.516816
10159,1000,0.10,900,3,35,0.9710,0.85,linear,59,988.00,1.004871
10160,1000,0.10,900,3,35,1.0521,0.85,linear,60,986.00,0.925598
10161,1000,0.10,900,3,35,1.0633,0.85,linear,61,961.00,0.616243
10162,1000,0.10,900,3,35,1.0636,0.85,linear,62,993.00,1.279469
10163,1000,0.10,900,3,35,1.0725,0.85,linear,63,1007.00,1.510149
10164,1000,0.10,900,3,35,1.0037,0.85,linear,64,998.00,2.853057
10165,1000,0.10,900,3,35,1.0644,0.85,linear,65,1006.00,1.047708
10166,1000,0.10,900,3,35,1.0276,0.85,linear,66,973.00,1.788646
10167,1000,0.10,900,3,35,1.0094,0.85,linear,67,1024.00,1.578515
10168,1000,0.10,900,3,35,0.9907,0.85,linear,68,999.00,0.609535
10169,1000,0.10,900,3,35,1.0171,0.85,linear,69,989.00,0.948672
10170,1000,0.10,900,3,35,1.0517,0.85,linear,70,1000.00,0.881591
10171,1000,0.10,900,3,35,1.0034,0.85,linear,71,1008.00,0.686672
10172,1000,0.10,900,3,35,0.9943,0.85,linear,72,1029.00,2.807127
10173,1000,0.10,900,3,35,1.0496,0.85,linear,73,1002.00,1.013838
10174,1000,0.10,900,3,35,1.0116,0.85,linear,74,999.00,0.819501
10175,1000,0.10,900,3,35,0.9987,0.85,linear,75,994.00,0.381360
10176,1000,0.10,900,3,35,1.0118,0.85,linear,76,1044.00,1.834106
10177,1000,0.10,900,3,35,1.0167,0.85,linear,77,1010.00,1.125943
10178,1000,0.10,900,3,35,1.0360,0.85,linear,78,1011.00,1.353243
10179,1000,0.10,900,3,35,1.0093,0.85,linear,79,987.00,0.860584
10180,1000,0.10,900,3,35,1.0196,0.85,linear,80,1003.00,0.648063
10181,1000,0.10,900,3,35,1.0246,0.85,linear,81,996.00,0.491709
10182,1000,0.10,900,3,35,1.0133,0.85,linear,82,1009.00,0.416778
10183,1000,0.10,900,3,35,1.0207,0.85,linear,83,989.00,0.419787
10184,1000,0.10,900,3,35,1.0179,0.85,linear,84,1019.00,0.531845
10185,1000,0.10,900,3,35,1.0228,0.85,linear,85,1003.00,1.795403
10186,1000,0.10,900,3,35,1.0464,0.85,linear,86,979.00,0.298679
10187,1000,0.10,900,3,35,1.0792,0.85,linear,87,999.00,0.455789
10188,1000,0.10,900,3,35,1.0117,0.85,linear,88,1020.00,0.354786
10189,1000,0.10,900,3,35,0.9977,0.85,linear,89,956.00,0.751758
10190,1000,0.10,900,3,35,1.0048,0.85,linear,90,1011.00,0.645045
10191,1000,0.10,900,3,35,0.9297,0.85,linear,91,993.00,0.486193
10192,1000,0.10,900,3,35,0.9875,0.85,linear,92,1015.00,0.899104
10193,1000,0.10,900,3,35,1.0180,0.85,linear,93,1024.00,0.324084
10194,1000,0.10,900,3,35,1.0158,0.85,linear,94,991.00,1.491645
10195,1000,0.10,900,3,35,1.0431,0.85,linear,95,966.00,0.836374
10196,1000,0.10,900,3,35,0.9964,0.85,linear,96,989.00,0.663787
10197,1000,0.10,900,3,35,1.0508,0.85,linear,97,1008.00,0.340521
10198,1000,0.10,900,3,35,1.0346,0.85,linear,98,996.00,0.544105
10199,1000,0.10,900,3,35,1.0455,0.85,linear,99,1016.00,0.345622
10200,1000,0.10,900,3,35,0.9818,0.90,linear,0,1023.00,0.271385
10201,1000,0.10,900,3,35,1.0320,0.90,linear,1,994.00,1.552565
10202,1000,0.10,900,3,35,1.0205,0.90,linear,2,1108.00,0.509486
10203,1000,0.10,900,3,35,1.0162,0.90,linear,3,1007.00,0.622424
10204,1000,0.10,900,3,35,1.0394,0.90,linear,4,962.00,0.500515
10205,1000,0.10,900,3,35,1.0405,0.90,linear,5,1012.00,0.291099
10206,1000,0.10,900,3,35,0.9995,0.90,linear,6,1030.00,0.389453
10207,1000,0.10,900,3,35,1.0085,0.90,linear,7,1023.00,0.740521
10208,1000,0.10,900,3,35,1.0123,0.90,linear,8,1015.00,0.920539
10209,1000,0.10,900,3,35,1.0092,0.90,linear,9,965.00,0.917899
10210,1000,0.10,900,3,35,1.0209,0.90,linear,10,1002.00,0.393440
10211,1000,0.10,900,3,35,1.0400,0.90,linear,11,1027.00,0.476365
10212,1000,0.10,900,3,35,1.0212,0.90,linear,12,990.00,0.871789
10213,1000,0.10,900,3,35,1.0234,0.90,linear,13,999.00,1.600590
10214,1000,0.10,900,3,35,1.0401,0.90,linear,14,1016.00,0.836715
10215,1000,0.10,900,3,35,1.0104,0.90,linear,15,1040.00,0.322705
10216,1000,0.10,900,3,35,1.0118,0.90,linear,16,981.00,0.395190
10217,1000,0.10,900,3,35,1.0033,0.90,linear,17,981.00,0.680014
10218,1000,0.10,900,3,35,1.0551,0.90,linear,18,987.00,0.475773
10219,1000,0.10,900,3,35,1.0110,0.90,linear,19,1018.00,1.270831
10220,1000,0.10,900,3,35,1.0616,0.90,linear,20,1010.00,0.436909
10221,1000,0.10,900,3,35,1.0519,0.90,linear,21,1009.00,0.540262
10222,1000,0.10,900,3,35,0.9961,0.90,linear,22,977.00,0.394340
10223,1000,0.10,900,3,35,0.9947,0.90,linear,23,1021.00,0.732686
10224,1000,0.10,900,3,35,1.0016,0.90,linear,24,984.00,0.590911
10225,1000,0.10,900,3,35,1.0194,0.90,linear,25,1048.00,0.548214
10226,1000,0.10,900,3,35,0.9907,0.90,linear,26,1028.00,1.796899
10227,1000,0.10,900,3,35,1.0109,0.90,linear,27,1003.00,0.561182
10228,1000,0.10,900,3,35,1.0507,0.90,linear,28,1008.00,0.598809
10229,1000,0.10,900,3,35,1.0033,0.90,linear,29,999.00,0.383059
10230,1000,0.10,900,3,35,0.9767,0.90,linear,30,1005.00,0.943898
10231,1000,0.10,900,3,35,1.0405,0.90,linear,31,1009.00,1.606089
10232,1000,0.10,900,3,35,1.0264,0.90,linear,32,1065.00,0.673331
10233,1000,0.10,900,3,35,1.0133,0.90,linear,33,1029.00,0.286433
10234,1000,0.10,900,3,35,1.0455,0.90,linear,34,1016.00,1.031783
10235,1000,0.10,900,3,35,0.9744,0.90,linear,35,999.00,0.964523
10236,1000,0.10,900,3,35,1.0534,0.90,linear,36,1023.00,3.517950
10237,1000,0.10,900,3,35,1.0016,0.90,linear,37,1009.00,0.677325
10238,1000,0.10,900,3,35,1.0853,0.90,linear,38,1007.00,0.767264
10239,1000,0.10,900,3,35,1.0281,0.90,linear,39,1034.00,1.287910
10240,1000,0.10,900,3,35,1.0033,0.90,linear,40,978.00,0.522374
10241,1000,0.10,900,3,35,1.0383,0.90,linear,41,980.00,0.721979
10242,1000,0.10,900,3,35,1.0374,0.90,linear,42,973.00,0.254171
10243,1000,0.10,900,3,35,1.0413,0.90,linear,43,1005.00,1.200518
10244,1000,0.10,900,3,35,1.0282,0.90,linear,44,1008.00,0.663481
10245,1000,0.10,900,3,35,1.0222,0.90,linear,45,1035.00,0.838902
10246,1000,0.10,900,3,35,1.0093,0.90,linear,46,1000.00,0.553492
10247,1000,0.10,900,3,35,0.9886,0.90,linear,47,1008.00,0.878302
10248,1000,0.10,900,3,35,1.0259,0.90,linear,48,1027.00,0.343649
10249,1000,0.10,900,3,35,1.0162,0.90,linear,49,1007.00,0.564567
10250,1000,0.10,900,3,35,1.0517,0.90,linear,50,974.00,1.049265
10251,1000,0.10,900,3,35,1.0474,0.90,linear,51,1005.00,0.965478
10252,1000,0.10,900,3,35,0.9862,0.90,linear,52,983.00,1.324530
10253,1000,0.10,900,3,35,1.0430,0.90,linear,53,1011.00,0.702143
10254,1000,0.10,900,3,35,0.9663,0.90,linear,54,973.00,0.262713
10255,1000,0.10,900,3,35,1.0108,0.90,linear,55,1040.00,1.202567
10256,1000,0.10,900,3,35,1.0514,0.90,linear,56,950.00,0.440860
10257,1000,0.10,900,3,35,1.0171,0.90,linear,57,1029.00,1.428170
10258,1000,0.10,900,3,35,1.0415,0.90,linear,58,1039.00,0.586697
10259,1000,0.10,900,3,35,1.0179,0.90,linear,59,1021.00,0.241532
10260,1000,0.10,900,3,35,1.0157,0.90,linear,60,1024.00,1.349616
10261,1000,0.10,900,3,35,0.9887,0.90,linear,61,1024.00,0.261808
10262,1000,0.10,900,3,35,1.0314,0.90,linear,62,998.00,0.833033
10263,1000,0.10,900,3,35,1.0166,0.90,linear,63,987.00,0.693263
10264,1000,0.10,900,3,35,1.0237,0.90,linear,64,1003.00,0.343472
10265,1000,0.10,900,3,35,0.9918,0.90,linear,65,981.00,0.859944
10266,1000,0.10,900,3,35,1.0832,0.90,linear,66,1008.00,1.136025
10267,1000,0.10,900,3,35,0.9879,0.90,linear,67,986.00,1.143681
10268,1000,0.10,900,3,35,0.9877,0.90,linear,68,1021.00,1.030008
10269,1000,0.10,900,3,35,0.9987,0.90,linear,69,1000.00,1.762196
10270,1000,0.10,900,3,35,0.9939,0.90,linear,70,1001.00,1.242967
10271,1000,0.10,900,3,35,1.0200,0.90,linear,71,1028.00,2.115354
10272,1000,0.10,900,3,35,1.0508,0.90,linear,72,1001.00,0.792258
10273,1000,0.10,900,3,35,1.0236,0.90,linear,73,986.00,1.442381
10274,1000,0.10,900,3,35,1.0075,0.90,linear,74,1015.00,0.231301
10275,1000,0.10,900,3,35,1.0012,0.90,linear,75,1005.00,0.997999
10276,1000,0.10,900,3,35,1.0032,0.90,linear,76,1021.00,0.758699
10277,1000,0.10,900,3,35,1.0451,0.90,linear,77,1025.00,0.376574
10278,1000,0.10,900,3,35,1.0031,0.90,linear,78,1004.00,0.387869
10279,1000,0.10,900,3,35,1.0279,0.90,linear,79,985.00,0.737736
10280,1000,0.10,900,3,35,0.9925,0.90,linear,80,995.00,0.890730
10281,1000,0.10,900,3,35,0.9730,0.90,linear,81,978.00,0.654553
10282,1000,0.10,900,3,35,1.0573,0.90,linear,82,995.00,1.808401
10283,1000,0.10,900,3,35,0.9923,0.90,linear,83,1026.00,1.592575
10284,1000,0.10,900,3,35,1.0110,0.90,linear,84,1007.00,1.379963
10285,1000,0.10,900,3,35,0.9885,0.90,linear,85,974.00,0.554281
10286,1000,0.10,900,3,35,0.9802,0.90,linear,86,978.00,0.217676
10287,1000,0.10,900,3,35,1.0085,0.90,linear,87,1009.00,0.605048
10288,1000,0.10,900,3,35,0.9828,0.90,linear,88,1047.00,0.553088
10289,1000,0.10,900,3,35,1.0138,0.90,linear,89,1024.00,0.759787
10290,1000,0.10,900,3,35,1.0373,0.90,linear,90,965.00,0.722600
10291,1000,0.10,900,3,35,0.9647,0.90,linear,91,1004.00,0.635873
10292,1000,0.10,900,3,35,0.9994,0.90,linear,92,1003.00,0.669036
10293,1000,0.10,900,3,35,0.9815,0.90,linear,93,990.00,1.177834
10294,1000,0.10,900,3,35,1.0432,0.90,linear,94,1020.00,0.831254
10295,1000,0.10,900,3,35,0.9694,0.90,linear,95,981.00,0.440461
10296,1000,0.10,900,3,35,1.0327,0.90,linear,96,1015.00,1.341088
10297,1000,0.10,900,3,35,1.0477,0.90,linear,97,1030.00,0.398953
10298,1000,0.10,900,3,35,0.9818,0.90,linear,98,1040.00,1.264981
10299,1000,0.10,900,3,35,1.0156,0.90,linear,99,1025.00,0.489579
10300,1000,0.10,900,3,35,1.0326,0.95,linear,0,1008.00,0.462100
10301,1000,0.10,900,3,35,1.0112,0.95,linear,1,1068.00,0.901278
10302,1000,0.10,900,3,35,0.9967,0.95,linear,2,1039.00,0.602965
10303,1000,0.10,900,3,35,1.0754,0.95,linear,3,965.00,2.005441
10304,1000,0.10,900,3,35,0.9757,0.95,linear,4,1004.00,0.543203
10305,1000,0.10,900,3,35,1.0215,0.95,linear,5,1028.00,0.802347
10306,1000,0.10,900,3,35,0.9840,0.95,linear,6,1038.00,0.639235
10307,1000,0.10,900,3,35,0.9685,0.95,linear,7,1012.00,0.686481
10308,1000,0.10,900,3,35,1.0433,0.95,linear,8,994.00,0.508173
10309,1000,0.10,900,3,35,0.9925,0.95,linear,9,1055.00,2.163617
10310,1000,0.10,900,3,35,1.0129,0.95,linear,10,1026.00,1.613082
10311,1000,0.10,900,3,35,0.9963,0.95,linear,11,984.00,0.667503
10312,1000,0.10,900,3,35,1.0230,0.95,linear,12,1029.00,0.522652
10313,1000,0.10,900,3,35,1.0251,0.95,linear,13,1035.00,1.604562
10314,1000,0.10,900,3,35,1.0090,0.95,linear,14,970.00,2.020968
10315,1000,0.10,900,3,35,1.0230,0.95,linear,15,982.00,0.424416
10316,1000,0.10,900,3,35,1.0179,0.95,linear,16,997.00,1.623448
10317,1000,0.10,900,3,35,0.9914,0.95,linear,17,998.00,0.775799
10318,1000,0.10,900,3,35,1.0479,0.95,linear,18,995.00,2.126239
10319,1000,0.10,900,3,35,0.9750,0.95,linear,19,996.00,1.480519
10320,1000,0.10,900,3,35,1.0491,0.95,linear,20,978.00,1.444344
10321,1000,0.10,900,3,35,1.0162,0.95,linear,21,1030.00,1.856536
10322,1000,0.10,900,3,35,0.9958,0.95,linear,22,1032.00,0.466358
10323,1000,0.10,900,3,35,0.9993,0.95,linear,23,997.00,2.364392
10324,1000,0.10,900,3,35,1.0406,0.95,linear,24,1003.00,0.930485
10325,1000,0.10,900,3,35,0.9783,0.95,linear,25,1014.00,0.360597
10326,1000,0.10,900,3,35,1.0104,0.95,linear,26,1023.00,0.486707
10327,1000,0.10,900,3,35,0.9828,0.95,linear,27,989.00,0.604585
10328,1000,0.10,900,3,35,0.9658,0.95,linear,28,1004.00,0.390171
10329,1000,0.10,900,3,35,1.0241,0.95,linear,29,997.00,0.454142
10330,1000,0.10,900,3,35,1.0241,0.95,linear,30,1015.00,0.877170
10331,1000,0.10,900,3,35,1.0064,0.95,linear,31,1032.00,0.571037
10332,1000,0.10,900,3,35,1.0051,0.95,linear,32,975.00,0.584804
10333,1000,0.10,900,3,35,0.9917,0.95,linear,33,1001.00,0.386416
10334,1000,0.10,900,3,35,0.9864,0.95,linear,34,1002.00,0.433784
10335,1000,0.10,900,3,35,0.9883,0.95,linear,35,1010.00,0.962395
10336,1000,0.10,900,3,35,1.0231,0.95,linear,36,1037.00,0.570893
10337,1000,0.10,900,3,35,0.9851,0.95,linear,37,1051.00,2.203093
10338,1000,0.10,900,3,35,1.0547,0.95,linear,38,980.00,0.823138
10339,1000,0.10,900,3,35,0.9729,0.95,linear,39,997.00,0.967893
10340,1000,0.10,900,3,35,0.9640,0.95,linear,40,978.00,1.153759
10341,1000,0.10,900,3,35,0.9732,0.95,linear,41,1008.00,0.642774
10342,1000,0.10,900,3,35,0.9769,0.95,linear,42,1023.00,0.733379
10343,1000,0.10,900,3,35,0.9646,0.95,linear,43,962.00,0.505029
10344,1000,0.10,900,3,35,0.9911,0.95,linear,44,1007.00,0.296289
10345,1000,0.10,900,3,35,1.0059,0.95,linear,45,1004.00,0.506783
10346,1000,0.10,900,3,35,0.9754,0.95,linear,46,954.00,0.364797
10347,1000,0.10,900,3,35,1.0414,0.95,linear,47,1022.00,1.181357
10348,1000,0.10,900,3,35,1.0221,0.95,linear,48,1035.00,0.844885
10349,1000,0.10,900,3,35,1.0105,0.95,linear,49,1015.00,0.406127
10350,1000,0.10,900,3,35,1.0215,0.95,linear,50,1042.00,0.785560
10351,1000,0.10,900,3,35,1.0256,0.95,linear,51,1026.00,0.924867
10352,1000,0.10,900,3,35,1.0039,0.95,linear,52,991.00,0.251575
10353,1000,0.10,900,3,35,1.0074,0.95,linear,53,1023.00,0.654840
10354,1000,0.10,900,3,35,0.9987,0.95,linear,54,994.00,0.321908
10355,1000,0.10,900,3,35,0.9380,0.95,linear,55,1064.00,1.646561
10356,1000,0.10,900,3,35,0.9814,0.95,linear,56,1021.00,1.617647
10357,1000,0.10,900,3,35,1.0165,0.95,linear,57,980.00,1.245142
10358,1000,0.10,900,3,35,1.0013,0.95,linear,58,1009.00,1.356764
10359,1000,0.10,900,3,35,1.0157,0.95,linear,59,962.00,0.786523
10360,1000,0.10,900,3,35,1.0096,0.95,linear,60,1006.00,0.849123
10361,1000,0.10,900,3,35,0.9831,0.95,linear,61,993.00,0.604448
10362,1000,0.10,900,3,35,1.0605,0.95,linear,62,1029.00,0.364421
10363,1000,0.10,900,3,35,0.9630,0.95,linear,63,976.00,0.690102
10364,1000,0.10,900,3,35,0.9786,0.95,linear,64,960.00,0.529221
10365,1000,0.10,900,3,35,1.0332,0.95,linear,65,985.00,0.698694
10366,1000,0.10,900,3,35,1.0134,0.95,linear,66,1020.00,0.229117
10367,1000,0.10,900,3,35,1.0465,0.95,linear,67,996.00,0.884636
10368,1000,0.10,900,3,35,0.9762,0.95,linear,68,981.00,0.292043
10369,1000,0.10,900,3,35,1.0118,0.95,linear,69,1029.00,1.499714
10370,1000,0.10,900,3,35,0.9981,0.95,linear,70,1026.00,0.534991
10371,1000,0.10,900,3,35,0.9750,0.95,linear,71,1017.00,0.430568
10372,1000,0.10,900,3,35,0.9935,0.95,linear,72,1044.00,1.256497
10373,1000,0.10,900,3,35,0.9822,0.95,linear,73,1023.00,0.687966
10374,1000,0.10,900,3,35,1.0160,0.95,linear,74,987.00,0.378905
10375,1000,0.10,900,3,35,1.0295,0.95,linear,75,1039.00,2.089426
10376,1000,0.10,900,3,35,1.0095,0.95,linear,76,1023.00,1.761271
10377,1000,0.10,900,3,35,1.0028,0.95,linear,77,975.00,0.487264
10378,1000,0.10,900,3,35,1.0243,0.95,linear,78,1027.00,0.493862
10379,1000,0.10,900,3,35,0.9578,0.95,linear,79,1032.00,0.321825
10380,1000,0.10,900,3,35,1.0421,0.95,linear,80,1017.00,0.446185
10381,1000,0.10,900,3,35,1.0266,0.95,linear,81,1003.00,0.910652
10382,1000,0.10,900,3,35,1.0180,0.95,linear,82,1002.00,0.627665
10383,1000,0.10,900,3,35,1.0277,0.95,linear,83,990.00,0.880688
10384,1000,0.10,900,3,35,1.0024,0.95,linear,84,979.00,0.376041
10385,1000,0.10,900,3,35,1.0111,0.95,linear,85,1028.00,1.332276
10386,1000,0.10,900,3,35,1.0079,0.95,linear,86,1031.00,0.311040
10387,1000,0.10,900,3,35,1.0133,0.95,linear,87,1001.00,0.542896
10388,1000,0.10,900,3,35,1.0134,0.95,linear,88,998.00,0.533420
10389,1000,0.10,900,3,35,1.0573,0.95,linear,89,983.00,0.538781
10390,1000,0.10,900,3,35,1.0049,0.95,linear,90,963.00,0.443656
10391,1000,0.10,900,3,35,1.0234,0.95,linear,91,997.00,1.054229
10392,1000,0.10,900,3,35,1.0334,0.95,linear,92,1025.00,0.523209
10393,1000,0.10,900,3,35,1.0062,0.95,linear,93,997.00,0.721741
10394,1000,0.10,900,3,35,0.9846,0.95,linear,94,1039.00,0.339532
10395,1000,0.10,900,3,35,1.0076,0.95,linear,95,1006.00,0.565436
10396,1000,0.10,900,3,35,1.0122,0.95,linear,96,1025.00,1.162970
10397,1000,0.10,900,3,35,0.9820,0.95,linear,97,1006.00,0.344660
10398,1000,0.10,900,3,35,0.9768,0.95,linear,98,1019.00,0.546343
10399,1000,0.10,900,3,35,0.9876,0.95,linear,99,1039.00,0.572861
10400,1000,0.10,900,3,35,1.0032,1.00,linear,0,1018.00,0.575607
10401,1000,0.10,900,3,35,0.9820,1.00,linear,1,1026.00,0.463954
10402,1000,0.10,900,3,35,1.0096,1.00,linear,2,1038.00,0.392083
10403,1000,0.10,900,3,35,1.0118,1.00,linear,3,1040.00,1.278781
10404,1000,0.10,900,3,35,0.9907,1.00,linear,4,994.00,1.152315
10405,1000,0.10,900,3,35,0.9965,1.00,linear,5,987.00,0.971772
10406,1000,0.10,900,3,35,1.0333,1.00,linear,6,1004.00,0.959759
10407,1000,0.10,900,3,35,0.9859,1.00,linear,7,1014.00,0.332904
10408,1000,0.10,900,3,35,1.0330,1.00,linear,8,1020.00,0.541683
10409,1000,0.10,900,3,35,0.9961,1.00,linear,9,1033.00,0.651517
10410,1000,0.10,900,3,35,0.9854,1.00,linear,10,1014.00,0.897002
10411,1000,0.10,900,3,35,0.9634,1.00,linear,11,1012.00,0.458017
10412,1000,0.10,900,3,35,1.0293,1.00,linear,12,982.00,0.950202
10413,1000,0.10,900,3,35,1.0161,1.00,linear,13,1012.00,0.416944
10414,1000,0.10,900,3,35,0.9639,1.00,linear,14,1016.00,1.720618
10415,1000,0.10,900,3,35,1.0212,1.00,linear,15,988.00,1.591892
10416,1000,0.10,900,3,35,0.9922,1.00,linear,16,986.00,1.008785
10417,1000,0.10,900,3,35,1.0163,1.00,linear,17,1029.00,0.462434
10418,1000,0.10,900,3,35,1.0577,1.00,linear,18,999.00,0.379562
10419,1000,0.10,900,3,35,1.0395,1.00,linear,19,1021.00,1.828819
10420,1000,0.10,900,3,35,0.9905,1.00,linear,20,990.00,1.209412
10421,1000,0.10,900,3,35,1.0265,1.00,linear,21,980.00,0.313505
10422,1000,0.10,900,3,35,0.9819,1.00,linear,22,998.00,0.725924
10423,1000,0.10,900,3,35,0.9874,1.00,linear,23,1001.00,0.459464
10424,1000,0.10,900,3,35,1.0430,1.00,linear,24,987.00,0.680017
10425,1000,0.10,900,3,35,0.9744,1.00,linear,25,1030.00,0.471188
10426,1000,0.10,900,3,35,0.9918,1.00,linear,26,1006.00,0.813494
10427,1000,0.10,900,3,35,0.9976,1.00,linear,27,1013.00,0.594180
10428,1000,0.10,900,3,35,1.0078,1.00,linear,28,1025.00,0.671037
10429,1000,0.10,900,3,35,1.0512,1.00,linear,29,1033.00,0.180132
10430,1000,0.10,900,3,35,1.0003,1.00,linear,30,1000.00,1.002062
10431,1000,0.10,900,3,35,1.0033,1.00,linear,31,1070.00,1.177291
10432,1000,0.10,900,3,35,0.9917,1.00,linear,32,975.00,0.884139
10433,1000,0.10,900,3,35,1.0372,1.00,linear,33,1051.00,1.607182
10434,1000,0.10,900,3,35,0.9753,1.00,linear,34,1044.00,1.174339
10435,1000,0.10,900,3,35,1.0270,1.00,linear,35,997.00,0.516684
10436,1000,0.10,900,3,35,1.0217,1.00,linear,36,1027.00,0.675189
10437,1000,0.10,900,3,35,0.9978,1.00,linear,37,1062.00,0.401726
10438,1000,0.10,900,3,35,1.0293,1.00,linear,38,1035.00,0.970124
10439,1000,0.10,900,3,35,0.9785,1.00,linear,39,1011.00,0.681520
10440,1000,0.10,900,3,35,0.9853,1.00,linear,40,1035.00,0.471328
10441,1000,0.10,900,3,35,1.0089,1.00,linear,41,1027.00,0.865963
10442,1000,0.10,900,3,35,1.0001,1.00,linear,42,1036.00,0.375727
10443,1000,0.10,900,3,35,1.0425,1.00,linear,43,1021.00,2.082715
10444,1000,0.10,900,3,35,0.9705,1.00,linear,44,1061.00,0.544342
10445,1000,0.10,900,3,35,0.9986,1.00,linear,45,1020.00,0.714834
10446,1000,0.10,900,3,35,0.9659,1.00,linear,46,1018.00,0.847453
10447,1000,0.10,900,3,35,0.9947,1.00,linear,47,1016.00,0.494210
10448,1000,0.10,900,3,35,1.0175,1.00,linear,48,1034.00,0.491266
10449,1000,0.10,900,3,35,1.0215,1.00,linear,49,1015.00,0.983861
10450,1000,0.10,900,3,35,1.0303,1.00,linear,50,1052.00,1.427763
10451,1000,0.10,900,3,35,1.0112,1.00,linear,51,1039.00,0.406344
10452,1000,0.10,900,3,35,0.9613,1.00,linear,52,1019.00,0.491649
10453,1000,0.10,900,3,35,0.9556,1.00,linear,53,1027.00,0.722917
10454,1000,0.10,900,3,35,0.9811,1.00,linear,54,1023.00,0.689385
10455,1000,0.10,900,3,35,1.0047,1.00,linear,55,1045.00,0.735694
10456,1000,0.10,900,3,35,0.9719,1.00,linear,56,1023.00,1.290435
10457,1000,0.10,900,3,35,0.9849,1.00,linear,57,1024.00,1.072091
10458,1000,0.10,900,3,35,1.0123,1.00,linear,58,1013.00,0.638225
10459,1000,0.10,900,3,35,1.0016,1.00,linear,59,1012.00,0.646394
10460,1000,0.10,900,3,35,0.9838,1.00,linear,60,1033.00,0.428327
10461,1000,0.10,900,3,35,1.0250,1.00,linear,61,1018.00,1.222871
10462,1000,0.10,900,3,35,1.0300,1.00,linear,62,1010.00,0.424054
10463,1000,0.10,900,3,35,1.0074,1.00,linear,63,1024.00,0.483077
10464,1000,0.10,900,3,35,0.9952,1.00,linear,64,1007.00,1.298046
10465,1000,0.10,900,3,35,0.9785,1.00,linear,65,1041.00,1.267109
10466,1000,0.10,900,3,35,1.0012,1.00,linear,66,1055.00,0.479955
10467,1000,0.10,900,3,35,0.9836,1.00,linear,67,1051.00,1.160891
10468,1000,0.10,900,3,35,1.0280,1.00,linear,68,1035.00,1.422929
10469,1000,0.10,900,3,35,1.0499,1.00,linear,69,1044.00,2.124602
10470,1000,0.10,900,3,35,0.9898,1.00,linear,70,1065.00,0.777365
10471,1000,0.10,900,3,35,0.9921,1.00,linear,71,1003.00,0.342826
10472,1000,0.10,900,3,35,1.0061,1.00,linear,72,1013.00,0.464494
10473,1000,0.10,900,3,35,1.0105,1.00,linear,73,1007.00,0.986727
10474,1000,0.10,900,3,35,1.0229,1.00,linear,74,1066.00,1.015063
10475,1000,0.10,900,3,35,1.0258,1.00,linear,75,1041.00,0.909245
10476,1000,0.10,900,3,35,1.0146,1.00,linear,76,1047.00,2.331695
10477,1000,0.10,900,3,35,1.0081,1.00,linear,77,998.00,0.660339
10478,1000,0.10,900,3,35,0.9982,1.00,linear,78,995.00,0.660570
10479,1000,0.10,900,3,35,1.0000,1.00,linear,79,1042.00,0.606300
10480,1000,0.10,900,3,35,1.0001,1.00,linear,80,1044.00,0.863326
10481,1000,0.10,900,3,35,0.9840,1.00,linear,81,1056.00,0.753625
10482,1000,0.10,900,3,35,1.0159,1.00,linear,82,1032.00,0.548622
10483,1000,0.10,900,3,35,1.0372,1.00,linear,83,998.00,0.544343
10484,1000,0.10,900,3,35,1.0055,1.00,linear,84,1032.00,0.657879
10485,1000,0.10,900,3,35,1.0043,1.00,linear,85,1009.00,1.820741
10486,1000,0.10,900,3,35,0.9831,1.00,linear,86,1044.00,0.344838
10487,1000,0.10,900,3,35,0.9948,1.00,linear,87,1047.00,0.300215
10488,1000,0.10,900,3,35,0.9649,1.00,linear,88,1059.00,0.696681
10489,1000,0.10,900,3,35,1.0315,1.00,linear,89,1056.00,0.736194
10490,1000,0.10,900,3,35,0.9962,1.00,linear,90,1004.00,2.834537
10491,1000,0.10,900,3,35,1.0171,1.00,linear,91,1000.00,0.375476
10492,1000,0.10,900,3,35,1.0599,1.00,linear,92,1040.00,0.716671
10493,1000,0.10,900,3,35,0.9989,1.00,linear,93,974.00,0.958788
10494,1000,0.10,900,3,35,0.9992,1.00,linear,94,1020.00,0.485724
10495,1000,0.10,900,3,35,0.9942,1.00,linear,95,1009.00,0.408473
10496,1000,0.10,900,3,35,1.0058,1.00,linear,96,979.00,0.565495
10497,1000,0.10,900,3,35,0.9876,1.00,linear,97,1040.00,0.319486
10498,1000,0.10,900,3,35,0.9833,1.00,linear,98,1008.00,0.446371
10499,1000,0.10,900,3,35,1.0125,1.00,linear,99,1044.00,0.586839
10500,1000,0.10,900,3,35,1.0121,0.00,periodic,0,971.00,0.230597
10501,1000,0.10,900,3,35,0.9707,0.00,periodic,1,994.00,1.736938
10502,1000,0.10,900,3,35,0.9795,0.00,periodic,2,1025.00,1.338159
10503,1000,0.10,900,3,35,0.9608,0.00,periodic,3,1036.00,0.684945
10504,1000,0.10,900,3,35,0.9938,0.00,periodic,4,1028.00,0.324575
10505,1000,0.10,900,3,35,1.0328,0.00,periodic,5,969.00,2.200292
10506,1000,0.10,900,3,35,0.9802,0.00,periodic,6,1042.00,0.329294
10507,1000,0.10,900,3,35,0.9760,0.00,periodic,7,1032.00,0.189649
10508,1000,0.10,900,3,35,1.0112,0.00,periodic,8,1008.00,0.140461
10509,1000,0.10,900,3,35,0.9873,0.00,periodic,9,988.00,0.909838
10510,1000,0.10,900,3,35,1.0190,0.00,periodic,10,987.00,0.703028
10511,1000,0.10,900,3,35,0.9920,0.00,periodic,11,977.00,0.587800
10512,1000,0.10,900,3,35,0.9826,0.00,periodic,12,1139.00,1.305737
10513,1000,0.10,900,3,35,0.9981,0.00,periodic,13,987.00,0.194308
10514,1000,0.10,900,3,35,1.0109,0.00,periodic,14,996.00,0.916548
10515,1000,0.10,900,3,35,0.9820,0.00,periodic,15,1001.00,0.775940
10516,1000,0.10,900,3,35,1.0096,0.00,periodic,16,958.00,1.209374
10517,1000,0.10,900,3,35,1.0013,0.00,periodic,17,1018.00,0.148347
10518,1000,0.10,900,3,35,1.0218,0.00,periodic,18,1008.00,0.718423
10519,1000,0.10,900,3,35,1.0302,0.00,periodic,19,1037.00,0.248883
10520,1000,0.10,900,3,35,0.9870,0.00,periodic,20,985.00,0.129537
10521,1000,0.10,900,3,35,1.0415,0.00,periodic,21,983.00,0.529033
10522,1000,0.10,900,3,35,0.9976,0.00,periodic,22,1030.00,0.897109
10523,1000,0.10,900,3,35,0.9688,0.00,periodic,23,995.00,0.908226
10524,1000,0.10,900,3,35,0.9986,0.00,periodic,24,1030.00,0.603657
10525,1000,0.10,900,3,35,1.0145,0.00,periodic,25,1006.00,1.209780
10526,1000,0.10,900,3,35,1.0265,0.00,periodic,26,1020.00,0.291373
10527,1000,0.10,900,3,35,0.9772,0.00,periodic,27,973.00,2.000923
10528,1000,0.10,900,3,35,0.9644,0.00,periodic,28,959.00,0.771955
10529,1000,0.10,900,3,35,0.9657,0.00,periodic,29,962.00,0.644599
10530,1000,0.10,900,3,35,1.0111,0.00,periodic,30,997.00,0.556795
10531,1000,0.10,900,3,35,1.0120,0.00,periodic,31,991.00,0.423558
10532,1000,0.10,900,3,35,0.9914,0.00,periodic,32,978.00,0.107723
10533,1000,0.10,900,3,35,1.0173,0.00,periodic,33,980.00,0.525057
10534,1000,0.10,900,3,35,1.0023,0.00,periodic,34,1002.00,0.701447
10535,1000,0.10,900,3,35,1.0075,0.00,periodic,35,1014.00,0.572073
10536,1000,0.10,900,3,35,1.0202,0.00,periodic,36,978.00,0.337992
10537,1000,0.10,900,3,35,0.9737,0.00,periodic,37,939.00,0.724755
10538,1000,0.10,900,3,35,0.9632,0.00,periodic,38,1017.00,2.074831
10539,1000,0.10,900,3,35,1.0173,0.00,periodic,39,1000.00,0.903939
10540,1000,0.10,900,3,35,1.0392,0.00,periodic,40,1044.00,0.404077
10541,1000,0.10,900,3,35,0.9665,0.00,periodic,41,996.00,0.080061
10542,1000,0.10,900,3,35,1.0491,0.00,periodic,42,975.00,0.640265
10543,1000,0.10,900,3,35,1.0683,0.00,periodic,43,1000.00,0.722510
10544,1000,0.10,900,3,35,0.9677,0.00,periodic,44,998.00,0.747407
10545,1000,0.10,900,3,35,1.0210,0.00,periodic,45,1037.00,0.322907
10546,1000,0.10,900,3,35,0.9817,0.00,periodic,46,1012.00,0.287465
10547,1000,0.10,900,3,35,1.0002,0.00,periodic,47,1024.00,0.831951
10548,1000,0.10,900,3,35,0.9587,0.00,periodic,48,997.00,0.237700
10549,1000,0.10,900,3,35,0.9454,0.00,periodic,49,961.00,0.087403
10550,1000,0.10,900,3,35,0.9911,0.00,periodic,50,1008.00,0.554138
10551,1000,0.10,900,3,35,1.0189,0.00,periodic,51,1003.00,0.773217
10552,1000,0.10,900,3,35,0.9891,0.00,periodic,52,1021.00,0.461036
10553,1000,0.10,900,3,35,0.9728,0.00,periodic,53,992.00,0.698033
10554,1000,0.10,900,3,35,1.0052,0.00,periodic,54,982.00,0.818282
10555,1000,0.10,900,3,35,1.0298,0.00,periodic,55,993.00,1.380825
10556,1000,0.10,900,3,35,0.9975,0.00,periodic,56,951.00,0.818115
10557,1000,0.10,900,3,35,1.0026,0.00,periodic,57,998.00,0.641399
10558,1000,0.10,900,3,35,0.9613,0.00,periodic,58,963.00,1.096069
10559,1000,0.10,900,3,35,0.9807,0.00,periodic,59,983.00,0.766370
10560,1000,0.10,900,3,35,0.9536,0.00,periodic,60,993.00,0.912903
10561,1000,0.10,900,3,35,1.0420,0.00,periodic,61,938.00,0.687904
10562,1000,0.10,900,3,35,0.9662,0.00,periodic,62,1008.00,0.214300
10563,1000,0.10,900,3,35,1.0290,0.00,periodic,63,1019.00,1.153461
10564,1000,0.10,900,3,35,0.9939,0.00,periodic,64,982.00,1.956287
10565,1000,0.10,900,3,35,0.9685,0.00,periodic,65,976.00,0.295347
10566,1000,0.10,900,3,35,0.9871,0.00,periodic,66,968.00,1.270549
10567,1000,0.10,900,3,35,0.9920,0.00,periodic,67,993.00,0.176396
10568,1000,0.10,900,3,35,1.0014,0.00,periodic,68,985.00,0.907194
10569,1000,0.10,900,3,35,0.9669,0.00,periodic,69,981.00,0.838626
10570,1000,0.10,900,3,35,0.9771,0.00,periodic,70,1033.00,1.593933
10571,1000,0.10,900,3,35,0.9745,0.00,periodic,71,982.00,0.454548
10572,1000,0.10,900,3,35,0.9842,0.00,periodic,72,969.00,0.869362
10573,1000,0.10,900,3,35,1.0373,0.00,periodic,73,978.00,0.988091
10574,1000,0.10,900,3,35,1.0318,0.00,periodic,74,997.00,0.494545
10575,1000,0.10,900,3,35,1.0115,0.00,periodic,75,1017.00,0.558799
10576,1000,0.10,900,3,35,0.9938,0.00,periodic,76,996.00,0.460801
10577,1000,0.10,900,3,35,0.9954,0.00,periodic,77,1013.00,0.900515
10578,1000,0.10,900,3,35,0.9866,0.00,periodic,78,998.00,1.237351
10579,1000,0.10,900,3,35,0.9876,0.00,periodic,79,1043.00,0.194429
10580,1000,0.10,900,3,35,0.9853,0.00,periodic,80,973.00,0.269177
10581,1000,0.10,900,3,35,1.0417,0.00,periodic,81,990.00,0.474352
10582,1000,0.10,900,3,35,0.9845,0.00,periodic,82,1046.00,0.615753
10583,1000,0.10,900,3,35,1.0404,0.00,periodic,83,1016.00,0.467596
10584,1000,0.10,900,3,35,1.0224,0.00,periodic,84,1011.00,1.134180
10585,1000,0.10,900,3,35,0.9455,0.00,periodic,85,988.00,0.220493
10586,1000,0.10,900,3,35,1.0262,0.00,periodic,86,987.00,0.123802
10587,1000,0.10,900,3,35,1.0073,0.00,periodic,87,1007.00,0.421968
10588,1000,0.10,900,3,35,0.9752,0.00,periodic,88,983.00,1.447331
10589,1000,0.10,900,3,35,1.0043,0.00,periodic,89,1004.00,0.253957
10590,1000,0.10,900,3,35,1.0265,0.00,periodic,90,1005.00,0.948454
10591,1000,0.10,900,3,35,0.9695,0.00,periodic,91,1028.00,0.699050
10592,1000,0.10,900,3,35,0.9979,0.00,periodic,92,987.00,0.450623
10593,1000,0.10,900,3,35,1.0054,0.00,periodic,93,1000.00,0.711642
10594,1000,0.10,900,3,35,0.9991,0.00,periodic,94,1001.00,0.815691
10595,1000,0.10,900,3,35,0.9966,0.00,periodic,95,1029.00,0.573709
10596,1000,0.10,900,3,35,1.0020,0.00,periodic,96,983.00,1.060149
10597,1000,0.10,900,3,35,1.0235,0.00,periodic,97,1010.00,0.201946
10598,1000,0.10,900,3,35,1.0009,0.00,periodic,98,1018.00,0.840146
10599,1000,0.10,900,3,35,1.0085,0.00,periodic,99,1021.00,0.333138
10600,1000,0.10,900,3,35,1.0297,0.05,periodic,0,980.00,0.726668
10601,1000,0.10,900,3,35,1.0334,0.05,periodic,1,1011.00,1.331036
10602,1000,0.10,900,3,35,1.0348,0.05,periodic,2,1010.00,0.505006
10603,1000,0.10,900,3,35,1.0576,0.05,periodic,3,1013.00,0.189495
10604,1000,0.10,900,3,35,1.0862,0.05,periodic,4,1014.00,0.167613
10605,1000,0.10,900,3,35,1.0878,0.05,periodic,5,998.00,0.338726
10606,1000,0.10,900,3,35,1.0466,0.05,periodic,6,1009.00,1.198013
10607,1000,0.10,900,3,35,1.0657,0.05,periodic,7,996.00,0.361098
10608,1000,0.10,900,3,35,1.0219,0.05,periodic,8,980.00,0.235053
10609,1000,0.10,900,3,35,1.0591,0.05,periodic,9,988.00,0.323495
10610,1000,0.10,900,3,35,1.0673,0.05,periodic,10,1008.00,0.153027
10611,1000,0.10,900,3,35,1.0287,0.05,periodic,11,1017.00,0.774423
10612,1000,0.10,900,3,35,1.0412,0.05,periodic,12,1004.00,0.620795
10613,1000,0.10,900,3,35,1.0296,0.05,periodic,13,1004.00,0.761593
10614,1000,0.10,900,3,35,1.0386,0.05,periodic,14,1001.00,0.820443
10615,1000,0.10,900,3,35,1.0613,0.05,periodic,15,1038.00,1.843978
10616,1000,0.10,900,3,35,1.1003,0.05,periodic,16,997.00,0.121676
10617,1000,0.10,900,3,35,1.0292,0.05,periodic,17,1017.00,1.571193
10618,1000,0.10,900,3,35,1.0846,0.05,periodic,18,985.00,0.582556
10619,1000,0.10,900,3,35,1.0562,0.05,periodic,19,989.00,1.303207
10620,1000,0.10,900,3,35,1.0277,0.05,periodic,20,1013.00,0.191749
10621,1000,0.10,900,3,35,1.0524,0.05,periodic,21,1010.00,0.456217
10622,1000,0.10,900,3,35,1.0715,0.05,periodic,22,975.00,0.768862
10623,1000,0.10,900,3,35,1.0930,0.05,periodic,23,1009.00,0.881053
10624,1000,0.10,900,3,35,1.0174,0.05,periodic,24,984.00,0.647035
10625,1000,0.10,900,3,35,1.0757,0.05,periodic,25,1000.00,1.200647
10626,1000,0.10,900,3,35,1.0504,0.05,periodic,26,998.00,0.151836
10627,1000,0.10,900,3,35,1.0543,0.05,periodic,27,978.00,0.336788
10628,1000,0.10,900,3,35,1.0482,0.05,periodic,28,941.00,0.176288
10629,1000,0.10,900,3,35,1.0674,0.05,periodic,29,956.00,0.143085
10630,1000,0.10,900,3,35,1.0144,0.05,periodic,30,1019.00,0.207554
10631,1000,0.10,900,3,35,1.0187,0.05,periodic,31,981.00,0.354277
10632,1000,0.10,900,3,35,1.0777,0.05,periodic,32,1012.00,0.074294
10633,1000,0.10,900,3,35,1.0307,0.05,periodic,33,996.00,1.182682
10634,1000,0.10,900,3,35,1.0663,0.05,periodic,34,974.00,0.448804
10635,1000,0.10,900,3,35,1.0960,0.05,periodic,35,983.00,0.016411
10636,1000,0.10,900,3,35,1.0636,0.05,periodic,36,1003.00,0.186609
10637,1000,0.10,900,3,35,1.0251,0.05,periodic,37,1031.00,0.413124
10638,1000,0.10,900,3,35,1.1217,0.05,periodic,38,998.00,0.229502
10639,1000,0.10,900,3,35,1.0185,0.05,periodic,39,958.00,0.724875
10640,1000,0.10,900,3,35,1.0780,0.05,periodic,40,1021.00,0.243829
10641,1000,0.10,900,3,35,1.0441,0.05,periodic,41,1012.00,0.149570
10642,1000,0.10,900,3,35,1.0896,0.05,periodic,42,995.00,0.495914
10643,1000,0.10,900,3,35,1.0267,0.05,periodic,43,964.00,0.235945
10644,1000,0.10,900,3,35,1.0110,0.05,periodic,44,966.00,0.365340
10645,1000,0.10,900,3,35,1.0062,0.05,periodic,45,1040.00,0.907119
10646,1000,0.10,900,3,35,1.0218,0.05,periodic,46,1003.00,0.363693
10647,1000,0.10,900,3,35,1.0379,0.05,periodic,47,1014.00,0.222794
10648,1000,0.10,900,3,35,1.0641,0.05,periodic,48,987.00,0.666635
10649,1000,0.10,900,3,35,1.0154,0.05,periodic,49,1016.00,0.636217
10650,1000,0.10,900,3,35,1.0433,0.05,periodic,50,982.00,0.421965
10651,1000,0.10,900,3,35,1.0589,0.05,periodic,51,1018.00,1.091878
10652,1000,0.10,900,3,35,1.1194,0.05,periodic,52,996.00,0.980292
10653,1000,0.10,900,3,35,1.0418,0.05,periodic,53,1019.00,0.506697
10654,1000,0.10,900,3,35,1.0457,0.05,periodic,54,1011.00,0.636206
10655,1000,0.10,900,3,35,1.1053,0.05,periodic,55,1029.00,0.425527
10656,1000,0.10,900,3,35,1.0372,0.05,periodic,56,1019.00,0.640579
10657,1000,0.10,900,3,35,1.0415,0.05,periodic,57,1053.00,0.543862
10658,1000,0.10,900,3,35,1.0499,0.05,periodic,58,1026.00,0.263982
10659,1000,0.10,900,3,35,1.1412,0.05,periodic,59,1000.00,0.177276
10660,1000,0.10,900,3,35,1.0784,0.05,periodic,60,979.00,0.464872
10661,1000,0.10,900,3,35,1.0145,0.05,periodic,61,982.00,0.072671
10662,1000,0.10,900,3,35,1.0324,0.05,periodic,62,967.00,1.462964
10663,1000,0.10,900,3,35,1.0897,0.05,periodic,63,1069.00,0.690930
10664,1000,0.10,900,3,35,1.0987,0.05,periodic,64,1025.00,0.521375
10665,1000,0.10,900,3,35,1.0564,0.05,periodic,65,1013.00,0.498435
10666,1000,0.10,900,3,35,1.0305,0.05,periodic,66,964.00,0.133282
10667,1000,0.10,900,3,35,1.0816,0.05,periodic,67,1001.00,1.471371
10668,1000,0.10,900,3,35,1.0361,0.05,periodic,68,1015.00,0.627994
10669,1000,0.10,900,3,35,1.0612,0.05,periodic,69,1010.00,0.300837
10670,1000,0.10,900,3,35,1.0584,0.05,periodic,70,983.00,0.801944
10671,1000,0.10,900,3,35,1.0544,0.05,periodic,71,947.00,0.242804
10672,1000,0.10,900,3,35,1.1212,0.05,periodic,72,989.00,1.422681
10673,1000,0.10,900,3,35,1.0095,0.05,periodic,73,990.00,0.133627
10674,1000,0.10,900,3,35,1.0179,0.05,periodic,74,960.00,1.031492
10675,1000,0.10,900,3,35,1.0569,0.05,periodic,75,979.00,0.276258
10676,1000,0.10,900,3,35,1.0425,0.05,periodic,76,982.00,0.797950
10677,1000,0.10,900,3,35,1.0069,0.05,periodic,77,995.00,0.263984
10678,1000,0.10,900,3,35,1.0431,0.05,periodic,78,1037.00,0.669215
10679,1000,0.10,900,3,35,1.0402,0.05,periodic,79,990.00,0.285649
10680,1000,0.10,900,3,35,1.0722,0.05,periodic,80,1012.00,1.364570
10681,1000,0.10,900,3,35,1.0802,0.05,periodic,81,1058.00,0.553348
10682,1000,0.10,900,3,35,1.0632,0.05,periodic,82,1013.00,0.746848
10683,1000,0.10,900,3,35,1.0363,0.05,periodic,83,1044.00,1.076518
10684,1000,0.10,900,3,35,1.0332,0.05,periodic,84,1046.00,0.552006
10685,1000,0.10,900,3,35,1.0772,0.05,periodic,85,1016.00,0.191413
10686,1000,0.10,900,3,35,1.0225,0.05,periodic,86,1015.00,0.178982
10687,1000,0.10,900,3,35,1.0242,0.05,periodic,87,959.00,0.090853
10688,1000,0.10,900,3,35,1.0256,0.05,periodic,88,963.00,1.078074
10689,1000,0.10,900,3,35,1.0608,0.05,periodic,89,939.00,0.206828
10690,1000,0.10,900,3,35,1.0132,0.05,periodic,90,1031.00,0.158585
10691,1000,0.10,900,3,35,1.0749,0.05,periodic,91,987.00,0.294544
10692,1000,0.10,900,3,35,1.0045,0.05,periodic,92,994.00,0.806253
10693,1000,0.10,900,3,35,1.0365,0.05,periodic,93,1010.00,0.419182
10694,1000,0.10,900,3,35,1.0621,0.05,periodic,94,1009.00,1.274575
10695,1000,0.10,900,3,35,1.0821,0.05,periodic,95,993.00,0.544904
10696,1000,0.10,900,3,35,1.0967,0.05,periodic,96,1036.00,0.543670
10697,1000,0.10,900,3,35,1.0555,0.05,periodic,97,1035.00,1.532212
10698,1000,0.10,900,3,35,1.0398,0.05,periodic,98,1068.00,0.680609
10699,1000,0.10,900,3,35,1.0261,0.05,periodic,99,1033.00,2.127295
10700,1000,0.10,900,3,35,1.0958,0.10,periodic,0,1001.00,0.756378
10701,1000,0.10,900,3,35,1.0851,0.10,periodic,1,1044.00,0.175942
10702,1000,0.10,900,3,35,1.0844,0.10,periodic,2,968.00,0.414342
10703,1000,0.10,900,3,35,1.0585,0.10,periodic,3,995.00,1.314595
10704,1000,0.10,900,3,35,1.1231,0.10,periodic,4,971.00,0.318599
10705,1000,0.10,900,3,35,1.1042,0.10,periodic,5,988.00,0.692023
10706,1000,0.10,900,3,35,1.0956,0.10,periodic,6,993.00,0.179355
10707,1000,0.10,900,3,35,1.0997,0.10,periodic,7,1028.00,0.638468
10708,1000,0.10,900,3,35,1.1030,0.10,periodic,8,1006.00,0.125099
10709,1000,0.10,900,3,35,1.1038,0.10,periodic,9,964.00,0.866667
10710,1000,0.10,900,3,35,1.0239,0.10,periodic,10,946.00,0.415831
10711,1000,0.10,900,3,35,1.1076,0.10,periodic,11,960.00,0.604809
10712,1000,0.10,900,3,35,1.0748,0.10,periodic,12,957.00,1.022566
10713,1000,0.10,900,3,35,1.1068,0.10,periodic,13,990.00,0.944065
10714,1000,0.10,900,3,35,1.0919,0.10,periodic,14,994.00,0.151779
10715,1000,0.10,900,3,35,1.1047,0.10,periodic,15,996.00,2.254111
10716,1000,0.10,900,3,35,1.1207,0.10,periodic,16,990.00,0.243115
10717,1000,0.10,900,3,35,1.1046,0.10,periodic,17,949.00,0.696311
10718,1000,0.10,900,3,35,1.0985,0.10,periodic,18,980.00,0.450120
10719,1000,0.10,900,3,35,1.0824,0.10,periodic,19,973.00,0.290561
10720,1000,0.10,900,3,35,1.1197,0.10,periodic,20,978.00,1.835610
10721,1000,0.10,900,3,35,1.1184,0.10,periodic,21,975.00,0.788827
10722,1000,0.10,900,3,35,1.1407,0.10,periodic,22,1011.00,0.811287
10723,1000,0.10,900,3,35,1.0940,0.10,periodic,23,968.00,0.165350
10724,1000,0.10,900,3,35,1.1465,0.10,periodic,24,968.00,0.381275
10725,1000,0.10,900,3,35,1.1076,0.10,periodic,25,987.00,0.318589
10726,1000,0.10,900,3,35,1.0870,0.10,periodic,26,1003.00,0.344054
10727,1000,0.10,900,3,35,1.1596,0.10,periodic,27,985.00,1.420000
10728,1000,0.10,900,3,35,1.0766,0.10,periodic,28,996.00,0.143155
10729,1000,0.10,900,3,35,1.0802,0.10,periodic,29,1053.00,0.765712
10730,1000,0.10,900,3,35,1.1186,0.10,periodic,30,979.00,0.307078
10731,1000,0.10,900,3,35,1.0831,0.10,periodic,31,1019.00,0.368435
10732,1000,0.10,900,3,35,1.1462,0.10,periodic,32,971.00,1.261935
10733,1000,0.10,900,3,35,1.0790,0.10,periodic,33,997.00,1.050984
10734,1000,0.10,900,3,35,1.1267,0.10,periodic,34,971.00,0.356948
10735,1000,0.10,900,3,35,1.0917,0.10,periodic,35,973.00,1.208274
10736,1000,0.10,900,3,35,1.0703,0.10,periodic,36,961.00,0.323296
10737,1000,0.10,900,3,35,1.0742,0.10,periodic,37,1066.00,1.715534
10738,1000,0.10,900,3,35,1.1372,0.10,periodic,38,1013.00,0.236259
10739,1000,0.10,900,3,35,1.0697,0.10,periodic,39,993.00,1.394287
10740,1000,0.10,900,3,35,1.1098,0.10,periodic,40,998.00,1.000672
10741,1000,0.10,900,3,35,1.0998,0.10,periodic,41,988.00,0.714617
10742,1000,0.10,900,3,35,1.0789,0.10,periodic,42,1008.00,0.168545
10743,1000,0.10,900,3,35,1.0667,0.10,periodic,43,995.00,0.987893
10744,1000,0.10,900,3,35,1.0617,0.10,periodic,44,989.00,0.414802
10745,1000,0.10,900,3,35,1.1160,0.10,periodic,45,1014.00,0.668738
10746,1000,0.10,900,3,35,1.1846,0.10,periodic,46,1020.00,0.331818
10747,1000,0.10,900,3,35,1.1342,0.10,periodic,47,1042.00,0.407053
10748,1000,0.10,900,3,35,1.0937,0.10,periodic,48,1005.00,1.427921
10749,1000,0.10,900,3,35,1.1163,0.10,periodic,49,993.00,2.131641
10750,1000,0.10,900,3,35,1.0515,0.10,periodic,50,977.00,0.124027
10751,1000,0.10,900,3,35,1.0997,0.10,periodic,51,1004.00,0.199602
10752,1000,0.10,900,3,35,1.0856,0.10,periodic,52,1029.00,0.503127
10753,1000,0.10,900,3,35,1.0543,0.10,periodic,53,1027.00,1.638800
10754,1000,0.10,900,3,35,1.0668,0.10,periodic,54,967.00,0.555254
10755,1000,0.10,900,3,35,1.1367,0.10,periodic,55,960.00,0.523705
10756,1000,0.10,900,3,35,1.0732,0.10,periodic,56,1012.00,1.172777
10757,1000,0.10,900,3,35,1.1313,0.10,periodic,57,970.00,0.364263
10758,1000,0.10,900,3,35,1.0475,0.10,periodic,58,1012.00,0.569035
10759,1000,0.10,900,3,35,1.0847,0.10,periodic,59,985.00,0.412711
10760,1000,0.10,900,3,35,1.0647,0.10,periodic,60,1051.00,0.639004
10761,1000,0.10,900,3,35,1.0942,0.10,periodic,61,1022.00,0.418584
10762,1000,0.10,900,3,35,1.1034,0.10,periodic,62,1017.00,0.369143
10763,1000,0.10,900,3,35,1.1466,0.10,periodic,63,992.00,0.198276
10764,1000,0.10,900,3,35,1.1329,0.10,periodic,64,1004.00,1.475334
10765,1000,0.10,900,3,35,1.0707,0.10,periodic,65,1016.00,0.091184
10766,1000,0.10,900,3,35,1.1321,0.10,periodic,66,964.00,0.134503
10767,1000,0.10,900,3,35,1.0692,0.10,periodic,67,1010.00,1.346180
10768,1000,0.10,900,3,35,1.1669,0.10,periodic,68,1023.00,0.813691
10769,1000,0.10,900,3,35,1.0319,0.10,periodic,69,1025.00,0.385823
10770,1000,0.10,900,3,35,1.1042,0.10,periodic,70,1033.00,0.967051
10771,1000,0.10,900,3,35,1.0857,0.10,periodic,71,976.00,0.162178
10772,1000,0.10,900,3,35,1.0847,0.10,periodic,72,1011.00,2.192578
10773,1000,0.10,900,3,35,1.0808,0.10,periodic,73,955.00,0.054690
10774,1000,0.10,900,3,35,1.1279,0.10,periodic,74,986.00,1.459108
10775,1000,0.10,900,3,35,1.0686,0.10,periodic,75,1031.00,0.183741
10776,1000,0.10,900,3,35,1.0899,0.10,periodic,76,1017.00,0.553762
10777,1000,0.10,900,3,35,1.1137,0.10,periodic,77,987.00,0.552249
10778,1000,0.10,900,3,35,1.0956,0.10,periodic,78,960.00,1.123200
10779,1000,0.10,900,3,35,1.1185,0.10,periodic,79,987.00,1.880655
10780,1000,0.10,900,3,35,1.0637,0.10,periodic,80,1021.00,1.553062
10781,1000,0.10,900,3,35,1.0975,0.10,periodic,81,1011.00,0.878744
10782,1000,0.10,900,3,35,1.0952,0.10,periodic,82,991.00,0.259990
10783,1000,0.10,900,3,35,1.1542,0.10,periodic,83,1004.00,0.583117
10784,1000,0.10,900,3,35,1.1080,0.10,periodic,84,1001.00,0.552219
10785,1000,0.10,900,3,35,1.1119,0.10,periodic,85,1028.00,0.655318
10786,1000,0.10,900,3,35,1.1028,0.10,periodic,86,984.00,0.181409
10787,1000,0.10,900,3,35,1.1158,0.10,periodic,87,1012.00,0.352319
10788,1000,0.10,900,3,35,1.0765,0.10,periodic,88,971.00,0.236562
10789,1000,0.10,900,3,35,1.0761,0.10,periodic,89,1005.00,0.393950
10790,1000,0.10,900,3,35,1.0347,0.10,periodic,90,1010.00,1.075427
10791,1000,0.10,900,3,35,1.1470,0.10,periodic,91,962.00,0.728020
10792,1000,0.10,900,3,35,1.1240,0.10,periodic,92,937.00,1.552824
10793,1000,0.10,900,3,35,1.1157,0.10,periodic,93,1004.00,1.262759
10794,1000,0.10,900,3,35,1.1068,0.10,periodic,94,1041.00,0.845170
10795,1000,0.10,900,3,35,1.0872,0.10,periodic,95,950.00,0.789591
10796,1000,0.10,900,3,35,1.0909,0.10,periodic,96,965.00,0.557039
10797,1000,0.10,900,3,35,1.0936,0.10,periodic,97,1029.00,1.098817
10798,1000,0.10,900,3,35,1.0970,0.10,periodic,98,975.00,0.498278
10799,1000,0.10,900,3,35,1.0781,0.10,periodic,99,969.00,1.227476
10800,1000,0.10,900,3,35,1.1161,0.15,periodic,0,976.00,0.523607
10801,1000,0.10,900,3,35,1.1175,0.15,periodic,1,980.00,0.886680
10802,1000,0.10,900,3,35,1.1148,0.15,periodic,2,985.00,0.304008
10803,1000,0.10,900,3,35,1.1124,0.15,periodic,3,1034.00,0.771292
10804,1000,0.10,900,3,35,1.1502,0.15,periodic,4,941.00,0.310515
10805,1000,0.10,900,3,35,1.1881,0.15,periodic,5,965.00,0.978052
10806,1000,0.10,900,3,35,1.1319,0.15,periodic,6,1009.00,0.449787
10807,1000,0.10,900,3,35,1.1240,0.15,periodic,7,978.00,0.868065
10808,1000,0.10,900,3,35,1.2243,0.15,periodic,8,976.00,0.173910
10809,1000,0.10,900,3,35,1.1637,0.15,periodic,9,993.00,0.362878
10810,1000,0.10,900,3,35,1.1368,0.15,periodic,10,994.00,0.072035
10811,1000,0.10,900,3,35,1.1502,0.15,periodic,11,992.00,1.007042
10812,1000,0.10,900,3,35,1.1541,0.15,periodic,12,959.00,2.153913
10813,1000,0.10,900,3,35,1.1245,0.15,periodic,13,1024.00,0.333656
10814,1000,0.10,900,3,35,1.1562,0.15,periodic,14,1005.00,0.165140
10815,1000,0.10,900,3,35,1.1020,0.15,periodic,15,1020.00,0.464175
10816,1000,0.10,900,3,35,1.1287,0.15,periodic,16,1081.00,0.396042
10817,1000,0.10,900,3,35,1.1338,0.15,periodic,17,986.00,0.246518
10818,1000,0.10,900,3,35,1.0908,0.15,periodic,18,1004.00,0.218430
10819,1000,0.10,900,3,35,1.1254,0.15,periodic,19,996.00,0.349120
10820,1000,0.10,900,3,35,1.1366,0.15,periodic,20,1038.00,1.974568
10821,1000,0.10,900,3,35,1.1592,0.15,periodic,21,1020.00,0.572192
10822,1000,0.10,900,3,35,1.1023,0.15,periodic,22,992.00,0.488033
10823,1000,0.10,900,3,35,1.1411,0.15,periodic,23,1042.00,0.182384
10824,1000,0.10,900,3,35,1.1627,0.15,periodic,24,1031.00,1.275945
10825,1000,0.10,900,3,35,1.1055,0.15,periodic,25,985.00,0.919305
10826,1000,0.10,900,3,35,1.1855,0.15,periodic,26,987.00,1.047253
10827,1000,0.10,900,3,35,1.1151,0.15,periodic,27,1007.00,0.230581
10828,1000,0.10,900,3,35,1.1517,0.15,periodic,28,966.00,0.108027
10829,1000,0.10,900,3,35,1.1618,0.15,periodic,29,974.00,0.824891
10830,1000,0.10,900,3,35,1.1426,0.15,periodic,30,979.00,0.755986
10831,1000,0.10,900,3,35,1.1286,0.15,periodic,31,959.00,0.493408
10832,1000,0.10,900,3,35,1.1695,0.15,periodic,32,960.00,0.512580
10833,1000,0.10,900,3,35,1.1471,0.15,periodic,33,981.00,0.417749
10834,1000,0.10,900,3,35,1.1222,0.15,periodic,34,1023.00,2.359810
10835,1000,0.10,900,3,35,1.1477,0.15,periodic,35,977.00,0.326117
10836,1000,0.10,900,3,35,1.1405,0.15,periodic,36,1004.00,0.746294
10837,1000,0.10,900,3,35,1.1023,0.15,periodic,37,989.00,1.007776
10838,1000,0.10,900,3,35,1.1061,0.15,periodic,38,965.00,0.217017
10839,1000,0.10,900,3,35,1.1851,0.15,periodic,39,1020.00,0.988036
10840,1000,0.10,900,3,35,1.1388,0.15,periodic,40,949.00,0.420974
10841,1000,0.10,900,3,35,1.1247,0.15,periodic,41,974.00,0.070713
10842,1000,0.10,900,3,35,1.1443,0.15,periodic,42,989.00,0.522603
10843,1000,0.10,900,3,35,1.1349,0.15,periodic,43,966.00,0.376216
10844,1000,0.10,900,3,35,1.0838,0.15,periodic,44,1008.00,1.581793
10845,1000,0.10,900,3,35,1.1179,0.15,periodic,45,981.00,0.259435
10846,1000,0.10,900,3,35,1.1166,0.15,periodic,46,1002.00,0.312496
10847,1000,0.10,900,3,35,1.1498,0.15,periodic,47,997.00,0.603083
10848,1000,0.10,900,3,35,1.1096,0.15,periodic,48,969.00,0.248884
10849,1000,0.10,900,3,35,1.1548,0.15,periodic,49,976.00,0.502198
10850,1000,0.10,900,3,35,1.1463,0.15,periodic,50,1003.00,1.007648
10851,1000,0.10,900,3,35,1.1159,0.15,periodic,51,985.00,0.422174
10852,1000,0.10,900,3,35,1.1318,0.15,periodic,52,989.00,0.171500
10853,1000,0.10,900,3,35,1.0965,0.15,periodic,53,972.00,0.671752
10854,1000,0.10,900,3,35,1.1337,0.15,periodic,54,989.00,0.196979
10855,1000,0.10,900,3,35,1.1720,0.15,periodic,55,974.00,0.772483
10856,1000,0.10,900,3,35,1.0855,0.15,periodic,56,990.00,0.105825
10857,1000,0.10,900,3,35,1.1826,0.15,periodic,57,929.00,0.862845
10858,1000,0.10,900,3,35,1.1341,0.15,periodic,58,995.00,0.392786
10859,1000,0.10,900,3,35,1.1000,0.15,periodic,59,1004.00,0.940232
10860,1000,0.10,900,3,35,1.1530,0.15,periodic,60,967.00,0.964557
10861,1000,0.10,900,3,35,1.1175,0.15,periodic,61,990.00,0.773911
10862,1000,0.10,900,3,35,1.1190,0.15,periodic,62,993.00,0.947264
10863,1000,0.10,900,3,35,1.1371,0.15,periodic,63,987.00,0.569038
10864,1000,0.10,900,3,35,1.1105,0.15,periodic,64,997.00,0.902978
10865,1000,0.10,900,3,35,1.1205,0.15,periodic,65,979.00,2.979197
10866,1000,0.10,900,3,35,1.1552,0.15,periodic,66,1008.00,0.569085
10867,1000,0.10,900,3,35,1.1141,0.15,periodic,67,950.00,1.276369
10868,1000,0.10,900,3,35,1.1138,0.15,periodic,68,966.00,0.472840
10869,1000,0.10,900,3,35,1.1713,0.15,periodic,69,972.00,0.363927
10870,1000,0.10,900,3,35,1.1736,0.15,periodic,70,961.00,1.167555
10871,1000,0.10,900,3,35,1.1306,0.15,periodic,71,947.00,0.340648
10872,1000,0.10,900,3,35,1.2402,0.15,periodic,72,985.00,1.616623
10873,1000,0.10,900,3,35,1.0475,0.15,periodic,73,1000.00,0.440621
10874,1000,0.10,900,3,35,1.1247,0.15,periodic,74,981.00,0.755926
10875,1000,0.10,900,3,35,1.1619,0.15,periodic,75,1000.00,0.829710
10876,1000,0.10,900,3,35,1.1273,0.15,periodic,76,981.00,1.642171
10877,1000,0.10,900,3,35,1.1332,0.15,periodic,77,985.00,0.365325
10878,1000,0.10,900,3,35,1.1134,0.15,periodic,78,963.00,0.399342
10879,1000,0.10,900,3,35,1.1388,0.15,periodic,79,1013.00,2.664322
10880,1000,0.10,900,3,35,1.0938,0.15,periodic,80,972.00,0.653957
10881,1000,0.10,900,3,35,1.1034,0.15,periodic,81,1001.00,0.597188
10882,1000,0.10,900,3,35,1.1070,0.15,periodic,82,1005.00,0.904481
10883,1000,0.10,900,3,35,1.1124,0.15,periodic,83,977.00,1.284144
10884,1000,0.10,900,3,35,1.1429,0.15,periodic,84,963.00,0.190584
10885,1000,0.10,900,3,35,1.1884,0.15,periodic,85,1030.00,0.375121
10886,1000,0.10,900,3,35,1.1415,0.15,periodic,86,994.00,2.305916
10887,1000,0.10,900,3,35,1.1770,0.15,periodic,87,995.00,0.083280
10888,1000,0.10,900,3,35,1.1182,0.15,periodic,88,1011.00,1.494385
10889,1000,0.10,900,3,35,1.1732,0.15,periodic,89,996.00,1.590982
10890,1000,0.10,900,3,35,1.0860,0.15,periodic,90,1023.00,0.828125
10891,1000,0.10,900,3,35,1.1162,0.15,periodic,91,1002.00,0.525016
10892,1000,0.10,900,3,35,1.1633,0.15,periodic,92,1025.00,0.789639
10893,1000,0.10,900,3,35,1.1195,0.15,periodic,93,1038.00,0.936582
10894,1000,0.10,900,3,35,1.1344,0.15,periodic,94,1026.00,0.466084
10895,1000,0.10,900,3,35,1.1624,0.15,periodic,95,1043.00,0.866631
10896,1000,0.10,900,3,35,1.1513,0.15,periodic,96,1013.00,1.000070
10897,1000,0.10,900,3,35,1.0873,0.15,periodic,97,957.00,0.341502
10898,1000,0.10,900,3,35,1.0966,0.15,periodic,98,971.00,0.667797
10899,1000,0.10,900,3,35,1.0952,0.15,periodic,99,1011.00,0.991262
10900,1000,0.10,900,3,35,1.1686,0.20,periodic,0,946.00,0.274762
10901,1000,0.10,900,3,35,1.1389,0.20,periodic,1,970.00,0.331441
10902,1000,0.10,900,3,35,1.1777,0.20,periodic,2,990.00,0.454563
10903,1000,0.10,900,3,35,1.2000,0.20,periodic,3,992.00,1.402103
10904,1000,0.10,900,3,35,1.2100,0.20,periodic,4,989.00,0.387033
10905,1000,0.10,900,3,35,1.1563,0.20,periodic,5,1021.00,0.774801
10906,1000,0.10,900,3,35,1.1336,0.20,periodic,6,963.00,0.276513
10907,1000,0.10,900,3,35,1.1318,0.20,periodic,7,976.00,0.565613
10908,1000,0.10,900,3,35,1.2201,0.20,periodic,8,930.00,1.481983
10909,1000,0.10,900,3,35,1.2023,0.20,periodic,9,960.00,0.498458
10910,1000,0.10,900,3,35,1.1954,0.20,periodic,10,969.00,0.418190
10911,1000,0.10,900,3,35,1.1905,0.20,periodic,11,1002.00,0.637768
10912,1000,0.10,900,3,35,1.2012,0.20,periodic,12,959.00,0.817023
10913,1000,0.10,900,3,35,1.1852,0.20,periodic,13,945.00,0.891312
10914,1000,0.10,900,3,35,1.1332,0.20,periodic,14,1016.00,2.003846
10915,1000,0.10,900,3,35,1.1568,0.20,periodic,15,1007.00,0.569181
10916,1000,0.10,900,3,35,1.2078,0.20,periodic,16,969.00,1.955760
10917,1000,0.10,900,3,35,1.1574,0.20,periodic,17,1005.00,1.674995
10918,1000,0.10,900,3,35,1.1992,0.20,periodic,18,1001.00,0.454575
10919,1000,0.10,900,3,35,1.2078,0.20,periodic,19,1016.00,0.355274
10920,1000,0.10,900,3,35,1.1730,0.20,periodic,20,992.00,0.189134
10921,1000,0.10,900,3,35,1.2009,0.20,periodic,21,1015.00,0.235745
10922,1000,0.10,900,3,35,1.2349,0.20,periodic,22,959.00,0.867792
10923,1000,0.10,900,3,35,1.2192,0.20,periodic,23,973.00,0.530121
10924,1000,0.10,900,3,35,1.2047,0.20,periodic,24,987.00,1.475381
10925,1000,0.10,900,3,35,1.1585,0.20,periodic,25,941.00,0.811652
10926,1000,0.10,900,3,35,1.2038,0.20,periodic,26,981.00,0.828196
10927,1000,0.10,900,3,35,1.1746,0.20,periodic,27,977.00,0.486270
10928,1000,0.10,900,3,35,1.1362,0.20,periodic,28,963.00,0.636331
10929,1000,0.10,900,3,35,1.1670,0.20,periodic,29,1007.00,0.280200
10930,1000,0.10,900,3,35,1.1648,0.20,periodic,30,994.00,0.293502
10931,1000,0.10,900,3,35,1.1460,0.20,periodic,31,1002.00,1.477560
10932,1000,0.10,900,3,35,1.1719,0.20,periodic,32,992.00,0.279423
10933,1000,0.10,900,3,35,1.2282,0.20,periodic,33,955.00,1.352857
10934,1000,0.10,900,3,35,1.1562,0.20,periodic,34,944.00,0.407321
10935,1000,0.10,900,3,35,1.2049,0.20,periodic,35,960.00,0.303994
10936,1000,0.10,900,3,35,1.2189,0.20,periodic,36,1012.00,1.429201
10937,1000,0.10,900,3,35,1.1596,0.20,periodic,37,994.00,0.549110
10938,1000,0.10,900,3,35,1.1819,0.20,periodic,38,1005.00,1.219083
10939,1000,0.10,900,3,35,1.1213,0.20,periodic,39,984.00,1.247298
10940,1000,0.10,900,3,35,1.1817,0.20,periodic,40,979.00,1.573890
10941,1000,0.10,900,3,35,1.0955,0.20,periodic,41,1010.00,1.626128
10942,1000,0.10,900,3,35,1.2168,0.20,periodic,42,982.00,1.139295
10943,1000,0.10,900,3,35,1.1861,0.20,periodic,43,1025.00,0.786025
10944,1000,0.10,900,3,35,1.1706,0.20,periodic,44,960.00,0.711682
10945,1000,0.10,900,3,35,1.1972,0.20,periodic,45,965.00,1.468514
10946,1000,0.10,900,3,35,1.2081,0.20,periodic,46,976.00,0.928894
10947,1000,0.10,900,3,35,1.1741,0.20,periodic,47,995.00,0.268886
10948,1000,0.10,900,3,35,1.1689,0.20,periodic,48,956.00,0.897981
10949,1000,0.10,900,3,35,1.1479,0.20,periodic,49,1000.00,0.356559
10950,1000,0.10,900,3,35,1.1469,0.20,periodic,50,998.00,0.392870
10951,1000,0.10,900,3,35,1.1659,0.20,periodic,51,969.00,0.623094
10952,1000,0.10,900,3,35,1.1925,0.20,periodic,52,969.00,0.167123
10953,1000,0.10,900,3,35,1.1080,0.20,periodic,53,986.00,0.362900
10954,1000,0.10,900,3,35,1.1594,0.20,periodic,54,966.00,2.366174
10955,1000,0.10,900,3,35,1.1637,0.20,periodic,55,982.00,1.732366
10956,1000,0.10,900,3,35,1.1141,0.20,periodic,56,1013.00,1.441255
10957,1000,0.10,900,3,35,1.1894,0.20,periodic,57,973.00,1.480580
10958,1000,0.10,900,3,35,1.1505,0.20,periodic,58,997.00,0.494509
10959,1000,0.10,900,3,35,1.1805,0.20,periodic,59,950.00,0.722037
10960,1000,0.10,900,3,35,1.1976,0.20,periodic,60,984.00,0.504671
10961,1000,0.10,900,3,35,1.1507,0.20,periodic,61,1001.00,0.384282
10962,1000,0.10,900,3,35,1.1769,0.20,periodic,62,1014.00,0.836721
10963,1000,0.10,900,3,35,1.1247,0.20,periodic,63,1002.00,1.111255
10964,1000,0.10,900,3,35,1.1735,0.20,periodic,64,917.00,1.083184
10965,1000,0.10,900,3,35,1.2126,0.20,periodic,65,979.00,0.890236
10966,1000,0.10,900,3,35,1.1448,0.20,periodic,66,930.00,0.451737
10967,1000,0.10,900,3,35,1.2029,0.20,periodic,67,990.00,0.477046
10968,1000,0.10,900,3,35,1.1454,0.20,periodic,68,981.00,0.330031
10969,1000,0.10,900,3,35,1.2125,0.20,periodic,69,1024.00,1.151905
10970,1000,0.10,900,3,35,1.1847,0.20,periodic,70,985.00,0.388264
10971,1000,0.10,900,3,35,1.2122,0.20,periodic,71,970.00,0.583010
10972,1000,0.10,900,3,35,1.1473,0.20,periodic,72,941.00,1.122001
10973,1000,0.10,900,3,35,1.1784,0.20,periodic,73,983.00,1.895336
10974,1000,0.10,900,3,35,1.1906,0.20,periodic,74,1010.00,1.968183
10975,1000,0.10,900,3,35,1.2340,0.20,periodic,75,943.00,0.343436
10976,1000,0.10,900,3,35,1.2047,0.20,periodic,76,1004.00,0.513171
10977,1000,0.10,900,3,35,1.1703,0.20,periodic,77,1002.00,0.916976
10978,1000,0.10,900,3,35,1.1538,0.20,periodic,78,957.00,0.433240
10979,1000,0.10,900,3,35,1.2083,0.20,periodic,79,1007.00,1.087162
10980,1000,0.10,900,3,35,1.1094,0.20,periodic,80,973.00,0.719613
10981,1000,0.10,900,3,35,1.1893,0.20,periodic,81,1006.00,0.152078
10982,1000,0.10,900,3,35,1.2030,0.20,periodic,82,989.00,1.695604
10983,1000,0.10,900,3,35,1.1425,0.20,periodic,83,998.00,0.348774
10984,1000,0.10,900,3,35,1.2119,0.20,periodic,84,1001.00,1.155848
10985,1000,0.10,900,3,35,1.1124,0.20,periodic,85,970.00,0.483177
10986,1000,0.10,900,3,35,1.1331,0.20,periodic,86,965.00,0.500977
10987,1000,0.10,900,3,35,1.1283,0.20,periodic,87,1051.00,3.180799
10988,1000,0.10,900,3,35,1.2221,0.20,periodic,88,985.00,0.331061
10989,1000,0.10,900,3,35,1.2401,0.20,periodic,89,986.00,0.485730
10990,1000,0.10,900,3,35,1.1971,0.20,periodic,90,966.00,0.161444
10991,1000,0.10,900,3,35,1.1747,0.20,periodic,91,955.00,1.406230
10992,1000,0.10,900,3,35,1.1654,0.20,periodic,92,952.00,0.816077
10993,1000,0.10,900,3,35,1.1467,0.20,periodic,93,976.00,0.534547
10994,1000,0.10,900,3,35,1.1743,0.20,periodic,94,992.00,0.651636
10995,1000,0.10,900,3,35,1.1562,0.20,periodic,95,994.00,0.323091
10996,1000,0.10,900,3,35,1.1703,0.20,periodic,96,982.00,1.110570
10997,1000,0.10,900,3,35,1.1663,0.20,periodic,97,991.00,0.975949
10998,1000,0.10,900,3,35,1.1940,0.20,periodic,98,1015.00,2.140541
10999,1000,0.10,900,3,35,1.1621,0.20,periodic,99,961.00,0.338947
11000,1000,0.10,900,3,35,1.1996,0.25,periodic,0,1013.00,1.747826
11001,1000,0.10,900,3,35,1.2038,0.25,periodic,1,983.00,1.475385
11002,1000,0.10,900,3,35,1.2229,0.25,periodic,2,982.00,1.133141
11003,1000,0.10,900,3,35,1.2466,0.25,periodic,3,982.00,0.594917
11004,1000,0.10,900,3,35,1.1698,0.25,periodic,4,930.00,0.730904
11005,1000,0.10,900,3,35,1.1724,0.25,periodic,5,950.00,0.282398
11006,1000,0.10,900,3,35,1.2135,0.25,periodic,6,1012.00,0.524907
11007,1000,0.10,900,3,35,1.1851,0.25,periodic,7,967.00,2.319057
11008,1000,0.10,900,3,35,1.1869,0.25,periodic,8,965.00,0.537855
11009,1000,0.10,900,3,35,1.2132,0.25,periodic,9,974.00,0.445774
11010,1000,0.10,900,3,35,1.2342,0.25,periodic,10,1026.00,2.309805
11011,1000,0.10,900,3,35,1.2037,0.25,periodic,11,995.00,0.557216
11012,1000,0.10,900,3,35,1.1967,0.25,periodic,12,1017.00,0.545015
11013,1000,0.10,900,3,35,1.2010,0.25,periodic,13,1002.00,0.967551
11014,1000,0.10,900,3,35,1.1916,0.25,periodic,14,1011.00,0.541688
11015,1000,0.10,900,3,35,1.2287,0.25,periodic,15,1008.00,0.996923
11016,1000,0.10,900,3,35,1.1936,0.25,periodic,16,991.00,0.705194
11017,1000,0.10,900,3,35,1.1623,0.25,periodic,17,979.00,0.491566
11018,1000,0.10,900,3,35,1.2456,0.25,periodic,18,973.00,1.039537
11019,1000,0.10,900,3,35,1.1735,0.25,periodic,19,978.00,0.810896
11020,1000,0.10,900,3,35,1.1661,0.25,periodic,20,987.00,0.511904
11021,1000,0.10,900,3,35,1.1937,0.25,periodic,21,970.00,0.707054
11022,1000,0.10,900,3,35,1.2068,0.25,periodic,22,990.00,1.363735
11023,1000,0.10,900,3,35,1.2346,0.25,periodic,23,984.00,1.038854
11024,1000,0.10,900,3,35,1.1792,0.25,periodic,24,974.00,0.514972
11025,1000,0.10,900,3,35,1.1865,0.25,periodic,25,985.00,1.717514
11026,1000,0.10,900,3,35,1.1724,0.25,periodic,26,998.00,0.700777
11027,1000,0.10,900,3,35,1.1956,0.25,periodic,27,988.00,0.678087
11028,1000,0.10,900,3,35,1.1867,0.25,periodic,28,980.00,0.695825
11029,1000,0.10,900,3,35,1.2261,0.25,periodic,29,974.00,0.671548
11030,1000,0.10,900,3,35,1.2099,0.25,periodic,30,960.00,1.072855
11031,1000,0.10,900,3,35,1.2095,0.25,periodic,31,976.00,0.592573
11032,1000,0.10,900,3,35,1.2151,0.25,periodic,32,980.00,0.823955
11033,1000,0.10,900,3,35,1.1741,0.25,periodic,33,988.00,0.305725
11034,1000,0.10,900,3,35,1.2535,0.25,periodic,34,955.00,0.715601
11035,1000,0.10,900,3,35,1.1988,0.25,periodic,35,959.00,0.469484
11036,1000,0.10,900,3,35,1.1905,0.25,periodic,36,995.00,0.488479
11037,1000,0.10,900,3,35,1.2605,0.25,periodic,37,965.00,0.542056
11038,1000,0.10,900,3,35,1.2419,0.25,periodic,38,1018.00,0.478203
11039,1000,0.10,900,3,35,1.1934,0.25,periodic,39,972.00,1.565569
11040,1000,0.10,900,3,35,1.1845,0.25,periodic,40,1050.00,0.865306
11041,1000,0.10,900,3,35,1.2563,0.25,periodic,41,989.00,0.928321
11042,1000,0.10,900,3,35,1.1625,0.25,periodic,42,1003.00,0.673962
11043,1000,0.10,900,3,35,1.2059,0.25,periodic,43,991.00,0.811963
11044,1000,0.10,900,3,35,1.1819,0.25,periodic,44,1005.00,0.302686
11045,1000,0.10,900,3,35,1.2370,0.25,periodic,45,970.00,0.644143
11046,1000,0.10,900,3,35,1.2434,0.25,periodic,46,930.00,0.956584
11047,1000,0.10,900,3,35,1.1902,0.25,periodic,47,997.00,0.459926
11048,1000,0.10,900,3,35,1.1712,0.25,periodic,48,974.00,0.631940
11049,1000,0.10,900,3,35,1.2322,0.25,periodic,49,983.00,0.389537
11050,1000,0.10,900,3,35,1.2249,0.25,periodic,50,992.00,0.870939
11051,1000,0.10,900,3,35,1.1800,0.25,periodic,51,976.00,1.084544
11052,1000,0.10,900,3,35,1.1711,0.25,periodic,52,974.00,0.211848
11053,1000,0.10,900,3,35,1.2179,0.25,periodic,53,957.00,1.593693
11054,1000,0.10,900,3,35,1.1512,0.25,periodic,54,952.00,0.513017
11055,1000,0.10,900,3,35,1.2048,0.25,periodic,55,990.00,0.368030
11056,1000,0.10,900,3,35,1.2325,0.25,periodic,56,966.00,0.818236
11057,1000,0.10,900,3,35,1.1841,0.25,periodic,57,995.00,0.574245
11058,1000,0.10,900,3,35,1.2080,0.25,periodic,58,969.00,1.151342
11059,1000,0.10,900,3,35,1.2461,0.25,periodic,59,974.00,0.743377
11060,1000,0.10,900,3,35,1.1923,0.25,periodic,60,1010.00,0.595538
11061,1000,0.10,900,3,35,1.1922,0.25,periodic,61,962.00,0.724045
11062,1000,0.10,900,3,35,1.2091,0.25,periodic,62,971.00,0.284293
11063,1000,0.10,900,3,35,1.2340,0.25,periodic,63,980.00,0.690317
11064,1000,0.10,900,3,35,1.1429,0.25,periodic,64,978.00,0.790304
11065,1000,0.10,900,3,35,1.1725,0.25,periodic,65,961.00,0.679943
11066,1000,0.10,900,3,35,1.2085,0.25,periodic,66,1003.00,0.476737
11067,1000,0.10,900,3,35,1.2058,0.25,periodic,67,979.00,0.596798
11068,1000,0.10,900,3,35,1.1778,0.25,periodic,68,994.00,0.794741
11069,1000,0.10,900,3,35,1.1990,0.25,periodic,69,981.00,1.169844
11070,1000,0.10,900,3,35,1.1991,0.25,periodic,70,995.00,0.498490
11071,1000,0.10,900,3,35,1.1675,0.25,periodic,71,961.00,0.601507
11072,1000,0.10,900,3,35,1.2530,0.25,periodic,72,1009.00,0.709441
11073,1000,0.10,900,3,35,1.2824,0.25,periodic,73,958.00,0.582036
11074,1000,0.10,900,3,35,1.2483,0.25,periodic,74,984.00,0.528628
11075,1000,0.10,900,3,35,1.1372,0.25,periodic,75,992.00,0.464624
11076,1000,0.10,900,3,35,1.2067,0.25,periodic,76,969.00,0.744458
11077,1000,0.10,900,3,35,1.1637,0.25,periodic,77,1007.00,0.433386
11078,1000,0.10,900,3,35,1.1419,0.25,periodic,78,1005.00,2.068446
11079,1000,0.10,900,3,35,1.1769,0.25,periodic,79,1001.00,2.166644
11080,1000,0.10,900,3,35,1.1859,0.25,periodic,80,940.00,1.001329
11081,1000,0.10,900,3,35,1.2043,0.25,periodic,81,957.00,0.478537
11082,1000,0.10,900,3,35,1.2236,0.25,periodic,82,949.00,0.480693
11083,1000,0.10,900,3,35,1.1667,0.25,periodic,83,1018.00,0.774772
11084,1000,0.10,900,3,35,1.1733,0.25,periodic,84,1006.00,0.694055
11085,1000,0.10,900,3,35,1.2072,0.25,periodic,85,992.00,1.531466
11086,1000,0.10,900,3,35,1.1988,0.25,periodic,86,997.00,1.026463
11087,1000,0.10,900,3,35,1.1974,0.25,periodic,87,993.00,0.539909
11088,1000,0.10,900,3,35,1.2349,0.25,periodic,88,964.00,0.831653
11089,1000,0.10,900,3,35,1.1796,0.25,periodic,89,962.00,1.244679
11090,1000,0.10,900,3,35,1.1626,0.25,periodic,90,1003.00,0.811778
11091,1000,0.10,900,3,35,1.2129,0.25,periodic,91,975.00,4.760832
11092,1000,0.10,900,3,35,1.2136,0.25,periodic,92,965.00,1.000954
11093,1000,0.10,900,3,35,1.1588,0.25,periodic,93,976.00,1.226737
11094,1000,0.10,900,3,35,1.1590,0.25,periodic,94,999.00,1.903472
11095,1000,0.10,900,3,35,1.1661,0.25,periodic,95,976.00,0.923230
11096,1000,0.10,900,3,35,1.2492,0.25,periodic,96,987.00,3.669138
11097,1000,0.10,900,3,35,1.2117,0.25,periodic,97,996.00,1.187328
11098,1000,0.10,900,3,35,1.1849,0.25,periodic,98,959.00,1.221599
11099,1000,0.10,900,3,35,1.1278,0.25,periodic,99,1023.00,1.700974
11100,1000,0.10,900,3,35,1.2140,0.30,periodic,0,992.00,0.675266
11101,1000,0.10,900,3,35,1.2019,0.30,periodic,1,1043.00,2.470442
11102,1000,0.10,900,3,35,1.2397,0.30,periodic,2,1023.00,0.693737
11103,1000,0.10,900,3,35,1.2050,0.30,periodic,3,980.00,0.418455
11104,1000,0.10,900,3,35,1.2201,0.30,periodic,4,961.00,1.074447
11105,1000,0.10,900,3,35,1.2368,0.30,periodic,5,987.00,4.025141
11106,1000,0.10,900,3,35,1.1936,0.30,periodic,6,965.00,0.896494
11107,1000,0.10,900,3,35,1.2178,0.30,periodic,7,991.00,3.497245
11108,1000,0.10,900,3,35,1.1968,0.30,periodic,8,966.00,0.396630
11109,1000,0.10,900,3,35,1.2534,0.30,periodic,9,987.00,1.261272
11110,1000,0.10,900,3,35,1.2219,0.30,periodic,10,995.00,1.286395
11111,1000,0.10,900,3,35,1.1738,0.30,periodic,11,988.00,0.638265
11112,1000,0.10,900,3,35,1.2735,0.30,periodic,12,985.00,1.018855
11113,1000,0.10,900,3,35,1.2099,0.30,periodic,13,1003.00,3.218132
11114,1000,0.10,900,3,35,1.2525,0.30,periodic,14,1072.00,0.847364
11115,1000,0.10,900,3,35,1.1808,0.30,periodic,15,1073.00,0.440606
11116,1000,0.10,900,3,35,1.2078,0.30,periodic,16,1015.00,0.563039
11117,1000,0.10,900,3,35,1.2381,0.30,periodic,17,1014.00,1.068240
11118,1000,0.10,900,3,35,1.2875,0.30,periodic,18,968.00,1.152379
11119,1000,0.10,900,3,35,1.2313,0.30,periodic,19,965.00,1.422253
11120,1000,0.10,900,3,35,1.2096,0.30,periodic,20,1023.00,1.006195
11121,1000,0.10,900,3,35,1.2107,0.30,periodic,21,1002.00,0.286904
11122,1000,0.10,900,3,35,1.2644,0.30,periodic,22,997.00,0.409762
11123,1000,0.10,900,3,35,1.2153,0.30,periodic,23,1005.00,1.355537
11124,1000,0.10,900,3,35,1.2352,0.30,periodic,24,989.00,1.830965
11125,1000,0.10,900,3,35,1.2165,0.30,periodic,25,1025.00,2.190974
11126,1000,0.10,900,3,35,1.1956,0.30,periodic,26,1020.00,1.832358
11127,1000,0.10,900,3,35,1.1788,0.30,periodic,27,1036.00,2.408296
11128,1000,0.10,900,3,35,1.1886,0.30,periodic,28,994.00,1.115058
11129,1000,0.10,900,3,35,1.2307,0.30,periodic,29,1001.00,0.548992
11130,1000,0.10,900,3,35,1.2096,0.30,periodic,30,1024.00,0.427415
11131,1000,0.10,900,3,35,1.2266,0.30,periodic,31,1037.00,1.456458
11132,1000,0.10,900,3,35,1.2179,0.30,periodic,32,967.00,0.383606
11133,1000,0.10,900,3,35,1.2544,0.30,periodic,33,990.00,0.885371
11134,1000,0.10,900,3,35,1.2623,0.30,periodic,34,1031.00,0.931446
11135,1000,0.10,900,3,35,1.2039,0.30,periodic,35,1021.00,0.632250
11136,1000,0.10,900,3,35,1.2171,0.30,periodic,36,1013.00,1.637071
11137,1000,0.10,900,3,35,1.2545,0.30,periodic,37,940.00,1.019852
11138,1000,0.10,900,3,35,1.2671,0.30,periodic,38,1007.00,0.650650
11139,1000,0.10,900,3,35,1.2308,0.30,periodic,39,1001.00,0.531836
11140,1000,0.10,900,3,35,1.1945,0.30,periodic,40,1005.00,2.433427
11141,1000,0.10,900,3,35,1.2621,0.30,periodic,41,990.00,1.278898
11142,1000,0.10,900,3,35,1.1964,0.30,periodic,42,986.00,0.381930
11143,1000,0.10,900,3,35,1.1817,0.30,periodic,43,1005.00,0.699721
11144,1000,0.10,900,3,35,1.1977,0.30,periodic,44,967.00,0.646822
11145,1000,0.10,900,3,35,1.2032,0.30,periodic,45,1018.00,0.382360
11146,1000,0.10,900,3,35,1.2565,0.30,periodic,46,999.00,0.453662
11147,1000,0.10,900,3,35,1.1757,0.30,periodic,47,986.00,0.510065
11148,1000,0.10,900,3,35,1.2271,0.30,periodic,48,1011.00,2.921856
11149,1000,0.10,900,3,35,1.2267,0.30,periodic,49,967.00,1.945196
11150,1000,0.10,900,3,35,1.2265,0.30,periodic,50,970.00,0.688633
11151,1000,0.10,900,3,35,1.2282,0.30,periodic,51,1035.00,0.966545
11152,1000,0.10,900,3,35,1.2354,0.30,periodic,52,964.00,0.492589
11153,1000,0.10,900,3,35,1.1949,0.30,periodic,53,989.00,0.500563
11154,1000,0.10,900,3,35,1.2538,0.30,periodic,54,972.00,1.354476
11155,1000,0.10,900,3,35,1.2227,0.30,periodic,55,1005.00,1.746458
11156,1000,0.10,900,3,35,1.1989,0.30,periodic,56,982.00,2.669708
11157,1000,0.10,900,3,35,1.1879,0.30,periodic,57,1003.00,1.836399
11158,1000,0.10,900,3,35,1.3014,0.30,periodic,58,964.00,0.820594
11159,1000,0.10,900,3,35,1.2147,0.30,periodic,59,1001.00,0.844288
11160,1000,0.10,900,3,35,1.2529,0.30,periodic,60,1026.00,1.043133
11161,1000,0.10,900,3,35,1.1871,0.30,periodic,61,986.00,1.446790
11162,1000,0.10,900,3,35,1.2123,0.30,periodic,62,978.00,0.583453
11163,1000,0.10,900,3,35,1.2509,0.30,periodic,63,1007.00,1.302985
11164,1000,0.10,900,3,35,1.2426,0.30,periodic,64,1001.00,0.574650
11165,1000,0.10,900,3,35,1.2456,0.30,periodic,65,1008.00,0.499674
11166,1000,0.10,900,3,35,1.2112,0.30,periodic,66,1074.00,1.901519
11167,1000,0.10,900,3,35,1.1717,0.30,periodic,67,1014.00,0.966876
11168,1000,0.10,900,3,35,1.2033,0.30,periodic,68,1009.00,0.401752
11169,1000,0.10,900,3,35,1.2378,0.30,periodic,69,959.00,0.590161
11170,1000,0.10,900,3,35,1.2612,0.30,periodic,70,1028.00,0.816980
11171,1000,0.10,900,3,35,1.2073,0.30,periodic,71,965.00,0.501348
11172,1000,0.10,900,3,35,1.2449,0.30,periodic,72,1031.00,0.722997
11173,1000,0.10,900,3,35,1.3036,0.30,periodic,73,1010.00,0.708189
11174,1000,0.10,900,3,35,1.2030,0.30,periodic,74,1001.00,0.439584
11175,1000,0.10,900,3,35,1.2166,0.30,periodic,75,1003.00,0.821181
11176,1000,0.10,900,3,35,1.1932,0.30,periodic,76,1017.00,0.889845
11177,1000,0.10,900,3,35,1.1951,0.30,periodic,77,1021.00,1.346919
11178,1000,0.10,900,3,35,1.2680,0.30,periodic,78,998.00,0.626310
11179,1000,0.10,900,3,35,1.1959,0.30,periodic,79,1003.00,1.845894
11180,1000,0.10,900,3,35,1.1706,0.30,periodic,80,997.00,0.779903
11181,1000,0.10,900,3,35,1.2577,0.30,periodic,81,965.00,0.920045
11182,1000,0.10,900,3,35,1.2372,0.30,periodic,82,1018.00,0.403498
11183,1000,0.10,900,3,35,1.2235,0.30,periodic,83,974.00,0.837062
11184,1000,0.10,900,3,35,1.2547,0.30,periodic,84,1031.00,0.727484
11185,1000,0.10,900,3,35,1.2674,0.30,periodic,85,1001.00,0.471676
11186,1000,0.10,900,3,35,1.1662,0.30,periodic,86,985.00,0.666750
11187,1000,0.10,900,3,35,1.2378,0.30,periodic,87,995.00,0.750340
11188,1000,0.10,900,3,35,1.2403,0.30,periodic,88,998.00,2.069685
11189,1000,0.10,900,3,35,1.2646,0.30,periodic,89,990.00,0.396687
11190,1000,0.10,900,3,35,1.1964,0.30,periodic,90,994.00,0.600149
11191,1000,0.10,900,3,35,1.2196,0.30,periodic,91,1015.00,1.009545
11192,1000,0.10,900,3,35,1.2023,0.30,periodic,92,987.00,0.310894
11193,1000,0.10,900,3,35,1.2169,0.30,periodic,93,1035.00,0.273158
11194,1000,0.10,900,3,35,1.1920,0.30,periodic,94,989.00,0.766717
11195,1000,0.10,900,3,35,1.2356,0.30,periodic,95,981.00,0.448842
11196,1000,0.10,900,3,35,1.2390,0.30,periodic,96,1042.00,1.141671
11197,1000,0.10,900,3,35,1.2317,0.30,periodic,97,1010.00,1.131276
11198,1000,0.10,900,3,35,1.1789,0.30,periodic,98,1037.00,0.685749
11199,1000,0.10,900,3,35,1.2407,0.30,periodic,99,1043.00,0.500897
11200,1000,0.10,900,3,35,1.2534,0.35,periodic,0,1024.00,1.221156
11201,1000,0.10,900,3,35,1.2772,0.35,periodic,1,1039.00,0.377866
11202,1000,0.10,900,3,35,1.2049,0.35,periodic,2,1023.00,0.888732
11203,1000,0.10,900,3,35,1.2986,0.35,periodic,3,1003.00,0.613577
11204,1000,0.10,900,3,35,1.2382,0.35,periodic,4,1042.00,0.689446
11205,1000,0.10,900,3,35,1.2321,0.35,periodic,5,1000.00,3.037339
11206,1000,0.10,900,3,35,1.2334,0.35,periodic,6,976.00,0.955245
11207,1000,0.10,900,3,35,1.2951,0.35,periodic,7,991.00,1.853049
11208,1000,0.10,900,3,35,1.1998,0.35,periodic,8,986.00,0.567949
11209,1000,0.10,900,3,35,1.2588,0.35,periodic,9,1027.00,2.399314
11210,1000,0.10,900,3,35,1.1729,0.35,periodic,10,1007.00,0.860037
11211,1000,0.10,900,3,35,1.2352,0.35,periodic,11,1001.00,0.748672
11212,1000,0.10,900,3,35,1.2636,0.35,periodic,12,1017.00,0.914551
11213,1000,0.10,900,3,35,1.2774,0.35,periodic,13,996.00,1.140933
11214,1000,0.10,900,3,35,1.2338,0.35,periodic,14,983.00,0.511856
11215,1000,0.10,900,3,35,1.2942,0.35,periodic,15,983.00,0.822190
11216,1000,0.10,900,3,35,1.2517,0.35,periodic,16,977.00,0.532518
11217,1000,0.10,900,3,35,1.2771,0.35,periodic,17,1002.00,0.909501
11218,1000,0.10,900,3,35,1.2039,0.35,periodic,18,1020.00,0.720576
11219,1000,0.10,900,3,35,1.2667,0.35,periodic,19,1001.00,0.521922
11220,1000,0.10,900,3,35,1.2363,0.35,periodic,20,981.00,0.884773
11221,1000,0.10,900,3,35,1.1863,0.35,periodic,21,974.00,0.312071
11222,1000,0.10,900,3,35,1.2345,0.35,periodic,22,1010.00,0.353395
11223,1000,0.10,900,3,35,1.1880,0.35,periodic,23,996.00,0.782312
11224,1000,0.10,900,3,35,1.2354,0.35,periodic,24,990.00,0.915764
11225,1000,0.10,900,3,35,1.2303,0.35,periodic,25,987.00,1.170649
11226,1000,0.10,900,3,35,1.2358,0.35,periodic,26,993.00,0.727607
11227,1000,0.10,900,3,35,1.2458,0.35,periodic,27,990.00,1.704666
11228,1000,0.10,900,3,35,1.3176,0.35,periodic,28,960.00,1.222761
11229,1000,0.10,900,3,35,1.2249,0.35,periodic,29,994.00,0.819611
11230,1000,0.10,900,3,35,1.2342,0.35,periodic,30,976.00,1.465544
11231,1000,0.10,900,3,35,1.2140,0.35,periodic,31,1020.00,0.489532
11232,1000,0.10,900,3,35,1.2464,0.35,periodic,32,962.00,1.355051
11233,1000,0.10,900,3,35,1.2281,0.35,periodic,33,1010.00,0.521983
11234,1000,0.10,900,3,35,1.2404,0.35,periodic,34,1011.00,0.714227
11235,1000,0.10,900,3,35,1.1747,0.35,periodic,35,991.00,1.621420
11236,1000,0.10,900,3,35,1.2403,0.35,periodic,36,991.00,0.780358
11237,1000,0.10,900,3,35,1.2509,0.35,periodic,37,1003.00,0.771403
11238,1000,0.10,900,3,35,1.2421,0.35,periodic,38,964.00,1.028994
11239,1000,0.10,900,3,35,1.2720,0.35,periodic,39,1000.00,0.965271
11240,1000,0.10,900,3,35,1.2411,0.35,periodic,40,977.00,1.454140
11241,1000,0.10,900,3,35,1.2893,0.35,periodic,41,986.00,2.001431
11242,1000,0.10,900,3,35,1.2626,0.35,periodic,42,996.00,3.599217
11243,1000,0.10,900,3,35,1.1980,0.35,periodic,43,987.00,2.189778
11244,1000,0.10,900,3,35,1.2572,0.35,periodic,44,976.00,0.372726
11245,1000,0.10,900,3,35,1.2648,0.35,periodic,45,994.00,1.417840
11246,1000,0.10,900,3,35,1.1969,0.35,periodic,46,962.00,0.844644
11247,1000,0.10,900,3,35,1.2327,0.35,periodic,47,978.00,0.636411
11248,1000,0.10,900,3,35,1.2028,0.35,periodic,48,1010.00,0.520482
11249,1000,0.10,900,3,35,1.1970,0.35,periodic,49,980.00,3.755856
11250,1000,0.10,900,3,35,1.2643,0.35,periodic,50,997.00,0.814499
11251,1000,0.10,900,3,35,1.2418,0.35,periodic,51,972.00,0.737638
11252,1000,0.10,900,3,35,1.2465,0.35,periodic,52,997.00,1.668083
11253,1000,0.10,900,3,35,1.2179,0.35,periodic,53,978.00,0.530497
11254,1000,0.10,900,3,35,1.2548,0.35,periodic,54,1049.00,1.413087
11255,1000,0.10,900,3,35,1.2277,0.35,periodic,55,1011.00,1.821060
11256,1000,0.10,900,3,35,1.2401,0.35,periodic,56,976.00,1.116125
11257,1000,0.10,900,3,35,1.2558,0.35,periodic,57,1018.00,0.576685
11258,1000,0.10,900,3,35,1.2453,0.35,periodic,58,1051.00,0.811545
11259,1000,0.10,900,3,35,1.2708,0.35,periodic,59,962.00,0.951872
11260,1000,0.10,900,3,35,1.2790,0.35,periodic,60,1013.00,0.522994
11261,1000,0.10,900,3,35,1.2687,0.35,periodic,61,994.00,0.466075
11262,1000,0.10,900,3,35,1.2756,0.35,periodic,62,1013.00,0.749164
11263,1000,0.10,900,3,35,1.2485,0.35,periodic,63,1024.00,1.964486
11264,1000,0.10,900,3,35,1.2307,0.35,periodic,64,976.00,1.560926
11265,1000,0.10,900,3,35,1.2160,0.35,periodic,65,967.00,1.681193
11266,1000,0.10,900,3,35,1.2065,0.35,periodic,66,936.00,0.526907
11267,1000,0.10,900,3,35,1.2263,0.35,periodic,67,959.00,0.588958
11268,1000,0.10,900,3,35,1.2225,0.35,periodic,68,1003.00,1.035754
11269,1000,0.10,900,3,35,1.2038,0.35,periodic,69,985.00,1.419956
11270,1000,0.10,900,3,35,1.2586,0.35,periodic,70,984.00,1.629707
11271,1000,0.10,900,3,35,1.2593,0.35,periodic,71,973.00,1.342562
11272,1000,0.10,900,3,35,1.2408,0.35,periodic,72,985.00,0.576835
11273,1000,0.10,900,3,35,1.2701,0.35,periodic,73,965.00,1.887071
11274,1000,0.10,900,3,35,1.2343,0.35,periodic,74,981.00,0.690223
11275,1000,0.10,900,3,35,1.2772,0.35,periodic,75,974.00,1.442632
11276,1000,0.10,900,3,35,1.2360,0.35,periodic,76,1012.00,1.207620
11277,1000,0.10,900,3,35,1.2793,0.35,periodic,77,930.00,0.370289
11278,1000,0.10,900,3,35,1.2461,0.35,periodic,78,1006.00,0.486731
11279,1000,0.10,900,3,35,1.2062,0.35,periodic,79,1004.00,1.387378
11280,1000,0.10,900,3,35,1.2500,0.35,periodic,80,992.00,1.359061
11281,1000,0.10,900,3,35,1.2690,0.35,periodic,81,984.00,0.546935
11282,1000,0.10,900,3,35,1.2523,0.35,periodic,82,1035.00,0.468284
11283,1000,0.10,900,3,35,1.2136,0.35,periodic,83,973.00,0.337849
11284,1000,0.10,900,3,35,1.2499,0.35,periodic,84,993.00,0.346614
11285,1000,0.10,900,3,35,1.2540,0.35,periodic,85,981.00,0.704597
11286,1000,0.10,900,3,35,1.2710,0.35,periodic,86,979.00,0.681994
11287,1000,0.10,900,3,35,1.2427,0.35,periodic,87,985.00,1.716018
11288,1000,0.10,900,3,35,1.2417,0.35,periodic,88,983.00,0.689646
11289,1000,0.10,900,3,35,1.1885,0.35,periodic,89,979.00,0.633334
11290,1000,0.10,900,3,35,1.2326,0.35,periodic,90,975.00,0.580708
11291,1000,0.10,900,3,35,1.1765,0.35,periodic,91,998.00,0.474077
11292,1000,0.10,900,3,35,1.2378,0.35,periodic,92,988.00,0.884299
11293,1000,0.10,900,3,35,1.2318,0.35,periodic,93,985.00,0.416257
11294,1000,0.10,900,3,35,1.2637,0.35,periodic,94,991.00,1.068691
11295,1000,0.10,900,3,35,1.2464,0.35,periodic,95,992.00,1.220261
11296,1000,0.10,900,3,35,1.1862,0.35,periodic,96,1011.00,1.439661
11297,1000,0.10,900,3,35,1.2816,0.35,periodic,97,1010.00,1.295487
11298,1000,0.10,900,3,35,1.1805,0.35,periodic,98,949.00,0.809276
11299,1000,0.10,900,3,35,1.2237,0.35,periodic,99,1000.00,0.775003
11300,1000,0.10,900,3,35,1.2652,0.40,periodic,0,971.00,0.578124
11301,1000,0.10,900,3,35,1.2345,0.40,periodic,1,974.00,0.636122
11302,1000,0.10,900,3,35,1.2342,0.40,periodic,2,990.00,0.520950
11303,1000,0.10,900,3,35,1.3077,0.40,periodic,3,980.00,0.985634
11304,1000,0.10,900,3,35,1.3204,0.40,periodic,4,1011.00,1.523135
11305,1000,0.10,900,3,35,1.2593,0.40,periodic,5,1009.00,1.635270
11306,1000,0.10,900,3,35,1.2819,0.40,periodic,6,975.00,0.968104
11307,1000,0.10,900,3,35,1.2535,0.40,periodic,7,997.00,0.852238
11308,1000,0.10,900,3,35,1.2821,0.40,periodic,8,1015.00,1.603263
11309,1000,0.10,900,3,35,1.2231,0.40,periodic,9,972.00,1.131057
11310,1000,0.10,900,3,35,1.2632,0.40,periodic,10,981.00,0.793105
11311,1000,0.10,900,3,35,1.2998,0.40,periodic,11,993.00,1.413077
11312,1000,0.10,900,3,35,1.3105,0.40,periodic,12,1006.00,0.653628
11313,1000,0.10,900,3,35,1.2227,0.40,periodic,13,1006.00,0.526132
11314,1000,0.10,900,3,35,1.2416,0.40,periodic,14,964.00,1.193551
11315,1000,0.10,900,3,35,1.2891,0.40,periodic,15,1004.00,1.719968
11316,1000,0.10,900,3,35,1.2963,0.40,periodic,16,989.00,0.885594
11317,1000,0.10,900,3,35,1.2352,0.40,periodic,17,976.00,1.410518
11318,1000,0.10,900,3,35,1.2209,0.40,periodic,18,1003.00,0.500845
11319,1000,0.10,900,3,35,1.3035,0.40,periodic,19,994.00,0.454585
11320,1000,0.10,900,3,35,1.2649,0.40,periodic,20,998.00,0.540979
11321,1000,0.10,900,3,35,1.2378,0.40,periodic,21,976.00,1.509988
11322,1000,0.10,900,3,35,1.2836,0.40,periodic,22,996.00,1.616734
11323,1000,0.10,900,3,35,1.2150,0.40,periodic,23,958.00,0.700087
11324,1000,0.10,900,3,35,1.2768,0.40,periodic,24,954.00,0.477981
11325,1000,0.10,900,3,35,1.2870,0.40,periodic,25,935.00,0.978204
11326,1000,0.10,900,3,35,1.2429,0.40,periodic,26,944.00,0.990078
11327,1000,0.10,900,3,35,1.2596,0.40,periodic,27,1000.00,0.991722
11328,1000,0.10,900,3,35,1.2668,0.40,periodic,28,999.00,1.143524
11329,1000,0.10,900,3,35,1.2428,0.40,periodic,29,988.00,1.016429
11330,1000,0.10,900,3,35,1.2876,0.40,periodic,30,1014.00,0.774440
11331,1000,0.10,900,3,35,1.2739,0.40,periodic,31,1023.00,0.846756
11332,1000,0.10,900,3,35,1.2608,0.40,periodic,32,1012.00,0.907066
11333,1000,0.10,900,3,35,1.2945,0.40,periodic,33,980.00,1.906544
11334,1000,0.10,900,3,35,1.2308,0.40,periodic,34,937.00,1.169492
11335,1000,0.10,900,3,35,1.1995,0.40,periodic,35,978.00,0.950102
11336,1000,0.10,900,3,35,1.2958,0.40,periodic,36,986.00,0.590824
11337,1000,0.10,900,3,35,1.2671,0.40,periodic,37,997.00,1.415963
11338,1000,0.10,900,3,35,1.2601,0.40,periodic,38,1025.00,1.403027
11339,1000,0.10,900,3,35,1.2220,0.40,periodic,39,975.00,1.673482
11340,1000,0.10,900,3,35,1.2605,0.40,periodic,40,982.00,0.650769
11341,1000,0.10,900,3,35,1.2103,0.40,periodic,41,985.00,0.838781
11342,1000,0.10,900,3,35,1.2476,0.40,periodic,42,998.00,0.497298
11343,1000,0.10,900,3,35,1.2622,0.40,periodic,43,1004.00,1.094642
11344,1000,0.10,900,3,35,1.2617,0.40,periodic,44,986.00,2.553030
11345,1000,0.10,900,3,35,1.2606,0.40,periodic,45,986.00,0.773637
11346,1000,0.10,900,3,35,1.2394,0.40,periodic,46,958.00,1.157295
11347,1000,0.10,900,3,35,1.2737,0.40,periodic,47,971.00,1.289385
11348,1000,0.10,900,3,35,1.2913,0.40,periodic,48,1011.00,0.644053
11349,1000,0.10,900,3,35,1.2606,0.40,periodic,49,1008.00,0.660632
11350,1000,0.10,900,3,35,1.2533,0.40,periodic,50,989.00,0.696406
11351,1000,0.10,900,3,35,1.2100,0.40,periodic,51,998.00,0.617287
11352,1000,0.10,900,3,35,1.2514,0.40,periodic,52,976.00,0.661147
11353,1000,0.10,900,3,35,1.2510,0.40,periodic,53,978.00,0.558062
11354,1000,0.10,900,3,35,1.2840,0.40,periodic,54,983.00,0.708478
11355,1000,0.10,900,3,35,1.2849,0.40,periodic,55,980.00,2.367733
11356,1000,0.10,900,3,35,1.2891,0.40,periodic,56,969.00,0.595353
11357,1000,0.10,900,3,35,1.2181,0.40,periodic,57,1004.00,1.285531
11358,1000,0.10,900,3,35,1.2308,0.40,periodic,58,997.00,1.661966
11359,1000,0.10,900,3,35,1.2677,0.40,periodic,59,998.00,0.904371
11360,1000,0.10,900,3,35,1.2371,0.40,periodic,60,1007.00,1.795780
11361,1000,0.10,900,3,35,1.2606,0.40,periodic,61,1008.00,2.000695
11362,1000,0.10,900,3,35,1.2210,0.40,periodic,62,1016.00,1.406790
11363,1000,0.10,900,3,35,1.2235,0.40,periodic,63,963.00,0.887580
11364,1000,0.10,900,3,35,1.2935,0.40,periodic,64,1007.00,1.182650
11365,1000,0.10,900,3,35,1.2678,0.40,periodic,65,987.00,1.666499
11366,1000,0.10,900,3,35,1.2185,0.40,periodic,66,966.00,1.871087
11367,1000,0.10,900,3,35,1.2164,0.40,periodic,67,1025.00,0.740623
11368,1000,0.10,900,3,35,1.2772,0.40,periodic,68,984.00,0.582844
11369,1000,0.10,900,3,35,1.2829,0.40,periodic,69,963.00,0.612114
11370,1000,0.10,900,3,35,1.2550,0.40,periodic,70,965.00,1.032957
11371,1000,0.10,900,3,35,1.2449,0.40,periodic,71,995.00,0.474049
11372,1000,0.10,900,3,35,1.2443,0.40,periodic,72,967.00,0.824436
11373,1000,0.10,900,3,35,1.3010,0.40,periodic,73,1011.00,0.847747
11374,1000,0.10,900,3,35,1.3223,0.40,periodic,74,980.00,0.429660
11375,1000,0.10,900,3,35,1.2585,0.40,periodic,75,977.00,2.096326
11376,1000,0.10,900,3,35,1.2455,0.40,periodic,76,992.00,1.476666
11377,1000,0.10,900,3,35,1.1931,0.40,periodic,77,974.00,0.844043
11378,1000,0.10,900,3,35,1.2201,0.40,periodic,78,982.00,0.788387
11379,1000,0.10,900,3,35,1.2867,0.40,periodic,79,1010.00,1.365695
11380,1000,0.10,900,3,35,1.2268,0.40,periodic,80,1026.00,1.286121
11381,1000,0.10,900,3,35,1.2385,0.40,periodic,81,964.00,0.818164
11382,1000,0.10,900,3,35,1.2678,0.40,periodic,82,1005.00,1.686424
11383,1000,0.10,900,3,35,1.2490,0.40,periodic,83,971.00,0.478065
11384,1000,0.10,900,3,35,1.2815,0.40,periodic,84,960.00,0.549636
11385,1000,0.10,900,3,35,1.2874,0.40,periodic,85,986.00,1.871920
11386,1000,0.10,900,3,35,1.2105,0.40,periodic,86,1014.00,1.486641
11387,1000,0.10,900,3,35,1.2673,0.40,periodic,87,994.00,1.050691
11388,1000,0.10,900,3,35,1.2202,0.40,periodic,88,1020.00,0.708006
11389,1000,0.10,900,3,35,1.2705,0.40,periodic,89,976.00,0.377462
11390,1000,0.10,900,3,35,1.2901,0.40,periodic,90,1042.00,1.465911
11391,1000,0.10,900,3,35,1.2958,0.40,periodic,91,963.00,0.924049
11392,1000,0.10,900,3,35,1.1904,0.40,periodic,92,1029.00,1.097893
11393,1000,0.10,900,3,35,1.2521,0.40,periodic,93,977.00,0.817930
11394,1000,0.10,900,3,35,1.2393,0.40,periodic,94,1004.00,1.460554
11395,1000,0.10,900,3,35,1.2820,0.40,periodic,95,989.00,0.481253
11396,1000,0.10,900,3,35,1.2957,0.40,periodic,96,1024.00,2.504582
11397,1000,0.10,900,3,35,1.2536,0.40,periodic,97,1008.00,1.319512
11398,1000,0.10,900,3,35,1.2627,0.40,periodic,98,992.00,1.811084
11399,1000,0.10,900,3,35,1.2759,0.40,periodic,99,1003.00,0.729441
11400,1000,0.10,900,3,35,1.3179,0.45,periodic,0,1004.00,4.436776
11401,1000,0.10,900,3,35,1.2825,0.45,periodic,1,990.00,0.871043
11402,1000,0.10,900,3,35,1.2432,0.45,periodic,2,973.00,0.934505
11403,1000,0.10,900,3,35,1.2675,0.45,periodic,3,1006.00,1.177125
11404,1000,0.10,900,3,35,1.2460,0.45,periodic,4,986.00,0.577414
11405,1000,0.10,900,3,35,1.2247,0.45,periodic,5,1006.00,0.603233
11406,1000,0.10,900,3,35,1.2618,0.45,periodic,6,963.00,0.487482
11407,1000,0.10,900,3,35,1.2966,0.45,periodic,7,985.00,0.877069
11408,1000,0.10,900,3,35,1.3248,0.45,periodic,8,955.00,1.545669
11409,1000,0.10,900,3,35,1.2698,0.45,periodic,9,989.00,1.048997
11410,1000,0.10,900,3,35,1.3347,0.45,periodic,10,1002.00,0.875943
11411,1000,0.10,900,3,35,1.2676,0.45,periodic,11,1012.00,2.998186
11412,1000,0.10,900,3,35,1.2742,0.45,periodic,12,1009.00,1.016971
11413,1000,0.10,900,3,35,1.3404,0.45,periodic,13,998.00,1.524755
11414,1000,0.10,900,3,35,1.2258,0.45,periodic,14,999.00,0.397374
11415,1000,0.10,900,3,35,1.2807,0.45,periodic,15,990.00,1.520789
11416,1000,0.10,900,3,35,1.2254,0.45,periodic,16,984.00,0.707664
11417,1000,0.10,900,3,35,1.2606,0.45,periodic,17,991.00,0.546939
11418,1000,0.10,900,3,35,1.2858,0.45,periodic,18,1015.00,0.896775
11419,1000,0.10,900,3,35,1.2939,0.45,periodic,19,1005.00,0.785999
11420,1000,0.10,900,3,35,1.2994,0.45,periodic,20,963.00,2.863654
11421,1000,0.10,900,3,35,1.2715,0.45,periodic,21,1021.00,0.610491
11422,1000,0.10,900,3,35,1.2785,0.45,periodic,22,991.00,0.967594
11423,1000,0.10,900,3,35,1.2827,0.45,periodic,23,958.00,1.765765
11424,1000,0.10,900,3,35,1.2965,0.45,periodic,24,1031.00,1.697630
11425,1000,0.10,900,3,35,1.2822,0.45,periodic,25,1002.00,1.635330
11426,1000,0.10,900,3,35,1.3089,0.45,periodic,26,973.00,1.329616
11427,1000,0.10,900,3,35,1.2846,0.45,periodic,27,1020.00,1.241162
11428,1000,0.10,900,3,35,1.2820,0.45,periodic,28,1003.00,1.320291
11429,1000,0.10,900,3,35,1.3035,0.45,periodic,29,1015.00,0.735850
11430,1000,0.10,900,3,35,1.2931,0.45,periodic,30,958.00,0.713058
11431,1000,0.10,900,3,35,1.2600,0.45,periodic,31,964.00,1.097846
11432,1000,0.10,900,3,35,1.2701,0.45,periodic,32,992.00,2.118164
11433,1000,0.10,900,3,35,1.2759,0.45,periodic,33,1016.00,0.832445
11434,1000,0.10,900,3,35,1.2620,0.45,periodic,34,1022.00,1.058756
11435,1000,0.10,900,3,35,1.2517,0.45,periodic,35,946.00,0.822282
11436,1000,0.10,900,3,35,1.2960,0.45,periodic,36,933.00,1.397650
11437,1000,0.10,900,3,35,1.2497,0.45,periodic,37,968.00,1.137743
11438,1000,0.10,900,3,35,1.2731,0.45,periodic,38,1022.00,0.749207
11439,1000,0.10,900,3,35,1.2529,0.45,periodic,39,981.00,1.843103
11440,1000,0.10,900,3,35,1.2862,0.45,periodic,40,972.00,0.632169
11441,1000,0.10,900,3,35,1.3002,0.45,periodic,41,1016.00,0.708091
11442,1000,0.10,900,3,35,1.2801,0.45,periodic,42,1048.00,1.220401
11443,1000,0.10,900,3,35,1.2755,0.45,periodic,43,930.00,1.010137
11444,1000,0.10,900,3,35,1.2414,0.45,periodic,44,977.00,0.737340
11445,1000,0.10,900,3,35,1.2643,0.45,periodic,45,964.00,1.053009
11446,1000,0.10,900,3,35,1.3165,0.45,periodic,46,944.00,1.136955
11447,1000,0.10,900,3,35,1.2613,0.45,periodic,47,998.00,1.219706
11448,1000,0.10,900,3,35,1.2337,0.45,periodic,48,1016.00,1.139109
11449,1000,0.10,900,3,35,1.3066,0.45,periodic,49,1014.00,0.666681
11450,1000,0.10,900,3,35,1.2409,0.45,periodic,50,957.00,0.759687
11451,1000,0.10,900,3,35,1.2638,0.45,periodic,51,1026.00,0.684778
11452,1000,0.10,900,3,35,1.2574,0.45,periodic,52,980.00,0.684600
11453,1000,0.10,900,3,35,1.2674,0.45,periodic,53,966.00,0.843255
11454,1000,0.10,900,3,35,1.2481,0.45,periodic,54,961.00,1.345942
11455,1000,0.10,900,3,35,1.3331,0.45,periodic,55,928.00,0.769379
11456,1000,0.10,900,3,35,1.3160,0.45,periodic,56,945.00,2.218172
11457,1000,0.10,900,3,35,1.3033,0.45,periodic,57,980.00,2.327802
11458,1000,0.10,900,3,35,1.3072,0.45,periodic,58,973.00,0.673286
11459,1000,0.10,900,3,35,1.2503,0.45,periodic,59,958.00,1.304334
11460,1000,0.10,900,3,35,1.2994,0.45,periodic,60,977.00,1.508366
11461,1000,0.10,900,3,35,1.3004,0.45,periodic,61,941.00,0.824708
11462,1000,0.10,900,3,35,1.2293,0.45,periodic,62,990.00,0.995116
11463,1000,0.10,900,3,35,1.3080,0.45,periodic,63,1017.00,2.126535
11464,1000,0.10,900,3,35,1.2775,0.45,periodic,64,985.00,2.569214
11465,1000,0.10,900,3,35,1.2701,0.45,periodic,65,976.00,1.197115
11466,1000,0.10,900,3,35,1.2715,0.45,periodic,66,982.00,1.732706
11467,1000,0.10,900,3,35,1.2968,0.45,periodic,67,964.00,1.149303
11468,1000,0.10,900,3,35,1.2899,0.45,periodic,68,948.00,1.314611
11469,1000,0.10,900,3,35,1.2844,0.45,periodic,69,984.00,0.782707
11470,1000,0.10,900,3,35,1.2382,0.45,periodic,70,967.00,2.260803
11471,1000,0.10,900,3,35,1.2571,0.45,periodic,71,1007.00,0.781074
11472,1000,0.10,900,3,35,1.3194,0.45,periodic,72,1015.00,1.270875
11473,1000,0.10,900,3,35,1.2780,0.45,periodic,73,957.00,1.193349
11474,1000,0.10,900,3,35,1.2915,0.45,periodic,74,982.00,1.274449
11475,1000,0.10,900,3,35,1.2528,0.45,periodic,75,979.00,1.869629
11476,1000,0.10,900,3,35,1.2680,0.45,periodic,76,992.00,0.796272
11477,1000,0.10,900,3,35,1.3486,0.45,periodic,77,992.00,1.143610
11478,1000,0.10,900,3,35,1.2274,0.45,periodic,78,1004.00,2.340521
11479,1000,0.10,900,3,35,1.2967,0.45,periodic,79,1009.00,0.903427
11480,1000,0.10,900,3,35,1.2776,0.45,periodic,80,1011.00,0.701360
11481,1000,0.10,900,3,35,1.2630,0.45,periodic,81,977.00,1.089313
11482,1000,0.10,900,3,35,1.3221,0.45,periodic,82,972.00,0.600610
11483,1000,0.10,900,3,35,1.2649,0.45,periodic,83,985.00,1.615600
11484,1000,0.10,900,3,35,1.2909,0.45,periodic,84,983.00,2.053012
11485,1000,0.10,900,3,35,1.3272,0.45,periodic,85,1016.00,0.778600
11486,1000,0.10,900,3,35,1.3078,0.45,periodic,86,972.00,0.775832
11487,1000,0.10,900,3,35,1.2420,0.45,periodic,87,973.00,1.229860
11488,1000,0.10,900,3,35,1.2728,0.45,periodic,88,990.00,0.747593
11489,1000,0.10,900,3,35,1.2764,0.45,periodic,89,1010.00,1.260422
11490,1000,0.10,900,3,35,1.3104,0.45,periodic,90,1004.00,1.782753
11491,1000,0.10,900,3,35,1.3567,0.45,periodic,91,974.00,0.681776
11492,1000,0.10,900,3,35,1.2715,0.45,periodic,92,978.00,1.306941
11493,1000,0.10,900,3,35,1.2284,0.45,periodic,93,936.00,0.774754
11494,1000,0.10,900,3,35,1.2342,0.45,periodic,94,976.00,1.267388
11495,1000,0.10,900,3,35,1.2640,0.45,periodic,95,1016.00,0.487405
11496,1000,0.10,900,3,35,1.2955,0.45,periodic,96,998.00,2.334705
11497,1000,0.10,900,3,35,1.2884,0.45,periodic,97,1021.00,0.802753
11498,1000,0.10,900,3,35,1.3134,0.45,periodic,98,1014.00,0.940910
11499,1000,0.10,900,3,35,1.2884,0.45,periodic,99,1009.00,0.551723
11500,1000,0.10,900,3,35,1.2986,0.50,periodic,0,1010.00,0.970859
11501,1000,0.10,900,3,35,1.2833,0.50,periodic,1,980.00,1.251949
11502,1000,0.10,900,3,35,1.2861,0.50,periodic,2,994.00,0.796711
11503,1000,0.10,900,3,35,1.2898,0.50,periodic,3,1045.00,2.147735
11504,1000,0.10,900,3,35,1.3051,0.50,periodic,4,964.00,0.885505
11505,1000,0.10,900,3,35,1.2673,0.50,periodic,5,966.00,1.888534
11506,1000,0.10,900,3,35,1.3043,0.50,periodic,6,1002.00,1.162447
11507,1000,0.10,900,3,35,1.2809,0.50,periodic,7,1020.00,0.958923
11508,1000,0.10,900,3,35,1.2923,0.50,periodic,8,1006.00,1.553287
11509,1000,0.10,900,3,35,1.2911,0.50,periodic,9,1014.00,1.245475
11510,1000,0.10,900,3,35,1.3454,0.50,periodic,10,994.00,0.797788
11511,1000,0.10,900,3,35,1.3027,0.50,periodic,11,1002.00,0.785137
11512,1000,0.10,900,3,35,1.2831,0.50,periodic,12,989.00,1.039318
11513,1000,0.10,900,3,35,1.3210,0.50,periodic,13,1020.00,0.766529
11514,1000,0.10,900,3,35,1.2619,0.50,periodic,14,1010.00,1.145376
11515,1000,0.10,900,3,35,1.2560,0.50,periodic,15,971.00,0.443902
11516,1000,0.10,900,3,35,1.3117,0.50,periodic,16,1056.00,1.401371
11517,1000,0.10,900,3,35,1.3010,0.50,periodic,17,1028.00,0.735024
11518,1000,0.10,900,3,35,1.2939,0.50,periodic,18,992.00,0.629832
11519,1000,0.10,900,3,35,1.2954,0.50,periodic,19,1015.00,0.818071
11520,1000,0.10,900,3,35,1.3102,0.50,periodic,20,1012.00,2.222171
11521,1000,0.10,900,3,35,1.2980,0.50,periodic,21,988.00,2.709955
11522,1000,0.10,900,3,35,1.3083,0.50,periodic,22,1052.00,1.943982
11523,1000,0.10,900,3,35,1.2785,0.50,periodic,23,1034.00,1.309989
11524,1000,0.10,900,3,35,1.2657,0.50,periodic,24,1025.00,0.930900
11525,1000,0.10,900,3,35,1.2772,0.50,periodic,25,1039.00,0.828571
11526,1000,0.10,900,3,35,1.2974,0.50,periodic,26,1014.00,4.315360
11527,1000,0.10,900,3,35,1.3066,0.50,periodic,27,993.00,1.625082
11528,1000,0.10,900,3,35,1.3394,0.50,periodic,28,982.00,2.730566
11529,1000,0.10,900,3,35,1.3370,0.50,periodic,29,993.00,1.305264
11530,1000,0.10,900,3,35,1.3218,0.50,periodic,30,1029.00,0.705993
11531,1000,0.10,900,3,35,1.2181,0.50,periodic,31,1004.00,0.939582
11532,1000,0.10,900,3,35,1.3253,0.50,periodic,32,981.00,3.119172
11533,1000,0.10,900,3,35,1.2634,0.50,periodic,33,1027.00,0.661402
11534,1000,0.10,900,3,35,1.3561,0.50,periodic,34,949.00,2.794360
11535,1000,0.10,900,3,35,1.2316,0.50,periodic,35,982.00,0.971414
11536,1000,0.10,900,3,35,1.3077,0.50,periodic,36,1013.00,0.963187
11537,1000,0.10,900,3,35,1.3056,0.50,periodic,37,931.00,0.899552
11538,1000,0.10,900,3,35,1.2943,0.50,periodic,38,1019.00,1.341170
11539,1000,0.10,900,3,35,1.2700,0.50,periodic,39,1023.00,0.998264
11540,1000,0.10,900,3,35,1.2983,0.50,periodic,40,1020.00,0.665527
11541,1000,0.10,900,3,35,1.3285,0.50,periodic,41,1000.00,0.908959
11542,1000,0.10,900,3,35,1.3115,0.50,periodic,42,962.00,1.833146
11543,1000,0.10,900,3,35,1.3238,0.50,periodic,43,991.00,3.597780
11544,1000,0.10,900,3,35,1.2813,0.50,periodic,44,1043.00,0.728411
11545,1000,0.10,900,3,35,1.3445,0.50,periodic,45,979.00,3.512633
11546,1000,0.10,900,3,35,1.3375,0.50,periodic,46,1013.00,0.693358
11547,1000,0.10,900,3,35,1.3244,0.50,periodic,47,1007.00,1.239996
11548,1000,0.10,900,3,35,1.2969,0.50,periodic,48,1024.00,0.770918
11549,1000,0.10,900,3,35,1.2715,0.50,periodic,49,981.00,1.293352
11550,1000,0.10,900,3,35,1.3478,0.50,periodic,50,998.00,2.695433
11551,1000,0.10,900,3,35,1.2701,0.50,periodic,51,974.00,1.145580
11552,1000,0.10,900,3,35,1.3267,0.50,periodic,52,1019.00,1.497928
11553,1000,0.10,900,3,35,1.3386,0.50,periodic,53,1034.00,1.044942
11554,1000,0.10,900,3,35,1.2950,0.50,periodic,54,996.00,1.146384
11555,1000,0.10,900,3,35,1.2940,0.50,periodic,55,995.00,1.293843
11556,1000,0.10,900,3,35,1.2974,0.50,periodic,56,1005.00,0.832561
11557,1000,0.10,900,3,35,1.3060,0.50,periodic,57,967.00,0.776595
11558,1000,0.10,900,3,35,1.3372,0.50,periodic,58,972.00,1.195254
11559,1000,0.10,900,3,35,1.3638,0.50,periodic,59,982.00,1.750982
11560,1000,0.10,900,3,35,1.3397,0.50,periodic,60,1012.00,1.687520
11561,1000,0.10,900,3,35,1.2860,0.50,periodic,61,960.00,0.943233
11562,1000,0.10,900,3,35,1.3717,0.50,periodic,62,1007.00,3.242520
11563,1000,0.10,900,3,35,1.3005,0.50,periodic,63,1012.00,1.410079
11564,1000,0.10,900,3,35,1.3509,0.50,periodic,64,965.00,1.339682
11565,1000,0.10,900,3,35,1.2757,0.50,periodic,65,988.00,0.581186
11566,1000,0.10,900,3,35,1.2734,0.50,periodic,66,959.00,1.642091
11567,1000,0.10,900,3,35,1.3292,0.50,periodic,67,999.00,1.383896
11568,1000,0.10,900,3,35,1.2807,0.50,periodic,68,974.00,0.999495
11569,1000,0.10,900,3,35,1.3249,0.50,periodic,69,964.00,1.269851
11570,1000,0.10,900,3,35,1.2390,0.50,periodic,70,976.00,0.830940
11571,1000,0.10,900,3,35,1.2939,0.50,periodic,71,998.00,1.003128
11572,1000,0.10,900,3,35,1.3211,0.50,periodic,72,987.00,1.558744
11573,1000,0.10,900,3,35,1.2629,0.50,periodic,73,982.00,3.061838
11574,1000,0.10,900,3,35,1.3014,0.50,periodic,74,989.00,1.329221
11575,1000,0.10,900,3,35,1.2719,0.50,periodic,75,972.00,0.823602
11576,1000,0.10,900,3,35,1.2848,0.50,periodic,76,943.00,0.822540
11577,1000,0.10,900,3,35,1.3234,0.50,periodic,77,1034.00,1.387045
11578,1000,0.10,900,3,35,1.3467,0.50,periodic,78,960.00,0.741828
11579,1000,0.10,900,3,35,1.3009,0.50,periodic,79,984.00,3.756878
11580,1000,0.10,900,3,35,1.3096,0.50,periodic,80,1006.00,1.364246
11581,1000,0.10,900,3,35,1.3227,0.50,periodic,81,980.00,0.964257
11582,1000,0.10,900,3,35,1.3435,0.50,periodic,82,985.00,2.869334
11583,1000,0.10,900,3,35,1.3063,0.50,periodic,83,988.00,1.986238
11584,1000,0.10,900,3,35,1.3019,0.50,periodic,84,1028.00,1.334692
11585,1000,0.10,900,3,35,1.2871,0.50,periodic,85,1001.00,0.909528
11586,1000,0.10,900,3,35,1.3296,0.50,periodic,86,962.00,1.166072
11587,1000,0.10,900,3,35,1.3297,0.50,periodic,87,1057.00,3.033628
11588,1000,0.10,900,3,35,1.2930,0.50,periodic,88,1006.00,2.903820
11589,1000,0.10,900,3,35,1.2704,0.50,periodic,89,973.00,1.539300
11590,1000,0.10,900,3,35,1.2899,0.50,periodic,90,984.00,1.017509
11591,1000,0.10,900,3,35,1.2885,0.50,periodic,91,1025.00,0.969478
11592,1000,0.10,900,3,35,1.2714,0.50,periodic,92,974.00,0.777822
11593,1000,0.10,900,3,35,1.3419,0.50,periodic,93,975.00,0.749896
11594,1000,0.10,900,3,35,1.2682,0.50,periodic,94,986.00,1.016463
11595,1000,0.10,900,3,35,1.3616,0.50,periodic,95,972.00,1.159245
11596,1000,0.10,900,3,35,1.2965,0.50,periodic,96,976.00,1.377243
11597,1000,0.10,900,3,35,1.3126,0.50,periodic,97,979.00,0.778002
11598,1000,0.10,900,3,35,1.2536,0.50,periodic,98,979.00,2.124850
11599,1000,0.10,900,3,35,1.2726,0.50,periodic,99,981.00,0.850209
11600,1000,0.10,900,3,35,1.3685,0.55,periodic,0,998.00,0.781054
11601,1000,0.10,900,3,35,1.3072,0.55,periodic,1,1009.00,1.338550
11602,1000,0.10,900,3,35,1.2753,0.55,periodic,2,975.00,0.721127
11603,1000,0.10,900,3,35,1.2735,0.55,periodic,3,993.00,2.547465
11604,1000,0.10,900,3,35,1.2933,0.55,periodic,4,994.00,0.696898
11605,1000,0.10,900,3,35,1.3104,0.55,periodic,5,957.00,0.553059
11606,1000,0.10,900,3,35,1.2559,0.55,periodic,6,988.00,0.935635
11607,1000,0.10,900,3,35,1.3470,0.55,periodic,7,1036.00,2.085232
11608,1000,0.10,900,3,35,1.2494,0.55,periodic,8,1018.00,3.163684
11609,1000,0.10,900,3,35,1.3684,0.55,periodic,9,1003.00,0.997220
11610,1000,0.10,900,3,35,1.3141,0.55,periodic,10,990.00,0.738852
11611,1000,0.10,900,3,35,1.3450,0.55,periodic,11,991.00,4.398933
11612,1000,0.10,900,3,35,1.3085,0.55,periodic,12,977.00,1.069034
11613,1000,0.10,900,3,35,1.2968,0.55,periodic,13,970.00,1.614565
11614,1000,0.10,900,3,35,1.3558,0.55,periodic,14,968.00,1.249776
11615,1000,0.10,900,3,35,1.3039,0.55,periodic,15,981.00,1.057895
11616,1000,0.10,900,3,35,1.3160,0.55,periodic,16,1031.00,0.910358
11617,1000,0.10,900,3,35,1.3087,0.55,periodic,17,984.00,1.016981
11618,1000,0.10,900,3,35,1.3009,0.55,periodic,18,1028.00,1.116700
11619,1000,0.10,900,3,35,1.3026,0.55,periodic,19,978.00,0.529650
11620,1000,0.10,900,3,35,1.2821,0.55,periodic,20,957.00,1.796024
11621,1000,0.10,900,3,35,1.3196,0.55,periodic,21,947.00,1.099118
11622,1000,0.10,900,3,35,1.3950,0.55,periodic,22,1025.00,0.983731
11623,1000,0.10,900,3,35,1.3170,0.55,periodic,23,1035.00,0.753214
11624,1000,0.10,900,3,35,1.2994,0.55,periodic,24,1025.00,0.607312
11625,1000,0.10,900,3,35,1.2448,0.55,periodic,25,992.00,1.874809
11626,1000,0.10,900,3,35,1.3646,0.55,periodic,26,1012.00,0.911226
11627,1000,0.10,900,3,35,1.2811,0.55,periodic,27,1000.00,1.493822
11628,1000,0.10,900,3,35,1.3129,0.55,periodic,28,1007.00,2.512667
11629,1000,0.10,900,3,35,1.2982,0.55,periodic,29,977.00,1.470243
11630,1000,0.10,900,3,35,1.3143,0.55,periodic,30,986.00,1.606262
11631,1000,0.10,900,3,35,1.3159,0.55,periodic,31,973.00,0.949324
11632,1000,0.10,900,3,35,1.2685,0.55,periodic,32,1037.00,0.987865
11633,1000,0.10,900,3,35,1.2759,0.55,periodic,33,983.00,2.010575
11634,1000,0.10,900,3,35,1.3673,0.55,periodic,34,1003.00,0.592148
11635,1000,0.10,900,3,35,1.2891,0.55,periodic,35,1015.00,1.006703
11636,1000,0.10,900,3,35,1.3817,0.55,periodic,36,989.00,2.168421
11637,1000,0.10,900,3,35,1.2784,0.55,periodic,37,997.00,1.338728
11638,1000,0.10,900,3,35,1.3255,0.55,periodic,38,987.00,4.661867
11639,1000,0.10,900,3,35,1.3530,0.55,periodic,39,988.00,0.913232
11640,1000,0.10,900,3,35,1.2913,0.55,periodic,40,1016.00,0.946333
11641,1000,0.10,900,3,35,1.2710,0.55,periodic,41,1015.00,0.920741
11642,1000,0.10,900,3,35,1.3473,0.55,periodic,42,968.00,0.932238
11643,1000,0.10,900,3,35,1.3037,0.55,periodic,43,982.00,3.032202
11644,1000,0.10,900,3,35,1.2705,0.55,periodic,44,1027.00,1.788870
11645,1000,0.10,900,3,35,1.2777,0.55,periodic,45,1001.00,1.144967
11646,1000,0.10,900,3,35,1.2824,0.55,periodic,46,975.00,1.451870
11647,1000,0.10,900,3,35,1.2983,0.55,periodic,47,1009.00,2.107173
11648,1000,0.10,900,3,35,1.3159,0.55,periodic,48,1004.00,1.120299
11649,1000,0.10,900,3,35,1.3529,0.55,periodic,49,1026.00,0.882117
11650,1000,0.10,900,3,35,1.3207,0.55,periodic,50,984.00,0.919782
11651,1000,0.10,900,3,35,1.3500,0.55,periodic,51,988.00,3.526735
11652,1000,0.10,900,3,35,1.3395,0.55,periodic,52,967.00,1.857908
11653,1000,0.10,900,3,35,1.3048,0.55,periodic,53,1005.00,2.161983
11654,1000,0.10,900,3,35,1.3090,0.55,periodic,54,998.00,1.086426
11655,1000,0.10,900,3,35,1.2269,0.55,periodic,55,1031.00,0.808408
11656,1000,0.10,900,3,35,1.2836,0.55,periodic,56,1001.00,1.695186
11657,1000,0.10,900,3,35,1.3224,0.55,periodic,57,1006.00,1.692416
11658,1000,0.10,900,3,35,1.2994,0.55,periodic,58,1009.00,0.877205
11659,1000,0.10,900,3,35,1.2941,0.55,periodic,59,994.00,1.370710
11660,1000,0.10,900,3,35,1.3272,0.55,periodic,60,1039.00,1.466718
11661,1000,0.10,900,3,35,1.2858,0.55,periodic,61,991.00,1.234624
11662,1000,0.10,900,3,35,1.2783,0.55,periodic,62,1023.00,2.501492
11663,1000,0.10,900,3,35,1.2882,0.55,periodic,63,988.00,1.270270
11664,1000,0.10,900,3,35,1.3593,0.55,periodic,64,1012.00,1.591727
11665,1000,0.10,900,3,35,1.2947,0.55,periodic,65,985.00,1.310222
11666,1000,0.10,900,3,35,1.3256,0.55,periodic,66,1012.00,1.052136
11667,1000,0.10,900,3,35,1.3565,0.55,periodic,67,990.00,0.797727
11668,1000,0.10,900,3,35,1.3037,0.55,periodic,68,987.00,1.751546
11669,1000,0.10,900,3,35,1.3074,0.55,periodic,69,998.00,2.726807
11670,1000,0.10,900,3,35,1.2927,0.55,periodic,70,1042.00,2.002768
11671,1000,0.10,900,3,35,1.3141,0.55,periodic,71,1013.00,1.766579
11672,1000,0.10,900,3,35,1.3260,0.55,periodic,72,972.00,1.035582
11673,1000,0.10,900,3,35,1.3300,0.55,periodic,73,1063.00,0.918641
11674,1000,0.10,900,3,35,1.3035,0.55,periodic,74,1001.00,1.130299
11675,1000,0.10,900,3,35,1.2687,0.55,periodic,75,1012.00,0.933928
11676,1000,0.10,900,3,35,1.2962,0.55,periodic,76,983.00,1.345727
11677,1000,0.10,900,3,35,1.3016,0.55,periodic,77,1035.00,1.722112
11678,1000,0.10,900,3,35,1.2954,0.55,periodic,78,1012.00,3.230070
11679,1000,0.10,900,3,35,1.2829,0.55,periodic,79,1039.00,2.690393
11680,1000,0.10,900,3,35,1.3442,0.55,periodic,80,966.00,2.431362
11681,1000,0.10,900,3,35,1.3138,0.55,periodic,81,991.00,2.891940
11682,1000,0.10,900,3,35,1.3105,0.55,periodic,82,1007.00,0.921369
11683,1000,0.10,900,3,35,1.3245,0.55,periodic,83,949.00,1.053341
11684,1000,0.10,900,3,35,1.3167,0.55,periodic,84,1022.00,0.688492
11685,1000,0.10,900,3,35,1.2985,0.55,periodic,85,1001.00,1.085497
11686,1000,0.10,900,3,35,1.3165,0.55,periodic,86,1001.00,0.818275
11687,1000,0.10,900,3,35,1.2864,0.55,periodic,87,1002.00,1.542805
11688,1000,0.10,900,3,35,1.2828,0.55,periodic,88,1023.00,4.073698
11689,1000,0.10,900,3,35,1.2895,0.55,periodic,89,961.00,0.963354
11690,1000,0.10,900,3,35,1.3274,0.55,periodic,90,1019.00,5.532141
11691,1000,0.10,900,3,35,1.3474,0.55,periodic,91,1021.00,1.685638
11692,1000,0.10,900,3,35,1.3519,0.55,periodic,92,995.00,1.704877
11693,1000,0.10,900,3,35,1.3173,0.55,periodic,93,1020.00,1.685910
11694,1000,0.10,900,3,35,1.2136,0.55,periodic,94,1009.00,1.127978
11695,1000,0.10,900,3,35,1.3036,0.55,periodic,95,1043.00,2.633280
11696,1000,0.10,900,3,35,1.3267,0.55,periodic,96,1035.00,0.953818
11697,1000,0.10,900,3,35,1.3152,0.55,periodic,97,1017.00,0.944534
11698,1000,0.10,900,3,35,1.2902,0.55,periodic,98,1013.00,1.071770
11699,1000,0.10,900,3,35,1.2784,0.55,periodic,99,996.00,0.713025
11700,1000,0.10,900,3,35,1.3316,0.60,periodic,0,1004.00,0.964809
11701,1000,0.10,900,3,35,1.2979,0.60,periodic,1,1030.00,5.156129
11702,1000,0.10,900,3,35,1.3263,0.60,periodic,2,1019.00,1.194781
11703,1000,0.10,900,3,35,1.3657,0.60,periodic,3,1002.00,2.562576
11704,1000,0.10,900,3,35,1.3747,0.60,periodic,4,1017.00,0.844328
11705,1000,0.10,900,3,35,1.2682,0.60,periodic,5,970.00,1.430305
11706,1000,0.10,900,3,35,1.3390,0.60,periodic,6,1035.00,1.389660
11707,1000,0.10,900,3,35,1.2578,0.60,periodic,7,1040.00,1.948805
11708,1000,0.10,900,3,35,1.3319,0.60,periodic,8,973.00,1.537471
11709,1000,0.10,900,3,35,1.3401,0.60,periodic,9,1015.00,0.890494
11710,1000,0.10,900,3,35,1.2633,0.60,periodic,10,1025.00,3.797604
11711,1000,0.10,900,3,35,1.2980,0.60,periodic,11,1019.00,1.222621
11712,1000,0.10,900,3,35,1.3397,0.60,periodic,12,1011.00,1.276940
11713,1000,0.10,900,3,35,1.2834,0.60,periodic,13,994.00,0.853362
11714,1000,0.10,900,3,35,1.3091,0.60,periodic,14,982.00,1.672255
11715,1000,0.10,900,3,35,1.2866,0.60,periodic,15,1020.00,3.990921
11716,1000,0.10,900,3,35,1.3293,0.60,periodic,16,1007.00,1.473119
11717,1000,0.10,900,3,35,1.3348,0.60,periodic,17,1006.00,1.144207
11718,1000,0.10,900,3,35,1.3462,0.60,periodic,18,1045.00,3.001596
11719,1000,0.10,900,3,35,1.2919,0.60,periodic,19,1037.00,1.837865
11720,1000,0.10,900,3,35,1.3197,0.60,periodic,20,998.00,1.030583
11721,1000,0.10,900,3,35,1.3292,0.60,periodic,21,1023.00,2.973680
11722,1000,0.10,900,3,35,1.2428,0.60,periodic,22,977.00,1.010044
11723,1000,0.10,900,3,35,1.2777,0.60,periodic,23,1002.00,1.346924
11724,1000,0.10,900,3,35,1.3401,0.60,periodic,24,1019.00,1.176836
11725,1000,0.10,900,3,35,1.2930,0.60,periodic,25,1026.00,1.060717
11726,1000,0.10,900,3,35,1.3052,0.60,periodic,26,1009.00,1.775778
11727,1000,0.10,900,3,35,1.3470,0.60,periodic,27,947.00,1.391362
11728,1000,0.10,900,3,35,1.3535,0.60,periodic,28,1021.00,0.862076
11729,1000,0.10,900,3,35,1.3401,0.60,periodic,29,1034.00,0.965310
11730,1000,0.10,900,3,35,1.3219,0.60,periodic,30,1032.00,1.811938
11731,1000,0.10,900,3,35,1.3408,0.60,periodic,31,1016.00,0.764122
11732,1000,0.10,900,3,35,1.3058,0.60,periodic,32,990.00,1.273538
11733,1000,0.10,900,3,35,1.3265,0.60,periodic,33,972.00,1.539840
11734,1000,0.10,900,3,35,1.3367,0.60,periodic,34,990.00,1.076430
11735,1000,0.10,900,3,35,1.2929,0.60,periodic,35,1000.00,1.292876
11736,1000,0.10,900,3,35,1.2777,0.60,periodic,36,1024.00,2.144280
11737,1000,0.10,900,3,35,1.3318,0.60,periodic,37,1020.00,1.011725
11738,1000,0.10,900,3,35,1.2852,0.60,periodic,38,1019.00,1.860472
11739,1000,0.10,900,3,35,1.3366,0.60,periodic,39,960.00,0.932536
11740,1000,0.10,900,3,35,1.3470,0.60,periodic,40,987.00,1.418566
11741,1000,0.10,900,3,35,1.3150,0.60,periodic,41,1013.00,1.927816
11742,1000,0.10,900,3,35,1.2996,0.60,periodic,42,1026.00,1.050866
11743,1000,0.10,900,3,35,1.3289,0.60,periodic,43,989.00,1.115518
11744,1000,0.10,900,3,35,1.3296,0.60,periodic,44,1021.00,5.336109
11745,1000,0.10,900,3,35,1.3262,0.60,periodic,45,971.00,2.727470
11746,1000,0.10,900,3,35,1.2799,0.60,periodic,46,1024.00,2.927231
11747,1000,0.10,900,3,35,1.3020,0.60,periodic,47,972.00,1.401907
11748,1000,0.10,900,3,35,1.3185,0.60,periodic,48,1024.00,1.932222
11749,1000,0.10,900,3,35,1.3625,0.60,periodic,49,1014.00,1.427387
11750,1000,0.10,900,3,35,1.2772,0.60,periodic,50,1015.00,1.010992
11751,1000,0.10,900,3,35,1.3243,0.60,periodic,51,988.00,0.837884
11752,1000,0.10,900,3,35,1.3186,0.60,periodic,52,1017.00,3.096232
11753,1000,0.10,900,3,35,1.2892,0.60,periodic,53,1003.00,1.554499
11754,1000,0.10,900,3,35,1.2917,0.60,periodic,54,1001.00,1.109070
11755,1000,0.10,900,3,35,1.3302,0.60,periodic,55,1009.00,2.967791
11756,1000,0.10,900,3,35,1.2547,0.60,periodic,56,1028.00,1.212564
11757,1000,0.10,900,3,35,1.2989,0.60,periodic,57,1046.00,1.200395
11758,1000,0.10,900,3,35,1.3529,0.60,periodic,58,957.00,1.484698
11759,1000,0.10,900,3,35,1.2514,0.60,periodic,59,999.00,2.950143
11760,1000,0.10,900,3,35,1.3408,0.60,periodic,60,981.00,1.212623
11761,1000,0.10,900,3,35,1.3199,0.60,periodic,61,1018.00,2.802681
11762,1000,0.10,900,3,35,1.3337,0.60,periodic,62,992.00,0.928687
11763,1000,0.10,900,3,35,1.3248,0.60,periodic,63,1005.00,0.729910
11764,1000,0.10,900,3,35,1.3493,0.60,periodic,64,1004.00,1.389898
11765,1000,0.10,900,3,35,1.3199,0.60,periodic,65,1011.00,1.492667
11766,1000,0.10,900,3,35,1.2881,0.60,periodic,66,963.00,1.271739
11767,1000,0.10,900,3,35,1.3178,0.60,periodic,67,988.00,0.921197
11768,1000,0.10,900,3,35,1.2868,0.60,periodic,68,1005.00,1.557944
11769,1000,0.10,900,3,35,1.2833,0.60,periodic,69,1014.00,1.204873
11770,1000,0.10,900,3,35,1.2704,0.60,periodic,70,993.00,0.950522
11771,1000,0.10,900,3,35,1.3258,0.60,periodic,71,974.00,1.440666
11772,1000,0.10,900,3,35,1.2846,0.60,periodic,72,964.00,0.886931
11773,1000,0.10,900,3,35,1.2868,0.60,periodic,73,998.00,0.894544
11774,1000,0.10,900,3,35,1.2903,0.60,periodic,74,946.00,1.250659
11775,1000,0.10,900,3,35,1.3122,0.60,periodic,75,1016.00,1.436728
11776,1000,0.10,900,3,35,1.3349,0.60,periodic,76,1010.00,1.218067
11777,1000,0.10,900,3,35,1.3022,0.60,periodic,77,972.00,0.941813
11778,1000,0.10,900,3,35,1.3468,0.60,periodic,78,1023.00,1.157693
11779,1000,0.10,900,3,35,1.2789,0.60,periodic,79,1024.00,1.815521
11780,1000,0.10,900,3,35,1.3068,0.60,periodic,80,1016.00,0.855358
11781,1000,0.10,900,3,35,1.3588,0.60,periodic,81,994.00,1.250501
11782,1000,0.10,900,3,35,1.3065,0.60,periodic,82,1014.00,1.507816
11783,1000,0.10,900,3,35,1.3635,0.60,periodic,83,1001.00,1.082700
11784,1000,0.10,900,3,35,1.2589,0.60,periodic,84,978.00,1.413367
11785,1000,0.10,900,3,35,1.4035,0.60,periodic,85,1000.00,1.066807
11786,1000,0.10,900,3,35,1.2645,0.60,periodic,86,986.00,3.559196
11787,1000,0.10,900,3,35,1.3164,0.60,periodic,87,1005.00,1.359803
11788,1000,0.10,900,3,35,1.3400,0.60,periodic,88,987.00,1.092910
11789,1000,0.10,900,3,35,1.3728,0.60,periodic,89,1010.00,0.959150
11790,1000,0.10,900,3,35,1.3347,0.60,periodic,90,973.00,1.369086
11791,1000,0.10,900,3,35,1.3341,0.60,periodic,91,1007.00,1.240385
11792,1000,0.10,900,3,35,1.3383,0.60,periodic,92,969.00,2.794475
11793,1000,0.10,900,3,35,1.3218,0.60,periodic,93,1010.00,1.147185
11794,1000,0.10,900,3,35,1.3274,0.60,periodic,94,971.00,4.144338
11795,1000,0.10,900,3,35,1.3073,0.60,periodic,95,1006.00,1.258298
11796,1000,0.10,900,3,35,1.3169,0.60,periodic,96,979.00,0.996501
11797,1000,0.10,900,3,35,1.3179,0.60,periodic,97,1008.00,1.569491
11798,1000,0.10,900,3,35,1.2824,0.60,periodic,98,1011.00,1.625887
11799,1000,0.10,900,3,35,1.3099,0.60,periodic,99,957.00,1.110451
11800,1000,0.10,900,3,35,1.3571,0.65,periodic,0,995.00,3.555744
11801,1000,0.10,900,3,35,1.3114,0.65,periodic,1,1006.00,1.188845
11802,1000,0.10,900,3,35,1.3656,0.65,periodic,2,1004.00,1.970042
11803,1000,0.10,900,3,35,1.3416,0.65,periodic,3,973.00,0.873180
11804,1000,0.10,900,3,35,1.3289,0.65,periodic,4,951.00,1.843699
11805,1000,0.10,900,3,35,1.2846,0.65,periodic,5,1002.00,1.189152
11806,1000,0.10,900,3,35,1.3032,0.65,periodic,6,1014.00,1.316283
11807,1000,0.10,900,3,35,1.4352,0.65,periodic,7,982.00,0.849809
11808,1000,0.10,900,3,35,1.3665,0.65,periodic,8,981.00,1.742679
11809,1000,0.10,900,3,35,1.3580,0.65,periodic,9,981.00,1.901668
11810,1000,0.10,900,3,35,1.3020,0.65,periodic,10,968.00,2.668228
11811,1000,0.10,900,3,35,1.3443,0.65,periodic,11,995.00,1.949255
11812,1000,0.10,900,3,35,1.3376,0.65,periodic,12,985.00,1.288710
11813,1000,0.10,900,3,35,1.3191,0.65,periodic,13,996.00,1.966270
11814,1000,0.10,900,3,35,1.3263,0.65,periodic,14,939.00,0.783102
11815,1000,0.10,900,3,35,1.2970,0.65,periodic,15,994.00,1.756492
11816,1000,0.10,900,3,35,1.2869,0.65,periodic,16,952.00,1.303132
11817,1000,0.10,900,3,35,1.4051,0.65,periodic,17,930.00,1.186196
11818,1000,0.10,900,3,35,1.3126,0.65,periodic,18,948.00,1.551704
11819,1000,0.10,900,3,35,1.2957,0.65,periodic,19,940.00,1.222046
11820,1000,0.10,900,3,35,1.3868,0.65,periodic,20,977.00,2.177847
11821,1000,0.10,900,3,35,1.3004,0.65,periodic,21,914.00,1.428227
11822,1000,0.10,900,3,35,1.3510,0.65,periodic,22,1003.00,1.530874
11823,1000,0.10,900,3,35,1.3209,0.65,periodic,23,987.00,1.610779
11824,1000,0.10,900,3,35,1.3737,0.65,periodic,24,966.00,1.436259
11825,1000,0.10,900,3,35,1.3682,0.65,periodic,25,997.00,2.193613
11826,1000,0.10,900,3,35,1.2943,0.65,periodic,26,985.00,0.917365
11827,1000,0.10,900,3,35,1.3069,0.65,periodic,27,975.00,1.611143
11828,1000,0.10,900,3,35,1.3795,0.65,periodic,28,981.00,1.754913
11829,1000,0.10,900,3,35,1.3473,0.65,periodic,29,952.00,0.915357
11830,1000,0.10,900,3,35,1.3200,0.65,periodic,30,995.00,1.625846
11831,1000,0.10,900,3,35,1.2813,0.65,periodic,31,982.00,2.349234
11832,1000,0.10,900,3,35,1.3851,0.65,periodic,32,992.00,1.570459
11833,1000,0.10,900,3,35,1.3375,0.65,periodic,33,956.00,2.019868
11834,1000,0.10,900,3,35,1.3459,0.65,periodic,34,973.00,3.071334
11835,1000,0.10,900,3,35,1.3002,0.65,periodic,35,983.00,1.641291
11836,1000,0.10,900,3,35,1.3282,0.65,periodic,36,951.00,4.983791
11837,1000,0.10,900,3,35,1.3188,0.65,periodic,37,982.00,1.797784
11838,1000,0.10,900,3,35,1.3565,0.65,periodic,38,976.00,1.452625
11839,1000,0.10,900,3,35,1.2661,0.65,periodic,39,994.00,1.524436
11840,1000,0.10,900,3,35,1.3004,0.65,periodic,40,973.00,1.599273
11841,1000,0.10,900,3,35,1.3030,0.65,periodic,41,983.00,1.779391
11842,1000,0.10,900,3,35,1.3406,0.65,periodic,42,987.00,1.190331
11843,1000,0.10,900,3,35,1.3614,0.65,periodic,43,992.00,3.279238
11844,1000,0.10,900,3,35,1.3456,0.65,periodic,44,984.00,0.927584
11845,1000,0.10,900,3,35,1.2935,0.65,periodic,45,973.00,3.029022
11846,1000,0.10,900,3,35,1.3875,0.65,periodic,46,987.00,1.954892
11847,1000,0.10,900,3,35,1.3253,0.65,periodic,47,971.00,0.904894
11848,1000,0.10,900,3,35,1.3334,0.65,periodic,48,972.00,1.212069
11849,1000,0.10,900,3,35,1.3964,0.65,periodic,49,979.00,1.084499
11850,1000,0.10,900,3,35,1.3433,0.65,periodic,50,953.00,1.986571
11851,1000,0.10,900,3,35,1.3120,0.65,periodic,51,941.00,0.804204
11852,1000,0.10,900,3,35,1.3414,0.65,periodic,52,964.00,1.730083
11853,1000,0.10,900,3,35,1.3264,0.65,periodic,53,960.00,1.110544
11854,1000,0.10,900,3,35,1.3640,0.65,periodic,54,1003.00,2.241686
11855,1000,0.10,900,3,35,1.3536,0.65,periodic,55,944.00,2.636705
11856,1000,0.10,900,3,35,1.3128,0.65,periodic,56,994.00,1.896825
11857,1000,0.10,900,3,35,1.2953,0.65,periodic,57,964.00,1.383381
11858,1000,0.10,900,3,35,1.3228,0.65,periodic,58,972.00,1.185174
11859,1000,0.10,900,3,35,1.3483,0.65,periodic,59,995.00,1.707828
11860,1000,0.10,900,3,35,1.3438,0.65,periodic,60,979.00,4.560694
11861,1000,0.10,900,3,35,1.3670,0.65,periodic,61,985.00,1.730282
11862,1000,0.10,900,3,35,1.3594,0.65,periodic,62,983.00,0.999100
11863,1000,0.10,900,3,35,1.2848,0.65,periodic,63,995.00,2.117953
11864,1000,0.10,900,3,35,1.3369,0.65,periodic,64,952.00,1.813012
11865,1000,0.10,900,3,35,1.3236,0.65,periodic,65,1012.00,1.583704
11866,1000,0.10,900,3,35,1.3694,0.65,periodic,66,986.00,2.025827
11867,1000,0.10,900,3,35,1.3382,0.65,periodic,67,969.00,1.538178
11868,1000,0.10,900,3,35,1.3108,0.65,periodic,68,986.00,1.064251
11869,1000,0.10,900,3,35,1.3239,0.65,periodic,69,993.00,1.314463
11870,1000,0.10,900,3,35,1.2806,0.65,periodic,70,988.00,2.089006
11871,1000,0.10,900,3,35,1.3168,0.65,periodic,71,1011.00,1.624527
11872,1000,0.10,900,3,35,1.3396,0.65,periodic,72,989.00,1.595119
11873,1000,0.10,900,3,35,1.2964,0.65,periodic,73,961.00,0.840465
11874,1000,0.10,900,3,35,1.3266,0.65,periodic,74,958.00,2.736162
11875,1000,0.10,900,3,35,1.3229,0.65,periodic,75,950.00,1.585729
11876,1000,0.10,900,3,35,1.3348,0.65,periodic,76,999.00,1.146703
11877,1000,0.10,900,3,35,1.3091,0.65,periodic,77,968.00,1.561814
11878,1000,0.10,900,3,35,1.3304,0.65,periodic,78,965.00,1.676428
11879,1000,0.10,900,3,35,1.2975,0.65,periodic,79,953.00,1.123813
11880,1000,0.10,900,3,35,1.3610,0.65,periodic,80,1010.00,1.014829
11881,1000,0.10,900,3,35,1.3421,0.65,periodic,81,983.00,1.734749
11882,1000,0.10,900,3,35,1.3311,0.65,periodic,82,996.00,1.556421
11883,1000,0.10,900,3,35,1.2937,0.65,periodic,83,980.00,0.893115
11884,1000,0.10,900,3,35,1.3319,0.65,periodic,84,983.00,1.228551
11885,1000,0.10,900,3,35,1.3425,0.65,periodic,85,961.00,4.939315
11886,1000,0.10,900,3,35,1.3371,0.65,periodic,86,989.00,1.059666
11887,1000,0.10,900,3,35,1.3243,0.65,periodic,87,964.00,1.913293
11888,1000,0.10,900,3,35,1.3605,0.65,periodic,88,956.00,1.088256
11889,1000,0.10,900,3,35,1.3488,0.65,periodic,89,1010.00,1.230680
11890,1000,0.10,900,3,35,1.3484,0.65,periodic,90,962.00,1.986312
11891,1000,0.10,900,3,35,1.3181,0.65,periodic,91,983.00,1.283019
11892,1000,0.10,900,3,35,1.3744,0.65,periodic,92,999.00,2.124841
11893,1000,0.10,900,3,35,1.3182,0.65,periodic,93,1010.00,1.992021
11894,1000,0.10,900,3,35,1.3354,0.65,periodic,94,950.00,1.140778
11895,1000,0.10,900,3,35,1.3641,0.65,periodic,95,991.00,1.006636
11896,1000,0.10,900,3,35,1.3726,0.65,periodic,96,972.00,4.038821
11897,1000,0.10,900,3,35,1.3881,0.65,periodic,97,953.00,1.342258
11898,1000,0.10,900,3,35,1.2988,0.65,periodic,98,985.00,1.154575
11899,1000,0.10,900,3,35,1.3189,0.65,periodic,99,956.00,1.543501
11900,1000,0.10,900,3,35,1.2907,0.70,periodic,0,954.00,1.172246
11901,1000,0.10,900,3,35,1.3069,0.70,periodic,1,977.00,1.808242
11902,1000,0.10,900,3,35,1.3616,0.70,periodic,2,944.00,1.032972
11903,1000,0.10,900,3,35,1.3003,0.70,periodic,3,980.00,2.058581
11904,1000,0.10,900,3,35,1.3232,0.70,periodic,4,986.00,1.504045
11905,1000,0.10,900,3,35,1.3643,0.70,periodic,5,982.00,1.293965
11906,1000,0.10,900,3,35,1.2905,0.70,periodic,6,1005.00,0.974647
11907,1000,0.10,900,3,35,1.3572,0.70,periodic,7,961.00,0.936751
11908,1000,0.10,900,3,35,1.2748,0.70,periodic,8,992.00,1.059123
11909,1000,0.10,900,3,35,1.3539,0.70,periodic,9,1006.00,1.464899
11910,1000,0.10,900,3,35,1.3318,0.70,periodic,10,986.00,1.416864
11911,1000,0.10,900,3,35,1.2872,0.70,periodic,11,999.00,1.905280
11912,1000,0.10,900,3,35,1.2871,0.70,periodic,12,1011.00,1.677251
11913,1000,0.10,900,3,35,1.3909,0.70,periodic,13,959.00,2.852461
11914,1000,0.10,900,3,35,1.3866,0.70,periodic,14,1008.00,1.121427
11915,1000,0.10,900,3,35,1.3520,0.70,periodic,15,951.00,1.305166
11916,1000,0.10,900,3,35,1.3129,0.70,periodic,16,981.00,1.652155
11917,1000,0.10,900,3,35,1.3333,0.70,periodic,17,966.00,3.649581
11918,1000,0.10,900,3,35,1.3033,0.70,periodic,18,996.00,1.517686
11919,1000,0.10,900,3,35,1.2826,0.70,periodic,19,985.00,1.355497
11920,1000,0.10,900,3,35,1.3296,0.70,periodic,20,986.00,1.227804
11921,1000,0.10,900,3,35,1.3656,0.70,periodic,21,1027.00,1.657590
11922,1000,0.10,900,3,35,1.3360,0.70,periodic,22,931.00,1.278127
11923,1000,0.10,900,3,35,1.3341,0.70,periodic,23,1052.00,2.003385
11924,1000,0.10,900,3,35,1.3787,0.70,periodic,24,967.00,1.534427
11925,1000,0.10,900,3,35,1.2971,0.70,periodic,25,971.00,1.275489
11926,1000,0.10,900,3,35,1.3256,0.70,periodic,26,950.00,2.098230
11927,1000,0.10,900,3,35,1.3246,0.70,periodic,27,959.00,1.195155
11928,1000,0.10,900,3,35,1.2827,0.70,periodic,28,960.00,3.036332
11929,1000,0.10,900,3,35,1.3444,0.70,periodic,29,949.00,1.351895
11930,1000,0.10,900,3,35,1.2977,0.70,periodic,30,998.00,1.711421
11931,1000,0.10,900,3,35,1.2583,0.70,periodic,31,982.00,1.371257
11932,1000,0.10,900,3,35,1.2801,0.70,periodic,32,971.00,0.705144
11933,1000,0.10,900,3,35,1.3600,0.70,periodic,33,944.00,3.024688
11934,1000,0.10,900,3,35,1.3426,0.70,periodic,34,935.00,0.904719
11935,1000,0.10,900,3,35,1.3461,0.70,periodic,35,1011.00,2.062187
11936,1000,0.10,900,3,35,1.2861,0.70,periodic,36,980.00,2.651600
11937,1000,0.10,900,3,35,1.3812,0.70,periodic,37,953.00,1.312966
11938,1000,0.10,900,3,35,1.3119,0.70,periodic,38,1003.00,1.948777
11939,1000,0.10,900,3,35,1.3456,0.70,periodic,39,973.00,1.717549
11940,1000,0.10,900,3,35,1.3016,0.70,periodic,40,960.00,2.360290
11941,1000,0.10,900,3,35,1.3162,0.70,periodic,41,980.00,3.107461
11942,1000,0.10,900,3,35,1.3528,0.70,periodic,42,964.00,3.038171
11943,1000,0.10,900,3,35,1.3133,0.70,periodic,43,973.00,1.481969
11944,1000,0.10,900,3,35,1.3468,0.70,periodic,44,1014.00,1.087785
11945,1000,0.10,900,3,35,1.3513,0.70,periodic,45,971.00,1.896152
11946,1000,0.10,900,3,35,1.3262,0.70,periodic,46,942.00,1.435804
11947,1000,0.10,900,3,35,1.3161,0.70,periodic,47,996.00,2.258179
11948,1000,0.10,900,3,35,1.3459,0.70,periodic,48,963.00,1.341854
11949,1000,0.10,900,3,35,1.3615,0.70,periodic,49,974.00,2.833281
11950,1000,0.10,900,3,35,1.2850,0.70,periodic,50,969.00,1.484184
11951,1000,0.10,900,3,35,1.3148,0.70,periodic,51,964.00,0.700076
11952,1000,0.10,900,3,35,1.3346,0.70,periodic,52,997.00,1.339304
11953,1000,0.10,900,3,35,1.2977,0.70,periodic,53,949.00,1.019375
11954,1000,0.10,900,3,35,1.3601,0.70,periodic,54,1035.00,1.974101
11955,1000,0.10,900,3,35,1.3275,0.70,periodic,55,970.00,1.818848
11956,1000,0.10,900,3,35,1.2959,0.70,periodic,56,965.00,2.991142
11957,1000,0.10,900,3,35,1.3058,0.70,periodic,57,964.00,1.303034
11958,1000,0.10,900,3,35,1.3379,0.70,periodic,58,991.00,1.463210
11959,1000,0.10,900,3,35,1.3283,0.70,periodic,59,979.00,4.193051
11960,1000,0.10,900,3,35,1.3604,0.70,periodic,60,973.00,1.456019
11961,1000,0.10,900,3,35,1.3382,0.70,periodic,61,955.00,4.667750
11962,1000,0.10,900,3,35,1.3685,0.70,periodic,62,985.00,1.656331
11963,1000,0.10,900,3,35,1.3832,0.70,periodic,63,978.00,1.570209
11964,1000,0.10,900,3,35,1.3562,0.70,periodic,64,998.00,1.843256
11965,1000,0.10,900,3,35,1.3420,0.70,periodic,65,1020.00,1.753776
11966,1000,0.10,900,3,35,1.2724,0.70,periodic,66,1045.00,2.241395
11967,1000,0.10,900,3,35,1.3195,0.70,periodic,67,965.00,1.937635
11968,1000,0.10,900,3,35,1.3547,0.70,periodic,68,974.00,2.855997
11969,1000,0.10,900,3,35,1.3397,0.70,periodic,69,1026.00,1.368316
11970,1000,0.10,900,3,35,1.3383,0.70,periodic,70,991.00,1.157586
11971,1000,0.10,900,3,35,1.3231,0.70,periodic,71,975.00,1.221136
11972,1000,0.10,900,3,35,1.2951,0.70,periodic,72,971.00,1.754589
11973,1000,0.10,900,3,35,1.3434,0.70,periodic,73,1014.00,1.056517
11974,1000,0.10,900,3,35,1.2898,0.70,periodic,74,995.00,1.142663
11975,1000,0.10,900,3,35,1.3585,0.70,periodic,75,1032.00,1.042400
11976,1000,0.10,900,3,35,1.3213,0.70,periodic,76,1027.00,1.111709
11977,1000,0.10,900,3,35,1.3528,0.70,periodic,77,1003.00,4.164824
11978,1000,0.10,900,3,35,1.3405,0.70,periodic,78,958.00,2.590250
11979,1000,0.10,900,3,35,1.3021,0.70,periodic,79,1022.00,1.728727
11980,1000,0.10,900,3,35,1.2960,0.70,periodic,80,1023.00,1.512359
11981,1000,0.10,900,3,35,1.3322,0.70,periodic,81,982.00,1.148173
11982,1000,0.10,900,3,35,1.3038,0.70,periodic,82,1011.00,2.208779
11983,1000,0.10,900,3,35,1.3436,0.70,periodic,83,996.00,1.703629
11984,1000,0.10,900,3,35,1.3360,0.70,periodic,84,1012.00,2.783024
11985,1000,0.10,900,3,35,1.2769,0.70,periodic,85,1075.00,1.857183
11986,1000,0.10,900,3,35,1.3497,0.70,periodic,86,986.00,2.308177
11987,1000,0.10,900,3,35,1.2840,0.70,periodic,87,1016.00,1.928643
11988,1000,0.10,900,3,35,1.3678,0.70,periodic,88,998.00,3.467019
11989,1000,0.10,900,3,35,1.3468,0.70,periodic,89,1012.00,2.704540
11990,1000,0.10,900,3,35,1.3384,0.70,periodic,90,1007.00,5.010966
11991,1000,0.10,900,3,35,1.3412,0.70,periodic,91,1017.00,3.787964
11992,1000,0.10,900,3,35,1.2878,0.70,periodic,92,1003.00,1.296132
11993,1000,0.10,900,3,35,1.3754,0.70,periodic,93,1020.00,1.238978
11994,1000,0.10,900,3,35,1.3678,0.70,periodic,94,975.00,1.785040
11995,1000,0.10,900,3,35,1.3089,0.70,periodic,95,999.00,2.361909
11996,1000,0.10,900,3,35,1.3114,0.70,periodic,96,994.00,1.539491
11997,1000,0.10,900,3,35,1.2976,0.70,periodic,97,1036.00,1.381079
11998,1000,0.10,900,3,35,1.3735,0.70,periodic,98,995.00,2.002941
11999,1000,0.10,900,3,35,1.3380,0.70,periodic,99,1022.00,1.117668
12000,1000,0.10,900,3,35,1.3126,0.75,periodic,0,1019.00,2.370268
12001,1000,0.10,900,3,35,1.3816,0.75,periodic,1,1011.00,3.186422
12002,1000,0.10,900,3,35,1.3499,0.75,periodic,2,1047.00,1.075392
12003,1000,0.10,900,3,35,1.3350,0.75,periodic,3,1029.00,1.873568
12004,1000,0.10,900,3,35,1.3297,0.75,periodic,4,960.00,2.119002
12005,1000,0.10,900,3,35,1.3397,0.75,periodic,5,1015.00,1.977498
12006,1000,0.10,900,3,35,1.3207,0.75,periodic,6,1026.00,1.489379
12007,1000,0.10,900,3,35,1.3194,0.75,periodic,7,989.00,1.198513
12008,1000,0.10,900,3,35,1.3730,0.75,periodic,8,996.00,1.424621
12009,1000,0.10,900,3,35,1.3290,0.75,periodic,9,1000.00,1.403142
12010,1000,0.10,900,3,35,1.3432,0.75,periodic,10,1005.00,1.771441
12011,1000,0.10,900,3,35,1.3456,0.75,periodic,11,986.00,1.553142
12012,1000,0.10,900,3,35,1.3055,0.75,periodic,12,1001.00,2.115237
12013,1000,0.10,900,3,35,1.3293,0.75,periodic,13,987.00,1.671394
12014,1000,0.10,900,3,35,1.2946,0.75,periodic,14,998.00,1.201219
12015,1000,0.10,900,3,35,1.2889,0.75,periodic,15,982.00,1.676695
12016,1000,0.10,900,3,35,1.2908,0.75,periodic,16,1034.00,1.430067
12017,1000,0.10,900,3,35,1.3368,0.75,periodic,17,1032.00,3.226054
12018,1000,0.10,900,3,35,1.2656,0.75,periodic,18,995.00,1.319201
12019,1000,0.10,900,3,35,1.3435,0.75,periodic,19,1031.00,2.563410
12020,1000,0.10,900,3,35,1.3636,0.75,periodic,20,988.00,4.341743
12021,1000,0.10,900,3,35,1.3300,0.75,periodic,21,1033.00,2.308624
12022,1000,0.10,900,3,35,1.3218,0.75,periodic,22,989.00,1.351915
12023,1000,0.10,900,3,35,1.3412,0.75,periodic,23,961.00,1.568424
12024,1000,0.10,900,3,35,1.3478,0.75,periodic,24,997.00,3.565163
12025,1000,0.10,900,3,35,1.3700,0.75,periodic,25,965.00,1.058549
12026,1000,0.10,900,3,35,1.3301,0.75,periodic,26,956.00,2.488128
12027,1000,0.10,900,3,35,1.2948,0.75,periodic,27,1016.00,2.498540
12028,1000,0.10,900,3,35,1.3410,0.75,periodic,28,1036.00,1.731346
12029,1000,0.10,900,3,35,1.3275,0.75,periodic,29,972.00,2.995633
12030,1000,0.10,900,3,35,1.3957,0.75,periodic,30,1012.00,1.431941
12031,1000,0.10,900,3,35,1.3698,0.75,periodic,31,1001.00,1.330510
12032,1000,0.10,900,3,35,1.3329,0.75,periodic,32,1039.00,1.513645
12033,1000,0.10,900,3,35,1.3789,0.75,periodic,33,994.00,1.520677
12034,1000,0.10,900,3,35,1.3275,0.75,periodic,34,1010.00,1.337309
12035,1000,0.10,900,3,35,1.3246,0.75,periodic,35,1031.00,1.534664
12036,1000,0.10,900,3,35,1.3555,0.75,periodic,36,1001.00,1.587145
12037,1000,0.10,900,3,35,1.3134,0.75,periodic,37,1007.00,1.662938
12038,1000,0.10,900,3,35,1.3496,0.75,periodic,38,1001.00,1.384055
12039,1000,0.10,900,3,35,1.3503,0.75,periodic,39,1001.00,2.270367
12040,1000,0.10,900,3,35,1.3477,0.75,periodic,40,987.00,1.207578
12041,1000,0.10,900,3,35,1.4024,0.75,periodic,41,1005.00,1.505131
12042,1000,0.10,900,3,35,1.3891,0.75,periodic,42,1015.00,3.118865
12043,1000,0.10,900,3,35,1.3128,0.75,periodic,43,977.00,1.980864
12044,1000,0.10,900,3,35,1.3462,0.75,periodic,44,1032.00,4.031814
12045,1000,0.10,900,3,35,1.3429,0.75,periodic,45,1028.00,2.860569
12046,1000,0.10,900,3,35,1.3216,0.75,periodic,46,1002.00,1.913879
12047,1000,0.10,900,3,35,1.3470,0.75,periodic,47,999.00,1.254572
12048,1000,0.10,900,3,35,1.3461,0.75,periodic,48,1006.00,3.516722
12049,1000,0.10,900,3,35,1.3447,0.75,periodic,49,1013.00,1.490641
12050,1000,0.10,900,3,35,1.3437,0.75,periodic,50,996.00,1.355195
12051,1000,0.10,900,3,35,1.3845,0.75,periodic,51,994.00,1.355875
12052,1000,0.10,900,3,35,1.2975,0.75,periodic,52,1032.00,2.693246
12053,1000,0.10,900,3,35,1.3146,0.75,periodic,53,998.00,2.409255
12054,1000,0.10,900,3,35,1.3616,0.75,periodic,54,1033.00,3.827321
12055,1000,0.10,900,3,35,1.3362,0.75,periodic,55,1045.00,1.379936
12056,1000,0.10,900,3,35,1.3531,0.75,periodic,56,1004.00,1.634139
12057,1000,0.10,900,3,35,1.3328,0.75,periodic,57,989.00,1.405166
12058,1000,0.10,900,3,35,1.3081,0.75,periodic,58,1022.00,2.015354
12059,1000,0.10,900,3,35,1.3310,0.75,periodic,59,1005.00,2.573210
12060,1000,0.10,900,3,35,1.3325,0.75,periodic,60,1048.00,2.281744
12061,1000,0.10,900,3,35,1.3340,0.75,periodic,61,1020.00,0.959328
12062,1000,0.10,900,3,35,1.3370,0.75,periodic,62,1010.00,1.911962
12063,1000,0.10,900,3,35,1.3137,0.75,periodic,63,1042.00,1.691659
12064,1000,0.10,900,3,35,1.3165,0.75,periodic,64,1014.00,1.415418
12065,1000,0.10,900,3,35,1.3452,0.75,periodic,65,1031.00,3.816387
12066,1000,0.10,900,3,35,1.3313,0.75,periodic,66,999.00,1.458210
12067,1000,0.10,900,3,35,1.3409,0.75,periodic,67,1008.00,1.327389
12068,1000,0.10,900,3,35,1.3387,0.75,periodic,68,1012.00,1.263886
12069,1000,0.10,900,3,35,1.3635,0.75,periodic,69,1023.00,1.304883
12070,1000,0.10,900,3,35,1.3673,0.75,periodic,70,1008.00,1.277944
12071,1000,0.10,900,3,35,1.3525,0.75,periodic,71,1019.00,1.745820
12072,1000,0.10,900,3,35,1.2921,0.75,periodic,72,1049.00,1.498727
12073,1000,0.10,900,3,35,1.3765,0.75,periodic,73,1066.00,3.272659
12074,1000,0.10,900,3,35,1.3136,0.75,periodic,74,1007.00,1.250679
12075,1000,0.10,900,3,35,1.3806,0.75,periodic,75,977.00,1.303178
12076,1000,0.10,900,3,35,1.2790,0.75,periodic,76,990.00,1.091162
12077,1000,0.10,900,3,35,1.3004,0.75,periodic,77,965.00,1.293439
12078,1000,0.10,900,3,35,1.3478,0.75,periodic,78,1015.00,1.436877
12079,1000,0.10,900,3,35,1.3255,0.75,periodic,79,1012.00,4.262523
12080,1000,0.10,900,3,35,1.3479,0.75,periodic,80,938.00,1.245217
12081,1000,0.10,900,3,35,1.3643,0.75,periodic,81,1005.00,1.978677
12082,1000,0.10,900,3,35,1.4119,0.75,periodic,82,975.00,1.269103
12083,1000,0.10,900,3,35,1.3076,0.75,periodic,83,944.00,2.287260
12084,1000,0.10,900,3,35,1.3261,0.75,periodic,84,972.00,3.418628
12085,1000,0.10,900,3,35,1.3203,0.75,periodic,85,1004.00,1.241829
12086,1000,0.10,900,3,35,1.3565,0.75,periodic,86,996.00,1.373096
12087,1000,0.10,900,3,35,1.3496,0.75,periodic,87,1023.00,1.606587
12088,1000,0.10,900,3,35,1.3067,0.75,periodic,88,970.00,1.281010
12089,1000,0.10,900,3,35,1.3661,0.75,periodic,89,951.00,2.327992
12090,1000,0.10,900,3,35,1.3234,0.75,periodic,90,981.00,1.684564
12091,1000,0.10,900,3,35,1.3601,0.75,periodic,91,998.00,2.488979
12092,1000,0.10,900,3,35,1.2615,0.75,periodic,92,988.00,2.393958
12093,1000,0.10,900,3,35,1.3631,0.75,periodic,93,995.00,2.317464
12094,1000,0.10,900,3,35,1.2835,0.75,periodic,94,1004.00,2.658960
12095,1000,0.10,900,3,35,1.2935,0.75,periodic,95,992.00,2.038176
12096,1000,0.10,900,3,35,1.3450,0.75,periodic,96,994.00,1.735776
12097,1000,0.10,900,3,35,1.3857,0.75,periodic,97,979.00,2.548968
12098,1000,0.10,900,3,35,1.3113,0.75,periodic,98,1004.00,2.063931
12099,1000,0.10,900,3,35,1.3317,0.75,periodic,99,984.00,1.332880
12100,1000,0.10,900,3,35,1.3077,0.80,periodic,0,979.00,1.394615
12101,1000,0.10,900,3,35,1.3561,0.80,periodic,1,987.00,3.538099
12102,1000,0.10,900,3,35,1.3210,0.80,periodic,2,978.00,1.706723
12103,1000,0.10,900,3,35,1.3970,0.80,periodic,3,984.00,1.799611
12104,1000,0.10,900,3,35,1.3464,0.80,periodic,4,993.00,1.201101
12105,1000,0.10,900,3,35,1.3202,0.80,periodic,5,986.00,1.997201
12106,1000,0.10,900,3,35,1.3643,0.80,periodic,6,983.00,1.958205
12107,1000,0.10,900,3,35,1.3483,0.80,periodic,7,1004.00,1.309934
12108,1000,0.10,900,3,35,1.3354,0.80,periodic,8,1000.00,1.471681
12109,1000,0.10,900,3,35,1.3481,0.80,periodic,9,999.00,2.822803
12110,1000,0.10,900,3,35,1.3649,0.80,periodic,10,974.00,3.846722
12111,1000,0.10,900,3,35,1.2882,0.80,periodic,11,1012.00,1.271276
12112,1000,0.10,900,3,35,1.3148,0.80,periodic,12,1019.00,1.632680
12113,1000,0.10,900,3,35,1.3524,0.80,periodic,13,1001.00,1.550943
12114,1000,0.10,900,3,35,1.3747,0.80,periodic,14,979.00,1.253129
12115,1000,0.10,900,3,35,1.3383,0.80,periodic,15,967.00,3.287115
12116,1000,0.10,900,3,35,1.3615,0.80,periodic,16,983.00,1.369034
12117,1000,0.10,900,3,35,1.3440,0.80,periodic,17,984.00,1.800532
12118,1000,0.10,900,3,35,1.3459,0.80,periodic,18,962.00,7.718245
12119,1000,0.10,900,3,35,1.3357,0.80,periodic,19,1003.00,3.719025
12120,1000,0.10,900,3,35,1.3819,0.80,periodic,20,948.00,3.385241
12121,1000,0.10,900,3,35,1.3485,0.80,periodic,21,992.00,1.366504
12122,1000,0.10,900,3,35,1.4054,0.80,periodic,22,982.00,2.404289
12123,1000,0.10,900,3,35,1.3319,0.80,periodic,23,1010.00,2.246181
12124,1000,0.10,900,3,35,1.3958,0.80,periodic,24,991.00,1.531439
12125,1000,0.10,900,3,35,1.3129,0.80,periodic,25,985.00,3.380546
12126,1000,0.10,900,3,35,1.3051,0.80,periodic,26,955.00,1.584054
12127,1000,0.10,900,3,35,1.3111,0.80,periodic,27,973.00,4.790758
12128,1000,0.10,900,3,35,1.3398,0.80,periodic,28,1001.00,1.547081
12129,1000,0.10,900,3,35,1.3486,0.80,periodic,29,968.00,4.554944
12130,1000,0.10,900,3,35,1.3644,0.80,periodic,30,942.00,2.705697
12131,1000,0.10,900,3,35,1.3664,0.80,periodic,31,1009.00,2.395998
12132,1000,0.10,900,3,35,1.3145,0.80,periodic,32,990.00,2.397261
12133,1000,0.10,900,3,35,1.3084,0.80,periodic,33,953.00,1.322793
12134,1000,0.10,900,3,35,1.3074,0.80,periodic,34,1004.00,3.566687
12135,1000,0.10,900,3,35,1.3474,0.80,periodic,35,986.00,1.524637
12136,1000,0.10,900,3,35,1.3415,0.80,periodic,36,1002.00,4.131225
12137,1000,0.10,900,3,35,1.3417,0.80,periodic,37,960.00,1.455477
12138,1000,0.10,900,3,35,1.2878,0.80,periodic,38,970.00,1.491715
12139,1000,0.10,900,3,35,1.4002,0.80,periodic,39,991.00,2.533185
12140,1000,0.10,900,3,35,1.3586,0.80,periodic,40,980.00,1.448909
12141,1000,0.10,900,3,35,1.3335,0.80,periodic,41,990.00,1.660655
12142,1000,0.10,900,3,35,1.3243,0.80,periodic,42,972.00,1.820708
12143,1000,0.10,900,3,35,1.3097,0.80,periodic,43,948.00,1.428739
12144,1000,0.10,900,3,35,1.3106,0.80,periodic,44,980.00,1.504782
12145,1000,0.10,900,3,35,1.3688,0.80,periodic,45,978.00,5.868862
12146,1000,0.10,900,3,35,1.3616,0.80,periodic,46,983.00,3.011269
12147,1000,0.10,900,3,35,1.3277,0.80,periodic,47,993.00,1.107780
12148,1000,0.10,900,3,35,1.3401,0.80,periodic,48,973.00,1.387984
12149,1000,0.10,900,3,35,1.3160,0.80,periodic,49,977.00,1.628619
12150,1000,0.10,900,3,35,1.3324,0.80,periodic,50,984.00,2.269326
12151,1000,0.10,900,3,35,1.3219,0.80,periodic,51,984.00,1.215596
12152,1000,0.10,900,3,35,1.3566,0.80,periodic,52,993.00,3.019728
12153,1000,0.10,900,3,35,1.3334,0.80,periodic,53,961.00,3.968732
12154,1000,0.10,900,3,35,1.3083,0.80,periodic,54,987.00,2.677589
12155,1000,0.10,900,3,35,1.3126,0.80,periodic,55,1024.00,1.389756
12156,1000,0.10,900,3,35,1.3273,0.80,periodic,56,1020.00,3.286490
12157,1000,0.10,900,3,35,1.3626,0.80,periodic,57,974.00,1.884683
12158,1000,0.10,900,3,35,1.3002,0.80,periodic,58,1023.00,8.726694
12159,1000,0.10,900,3,35,1.3186,0.80,periodic,59,986.00,2.563560
12160,1000,0.10,900,3,35,1.3305,0.80,periodic,60,982.00,1.446064
12161,1000,0.10,900,3,35,1.3342,0.80,periodic,61,985.00,1.057660
12162,1000,0.10,900,3,35,1.3735,0.80,periodic,62,979.00,1.124766
12163,1000,0.10,900,3,35,1.2903,0.80,periodic,63,980.00,2.989519
12164,1000,0.10,900,3,35,1.3203,0.80,periodic,64,1010.00,2.502859
12165,1000,0.10,900,3,35,1.3075,0.80,periodic,65,1003.00,1.240293
12166,1000,0.10,900,3,35,1.3513,0.80,periodic,66,1013.00,3.247378
12167,1000,0.10,900,3,35,1.3267,0.80,periodic,67,1002.00,2.496631
12168,1000,0.10,900,3,35,1.3278,0.80,periodic,68,985.00,2.008928
12169,1000,0.10,900,3,35,1.3482,0.80,periodic,69,997.00,1.744177
12170,1000,0.10,900,3,35,1.3539,0.80,periodic,70,1011.00,2.541004
12171,1000,0.10,900,3,35,1.2881,0.80,periodic,71,1015.00,1.145893
12172,1000,0.10,900,3,35,1.3335,0.80,periodic,72,1011.00,1.002301
12173,1000,0.10,900,3,35,1.3238,0.80,periodic,73,968.00,1.601715
12174,1000,0.10,900,3,35,1.4123,0.80,periodic,74,977.00,1.116821
12175,1000,0.10,900,3,35,1.2894,0.80,periodic,75,948.00,3.761029
12176,1000,0.10,900,3,35,1.3414,0.80,periodic,76,977.00,1.925369
12177,1000,0.10,900,3,35,1.3505,0.80,periodic,77,963.00,2.272612
12178,1000,0.10,900,3,35,1.3427,0.80,periodic,78,970.00,1.236836
12179,1000,0.10,900,3,35,1.3358,0.80,periodic,79,1026.00,1.997165
12180,1000,0.10,900,3,35,1.3468,0.80,periodic,80,1019.00,1.293919
12181,1000,0.10,900,3,35,1.2940,0.80,periodic,81,958.00,1.598970
12182,1000,0.10,900,3,35,1.3046,0.80,periodic,82,978.00,1.467715
12183,1000,0.10,900,3,35,1.3528,0.80,periodic,83,992.00,2.160627
12184,1000,0.10,900,3,35,1.3149,0.80,periodic,84,1033.00,3.769260
12185,1000,0.10,900,3,35,1.2814,0.80,periodic,85,1013.00,1.808298
12186,1000,0.10,900,3,35,1.3291,0.80,periodic,86,1015.00,2.587789
12187,1000,0.10,900,3,35,1.3432,0.80,periodic,87,994.00,1.180422
12188,1000,0.10,900,3,35,1.3345,0.80,periodic,88,1018.00,1.791366
12189,1000,0.10,900,3,35,1.3435,0.80,periodic,89,961.00,1.333769
12190,1000,0.10,900,3,35,1.3053,0.80,periodic,90,1009.00,5.824509
12191,1000,0.10,900,3,35,1.3329,0.80,periodic,91,955.00,2.283078
12192,1000,0.10,900,3,35,1.3389,0.80,periodic,92,960.00,3.251116
12193,1000,0.10,900,3,35,1.3009,0.80,periodic,93,965.00,1.754494
12194,1000,0.10,900,3,35,1.3600,0.80,periodic,94,929.00,1.336137
12195,1000,0.10,900,3,35,1.3269,0.80,periodic,95,1026.00,1.337688
12196,1000,0.10,900,3,35,1.2463,0.80,periodic,96,954.00,1.184278
12197,1000,0.10,900,3,35,1.3066,0.80,periodic,97,993.00,3.195655
12198,1000,0.10,900,3,35,1.3507,0.80,periodic,98,969.00,1.906943
12199,1000,0.10,900,3,35,1.3572,0.80,periodic,99,949.00,1.396047
12200,1000,0.10,900,3,35,1.3810,0.85,periodic,0,958.00,1.908598
12201,1000,0.10,900,3,35,1.3027,0.85,periodic,1,960.00,1.348854
12202,1000,0.10,900,3,35,1.3383,0.85,periodic,2,973.00,4.228362
12203,1000,0.10,900,3,35,1.3628,0.85,periodic,3,953.00,1.412647
12204,1000,0.10,900,3,35,1.3595,0.85,periodic,4,936.00,2.118987
12205,1000,0.10,900,3,35,1.3358,0.85,periodic,5,949.00,1.608874
12206,1000,0.10,900,3,35,1.3185,0.85,periodic,6,991.00,3.619415
12207,1000,0.10,900,3,35,1.3157,0.85,periodic,7,973.00,2.782330
12208,1000,0.10,900,3,35,1.3006,0.85,periodic,8,997.00,2.768614
12209,1000,0.10,900,3,35,1.2801,0.85,periodic,9,970.00,1.759707
12210,1000,0.10,900,3,35,1.2886,0.85,periodic,10,1019.00,1.862075
12211,1000,0.10,900,3,35,1.3177,0.85,periodic,11,972.00,3.026772
12212,1000,0.10,900,3,35,1.3368,0.85,periodic,12,970.00,2.377412
12213,1000,0.10,900,3,35,1.3491,0.85,periodic,13,966.00,4.949440
12214,1000,0.10,900,3,35,1.2856,0.85,periodic,14,932.00,1.227083
12215,1000,0.10,900,3,35,1.3812,0.85,periodic,15,974.00,2.330826
12216,1000,0.10,900,3,35,1.3525,0.85,periodic,16,1002.00,9.077895
12217,1000,0.10,900,3,35,1.3017,0.85,periodic,17,932.00,2.453768
12218,1000,0.10,900,3,35,1.3729,0.85,periodic,18,993.00,1.428838
12219,1000,0.10,900,3,35,1.3236,0.85,periodic,19,975.00,3.285149
12220,1000,0.10,900,3,35,1.3704,0.85,periodic,20,957.00,1.545608
12221,1000,0.10,900,3,35,1.3467,0.85,periodic,21,984.00,1.266248
12222,1000,0.10,900,3,35,1.3587,0.85,periodic,22,943.00,1.507914
12223,1000,0.10,900,3,35,1.3880,0.85,periodic,23,979.00,3.959442
12224,1000,0.10,900,3,35,1.3123,0.85,periodic,24,951.00,1.888443
12225,1000,0.10,900,3,35,1.3309,0.85,periodic,25,958.00,1.578205
12226,1000,0.10,900,3,35,1.3809,0.85,periodic,26,982.00,1.376617
12227,1000,0.10,900,3,35,1.3758,0.85,periodic,27,970.00,2.391221
12228,1000,0.10,900,3,35,1.3816,0.85,periodic,28,973.00,1.340568
12229,1000,0.10,900,3,35,1.3311,0.85,periodic,29,977.00,2.150496
12230,1000,0.10,900,3,35,1.3251,0.85,periodic,30,966.00,5.719424
12231,1000,0.10,900,3,35,1.3421,0.85,periodic,31,955.00,1.589994
12232,1000,0.10,900,3,35,1.2973,0.85,periodic,32,932.00,1.578338
12233,1000,0.10,900,3,35,1.3076,0.85,periodic,33,986.00,1.582441
12234,1000,0.10,900,3,35,1.3536,0.85,periodic,34,970.00,3.139431
12235,1000,0.10,900,3,35,1.3392,0.85,periodic,35,948.00,1.802854
12236,1000,0.10,900,3,35,1.3157,0.85,periodic,36,954.00,1.309534
12237,1000,0.10,900,3,35,1.2988,0.85,periodic,37,984.00,3.869051
12238,1000,0.10,900,3,35,1.3173,0.85,periodic,38,986.00,3.704554
12239,1000,0.10,900,3,35,1.3189,0.85,periodic,39,949.00,1.585596
12240,1000,0.10,900,3,35,1.3039,0.85,periodic,40,1013.00,2.433899
12241,1000,0.10,900,3,35,1.3797,0.85,periodic,41,959.00,5.627081
12242,1000,0.10,900,3,35,1.3050,0.85,periodic,42,943.00,1.992270
12243,1000,0.10,900,3,35,1.3154,0.85,periodic,43,979.00,1.587378
12244,1000,0.10,900,3,35,1.3470,0.85,periodic,44,952.00,1.619049
12245,1000,0.10,900,3,35,1.3524,0.85,periodic,45,1012.00,2.033292
12246,1000,0.10,900,3,35,1.3010,0.85,periodic,46,981.00,2.694514
12247,1000,0.10,900,3,35,1.3058,0.85,periodic,47,970.00,1.369091
12248,1000,0.10,900,3,35,1.3124,0.85,periodic,48,953.00,5.349622
12249,1000,0.10,900,3,35,1.3699,0.85,periodic,49,1012.00,5.861991
12250,1000,0.10,900,3,35,1.3476,0.85,periodic,50,964.00,1.696446
12251,1000,0.10,900,3,35,1.3299,0.85,periodic,51,974.00,2.462445
12252,1000,0.10,900,3,35,1.3628,0.85,periodic,52,980.00,2.171107
12253,1000,0.10,900,3,35,1.3127,0.85,periodic,53,963.00,1.347657
12254,1000,0.10,900,3,35,1.2777,0.85,periodic,54,950.00,1.545256
12255,1000,0.10,900,3,35,1.2801,0.85,periodic,55,987.00,1.492653
12256,1000,0.10,900,3,35,1.3693,0.85,periodic,56,972.00,4.473767
12257,1000,0.10,900,3,35,1.3484,0.85,periodic,57,978.00,3.396843
12258,1000,0.10,900,3,35,1.3097,0.85,periodic,58,990.00,3.003371
12259,1000,0.10,900,3,35,1.2960,0.85,periodic,59,985.00,1.782172
12260,1000,0.10,900,3,35,1.3280,0.85,periodic,60,975.00,2.596809
12261,1000,0.10,900,3,35,1.3395,0.85,periodic,61,993.00,4.523633
12262,1000,0.10,900,3,35,1.3079,0.85,periodic,62,973.00,2.675376
12263,1000,0.10,900,3,35,1.3134,0.85,periodic,63,1019.00,2.360174
12264,1000,0.10,900,3,35,1.3136,0.85,periodic,64,995.00,5.506340
12265,1000,0.10,900,3,35,1.3584,0.85,periodic,65,1018.00,1.565230
12266,1000,0.10,900,3,35,1.3382,0.85,periodic,66,1000.00,1.968746
12267,1000,0.10,900,3,35,1.3775,0.85,periodic,67,975.00,1.410106
12268,1000,0.10,900,3,35,1.3462,0.85,periodic,68,989.00,1.845048
12269,1000,0.10,900,3,35,1.3434,0.85,periodic,69,1018.00,1.828707
12270,1000,0.10,900,3,35,1.3704,0.85,periodic,70,1031.00,4.628825
12271,1000,0.10,900,3,35,1.3382,0.85,periodic,71,975.00,1.850890
12272,1000,0.10,900,3,35,1.4046,0.85,periodic,72,1011.00,1.275197
12273,1000,0.10,900,3,35,1.3870,0.85,periodic,73,978.00,1.500313
12274,1000,0.10,900,3,35,1.3775,0.85,periodic,74,1021.00,1.343418
12275,1000,0.10,900,3,35,1.3478,0.85,periodic,75,988.00,1.516945
12276,1000,0.10,900,3,35,1.3186,0.85,periodic,76,1007.00,1.457109
12277,1000,0.10,900,3,35,1.3411,0.85,periodic,77,978.00,2.809215
12278,1000,0.10,900,3,35,1.3833,0.85,periodic,78,984.00,3.608517
12279,1000,0.10,900,3,35,1.3264,0.85,periodic,79,998.00,2.669854
12280,1000,0.10,900,3,35,1.3331,0.85,periodic,80,1007.00,1.379165
12281,1000,0.10,900,3,35,1.3121,0.85,periodic,81,1001.00,3.017980
12282,1000,0.10,900,3,35,1.3382,0.85,periodic,82,995.00,1.561920
12283,1000,0.10,900,3,35,1.3063,0.85,periodic,83,1018.00,3.285501
12284,1000,0.10,900,3,35,1.3268,0.85,periodic,84,1008.00,10.569720
12285,1000,0.10,900,3,35,1.3273,0.85,periodic,85,998.00,1.643432
12286,1000,0.10,900,3,35,1.3412,0.85,periodic,86,996.00,1.674154
12287,1000,0.10,900,3,35,1.3617,0.85,periodic,87,1000.00,1.402843
12288,1000,0.10,900,3,35,1.3236,0.85,periodic,88,1032.00,2.407879
12289,1000,0.10,900,3,35,1.3316,0.85,periodic,89,1007.00,4.876420
12290,1000,0.10,900,3,35,1.3015,0.85,periodic,90,1000.00,1.393635
12291,1000,0.10,900,3,35,1.3324,0.85,periodic,91,997.00,3.009762
12292,1000,0.10,900,3,35,1.3324,0.85,periodic,92,1005.00,1.432593
12293,1000,0.10,900,3,35,1.3236,0.85,periodic,93,991.00,1.575405
12294,1000,0.10,900,3,35,1.3027,0.85,periodic,94,1009.00,1.685437
12295,1000,0.10,900,3,35,1.3827,0.85,periodic,95,981.00,1.770212
12296,1000,0.10,900,3,35,1.3025,0.85,periodic,96,981.00,4.433606
12297,1000,0.10,900,3,35,1.2949,0.85,periodic,97,971.00,2.389943
12298,1000,0.10,900,3,35,1.3641,0.85,periodic,98,955.00,1.324625
12299,1000,0.10,900,3,35,1.3232,0.85,periodic,99,964.00,3.799345
12300,1000,0.10,900,3,35,1.3037,0.90,periodic,0,981.00,1.664806
12301,1000,0.10,900,3,35,1.2956,0.90,periodic,1,992.00,3.151971
12302,1000,0.10,900,3,35,1.3266,0.90,periodic,2,992.00,1.462471
12303,1000,0.10,900,3,35,1.3509,0.90,periodic,3,970.00,1.535322
12304,1000,0.10,900,3,35,1.3475,0.90,periodic,4,954.00,2.982613
12305,1000,0.10,900,3,35,1.2880,0.90,periodic,5,939.00,1.591042
12306,1000,0.10,900,3,35,1.3278,0.90,periodic,6,962.00,4.727870
12307,1000,0.10,900,3,35,1.4014,0.90,periodic,7,961.00,1.901650
12308,1000,0.10,900,3,35,1.3260,0.90,periodic,8,945.00,1.541510
12309,1000,0.10,900,3,35,1.3115,0.90,periodic,9,997.00,2.425117
12310,1000,0.10,900,3,35,1.3269,0.90,periodic,10,965.00,1.590722
12311,1000,0.10,900,3,35,1.3844,0.90,periodic,11,954.00,3.383076
12312,1000,0.10,900,3,35,1.3277,0.90,periodic,12,958.00,1.487564
12313,1000,0.10,900,3,35,1.3792,0.90,periodic,13,963.00,2.167192
12314,1000,0.10,900,3,35,1.3250,0.90,periodic,14,939.00,1.527529
12315,1000,0.10,900,3,35,1.3619,0.90,periodic,15,947.00,2.701082
12316,1000,0.10,900,3,35,1.3706,0.90,periodic,16,946.00,1.210804
12317,1000,0.10,900,3,35,1.3385,0.90,periodic,17,967.00,2.517069
12318,1000,0.10,900,3,35,1.3141,0.90,periodic,18,981.00,2.543744
12319,1000,0.10,900,3,35,1.2989,0.90,periodic,19,956.00,1.565243
12320,1000,0.10,900,3,35,1.3969,0.90,periodic,20,946.00,3.597400
12321,1000,0.10,900,3,35,1.3923,0.90,periodic,21,970.00,1.779915
12322,1000,0.10,900,3,35,1.3596,0.90,periodic,22,947.00,2.608059
12323,1000,0.10,900,3,35,1.3552,0.90,periodic,23,975.00,3.076228
12324,1000,0.10,900,3,35,1.3455,0.90,periodic,24,952.00,3.791274
12325,1000,0.10,900,3,35,1.3329,0.90,periodic,25,933.00,1.656288
12326,1000,0.10,900,3,35,1.2686,0.90,periodic,26,941.00,1.434585
12327,1000,0.10,900,3,35,1.3397,0.90,periodic,27,940.00,1.513043
12328,1000,0.10,900,3,35,1.3107,0.90,periodic,28,975.00,1.563252
12329,1000,0.10,900,3,35,1.3408,0.90,periodic,29,984.00,1.520594
12330,1000,0.10,900,3,35,1.3595,0.90,periodic,30,975.00,1.494522
12331,1000,0.10,900,3,35,1.3353,0.90,periodic,31,994.00,1.314425
12332,1000,0.10,900,3,35,1.3308,0.90,periodic,32,974.00,1.359437
12333,1000,0.10,900,3,35,1.3586,0.90,periodic,33,1012.00,1.711286
12334,1000,0.10,900,3,35,1.3447,0.90,periodic,34,948.00,2.587223
12335,1000,0.10,900,3,35,1.3615,0.90,periodic,35,966.00,1.324407
12336,1000,0.10,900,3,35,1.2919,0.90,periodic,36,979.00,3.271416
12337,1000,0.10,900,3,35,1.3615,0.90,periodic,37,1008.00,2.596260
12338,1000,0.10,900,3,35,1.3335,0.90,periodic,38,993.00,2.275989
12339,1000,0.10,900,3,35,1.3280,0.90,periodic,39,979.00,2.493030
12340,1000,0.10,900,3,35,1.3667,0.90,periodic,40,958.00,1.634595
12341,1000,0.10,900,3,35,1.3162,0.90,periodic,41,975.00,4.206193
12342,1000,0.10,900,3,35,1.3428,0.90,periodic,42,940.00,2.373271
12343,1000,0.10,900,3,35,1.2999,0.90,periodic,43,973.00,2.534292
12344,1000,0.10,900,3,35,1.3618,0.90,periodic,44,952.00,1.686619
12345,1000,0.10,900,3,35,1.3272,0.90,periodic,45,942.00,2.713079
12346,1000,0.10,900,3,35,1.3711,0.90,periodic,46,945.00,1.564307
12347,1000,0.10,900,3,35,1.3156,0.90,periodic,47,991.00,2.958817
12348,1000,0.10,900,3,35,1.3314,0.90,periodic,48,997.00,1.643100
12349,1000,0.10,900,3,35,1.3367,0.90,periodic,49,970.00,3.654099
12350,1000,0.10,900,3,35,1.3400,0.90,periodic,50,922.00,2.474567
12351,1000,0.10,900,3,35,1.3227,0.90,periodic,51,917.00,1.915709
12352,1000,0.10,900,3,35,1.3481,0.90,periodic,52,1018.00,1.565431
12353,1000,0.10,900,3,35,1.3651,0.90,periodic,53,948.00,2.030328
12354,1000,0.10,900,3,35,1.3689,0.90,periodic,54,969.00,1.590834
12355,1000,0.10,900,3,35,1.3181,0.90,periodic,55,965.00,1.378158
12356,1000,0.10,900,3,35,1.3857,0.90,periodic,56,982.00,2.990302
12357,1000,0.10,900,3,35,1.2965,0.90,periodic,57,964.00,3.387462
12358,1000,0.10,900,3,35,1.2929,0.90,periodic,58,989.00,1.405759
12359,1000,0.10,900,3,35,1.3217,0.90,periodic,59,983.00,1.979323
12360,1000,0.10,900,3,35,1.3508,0.90,periodic,60,934.00,2.331552
12361,1000,0.10,900,3,35,1.3192,0.90,periodic,61,964.00,1.582890
12362,1000,0.10,900,3,35,1.3306,0.90,periodic,62,941.00,1.953926
12363,1000,0.10,900,3,35,1.3411,0.90,periodic,63,969.00,1.728316
12364,1000,0.10,900,3,35,1.3543,0.90,periodic,64,941.00,6.065814
12365,1000,0.10,900,3,35,1.3065,0.90,periodic,65,953.00,2.874621
12366,1000,0.10,900,3,35,1.3334,0.90,periodic,66,955.00,2.126309
12367,1000,0.10,900,3,35,1.2918,0.90,periodic,67,946.00,4.124640
12368,1000,0.10,900,3,35,1.2837,0.90,periodic,68,937.00,1.973548
12369,1000,0.10,900,3,35,1.3157,0.90,periodic,69,970.00,1.540633
12370,1000,0.10,900,3,35,1.3824,0.90,periodic,70,973.00,1.185252
12371,1000,0.10,900,3,35,1.3438,0.90,periodic,71,948.00,1.904159
12372,1000,0.10,900,3,35,1.3328,0.90,periodic,72,986.00,1.866300
12373,1000,0.10,900,3,35,1.3378,0.90,periodic,73,960.00,4.271540
12374,1000,0.10,900,3,35,1.3358,0.90,periodic,74,957.00,2.217041
12375,1000,0.10,900,3,35,1.2932,0.90,periodic,75,960.00,2.628322
12376,1000,0.10,900,3,35,1.3146,0.90,periodic,76,966.00,1.976532
12377,1000,0.10,900,3,35,1.3130,0.90,periodic,77,983.00,1.115573
12378,1000,0.10,900,3,35,1.3420,0.90,periodic,78,952.00,2.027932
12379,1000,0.10,900,3,35,1.3183,0.90,periodic,79,940.00,1.879641
12380,1000,0.10,900,3,35,1.3645,0.90,periodic,80,956.00,1.632106
12381,1000,0.10,900,3,35,1.3192,0.90,periodic,81,926.00,2.439818
12382,1000,0.10,900,3,35,1.3415,0.90,periodic,82,976.00,5.451687
12383,1000,0.10,900,3,35,1.3409,0.90,periodic,83,951.00,1.355801
12384,1000,0.10,900,3,35,1.3271,0.90,periodic,84,955.00,1.457611
12385,1000,0.10,900,3,35,1.3214,0.90,periodic,85,943.00,3.363869
12386,1000,0.10,900,3,35,1.3686,0.90,periodic,86,941.00,3.551761
12387,1000,0.10,900,3,35,1.3384,0.90,periodic,87,953.00,3.722465
12388,1000,0.10,900,3,35,1.3336,0.90,periodic,88,936.00,1.464904
12389,1000,0.10,900,3,35,1.3363,0.90,periodic,89,967.00,2.935737
12390,1000,0.10,900,3,35,1.3643,0.90,periodic,90,952.00,1.831238
12391,1000,0.10,900,3,35,1.3266,0.90,periodic,91,974.00,2.141354
12392,1000,0.10,900,3,35,1.3637,0.90,periodic,92,954.00,1.671312
12393,1000,0.10,900,3,35,1.3035,0.90,periodic,93,955.00,4.852353
12394,1000,0.10,900,3,35,1.3584,0.90,periodic,94,973.00,2.828889
12395,1000,0.10,900,3,35,1.3532,0.90,periodic,95,958.00,1.449416
12396,1000,0.10,900,3,35,1.3151,0.90,periodic,96,957.00,1.470593
12397,1000,0.10,900,3,35,1.3338,0.90,periodic,97,934.00,2.969675
12398,1000,0.10,900,3,35,1.2775,0.90,periodic,98,938.00,1.886134
12399,1000,0.10,900,3,35,1.3266,0.90,periodic,99,956.00,3.109852
12400,1000,0.10,900,3,35,1.3267,0.95,periodic,0,902.00,2.727132
12401,1000,0.10,900,3,35,1.3077,0.95,periodic,1,969.00,1.401316
12402,1000,0.10,900,3,35,1.3468,0.95,periodic,2,924.00,2.022853
12403,1000,0.10,900,3,35,1.3422,0.95,periodic,3,936.00,1.635492
12404,1000,0.10,900,3,35,1.3243,0.95,periodic,4,933.00,1.609941
12405,1000,0.10,900,3,35,1.3370,0.95,periodic,5,983.00,1.439432
12406,1000,0.10,900,3,35,1.3274,0.95,periodic,6,925.00,2.493169
12407,1000,0.10,900,3,35,1.3437,0.95,periodic,7,914.00,1.592371
12408,1000,0.10,900,3,35,1.3402,0.95,periodic,8,930.00,7.220885
12409,1000,0.10,900,3,35,1.2958,0.95,periodic,9,951.00,2.751887
12410,1000,0.10,900,3,35,1.2926,0.95,periodic,10,946.00,2.086926
12411,1000,0.10,900,3,35,1.3199,0.95,periodic,11,964.00,2.355082
12412,1000,0.10,900,3,35,1.3389,0.95,periodic,12,943.00,1.997283
12413,1000,0.10,900,3,35,1.3414,0.95,periodic,13,961.00,1.571196
12414,1000,0.10,900,3,35,1.3161,0.95,periodic,14,920.00,2.155774
12415,1000,0.10,900,3,35,1.3298,0.95,periodic,15,953.00,1.794099
12416,1000,0.10,900,3,35,1.3106,0.95,periodic,16,948.00,1.695214
12417,1000,0.10,900,3,35,1.3660,0.95,periodic,17,951.00,2.067809
12418,1000,0.10,900,3,35,1.3437,0.95,periodic,18,909.00,1.356233
12419,1000,0.10,900,3,35,1.3431,0.95,periodic,19,943.00,1.697201
12420,1000,0.10,900,3,35,1.3332,0.95,periodic,20,949.00,2.362112
12421,1000,0.10,900,3,35,1.3328,0.95,periodic,21,938.00,1.799963
12422,1000,0.10,900,3,35,1.3105,0.95,periodic,22,937.00,1.516985
12423,1000,0.10,900,3,35,1.3268,0.95,periodic,23,928.00,1.594196
12424,1000,0.10,900,3,35,1.3114,0.95,periodic,24,960.00,2.088015
12425,1000,0.10,900,3,35,1.3416,0.95,periodic,25,970.00,2.217098
12426,1000,0.10,900,3,35,1.3078,0.95,periodic,26,955.00,1.894165
12427,1000,0.10,900,3,35,1.3290,0.95,periodic,27,929.00,2.688812
12428,1000,0.10,900,3,35,1.3346,0.95,periodic,28,949.00,1.983593
12429,1000,0.10,900,3,35,1.3158,0.95,periodic,29,939.00,1.745701
12430,1000,0.10,900,3,35,1.4057,0.95,periodic,30,940.00,4.598137
12431,1000,0.10,900,3,35,1.3357,0.95,periodic,31,937.00,2.732681
12432,1000,0.10,900,3,35,1.3563,0.95,periodic,32,960.00,3.079077
12433,1000,0.10,900,3,35,1.3331,0.95,periodic,33,913.00,1.958792
12434,1000,0.10,900,3,35,1.3110,0.95,periodic,34,948.00,2.063692
12435,1000,0.10,900,3,35,1.3166,0.95,periodic,35,958.00,3.119884
12436,1000,0.10,900,3,35,1.3532,0.95,periodic,36,926.00,1.691880
12437,1000,0.10,900,3,35,1.3207,0.95,periodic,37,953.00,1.708444
12438,1000,0.10,900,3,35,1.3323,0.95,periodic,38,945.00,1.981162
12439,1000,0.10,900,3,35,1.3473,0.95,periodic,39,944.00,5.110235
12440,1000,0.10,900,3,35,1.3216,0.95,periodic,40,953.00,1.897395
12441,1000,0.10,900,3,35,1.3156,0.95,periodic,41,973.00,2.510943
12442,1000,0.10,900,3,35,1.3025,0.95,periodic,42,942.00,2.024107
12443,1000,0.10,900,3,35,1.3096,0.95,periodic,43,967.00,2.848514
12444,1000,0.10,900,3,35,1.3426,0.95,periodic,44,954.00,1.902849
12445,1000,0.10,900,3,35,1.3355,0.95,periodic,45,1008.00,4.509146
12446,1000,0.10,900,3,35,1.3813,0.95,periodic,46,982.00,3.087678
12447,1000,0.10,900,3,35,1.2949,0.95,periodic,47,960.00,2.775270
12448,1000,0.10,900,3,35,1.3109,0.95,periodic,48,992.00,2.100574
12449,1000,0.10,900,3,35,1.3611,0.95,periodic,49,1025.00,2.108713
12450,1000,0.10,900,3,35,1.3316,0.95,periodic,50,941.00,3.285253
12451,1000,0.10,900,3,35,1.3294,0.95,periodic,51,1015.00,1.655801
12452,1000,0.10,900,3,35,1.3612,0.95,periodic,52,938.00,1.903256
12453,1000,0.10,900,3,35,1.3099,0.95,periodic,53,979.00,7.983086
12454,1000,0.10,900,3,35,1.3182,0.95,periodic,54,978.00,1.679386
12455,1000,0.10,900,3,35,1.3310,0.95,periodic,55,961.00,1.650114
12456,1000,0.10,900,3,35,1.2951,0.95,periodic,56,1011.00,3.214388
12457,1000,0.10,900,3,35,1.3484,0.95,periodic,57,963.00,2.147137
12458,1000,0.10,900,3,35,1.3540,0.95,periodic,58,1006.00,8.218752
12459,1000,0.10,900,3,35,1.3369,0.95,periodic,59,987.00,3.837080
12460,1000,0.10,900,3,35,1.2842,0.95,periodic,60,977.00,2.229121
12461,1000,0.10,900,3,35,1.2975,0.95,periodic,61,1047.00,2.306527
12462,1000,0.10,900,3,35,1.3506,0.95,periodic,62,950.00,1.651379
12463,1000,0.10,900,3,35,1.2831,0.95,periodic,63,1024.00,5.021554
12464,1000,0.10,900,3,35,1.3358,0.95,periodic,64,962.00,2.678142
12465,1000,0.10,900,3,35,1.3667,0.95,periodic,65,988.00,6.736549
12466,1000,0.10,900,3,35,1.3246,0.95,periodic,66,937.00,3.344568
12467,1000,0.10,900,3,35,1.3173,0.95,periodic,67,946.00,2.417125
12468,1000,0.10,900,3,35,1.3813,0.95,periodic,68,967.00,1.535403
12469,1000,0.10,900,3,35,1.3173,0.95,periodic,69,1001.00,1.915624
12470,1000,0.10,900,3,35,1.3629,0.95,periodic,70,981.00,1.611083
12471,1000,0.10,900,3,35,1.3208,0.95,periodic,71,976.00,1.870456
12472,1000,0.10,900,3,35,1.3179,0.95,periodic,72,1044.00,1.471965
12473,1000,0.10,900,3,35,1.3270,0.95,periodic,73,950.00,1.408945
12474,1000,0.10,900,3,35,1.3323,0.95,periodic,74,970.00,3.361641
12475,1000,0.10,900,3,35,1.3159,0.95,periodic,75,1013.00,1.412780
12476,1000,0.10,900,3,35,1.3191,0.95,periodic,76,990.00,5.131654
12477,1000,0.10,900,3,35,1.3141,0.95,periodic,77,966.00,1.522879
12478,1000,0.10,900,3,35,1.2572,0.95,periodic,78,969.00,1.752834
12479,1000,0.10,900,3,35,1.2846,0.95,periodic,79,984.00,3.260595
12480,1000,0.10,900,3,35,1.3766,0.95,periodic,80,1009.00,2.465920
12481,1000,0.10,900,3,35,1.3691,0.95,periodic,81,955.00,5.199410
12482,1000,0.10,900,3,35,1.3335,0.95,periodic,82,994.00,2.209850
12483,1000,0.10,900,3,35,1.3351,0.95,periodic,83,949.00,1.515961
12484,1000,0.10,900,3,35,1.3709,0.95,periodic,84,956.00,2.212722
12485,1000,0.10,900,3,35,1.3221,0.95,periodic,85,957.00,4.721710
12486,1000,0.10,900,3,35,1.3887,0.95,periodic,86,987.00,2.736352
12487,1000,0.10,900,3,35,1.3621,0.95,periodic,87,970.00,3.808003
12488,1000,0.10,900,3,35,1.3420,0.95,periodic,88,1011.00,7.150059
12489,1000,0.10,900,3,35,1.3591,0.95,periodic,89,971.00,3.669239
12490,1000,0.10,900,3,35,1.3314,0.95,periodic,90,1010.00,1.684063
12491,1000,0.10,900,3,35,1.3799,0.95,periodic,91,979.00,1.582676
12492,1000,0.10,900,3,35,1.3351,0.95,periodic,92,972.00,3.187425
12493,1000,0.10,900,3,35,1.2922,0.95,periodic,93,990.00,2.467065
12494,1000,0.10,900,3,35,1.3546,0.95,periodic,94,972.00,3.887306
12495,1000,0.10,900,3,35,1.3502,0.95,periodic,95,986.00,1.466531
12496,1000,0.10,900,3,35,1.3367,0.95,periodic,96,992.00,1.599272
12497,1000,0.10,900,3,35,1.3568,0.95,periodic,97,968.00,2.538977
12498,1000,0.10,900,3,35,1.3166,0.95,periodic,98,920.00,1.869166
12499,1000,0.10,900,3,35,1.3689,0.95,periodic,99,925.00,2.439073
12500,1000,0.10,900,3,35,1.2915,1.00,periodic,0,989.00,1.636341
12501,1000,0.10,900,3,35,1.3063,1.00,periodic,1,946.00,3.247383
12502,1000,0.10,900,3,35,1.2900,1.00,periodic,2,985.00,2.296742
12503,1000,0.10,900,3,35,1.3526,1.00,periodic,3,977.00,2.174501
12504,1000,0.10,900,3,35,1.3353,1.00,periodic,4,940.00,2.591618
12505,1000,0.10,900,3,35,1.3606,1.00,periodic,5,951.00,2.976765
12506,1000,0.10,900,3,35,1.3074,1.00,periodic,6,959.00,6.248010
12507,1000,0.10,900,3,35,1.2998,1.00,periodic,7,970.00,2.003252
12508,1000,0.10,900,3,35,1.3609,1.00,periodic,8,974.00,6.316484
12509,1000,0.10,900,3,35,1.3140,1.00,periodic,9,973.00,1.591992
12510,1000,0.10,900,3,35,1.3216,1.00,periodic,10,947.00,2.685518
12511,1000,0.10,900,3,35,1.3095,1.00,periodic,11,949.00,3.332095
12512,1000,0.10,900,3,35,1.3294,1.00,periodic,12,994.00,1.688519
12513,1000,0.10,900,3,35,1.3520,1.00,periodic,13,977.00,2.026378
12514,1000,0.10,900,3,35,1.2868,1.00,periodic,14,991.00,2.066772
12515,1000,0.10,900,3,35,1.2853,1.00,periodic,15,931.00,2.011390
12516,1000,0.10,900,3,35,1.3191,1.00,periodic,16,995.00,2.262577
12517,1000,0.10,900,3,35,1.3023,1.00,periodic,17,990.00,1.609823
12518,1000,0.10,900,3,35,1.2903,1.00,periodic,18,962.00,1.543854
12519,1000,0.10,900,3,35,1.2832,1.00,periodic,19,993.00,5.205707
12520,1000,0.10,900,3,35,1.2868,1.00,periodic,20,983.00,1.541222
12521,1000,0.10,900,3,35,1.3399,1.00,periodic,21,1004.00,3.832638
12522,1000,0.10,900,3,35,1.3144,1.00,periodic,22,965.00,1.525656
12523,1000,0.10,900,3,35,1.3029,1.00,periodic,23,981.00,1.932012
12524,1000,0.10,900,3,35,1.3901,1.00,periodic,24,958.00,6.560698
12525,1000,0.10,900,3,35,1.3263,1.00,periodic,25,981.00,4.972855
12526,1000,0.10,900,3,35,1.3397,1.00,periodic,26,979.00,2.074164
12527,1000,0.10,900,3,35,1.3736,1.00,periodic,27,1004.00,1.968632
12528,1000,0.10,900,3,35,1.3573,1.00,periodic,28,971.00,2.990995
12529,1000,0.10,900,3,35,1.3107,1.00,periodic,29,957.00,2.092987
12530,1000,0.10,900,3,35,1.3257,1.00,periodic,30,945.00,1.729919
12531,1000,0.10,900,3,35,1.3433,1.00,periodic,31,984.00,4.479159
12532,1000,0.10,900,3,35,1.3379,1.00,periodic,32,963.00,1.824170
12533,1000,0.10,900,3,35,1.3406,1.00,periodic,33,953.00,2.904328
12534,1000,0.10,900,3,35,1.3213,1.00,periodic,34,970.00,1.527546
12535,1000,0.10,900,3,35,1.3408,1.00,periodic,35,939.00,1.877525
12536,1000,0.10,900,3,35,1.3401,1.00,periodic,36,966.00,2.336699
12537,1000,0.10,900,3,35,1.3942,1.00,periodic,37,968.00,2.000047
12538,1000,0.10,900,3,35,1.3365,1.00,periodic,38,996.00,2.241693
12539,1000,0.10,900,3,35,1.3244,1.00,periodic,39,990.00,3.580150
12540,1000,0.10,900,3,35,1.3379,1.00,periodic,40,952.00,2.295336
12541,1000,0.10,900,3,35,1.3365,1.00,periodic,41,977.00,3.086932
12542,1000,0.10,900,3,35,1.3162,1.00,periodic,42,1004.00,2.395151
12543,1000,0.10,900,3,35,1.3346,1.00,periodic,43,967.00,1.820266
12544,1000,0.10,900,3,35,1.3919,1.00,periodic,44,980.00,1.838379
12545,1000,0.10,900,3,35,1.2740,1.00,periodic,45,982.00,2.253806
12546,1000,0.10,900,3,35,1.3326,1.00,periodic,46,948.00,2.158973
12547,1000,0.10,900,3,35,1.2975,1.00,periodic,47,989.00,1.631428
12548,1000,0.10,900,3,35,1.3071,1.00,periodic,48,996.00,1.583404
12549,1000,0.10,900,3,35,1.3162,1.00,periodic,49,975.00,2.170450
12550,1000,0.10,900,3,35,1.3004,1.00,periodic,50,972.00,1.748036
12551,1000,0.10,900,3,35,1.3697,1.00,periodic,51,968.00,2.047458
12552,1000,0.10,900,3,35,1.3558,1.00,periodic,52,1000.00,2.137250
12553,1000,0.10,900,3,35,1.3042,1.00,periodic,53,958.00,2.253790
12554,1000,0.10,900,3,35,1.3644,1.00,periodic,54,986.00,2.720117
12555,1000,0.10,900,3,35,1.3342,1.00,periodic,55,990.00,2.426431
12556,1000,0.10,900,3,35,1.3766,1.00,periodic,56,993.00,5.210769
12557,1000,0.10,900,3,35,1.3558,1.00,periodic,57,960.00,2.198448
12558,1000,0.10,900,3,35,1.3189,1.00,periodic,58,1009.00,2.457335
12559,1000,0.10,900,3,35,1.3308,1.00,periodic,59,976.00,3.372552
12560,1000,0.10,900,3,35,1.3707,1.00,periodic,60,970.00,1.883752
12561,1000,0.10,900,3,35,1.3176,1.00,periodic,61,997.00,1.988172
12562,1000,0.10,900,3,35,1.3719,1.00,periodic,62,987.00,2.284925
12563,1000,0.10,900,3,35,1.3033,1.00,periodic,63,1028.00,1.905428
12564,1000,0.10,900,3,35,1.3338,1.00,periodic,64,1020.00,4.074650
12565,1000,0.10,900,3,35,1.3378,1.00,periodic,65,993.00,1.844748
12566,1000,0.10,900,3,35,1.3599,1.00,periodic,66,966.00,3.366282
12567,1000,0.10,900,3,35,1.3294,1.00,periodic,67,981.00,1.926492
12568,1000,0.10,900,3,35,1.3646,1.00,periodic,68,946.00,1.323433
12569,1000,0.10,900,3,35,1.2843,1.00,periodic,69,927.00,3.493374
12570,1000,0.10,900,3,35,1.3283,1.00,periodic,70,1011.00,1.728521
12571,1000,0.10,900,3,35,1.3434,1.00,periodic,71,982.00,3.937726
12572,1000,0.10,900,3,35,1.3569,1.00,periodic,72,954.00,1.624876
12573,1000,0.10,900,3,35,1.3604,1.00,periodic,73,996.00,2.537967
12574,1000,0.10,900,3,35,1.3086,1.00,periodic,74,959.00,4.773240
12575,1000,0.10,900,3,35,1.3105,1.00,periodic,75,952.00,11.437370
12576,1000,0.10,900,3,35,1.3457,1.00,periodic,76,976.00,1.972798
12577,1000,0.10,900,3,35,1.2789,1.00,periodic,77,973.00,1.892535
12578,1000,0.10,900,3,35,1.2836,1.00,periodic,78,998.00,2.925602
12579,1000,0.10,900,3,35,1.3179,1.00,periodic,79,965.00,2.445315
12580,1000,0.10,900,3,35,1.3250,1.00,periodic,80,974.00,4.572176
12581,1000,0.10,900,3,35,1.2917,1.00,periodic,81,1017.00,2.395141
12582,1000,0.10,900,3,35,1.3163,1.00,periodic,82,953.00,2.306392
12583,1000,0.10,900,3,35,1.2960,1.00,periodic,83,962.00,2.251133
12584,1000,0.10,900,3,35,1.3463,1.00,periodic,84,958.00,3.906891
12585,1000,0.10,900,3,35,1.2744,1.00,periodic,85,950.00,5.546279
12586,1000,0.10,900,3,35,1.3184,1.00,periodic,86,943.00,2.923334
12587,1000,0.10,900,3,35,1.3382,1.00,periodic,87,978.00,9.321323
12588,1000,0.10,900,3,35,1.3446,1.00,periodic,88,952.00,1.738024
12589,1000,0.10,900,3,35,1.2853,1.00,periodic,89,946.00,2.291732
12590,1000,0.10,900,3,35,1.2901,1.00,periodic,90,982.00,1.992278
12591,1000,0.10,900,3,35,1.3304,1.00,periodic,91,953.00,1.741010
12592,1000,0.10,900,3,35,1.2810,1.00,periodic,92,969.00,4.329025
12593,1000,0.10,900,3,35,1.2969,1.00,periodic,93,948.00,3.341165
12594,1000,0.10,900,3,35,1.3528,1.00,periodic,94,985.00,2.332227
12595,1000,0.10,900,3,35,1.3064,1.00,periodic,95,995.00,2.365124
12596,1000,0.10,900,3,35,1.3233,1.00,periodic,96,921.00,5.608705
12597,1000,0.10,900,3,35,1.2978,1.00,periodic,97,989.00,5.654680
12598,1000,0.10,900,3,35,1.3291,1.00,periodic,98,939.00,2.280094
12599,1000,0.10,900,3,35,1.3431,1.00,periodic,99,966.00,3.509494
