index,n,epsilon,d,m,k,t,t_multiplier,repeat,time_mu_s,model_error
0,1000,0.50,500,2,17,0.2500,0.5,0,290.00,0.772633
1,1000,0.50,500,2,17,0.2500,0.5,1,295.00,0.628086
2,1000,0.50,500,2,17,0.2500,0.5,2,290.00,0.584601
3,1000,0.50,500,2,17,0.2500,0.5,3,296.00,0.655644
4,1000,0.50,500,2,17,0.2500,0.5,4,303.00,0.168538
5,1000,0.50,500,2,17,0.2500,0.5,5,283.00,1.249311
6,1000,0.50,500,2,17,0.2500,0.5,6,293.00,0.832716
7,1000,0.50,500,2,17,0.2500,0.5,7,259.00,1.880162
8,1000,0.50,500,2,17,0.2500,0.5,8,263.00,4.766820
9,1000,0.50,500,2,17,0.2500,0.5,9,281.00,0.566072
10,1000,0.50,500,2,17,0.2500,0.5,10,267.00,1.790738
11,1000,0.50,500,2,17,0.2500,0.5,11,283.00,0.623146
12,1000,0.50,500,2,17,0.2500,0.5,12,285.00,0.323600
13,1000,0.50,500,2,17,0.2500,0.5,13,266.00,0.825470
14,1000,0.50,500,2,17,0.2500,0.5,14,290.00,0.371359
15,1000,0.50,500,2,17,0.2500,0.5,15,292.00,0.345188
16,1000,0.50,500,2,17,0.2500,0.5,16,290.00,0.362487
17,1000,0.50,500,2,17,0.2500,0.5,17,296.00,0.472184
18,1000,0.50,500,2,17,0.2500,0.5,18,274.00,1.768560
19,1000,0.50,500,2,17,0.2500,0.5,19,297.00,0.644213
20,1000,0.50,500,2,17,0.2500,0.5,20,274.00,0.659035
21,1000,0.50,500,2,17,0.2500,0.5,21,276.00,0.497226
22,1000,0.50,500,2,17,0.2500,0.5,22,281.00,0.289329
23,1000,0.50,500,2,17,0.2500,0.5,23,268.00,1.388237
24,1000,0.50,500,2,17,0.2500,0.5,24,296.00,0.361030
25,1000,0.50,500,2,17,0.2500,0.5,25,278.00,1.425294
26,1000,0.50,500,2,17,0.2500,0.5,26,273.00,0.284624
27,1000,0.50,500,2,17,0.2500,0.5,27,294.00,0.113192
28,1000,0.50,500,2,17,0.2500,0.5,28,275.00,0.526560
29,1000,0.50,500,2,17,0.2500,0.5,29,289.00,0.252526
30,1000,0.50,500,2,17,0.2500,0.5,30,300.00,0.079253
31,1000,0.50,500,2,17,0.2500,0.5,31,267.00,0.448522
32,1000,0.50,500,2,17,0.2500,0.5,32,284.00,0.517723
33,1000,0.50,500,2,17,0.2500,0.5,33,294.00,1.911947
34,1000,0.50,500,2,17,0.2500,0.5,34,287.00,0.382870
35,1000,0.50,500,2,17,0.2500,0.5,35,280.00,0.857732
36,1000,0.50,500,2,17,0.2500,0.5,36,301.00,0.289626
37,1000,0.50,500,2,17,0.2500,0.5,37,292.00,0.149023
38,1000,0.50,500,2,17,0.2500,0.5,38,292.00,0.577601
39,1000,0.50,500,2,17,0.2500,0.5,39,261.00,5.687340
40,1000,0.50,500,2,17,0.2500,0.5,40,297.00,0.075026
41,1000,0.50,500,2,17,0.2500,0.5,41,273.00,2.367036
42,1000,0.50,500,2,17,0.2500,0.5,42,285.00,0.843923
43,1000,0.50,500,2,17,0.2500,0.5,43,264.00,2.567382
44,1000,0.50,500,2,17,0.2500,0.5,44,283.00,1.383353
45,1000,0.50,500,2,17,0.2500,0.5,45,293.00,0.708468
46,1000,0.50,500,2,17,0.2500,0.5,46,291.00,0.778906
47,1000,0.50,500,2,17,0.2500,0.5,47,279.00,2.792959
48,1000,0.50,500,2,17,0.2500,0.5,48,289.00,0.176086
49,1000,0.50,500,2,17,0.2500,0.5,49,276.00,1.216182
50,1000,0.50,500,2,17,0.2500,0.5,50,297.00,0.255198
51,1000,0.50,500,2,17,0.2500,0.5,51,272.00,0.727373
52,1000,0.50,500,2,17,0.2500,0.5,52,275.00,1.750360
53,1000,0.50,500,2,17,0.2500,0.5,53,283.00,0.283686
54,1000,0.50,500,2,17,0.2500,0.5,54,267.00,2.100048
55,1000,0.50,500,2,17,0.2500,0.5,55,309.00,0.655450
56,1000,0.50,500,2,17,0.2500,0.5,56,275.00,0.309756
57,1000,0.50,500,2,17,0.2500,0.5,57,282.00,0.811432
58,1000,0.50,500,2,17,0.2500,0.5,58,299.00,0.918389
59,1000,0.50,500,2,17,0.2500,0.5,59,299.00,0.813826
60,1000,0.50,500,2,17,0.2500,0.5,60,287.00,0.601648
61,1000,0.50,500,2,17,0.2500,0.5,61,282.00,1.449925
62,1000,0.50,500,2,17,0.2500,0.5,62,272.00,1.119396
63,1000,0.50,500,2,17,0.2500,0.5,63,290.00,1.160612
64,1000,0.50,500,2,17,0.2500,0.5,64,306.00,0.188598
65,1000,0.50,500,2,17,0.2500,0.5,65,299.00,0.179626
66,1000,0.50,500,2,17,0.2500,0.5,66,288.00,1.845998
67,1000,0.50,500,2,17,0.2500,0.5,67,294.00,0.653714
68,1000,0.50,500,2,17,0.2500,0.5,68,288.00,0.786188
69,1000,0.50,500,2,17,0.2500,0.5,69,294.00,0.519838
70,1000,0.50,500,2,17,0.2500,0.5,70,277.00,0.899002
71,1000,0.50,500,2,17,0.2500,0.5,71,281.00,0.696108
72,1000,0.50,500,2,17,0.2500,0.5,72,287.00,0.311700
73,1000,0.50,500,2,17,0.2500,0.5,73,303.00,0.207514
74,1000,0.50,500,2,17,0.2500,0.5,74,288.00,1.119175
75,1000,0.50,500,2,17,0.2500,0.5,75,286.00,1.193650
76,1000,0.50,500,2,17,0.2500,0.5,76,280.00,1.641705
77,1000,0.50,500,2,17,0.2500,0.5,77,267.00,1.367647
78,1000,0.50,500,2,17,0.2500,0.5,78,299.00,0.661066
79,1000,0.50,500,2,17,0.2500,0.5,79,288.00,2.649812
80,1000,0.50,500,2,17,0.2500,0.5,80,321.00,0.257906
81,1000,0.50,500,2,17,0.2500,0.5,81,327.00,0.145298
82,1000,0.50,500,2,17,0.2500,0.5,82,329.00,0.257528
83,1000,0.50,500,2,17,0.2500,0.5,83,313.00,1.959483
84,1000,0.50,500,2,17,0.2500,0.5,84,290.00,0.183134
85,1000,0.50,500,2,17,0.2500,0.5,85,303.00,0.955731
86,1000,0.50,500,2,17,0.2500,0.5,86,277.00,0.890733
87,1000,0.50,500,2,17,0.2500,0.5,87,286.00,0.794737
88,1000,0.50,500,2,17,0.2500,0.5,88,282.00,1.706547
89,1000,0.50,500,2,17,0.2500,0.5,89,294.00,0.432933
90,1000,0.50,500,2,17,0.2500,0.5,90,310.00,1.581675
91,1000,0.50,500,2,17,0.2500,0.5,91,287.00,0.217396
92,1000,0.50,500,2,17,0.2500,0.5,92,306.00,0.507277
93,1000,0.50,500,2,17,0.2500,0.5,93,285.00,0.901400
94,1000,0.50,500,2,17,0.2500,0.5,94,287.00,0.988063
95,1000,0.50,500,2,17,0.2500,0.5,95,270.00,0.689764
96,1000,0.50,500,2,17,0.2500,0.5,96,290.00,0.804130
97,1000,0.50,500,2,17,0.2500,0.5,97,286.00,0.302266
98,1000,0.50,500,2,17,0.2500,0.5,98,282.00,0.928907
99,1000,0.50,500,2,17,0.2500,0.5,99,288.00,0.453790
100,1000,0.50,500,2,17,0.5000,1.0,0,365.00,0.698429
101,1000,0.50,500,2,17,0.5000,1.0,1,326.00,3.959102
102,1000,0.50,500,2,17,0.5000,1.0,2,340.00,0.124096
103,1000,0.50,500,2,17,0.5000,1.0,3,352.00,0.578937
104,1000,0.50,500,2,17,0.5000,1.0,4,336.00,0.497043
105,1000,0.50,500,2,17,0.5000,1.0,5,372.00,0.735801
106,1000,0.50,500,2,17,0.5000,1.0,6,341.00,0.391996
107,1000,0.50,500,2,17,0.5000,1.0,7,312.00,1.462702
108,1000,0.50,500,2,17,0.5000,1.0,8,345.00,0.213640
109,1000,0.50,500,2,17,0.5000,1.0,9,358.00,0.030154
110,1000,0.50,500,2,17,0.5000,1.0,10,350.00,1.051820
111,1000,0.50,500,2,17,0.5000,1.0,11,341.00,0.830520
112,1000,0.50,500,2,17,0.5000,1.0,12,345.00,1.784059
113,1000,0.50,500,2,17,0.5000,1.0,13,346.00,0.777706
114,1000,0.50,500,2,17,0.5000,1.0,14,323.00,3.912759
115,1000,0.50,500,2,17,0.5000,1.0,15,350.00,0.258854
116,1000,0.50,500,2,17,0.5000,1.0,16,303.00,1.129771
117,1000,0.50,500,2,17,0.5000,1.0,17,345.00,0.133669
118,1000,0.50,500,2,17,0.5000,1.0,18,323.00,0.745802
119,1000,0.50,500,2,17,0.5000,1.0,19,358.00,0.625630
120,1000,0.50,500,2,17,0.5000,1.0,20,315.00,3.064996
121,1000,0.50,500,2,17,0.5000,1.0,21,354.00,0.301408
122,1000,0.50,500,2,17,0.5000,1.0,22,341.00,0.760018
123,1000,0.50,500,2,17,0.5000,1.0,23,317.00,0.684340
124,1000,0.50,500,2,17,0.5000,1.0,24,365.00,0.293592
125,1000,0.50,500,2,17,0.5000,1.0,25,334.00,2.367955
126,1000,0.50,500,2,17,0.5000,1.0,26,367.00,0.132824
127,1000,0.50,500,2,17,0.5000,1.0,27,357.00,0.570547
128,1000,0.50,500,2,17,0.5000,1.0,28,312.00,0.915342
129,1000,0.50,500,2,17,0.5000,1.0,29,319.00,0.796577
130,1000,0.50,500,2,17,0.5000,1.0,30,332.00,0.149040
131,1000,0.50,500,2,17,0.5000,1.0,31,311.00,0.676901
132,1000,0.50,500,2,17,0.5000,1.0,32,317.00,0.359926
133,1000,0.50,500,2,17,0.5000,1.0,33,324.00,1.962196
134,1000,0.50,500,2,17,0.5000,1.0,34,335.00,0.222337
135,1000,0.50,500,2,17,0.5000,1.0,35,342.00,2.056395
136,1000,0.50,500,2,17,0.5000,1.0,36,317.00,0.169885
137,1000,0.50,500,2,17,0.5000,1.0,37,322.00,0.142340
138,1000,0.50,500,2,17,0.5000,1.0,38,347.00,0.196063
139,1000,0.50,500,2,17,0.5000,1.0,39,334.00,0.058357
140,1000,0.50,500,2,17,0.5000,1.0,40,322.00,1.796294
141,1000,0.50,500,2,17,0.5000,1.0,41,327.00,1.607495
142,1000,0.50,500,2,17,0.5000,1.0,42,341.00,1.031148
143,1000,0.50,500,2,17,0.5000,1.0,43,338.00,0.082519
144,1000,0.50,500,2,17,0.5000,1.0,44,357.00,0.169785
145,1000,0.50,500,2,17,0.5000,1.0,45,329.00,3.840444
146,1000,0.50,500,2,17,0.5000,1.0,46,345.00,0.073141
147,1000,0.50,500,2,17,0.5000,1.0,47,303.00,0.841001
148,1000,0.50,500,2,17,0.5000,1.0,48,337.00,1.256811
149,1000,0.50,500,2,17,0.5000,1.0,49,326.00,0.277271
150,1000,0.50,500,2,17,0.5000,1.0,50,341.00,0.098704
151,1000,0.50,500,2,17,0.5000,1.0,51,324.00,0.764115
152,1000,0.50,500,2,17,0.5000,1.0,52,353.00,1.890207
153,1000,0.50,500,2,17,0.5000,1.0,53,349.00,0.100585
154,1000,0.50,500,2,17,0.5000,1.0,54,306.00,0.868728
155,1000,0.50,500,2,17,0.5000,1.0,55,349.00,4.315428
156,1000,0.50,500,2,17,0.5000,1.0,56,354.00,0.251138
157,1000,0.50,500,2,17,0.5000,1.0,57,346.00,0.219878
158,1000,0.50,500,2,17,0.5000,1.0,58,324.00,3.032692
159,1000,0.50,500,2,17,0.5000,1.0,59,380.00,0.660494
160,1000,0.50,500,2,17,0.5000,1.0,60,328.00,1.292512
161,1000,0.50,500,2,17,0.5000,1.0,61,358.00,0.741473
162,1000,0.50,500,2,17,0.5000,1.0,62,361.00,0.366847
163,1000,0.50,500,2,17,0.5000,1.0,63,362.00,0.054849
164,1000,0.50,500,2,17,0.5000,1.0,64,329.00,2.430431
165,1000,0.50,500,2,17,0.5000,1.0,65,345.00,0.976743
166,1000,0.50,500,2,17,0.5000,1.0,66,324.00,3.580996
167,1000,0.50,500,2,17,0.5000,1.0,67,365.00,3.469627
168,1000,0.50,500,2,17,0.5000,1.0,68,359.00,1.838740
169,1000,0.50,500,2,17,0.5000,1.0,69,349.00,2.022812
170,1000,0.50,500,2,17,0.5000,1.0,70,323.00,0.065763
171,1000,0.50,500,2,17,0.5000,1.0,71,318.00,1.677855
172,1000,0.50,500,2,17,0.5000,1.0,72,364.00,0.635273
173,1000,0.50,500,2,17,0.5000,1.0,73,333.00,0.445452
174,1000,0.50,500,2,17,0.5000,1.0,74,355.00,1.072679
175,1000,0.50,500,2,17,0.5000,1.0,75,336.00,0.612205
176,1000,0.50,500,2,17,0.5000,1.0,76,345.00,0.936424
177,1000,0.50,500,2,17,0.5000,1.0,77,330.00,0.365588
178,1000,0.50,500,2,17,0.5000,1.0,78,367.00,0.218915
179,1000,0.50,500,2,17,0.5000,1.0,79,379.00,0.425588
180,1000,0.50,500,2,17,0.5000,1.0,80,346.00,0.184483
181,1000,0.50,500,2,17,0.5000,1.0,81,331.00,0.340888
182,1000,0.50,500,2,17,0.5000,1.0,82,369.00,0.390323
183,1000,0.50,500,2,17,0.5000,1.0,83,353.00,0.304301
184,1000,0.50,500,2,17,0.5000,1.0,84,343.00,1.459677
185,1000,0.50,500,2,17,0.5000,1.0,85,349.00,0.344600
186,1000,0.50,500,2,17,0.5000,1.0,86,362.00,0.131698
187,1000,0.50,500,2,17,0.5000,1.0,87,348.00,0.798417
188,1000,0.50,500,2,17,0.5000,1.0,88,316.00,0.181693
189,1000,0.50,500,2,17,0.5000,1.0,89,363.00,0.181707
190,1000,0.50,500,2,17,0.5000,1.0,90,346.00,0.273335
191,1000,0.50,500,2,17,0.5000,1.0,91,355.00,0.294444
192,1000,0.50,500,2,17,0.5000,1.0,92,355.00,0.163087
193,1000,0.50,500,2,17,0.5000,1.0,93,350.00,0.394936
194,1000,0.50,500,2,17,0.5000,1.0,94,353.00,1.484011
195,1000,0.50,500,2,17,0.5000,1.0,95,328.00,0.389142
196,1000,0.50,500,2,17,0.5000,1.0,96,356.00,0.949473
197,1000,0.50,500,2,17,0.5000,1.0,97,361.00,0.644107
198,1000,0.50,500,2,17,0.5000,1.0,98,345.00,2.126927
199,1000,0.50,500,2,17,0.5000,1.0,99,357.00,0.130580
200,1000,0.50,500,2,17,0.7500,1.5,0,329.00,0.735649
201,1000,0.50,500,2,17,0.7500,1.5,1,349.00,0.213782
202,1000,0.50,500,2,17,0.7500,1.5,2,372.00,0.053119
203,1000,0.50,500,2,17,0.7500,1.5,3,356.00,1.338799
204,1000,0.50,500,2,17,0.7500,1.5,4,385.00,0.069207
205,1000,0.50,500,2,17,0.7500,1.5,5,373.00,0.323662
206,1000,0.50,500,2,17,0.7500,1.5,6,356.00,0.591389
207,1000,0.50,500,2,17,0.7500,1.5,7,376.00,2.623175
208,1000,0.50,500,2,17,0.7500,1.5,8,401.00,0.194512
209,1000,0.50,500,2,17,0.7500,1.5,9,356.00,1.119169
210,1000,0.50,500,2,17,0.7500,1.5,10,371.00,0.547451
211,1000,0.50,500,2,17,0.7500,1.5,11,354.00,1.228897
212,1000,0.50,500,2,17,0.7500,1.5,12,350.00,4.732697
213,1000,0.50,500,2,17,0.7500,1.5,13,348.00,0.086614
214,1000,0.50,500,2,17,0.7500,1.5,14,358.00,0.210788
215,1000,0.50,500,2,17,0.7500,1.5,15,343.00,0.301041
216,1000,0.50,500,2,17,0.7500,1.5,16,375.00,0.557206
217,1000,0.50,500,2,17,0.7500,1.5,17,363.00,0.453793
218,1000,0.50,500,2,17,0.7500,1.5,18,356.00,0.346920
219,1000,0.50,500,2,17,0.7500,1.5,19,351.00,1.409218
220,1000,0.50,500,2,17,0.7500,1.5,20,368.00,1.368666
221,1000,0.50,500,2,17,0.7500,1.5,21,354.00,0.347242
222,1000,0.50,500,2,17,0.7500,1.5,22,380.00,0.140006
223,1000,0.50,500,2,17,0.7500,1.5,23,363.00,0.333094
224,1000,0.50,500,2,17,0.7500,1.5,24,363.00,0.028787
225,1000,0.50,500,2,17,0.7500,1.5,25,394.00,0.451991
226,1000,0.50,500,2,17,0.7500,1.5,26,370.00,0.176338
227,1000,0.50,500,2,17,0.7500,1.5,27,377.00,0.410367
228,1000,0.50,500,2,17,0.7500,1.5,28,355.00,0.127004
229,1000,0.50,500,2,17,0.7500,1.5,29,370.00,0.099755
230,1000,0.50,500,2,17,0.7500,1.5,30,363.00,0.069247
231,1000,0.50,500,2,17,0.7500,1.5,31,374.00,1.185725
232,1000,0.50,500,2,17,0.7500,1.5,32,333.00,0.152592
233,1000,0.50,500,2,17,0.7500,1.5,33,352.00,1.311304
234,1000,0.50,500,2,17,0.7500,1.5,34,374.00,0.228681
235,1000,0.50,500,2,17,0.7500,1.5,35,336.00,1.262322
236,1000,0.50,500,2,17,0.7500,1.5,36,333.00,0.380598
237,1000,0.50,500,2,17,0.7500,1.5,37,364.00,0.526803
238,1000,0.50,500,2,17,0.7500,1.5,38,326.00,0.021026
239,1000,0.50,500,2,17,0.7500,1.5,39,331.00,0.341337
240,1000,0.50,500,2,17,0.7500,1.5,40,361.00,0.146444
241,1000,0.50,500,2,17,0.7500,1.5,41,329.00,0.301871
242,1000,0.50,500,2,17,0.7500,1.5,42,323.00,0.137418
243,1000,0.50,500,2,17,0.7500,1.5,43,326.00,0.419955
244,1000,0.50,500,2,17,0.7500,1.5,44,347.00,0.368983
245,1000,0.50,500,2,17,0.7500,1.5,45,334.00,0.173881
246,1000,0.50,500,2,17,0.7500,1.5,46,351.00,1.219292
247,1000,0.50,500,2,17,0.7500,1.5,47,351.00,0.955224
248,1000,0.50,500,2,17,0.7500,1.5,48,350.00,0.145945
249,1000,0.50,500,2,17,0.7500,1.5,49,336.00,0.157331
250,1000,0.50,500,2,17,0.7500,1.5,50,348.00,3.685987
251,1000,0.50,500,2,17,0.7500,1.5,51,324.00,1.695637
252,1000,0.50,500,2,17,0.7500,1.5,52,341.00,0.636419
253,1000,0.50,500,2,17,0.7500,1.5,53,354.00,0.123402
254,1000,0.50,500,2,17,0.7500,1.5,54,341.00,0.035404
255,1000,0.50,500,2,17,0.7500,1.5,55,316.00,0.463696
256,1000,0.50,500,2,17,0.7500,1.5,56,363.00,0.022884
257,1000,0.50,500,2,17,0.7500,1.5,57,337.00,0.597436
258,1000,0.50,500,2,17,0.7500,1.5,58,355.00,0.335940
259,1000,0.50,500,2,17,0.7500,1.5,59,351.00,0.281950
260,1000,0.50,500,2,17,0.7500,1.5,60,307.00,0.564915
261,1000,0.50,500,2,17,0.7500,1.5,61,323.00,0.253852
262,1000,0.50,500,2,17,0.7500,1.5,62,343.00,0.137803
263,1000,0.50,500,2,17,0.7500,1.5,63,370.00,0.367826
264,1000,0.50,500,2,17,0.7500,1.5,64,359.00,0.094636
265,1000,0.50,500,2,17,0.7500,1.5,65,351.00,0.582242
266,1000,0.50,500,2,17,0.7500,1.5,66,318.00,0.114332
267,1000,0.50,500,2,17,0.7500,1.5,67,338.00,2.368351
268,1000,0.50,500,2,17,0.7500,1.5,68,330.00,0.246412
269,1000,0.50,500,2,17,0.7500,1.5,69,350.00,0.175063
270,1000,0.50,500,2,17,0.7500,1.5,70,327.00,0.403538
271,1000,0.50,500,2,17,0.7500,1.5,71,339.00,0.382445
272,1000,0.50,500,2,17,0.7500,1.5,72,364.00,0.578767
273,1000,0.50,500,2,17,0.7500,1.5,73,352.00,0.048176
274,1000,0.50,500,2,17,0.7500,1.5,74,315.00,0.561285
275,1000,0.50,500,2,17,0.7500,1.5,75,362.00,0.106687
276,1000,0.50,500,2,17,0.7500,1.5,76,345.00,1.961910
277,1000,0.50,500,2,17,0.7500,1.5,77,345.00,0.944816
278,1000,0.50,500,2,17,0.7500,1.5,78,356.00,0.251765
279,1000,0.50,500,2,17,0.7500,1.5,79,355.00,0.168179
280,1000,0.50,500,2,17,0.7500,1.5,80,319.00,0.064381
281,1000,0.50,500,2,17,0.7500,1.5,81,342.00,0.252921
282,1000,0.50,500,2,17,0.7500,1.5,82,335.00,0.798361
283,1000,0.50,500,2,17,0.7500,1.5,83,342.00,0.097430
284,1000,0.50,500,2,17,0.7500,1.5,84,328.00,0.240465
285,1000,0.50,500,2,17,0.7500,1.5,85,337.00,0.561851
286,1000,0.50,500,2,17,0.7500,1.5,86,359.00,0.725183
287,1000,0.50,500,2,17,0.7500,1.5,87,325.00,0.279472
288,1000,0.50,500,2,17,0.7500,1.5,88,334.00,0.254277
289,1000,0.50,500,2,17,0.7500,1.5,89,325.00,1.959165
290,1000,0.50,500,2,17,0.7500,1.5,90,327.00,0.260972
291,1000,0.50,500,2,17,0.7500,1.5,91,334.00,0.775965
292,1000,0.50,500,2,17,0.7500,1.5,92,352.00,0.610991
293,1000,0.50,500,2,17,0.7500,1.5,93,342.00,0.231983
294,1000,0.50,500,2,17,0.7500,1.5,94,334.00,0.746094
295,1000,0.50,500,2,17,0.7500,1.5,95,328.00,1.019542
296,1000,0.50,500,2,17,0.7500,1.5,96,329.00,1.078061
297,1000,0.50,500,2,17,0.7500,1.5,97,331.00,0.806069
298,1000,0.50,500,2,17,0.7500,1.5,98,336.00,0.146771
299,1000,0.50,500,2,17,0.7500,1.5,99,342.00,0.041423
300,1000,0.50,500,2,17,1.0000,2.0,0,374.00,0.858219
301,1000,0.50,500,2,17,1.0000,2.0,1,375.00,0.172357
302,1000,0.50,500,2,17,1.0000,2.0,2,358.00,0.937649
303,1000,0.50,500,2,17,1.0000,2.0,3,387.00,0.367401
304,1000,0.50,500,2,17,1.0000,2.0,4,343.00,0.704187
305,1000,0.50,500,2,17,1.0000,2.0,5,328.00,0.388600
306,1000,0.50,500,2,17,1.0000,2.0,6,381.00,0.612810
307,1000,0.50,500,2,17,1.0000,2.0,7,365.00,0.405657
308,1000,0.50,500,2,17,1.0000,2.0,8,412.00,0.122660
309,1000,0.50,500,2,17,1.0000,2.0,9,387.00,0.569327
310,1000,0.50,500,2,17,1.0000,2.0,10,364.00,0.035343
311,1000,0.50,500,2,17,1.0000,2.0,11,351.00,0.201097
312,1000,0.50,500,2,17,1.0000,2.0,12,364.00,0.081763
313,1000,0.50,500,2,17,1.0000,2.0,13,345.00,0.123388
314,1000,0.50,500,2,17,1.0000,2.0,14,352.00,0.021200
315,1000,0.50,500,2,17,1.0000,2.0,15,346.00,0.119348
316,1000,0.50,500,2,17,1.0000,2.0,16,368.00,2.014803
317,1000,0.50,500,2,17,1.0000,2.0,17,398.00,0.475990
318,1000,0.50,500,2,17,1.0000,2.0,18,334.00,0.317884
319,1000,0.50,500,2,17,1.0000,2.0,19,359.00,0.490067
320,1000,0.50,500,2,17,1.0000,2.0,20,337.00,0.229929
321,1000,0.50,500,2,17,1.0000,2.0,21,337.00,0.798899
322,1000,0.50,500,2,17,1.0000,2.0,22,357.00,0.387803
323,1000,0.50,500,2,17,1.0000,2.0,23,359.00,0.019548
324,1000,0.50,500,2,17,1.0000,2.0,24,341.00,0.077934
325,1000,0.50,500,2,17,1.0000,2.0,25,388.00,0.070687
326,1000,0.50,500,2,17,1.0000,2.0,26,354.00,0.141386
327,1000,0.50,500,2,17,1.0000,2.0,27,361.00,1.498209
328,1000,0.50,500,2,17,1.0000,2.0,28,385.00,1.197262
329,1000,0.50,500,2,17,1.0000,2.0,29,367.00,0.788674
330,1000,0.50,500,2,17,1.0000,2.0,30,324.00,0.069836
331,1000,0.50,500,2,17,1.0000,2.0,31,344.00,0.717944
332,1000,0.50,500,2,17,1.0000,2.0,32,391.00,0.222204
333,1000,0.50,500,2,17,1.0000,2.0,33,377.00,0.332131
334,1000,0.50,500,2,17,1.0000,2.0,34,378.00,0.401981
335,1000,0.50,500,2,17,1.0000,2.0,35,360.00,0.108148
336,1000,0.50,500,2,17,1.0000,2.0,36,333.00,0.027271
337,1000,0.50,500,2,17,1.0000,2.0,37,362.00,1.242681
338,1000,0.50,500,2,17,1.0000,2.0,38,363.00,0.167545
339,1000,0.50,500,2,17,1.0000,2.0,39,366.00,0.423312
340,1000,0.50,500,2,17,1.0000,2.0,40,376.00,0.695884
341,1000,0.50,500,2,17,1.0000,2.0,41,355.00,0.879481
342,1000,0.50,500,2,17,1.0000,2.0,42,361.00,0.183075
343,1000,0.50,500,2,17,1.0000,2.0,43,380.00,0.795259
344,1000,0.50,500,2,17,1.0000,2.0,44,381.00,0.452855
345,1000,0.50,500,2,17,1.0000,2.0,45,343.00,1.193988
346,1000,0.50,500,2,17,1.0000,2.0,46,347.00,0.280226
347,1000,0.50,500,2,17,1.0000,2.0,47,380.00,0.626667
348,1000,0.50,500,2,17,1.0000,2.0,48,316.00,0.287696
349,1000,0.50,500,2,17,1.0000,2.0,49,363.00,0.360653
350,1000,0.50,500,2,17,1.0000,2.0,50,361.00,0.348577
351,1000,0.50,500,2,17,1.0000,2.0,51,393.00,0.534955
352,1000,0.50,500,2,17,1.0000,2.0,52,368.00,0.402755
353,1000,0.50,500,2,17,1.0000,2.0,53,412.00,1.067300
354,1000,0.50,500,2,17,1.0000,2.0,54,356.00,0.253126
355,1000,0.50,500,2,17,1.0000,2.0,55,366.00,0.358110
356,1000,0.50,500,2,17,1.0000,2.0,56,384.00,0.791097
357,1000,0.50,500,2,17,1.0000,2.0,57,339.00,0.157515
358,1000,0.50,500,2,17,1.0000,2.0,58,356.00,0.388858
359,1000,0.50,500,2,17,1.0000,2.0,59,333.00,0.188348
360,1000,0.50,500,2,17,1.0000,2.0,60,354.00,0.077348
361,1000,0.50,500,2,17,1.0000,2.0,61,353.00,1.448581
362,1000,0.50,500,2,17,1.0000,2.0,62,345.00,0.472501
363,1000,0.50,500,2,17,1.0000,2.0,63,363.00,0.045101
364,1000,0.50,500,2,17,1.0000,2.0,64,362.00,0.134191
365,1000,0.50,500,2,17,1.0000,2.0,65,342.00,0.087410
366,1000,0.50,500,2,17,1.0000,2.0,66,373.00,0.083041
367,1000,0.50,500,2,17,1.0000,2.0,67,364.00,0.820418
368,1000,0.50,500,2,17,1.0000,2.0,68,423.00,0.653978
369,1000,0.50,500,2,17,1.0000,2.0,69,363.00,0.145843
370,1000,0.50,500,2,17,1.0000,2.0,70,380.00,0.539113
371,1000,0.50,500,2,17,1.0000,2.0,71,372.00,0.784643
372,1000,0.50,500,2,17,1.0000,2.0,72,358.00,0.065428
373,1000,0.50,500,2,17,1.0000,2.0,73,368.00,0.267145
374,1000,0.50,500,2,17,1.0000,2.0,74,363.00,0.355437
375,1000,0.50,500,2,17,1.0000,2.0,75,386.00,0.611669
376,1000,0.50,500,2,17,1.0000,2.0,76,393.00,3.323777
377,1000,0.50,500,2,17,1.0000,2.0,77,379.00,1.175497
378,1000,0.50,500,2,17,1.0000,2.0,78,328.00,0.226216
379,1000,0.50,500,2,17,1.0000,2.0,79,367.00,0.469075
380,1000,0.50,500,2,17,1.0000,2.0,80,326.00,0.007967
381,1000,0.50,500,2,17,1.0000,2.0,81,343.00,0.417299
382,1000,0.50,500,2,17,1.0000,2.0,82,363.00,0.243317
383,1000,0.50,500,2,17,1.0000,2.0,83,374.00,3.273524
384,1000,0.50,500,2,17,1.0000,2.0,84,172.00,0.240192
385,1000,0.50,500,2,17,1.0000,2.0,85,339.00,0.834200
386,1000,0.50,500,2,17,1.0000,2.0,86,372.00,0.764695
387,1000,0.50,500,2,17,1.0000,2.0,87,355.00,0.328225
388,1000,0.50,500,2,17,1.0000,2.0,88,38.00,0.231455
389,1000,0.50,500,2,17,1.0000,2.0,89,382.00,0.642047
390,1000,0.50,500,2,17,1.0000,2.0,90,382.00,1.523172
391,1000,0.50,500,2,17,1.0000,2.0,91,365.00,0.098675
392,1000,0.50,500,2,17,1.0000,2.0,92,402.00,0.324932
393,1000,0.50,500,2,17,1.0000,2.0,93,339.00,0.151729
394,1000,0.50,500,2,17,1.0000,2.0,94,349.00,0.170682
395,1000,0.50,500,2,17,1.0000,2.0,95,363.00,0.216769
396,1000,0.50,500,2,17,1.0000,2.0,96,355.00,0.525824
397,1000,0.50,500,2,17,1.0000,2.0,97,337.00,0.842206
398,1000,0.50,500,2,17,1.0000,2.0,98,375.00,0.599917
399,1000,0.50,500,2,17,1.0000,2.0,99,377.00,0.193413
400,1000,0.50,500,2,17,1.2500,2.5,0,255.00,0.450500
401,1000,0.50,500,2,17,1.2500,2.5,1,364.00,0.263858
402,1000,0.50,500,2,17,1.2500,2.5,2,388.00,1.182474
403,1000,0.50,500,2,17,1.2500,2.5,3,433.00,3.779826
404,1000,0.50,500,2,17,1.2500,2.5,4,246.00,0.464546
405,1000,0.50,500,2,17,1.2500,2.5,5,372.00,1.000912
406,1000,0.50,500,2,17,1.2500,2.5,6,418.00,3.841872
407,1000,0.50,500,2,17,1.2500,2.5,7,186.00,0.795274
408,1000,0.50,500,2,17,1.2500,2.5,8,415.00,0.792659
409,1000,0.50,500,2,17,1.2500,2.5,9,115.00,0.203029
410,1000,0.50,500,2,17,1.2500,2.5,10,135.00,0.244974
411,1000,0.50,500,2,17,1.2500,2.5,11,400.00,0.067390
412,1000,0.50,500,2,17,1.2500,2.5,12,158.00,0.203473
413,1000,0.50,500,2,17,1.2500,2.5,13,130.00,0.482765
414,1000,0.50,500,2,17,1.2500,2.5,14,168.00,0.097649
415,1000,0.50,500,2,17,1.2500,2.5,15,373.00,0.135115
416,1000,0.50,500,2,17,1.2500,2.5,16,386.00,0.036480
417,1000,0.50,500,2,17,1.2500,2.5,17,66.00,0.120449
418,1000,0.50,500,2,17,1.2500,2.5,18,358.00,1.339012
419,1000,0.50,500,2,17,1.2500,2.5,19,154.00,0.528328
420,1000,0.50,500,2,17,1.2500,2.5,20,113.00,0.339669
421,1000,0.50,500,2,17,1.2500,2.5,21,380.00,0.197425
422,1000,0.50,500,2,17,1.2500,2.5,22,67.00,0.119327
423,1000,0.50,500,2,17,1.2500,2.5,23,368.00,0.124474
424,1000,0.50,500,2,17,1.2500,2.5,24,122.00,0.205256
425,1000,0.50,500,2,17,1.2500,2.5,25,382.00,2.984202
426,1000,0.50,500,2,17,1.2500,2.5,26,103.00,0.169340
427,1000,0.50,500,2,17,1.2500,2.5,27,347.00,1.252737
428,1000,0.50,500,2,17,1.2500,2.5,28,41.00,0.137674
429,1000,0.50,500,2,17,1.2500,2.5,29,268.00,0.816277
430,1000,0.50,500,2,17,1.2500,2.5,30,81.00,0.471624
431,1000,0.50,500,2,17,1.2500,2.5,31,372.00,0.076159
432,1000,0.50,500,2,17,1.2500,2.5,32,383.00,0.166318
433,1000,0.50,500,2,17,1.2500,2.5,33,75.00,0.607197
434,1000,0.50,500,2,17,1.2500,2.5,34,236.00,0.130280
435,1000,0.50,500,2,17,1.2500,2.5,35,370.00,0.667097
436,1000,0.50,500,2,17,1.2500,2.5,36,251.00,0.298728
437,1000,0.50,500,2,17,1.2500,2.5,37,271.00,0.276800
438,1000,0.50,500,2,17,1.2500,2.5,38,302.00,0.599973
439,1000,0.50,500,2,17,1.2500,2.5,39,146.00,0.353475
440,1000,0.50,500,2,17,1.2500,2.5,40,170.00,0.080058
441,1000,0.50,500,2,17,1.2500,2.5,41,446.00,0.245916
442,1000,0.50,500,2,17,1.2500,2.5,42,276.00,0.241875
443,1000,0.50,500,2,17,1.2500,2.5,43,90.00,1.329911
444,1000,0.50,500,2,17,1.2500,2.5,44,113.00,0.467026
445,1000,0.50,500,2,17,1.2500,2.5,45,261.00,1.252092
446,1000,0.50,500,2,17,1.2500,2.5,46,37.00,0.089020
447,1000,0.50,500,2,17,1.2500,2.5,47,367.00,0.184380
448,1000,0.50,500,2,17,1.2500,2.5,48,73.00,0.818412
449,1000,0.50,500,2,17,1.2500,2.5,49,386.00,4.278927
450,1000,0.50,500,2,17,1.2500,2.5,50,74.00,0.846516
451,1000,0.50,500,2,17,1.2500,2.5,51,260.00,0.548316
452,1000,0.50,500,2,17,1.2500,2.5,52,434.00,1.969640
453,1000,0.50,500,2,17,1.2500,2.5,53,77.00,0.329945
454,1000,0.50,500,2,17,1.2500,2.5,54,166.00,0.343952
455,1000,0.50,500,2,17,1.2500,2.5,55,73.00,0.403906
456,1000,0.50,500,2,17,1.2500,2.5,56,377.00,0.312570
457,1000,0.50,500,2,17,1.2500,2.5,57,129.00,0.671174
458,1000,0.50,500,2,17,1.2500,2.5,58,379.00,2.526205
459,1000,0.50,500,2,17,1.2500,2.5,59,205.00,0.523503
460,1000,0.50,500,2,17,1.2500,2.5,60,380.00,0.538900
461,1000,0.50,500,2,17,1.2500,2.5,61,147.00,0.167805
462,1000,0.50,500,2,17,1.2500,2.5,62,213.00,0.308844
463,1000,0.50,500,2,17,1.2500,2.5,63,84.00,0.925845
464,1000,0.50,500,2,17,1.2500,2.5,64,289.00,0.525579
465,1000,0.50,500,2,17,1.2500,2.5,65,137.00,0.238586
466,1000,0.50,500,2,17,1.2500,2.5,66,406.00,0.715583
467,1000,0.50,500,2,17,1.2500,2.5,67,385.00,0.306267
468,1000,0.50,500,2,17,1.2500,2.5,68,236.00,1.714348
469,1000,0.50,500,2,17,1.2500,2.5,69,191.00,1.000401
470,1000,0.50,500,2,17,1.2500,2.5,70,400.00,0.895836
471,1000,0.50,500,2,17,1.2500,2.5,71,355.00,0.256847
472,1000,0.50,500,2,17,1.2500,2.5,72,49.00,0.477983
473,1000,0.50,500,2,17,1.2500,2.5,73,182.00,0.439547
474,1000,0.50,500,2,17,1.2500,2.5,74,210.00,0.361615
475,1000,0.50,500,2,17,1.2500,2.5,75,81.00,0.275276
476,1000,0.50,500,2,17,1.2500,2.5,76,365.00,0.307239
477,1000,0.50,500,2,17,1.2500,2.5,77,264.00,0.399864
478,1000,0.50,500,2,17,1.2500,2.5,78,126.00,1.389866
479,1000,0.50,500,2,17,1.2500,2.5,79,176.00,0.348053
480,1000,0.50,500,2,17,1.2500,2.5,80,230.00,0.196431
481,1000,0.50,500,2,17,1.2500,2.5,81,97.00,0.334939
482,1000,0.50,500,2,17,1.2500,2.5,82,333.00,0.408137
483,1000,0.50,500,2,17,1.2500,2.5,83,62.00,0.383778
484,1000,0.50,500,2,17,1.2500,2.5,84,351.00,1.589833
485,1000,0.50,500,2,17,1.2500,2.5,85,407.00,1.987730
486,1000,0.50,500,2,17,1.2500,2.5,86,103.00,0.427090
487,1000,0.50,500,2,17,1.2500,2.5,87,37.00,0.331456
488,1000,0.50,500,2,17,1.2500,2.5,88,49.00,0.425152
489,1000,0.50,500,2,17,1.2500,2.5,89,109.00,0.325065
490,1000,0.50,500,2,17,1.2500,2.5,90,392.00,3.875880
491,1000,0.50,500,2,17,1.2500,2.5,91,453.00,3.022214
492,1000,0.50,500,2,17,1.2500,2.5,92,217.00,0.283720
493,1000,0.50,500,2,17,1.2500,2.5,93,105.00,0.529148
494,1000,0.50,500,2,17,1.2500,2.5,94,44.00,0.388355
495,1000,0.50,500,2,17,1.2500,2.5,95,72.00,0.167155
496,1000,0.50,500,2,17,1.2500,2.5,96,165.00,0.303626
497,1000,0.50,500,2,17,1.2500,2.5,97,184.00,0.230357
498,1000,0.50,500,2,17,1.2500,2.5,98,337.00,0.499533
499,1000,0.50,500,2,17,1.2500,2.5,99,109.00,1.849947
500,1000,0.50,500,2,17,1.5000,3.0,0,78.00,0.762915
501,1000,0.50,500,2,17,1.5000,3.0,1,69.00,1.215563
502,1000,0.50,500,2,17,1.5000,3.0,2,72.00,0.559816
503,1000,0.50,500,2,17,1.5000,3.0,3,152.00,0.329351
504,1000,0.50,500,2,17,1.5000,3.0,4,289.00,1.299305
505,1000,0.50,500,2,17,1.5000,3.0,5,58.00,0.361002
506,1000,0.50,500,2,17,1.5000,3.0,6,75.00,0.399076
507,1000,0.50,500,2,17,1.5000,3.0,7,420.00,3.416820
508,1000,0.50,500,2,17,1.5000,3.0,8,48.00,0.269507
509,1000,0.50,500,2,17,1.5000,3.0,9,40.00,0.110563
510,1000,0.50,500,2,17,1.5000,3.0,10,188.00,1.956995
511,1000,0.50,500,2,17,1.5000,3.0,11,108.00,0.438036
512,1000,0.50,500,2,17,1.5000,3.0,12,467.00,2.407605
513,1000,0.50,500,2,17,1.5000,3.0,13,152.00,0.996194
514,1000,0.50,500,2,17,1.5000,3.0,14,141.00,0.746054
515,1000,0.50,500,2,17,1.5000,3.0,15,126.00,1.482294
516,1000,0.50,500,2,17,1.5000,3.0,16,38.00,0.211540
517,1000,0.50,500,2,17,1.5000,3.0,17,369.00,0.085204
518,1000,0.50,500,2,17,1.5000,3.0,18,104.00,1.963261
519,1000,0.50,500,2,17,1.5000,3.0,19,193.00,1.385375
520,1000,0.50,500,2,17,1.5000,3.0,20,66.00,0.322308
521,1000,0.50,500,2,17,1.5000,3.0,21,157.00,0.272511
522,1000,0.50,500,2,17,1.5000,3.0,22,175.00,0.529216
523,1000,0.50,500,2,17,1.5000,3.0,23,427.00,2.770124
524,1000,0.50,500,2,17,1.5000,3.0,24,56.00,1.009346
525,1000,0.50,500,2,17,1.5000,3.0,25,48.00,0.929016
526,1000,0.50,500,2,17,1.5000,3.0,26,176.00,1.771716
527,1000,0.50,500,2,17,1.5000,3.0,27,349.00,0.567225
528,1000,0.50,500,2,17,1.5000,3.0,28,358.00,2.142939
529,1000,0.50,500,2,17,1.5000,3.0,29,55.00,0.283582
530,1000,0.50,500,2,17,1.5000,3.0,30,57.00,1.690213
531,1000,0.50,500,2,17,1.5000,3.0,31,130.00,0.395498
532,1000,0.50,500,2,17,1.5000,3.0,32,92.00,2.104301
533,1000,0.50,500,2,17,1.5000,3.0,33,52.00,1.359404
534,1000,0.50,500,2,17,1.5000,3.0,34,201.00,1.174581
535,1000,0.50,500,2,17,1.5000,3.0,35,101.00,0.147743
536,1000,0.50,500,2,17,1.5000,3.0,36,65.00,2.119891
537,1000,0.50,500,2,17,1.5000,3.0,37,55.00,2.847644
538,1000,0.50,500,2,17,1.5000,3.0,38,130.00,1.496473
539,1000,0.50,500,2,17,1.5000,3.0,39,42.00,0.411180
540,1000,0.50,500,2,17,1.5000,3.0,40,80.00,0.827754
541,1000,0.50,500,2,17,1.5000,3.0,41,122.00,1.741454
542,1000,0.50,500,2,17,1.5000,3.0,42,71.00,0.349861
543,1000,0.50,500,2,17,1.5000,3.0,43,102.00,0.474221
544,1000,0.50,500,2,17,1.5000,3.0,44,225.00,1.391044
545,1000,0.50,500,2,17,1.5000,3.0,45,118.00,0.718967
546,1000,0.50,500,2,17,1.5000,3.0,46,70.00,0.627584
547,1000,0.50,500,2,17,1.5000,3.0,47,49.00,0.383469
548,1000,0.50,500,2,17,1.5000,3.0,48,172.00,0.270069
549,1000,0.50,500,2,17,1.5000,3.0,49,223.00,0.202663
550,1000,0.50,500,2,17,1.5000,3.0,50,64.00,2.860034
551,1000,0.50,500,2,17,1.5000,3.0,51,38.00,0.481069
552,1000,0.50,500,2,17,1.5000,3.0,52,93.00,1.407192
553,1000,0.50,500,2,17,1.5000,3.0,53,34.00,0.023436
554,1000,0.50,500,2,17,1.5000,3.0,54,122.00,1.366345
555,1000,0.50,500,2,17,1.5000,3.0,55,285.00,1.656909
556,1000,0.50,500,2,17,1.5000,3.0,56,163.00,0.944847
557,1000,0.50,500,2,17,1.5000,3.0,57,102.00,1.774102
558,1000,0.50,500,2,17,1.5000,3.0,58,39.00,0.457291
559,1000,0.50,500,2,17,1.5000,3.0,59,48.00,0.471480
560,1000,0.50,500,2,17,1.5000,3.0,60,125.00,0.837068
561,1000,0.50,500,2,17,1.5000,3.0,61,135.00,1.111192
562,1000,0.50,500,2,17,1.5000,3.0,62,266.00,4.251329
563,1000,0.50,500,2,17,1.5000,3.0,63,73.00,0.838647
564,1000,0.50,500,2,17,1.5000,3.0,64,188.00,3.167235
565,1000,0.50,500,2,17,1.5000,3.0,65,137.00,0.224245
566,1000,0.50,500,2,17,1.5000,3.0,66,239.00,0.147437
567,1000,0.50,500,2,17,1.5000,3.0,67,69.00,0.843482
568,1000,0.50,500,2,17,1.5000,3.0,68,132.00,0.802084
569,1000,0.50,500,2,17,1.5000,3.0,69,139.00,1.830115
570,1000,0.50,500,2,17,1.5000,3.0,70,401.00,0.603424
571,1000,0.50,500,2,17,1.5000,3.0,71,80.00,0.086916
572,1000,0.50,500,2,17,1.5000,3.0,72,64.00,0.910743
573,1000,0.50,500,2,17,1.5000,3.0,73,52.00,1.343337
574,1000,0.50,500,2,17,1.5000,3.0,74,234.00,1.521435
575,1000,0.50,500,2,17,1.5000,3.0,75,107.00,0.258495
576,1000,0.50,500,2,17,1.5000,3.0,76,344.00,1.709391
577,1000,0.50,500,2,17,1.5000,3.0,77,291.00,1.003397
578,1000,0.50,500,2,17,1.5000,3.0,78,68.00,0.369949
579,1000,0.50,500,2,17,1.5000,3.0,79,225.00,1.753794
580,1000,0.50,500,2,17,1.5000,3.0,80,39.00,0.130668
581,1000,0.50,500,2,17,1.5000,3.0,81,75.00,0.499205
582,1000,0.50,500,2,17,1.5000,3.0,82,61.00,2.889053
583,1000,0.50,500,2,17,1.5000,3.0,83,49.00,0.156856
584,1000,0.50,500,2,17,1.5000,3.0,84,219.00,2.182290
585,1000,0.50,500,2,17,1.5000,3.0,85,48.00,0.411863
586,1000,0.50,500,2,17,1.5000,3.0,86,83.00,0.451142
587,1000,0.50,500,2,17,1.5000,3.0,87,132.00,0.071340
588,1000,0.50,500,2,17,1.5000,3.0,88,93.00,3.194232
589,1000,0.50,500,2,17,1.5000,3.0,89,210.00,0.808945
590,1000,0.50,500,2,17,1.5000,3.0,90,86.00,0.904227
591,1000,0.50,500,2,17,1.5000,3.0,91,88.00,3.195430
592,1000,0.50,500,2,17,1.5000,3.0,92,40.00,0.134361
593,1000,0.50,500,2,17,1.5000,3.0,93,43.00,0.755809
594,1000,0.50,500,2,17,1.5000,3.0,94,215.00,0.487183
595,1000,0.50,500,2,17,1.5000,3.0,95,174.00,1.508147
596,1000,0.50,500,2,17,1.5000,3.0,96,415.00,1.253242
597,1000,0.50,500,2,17,1.5000,3.0,97,281.00,0.457139
598,1000,0.50,500,2,17,1.5000,3.0,98,67.00,4.224625
599,1000,0.50,500,2,17,1.5000,3.0,99,82.00,0.119368
600,1000,0.50,500,2,17,1.7500,3.5,0,302.00,1.142317
601,1000,0.50,500,2,17,1.7500,3.5,1,391.00,5.047764
602,1000,0.50,500,2,17,1.7500,3.5,2,308.00,2.152796
603,1000,0.50,500,2,17,1.7500,3.5,3,56.00,3.191077
604,1000,0.50,500,2,17,1.7500,3.5,4,95.00,0.880394
605,1000,0.50,500,2,17,1.7500,3.5,5,56.00,0.330574
606,1000,0.50,500,2,17,1.7500,3.5,6,72.00,0.753650
607,1000,0.50,500,2,17,1.7500,3.5,7,250.00,1.779025
608,1000,0.50,500,2,17,1.7500,3.5,8,112.00,0.130763
609,1000,0.50,500,2,17,1.7500,3.5,9,197.00,0.209896
610,1000,0.50,500,2,17,1.7500,3.5,10,54.00,3.208392
611,1000,0.50,500,2,17,1.7500,3.5,11,84.00,1.134974
612,1000,0.50,500,2,17,1.7500,3.5,12,175.00,0.523688
613,1000,0.50,500,2,17,1.7500,3.5,13,71.00,0.489902
614,1000,0.50,500,2,17,1.7500,3.5,14,44.00,0.191158
615,1000,0.50,500,2,17,1.7500,3.5,15,254.00,0.292080
616,1000,0.50,500,2,17,1.7500,3.5,16,92.00,4.396340
617,1000,0.50,500,2,17,1.7500,3.5,17,170.00,2.973056
618,1000,0.50,500,2,17,1.7500,3.5,18,74.00,5.117877
619,1000,0.50,500,2,17,1.7500,3.5,19,126.00,1.193172
620,1000,0.50,500,2,17,1.7500,3.5,20,77.00,0.788839
621,1000,0.50,500,2,17,1.7500,3.5,21,124.00,0.407098
622,1000,0.50,500,2,17,1.7500,3.5,22,85.00,3.627010
623,1000,0.50,500,2,17,1.7500,3.5,23,130.00,0.093727
624,1000,0.50,500,2,17,1.7500,3.5,24,62.00,1.312494
625,1000,0.50,500,2,17,1.7500,3.5,25,89.00,2.151409
626,1000,0.50,500,2,17,1.7500,3.5,26,127.00,2.265502
627,1000,0.50,500,2,17,1.7500,3.5,27,299.00,0.381549
628,1000,0.50,500,2,17,1.7500,3.5,28,43.00,0.748035
629,1000,0.50,500,2,17,1.7500,3.5,29,145.00,0.161529
630,1000,0.50,500,2,17,1.7500,3.5,30,73.00,0.868820
631,1000,0.50,500,2,17,1.7500,3.5,31,39.00,0.510387
632,1000,0.50,500,2,17,1.7500,3.5,32,145.00,2.652038
633,1000,0.50,500,2,17,1.7500,3.5,33,48.00,0.299469
634,1000,0.50,500,2,17,1.7500,3.5,34,113.00,3.457067
635,1000,0.50,500,2,17,1.7500,3.5,35,135.00,1.677847
636,1000,0.50,500,2,17,1.7500,3.5,36,167.00,4.863821
637,1000,0.50,500,2,17,1.7500,3.5,37,55.00,0.324629
638,1000,0.50,500,2,17,1.7500,3.5,38,67.00,0.350396
639,1000,0.50,500,2,17,1.7500,3.5,39,82.00,4.204649
640,1000,0.50,500,2,17,1.7500,3.5,40,222.00,0.785267
641,1000,0.50,500,2,17,1.7500,3.5,41,99.00,0.704549
642,1000,0.50,500,2,17,1.7500,3.5,42,79.00,0.415154
643,1000,0.50,500,2,17,1.7500,3.5,43,44.00,0.472544
644,1000,0.50,500,2,17,1.7500,3.5,44,85.00,0.317451
645,1000,0.50,500,2,17,1.7500,3.5,45,64.00,3.399583
646,1000,0.50,500,2,17,1.7500,3.5,46,77.00,1.000680
647,1000,0.50,500,2,17,1.7500,3.5,47,45.00,0.803186
648,1000,0.50,500,2,17,1.7500,3.5,48,41.00,0.865395
649,1000,0.50,500,2,17,1.7500,3.5,49,57.00,0.577155
650,1000,0.50,500,2,17,1.7500,3.5,50,71.00,0.779052
651,1000,0.50,500,2,17,1.7500,3.5,51,62.00,3.435300
652,1000,0.50,500,2,17,1.7500,3.5,52,76.00,4.522902
653,1000,0.50,500,2,17,1.7500,3.5,53,160.00,1.479962
654,1000,0.50,500,2,17,1.7500,3.5,54,65.00,0.633143
655,1000,0.50,500,2,17,1.7500,3.5,55,70.00,0.299823
656,1000,0.50,500,2,17,1.7500,3.5,56,66.00,0.586027
657,1000,0.50,500,2,17,1.7500,3.5,57,59.00,4.267239
658,1000,0.50,500,2,17,1.7500,3.5,58,83.00,2.039550
659,1000,0.50,500,2,17,1.7500,3.5,59,130.00,4.996762
660,1000,0.50,500,2,17,1.7500,3.5,60,59.00,1.712803
661,1000,0.50,500,2,17,1.7500,3.5,61,143.00,3.921701
662,1000,0.50,500,2,17,1.7500,3.5,62,70.00,2.187028
663,1000,0.50,500,2,17,1.7500,3.5,63,48.00,0.213930
664,1000,0.50,500,2,17,1.7500,3.5,64,62.00,3.234642
665,1000,0.50,500,2,17,1.7500,3.5,65,162.00,0.961462
666,1000,0.50,500,2,17,1.7500,3.5,66,99.00,0.699315
667,1000,0.50,500,2,17,1.7500,3.5,67,66.00,0.732155
668,1000,0.50,500,2,17,1.7500,3.5,68,48.00,0.293362
669,1000,0.50,500,2,17,1.7500,3.5,69,41.00,0.211601
670,1000,0.50,500,2,17,1.7500,3.5,70,84.00,0.464301
671,1000,0.50,500,2,17,1.7500,3.5,71,47.00,0.390670
672,1000,0.50,500,2,17,1.7500,3.5,72,147.00,1.566394
673,1000,0.50,500,2,17,1.7500,3.5,73,125.00,0.484135
674,1000,0.50,500,2,17,1.7500,3.5,74,41.00,0.455553
675,1000,0.50,500,2,17,1.7500,3.5,75,39.00,0.104198
676,1000,0.50,500,2,17,1.7500,3.5,76,82.00,4.415821
677,1000,0.50,500,2,17,1.7500,3.5,77,63.00,0.272001
678,1000,0.50,500,2,17,1.7500,3.5,78,60.00,1.998835
679,1000,0.50,500,2,17,1.7500,3.5,79,112.00,4.856987
680,1000,0.50,500,2,17,1.7500,3.5,80,176.00,0.714787
681,1000,0.50,500,2,17,1.7500,3.5,81,53.00,2.052041
682,1000,0.50,500,2,17,1.7500,3.5,82,291.00,0.581671
683,1000,0.50,500,2,17,1.7500,3.5,83,208.00,0.382012
684,1000,0.50,500,2,17,1.7500,3.5,84,63.00,1.535203
685,1000,0.50,500,2,17,1.7500,3.5,85,81.00,0.234611
686,1000,0.50,500,2,17,1.7500,3.5,86,85.00,0.201781
687,1000,0.50,500,2,17,1.7500,3.5,87,46.00,0.264996
688,1000,0.50,500,2,17,1.7500,3.5,88,45.00,0.366631
689,1000,0.50,500,2,17,1.7500,3.5,89,68.00,4.425179
690,1000,0.50,500,2,17,1.7500,3.5,90,149.00,0.801429
691,1000,0.50,500,2,17,1.7500,3.5,91,122.00,1.553945
692,1000,0.50,500,2,17,1.7500,3.5,92,194.00,0.880388
693,1000,0.50,500,2,17,1.7500,3.5,93,190.00,1.459018
694,1000,0.50,500,2,17,1.7500,3.5,94,59.00,0.203096
695,1000,0.50,500,2,17,1.7500,3.5,95,154.00,4.431798
696,1000,0.50,500,2,17,1.7500,3.5,96,104.00,2.834275
697,1000,0.50,500,2,17,1.7500,3.5,97,187.00,5.293570
698,1000,0.50,500,2,17,1.7500,3.5,98,122.00,5.051087
699,1000,0.50,500,2,17,1.7500,3.5,99,89.00,5.289409
700,1000,0.50,500,2,17,2.0000,4.0,0,57.00,0.386437
701,1000,0.50,500,2,17,2.0000,4.0,1,53.00,3.472548
702,1000,0.50,500,2,17,2.0000,4.0,2,209.00,0.178367
703,1000,0.50,500,2,17,2.0000,4.0,3,213.00,0.701117
704,1000,0.50,500,2,17,2.0000,4.0,4,42.00,0.213618
705,1000,0.50,500,2,17,2.0000,4.0,5,120.00,5.383888
706,1000,0.50,500,2,17,2.0000,4.0,6,40.00,0.112158
707,1000,0.50,500,2,17,2.0000,4.0,7,59.00,3.972613
708,1000,0.50,500,2,17,2.0000,4.0,8,87.00,2.973495
709,1000,0.50,500,2,17,2.0000,4.0,9,63.00,6.411272
710,1000,0.50,500,2,17,2.0000,4.0,10,152.00,0.354694
711,1000,0.50,500,2,17,2.0000,4.0,11,85.00,4.594289
712,1000,0.50,500,2,17,2.0000,4.0,12,55.00,0.658978
713,1000,0.50,500,2,17,2.0000,4.0,13,62.00,1.642094
714,1000,0.50,500,2,17,2.0000,4.0,14,66.00,2.403593
715,1000,0.50,500,2,17,2.0000,4.0,15,69.00,1.866212
716,1000,0.50,500,2,17,2.0000,4.0,16,70.00,1.849956
717,1000,0.50,500,2,17,2.0000,4.0,17,100.00,2.883045
718,1000,0.50,500,2,17,2.0000,4.0,18,59.00,6.077893
719,1000,0.50,500,2,17,2.0000,4.0,19,76.00,1.264737
720,1000,0.50,500,2,17,2.0000,4.0,20,71.00,3.481656
721,1000,0.50,500,2,17,2.0000,4.0,21,67.00,4.113870
722,1000,0.50,500,2,17,2.0000,4.0,22,98.00,1.656879
723,1000,0.50,500,2,17,2.0000,4.0,23,103.00,1.407428
724,1000,0.50,500,2,17,2.0000,4.0,24,107.00,5.289567
725,1000,0.50,500,2,17,2.0000,4.0,25,65.00,6.392044
726,1000,0.50,500,2,17,2.0000,4.0,26,63.00,2.867582
727,1000,0.50,500,2,17,2.0000,4.0,27,124.00,0.675163
728,1000,0.50,500,2,17,2.0000,4.0,28,35.00,0.069828
729,1000,0.50,500,2,17,2.0000,4.0,29,98.00,0.813244
730,1000,0.50,500,2,17,2.0000,4.0,30,68.00,5.479810
731,1000,0.50,500,2,17,2.0000,4.0,31,79.00,0.773380
732,1000,0.50,500,2,17,2.0000,4.0,32,100.00,0.938079
733,1000,0.50,500,2,17,2.0000,4.0,33,70.00,1.238100
734,1000,0.50,500,2,17,2.0000,4.0,34,78.00,0.808981
735,1000,0.50,500,2,17,2.0000,4.0,35,70.00,3.096038
736,1000,0.50,500,2,17,2.0000,4.0,36,60.00,0.336041
737,1000,0.50,500,2,17,2.0000,4.0,37,68.00,6.140714
738,1000,0.50,500,2,17,2.0000,4.0,38,66.00,3.702628
739,1000,0.50,500,2,17,2.0000,4.0,39,102.00,2.819453
740,1000,0.50,500,2,17,2.0000,4.0,40,57.00,0.513219
741,1000,0.50,500,2,17,2.0000,4.0,41,209.00,3.324026
742,1000,0.50,500,2,17,2.0000,4.0,42,125.00,0.906349
743,1000,0.50,500,2,17,2.0000,4.0,43,58.00,0.202442
744,1000,0.50,500,2,17,2.0000,4.0,44,136.00,2.966903
745,1000,0.50,500,2,17,2.0000,4.0,45,64.00,0.573759
746,1000,0.50,500,2,17,2.0000,4.0,46,51.00,2.754389
747,1000,0.50,500,2,17,2.0000,4.0,47,62.00,6.764667
748,1000,0.50,500,2,17,2.0000,4.0,48,66.00,6.643785
749,1000,0.50,500,2,17,2.0000,4.0,49,72.00,1.191731
750,1000,0.50,500,2,17,2.0000,4.0,50,56.00,1.870323
751,1000,0.50,500,2,17,2.0000,4.0,51,86.00,3.038962
752,1000,0.50,500,2,17,2.0000,4.0,52,113.00,3.906711
753,1000,0.50,500,2,17,2.0000,4.0,53,64.00,3.475136
754,1000,0.50,500,2,17,2.0000,4.0,54,67.00,5.207443
755,1000,0.50,500,2,17,2.0000,4.0,55,232.00,1.202817
756,1000,0.50,500,2,17,2.0000,4.0,56,50.00,0.325849
757,1000,0.50,500,2,17,2.0000,4.0,57,95.00,4.239265
758,1000,0.50,500,2,17,2.0000,4.0,58,53.00,2.747137
759,1000,0.50,500,2,17,2.0000,4.0,59,102.00,5.958219
760,1000,0.50,500,2,17,2.0000,4.0,60,132.00,2.642460
761,1000,0.50,500,2,17,2.0000,4.0,61,67.00,7.282924
762,1000,0.50,500,2,17,2.0000,4.0,62,87.00,0.360006
763,1000,0.50,500,2,17,2.0000,4.0,63,82.00,2.135175
764,1000,0.50,500,2,17,2.0000,4.0,64,80.00,3.241678
765,1000,0.50,500,2,17,2.0000,4.0,65,76.00,1.147249
766,1000,0.50,500,2,17,2.0000,4.0,66,66.00,3.021449
767,1000,0.50,500,2,17,2.0000,4.0,67,94.00,3.155459
768,1000,0.50,500,2,17,2.0000,4.0,68,66.00,2.828011
769,1000,0.50,500,2,17,2.0000,4.0,69,56.00,0.388646
770,1000,0.50,500,2,17,2.0000,4.0,70,97.00,1.210669
771,1000,0.50,500,2,17,2.0000,4.0,71,70.00,5.313118
772,1000,0.50,500,2,17,2.0000,4.0,72,107.00,1.103081
773,1000,0.50,500,2,17,2.0000,4.0,73,67.00,2.255109
774,1000,0.50,500,2,17,2.0000,4.0,74,70.00,0.218847
775,1000,0.50,500,2,17,2.0000,4.0,75,69.00,7.571480
776,1000,0.50,500,2,17,2.0000,4.0,76,107.00,0.403704
777,1000,0.50,500,2,17,2.0000,4.0,77,97.00,0.907537
778,1000,0.50,500,2,17,2.0000,4.0,78,64.00,4.488945
779,1000,0.50,500,2,17,2.0000,4.0,79,43.00,0.724790
780,1000,0.50,500,2,17,2.0000,4.0,80,46.00,1.060844
781,1000,0.50,500,2,17,2.0000,4.0,81,169.00,1.658726
782,1000,0.50,500,2,17,2.0000,4.0,82,62.00,1.240321
783,1000,0.50,500,2,17,2.0000,4.0,83,104.00,0.498479
784,1000,0.50,500,2,17,2.0000,4.0,84,183.00,0.489335
785,1000,0.50,500,2,17,2.0000,4.0,85,57.00,0.528724
786,1000,0.50,500,2,17,2.0000,4.0,86,54.00,0.997903
787,1000,0.50,500,2,17,2.0000,4.0,87,81.00,5.309028
788,1000,0.50,500,2,17,2.0000,4.0,88,88.00,4.527057
789,1000,0.50,500,2,17,2.0000,4.0,89,59.00,0.284168
790,1000,0.50,500,2,17,2.0000,4.0,90,160.00,0.652827
791,1000,0.50,500,2,17,2.0000,4.0,91,153.00,2.775223
792,1000,0.50,500,2,17,2.0000,4.0,92,68.00,2.387880
793,1000,0.50,500,2,17,2.0000,4.0,93,217.00,5.899874
794,1000,0.50,500,2,17,2.0000,4.0,94,132.00,3.328655
795,1000,0.50,500,2,17,2.0000,4.0,95,101.00,0.906853
796,1000,0.50,500,2,17,2.0000,4.0,96,112.00,1.276621
797,1000,0.50,500,2,17,2.0000,4.0,97,84.00,1.147869
798,1000,0.50,500,2,17,2.0000,4.0,98,69.00,4.545251
799,1000,0.50,500,2,17,2.0000,4.0,99,79.00,0.614715
800,1000,0.50,500,2,17,2.2500,4.5,0,57.00,6.784279
801,1000,0.50,500,2,17,2.2500,4.5,1,63.00,0.325064
802,1000,0.50,500,2,17,2.2500,4.5,2,51.00,0.516739
803,1000,0.50,500,2,17,2.2500,4.5,3,68.00,4.013998
804,1000,0.50,500,2,17,2.2500,4.5,4,45.00,2.556530
805,1000,0.50,500,2,17,2.2500,4.5,5,56.00,2.765224
806,1000,0.50,500,2,17,2.2500,4.5,6,46.00,2.767042
807,1000,0.50,500,2,17,2.2500,4.5,7,58.00,1.104428
808,1000,0.50,500,2,17,2.2500,4.5,8,105.00,5.757102
809,1000,0.50,500,2,17,2.2500,4.5,9,203.00,3.466303
810,1000,0.50,500,2,17,2.2500,4.5,10,79.00,1.822170
811,1000,0.50,500,2,17,2.2500,4.5,11,39.00,0.150690
812,1000,0.50,500,2,17,2.2500,4.5,12,112.00,1.643084
813,1000,0.50,500,2,17,2.2500,4.5,13,77.00,0.439426
814,1000,0.50,500,2,17,2.2500,4.5,14,105.00,0.750792
815,1000,0.50,500,2,17,2.2500,4.5,15,86.00,4.626441
816,1000,0.50,500,2,17,2.2500,4.5,16,67.00,0.562107
817,1000,0.50,500,2,17,2.2500,4.5,17,114.00,2.862833
818,1000,0.50,500,2,17,2.2500,4.5,18,53.00,2.472585
819,1000,0.50,500,2,17,2.2500,4.5,19,53.00,3.475594
820,1000,0.50,500,2,17,2.2500,4.5,20,60.00,0.621074
821,1000,0.50,500,2,17,2.2500,4.5,21,62.00,2.858045
822,1000,0.50,500,2,17,2.2500,4.5,22,86.00,0.433278
823,1000,0.50,500,2,17,2.2500,4.5,23,58.00,2.699047
824,1000,0.50,500,2,17,2.2500,4.5,24,204.00,1.038353
825,1000,0.50,500,2,17,2.2500,4.5,25,57.00,6.996501
826,1000,0.50,500,2,17,2.2500,4.5,26,63.00,1.580184
827,1000,0.50,500,2,17,2.2500,4.5,27,47.00,0.251403
828,1000,0.50,500,2,17,2.2500,4.5,28,80.00,0.329727
829,1000,0.50,500,2,17,2.2500,4.5,29,67.00,0.522529
830,1000,0.50,500,2,17,2.2500,4.5,30,126.00,5.950698
831,1000,0.50,500,2,17,2.2500,4.5,31,62.00,0.802009
832,1000,0.50,500,2,17,2.2500,4.5,32,65.00,8.034760
833,1000,0.50,500,2,17,2.2500,4.5,33,87.00,1.027072
834,1000,0.50,500,2,17,2.2500,4.5,34,49.00,1.094136
835,1000,0.50,500,2,17,2.2500,4.5,35,103.00,3.483329
836,1000,0.50,500,2,17,2.2500,4.5,36,83.00,0.711305
837,1000,0.50,500,2,17,2.2500,4.5,37,102.00,2.157118
838,1000,0.50,500,2,17,2.2500,4.5,38,82.00,2.189918
839,1000,0.50,500,2,17,2.2500,4.5,39,88.00,7.131325
840,1000,0.50,500,2,17,2.2500,4.5,40,60.00,4.872272
841,1000,0.50,500,2,17,2.2500,4.5,41,97.00,0.934019
842,1000,0.50,500,2,17,2.2500,4.5,42,51.00,0.710892
843,1000,0.50,500,2,17,2.2500,4.5,43,67.00,6.345658
844,1000,0.50,500,2,17,2.2500,4.5,44,56.00,2.621325
845,1000,0.50,500,2,17,2.2500,4.5,45,83.00,2.964611
846,1000,0.50,500,2,17,2.2500,4.5,46,107.00,5.195564
847,1000,0.50,500,2,17,2.2500,4.5,47,110.00,0.639305
848,1000,0.50,500,2,17,2.2500,4.5,48,74.00,3.227211
849,1000,0.50,500,2,17,2.2500,4.5,49,121.00,0.724905
850,1000,0.50,500,2,17,2.2500,4.5,50,61.00,1.931484
851,1000,0.50,500,2,17,2.2500,4.5,51,88.00,1.847657
852,1000,0.50,500,2,17,2.2500,4.5,52,67.00,4.234998
853,1000,0.50,500,2,17,2.2500,4.5,53,85.00,2.235440
854,1000,0.50,500,2,17,2.2500,4.5,54,77.00,1.568818
855,1000,0.50,500,2,17,2.2500,4.5,55,87.00,4.359962
856,1000,0.50,500,2,17,2.2500,4.5,56,77.00,2.882547
857,1000,0.50,500,2,17,2.2500,4.5,57,83.00,2.649853
858,1000,0.50,500,2,17,2.2500,4.5,58,67.00,3.944371
859,1000,0.50,500,2,17,2.2500,4.5,59,92.00,1.145123
860,1000,0.50,500,2,17,2.2500,4.5,60,130.00,0.846389
861,1000,0.50,500,2,17,2.2500,4.5,61,54.00,4.096941
862,1000,0.50,500,2,17,2.2500,4.5,62,72.00,0.397579
863,1000,0.50,500,2,17,2.2500,4.5,63,66.00,1.533057
864,1000,0.50,500,2,17,2.2500,4.5,64,80.00,0.536426
865,1000,0.50,500,2,17,2.2500,4.5,65,57.00,4.131928
866,1000,0.50,500,2,17,2.2500,4.5,66,60.00,6.278908
867,1000,0.50,500,2,17,2.2500,4.5,67,157.00,2.277024
868,1000,0.50,500,2,17,2.2500,4.5,68,110.00,0.883637
869,1000,0.50,500,2,17,2.2500,4.5,69,76.00,0.477478
870,1000,0.50,500,2,17,2.2500,4.5,70,94.00,2.596790
871,1000,0.50,500,2,17,2.2500,4.5,71,86.00,0.704120
872,1000,0.50,500,2,17,2.2500,4.5,72,69.00,6.692200
873,1000,0.50,500,2,17,2.2500,4.5,73,158.00,1.479704
874,1000,0.50,500,2,17,2.2500,4.5,74,64.00,1.733300
875,1000,0.50,500,2,17,2.2500,4.5,75,65.00,1.966888
876,1000,0.50,500,2,17,2.2500,4.5,76,66.00,7.457019
877,1000,0.50,500,2,17,2.2500,4.5,77,63.00,7.657229
878,1000,0.50,500,2,17,2.2500,4.5,78,96.00,0.526530
879,1000,0.50,500,2,17,2.2500,4.5,79,84.00,1.025938
880,1000,0.50,500,2,17,2.2500,4.5,80,47.00,0.382833
881,1000,0.50,500,2,17,2.2500,4.5,81,81.00,1.400133
882,1000,0.50,500,2,17,2.2500,4.5,82,45.00,0.752768
883,1000,0.50,500,2,17,2.2500,4.5,83,47.00,2.283024
884,1000,0.50,500,2,17,2.2500,4.5,84,37.00,2.707689
885,1000,0.50,500,2,17,2.2500,4.5,85,56.00,0.287367
886,1000,0.50,500,2,17,2.2500,4.5,86,128.00,1.201865
887,1000,0.50,500,2,17,2.2500,4.5,87,54.00,5.204381
888,1000,0.50,500,2,17,2.2500,4.5,88,111.00,1.445023
889,1000,0.50,500,2,17,2.2500,4.5,89,65.00,4.725202
890,1000,0.50,500,2,17,2.2500,4.5,90,51.00,5.510046
891,1000,0.50,500,2,17,2.2500,4.5,91,61.00,2.137076
892,1000,0.50,500,2,17,2.2500,4.5,92,61.00,0.447160
893,1000,0.50,500,2,17,2.2500,4.5,93,48.00,1.094719
894,1000,0.50,500,2,17,2.2500,4.5,94,129.00,0.438888
895,1000,0.50,500,2,17,2.2500,4.5,95,42.00,0.619912
896,1000,0.50,500,2,17,2.2500,4.5,96,64.00,1.093810
897,1000,0.50,500,2,17,2.2500,4.5,97,57.00,6.096169
898,1000,0.50,500,2,17,2.2500,4.5,98,88.00,2.027586
899,1000,0.50,500,2,17,2.2500,4.5,99,56.00,0.426628
900,1000,0.50,500,2,17,2.5000,5.0,0,57.00,5.106495
901,1000,0.50,500,2,17,2.5000,5.0,1,94.00,1.954675
902,1000,0.50,500,2,17,2.5000,5.0,2,133.00,1.603552
903,1000,0.50,500,2,17,2.5000,5.0,3,104.00,6.473322
904,1000,0.50,500,2,17,2.5000,5.0,4,77.00,3.499445
905,1000,0.50,500,2,17,2.5000,5.0,5,99.00,4.857600
906,1000,0.50,500,2,17,2.5000,5.0,6,58.00,4.303519
907,1000,0.50,500,2,17,2.5000,5.0,7,82.00,3.778042
908,1000,0.50,500,2,17,2.5000,5.0,8,84.00,3.050467
909,1000,0.50,500,2,17,2.5000,5.0,9,61.00,2.452587
910,1000,0.50,500,2,17,2.5000,5.0,10,61.00,1.096252
911,1000,0.50,500,2,17,2.5000,5.0,11,57.00,5.367522
912,1000,0.50,500,2,17,2.5000,5.0,12,61.00,4.270775
913,1000,0.50,500,2,17,2.5000,5.0,13,75.00,4.242823
914,1000,0.50,500,2,17,2.5000,5.0,14,59.00,1.467107
915,1000,0.50,500,2,17,2.5000,5.0,15,78.00,2.367780
916,1000,0.50,500,2,17,2.5000,5.0,16,74.00,0.612359
917,1000,0.50,500,2,17,2.5000,5.0,17,106.00,1.012903
918,1000,0.50,500,2,17,2.5000,5.0,18,57.00,1.271588
919,1000,0.50,500,2,17,2.5000,5.0,19,87.00,2.817026
920,1000,0.50,500,2,17,2.5000,5.0,20,61.00,3.358748
921,1000,0.50,500,2,17,2.5000,5.0,21,66.00,0.749918
922,1000,0.50,500,2,17,2.5000,5.0,22,64.00,4.542969
923,1000,0.50,500,2,17,2.5000,5.0,23,95.00,2.961500
924,1000,0.50,500,2,17,2.5000,5.0,24,77.00,4.836424
925,1000,0.50,500,2,17,2.5000,5.0,25,83.00,0.551612
926,1000,0.50,500,2,17,2.5000,5.0,26,62.00,4.870822
927,1000,0.50,500,2,17,2.5000,5.0,27,59.00,1.202066
928,1000,0.50,500,2,17,2.5000,5.0,28,60.00,0.633510
929,1000,0.50,500,2,17,2.5000,5.0,29,58.00,4.379442
930,1000,0.50,500,2,17,2.5000,5.0,30,60.00,1.338005
931,1000,0.50,500,2,17,2.5000,5.0,31,77.00,2.320041
932,1000,0.50,500,2,17,2.5000,5.0,32,87.00,0.613135
933,1000,0.50,500,2,17,2.5000,5.0,33,69.00,0.631445
934,1000,0.50,500,2,17,2.5000,5.0,34,78.00,0.634633
935,1000,0.50,500,2,17,2.5000,5.0,35,54.00,0.579986
936,1000,0.50,500,2,17,2.5000,5.0,36,56.00,1.186045
937,1000,0.50,500,2,17,2.5000,5.0,37,131.00,0.458411
938,1000,0.50,500,2,17,2.5000,5.0,38,60.00,3.544367
939,1000,0.50,500,2,17,2.5000,5.0,39,61.00,2.105497
940,1000,0.50,500,2,17,2.5000,5.0,40,69.00,3.235296
941,1000,0.50,500,2,17,2.5000,5.0,41,62.00,3.696216
942,1000,0.50,500,2,17,2.5000,5.0,42,57.00,3.919487
943,1000,0.50,500,2,17,2.5000,5.0,43,57.00,0.569876
944,1000,0.50,500,2,17,2.5000,5.0,44,76.00,1.572513
945,1000,0.50,500,2,17,2.5000,5.0,45,42.00,3.594085
946,1000,0.50,500,2,17,2.5000,5.0,46,58.00,0.966037
947,1000,0.50,500,2,17,2.5000,5.0,47,185.00,1.334292
948,1000,0.50,500,2,17,2.5000,5.0,48,82.00,0.597946
949,1000,0.50,500,2,17,2.5000,5.0,49,63.00,5.946282
950,1000,0.50,500,2,17,2.5000,5.0,50,59.00,1.008575
951,1000,0.50,500,2,17,2.5000,5.0,51,58.00,0.822999
952,1000,0.50,500,2,17,2.5000,5.0,52,70.00,3.528266
953,1000,0.50,500,2,17,2.5000,5.0,53,70.00,3.893698
954,1000,0.50,500,2,17,2.5000,5.0,54,47.00,0.129108
955,1000,0.50,500,2,17,2.5000,5.0,55,82.00,1.747346
956,1000,0.50,500,2,17,2.5000,5.0,56,58.00,4.735862
957,1000,0.50,500,2,17,2.5000,5.0,57,147.00,0.643945
958,1000,0.50,500,2,17,2.5000,5.0,58,66.00,1.948060
959,1000,0.50,500,2,17,2.5000,5.0,59,50.00,4.211016
960,1000,0.50,500,2,17,2.5000,5.0,60,106.00,0.550208
961,1000,0.50,500,2,17,2.5000,5.0,61,104.00,0.082969
962,1000,0.50,500,2,17,2.5000,5.0,62,60.00,5.578120
963,1000,0.50,500,2,17,2.5000,5.0,63,73.00,4.954162
964,1000,0.50,500,2,17,2.5000,5.0,64,106.00,4.063833
965,1000,0.50,500,2,17,2.5000,5.0,65,64.00,3.593570
966,1000,0.50,500,2,17,2.5000,5.0,66,64.00,1.422574
967,1000,0.50,500,2,17,2.5000,5.0,67,84.00,4.670151
968,1000,0.50,500,2,17,2.5000,5.0,68,161.00,1.688136
969,1000,0.50,500,2,17,2.5000,5.0,69,56.00,0.506673
970,1000,0.50,500,2,17,2.5000,5.0,70,54.00,1.407932
971,1000,0.50,500,2,17,2.5000,5.0,71,56.00,0.627868
972,1000,0.50,500,2,17,2.5000,5.0,72,56.00,1.001781
973,1000,0.50,500,2,17,2.5000,5.0,73,51.00,0.516995
974,1000,0.50,500,2,17,2.5000,5.0,74,58.00,0.909630
975,1000,0.50,500,2,17,2.5000,5.0,75,75.00,2.511746
976,1000,0.50,500,2,17,2.5000,5.0,76,94.00,2.465692
977,1000,0.50,500,2,17,2.5000,5.0,77,96.00,1.484103
978,1000,0.50,500,2,17,2.5000,5.0,78,58.00,2.112092
979,1000,0.50,500,2,17,2.5000,5.0,79,170.00,2.334405
980,1000,0.50,500,2,17,2.5000,5.0,80,56.00,0.439513
981,1000,0.50,500,2,17,2.5000,5.0,81,93.00,2.007999
982,1000,0.50,500,2,17,2.5000,5.0,82,102.00,0.678767
983,1000,0.50,500,2,17,2.5000,5.0,83,67.00,1.472252
984,1000,0.50,500,2,17,2.5000,5.0,84,85.00,1.805873
985,1000,0.50,500,2,17,2.5000,5.0,85,67.00,4.446680
986,1000,0.50,500,2,17,2.5000,5.0,86,82.00,0.548456
987,1000,0.50,500,2,17,2.5000,5.0,87,76.00,7.308330
988,1000,0.50,500,2,17,2.5000,5.0,88,57.00,1.011088
989,1000,0.50,500,2,17,2.5000,5.0,89,53.00,0.508031
990,1000,0.50,500,2,17,2.5000,5.0,90,62.00,0.588564
991,1000,0.50,500,2,17,2.5000,5.0,91,53.00,0.333370
992,1000,0.50,500,2,17,2.5000,5.0,92,64.00,3.307626
993,1000,0.50,500,2,17,2.5000,5.0,93,59.00,5.044266
994,1000,0.50,500,2,17,2.5000,5.0,94,59.00,4.520491
995,1000,0.50,500,2,17,2.5000,5.0,95,64.00,2.626385
996,1000,0.50,500,2,17,2.5000,5.0,96,104.00,5.437515
997,1000,0.50,500,2,17,2.5000,5.0,97,53.00,0.593271
998,1000,0.50,500,2,17,2.5000,5.0,98,64.00,1.086566
999,1000,0.50,500,2,17,2.5000,5.0,99,72.00,1.434736
1000,1000,0.50,500,3,35,0.2500,0.5,0,869.00,2.097130
1001,1000,0.50,500,3,35,0.2500,0.5,1,863.00,10.826578
1002,1000,0.50,500,3,35,0.2500,0.5,2,889.00,1.627030
1003,1000,0.50,500,3,35,0.2500,0.5,3,846.00,25.175226
1004,1000,0.50,500,3,35,0.2500,0.5,4,872.00,13.306889
1005,1000,0.50,500,3,35,0.2500,0.5,5,887.00,9.468926
1006,1000,0.50,500,3,35,0.2500,0.5,6,868.00,10.839398
1007,1000,0.50,500,3,35,0.2500,0.5,7,898.00,7.134788
1008,1000,0.50,500,3,35,0.2500,0.5,8,881.00,6.508322
1009,1000,0.50,500,3,35,0.2500,0.5,9,872.00,3.139898
1010,1000,0.50,500,3,35,0.2500,0.5,10,876.00,0.956395
1011,1000,0.50,500,3,35,0.2500,0.5,11,887.00,1.876645
1012,1000,0.50,500,3,35,0.2500,0.5,12,885.00,6.724268
1013,1000,0.50,500,3,35,0.2500,0.5,13,995.00,5.822796
1014,1000,0.50,500,3,35,0.2500,0.5,14,905.00,2.792280
1015,1000,0.50,500,3,35,0.2500,0.5,15,919.00,1.791062
1016,1000,0.50,500,3,35,0.2500,0.5,16,914.00,0.705166
1017,1000,0.50,500,3,35,0.2500,0.5,17,912.00,14.775238
1018,1000,0.50,500,3,35,0.2500,0.5,18,919.00,12.905745
1019,1000,0.50,500,3,35,0.2500,0.5,19,873.00,20.542389
1020,1000,0.50,500,3,35,0.2500,0.5,20,874.00,0.374457
1021,1000,0.50,500,3,35,0.2500,0.5,21,914.00,2.897754
1022,1000,0.50,500,3,35,0.2500,0.5,22,898.00,0.510857
1023,1000,0.50,500,3,35,0.2500,0.5,23,930.00,2.395502
1024,1000,0.50,500,3,35,0.2500,0.5,24,895.00,14.482202
1025,1000,0.50,500,3,35,0.2500,0.5,25,885.00,22.216318
1026,1000,0.50,500,3,35,0.2500,0.5,26,902.00,6.066062
1027,1000,0.50,500,3,35,0.2500,0.5,27,934.00,1.864968
1028,1000,0.50,500,3,35,0.2500,0.5,28,924.00,7.993892
1029,1000,0.50,500,3,35,0.2500,0.5,29,912.00,12.341583
1030,1000,0.50,500,3,35,0.2500,0.5,30,900.00,9.363993
1031,1000,0.50,500,3,35,0.2500,0.5,31,908.00,0.727908
1032,1000,0.50,500,3,35,0.2500,0.5,32,896.00,2.049643
1033,1000,0.50,500,3,35,0.2500,0.5,33,901.00,24.078176
1034,1000,0.50,500,3,35,0.2500,0.5,34,860.00,2.339016
1035,1000,0.50,500,3,35,0.2500,0.5,35,897.00,3.957385
1036,1000,0.50,500,3,35,0.2500,0.5,36,896.00,4.247706
1037,1000,0.50,500,3,35,0.2500,0.5,37,893.00,4.700522
1038,1000,0.50,500,3,35,0.2500,0.5,38,865.00,4.973922
1039,1000,0.50,500,3,35,0.2500,0.5,39,869.00,5.143741
1040,1000,0.50,500,3,35,0.2500,0.5,40,954.00,11.083625
1041,1000,0.50,500,3,35,0.2500,0.5,41,906.00,13.106361
1042,1000,0.50,500,3,35,0.2500,0.5,42,949.00,3.449612
1043,1000,0.50,500,3,35,0.2500,0.5,43,928.00,8.808304
1044,1000,0.50,500,3,35,0.2500,0.5,44,934.00,7.179400
1045,1000,0.50,500,3,35,0.2500,0.5,45,908.00,11.046639
1046,1000,0.50,500,3,35,0.2500,0.5,46,906.00,2.400249
1047,1000,0.50,500,3,35,0.2500,0.5,47,915.00,1.973699
1048,1000,0.50,500,3,35,0.2500,0.5,48,910.00,2.559325
1049,1000,0.50,500,3,35,0.2500,0.5,49,899.00,3.839427
1050,1000,0.50,500,3,35,0.2500,0.5,50,892.00,15.331411
1051,1000,0.50,500,3,35,0.2500,0.5,51,914.00,1.159501
1052,1000,0.50,500,3,35,0.2500,0.5,52,908.00,24.821688
1053,1000,0.50,500,3,35,0.2500,0.5,53,885.00,4.364730
1054,1000,0.50,500,3,35,0.2500,0.5,54,907.00,7.803717
1055,1000,0.50,500,3,35,0.2500,0.5,55,880.00,2.720979
1056,1000,0.50,500,3,35,0.2500,0.5,56,944.00,0.860620
1057,1000,0.50,500,3,35,0.2500,0.5,57,903.00,9.395103
1058,1000,0.50,500,3,35,0.2500,0.5,58,909.00,1.939811
1059,1000,0.50,500,3,35,0.2500,0.5,59,922.00,4.363731
1060,1000,0.50,500,3,35,0.2500,0.5,60,930.00,1.017286
1061,1000,0.50,500,3,35,0.2500,0.5,61,910.00,5.576755
1062,1000,0.50,500,3,35,0.2500,0.5,62,899.00,7.938345
1063,1000,0.50,500,3,35,0.2500,0.5,63,919.00,6.596645
1064,1000,0.50,500,3,35,0.2500,0.5,64,893.00,13.179196
1065,1000,0.50,500,3,35,0.2500,0.5,65,891.00,40.305202
1066,1000,0.50,500,3,35,0.2500,0.5,66,886.00,0.380552
1067,1000,0.50,500,3,35,0.2500,0.5,67,898.00,22.697651
1068,1000,0.50,500,3,35,0.2500,0.5,68,930.00,1.136819
1069,1000,0.50,500,3,35,0.2500,0.5,69,882.00,13.567509
1070,1000,0.50,500,3,35,0.2500,0.5,70,909.00,1.207997
1071,1000,0.50,500,3,35,0.2500,0.5,71,895.00,20.888262
1072,1000,0.50,500,3,35,0.2500,0.5,72,905.00,2.163588
1073,1000,0.50,500,3,35,0.2500,0.5,73,900.00,20.975439
1074,1000,0.50,500,3,35,0.2500,0.5,74,909.00,17.974926
1075,1000,0.50,500,3,35,0.2500,0.5,75,904.00,1.523274
1076,1000,0.50,500,3,35,0.2500,0.5,76,946.00,1.744487
1077,1000,0.50,500,3,35,0.2500,0.5,77,893.00,3.003976
1078,1000,0.50,500,3,35,0.2500,0.5,78,876.00,3.802955
1079,1000,0.50,500,3,35,0.2500,0.5,79,886.00,5.899375
1080,1000,0.50,500,3,35,0.2500,0.5,80,879.00,22.976023
1081,1000,0.50,500,3,35,0.2500,0.5,81,912.00,0.284868
1082,1000,0.50,500,3,35,0.2500,0.5,82,917.00,5.506232
1083,1000,0.50,500,3,35,0.2500,0.5,83,897.00,0.691870
1084,1000,0.50,500,3,35,0.2500,0.5,84,909.00,6.450936
1085,1000,0.50,500,3,35,0.2500,0.5,85,883.00,1.760027
1086,1000,0.50,500,3,35,0.2500,0.5,86,890.00,1.060706
1087,1000,0.50,500,3,35,0.2500,0.5,87,879.00,3.193988
1088,1000,0.50,500,3,35,0.2500,0.5,88,882.00,6.728638
1089,1000,0.50,500,3,35,0.2500,0.5,89,872.00,18.072510
1090,1000,0.50,500,3,35,0.2500,0.5,90,898.00,5.205814
1091,1000,0.50,500,3,35,0.2500,0.5,91,906.00,7.143293
1092,1000,0.50,500,3,35,0.2500,0.5,92,889.00,11.734004
1093,1000,0.50,500,3,35,0.2500,0.5,93,936.00,6.307512
1094,1000,0.50,500,3,35,0.2500,0.5,94,908.00,8.983113
1095,1000,0.50,500,3,35,0.2500,0.5,95,918.00,3.440587
1096,1000,0.50,500,3,35,0.2500,0.5,96,906.00,1.317358
1097,1000,0.50,500,3,35,0.2500,0.5,97,908.00,8.793550
1098,1000,0.50,500,3,35,0.2500,0.5,98,899.00,0.570373
1099,1000,0.50,500,3,35,0.2500,0.5,99,906.00,12.831895
1100,1000,0.50,500,3,35,0.5000,1.0,0,1026.00,8.114346
1101,1000,0.50,500,3,35,0.5000,1.0,1,1002.00,1.701528
1102,1000,0.50,500,3,35,0.5000,1.0,2,1013.00,8.351348
1103,1000,0.50,500,3,35,0.5000,1.0,3,988.00,5.547498
1104,1000,0.50,500,3,35,0.5000,1.0,4,944.00,0.602622
1105,1000,0.50,500,3,35,0.5000,1.0,5,991.00,3.537962
1106,1000,0.50,500,3,35,0.5000,1.0,6,967.00,20.381723
1107,1000,0.50,500,3,35,0.5000,1.0,7,987.00,3.151566
1108,1000,0.50,500,3,35,0.5000,1.0,8,935.00,45.571186
1109,1000,0.50,500,3,35,0.5000,1.0,9,959.00,4.021009
1110,1000,0.50,500,3,35,0.5000,1.0,10,935.00,1.307662
1111,1000,0.50,500,3,35,0.5000,1.0,11,947.00,0.930059
1112,1000,0.50,500,3,35,0.5000,1.0,12,914.00,2.276200
1113,1000,0.50,500,3,35,0.5000,1.0,13,943.00,27.690121
1114,1000,0.50,500,3,35,0.5000,1.0,14,971.00,2.002664
1115,1000,0.50,500,3,35,0.5000,1.0,15,941.00,1.940787
1116,1000,0.50,500,3,35,0.5000,1.0,16,1003.00,6.717756
1117,1000,0.50,500,3,35,0.5000,1.0,17,954.00,2.383580
1118,1000,0.50,500,3,35,0.5000,1.0,18,998.00,2.310223
1119,1000,0.50,500,3,35,0.5000,1.0,19,953.00,3.154212
1120,1000,0.50,500,3,35,0.5000,1.0,20,951.00,0.237057
1121,1000,0.50,500,3,35,0.5000,1.0,21,865.00,3.641940
1122,1000,0.50,500,3,35,0.5000,1.0,22,917.00,1.307616
1123,1000,0.50,500,3,35,0.5000,1.0,23,942.00,3.109524
1124,1000,0.50,500,3,35,0.5000,1.0,24,968.00,5.988710
1125,1000,0.50,500,3,35,0.5000,1.0,25,986.00,6.451736
1126,1000,0.50,500,3,35,0.5000,1.0,26,979.00,9.499107
1127,1000,0.50,500,3,35,0.5000,1.0,27,921.00,3.572540
1128,1000,0.50,500,3,35,0.5000,1.0,28,963.00,1.246506
1129,1000,0.50,500,3,35,0.5000,1.0,29,918.00,1.493378
1130,1000,0.50,500,3,35,0.5000,1.0,30,953.00,17.053011
1131,1000,0.50,500,3,35,0.5000,1.0,31,956.00,2.853513
1132,1000,0.50,500,3,35,0.5000,1.0,32,972.00,2.319024
1133,1000,0.50,500,3,35,0.5000,1.0,33,974.00,11.138789
1134,1000,0.50,500,3,35,0.5000,1.0,34,964.00,6.123517
1135,1000,0.50,500,3,35,0.5000,1.0,35,998.00,6.343162
1136,1000,0.50,500,3,35,0.5000,1.0,36,1004.00,2.113657
1137,1000,0.50,500,3,35,0.5000,1.0,37,969.00,0.633197
1138,1000,0.50,500,3,35,0.5000,1.0,38,863.00,6.839742
1139,1000,0.50,500,3,35,0.5000,1.0,39,935.00,16.433382
1140,1000,0.50,500,3,35,0.5000,1.0,40,879.00,9.501227
1141,1000,0.50,500,3,35,0.5000,1.0,41,941.00,4.780030
1142,1000,0.50,500,3,35,0.5000,1.0,42,983.00,11.429880
1143,1000,0.50,500,3,35,0.5000,1.0,43,881.00,3.869902
1144,1000,0.50,500,3,35,0.5000,1.0,44,938.00,7.272128
1145,1000,0.50,500,3,35,0.5000,1.0,45,906.00,15.800535
1146,1000,0.50,500,3,35,0.5000,1.0,46,929.00,0.635663
1147,1000,0.50,500,3,35,0.5000,1.0,47,906.00,21.122234
1148,1000,0.50,500,3,35,0.5000,1.0,48,922.00,15.960752
1149,1000,0.50,500,3,35,0.5000,1.0,49,897.00,9.528701
1150,1000,0.50,500,3,35,0.5000,1.0,50,907.00,5.479692
1151,1000,0.50,500,3,35,0.5000,1.0,51,932.00,5.126241
1152,1000,0.50,500,3,35,0.5000,1.0,52,946.00,2.744266
1153,1000,0.50,500,3,35,0.5000,1.0,53,959.00,8.935125
1154,1000,0.50,500,3,35,0.5000,1.0,54,921.00,5.089937
1155,1000,0.50,500,3,35,0.5000,1.0,55,979.00,0.522480
1156,1000,0.50,500,3,35,0.5000,1.0,56,976.00,0.105818
1157,1000,0.50,500,3,35,0.5000,1.0,57,1082.00,2.535255
1158,1000,0.50,500,3,35,0.5000,1.0,58,1009.00,1.383690
1159,1000,0.50,500,3,35,0.5000,1.0,59,1000.00,15.553105
1160,1000,0.50,500,3,35,0.5000,1.0,60,1030.00,1.642381
1161,1000,0.50,500,3,35,0.5000,1.0,61,933.00,7.904246
1162,1000,0.50,500,3,35,0.5000,1.0,62,997.00,7.209183
1163,1000,0.50,500,3,35,0.5000,1.0,63,990.00,10.155344
1164,1000,0.50,500,3,35,0.5000,1.0,64,997.00,13.310330
1165,1000,0.50,500,3,35,0.5000,1.0,65,976.00,2.284743
1166,1000,0.50,500,3,35,0.5000,1.0,66,1023.00,2.286184
1167,1000,0.50,500,3,35,0.5000,1.0,67,1007.00,7.574823
1168,1000,0.50,500,3,35,0.5000,1.0,68,990.00,1.647192
1169,1000,0.50,500,3,35,0.5000,1.0,69,974.00,1.419078
1170,1000,0.50,500,3,35,0.5000,1.0,70,957.00,1.541831
1171,1000,0.50,500,3,35,0.5000,1.0,71,955.00,4.993997
1172,1000,0.50,500,3,35,0.5000,1.0,72,949.00,0.976809
1173,1000,0.50,500,3,35,0.5000,1.0,73,946.00,8.372079
1174,1000,0.50,500,3,35,0.5000,1.0,74,964.00,4.867923
1175,1000,0.50,500,3,35,0.5000,1.0,75,1005.00,1.880128
1176,1000,0.50,500,3,35,0.5000,1.0,76,991.00,9.350687
1177,1000,0.50,500,3,35,0.5000,1.0,77,956.00,3.401526
1178,1000,0.50,500,3,35,0.5000,1.0,78,960.00,1.620241
1179,1000,0.50,500,3,35,0.5000,1.0,79,1000.00,14.638326
1180,1000,0.50,500,3,35,0.5000,1.0,80,1074.00,0.320562
1181,1000,0.50,500,3,35,0.5000,1.0,81,1127.00,0.988411
1182,1000,0.50,500,3,35,0.5000,1.0,82,1036.00,0.311148
1183,1000,0.50,500,3,35,0.5000,1.0,83,983.00,4.824088
1184,1000,0.50,500,3,35,0.5000,1.0,84,1016.00,2.294817
1185,1000,0.50,500,3,35,0.5000,1.0,85,959.00,11.517862
1186,1000,0.50,500,3,35,0.5000,1.0,86,943.00,7.196352
1187,1000,0.50,500,3,35,0.5000,1.0,87,990.00,2.976166
1188,1000,0.50,500,3,35,0.5000,1.0,88,1016.00,0.929956
1189,1000,0.50,500,3,35,0.5000,1.0,89,1074.00,0.384921
1190,1000,0.50,500,3,35,0.5000,1.0,90,1027.00,11.300665
1191,1000,0.50,500,3,35,0.5000,1.0,91,990.00,1.887325
1192,1000,0.50,500,3,35,0.5000,1.0,92,1001.00,8.633719
1193,1000,0.50,500,3,35,0.5000,1.0,93,1000.00,0.500164
1194,1000,0.50,500,3,35,0.5000,1.0,94,949.00,21.792543
1195,1000,0.50,500,3,35,0.5000,1.0,95,990.00,5.407462
1196,1000,0.50,500,3,35,0.5000,1.0,96,1036.00,1.949265
1197,1000,0.50,500,3,35,0.5000,1.0,97,1001.00,12.007548
1198,1000,0.50,500,3,35,0.5000,1.0,98,960.00,10.809815
1199,1000,0.50,500,3,35,0.5000,1.0,99,966.00,0.605444
1200,1000,0.50,500,3,35,0.7500,1.5,0,1027.00,2.606550
1201,1000,0.50,500,3,35,0.7500,1.5,1,1000.00,8.647800
1202,1000,0.50,500,3,35,0.7500,1.5,2,1021.00,0.272394
1203,1000,0.50,500,3,35,0.7500,1.5,3,989.00,4.241679
1204,1000,0.50,500,3,35,0.7500,1.5,4,933.00,0.407774
1205,1000,0.50,500,3,35,0.7500,1.5,5,962.00,2.260564
1206,1000,0.50,500,3,35,0.7500,1.5,6,969.00,7.353620
1207,1000,0.50,500,3,35,0.7500,1.5,7,963.00,2.030077
1208,1000,0.50,500,3,35,0.7500,1.5,8,984.00,0.988045
1209,1000,0.50,500,3,35,0.7500,1.5,9,953.00,9.083049
1210,1000,0.50,500,3,35,0.7500,1.5,10,944.00,2.240376
1211,1000,0.50,500,3,35,0.7500,1.5,11,974.00,0.426655
1212,1000,0.50,500,3,35,0.7500,1.5,12,986.00,4.892358
1213,1000,0.50,500,3,35,0.7500,1.5,13,987.00,6.655015
1214,1000,0.50,500,3,35,0.7500,1.5,14,961.00,0.841569
1215,1000,0.50,500,3,35,0.7500,1.5,15,995.00,6.151326
1216,1000,0.50,500,3,35,0.7500,1.5,16,969.00,0.447458
1217,1000,0.50,500,3,35,0.7500,1.5,17,942.00,1.599003
1218,1000,0.50,500,3,35,0.7500,1.5,18,967.00,1.118456
1219,1000,0.50,500,3,35,0.7500,1.5,19,927.00,16.376551
1220,1000,0.50,500,3,35,0.7500,1.5,20,934.00,0.476338
1221,1000,0.50,500,3,35,0.7500,1.5,21,983.00,5.871620
1222,1000,0.50,500,3,35,0.7500,1.5,22,927.00,3.167291
1223,1000,0.50,500,3,35,0.7500,1.5,23,978.00,1.575431
1224,1000,0.50,500,3,35,0.7500,1.5,24,954.00,1.406243
1225,1000,0.50,500,3,35,0.7500,1.5,25,961.00,6.952539
1226,1000,0.50,500,3,35,0.7500,1.5,26,950.00,2.884704
1227,1000,0.50,500,3,35,0.7500,1.5,27,904.00,9.327810
1228,1000,0.50,500,3,35,0.7500,1.5,28,949.00,1.175842
1229,1000,0.50,500,3,35,0.7500,1.5,29,947.00,1.694783
1230,1000,0.50,500,3,35,0.7500,1.5,30,974.00,0.914512
1231,1000,0.50,500,3,35,0.7500,1.5,31,989.00,0.992537
1232,1000,0.50,500,3,35,0.7500,1.5,32,1004.00,9.965130
1233,1000,0.50,500,3,35,0.7500,1.5,33,916.00,16.134748
1234,1000,0.50,500,3,35,0.7500,1.5,34,996.00,0.502360
1235,1000,0.50,500,3,35,0.7500,1.5,35,1044.00,2.907035
1236,1000,0.50,500,3,35,0.7500,1.5,36,998.00,0.190776
1237,1000,0.50,500,3,35,0.7500,1.5,37,956.00,2.451678
1238,1000,0.50,500,3,35,0.7500,1.5,38,1017.00,7.317243
1239,1000,0.50,500,3,35,0.7500,1.5,39,980.00,7.414306
1240,1000,0.50,500,3,35,0.7500,1.5,40,974.00,35.311409
1241,1000,0.50,500,3,35,0.7500,1.5,41,995.00,2.039896
1242,1000,0.50,500,3,35,0.7500,1.5,42,952.00,14.028626
1243,1000,0.50,500,3,35,0.7500,1.5,43,1002.00,2.659110
1244,1000,0.50,500,3,35,0.7500,1.5,44,941.00,1.825938
1245,1000,0.50,500,3,35,0.7500,1.5,45,977.00,7.149888
1246,1000,0.50,500,3,35,0.7500,1.5,46,998.00,4.552883
1247,1000,0.50,500,3,35,0.7500,1.5,47,982.00,2.003944
1248,1000,0.50,500,3,35,0.7500,1.5,48,1005.00,2.487913
1249,1000,0.50,500,3,35,0.7500,1.5,49,990.00,4.781448
1250,1000,0.50,500,3,35,0.7500,1.5,50,931.00,6.787728
1251,1000,0.50,500,3,35,0.7500,1.5,51,965.00,6.016665
1252,1000,0.50,500,3,35,0.7500,1.5,52,965.00,4.078005
1253,1000,0.50,500,3,35,0.7500,1.5,53,959.00,2.964518
1254,1000,0.50,500,3,35,0.7500,1.5,54,937.00,0.116517
1255,1000,0.50,500,3,35,0.7500,1.5,55,1015.00,2.892155
1256,1000,0.50,500,3,35,0.7500,1.5,56,999.00,4.778202
1257,1000,0.50,500,3,35,0.7500,1.5,57,969.00,1.749638
1258,1000,0.50,500,3,35,0.7500,1.5,58,935.00,0.337655
1259,1000,0.50,500,3,35,0.7500,1.5,59,949.00,0.940212
1260,1000,0.50,500,3,35,0.7500,1.5,60,902.00,1.165373
1261,1000,0.50,500,3,35,0.7500,1.5,61,940.00,14.568139
1262,1000,0.50,500,3,35,0.7500,1.5,62,950.00,1.238932
1263,1000,0.50,500,3,35,0.7500,1.5,63,913.00,3.141505
1264,1000,0.50,500,3,35,0.7500,1.5,64,941.00,1.266501
1265,1000,0.50,500,3,35,0.7500,1.5,65,931.00,0.947797
1266,1000,0.50,500,3,35,0.7500,1.5,66,938.00,16.749777
1267,1000,0.50,500,3,35,0.7500,1.5,67,950.00,17.831697
1268,1000,0.50,500,3,35,0.7500,1.5,68,970.00,6.821097
1269,1000,0.50,500,3,35,0.7500,1.5,69,931.00,0.669791
1270,1000,0.50,500,3,35,0.7500,1.5,70,948.00,0.122531
1271,1000,0.50,500,3,35,0.7500,1.5,71,933.00,2.841093
1272,1000,0.50,500,3,35,0.7500,1.5,72,927.00,1.210189
1273,1000,0.50,500,3,35,0.7500,1.5,73,934.00,0.597933
1274,1000,0.50,500,3,35,0.7500,1.5,74,943.00,1.101600
1275,1000,0.50,500,3,35,0.7500,1.5,75,932.00,6.925553
1276,1000,0.50,500,3,35,0.7500,1.5,76,985.00,1.700246
1277,1000,0.50,500,3,35,0.7500,1.5,77,941.00,1.836325
1278,1000,0.50,500,3,35,0.7500,1.5,78,940.00,1.111034
1279,1000,0.50,500,3,35,0.7500,1.5,79,942.00,5.925660
1280,1000,0.50,500,3,35,0.7500,1.5,80,933.00,0.955525
1281,1000,0.50,500,3,35,0.7500,1.5,81,881.00,8.729491
1282,1000,0.50,500,3,35,0.7500,1.5,82,970.00,1.185926
1283,1000,0.50,500,3,35,0.7500,1.5,83,926.00,6.679211
1284,1000,0.50,500,3,35,0.7500,1.5,84,948.00,7.447060
1285,1000,0.50,500,3,35,0.7500,1.5,85,965.00,9.705424
1286,1000,0.50,500,3,35,0.7500,1.5,86,928.00,2.020050
1287,1000,0.50,500,3,35,0.7500,1.5,87,968.00,4.182662
1288,1000,0.50,500,3,35,0.7500,1.5,88,941.00,3.105158
1289,1000,0.50,500,3,35,0.7500,1.5,89,927.00,9.258506
1290,1000,0.50,500,3,35,0.7500,1.5,90,950.00,2.740562
1291,1000,0.50,500,3,35,0.7500,1.5,91,991.00,0.230338
1292,1000,0.50,500,3,35,0.7500,1.5,92,1005.00,2.353066
1293,1000,0.50,500,3,35,0.7500,1.5,93,945.00,2.380488
1294,1000,0.50,500,3,35,0.7500,1.5,94,946.00,0.614216
1295,1000,0.50,500,3,35,0.7500,1.5,95,946.00,30.955704
1296,1000,0.50,500,3,35,0.7500,1.5,96,938.00,4.403521
1297,1000,0.50,500,3,35,0.7500,1.5,97,979.00,0.422700
1298,1000,0.50,500,3,35,0.7500,1.5,98,942.00,4.314783
1299,1000,0.50,500,3,35,0.7500,1.5,99,952.00,4.934789
1300,1000,0.50,500,3,35,1.0000,2.0,0,958.00,22.831381
1301,1000,0.50,500,3,35,1.0000,2.0,1,967.00,0.578798
1302,1000,0.50,500,3,35,1.0000,2.0,2,987.00,1.594471
1303,1000,0.50,500,3,35,1.0000,2.0,3,1005.00,12.403724
1304,1000,0.50,500,3,35,1.0000,2.0,4,972.00,0.783717
1305,1000,0.50,500,3,35,1.0000,2.0,5,978.00,3.483851
1306,1000,0.50,500,3,35,1.0000,2.0,6,975.00,4.827665
1307,1000,0.50,500,3,35,1.0000,2.0,7,927.00,1.207114
1308,1000,0.50,500,3,35,1.0000,2.0,8,996.00,2.329670
1309,1000,0.50,500,3,35,1.0000,2.0,9,982.00,0.212813
1310,1000,0.50,500,3,35,1.0000,2.0,10,1066.00,6.862628
1311,1000,0.50,500,3,35,1.0000,2.0,11,968.00,7.466619
1312,1000,0.50,500,3,35,1.0000,2.0,12,1028.00,7.224735
1313,1000,0.50,500,3,35,1.0000,2.0,13,996.00,11.391641
1314,1000,0.50,500,3,35,1.0000,2.0,14,997.00,4.168129
1315,1000,0.50,500,3,35,1.0000,2.0,15,1053.00,7.211582
1316,1000,0.50,500,3,35,1.0000,2.0,16,1002.00,17.291693
1317,1000,0.50,500,3,35,1.0000,2.0,17,1016.00,6.032341
1318,1000,0.50,500,3,35,1.0000,2.0,18,985.00,0.291224
1319,1000,0.50,500,3,35,1.0000,2.0,19,1032.00,9.056767
1320,1000,0.50,500,3,35,1.0000,2.0,20,1037.00,3.844339
1321,1000,0.50,500,3,35,1.0000,2.0,21,1028.00,0.475591
1322,1000,0.50,500,3,35,1.0000,2.0,22,1038.00,1.424074
1323,1000,0.50,500,3,35,1.0000,2.0,23,1031.00,0.793638
1324,1000,0.50,500,3,35,1.0000,2.0,24,1003.00,2.719764
1325,1000,0.50,500,3,35,1.0000,2.0,25,974.00,0.288770
1326,1000,0.50,500,3,35,1.0000,2.0,26,988.00,2.534396
1327,1000,0.50,500,3,35,1.0000,2.0,27,1037.00,1.737425
1328,1000,0.50,500,3,35,1.0000,2.0,28,994.00,7.456476
1329,1000,0.50,500,3,35,1.0000,2.0,29,951.00,0.447419
1330,1000,0.50,500,3,35,1.0000,2.0,30,960.00,8.920285
1331,1000,0.50,500,3,35,1.0000,2.0,31,996.00,1.176263
1332,1000,0.50,500,3,35,1.0000,2.0,32,956.00,3.177730
1333,1000,0.50,500,3,35,1.0000,2.0,33,953.00,1.927932
1334,1000,0.50,500,3,35,1.0000,2.0,34,981.00,0.565645
1335,1000,0.50,500,3,35,1.0000,2.0,35,972.00,5.085196
1336,1000,0.50,500,3,35,1.0000,2.0,36,1000.00,2.824886
1337,1000,0.50,500,3,35,1.0000,2.0,37,1064.00,2.668728
1338,1000,0.50,500,3,35,1.0000,2.0,38,974.00,9.019230
1339,1000,0.50,500,3,35,1.0000,2.0,39,971.00,1.391636
1340,1000,0.50,500,3,35,1.0000,2.0,40,1019.00,1.932646
1341,1000,0.50,500,3,35,1.0000,2.0,41,949.00,4.771372
1342,1000,0.50,500,3,35,1.0000,2.0,42,1014.00,5.245527
1343,1000,0.50,500,3,35,1.0000,2.0,43,963.00,1.835824
1344,1000,0.50,500,3,35,1.0000,2.0,44,988.00,2.799377
1345,1000,0.50,500,3,35,1.0000,2.0,45,961.00,14.045376
1346,1000,0.50,500,3,35,1.0000,2.0,46,961.00,0.937643
1347,1000,0.50,500,3,35,1.0000,2.0,47,989.00,1.097177
1348,1000,0.50,500,3,35,1.0000,2.0,48,1066.00,2.788199
1349,1000,0.50,500,3,35,1.0000,2.0,49,998.00,0.744343
1350,1000,0.50,500,3,35,1.0000,2.0,50,940.00,1.763352
1351,1000,0.50,500,3,35,1.0000,2.0,51,1005.00,1.430987
1352,1000,0.50,500,3,35,1.0000,2.0,52,986.00,6.950222
1353,1000,0.50,500,3,35,1.0000,2.0,53,1058.00,1.629604
1354,1000,0.50,500,3,35,1.0000,2.0,54,1031.00,10.197961
1355,1000,0.50,500,3,35,1.0000,2.0,55,1031.00,3.154488
1356,1000,0.50,500,3,35,1.0000,2.0,56,1025.00,1.260406
1357,1000,0.50,500,3,35,1.0000,2.0,57,1011.00,0.439171
1358,1000,0.50,500,3,35,1.0000,2.0,58,990.00,0.173958
1359,1000,0.50,500,3,35,1.0000,2.0,59,1041.00,2.285800
1360,1000,0.50,500,3,35,1.0000,2.0,60,1016.00,3.728444
1361,1000,0.50,500,3,35,1.0000,2.0,61,981.00,1.036716
1362,1000,0.50,500,3,35,1.0000,2.0,62,974.00,0.614783
1363,1000,0.50,500,3,35,1.0000,2.0,63,1004.00,2.199875
1364,1000,0.50,500,3,35,1.0000,2.0,64,1013.00,0.341367
1365,1000,0.50,500,3,35,1.0000,2.0,65,1011.00,18.550892
1366,1000,0.50,500,3,35,1.0000,2.0,66,973.00,1.049878
1367,1000,0.50,500,3,35,1.0000,2.0,67,1039.00,0.954454
1368,1000,0.50,500,3,35,1.0000,2.0,68,981.00,1.979097
1369,1000,0.50,500,3,35,1.0000,2.0,69,992.00,2.451427
1370,1000,0.50,500,3,35,1.0000,2.0,70,1011.00,6.176274
1371,1000,0.50,500,3,35,1.0000,2.0,71,1013.00,6.459816
1372,1000,0.50,500,3,35,1.0000,2.0,72,1018.00,17.957823
1373,1000,0.50,500,3,35,1.0000,2.0,73,1011.00,2.710955
1374,1000,0.50,500,3,35,1.0000,2.0,74,1038.00,1.527510
1375,1000,0.50,500,3,35,1.0000,2.0,75,1024.00,5.824789
1376,1000,0.50,500,3,35,1.0000,2.0,76,1026.00,1.867082
1377,1000,0.50,500,3,35,1.0000,2.0,77,994.00,5.796428
1378,1000,0.50,500,3,35,1.0000,2.0,78,1001.00,8.718127
1379,1000,0.50,500,3,35,1.0000,2.0,79,1038.00,12.919575
1380,1000,0.50,500,3,35,1.0000,2.0,80,969.00,2.743397
1381,1000,0.50,500,3,35,1.0000,2.0,81,982.00,4.337136
1382,1000,0.50,500,3,35,1.0000,2.0,82,1040.00,1.442881
1383,1000,0.50,500,3,35,1.0000,2.0,83,1021.00,0.829268
1384,1000,0.50,500,3,35,1.0000,2.0,84,1017.00,1.449778
1385,1000,0.50,500,3,35,1.0000,2.0,85,972.00,6.610814
1386,1000,0.50,500,3,35,1.0000,2.0,86,1038.00,4.925447
1387,1000,0.50,500,3,35,1.0000,2.0,87,1038.00,10.448315
1388,1000,0.50,500,3,35,1.0000,2.0,88,1011.00,1.294822
1389,1000,0.50,500,3,35,1.0000,2.0,89,1015.00,0.447211
1390,1000,0.50,500,3,35,1.0000,2.0,90,1040.00,1.701454
1391,1000,0.50,500,3,35,1.0000,2.0,91,996.00,3.965552
1392,1000,0.50,500,3,35,1.0000,2.0,92,999.00,2.398964
1393,1000,0.50,500,3,35,1.0000,2.0,93,963.00,1.367006
1394,1000,0.50,500,3,35,1.0000,2.0,94,1002.00,2.095215
1395,1000,0.50,500,3,35,1.0000,2.0,95,979.00,3.831111
1396,1000,0.50,500,3,35,1.0000,2.0,96,954.00,1.153234
1397,1000,0.50,500,3,35,1.0000,2.0,97,1021.00,5.838350
1398,1000,0.50,500,3,35,1.0000,2.0,98,986.00,4.976325
1399,1000,0.50,500,3,35,1.0000,2.0,99,1056.00,2.346270
1400,1000,0.50,500,3,35,1.2500,2.5,0,502.00,0.622508
1401,1000,0.50,500,3,35,1.2500,2.5,1,1026.00,11.613360
1402,1000,0.50,500,3,35,1.2500,2.5,2,365.00,2.585686
1403,1000,0.50,500,3,35,1.2500,2.5,3,62.00,0.472740
1404,1000,0.50,500,3,35,1.2500,2.5,4,1009.00,10.918587
1405,1000,0.50,500,3,35,1.2500,2.5,5,1067.00,12.158884
1406,1000,0.50,500,3,35,1.2500,2.5,6,232.00,2.140991
1407,1000,0.50,500,3,35,1.2500,2.5,7,943.00,1.390544
1408,1000,0.50,500,3,35,1.2500,2.5,8,1030.00,3.023888
1409,1000,0.50,500,3,35,1.2500,2.5,9,822.00,4.040020
1410,1000,0.50,500,3,35,1.2500,2.5,10,894.00,2.187345
1411,1000,0.50,500,3,35,1.2500,2.5,11,419.00,4.124078
1412,1000,0.50,500,3,35,1.2500,2.5,12,321.00,2.338634
1413,1000,0.50,500,3,35,1.2500,2.5,13,236.00,2.760249
1414,1000,0.50,500,3,35,1.2500,2.5,14,344.00,4.067158
1415,1000,0.50,500,3,35,1.2500,2.5,15,352.00,5.107157
1416,1000,0.50,500,3,35,1.2500,2.5,16,431.00,2.161185
1417,1000,0.50,500,3,35,1.2500,2.5,17,572.00,3.423609
1418,1000,0.50,500,3,35,1.2500,2.5,18,1046.00,6.066384
1419,1000,0.50,500,3,35,1.2500,2.5,19,818.00,4.885887
1420,1000,0.50,500,3,35,1.2500,2.5,20,512.00,4.422793
1421,1000,0.50,500,3,35,1.2500,2.5,21,228.00,2.761610
1422,1000,0.50,500,3,35,1.2500,2.5,22,649.00,0.712238
1423,1000,0.50,500,3,35,1.2500,2.5,23,277.00,3.114074
1424,1000,0.50,500,3,35,1.2500,2.5,24,88.00,0.475145
1425,1000,0.50,500,3,35,1.2500,2.5,25,91.00,0.474228
1426,1000,0.50,500,3,35,1.2500,2.5,26,394.00,0.462856
1427,1000,0.50,500,3,35,1.2500,2.5,27,1053.00,7.336185
1428,1000,0.50,500,3,35,1.2500,2.5,28,1036.00,8.916664
1429,1000,0.50,500,3,35,1.2500,2.5,29,1097.00,13.477266
1430,1000,0.50,500,3,35,1.2500,2.5,30,100.00,3.813772
1431,1000,0.50,500,3,35,1.2500,2.5,31,983.00,3.614528
1432,1000,0.50,500,3,35,1.2500,2.5,32,995.00,1.401011
1433,1000,0.50,500,3,35,1.2500,2.5,33,698.00,4.830533
1434,1000,0.50,500,3,35,1.2500,2.5,34,1002.00,0.377399
1435,1000,0.50,500,3,35,1.2500,2.5,35,883.00,4.923276
1436,1000,0.50,500,3,35,1.2500,2.5,36,478.00,0.287471
1437,1000,0.50,500,3,35,1.2500,2.5,37,1049.00,10.330829
1438,1000,0.50,500,3,35,1.2500,2.5,38,867.00,0.807745
1439,1000,0.50,500,3,35,1.2500,2.5,39,675.00,2.854094
1440,1000,0.50,500,3,35,1.2500,2.5,40,1014.00,14.341295
1441,1000,0.50,500,3,35,1.2500,2.5,41,1039.00,10.433925
1442,1000,0.50,500,3,35,1.2500,2.5,42,549.00,2.982071
1443,1000,0.50,500,3,35,1.2500,2.5,43,784.00,1.515774
1444,1000,0.50,500,3,35,1.2500,2.5,44,1025.00,12.959450
1445,1000,0.50,500,3,35,1.2500,2.5,45,1043.00,8.028964
1446,1000,0.50,500,3,35,1.2500,2.5,46,992.00,22.091980
1447,1000,0.50,500,3,35,1.2500,2.5,47,636.00,2.455649
1448,1000,0.50,500,3,35,1.2500,2.5,48,590.00,5.404750
1449,1000,0.50,500,3,35,1.2500,2.5,49,276.00,2.629092
1450,1000,0.50,500,3,35,1.2500,2.5,50,153.00,1.548099
1451,1000,0.50,500,3,35,1.2500,2.5,51,524.00,2.077753
1452,1000,0.50,500,3,35,1.2500,2.5,52,433.00,6.468168
1453,1000,0.50,500,3,35,1.2500,2.5,53,283.00,0.685879
1454,1000,0.50,500,3,35,1.2500,2.5,54,1013.00,6.032383
1455,1000,0.50,500,3,35,1.2500,2.5,55,536.00,0.514662
1456,1000,0.50,500,3,35,1.2500,2.5,56,101.00,1.128110
1457,1000,0.50,500,3,35,1.2500,2.5,57,1048.00,8.463725
1458,1000,0.50,500,3,35,1.2500,2.5,58,670.00,0.590621
1459,1000,0.50,500,3,35,1.2500,2.5,59,687.00,3.313559
1460,1000,0.50,500,3,35,1.2500,2.5,60,1046.00,1.620432
1461,1000,0.50,500,3,35,1.2500,2.5,61,809.00,0.832919
1462,1000,0.50,500,3,35,1.2500,2.5,62,1008.00,9.276094
1463,1000,0.50,500,3,35,1.2500,2.5,63,425.00,1.860109
1464,1000,0.50,500,3,35,1.2500,2.5,64,316.00,3.609817
1465,1000,0.50,500,3,35,1.2500,2.5,65,507.00,4.462366
1466,1000,0.50,500,3,35,1.2500,2.5,66,1051.00,2.015464
1467,1000,0.50,500,3,35,1.2500,2.5,67,1075.00,23.442831
1468,1000,0.50,500,3,35,1.2500,2.5,68,496.00,0.431428
1469,1000,0.50,500,3,35,1.2500,2.5,69,763.00,1.347240
1470,1000,0.50,500,3,35,1.2500,2.5,70,454.00,5.351692
1471,1000,0.50,500,3,35,1.2500,2.5,71,179.00,1.907784
1472,1000,0.50,500,3,35,1.2500,2.5,72,83.00,0.369312
1473,1000,0.50,500,3,35,1.2500,2.5,73,342.00,2.830106
1474,1000,0.50,500,3,35,1.2500,2.5,74,380.00,0.268805
1475,1000,0.50,500,3,35,1.2500,2.5,75,405.00,2.545407
1476,1000,0.50,500,3,35,1.2500,2.5,76,974.00,1.450268
1477,1000,0.50,500,3,35,1.2500,2.5,77,253.00,3.450085
1478,1000,0.50,500,3,35,1.2500,2.5,78,1033.00,2.037009
1479,1000,0.50,500,3,35,1.2500,2.5,79,988.00,0.285628
1480,1000,0.50,500,3,35,1.2500,2.5,80,168.00,1.710045
1481,1000,0.50,500,3,35,1.2500,2.5,81,906.00,0.740503
1482,1000,0.50,500,3,35,1.2500,2.5,82,1001.00,13.119866
1483,1000,0.50,500,3,35,1.2500,2.5,83,203.00,3.327020
1484,1000,0.50,500,3,35,1.2500,2.5,84,93.00,1.312236
1485,1000,0.50,500,3,35,1.2500,2.5,85,81.00,0.699375
1486,1000,0.50,500,3,35,1.2500,2.5,86,154.00,6.734367
1487,1000,0.50,500,3,35,1.2500,2.5,87,994.00,3.956770
1488,1000,0.50,500,3,35,1.2500,2.5,88,788.00,12.182921
1489,1000,0.50,500,3,35,1.2500,2.5,89,62.00,0.752159
1490,1000,0.50,500,3,35,1.2500,2.5,90,138.00,0.022590
1491,1000,0.50,500,3,35,1.2500,2.5,91,988.00,6.964406
1492,1000,0.50,500,3,35,1.2500,2.5,92,600.00,3.115565
1493,1000,0.50,500,3,35,1.2500,2.5,93,866.00,1.411208
1494,1000,0.50,500,3,35,1.2500,2.5,94,1031.00,6.127867
1495,1000,0.50,500,3,35,1.2500,2.5,95,920.00,1.682862
1496,1000,0.50,500,3,35,1.2500,2.5,96,279.00,0.951914
1497,1000,0.50,500,3,35,1.2500,2.5,97,299.00,0.340599
1498,1000,0.50,500,3,35,1.2500,2.5,98,563.00,2.742836
1499,1000,0.50,500,3,35,1.2500,2.5,99,884.00,1.676676
1500,1000,0.50,500,3,35,1.5000,3.0,0,183.00,8.656534
1501,1000,0.50,500,3,35,1.5000,3.0,1,115.00,1.625431
1502,1000,0.50,500,3,35,1.5000,3.0,2,342.00,19.719631
1503,1000,0.50,500,3,35,1.5000,3.0,3,337.00,17.981773
1504,1000,0.50,500,3,35,1.5000,3.0,4,578.00,16.926188
1505,1000,0.50,500,3,35,1.5000,3.0,5,488.00,17.798325
1506,1000,0.50,500,3,35,1.5000,3.0,6,288.00,1.780027
1507,1000,0.50,500,3,35,1.5000,3.0,7,853.00,6.083039
1508,1000,0.50,500,3,35,1.5000,3.0,8,130.00,10.791018
1509,1000,0.50,500,3,35,1.5000,3.0,9,991.00,8.279589
1510,1000,0.50,500,3,35,1.5000,3.0,10,466.00,24.373501
1511,1000,0.50,500,3,35,1.5000,3.0,11,175.00,14.493979
1512,1000,0.50,500,3,35,1.5000,3.0,12,189.00,9.692864
1513,1000,0.50,500,3,35,1.5000,3.0,13,489.00,1.398682
1514,1000,0.50,500,3,35,1.5000,3.0,14,186.00,9.010938
1515,1000,0.50,500,3,35,1.5000,3.0,15,95.00,3.439417
1516,1000,0.50,500,3,35,1.5000,3.0,16,89.00,4.414575
1517,1000,0.50,500,3,35,1.5000,3.0,17,74.00,14.917282
1518,1000,0.50,500,3,35,1.5000,3.0,18,540.00,9.977154
1519,1000,0.50,500,3,35,1.5000,3.0,19,409.00,8.984001
1520,1000,0.50,500,3,35,1.5000,3.0,20,345.00,1.433052
1521,1000,0.50,500,3,35,1.5000,3.0,21,341.00,8.069780
1522,1000,0.50,500,3,35,1.5000,3.0,22,209.00,1.078515
1523,1000,0.50,500,3,35,1.5000,3.0,23,790.00,10.892340
1524,1000,0.50,500,3,35,1.5000,3.0,24,465.00,0.587567
1525,1000,0.50,500,3,35,1.5000,3.0,25,156.00,17.496437
1526,1000,0.50,500,3,35,1.5000,3.0,26,117.00,5.108811
1527,1000,0.50,500,3,35,1.5000,3.0,27,1059.00,20.443575
1528,1000,0.50,500,3,35,1.5000,3.0,28,102.00,3.068395
1529,1000,0.50,500,3,35,1.5000,3.0,29,970.00,1.052434
1530,1000,0.50,500,3,35,1.5000,3.0,30,147.00,0.993575
1531,1000,0.50,500,3,35,1.5000,3.0,31,71.00,4.309434
1532,1000,0.50,500,3,35,1.5000,3.0,32,93.00,0.887425
1533,1000,0.50,500,3,35,1.5000,3.0,33,599.00,4.422749
1534,1000,0.50,500,3,35,1.5000,3.0,34,1009.00,23.060497
1535,1000,0.50,500,3,35,1.5000,3.0,35,198.00,8.764302
1536,1000,0.50,500,3,35,1.5000,3.0,36,198.00,13.268760
1537,1000,0.50,500,3,35,1.5000,3.0,37,191.00,0.969349
1538,1000,0.50,500,3,35,1.5000,3.0,38,233.00,2.759694
1539,1000,0.50,500,3,35,1.5000,3.0,39,243.00,0.201386
1540,1000,0.50,500,3,35,1.5000,3.0,40,700.00,15.276661
1541,1000,0.50,500,3,35,1.5000,3.0,41,129.00,1.761659
1542,1000,0.50,500,3,35,1.5000,3.0,42,472.00,0.725496
1543,1000,0.50,500,3,35,1.5000,3.0,43,86.00,3.903780
1544,1000,0.50,500,3,35,1.5000,3.0,44,608.00,6.775712
1545,1000,0.50,500,3,35,1.5000,3.0,45,71.00,8.245774
1546,1000,0.50,500,3,35,1.5000,3.0,46,344.00,8.006552
1547,1000,0.50,500,3,35,1.5000,3.0,47,107.00,3.571657
1548,1000,0.50,500,3,35,1.5000,3.0,48,523.00,9.970985
1549,1000,0.50,500,3,35,1.5000,3.0,49,309.00,0.633349
1550,1000,0.50,500,3,35,1.5000,3.0,50,141.00,3.277741
1551,1000,0.50,500,3,35,1.5000,3.0,51,227.00,13.554921
1552,1000,0.50,500,3,35,1.5000,3.0,52,72.00,6.948751
1553,1000,0.50,500,3,35,1.5000,3.0,53,60.00,1.584567
1554,1000,0.50,500,3,35,1.5000,3.0,54,109.00,1.288855
1555,1000,0.50,500,3,35,1.5000,3.0,55,294.00,17.943827
1556,1000,0.50,500,3,35,1.5000,3.0,56,154.00,0.617224
1557,1000,0.50,500,3,35,1.5000,3.0,57,330.00,3.016817
1558,1000,0.50,500,3,35,1.5000,3.0,58,59.00,1.130295
1559,1000,0.50,500,3,35,1.5000,3.0,59,793.00,11.344535
1560,1000,0.50,500,3,35,1.5000,3.0,60,97.00,3.530075
1561,1000,0.50,500,3,35,1.5000,3.0,61,175.00,0.807080
1562,1000,0.50,500,3,35,1.5000,3.0,62,432.00,0.689081
1563,1000,0.50,500,3,35,1.5000,3.0,63,360.00,18.435703
1564,1000,0.50,500,3,35,1.5000,3.0,64,351.00,2.075841
1565,1000,0.50,500,3,35,1.5000,3.0,65,150.00,6.875422
1566,1000,0.50,500,3,35,1.5000,3.0,66,143.00,1.955308
1567,1000,0.50,500,3,35,1.5000,3.0,67,113.00,1.918507
1568,1000,0.50,500,3,35,1.5000,3.0,68,553.00,3.491112
1569,1000,0.50,500,3,35,1.5000,3.0,69,181.00,10.502549
1570,1000,0.50,500,3,35,1.5000,3.0,70,74.00,9.305835
1571,1000,0.50,500,3,35,1.5000,3.0,71,84.00,8.128658
1572,1000,0.50,500,3,35,1.5000,3.0,72,282.00,6.008256
1573,1000,0.50,500,3,35,1.5000,3.0,73,144.00,3.363731
1574,1000,0.50,500,3,35,1.5000,3.0,74,279.00,1.311561
1575,1000,0.50,500,3,35,1.5000,3.0,75,357.00,11.073773
1576,1000,0.50,500,3,35,1.5000,3.0,76,678.00,3.213963
1577,1000,0.50,500,3,35,1.5000,3.0,77,117.00,1.778033
1578,1000,0.50,500,3,35,1.5000,3.0,78,160.00,1.797617
1579,1000,0.50,500,3,35,1.5000,3.0,79,935.00,12.447316
1580,1000,0.50,500,3,35,1.5000,3.0,80,330.00,8.336396
1581,1000,0.50,500,3,35,1.5000,3.0,81,146.00,7.011085
1582,1000,0.50,500,3,35,1.5000,3.0,82,750.00,4.903712
1583,1000,0.50,500,3,35,1.5000,3.0,83,251.00,1.202067
1584,1000,0.50,500,3,35,1.5000,3.0,84,482.00,8.428254
1585,1000,0.50,500,3,35,1.5000,3.0,85,409.00,9.106403
1586,1000,0.50,500,3,35,1.5000,3.0,86,346.00,0.495708
1587,1000,0.50,500,3,35,1.5000,3.0,87,719.00,8.775680
1588,1000,0.50,500,3,35,1.5000,3.0,88,252.00,10.988849
1589,1000,0.50,500,3,35,1.5000,3.0,89,763.00,13.768390
1590,1000,0.50,500,3,35,1.5000,3.0,90,534.00,0.763230
1591,1000,0.50,500,3,35,1.5000,3.0,91,162.00,0.855231
1592,1000,0.50,500,3,35,1.5000,3.0,92,402.00,0.707671
1593,1000,0.50,500,3,35,1.5000,3.0,93,70.00,6.637969
1594,1000,0.50,500,3,35,1.5000,3.0,94,425.00,1.619330
1595,1000,0.50,500,3,35,1.5000,3.0,95,409.00,2.977860
1596,1000,0.50,500,3,35,1.5000,3.0,96,93.00,2.223561
1597,1000,0.50,500,3,35,1.5000,3.0,97,280.00,6.020943
1598,1000,0.50,500,3,35,1.5000,3.0,98,351.00,7.364302
1599,1000,0.50,500,3,35,1.5000,3.0,99,152.00,1.232001
1600,1000,0.50,500,3,35,1.7500,3.5,0,224.00,15.719630
1601,1000,0.50,500,3,35,1.7500,3.5,1,70.00,1.127695
1602,1000,0.50,500,3,35,1.7500,3.5,2,81.00,23.490898
1603,1000,0.50,500,3,35,1.7500,3.5,3,300.00,7.331217
1604,1000,0.50,500,3,35,1.7500,3.5,4,68.00,3.120854
1605,1000,0.50,500,3,35,1.7500,3.5,5,321.00,11.056036
1606,1000,0.50,500,3,35,1.7500,3.5,6,88.00,19.690475
1607,1000,0.50,500,3,35,1.7500,3.5,7,285.00,7.795634
1608,1000,0.50,500,3,35,1.7500,3.5,8,152.00,14.275529
1609,1000,0.50,500,3,35,1.7500,3.5,9,105.00,11.173120
1610,1000,0.50,500,3,35,1.7500,3.5,10,241.00,5.421180
1611,1000,0.50,500,3,35,1.7500,3.5,11,226.00,2.244117
1612,1000,0.50,500,3,35,1.7500,3.5,12,101.00,1.265807
1613,1000,0.50,500,3,35,1.7500,3.5,13,144.00,12.017802
1614,1000,0.50,500,3,35,1.7500,3.5,14,103.00,0.512471
1615,1000,0.50,500,3,35,1.7500,3.5,15,353.00,4.004371
1616,1000,0.50,500,3,35,1.7500,3.5,16,94.00,2.829404
1617,1000,0.50,500,3,35,1.7500,3.5,17,228.00,11.354970
1618,1000,0.50,500,3,35,1.7500,3.5,18,172.00,12.064762
1619,1000,0.50,500,3,35,1.7500,3.5,19,118.00,0.614263
1620,1000,0.50,500,3,35,1.7500,3.5,20,200.00,27.174458
1621,1000,0.50,500,3,35,1.7500,3.5,21,359.00,1.443961
1622,1000,0.50,500,3,35,1.7500,3.5,22,200.00,0.187473
1623,1000,0.50,500,3,35,1.7500,3.5,23,161.00,0.364250
1624,1000,0.50,500,3,35,1.7500,3.5,24,379.00,6.908840
1625,1000,0.50,500,3,35,1.7500,3.5,25,294.00,5.435762
1626,1000,0.50,500,3,35,1.7500,3.5,26,347.00,11.296884
1627,1000,0.50,500,3,35,1.7500,3.5,27,111.00,11.458330
1628,1000,0.50,500,3,35,1.7500,3.5,28,160.00,3.128295
1629,1000,0.50,500,3,35,1.7500,3.5,29,113.00,3.564383
1630,1000,0.50,500,3,35,1.7500,3.5,30,204.00,0.805899
1631,1000,0.50,500,3,35,1.7500,3.5,31,354.00,8.027067
1632,1000,0.50,500,3,35,1.7500,3.5,32,76.00,7.780558
1633,1000,0.50,500,3,35,1.7500,3.5,33,95.00,2.056095
1634,1000,0.50,500,3,35,1.7500,3.5,34,341.00,7.383551
1635,1000,0.50,500,3,35,1.7500,3.5,35,73.00,9.021482
1636,1000,0.50,500,3,35,1.7500,3.5,36,224.00,11.045313
1637,1000,0.50,500,3,35,1.7500,3.5,37,91.00,16.340258
1638,1000,0.50,500,3,35,1.7500,3.5,38,176.00,5.065736
1639,1000,0.50,500,3,35,1.7500,3.5,39,93.00,11.745252
1640,1000,0.50,500,3,35,1.7500,3.5,40,91.00,8.552760
1641,1000,0.50,500,3,35,1.7500,3.5,41,186.00,0.719945
1642,1000,0.50,500,3,35,1.7500,3.5,42,175.00,2.199224
1643,1000,0.50,500,3,35,1.7500,3.5,43,295.00,2.273928
1644,1000,0.50,500,3,35,1.7500,3.5,44,192.00,17.797722
1645,1000,0.50,500,3,35,1.7500,3.5,45,152.00,24.330774
1646,1000,0.50,500,3,35,1.7500,3.5,46,148.00,16.916611
1647,1000,0.50,500,3,35,1.7500,3.5,47,74.00,13.355043
1648,1000,0.50,500,3,35,1.7500,3.5,48,170.00,3.521612
1649,1000,0.50,500,3,35,1.7500,3.5,49,164.00,16.441778
1650,1000,0.50,500,3,35,1.7500,3.5,50,91.00,7.568727
1651,1000,0.50,500,3,35,1.7500,3.5,51,141.00,11.212485
1652,1000,0.50,500,3,35,1.7500,3.5,52,147.00,0.397651
1653,1000,0.50,500,3,35,1.7500,3.5,53,492.00,23.356333
1654,1000,0.50,500,3,35,1.7500,3.5,54,462.00,12.347584
1655,1000,0.50,500,3,35,1.7500,3.5,55,73.00,0.376637
1656,1000,0.50,500,3,35,1.7500,3.5,56,208.00,5.070815
1657,1000,0.50,500,3,35,1.7500,3.5,57,79.00,22.241045
1658,1000,0.50,500,3,35,1.7500,3.5,58,116.00,7.065125
1659,1000,0.50,500,3,35,1.7500,3.5,59,137.00,4.736071
1660,1000,0.50,500,3,35,1.7500,3.5,60,142.00,12.404210
1661,1000,0.50,500,3,35,1.7500,3.5,61,108.00,1.914106
1662,1000,0.50,500,3,35,1.7500,3.5,62,67.00,3.426185
1663,1000,0.50,500,3,35,1.7500,3.5,63,108.00,13.804063
1664,1000,0.50,500,3,35,1.7500,3.5,64,244.00,0.766657
1665,1000,0.50,500,3,35,1.7500,3.5,65,328.00,7.048349
1666,1000,0.50,500,3,35,1.7500,3.5,66,103.00,5.279046
1667,1000,0.50,500,3,35,1.7500,3.5,67,146.00,24.218714
1668,1000,0.50,500,3,35,1.7500,3.5,68,174.00,4.761786
1669,1000,0.50,500,3,35,1.7500,3.5,69,350.00,15.446787
1670,1000,0.50,500,3,35,1.7500,3.5,70,231.00,21.294483
1671,1000,0.50,500,3,35,1.7500,3.5,71,210.00,1.058270
1672,1000,0.50,500,3,35,1.7500,3.5,72,110.00,17.676277
1673,1000,0.50,500,3,35,1.7500,3.5,73,143.00,17.015745
1674,1000,0.50,500,3,35,1.7500,3.5,74,297.00,11.935684
1675,1000,0.50,500,3,35,1.7500,3.5,75,140.00,4.763776
1676,1000,0.50,500,3,35,1.7500,3.5,76,790.00,2.989224
1677,1000,0.50,500,3,35,1.7500,3.5,77,315.00,8.568956
1678,1000,0.50,500,3,35,1.7500,3.5,78,213.00,4.415151
1679,1000,0.50,500,3,35,1.7500,3.5,79,92.00,2.205405
1680,1000,0.50,500,3,35,1.7500,3.5,80,504.00,18.498840
1681,1000,0.50,500,3,35,1.7500,3.5,81,105.00,15.941276
1682,1000,0.50,500,3,35,1.7500,3.5,82,182.00,16.645111
1683,1000,0.50,500,3,35,1.7500,3.5,83,227.00,7.489338
1684,1000,0.50,500,3,35,1.7500,3.5,84,276.00,2.414706
1685,1000,0.50,500,3,35,1.7500,3.5,85,175.00,3.066254
1686,1000,0.50,500,3,35,1.7500,3.5,86,514.00,0.283092
1687,1000,0.50,500,3,35,1.7500,3.5,87,173.00,6.863194
1688,1000,0.50,500,3,35,1.7500,3.5,88,159.00,1.194561
1689,1000,0.50,500,3,35,1.7500,3.5,89,422.00,1.668978
1690,1000,0.50,500,3,35,1.7500,3.5,90,74.00,3.406554
1691,1000,0.50,500,3,35,1.7500,3.5,91,245.00,7.199129
1692,1000,0.50,500,3,35,1.7500,3.5,92,118.00,15.341448
1693,1000,0.50,500,3,35,1.7500,3.5,93,156.00,8.735161
1694,1000,0.50,500,3,35,1.7500,3.5,94,132.00,10.309452
1695,1000,0.50,500,3,35,1.7500,3.5,95,114.00,7.388176
1696,1000,0.50,500,3,35,1.7500,3.5,96,137.00,12.540244
1697,1000,0.50,500,3,35,1.7500,3.5,97,136.00,1.610655
1698,1000,0.50,500,3,35,1.7500,3.5,98,245.00,5.096737
1699,1000,0.50,500,3,35,1.7500,3.5,99,103.00,6.181342
1700,1000,0.50,500,3,35,2.0000,4.0,0,208.00,0.845133
1701,1000,0.50,500,3,35,2.0000,4.0,1,85.00,4.194128
1702,1000,0.50,500,3,35,2.0000,4.0,2,108.00,9.496097
1703,1000,0.50,500,3,35,2.0000,4.0,3,78.00,13.918362
1704,1000,0.50,500,3,35,2.0000,4.0,4,241.00,15.542497
1705,1000,0.50,500,3,35,2.0000,4.0,5,90.00,2.037302
1706,1000,0.50,500,3,35,2.0000,4.0,6,81.00,21.661329
1707,1000,0.50,500,3,35,2.0000,4.0,7,84.00,26.096197
1708,1000,0.50,500,3,35,2.0000,4.0,8,75.00,5.358501
1709,1000,0.50,500,3,35,2.0000,4.0,9,279.00,7.384550
1710,1000,0.50,500,3,35,2.0000,4.0,10,158.00,12.307667
1711,1000,0.50,500,3,35,2.0000,4.0,11,326.00,29.308987
1712,1000,0.50,500,3,35,2.0000,4.0,12,107.00,11.379023
1713,1000,0.50,500,3,35,2.0000,4.0,13,414.00,1.179933
1714,1000,0.50,500,3,35,2.0000,4.0,14,79.00,13.025928
1715,1000,0.50,500,3,35,2.0000,4.0,15,172.00,9.814699
1716,1000,0.50,500,3,35,2.0000,4.0,16,243.00,7.109078
1717,1000,0.50,500,3,35,2.0000,4.0,17,238.00,18.322121
1718,1000,0.50,500,3,35,2.0000,4.0,18,120.00,16.022566
1719,1000,0.50,500,3,35,2.0000,4.0,19,181.00,15.714101
1720,1000,0.50,500,3,35,2.0000,4.0,20,91.00,19.375999
1721,1000,0.50,500,3,35,2.0000,4.0,21,99.00,2.717535
1722,1000,0.50,500,3,35,2.0000,4.0,22,72.00,4.773998
1723,1000,0.50,500,3,35,2.0000,4.0,23,174.00,4.294657
1724,1000,0.50,500,3,35,2.0000,4.0,24,228.00,2.023628
1725,1000,0.50,500,3,35,2.0000,4.0,25,233.00,8.664221
1726,1000,0.50,500,3,35,2.0000,4.0,26,86.00,5.212680
1727,1000,0.50,500,3,35,2.0000,4.0,27,166.00,2.417334
1728,1000,0.50,500,3,35,2.0000,4.0,28,508.00,6.229471
1729,1000,0.50,500,3,35,2.0000,4.0,29,139.00,19.015715
1730,1000,0.50,500,3,35,2.0000,4.0,30,120.00,14.539646
1731,1000,0.50,500,3,35,2.0000,4.0,31,153.00,19.239538
1732,1000,0.50,500,3,35,2.0000,4.0,32,159.00,5.078779
1733,1000,0.50,500,3,35,2.0000,4.0,33,79.00,12.967875
1734,1000,0.50,500,3,35,2.0000,4.0,34,112.00,15.267859
1735,1000,0.50,500,3,35,2.0000,4.0,35,81.00,24.363285
1736,1000,0.50,500,3,35,2.0000,4.0,36,105.00,15.481810
1737,1000,0.50,500,3,35,2.0000,4.0,37,185.00,7.911321
1738,1000,0.50,500,3,35,2.0000,4.0,38,303.00,15.204135
1739,1000,0.50,500,3,35,2.0000,4.0,39,209.00,16.450739
1740,1000,0.50,500,3,35,2.0000,4.0,40,143.00,6.655586
1741,1000,0.50,500,3,35,2.0000,4.0,41,134.00,26.078472
1742,1000,0.50,500,3,35,2.0000,4.0,42,169.00,16.794754
1743,1000,0.50,500,3,35,2.0000,4.0,43,136.00,15.840618
1744,1000,0.50,500,3,35,2.0000,4.0,44,70.00,0.539025
1745,1000,0.50,500,3,35,2.0000,4.0,45,151.00,24.468765
1746,1000,0.50,500,3,35,2.0000,4.0,46,287.00,7.585185
1747,1000,0.50,500,3,35,2.0000,4.0,47,160.00,0.726577
1748,1000,0.50,500,3,35,2.0000,4.0,48,160.00,3.497609
1749,1000,0.50,500,3,35,2.0000,4.0,49,72.00,16.303078
1750,1000,0.50,500,3,35,2.0000,4.0,50,71.00,11.816531
1751,1000,0.50,500,3,35,2.0000,4.0,51,201.00,1.122088
1752,1000,0.50,500,3,35,2.0000,4.0,52,105.00,15.856774
1753,1000,0.50,500,3,35,2.0000,4.0,53,164.00,0.331611
1754,1000,0.50,500,3,35,2.0000,4.0,54,105.00,2.224325
1755,1000,0.50,500,3,35,2.0000,4.0,55,254.00,6.097394
1756,1000,0.50,500,3,35,2.0000,4.0,56,141.00,32.842670
1757,1000,0.50,500,3,35,2.0000,4.0,57,288.00,25.483065
1758,1000,0.50,500,3,35,2.0000,4.0,58,155.00,1.671447
1759,1000,0.50,500,3,35,2.0000,4.0,59,348.00,3.378636
1760,1000,0.50,500,3,35,2.0000,4.0,60,196.00,31.289770
1761,1000,0.50,500,3,35,2.0000,4.0,61,137.00,15.675160
1762,1000,0.50,500,3,35,2.0000,4.0,62,91.00,3.557104
1763,1000,0.50,500,3,35,2.0000,4.0,63,81.00,37.762306
1764,1000,0.50,500,3,35,2.0000,4.0,64,133.00,7.583534
1765,1000,0.50,500,3,35,2.0000,4.0,65,226.00,5.704350
1766,1000,0.50,500,3,35,2.0000,4.0,66,285.00,23.245165
1767,1000,0.50,500,3,35,2.0000,4.0,67,156.00,9.088164
1768,1000,0.50,500,3,35,2.0000,4.0,68,110.00,8.511914
1769,1000,0.50,500,3,35,2.0000,4.0,69,206.00,5.159126
1770,1000,0.50,500,3,35,2.0000,4.0,70,186.00,12.754559
1771,1000,0.50,500,3,35,2.0000,4.0,71,163.00,4.232025
1772,1000,0.50,500,3,35,2.0000,4.0,72,152.00,1.039994
1773,1000,0.50,500,3,35,2.0000,4.0,73,334.00,25.521461
1774,1000,0.50,500,3,35,2.0000,4.0,74,196.00,21.090065
1775,1000,0.50,500,3,35,2.0000,4.0,75,326.00,17.858738
1776,1000,0.50,500,3,35,2.0000,4.0,76,62.00,0.893428
1777,1000,0.50,500,3,35,2.0000,4.0,77,141.00,25.280907
1778,1000,0.50,500,3,35,2.0000,4.0,78,113.00,12.592226
1779,1000,0.50,500,3,35,2.0000,4.0,79,141.00,8.806820
1780,1000,0.50,500,3,35,2.0000,4.0,80,122.00,4.577385
1781,1000,0.50,500,3,35,2.0000,4.0,81,107.00,8.259161
1782,1000,0.50,500,3,35,2.0000,4.0,82,101.00,0.516680
1783,1000,0.50,500,3,35,2.0000,4.0,83,77.00,7.488575
1784,1000,0.50,500,3,35,2.0000,4.0,84,131.00,0.161860
1785,1000,0.50,500,3,35,2.0000,4.0,85,206.00,3.857741
1786,1000,0.50,500,3,35,2.0000,4.0,86,174.00,7.049780
1787,1000,0.50,500,3,35,2.0000,4.0,87,157.00,12.371694
1788,1000,0.50,500,3,35,2.0000,4.0,88,106.00,22.668543
1789,1000,0.50,500,3,35,2.0000,4.0,89,105.00,1.313894
1790,1000,0.50,500,3,35,2.0000,4.0,90,188.00,23.832317
1791,1000,0.50,500,3,35,2.0000,4.0,91,289.00,17.558203
1792,1000,0.50,500,3,35,2.0000,4.0,92,93.00,25.556211
1793,1000,0.50,500,3,35,2.0000,4.0,93,104.00,18.570320
1794,1000,0.50,500,3,35,2.0000,4.0,94,183.00,10.621050
1795,1000,0.50,500,3,35,2.0000,4.0,95,117.00,16.556482
1796,1000,0.50,500,3,35,2.0000,4.0,96,203.00,19.882275
1797,1000,0.50,500,3,35,2.0000,4.0,97,86.00,10.859418
1798,1000,0.50,500,3,35,2.0000,4.0,98,125.00,4.884957
1799,1000,0.50,500,3,35,2.0000,4.0,99,101.00,17.418806
1800,1000,0.50,500,3,35,2.2500,4.5,0,106.00,10.443026
1801,1000,0.50,500,3,35,2.2500,4.5,1,94.00,4.370780
1802,1000,0.50,500,3,35,2.2500,4.5,2,208.00,1.468671
1803,1000,0.50,500,3,35,2.2500,4.5,3,80.00,27.920332
1804,1000,0.50,500,3,35,2.2500,4.5,4,152.00,13.242707
1805,1000,0.50,500,3,35,2.2500,4.5,5,272.00,11.136250
1806,1000,0.50,500,3,35,2.2500,4.5,6,174.00,14.342015
1807,1000,0.50,500,3,35,2.2500,4.5,7,205.00,15.939925
1808,1000,0.50,500,3,35,2.2500,4.5,8,260.00,15.533599
1809,1000,0.50,500,3,35,2.2500,4.5,9,217.00,1.000524
1810,1000,0.50,500,3,35,2.2500,4.5,10,152.00,12.202380
1811,1000,0.50,500,3,35,2.2500,4.5,11,201.00,19.451393
1812,1000,0.50,500,3,35,2.2500,4.5,12,77.00,8.427703
1813,1000,0.50,500,3,35,2.2500,4.5,13,120.00,26.511919
1814,1000,0.50,500,3,35,2.2500,4.5,14,144.00,28.478493
1815,1000,0.50,500,3,35,2.2500,4.5,15,168.00,31.222092
1816,1000,0.50,500,3,35,2.2500,4.5,16,146.00,28.090816
1817,1000,0.50,500,3,35,2.2500,4.5,17,206.00,8.909543
1818,1000,0.50,500,3,35,2.2500,4.5,18,137.00,33.871166
1819,1000,0.50,500,3,35,2.2500,4.5,19,170.00,11.149405
1820,1000,0.50,500,3,35,2.2500,4.5,20,146.00,18.378883
1821,1000,0.50,500,3,35,2.2500,4.5,21,229.00,12.768303
1822,1000,0.50,500,3,35,2.2500,4.5,22,86.00,9.728233
1823,1000,0.50,500,3,35,2.2500,4.5,23,70.00,7.531005
1824,1000,0.50,500,3,35,2.2500,4.5,24,79.00,4.147836
1825,1000,0.50,500,3,35,2.2500,4.5,25,87.00,1.577768
1826,1000,0.50,500,3,35,2.2500,4.5,26,113.00,5.502059
1827,1000,0.50,500,3,35,2.2500,4.5,27,86.00,26.671581
1828,1000,0.50,500,3,35,2.2500,4.5,28,151.00,16.556913
1829,1000,0.50,500,3,35,2.2500,4.5,29,249.00,25.652790
1830,1000,0.50,500,3,35,2.2500,4.5,30,121.00,20.814690
1831,1000,0.50,500,3,35,2.2500,4.5,31,94.00,11.857219
1832,1000,0.50,500,3,35,2.2500,4.5,32,390.00,12.581258
1833,1000,0.50,500,3,35,2.2500,4.5,33,85.00,3.804008
1834,1000,0.50,500,3,35,2.2500,4.5,34,153.00,5.836473
1835,1000,0.50,500,3,35,2.2500,4.5,35,138.00,17.187191
1836,1000,0.50,500,3,35,2.2500,4.5,36,78.00,18.769598
1837,1000,0.50,500,3,35,2.2500,4.5,37,154.00,13.492833
1838,1000,0.50,500,3,35,2.2500,4.5,38,83.00,4.945615
1839,1000,0.50,500,3,35,2.2500,4.5,39,84.00,11.273953
1840,1000,0.50,500,3,35,2.2500,4.5,40,102.00,24.393034
1841,1000,0.50,500,3,35,2.2500,4.5,41,90.00,5.124554
1842,1000,0.50,500,3,35,2.2500,4.5,42,82.00,15.829625
1843,1000,0.50,500,3,35,2.2500,4.5,43,243.00,19.548763
1844,1000,0.50,500,3,35,2.2500,4.5,44,73.00,3.902493
1845,1000,0.50,500,3,35,2.2500,4.5,45,135.00,6.095515
1846,1000,0.50,500,3,35,2.2500,4.5,46,110.00,17.965147
1847,1000,0.50,500,3,35,2.2500,4.5,47,81.00,24.502693
1848,1000,0.50,500,3,35,2.2500,4.5,48,115.00,29.620413
1849,1000,0.50,500,3,35,2.2500,4.5,49,132.00,3.368642
1850,1000,0.50,500,3,35,2.2500,4.5,50,143.00,3.946163
1851,1000,0.50,500,3,35,2.2500,4.5,51,85.00,19.815664
1852,1000,0.50,500,3,35,2.2500,4.5,52,176.00,11.993188
1853,1000,0.50,500,3,35,2.2500,4.5,53,328.00,17.448082
1854,1000,0.50,500,3,35,2.2500,4.5,54,277.00,18.811436
1855,1000,0.50,500,3,35,2.2500,4.5,55,147.00,9.593472
1856,1000,0.50,500,3,35,2.2500,4.5,56,147.00,34.446060
1857,1000,0.50,500,3,35,2.2500,4.5,57,80.00,2.828542
1858,1000,0.50,500,3,35,2.2500,4.5,58,141.00,21.620230
1859,1000,0.50,500,3,35,2.2500,4.5,59,164.00,1.865818
1860,1000,0.50,500,3,35,2.2500,4.5,60,139.00,10.100580
1861,1000,0.50,500,3,35,2.2500,4.5,61,104.00,10.686309
1862,1000,0.50,500,3,35,2.2500,4.5,62,93.00,4.152670
1863,1000,0.50,500,3,35,2.2500,4.5,63,236.00,26.207104
1864,1000,0.50,500,3,35,2.2500,4.5,64,192.00,16.057543
1865,1000,0.50,500,3,35,2.2500,4.5,65,104.00,19.512064
1866,1000,0.50,500,3,35,2.2500,4.5,66,160.00,10.249132
1867,1000,0.50,500,3,35,2.2500,4.5,67,142.00,13.084065
1868,1000,0.50,500,3,35,2.2500,4.5,68,81.00,3.686657
1869,1000,0.50,500,3,35,2.2500,4.5,69,84.00,7.164479
1870,1000,0.50,500,3,35,2.2500,4.5,70,465.00,13.260543
1871,1000,0.50,500,3,35,2.2500,4.5,71,77.00,12.549150
1872,1000,0.50,500,3,35,2.2500,4.5,72,250.00,0.779584
1873,1000,0.50,500,3,35,2.2500,4.5,73,137.00,20.720697
1874,1000,0.50,500,3,35,2.2500,4.5,74,110.00,0.647560
1875,1000,0.50,500,3,35,2.2500,4.5,75,89.00,4.046616
1876,1000,0.50,500,3,35,2.2500,4.5,76,206.00,11.294565
1877,1000,0.50,500,3,35,2.2500,4.5,77,218.00,16.133072
1878,1000,0.50,500,3,35,2.2500,4.5,78,106.00,9.224421
1879,1000,0.50,500,3,35,2.2500,4.5,79,101.00,10.083436
1880,1000,0.50,500,3,35,2.2500,4.5,80,82.00,32.409317
1881,1000,0.50,500,3,35,2.2500,4.5,81,114.00,0.577252
1882,1000,0.50,500,3,35,2.2500,4.5,82,228.00,6.343965
1883,1000,0.50,500,3,35,2.2500,4.5,83,280.00,5.032324
1884,1000,0.50,500,3,35,2.2500,4.5,84,162.00,10.792571
1885,1000,0.50,500,3,35,2.2500,4.5,85,88.00,9.966314
1886,1000,0.50,500,3,35,2.2500,4.5,86,278.00,11.533947
1887,1000,0.50,500,3,35,2.2500,4.5,87,353.00,1.164606
1888,1000,0.50,500,3,35,2.2500,4.5,88,80.00,26.776958
1889,1000,0.50,500,3,35,2.2500,4.5,89,295.00,6.254074
1890,1000,0.50,500,3,35,2.2500,4.5,90,116.00,1.741208
1891,1000,0.50,500,3,35,2.2500,4.5,91,122.00,9.612348
1892,1000,0.50,500,3,35,2.2500,4.5,92,86.00,27.242619
1893,1000,0.50,500,3,35,2.2500,4.5,93,400.00,9.699879
1894,1000,0.50,500,3,35,2.2500,4.5,94,86.00,9.756609
1895,1000,0.50,500,3,35,2.2500,4.5,95,241.00,1.258314
1896,1000,0.50,500,3,35,2.2500,4.5,96,204.00,15.995982
1897,1000,0.50,500,3,35,2.2500,4.5,97,181.00,9.853696
1898,1000,0.50,500,3,35,2.2500,4.5,98,103.00,3.953791
1899,1000,0.50,500,3,35,2.2500,4.5,99,258.00,3.293762
1900,1000,0.50,500,3,35,2.5000,5.0,0,119.00,13.874143
1901,1000,0.50,500,3,35,2.5000,5.0,1,269.00,14.612423
1902,1000,0.50,500,3,35,2.5000,5.0,2,65.00,11.221952
1903,1000,0.50,500,3,35,2.5000,5.0,3,84.00,8.591684
1904,1000,0.50,500,3,35,2.5000,5.0,4,74.00,21.759785
1905,1000,0.50,500,3,35,2.5000,5.0,5,82.00,25.394794
1906,1000,0.50,500,3,35,2.5000,5.0,6,103.00,1.354544
1907,1000,0.50,500,3,35,2.5000,5.0,7,73.00,19.084270
1908,1000,0.50,500,3,35,2.5000,5.0,8,220.00,11.646214
1909,1000,0.50,500,3,35,2.5000,5.0,9,82.00,33.689560
1910,1000,0.50,500,3,35,2.5000,5.0,10,158.00,2.981110
1911,1000,0.50,500,3,35,2.5000,5.0,11,83.00,18.139587
1912,1000,0.50,500,3,35,2.5000,5.0,12,319.00,6.870115
1913,1000,0.50,500,3,35,2.5000,5.0,13,207.00,12.467064
1914,1000,0.50,500,3,35,2.5000,5.0,14,80.00,41.078079
1915,1000,0.50,500,3,35,2.5000,5.0,15,81.00,19.552979
1916,1000,0.50,500,3,35,2.5000,5.0,16,80.00,21.452747
1917,1000,0.50,500,3,35,2.5000,5.0,17,82.00,33.848282
1918,1000,0.50,500,3,35,2.5000,5.0,18,138.00,25.051193
1919,1000,0.50,500,3,35,2.5000,5.0,19,204.00,17.414419
1920,1000,0.50,500,3,35,2.5000,5.0,20,80.00,35.358395
1921,1000,0.50,500,3,35,2.5000,5.0,21,139.00,18.068325
1922,1000,0.50,500,3,35,2.5000,5.0,22,251.00,14.103252
1923,1000,0.50,500,3,35,2.5000,5.0,23,219.00,4.601489
1924,1000,0.50,500,3,35,2.5000,5.0,24,248.00,0.460646
1925,1000,0.50,500,3,35,2.5000,5.0,25,112.00,38.882103
1926,1000,0.50,500,3,35,2.5000,5.0,26,237.00,7.311359
1927,1000,0.50,500,3,35,2.5000,5.0,27,114.00,35.792301
1928,1000,0.50,500,3,35,2.5000,5.0,28,131.00,27.169548
1929,1000,0.50,500,3,35,2.5000,5.0,29,112.00,11.625843
1930,1000,0.50,500,3,35,2.5000,5.0,30,84.00,4.628605
1931,1000,0.50,500,3,35,2.5000,5.0,31,132.00,2.509047
1932,1000,0.50,500,3,35,2.5000,5.0,32,82.00,0.803797
1933,1000,0.50,500,3,35,2.5000,5.0,33,78.00,5.619047
1934,1000,0.50,500,3,35,2.5000,5.0,34,114.00,8.110312
1935,1000,0.50,500,3,35,2.5000,5.0,35,117.00,4.844835
1936,1000,0.50,500,3,35,2.5000,5.0,36,81.00,23.336195
1937,1000,0.50,500,3,35,2.5000,5.0,37,77.00,7.331628
1938,1000,0.50,500,3,35,2.5000,5.0,38,72.00,0.842402
1939,1000,0.50,500,3,35,2.5000,5.0,39,85.00,13.701582
1940,1000,0.50,500,3,35,2.5000,5.0,40,85.00,37.690948
1941,1000,0.50,500,3,35,2.5000,5.0,41,72.00,16.782093
1942,1000,0.50,500,3,35,2.5000,5.0,42,76.00,7.960279
1943,1000,0.50,500,3,35,2.5000,5.0,43,82.00,19.270681
1944,1000,0.50,500,3,35,2.5000,5.0,44,145.00,32.659714
1945,1000,0.50,500,3,35,2.5000,5.0,45,116.00,12.440021
1946,1000,0.50,500,3,35,2.5000,5.0,46,81.00,18.646849
1947,1000,0.50,500,3,35,2.5000,5.0,47,106.00,35.674080
1948,1000,0.50,500,3,35,2.5000,5.0,48,80.00,10.349268
1949,1000,0.50,500,3,35,2.5000,5.0,49,128.00,12.850708
1950,1000,0.50,500,3,35,2.5000,5.0,50,77.00,6.764571
1951,1000,0.50,500,3,35,2.5000,5.0,51,110.00,17.878658
1952,1000,0.50,500,3,35,2.5000,5.0,52,276.00,0.709448
1953,1000,0.50,500,3,35,2.5000,5.0,53,81.00,21.307903
1954,1000,0.50,500,3,35,2.5000,5.0,54,151.00,11.687546
1955,1000,0.50,500,3,35,2.5000,5.0,55,209.00,14.668336
1956,1000,0.50,500,3,35,2.5000,5.0,56,180.00,18.167276
1957,1000,0.50,500,3,35,2.5000,5.0,57,88.00,8.000189
1958,1000,0.50,500,3,35,2.5000,5.0,58,99.00,14.954001
1959,1000,0.50,500,3,35,2.5000,5.0,59,120.00,8.478065
1960,1000,0.50,500,3,35,2.5000,5.0,60,153.00,25.450386
1961,1000,0.50,500,3,35,2.5000,5.0,61,160.00,10.456075
1962,1000,0.50,500,3,35,2.5000,5.0,62,83.00,21.777445
1963,1000,0.50,500,3,35,2.5000,5.0,63,146.00,4.651119
1964,1000,0.50,500,3,35,2.5000,5.0,64,92.00,18.836718
1965,1000,0.50,500,3,35,2.5000,5.0,65,83.00,1.290964
1966,1000,0.50,500,3,35,2.5000,5.0,66,91.00,8.933324
1967,1000,0.50,500,3,35,2.5000,5.0,67,291.00,2.063545
1968,1000,0.50,500,3,35,2.5000,5.0,68,274.00,8.238788
1969,1000,0.50,500,3,35,2.5000,5.0,69,83.00,20.774899
1970,1000,0.50,500,3,35,2.5000,5.0,70,214.00,10.165476
1971,1000,0.50,500,3,35,2.5000,5.0,71,204.00,24.583866
1972,1000,0.50,500,3,35,2.5000,5.0,72,78.00,32.468124
1973,1000,0.50,500,3,35,2.5000,5.0,73,142.00,9.153786
1974,1000,0.50,500,3,35,2.5000,5.0,74,220.00,10.142773
1975,1000,0.50,500,3,35,2.5000,5.0,75,80.00,26.396786
1976,1000,0.50,500,3,35,2.5000,5.0,76,199.00,6.200904
1977,1000,0.50,500,3,35,2.5000,5.0,77,81.00,30.243761
1978,1000,0.50,500,3,35,2.5000,5.0,78,81.00,9.150323
1979,1000,0.50,500,3,35,2.5000,5.0,79,83.00,0.929618
1980,1000,0.50,500,3,35,2.5000,5.0,80,121.00,13.923027
1981,1000,0.50,500,3,35,2.5000,5.0,81,81.00,17.741381
1982,1000,0.50,500,3,35,2.5000,5.0,82,203.00,8.066508
1983,1000,0.50,500,3,35,2.5000,5.0,83,259.00,7.653370
1984,1000,0.50,500,3,35,2.5000,5.0,84,88.00,23.886902
1985,1000,0.50,500,3,35,2.5000,5.0,85,206.00,8.108889
1986,1000,0.50,500,3,35,2.5000,5.0,86,112.00,14.994923
1987,1000,0.50,500,3,35,2.5000,5.0,87,187.00,1.637048
1988,1000,0.50,500,3,35,2.5000,5.0,88,151.00,11.754361
1989,1000,0.50,500,3,35,2.5000,5.0,89,108.00,12.401371
1990,1000,0.50,500,3,35,2.5000,5.0,90,103.00,0.464338
1991,1000,0.50,500,3,35,2.5000,5.0,91,138.00,10.053576
1992,1000,0.50,500,3,35,2.5000,5.0,92,139.00,27.842089
1993,1000,0.50,500,3,35,2.5000,5.0,93,85.00,25.404015
1994,1000,0.50,500,3,35,2.5000,5.0,94,117.00,10.442891
1995,1000,0.50,500,3,35,2.5000,5.0,95,103.00,24.063974
1996,1000,0.50,500,3,35,2.5000,5.0,96,80.00,11.654066
1997,1000,0.50,500,3,35,2.5000,5.0,97,84.00,38.130447
1998,1000,0.50,500,3,35,2.5000,5.0,98,87.00,24.167768
1999,1000,0.50,500,3,35,2.5000,5.0,99,134.00,10.058860
