index,n,epsilon,d,m,k,t,repeat,time_mu_s,model_error
0,1000,0.05,950,2,17,0.9647,0,366.00,0.043207
1,1000,0.05,950,2,17,0.9958,1,365.00,0.092354
2,1000,0.05,950,2,17,0.9883,2,367.00,0.165092
3,1000,0.05,950,2,17,0.9481,3,364.00,0.046007
4,1000,0.05,950,2,17,1.0219,4,378.00,0.141204
5,1000,0.05,950,2,17,1.0130,5,387.00,0.028290
6,1000,0.05,950,2,17,1.0044,6,357.00,0.163218
7,1000,0.05,950,2,17,1.0024,7,354.00,0.061110
8,1000,0.05,950,2,17,0.9750,8,376.00,0.212813
9,1000,0.05,950,2,17,0.9683,9,367.00,0.272537
10,1000,0.05,950,2,17,0.9512,10,361.00,0.098169
11,1000,0.05,950,2,17,1.0329,11,364.00,0.047086
12,1000,0.05,950,2,17,1.0105,12,373.00,0.164119
13,1000,0.05,950,2,17,0.9761,13,393.00,0.173399
14,1000,0.05,950,2,17,1.0154,14,385.00,0.235767
15,1000,0.05,950,2,17,1.0060,15,399.00,0.041208
16,1000,0.05,950,2,17,0.9698,16,342.00,0.180691
17,1000,0.05,950,2,17,1.0058,17,372.00,0.137261
18,1000,0.05,950,2,17,0.9883,18,391.00,0.054785
19,1000,0.05,950,2,17,0.9688,19,395.00,0.210808
20,1000,0.05,950,2,17,1.0246,20,378.00,0.107566
21,1000,0.05,950,2,17,0.9738,21,423.00,0.180707
22,1000,0.05,950,2,17,1.0098,22,358.00,0.101524
23,1000,0.05,950,2,17,0.9486,23,382.00,0.206713
24,1000,0.05,950,2,17,1.0059,24,412.00,0.337394
25,1000,0.05,950,2,17,0.9742,25,369.00,0.019604
26,1000,0.05,950,2,17,1.0253,26,372.00,0.156860
27,1000,0.05,950,2,17,0.9915,27,384.00,0.093392
28,1000,0.05,950,2,17,1.0091,28,389.00,0.135050
29,1000,0.05,950,2,17,1.0111,29,377.00,0.295462
30,1000,0.05,950,2,17,1.0048,30,360.00,0.036169
31,1000,0.05,950,2,17,1.0046,31,365.00,0.130939
32,1000,0.05,950,2,17,0.9978,32,393.00,0.123107
33,1000,0.05,950,2,17,0.9968,33,363.00,0.111074
34,1000,0.05,950,2,17,1.0336,34,369.00,0.042816
35,1000,0.05,950,2,17,0.9931,35,373.00,0.064032
36,1000,0.05,950,2,17,1.0150,36,351.00,0.095057
37,1000,0.05,950,2,17,1.0109,37,379.00,0.076031
38,1000,0.05,950,2,17,0.9917,38,404.00,0.061286
39,1000,0.05,950,2,17,0.9786,39,371.00,0.145556
40,1000,0.05,950,2,17,1.0097,40,368.00,0.048163
41,1000,0.05,950,2,17,0.9721,41,361.00,0.055808
42,1000,0.05,950,2,17,0.9994,42,361.00,0.062193
43,1000,0.05,950,2,17,1.0057,43,352.00,0.053481
44,1000,0.05,950,2,17,1.0387,44,403.00,0.278997
45,1000,0.05,950,2,17,1.0009,45,387.00,0.033049
46,1000,0.05,950,2,17,0.9970,46,367.00,0.067395
47,1000,0.05,950,2,17,1.0106,47,378.00,0.208926
48,1000,0.05,950,2,17,0.9681,48,375.00,0.228434
49,1000,0.05,950,2,17,1.0224,49,370.00,0.093490
50,1000,0.05,950,2,17,0.9616,50,357.00,0.143343
51,1000,0.05,950,2,17,1.0031,51,399.00,0.057858
52,1000,0.05,950,2,17,0.9741,52,365.00,0.017688
53,1000,0.05,950,2,17,1.0048,53,358.00,0.223349
54,1000,0.05,950,2,17,1.0077,54,360.00,0.094268
55,1000,0.05,950,2,17,0.9736,55,360.00,0.326455
56,1000,0.05,950,2,17,1.0415,56,382.00,0.064558
57,1000,0.05,950,2,17,0.9822,57,366.00,0.075763
58,1000,0.05,950,2,17,1.0150,58,391.00,0.256555
59,1000,0.05,950,2,17,1.0426,59,380.00,0.092915
60,1000,0.05,950,2,17,1.0268,60,391.00,0.583055
61,1000,0.05,950,2,17,0.9675,61,383.00,0.243156
62,1000,0.05,950,2,17,0.9526,62,394.00,0.158351
63,1000,0.05,950,2,17,1.0197,63,351.00,0.255663
64,1000,0.05,950,2,17,0.9799,64,416.00,0.062521
65,1000,0.05,950,2,17,0.9949,65,394.00,0.026939
66,1000,0.05,950,2,17,0.9842,66,384.00,0.155795
67,1000,0.05,950,2,17,0.9669,67,357.00,0.379033
68,1000,0.05,950,2,17,0.9819,68,381.00,0.099831
69,1000,0.05,950,2,17,1.0132,69,386.00,0.052264
70,1000,0.05,950,2,17,0.9962,70,402.00,0.100496
71,1000,0.05,950,2,17,0.9895,71,391.00,0.068719
72,1000,0.05,950,2,17,0.9987,72,376.00,0.217363
73,1000,0.05,950,2,17,1.0253,73,376.00,0.250264
74,1000,0.05,950,2,17,1.0330,74,346.00,0.179218
75,1000,0.05,950,2,17,1.0522,75,367.00,0.451647
76,1000,0.05,950,2,17,1.0141,76,355.00,0.113313
77,1000,0.05,950,2,17,0.9573,77,362.00,0.086715
78,1000,0.05,950,2,17,0.9957,78,360.00,0.020155
79,1000,0.05,950,2,17,0.9650,79,373.00,0.065643
80,1000,0.05,950,2,17,1.0035,80,402.00,0.334388
81,1000,0.05,950,2,17,1.0278,81,353.00,0.038597
82,1000,0.05,950,2,17,0.9925,82,369.00,0.097614
83,1000,0.05,950,2,17,1.0013,83,363.00,0.050346
84,1000,0.05,950,2,17,1.0145,84,371.00,0.101547
85,1000,0.05,950,2,17,1.0085,85,362.00,0.110720
86,1000,0.05,950,2,17,1.0225,86,375.00,0.082269
87,1000,0.05,950,2,17,0.9661,87,397.00,0.145831
88,1000,0.05,950,2,17,0.9988,88,347.00,0.025205
89,1000,0.05,950,2,17,1.0159,89,395.00,0.021217
90,1000,0.05,950,2,17,0.9497,90,375.00,0.013864
91,1000,0.05,950,2,17,0.9780,91,385.00,0.132550
92,1000,0.05,950,2,17,1.0167,92,383.00,0.184218
93,1000,0.05,950,2,17,1.0006,93,400.00,0.043111
94,1000,0.05,950,2,17,1.0292,94,352.00,0.296013
95,1000,0.05,950,2,17,0.9846,95,375.00,0.062525
96,1000,0.05,950,2,17,0.9962,96,361.00,0.123648
97,1000,0.05,950,2,17,0.9971,97,373.00,0.135074
98,1000,0.05,950,2,17,1.0150,98,367.00,0.059404
99,1000,0.05,950,2,17,1.0343,99,361.00,0.052535
100,1000,0.10,900,2,17,0.9705,0,375.00,0.095359
101,1000,0.10,900,2,17,0.9809,1,365.00,0.063923
102,1000,0.10,900,2,17,1.0174,2,365.00,0.059099
103,1000,0.10,900,2,17,0.9922,3,363.00,0.206275
104,1000,0.10,900,2,17,1.0205,4,357.00,0.057099
105,1000,0.10,900,2,17,0.9855,5,352.00,0.055315
106,1000,0.10,900,2,17,0.9618,6,372.00,0.074209
107,1000,0.10,900,2,17,0.9688,7,360.00,0.134959
108,1000,0.10,900,2,17,1.0256,8,380.00,0.061778
109,1000,0.10,900,2,17,0.9695,9,349.00,0.256066
110,1000,0.10,900,2,17,1.0242,10,382.00,0.159581
111,1000,0.10,900,2,17,1.0226,11,366.00,0.050296
112,1000,0.10,900,2,17,1.0002,12,360.00,0.043394
113,1000,0.10,900,2,17,0.9830,13,366.00,0.086827
114,1000,0.10,900,2,17,1.0213,14,369.00,0.104275
115,1000,0.10,900,2,17,0.9900,15,403.00,0.202819
116,1000,0.10,900,2,17,1.0057,16,376.00,0.171500
117,1000,0.10,900,2,17,1.0035,17,378.00,0.219554
118,1000,0.10,900,2,17,0.9816,18,356.00,0.420009
119,1000,0.10,900,2,17,1.0370,19,348.00,0.259989
120,1000,0.10,900,2,17,1.0081,20,368.00,0.125396
121,1000,0.10,900,2,17,0.9802,21,363.00,0.138224
122,1000,0.10,900,2,17,0.9887,22,350.00,0.177450
123,1000,0.10,900,2,17,0.9985,23,347.00,0.145775
124,1000,0.10,900,2,17,0.9671,24,362.00,0.151481
125,1000,0.10,900,2,17,1.0054,25,373.00,0.072399
126,1000,0.10,900,2,17,1.0191,26,388.00,0.130415
127,1000,0.10,900,2,17,0.9793,27,350.00,0.133663
128,1000,0.10,900,2,17,1.0023,28,375.00,0.248661
129,1000,0.10,900,2,17,0.9885,29,362.00,0.208612
130,1000,0.10,900,2,17,0.9374,30,378.00,0.077768
131,1000,0.10,900,2,17,1.0040,31,382.00,0.038189
132,1000,0.10,900,2,17,0.9970,32,357.00,0.135338
133,1000,0.10,900,2,17,1.0308,33,381.00,0.219528
134,1000,0.10,900,2,17,0.9673,34,363.00,0.085041
135,1000,0.10,900,2,17,1.0171,35,349.00,0.189817
136,1000,0.10,900,2,17,1.0150,36,344.00,0.120975
137,1000,0.10,900,2,17,0.9746,37,396.00,0.281596
138,1000,0.10,900,2,17,1.0038,38,342.00,0.076093
139,1000,0.10,900,2,17,1.0148,39,359.00,0.035094
140,1000,0.10,900,2,17,1.0630,40,378.00,0.158020
141,1000,0.10,900,2,17,1.0017,41,374.00,0.019198
142,1000,0.10,900,2,17,0.9789,42,358.00,0.063794
143,1000,0.10,900,2,17,0.9950,43,370.00,0.173364
144,1000,0.10,900,2,17,1.0032,44,375.00,0.608534
145,1000,0.10,900,2,17,0.9657,45,342.00,0.108769
146,1000,0.10,900,2,17,1.0116,46,375.00,0.167330
147,1000,0.10,900,2,17,0.9714,47,351.00,0.089570
148,1000,0.10,900,2,17,0.9878,48,371.00,0.071126
149,1000,0.10,900,2,17,0.9633,49,327.00,0.063969
150,1000,0.10,900,2,17,0.9920,50,364.00,0.023689
151,1000,0.10,900,2,17,0.9857,51,357.00,0.082479
152,1000,0.10,900,2,17,0.9989,52,380.00,0.294199
153,1000,0.10,900,2,17,0.9603,53,403.00,0.161011
154,1000,0.10,900,2,17,0.9731,54,376.00,0.043288
155,1000,0.10,900,2,17,1.0423,55,382.00,0.201907
156,1000,0.10,900,2,17,1.0373,56,374.00,0.023928
157,1000,0.10,900,2,17,0.9673,57,376.00,0.280789
158,1000,0.10,900,2,17,0.9833,58,374.00,0.154510
159,1000,0.10,900,2,17,0.9839,59,359.00,0.008180
160,1000,0.10,900,2,17,1.0340,60,402.00,0.355409
161,1000,0.10,900,2,17,1.0051,61,388.00,0.320094
162,1000,0.10,900,2,17,1.0066,62,351.00,0.061689
163,1000,0.10,900,2,17,1.0245,63,361.00,0.114744
164,1000,0.10,900,2,17,0.9788,64,337.00,0.086540
165,1000,0.10,900,2,17,1.0093,65,410.00,0.163234
166,1000,0.10,900,2,17,1.0043,66,357.00,0.094848
167,1000,0.10,900,2,17,0.9841,67,376.00,0.020432
168,1000,0.10,900,2,17,1.0033,68,378.00,0.059456
169,1000,0.10,900,2,17,1.0203,69,350.00,0.071037
170,1000,0.10,900,2,17,1.0247,70,376.00,0.125303
171,1000,0.10,900,2,17,0.9758,71,348.00,0.021825
172,1000,0.10,900,2,17,0.9589,72,397.00,0.315792
173,1000,0.10,900,2,17,1.0222,73,376.00,0.104066
174,1000,0.10,900,2,17,1.0241,74,390.00,0.180679
175,1000,0.10,900,2,17,1.0136,75,376.00,0.069383
176,1000,0.10,900,2,17,0.9853,76,354.00,0.092724
177,1000,0.10,900,2,17,1.0325,77,355.00,0.094613
178,1000,0.10,900,2,17,1.0676,78,369.00,0.160730
179,1000,0.10,900,2,17,1.0268,79,386.00,0.353312
180,1000,0.10,900,2,17,1.0186,80,381.00,0.062519
181,1000,0.10,900,2,17,1.0080,81,366.00,0.398650
182,1000,0.10,900,2,17,1.0057,82,392.00,0.064348
183,1000,0.10,900,2,17,0.9806,83,366.00,0.083345
184,1000,0.10,900,2,17,1.0139,84,387.00,0.071634
185,1000,0.10,900,2,17,1.0375,85,413.00,0.203077
186,1000,0.10,900,2,17,0.9465,86,347.00,0.068293
187,1000,0.10,900,2,17,0.9907,87,354.00,0.025257
188,1000,0.10,900,2,17,0.9892,88,364.00,0.028546
189,1000,0.10,900,2,17,1.0458,89,377.00,0.063787
190,1000,0.10,900,2,17,1.0163,90,362.00,0.130966
191,1000,0.10,900,2,17,1.0230,91,351.00,0.038236
192,1000,0.10,900,2,17,0.9625,92,377.00,0.035654
193,1000,0.10,900,2,17,0.9919,93,385.00,0.178951
194,1000,0.10,900,2,17,0.9968,94,357.00,0.025699
195,1000,0.10,900,2,17,1.0043,95,382.00,0.053740
196,1000,0.10,900,2,17,0.9901,96,383.00,0.267645
197,1000,0.10,900,2,17,0.9884,97,388.00,0.356194
198,1000,0.10,900,2,17,1.0246,98,375.00,0.218849
199,1000,0.10,900,2,17,0.9878,99,390.00,0.030144
200,1000,0.15,850,2,17,1.0083,0,367.00,0.040375
201,1000,0.15,850,2,17,0.9826,1,353.00,0.141431
202,1000,0.15,850,2,17,1.0327,2,381.00,0.131421
203,1000,0.15,850,2,17,0.9837,3,376.00,0.059264
204,1000,0.15,850,2,17,1.0109,4,373.00,0.339744
205,1000,0.15,850,2,17,0.9693,5,389.00,0.113788
206,1000,0.15,850,2,17,0.9708,6,353.00,0.332354
207,1000,0.15,850,2,17,1.0034,7,359.00,0.058837
208,1000,0.15,850,2,17,0.9896,8,342.00,0.172541
209,1000,0.15,850,2,17,0.9780,9,379.00,0.143149
210,1000,0.15,850,2,17,1.0214,10,389.00,0.014343
211,1000,0.15,850,2,17,1.0515,11,368.00,0.103958
212,1000,0.15,850,2,17,0.9981,12,387.00,0.030631
213,1000,0.15,850,2,17,0.9696,13,356.00,0.121075
214,1000,0.15,850,2,17,1.0298,14,369.00,0.284931
215,1000,0.15,850,2,17,1.0276,15,360.00,0.120065
216,1000,0.15,850,2,17,0.9943,16,332.00,0.061813
217,1000,0.15,850,2,17,1.0232,17,365.00,0.316678
218,1000,0.15,850,2,17,0.9977,18,385.00,0.092252
219,1000,0.15,850,2,17,0.9971,19,373.00,0.020558
220,1000,0.15,850,2,17,1.0161,20,345.00,0.056508
221,1000,0.15,850,2,17,0.9956,21,361.00,0.151395
222,1000,0.15,850,2,17,0.9706,22,367.00,0.087022
223,1000,0.15,850,2,17,0.9834,23,372.00,0.220505
224,1000,0.15,850,2,17,0.9831,24,355.00,0.115241
225,1000,0.15,850,2,17,1.0169,25,340.00,0.014012
226,1000,0.15,850,2,17,0.9788,26,367.00,0.104452
227,1000,0.15,850,2,17,1.0310,27,378.00,0.136821
228,1000,0.15,850,2,17,0.9647,28,341.00,0.125361
229,1000,0.15,850,2,17,0.9820,29,375.00,0.145611
230,1000,0.15,850,2,17,1.0010,30,366.00,0.036480
231,1000,0.15,850,2,17,1.0159,31,365.00,0.201957
232,1000,0.15,850,2,17,0.9630,32,369.00,0.191743
233,1000,0.15,850,2,17,1.0410,33,399.00,0.265138
234,1000,0.15,850,2,17,1.0235,34,334.00,0.113956
235,1000,0.15,850,2,17,0.9690,35,355.00,0.041352
236,1000,0.15,850,2,17,0.9803,36,388.00,0.074474
237,1000,0.15,850,2,17,1.0034,37,362.00,0.153866
238,1000,0.15,850,2,17,0.9697,38,372.00,0.051121
239,1000,0.15,850,2,17,1.0250,39,349.00,0.369490
240,1000,0.15,850,2,17,0.9897,40,358.00,0.292982
241,1000,0.15,850,2,17,1.0176,41,361.00,0.047412
242,1000,0.15,850,2,17,0.9675,42,374.00,0.022343
243,1000,0.15,850,2,17,1.0070,43,360.00,0.256086
244,1000,0.15,850,2,17,0.9928,44,335.00,0.274368
245,1000,0.15,850,2,17,1.0086,45,355.00,0.105185
246,1000,0.15,850,2,17,1.0090,46,375.00,0.037096
247,1000,0.15,850,2,17,1.0197,47,358.00,0.216136
248,1000,0.15,850,2,17,1.0087,48,349.00,0.190013
249,1000,0.15,850,2,17,1.0062,49,360.00,0.118140
250,1000,0.15,850,2,17,1.0299,50,349.00,0.040826
251,1000,0.15,850,2,17,1.0185,51,359.00,0.056474
252,1000,0.15,850,2,17,0.9749,52,345.00,0.061803
253,1000,0.15,850,2,17,0.9867,53,341.00,0.238305
254,1000,0.15,850,2,17,1.0177,54,375.00,0.131589
255,1000,0.15,850,2,17,1.0187,55,358.00,0.226267
256,1000,0.15,850,2,17,0.9810,56,345.00,0.055251
257,1000,0.15,850,2,17,0.9861,57,372.00,0.028623
258,1000,0.15,850,2,17,0.9897,58,349.00,0.045350
259,1000,0.15,850,2,17,0.9864,59,344.00,0.239948
260,1000,0.15,850,2,17,1.0001,60,357.00,0.088870
261,1000,0.15,850,2,17,0.9938,61,371.00,0.121338
262,1000,0.15,850,2,17,0.9649,62,369.00,0.174280
263,1000,0.15,850,2,17,0.9981,63,333.00,0.149959
264,1000,0.15,850,2,17,1.0004,64,352.00,0.246962
265,1000,0.15,850,2,17,1.0190,65,362.00,0.058389
266,1000,0.15,850,2,17,1.0080,66,355.00,0.148512
267,1000,0.15,850,2,17,0.9642,67,325.00,0.160570
268,1000,0.15,850,2,17,1.0058,68,379.00,0.059149
269,1000,0.15,850,2,17,0.9690,69,348.00,0.055898
270,1000,0.15,850,2,17,1.0328,70,355.00,0.140575
271,1000,0.15,850,2,17,0.9999,71,404.00,0.193089
272,1000,0.15,850,2,17,1.0079,72,342.00,0.140032
273,1000,0.15,850,2,17,1.0099,73,388.00,0.114109
274,1000,0.15,850,2,17,0.9792,74,365.00,0.167398
275,1000,0.15,850,2,17,0.9804,75,370.00,0.028481
276,1000,0.15,850,2,17,0.9660,76,365.00,0.224811
277,1000,0.15,850,2,17,0.9841,77,370.00,0.033605
278,1000,0.15,850,2,17,0.9665,78,336.00,0.307702
279,1000,0.15,850,2,17,0.9996,79,368.00,0.011082
280,1000,0.15,850,2,17,1.0026,80,339.00,0.106502
281,1000,0.15,850,2,17,0.9807,81,365.00,0.048417
282,1000,0.15,850,2,17,0.9916,82,355.00,0.325736
283,1000,0.15,850,2,17,1.0076,83,366.00,0.038256
284,1000,0.15,850,2,17,0.9727,84,376.00,0.376578
285,1000,0.15,850,2,17,0.9981,85,358.00,0.082288
286,1000,0.15,850,2,17,0.9698,86,363.00,0.126452
287,1000,0.15,850,2,17,1.0186,87,403.00,0.153569
288,1000,0.15,850,2,17,1.0315,88,372.00,0.171562
289,1000,0.15,850,2,17,0.9482,89,387.00,0.086980
290,1000,0.15,850,2,17,0.9791,90,366.00,0.275104
291,1000,0.15,850,2,17,0.9663,91,345.00,0.165305
292,1000,0.15,850,2,17,1.0305,92,394.00,0.122416
293,1000,0.15,850,2,17,1.0027,93,395.00,0.197046
294,1000,0.15,850,2,17,1.0044,94,334.00,0.135264
295,1000,0.15,850,2,17,1.0310,95,366.00,0.257847
296,1000,0.15,850,2,17,1.0469,96,361.00,0.011541
297,1000,0.15,850,2,17,0.9854,97,384.00,0.108358
298,1000,0.15,850,2,17,1.0100,98,375.00,0.066851
299,1000,0.15,850,2,17,1.0277,99,367.00,0.185878
300,1000,0.20,800,2,17,1.0009,0,375.00,0.148340
301,1000,0.20,800,2,17,0.9370,1,333.00,0.201228
302,1000,0.20,800,2,17,1.0140,2,352.00,0.077311
303,1000,0.20,800,2,17,1.0359,3,364.00,0.063917
304,1000,0.20,800,2,17,1.0105,4,347.00,0.016485
305,1000,0.20,800,2,17,1.0208,5,352.00,0.259470
306,1000,0.20,800,2,17,0.9964,6,365.00,0.143280
307,1000,0.20,800,2,17,1.0260,7,355.00,0.165768
308,1000,0.20,800,2,17,0.9872,8,363.00,0.139659
309,1000,0.20,800,2,17,1.0287,9,384.00,0.273956
310,1000,0.20,800,2,17,0.9760,10,372.00,0.202768
311,1000,0.20,800,2,17,0.9727,11,345.00,0.164741
312,1000,0.20,800,2,17,0.9690,12,334.00,0.143299
313,1000,0.20,800,2,17,0.9501,13,358.00,0.097989
314,1000,0.20,800,2,17,0.9583,14,367.00,0.070744
315,1000,0.20,800,2,17,1.0366,15,371.00,0.904315
316,1000,0.20,800,2,17,1.0321,16,338.00,0.032274
317,1000,0.20,800,2,17,1.0330,17,365.00,0.258575
318,1000,0.20,800,2,17,0.9917,18,360.00,0.233457
319,1000,0.20,800,2,17,0.9798,19,351.00,0.057079
320,1000,0.20,800,2,17,0.9959,20,381.00,0.060941
321,1000,0.20,800,2,17,0.9883,21,357.00,0.101006
322,1000,0.20,800,2,17,1.0334,22,397.00,0.147131
323,1000,0.20,800,2,17,0.9878,23,368.00,0.115205
324,1000,0.20,800,2,17,1.0189,24,356.00,0.152198
325,1000,0.20,800,2,17,0.9823,25,368.00,0.041281
326,1000,0.20,800,2,17,0.9796,26,360.00,0.154660
327,1000,0.20,800,2,17,0.9544,27,336.00,0.165254
328,1000,0.20,800,2,17,1.0265,28,345.00,0.132373
329,1000,0.20,800,2,17,1.0350,29,348.00,0.199308
330,1000,0.20,800,2,17,1.0047,30,334.00,0.188585
331,1000,0.20,800,2,17,0.9881,31,357.00,0.204059
332,1000,0.20,800,2,17,1.0000,32,370.00,0.066155
333,1000,0.20,800,2,17,1.0175,33,395.00,0.191806
334,1000,0.20,800,2,17,1.0267,34,344.00,0.122724
335,1000,0.20,800,2,17,1.0038,35,330.00,0.289197
336,1000,0.20,800,2,17,1.0477,36,347.00,0.058969
337,1000,0.20,800,2,17,1.0360,37,343.00,0.238948
338,1000,0.20,800,2,17,1.0299,38,332.00,0.019341
339,1000,0.20,800,2,17,1.0124,39,339.00,0.347949
340,1000,0.20,800,2,17,0.9671,40,364.00,0.120117
341,1000,0.20,800,2,17,1.0189,41,354.00,0.145138
342,1000,0.20,800,2,17,0.9896,42,358.00,0.158182
343,1000,0.20,800,2,17,1.0426,43,345.00,0.110869
344,1000,0.20,800,2,17,0.9672,44,341.00,0.119875
345,1000,0.20,800,2,17,0.9682,45,342.00,0.086489
346,1000,0.20,800,2,17,0.9976,46,353.00,0.284754
347,1000,0.20,800,2,17,0.9905,47,362.00,0.278332
348,1000,0.20,800,2,17,1.0178,48,355.00,0.192924
349,1000,0.20,800,2,17,1.0305,49,347.00,0.252009
350,1000,0.20,800,2,17,0.9921,50,356.00,0.076781
351,1000,0.20,800,2,17,1.0078,51,354.00,0.100313
352,1000,0.20,800,2,17,1.0058,52,372.00,0.130225
353,1000,0.20,800,2,17,1.0033,53,338.00,0.728509
354,1000,0.20,800,2,17,0.9940,54,324.00,0.142594
355,1000,0.20,800,2,17,1.0370,55,334.00,0.092487
356,1000,0.20,800,2,17,0.9897,56,327.00,0.267542
357,1000,0.20,800,2,17,0.9621,57,351.00,0.035867
358,1000,0.20,800,2,17,0.9994,58,333.00,0.041116
359,1000,0.20,800,2,17,0.9961,59,369.00,0.179455
360,1000,0.20,800,2,17,0.9614,60,341.00,0.050430
361,1000,0.20,800,2,17,1.0214,61,360.00,0.120209
362,1000,0.20,800,2,17,0.9936,62,353.00,0.115535
363,1000,0.20,800,2,17,0.9521,63,367.00,0.147388
364,1000,0.20,800,2,17,1.0371,64,372.00,0.111028
365,1000,0.20,800,2,17,0.9989,65,374.00,0.134161
366,1000,0.20,800,2,17,0.9702,66,353.00,0.264783
367,1000,0.20,800,2,17,1.0170,67,320.00,0.078625
368,1000,0.20,800,2,17,1.0040,68,343.00,0.104456
369,1000,0.20,800,2,17,1.0130,69,393.00,0.134043
370,1000,0.20,800,2,17,0.9744,70,337.00,0.024094
371,1000,0.20,800,2,17,0.9972,71,326.00,0.103577
372,1000,0.20,800,2,17,0.9921,72,351.00,0.098586
373,1000,0.20,800,2,17,0.9759,73,370.00,0.112292
374,1000,0.20,800,2,17,1.0091,74,356.00,0.132831
375,1000,0.20,800,2,17,1.0399,75,382.00,0.082344
376,1000,0.20,800,2,17,1.0183,76,354.00,0.238069
377,1000,0.20,800,2,17,0.9878,77,353.00,0.073155
378,1000,0.20,800,2,17,1.0342,78,346.00,0.173006
379,1000,0.20,800,2,17,0.9747,79,309.00,0.064623
380,1000,0.20,800,2,17,1.0099,80,371.00,0.029178
381,1000,0.20,800,2,17,1.0091,81,320.00,0.083433
382,1000,0.20,800,2,17,0.9803,82,379.00,0.139101
383,1000,0.20,800,2,17,1.0104,83,349.00,0.286058
384,1000,0.20,800,2,17,0.9929,84,339.00,0.088976
385,1000,0.20,800,2,17,1.0166,85,344.00,0.159312
386,1000,0.20,800,2,17,0.9369,86,370.00,0.097769
387,1000,0.20,800,2,17,1.0256,87,344.00,0.059398
388,1000,0.20,800,2,17,1.0252,88,359.00,0.059715
389,1000,0.20,800,2,17,1.0153,89,377.00,0.081258
390,1000,0.20,800,2,17,1.0293,90,338.00,0.011730
391,1000,0.20,800,2,17,0.9517,91,338.00,0.095802
392,1000,0.20,800,2,17,1.0341,92,372.00,0.599745
393,1000,0.20,800,2,17,0.9988,93,376.00,0.114159
394,1000,0.20,800,2,17,1.0055,94,394.00,0.092171
395,1000,0.20,800,2,17,1.0035,95,351.00,0.255325
396,1000,0.20,800,2,17,0.9760,96,352.00,0.109096
397,1000,0.20,800,2,17,0.9798,97,350.00,0.010042
398,1000,0.20,800,2,17,1.0780,98,339.00,0.109776
399,1000,0.20,800,2,17,0.9646,99,339.00,0.152947
400,1000,0.25,750,2,17,0.9533,0,342.00,0.090412
401,1000,0.25,750,2,17,1.0097,1,380.00,0.137032
402,1000,0.25,750,2,17,0.9888,2,373.00,0.315510
403,1000,0.25,750,2,17,1.0017,3,340.00,0.033652
404,1000,0.25,750,2,17,0.9869,4,325.00,0.477819
405,1000,0.25,750,2,17,1.0067,5,338.00,0.099006
406,1000,0.25,750,2,17,0.9744,6,353.00,0.075540
407,1000,0.25,750,2,17,0.9824,7,351.00,0.272276
408,1000,0.25,750,2,17,0.9788,8,331.00,0.133256
409,1000,0.25,750,2,17,1.0131,9,334.00,0.298849
410,1000,0.25,750,2,17,0.9785,10,337.00,0.076010
411,1000,0.25,750,2,17,1.0043,11,352.00,0.103513
412,1000,0.25,750,2,17,0.9629,12,364.00,0.265033
413,1000,0.25,750,2,17,1.0122,13,354.00,0.083534
414,1000,0.25,750,2,17,0.9928,14,358.00,0.140431
415,1000,0.25,750,2,17,1.0257,15,352.00,0.046278
416,1000,0.25,750,2,17,0.9752,16,362.00,0.149068
417,1000,0.25,750,2,17,1.0116,17,322.00,0.209392
418,1000,0.25,750,2,17,1.0104,18,357.00,0.079518
419,1000,0.25,750,2,17,0.9975,19,353.00,0.132293
420,1000,0.25,750,2,17,1.0272,20,341.00,0.310336
421,1000,0.25,750,2,17,0.9367,21,385.00,0.344405
422,1000,0.25,750,2,17,1.0227,22,341.00,0.261266
423,1000,0.25,750,2,17,0.9866,23,349.00,0.063985
424,1000,0.25,750,2,17,0.9778,24,346.00,0.184743
425,1000,0.25,750,2,17,0.9668,25,350.00,0.215971
426,1000,0.25,750,2,17,0.9902,26,338.00,0.148469
427,1000,0.25,750,2,17,0.9903,27,344.00,0.130310
428,1000,0.25,750,2,17,1.0146,28,367.00,0.147505
429,1000,0.25,750,2,17,0.9800,29,336.00,0.137140
430,1000,0.25,750,2,17,0.9813,30,321.00,0.061181
431,1000,0.25,750,2,17,0.9890,31,350.00,0.149937
432,1000,0.25,750,2,17,0.9905,32,366.00,0.068171
433,1000,0.25,750,2,17,0.9728,33,372.00,0.248297
434,1000,0.25,750,2,17,1.0156,34,344.00,0.282141
435,1000,0.25,750,2,17,0.9987,35,370.00,0.038382
436,1000,0.25,750,2,17,1.0043,36,351.00,0.134828
437,1000,0.25,750,2,17,1.0144,37,350.00,0.134426
438,1000,0.25,750,2,17,1.0114,38,354.00,0.511472
439,1000,0.25,750,2,17,0.9732,39,364.00,0.123914
440,1000,0.25,750,2,17,0.9637,40,367.00,0.145269
441,1000,0.25,750,2,17,0.9809,41,348.00,0.155130
442,1000,0.25,750,2,17,0.9800,42,354.00,0.112570
443,1000,0.25,750,2,17,1.0160,43,358.00,0.145981
444,1000,0.25,750,2,17,0.9846,44,365.00,0.095052
445,1000,0.25,750,2,17,1.0420,45,368.00,0.073620
446,1000,0.25,750,2,17,1.0045,46,378.00,0.047328
447,1000,0.25,750,2,17,1.0076,47,380.00,0.236127
448,1000,0.25,750,2,17,0.9255,48,330.00,0.042140
449,1000,0.25,750,2,17,1.0019,49,341.00,0.144954
450,1000,0.25,750,2,17,1.0679,50,333.00,0.245630
451,1000,0.25,750,2,17,0.9910,51,363.00,0.381530
452,1000,0.25,750,2,17,1.0043,52,373.00,0.110522
453,1000,0.25,750,2,17,1.0202,53,365.00,0.026174
454,1000,0.25,750,2,17,1.0345,54,318.00,0.185809
455,1000,0.25,750,2,17,0.9562,55,351.00,0.142863
456,1000,0.25,750,2,17,0.9654,56,363.00,0.162687
457,1000,0.25,750,2,17,1.0193,57,368.00,0.197155
458,1000,0.25,750,2,17,1.0124,58,366.00,0.265477
459,1000,0.25,750,2,17,1.0074,59,352.00,0.227433
460,1000,0.25,750,2,17,1.0413,60,369.00,0.421615
461,1000,0.25,750,2,17,0.9977,61,369.00,0.197158
462,1000,0.25,750,2,17,0.9757,62,349.00,0.120320
463,1000,0.25,750,2,17,1.0199,63,338.00,0.207070
464,1000,0.25,750,2,17,0.9813,64,361.00,0.275473
465,1000,0.25,750,2,17,1.0073,65,346.00,0.078904
466,1000,0.25,750,2,17,1.0348,66,369.00,0.192869
467,1000,0.25,750,2,17,0.9940,67,347.00,0.238673
468,1000,0.25,750,2,17,1.0319,68,336.00,0.024514
469,1000,0.25,750,2,17,1.0520,69,352.00,0.310958
470,1000,0.25,750,2,17,0.9587,70,368.00,0.111817
471,1000,0.25,750,2,17,0.9867,71,365.00,0.417103
472,1000,0.25,750,2,17,0.9803,72,359.00,0.129595
473,1000,0.25,750,2,17,1.0225,73,328.00,0.097806
474,1000,0.25,750,2,17,0.9886,74,373.00,0.128282
475,1000,0.25,750,2,17,1.0131,75,372.00,0.607208
476,1000,0.25,750,2,17,0.9678,76,327.00,0.204183
477,1000,0.25,750,2,17,0.9815,77,351.00,0.004536
478,1000,0.25,750,2,17,1.0309,78,338.00,0.374602
479,1000,0.25,750,2,17,1.0291,79,328.00,0.432762
480,1000,0.25,750,2,17,1.0307,80,342.00,0.349525
481,1000,0.25,750,2,17,0.9949,81,330.00,0.264622
482,1000,0.25,750,2,17,0.9820,82,349.00,0.197340
483,1000,0.25,750,2,17,1.0026,83,364.00,0.477651
484,1000,0.25,750,2,17,1.0103,84,329.00,0.287889
485,1000,0.25,750,2,17,0.9930,85,368.00,0.087396
486,1000,0.25,750,2,17,1.0022,86,368.00,0.118088
487,1000,0.25,750,2,17,0.9883,87,330.00,0.169837
488,1000,0.25,750,2,17,0.9988,88,335.00,0.033349
489,1000,0.25,750,2,17,0.9787,89,363.00,0.246875
490,1000,0.25,750,2,17,1.0134,90,372.00,0.072683
491,1000,0.25,750,2,17,1.0146,91,343.00,0.579414
492,1000,0.25,750,2,17,1.0124,92,339.00,0.257298
493,1000,0.25,750,2,17,1.0170,93,352.00,0.086442
494,1000,0.25,750,2,17,0.9887,94,354.00,0.205135
495,1000,0.25,750,2,17,0.9977,95,356.00,0.065632
496,1000,0.25,750,2,17,0.9705,96,368.00,0.213423
497,1000,0.25,750,2,17,1.0313,97,389.00,0.967056
498,1000,0.25,750,2,17,1.0096,98,373.00,0.195003
499,1000,0.25,750,2,17,1.0072,99,367.00,0.536604
500,1000,0.30,700,2,17,0.9996,0,340.00,0.294217
501,1000,0.30,700,2,17,1.0106,1,365.00,0.672819
502,1000,0.30,700,2,17,0.9897,2,372.00,0.120347
503,1000,0.30,700,2,17,0.9822,3,355.00,0.092034
504,1000,0.30,700,2,17,1.0119,4,312.00,0.143726
505,1000,0.30,700,2,17,1.0146,5,369.00,0.153206
506,1000,0.30,700,2,17,1.0177,6,373.00,0.126320
507,1000,0.30,700,2,17,1.0417,7,370.00,0.234012
508,1000,0.30,700,2,17,1.0068,8,354.00,0.378829
509,1000,0.30,700,2,17,0.9965,9,382.00,0.079249
510,1000,0.30,700,2,17,0.9957,10,344.00,0.050335
511,1000,0.30,700,2,17,0.9687,11,344.00,0.057348
512,1000,0.30,700,2,17,0.9904,12,344.00,0.143831
513,1000,0.30,700,2,17,1.0120,13,385.00,0.211016
514,1000,0.30,700,2,17,0.9965,14,363.00,0.083815
515,1000,0.30,700,2,17,0.9903,15,367.00,0.174723
516,1000,0.30,700,2,17,0.9970,16,348.00,0.087742
517,1000,0.30,700,2,17,1.0042,17,344.00,0.239035
518,1000,0.30,700,2,17,0.9745,18,331.00,0.424580
519,1000,0.30,700,2,17,1.0535,19,384.00,0.309657
520,1000,0.30,700,2,17,0.9879,20,338.00,0.282039
521,1000,0.30,700,2,17,0.9458,21,353.00,0.456070
522,1000,0.30,700,2,17,1.0047,22,348.00,0.061334
523,1000,0.30,700,2,17,1.0159,23,365.00,0.120361
524,1000,0.30,700,2,17,0.9786,24,367.00,0.133848
525,1000,0.30,700,2,17,0.9880,25,334.00,0.017168
526,1000,0.30,700,2,17,1.0192,26,345.00,0.258395
527,1000,0.30,700,2,17,1.0216,27,357.00,0.119788
528,1000,0.30,700,2,17,0.9956,28,332.00,0.051558
529,1000,0.30,700,2,17,1.0371,29,371.00,0.141855
530,1000,0.30,700,2,17,0.9560,30,364.00,0.114891
531,1000,0.30,700,2,17,0.9982,31,377.00,0.414817
532,1000,0.30,700,2,17,1.0041,32,362.00,0.448217
533,1000,0.30,700,2,17,0.9869,33,377.00,0.312074
534,1000,0.30,700,2,17,0.9978,34,347.00,0.088250
535,1000,0.30,700,2,17,0.9720,35,334.00,0.076440
536,1000,0.30,700,2,17,0.9974,36,312.00,0.288051
537,1000,0.30,700,2,17,0.9874,37,346.00,0.161542
538,1000,0.30,700,2,17,1.0189,38,361.00,0.881454
539,1000,0.30,700,2,17,1.0284,39,354.00,0.114158
540,1000,0.30,700,2,17,0.9865,40,334.00,0.037775
541,1000,0.30,700,2,17,1.0374,41,373.00,0.264822
542,1000,0.30,700,2,17,0.9950,42,358.00,0.199294
543,1000,0.30,700,2,17,0.9929,43,339.00,0.097064
544,1000,0.30,700,2,17,1.0070,44,323.00,0.116464
545,1000,0.30,700,2,17,1.0202,45,385.00,0.428358
546,1000,0.30,700,2,17,0.9491,46,339.00,0.114005
547,1000,0.30,700,2,17,0.9654,47,351.00,0.058167
548,1000,0.30,700,2,17,0.9721,48,359.00,0.456349
549,1000,0.30,700,2,17,0.9955,49,344.00,0.146631
550,1000,0.30,700,2,17,0.9639,50,341.00,0.306240
551,1000,0.30,700,2,17,0.9704,51,364.00,0.551967
552,1000,0.30,700,2,17,0.9746,52,335.00,0.138036
553,1000,0.30,700,2,17,0.9489,53,342.00,0.051219
554,1000,0.30,700,2,17,1.0215,54,360.00,0.345257
555,1000,0.30,700,2,17,1.0120,55,341.00,0.003001
556,1000,0.30,700,2,17,0.9965,56,354.00,0.152043
557,1000,0.30,700,2,17,1.0140,57,334.00,0.090348
558,1000,0.30,700,2,17,0.9840,58,358.00,0.596712
559,1000,0.30,700,2,17,1.0031,59,366.00,0.780064
560,1000,0.30,700,2,17,0.9877,60,349.00,0.134852
561,1000,0.30,700,2,17,0.9815,61,346.00,0.326271
562,1000,0.30,700,2,17,0.9937,62,356.00,0.281651
563,1000,0.30,700,2,17,1.0170,63,373.00,0.235858
564,1000,0.30,700,2,17,1.0302,64,365.00,0.187840
565,1000,0.30,700,2,17,0.9819,65,336.00,0.147422
566,1000,0.30,700,2,17,0.9888,66,344.00,0.110213
567,1000,0.30,700,2,17,0.9973,67,360.00,0.088363
568,1000,0.30,700,2,17,1.0084,68,352.00,1.452622
569,1000,0.30,700,2,17,0.9750,69,359.00,0.352214
570,1000,0.30,700,2,17,0.9751,70,363.00,0.450529
571,1000,0.30,700,2,17,1.0127,71,340.00,0.108593
572,1000,0.30,700,2,17,1.0205,72,360.00,0.201274
573,1000,0.30,700,2,17,0.9886,73,366.00,0.878739
574,1000,0.30,700,2,17,1.0009,74,334.00,0.348916
575,1000,0.30,700,2,17,0.9946,75,352.00,0.141055
576,1000,0.30,700,2,17,1.0294,76,338.00,0.116885
577,1000,0.30,700,2,17,0.9604,77,361.00,0.020639
578,1000,0.30,700,2,17,1.0055,78,374.00,0.336205
579,1000,0.30,700,2,17,0.9867,79,376.00,0.280928
580,1000,0.30,700,2,17,1.0253,80,373.00,0.220200
581,1000,0.30,700,2,17,1.0186,81,364.00,0.082814
582,1000,0.30,700,2,17,1.0025,82,350.00,0.256996
583,1000,0.30,700,2,17,0.9932,83,367.00,0.173733
584,1000,0.30,700,2,17,0.9868,84,331.00,0.043298
585,1000,0.30,700,2,17,0.9830,85,346.00,0.172787
586,1000,0.30,700,2,17,1.0088,86,345.00,0.030948
587,1000,0.30,700,2,17,0.9657,87,394.00,0.294018
588,1000,0.30,700,2,17,1.0117,88,339.00,1.836817
589,1000,0.30,700,2,17,0.9698,89,377.00,0.038157
590,1000,0.30,700,2,17,1.0047,90,378.00,0.220395
591,1000,0.30,700,2,17,0.9617,91,337.00,0.161232
592,1000,0.30,700,2,17,1.0478,92,349.00,0.111877
593,1000,0.30,700,2,17,1.0136,93,331.00,0.124495
594,1000,0.30,700,2,17,0.9779,94,343.00,0.184730
595,1000,0.30,700,2,17,0.9256,95,346.00,0.095705
596,1000,0.30,700,2,17,1.0499,96,339.00,0.050047
597,1000,0.30,700,2,17,0.9615,97,335.00,0.398774
598,1000,0.30,700,2,17,0.9925,98,338.00,0.087720
599,1000,0.30,700,2,17,1.0012,99,409.00,0.734586
600,1000,0.35,650,2,17,0.9885,0,362.00,0.185916
601,1000,0.35,650,2,17,1.0071,1,361.00,0.529620
602,1000,0.35,650,2,17,0.9928,2,367.00,0.108970
603,1000,0.35,650,2,17,0.9863,3,361.00,0.179186
604,1000,0.35,650,2,17,1.0131,4,365.00,0.168986
605,1000,0.35,650,2,17,0.9788,5,357.00,0.336542
606,1000,0.35,650,2,17,0.9922,6,352.00,0.372181
607,1000,0.35,650,2,17,0.9886,7,345.00,0.291604
608,1000,0.35,650,2,17,0.9675,8,373.00,0.213783
609,1000,0.35,650,2,17,0.9941,9,347.00,0.220487
610,1000,0.35,650,2,17,1.0206,10,358.00,0.149335
611,1000,0.35,650,2,17,0.9811,11,333.00,0.192758
612,1000,0.35,650,2,17,0.9828,12,356.00,0.357073
613,1000,0.35,650,2,17,1.0040,13,358.00,0.042747
614,1000,0.35,650,2,17,0.9593,14,369.00,0.007163
615,1000,0.35,650,2,17,0.9773,15,351.00,0.054977
616,1000,0.35,650,2,17,0.9983,16,333.00,0.348497
617,1000,0.35,650,2,17,0.9651,17,335.00,0.055010
618,1000,0.35,650,2,17,1.0188,18,325.00,0.182201
619,1000,0.35,650,2,17,0.9736,19,333.00,0.043597
620,1000,0.35,650,2,17,1.0219,20,345.00,0.399557
621,1000,0.35,650,2,17,1.0169,21,311.00,0.154928
622,1000,0.35,650,2,17,1.0027,22,339.00,0.201626
623,1000,0.35,650,2,17,1.0083,23,342.00,0.110618
624,1000,0.35,650,2,17,1.0209,24,369.00,0.886933
625,1000,0.35,650,2,17,1.0213,25,370.00,0.030681
626,1000,0.35,650,2,17,1.0215,26,345.00,0.416998
627,1000,0.35,650,2,17,1.0294,27,341.00,0.458040
628,1000,0.35,650,2,17,0.9900,28,349.00,0.068867
629,1000,0.35,650,2,17,1.0223,29,353.00,0.097036
630,1000,0.35,650,2,17,0.9837,30,317.00,0.116742
631,1000,0.35,650,2,17,0.9920,31,355.00,0.077381
632,1000,0.35,650,2,17,1.0061,32,324.00,0.345231
633,1000,0.35,650,2,17,0.9732,33,351.00,0.266893
634,1000,0.35,650,2,17,1.0023,34,381.00,0.340187
635,1000,0.35,650,2,17,0.9799,35,348.00,0.045858
636,1000,0.35,650,2,17,1.0269,36,392.00,0.302494
637,1000,0.35,650,2,17,0.9718,37,385.00,1.572748
638,1000,0.35,650,2,17,1.0335,38,332.00,0.110294
639,1000,0.35,650,2,17,1.0171,39,336.00,0.019807
640,1000,0.35,650,2,17,1.0093,40,343.00,0.590854
641,1000,0.35,650,2,17,1.0763,41,342.00,0.047972
642,1000,0.35,650,2,17,1.0108,42,351.00,0.390589
643,1000,0.35,650,2,17,0.9888,43,339.00,0.118520
644,1000,0.35,650,2,17,1.0143,44,341.00,0.061537
645,1000,0.35,650,2,17,1.0114,45,302.00,0.024806
646,1000,0.35,650,2,17,1.0010,46,336.00,0.120456
647,1000,0.35,650,2,17,1.0027,47,362.00,0.412597
648,1000,0.35,650,2,17,1.0193,48,348.00,0.223762
649,1000,0.35,650,2,17,0.9890,49,320.00,0.177256
650,1000,0.35,650,2,17,1.0624,50,357.00,0.285630
651,1000,0.35,650,2,17,0.9751,51,363.00,0.111332
652,1000,0.35,650,2,17,0.9776,52,341.00,0.113458
653,1000,0.35,650,2,17,0.9904,53,394.00,0.132612
654,1000,0.35,650,2,17,0.9593,54,371.00,0.073577
655,1000,0.35,650,2,17,0.9732,55,351.00,0.142439
656,1000,0.35,650,2,17,1.0239,56,351.00,0.066873
657,1000,0.35,650,2,17,0.9777,57,337.00,0.294670
658,1000,0.35,650,2,17,1.0154,58,369.00,0.234531
659,1000,0.35,650,2,17,0.9999,59,328.00,0.053594
660,1000,0.35,650,2,17,1.0081,60,348.00,0.279482
661,1000,0.35,650,2,17,0.9859,61,357.00,0.157667
662,1000,0.35,650,2,17,1.0059,62,374.00,0.639848
663,1000,0.35,650,2,17,0.9752,63,383.00,0.303936
664,1000,0.35,650,2,17,0.9812,64,340.00,0.202208
665,1000,0.35,650,2,17,0.9906,65,368.00,0.128903
666,1000,0.35,650,2,17,0.9995,66,357.00,0.744351
667,1000,0.35,650,2,17,0.9775,67,340.00,0.152361
668,1000,0.35,650,2,17,1.0131,68,331.00,0.144897
669,1000,0.35,650,2,17,0.9938,69,360.00,0.338544
670,1000,0.35,650,2,17,1.0185,70,326.00,0.184660
671,1000,0.35,650,2,17,1.0405,71,334.00,0.778982
672,1000,0.35,650,2,17,0.9940,72,359.00,0.048218
673,1000,0.35,650,2,17,0.9947,73,365.00,0.080206
674,1000,0.35,650,2,17,0.9628,74,350.00,0.725619
675,1000,0.35,650,2,17,0.9675,75,359.00,0.391486
676,1000,0.35,650,2,17,1.0272,76,392.00,0.217762
677,1000,0.35,650,2,17,0.9455,77,338.00,0.062584
678,1000,0.35,650,2,17,0.9985,78,351.00,0.235051
679,1000,0.35,650,2,17,1.0308,79,358.00,0.076235
680,1000,0.35,650,2,17,0.9782,80,351.00,0.301405
681,1000,0.35,650,2,17,0.9739,81,344.00,0.443342
682,1000,0.35,650,2,17,1.0221,82,352.00,0.093423
683,1000,0.35,650,2,17,1.0347,83,318.00,0.191959
684,1000,0.35,650,2,17,0.9963,84,335.00,0.213440
685,1000,0.35,650,2,17,1.0152,85,344.00,0.049174
686,1000,0.35,650,2,17,0.9723,86,347.00,0.268748
687,1000,0.35,650,2,17,1.0362,87,362.00,0.053054
688,1000,0.35,650,2,17,0.9337,88,318.00,0.221393
689,1000,0.35,650,2,17,0.9709,89,369.00,0.193867
690,1000,0.35,650,2,17,0.9818,90,342.00,0.327651
691,1000,0.35,650,2,17,1.0085,91,360.00,0.234136
692,1000,0.35,650,2,17,1.0032,92,330.00,0.057602
693,1000,0.35,650,2,17,0.9918,93,360.00,0.079144
694,1000,0.35,650,2,17,1.0103,94,349.00,0.068376
695,1000,0.35,650,2,17,0.9629,95,355.00,0.482460
696,1000,0.35,650,2,17,0.9504,96,366.00,0.163893
697,1000,0.35,650,2,17,1.0063,97,363.00,0.147640
698,1000,0.35,650,2,17,1.0060,98,355.00,0.157237
699,1000,0.35,650,2,17,0.9946,99,350.00,0.032597
700,1000,0.40,600,2,17,0.9909,0,365.00,0.176718
701,1000,0.40,600,2,17,1.0219,1,366.00,0.632591
702,1000,0.40,600,2,17,1.0246,2,373.00,0.224640
703,1000,0.40,600,2,17,0.9977,3,381.00,0.109360
704,1000,0.40,600,2,17,0.9787,4,357.00,0.717533
705,1000,0.40,600,2,17,1.0423,5,360.00,0.398698
706,1000,0.40,600,2,17,1.0095,6,365.00,0.217358
707,1000,0.40,600,2,17,0.9919,7,363.00,0.148795
708,1000,0.40,600,2,17,0.9789,8,371.00,0.514307
709,1000,0.40,600,2,17,1.0325,9,323.00,0.172516
710,1000,0.40,600,2,17,1.0162,10,358.00,1.280058
711,1000,0.40,600,2,17,0.9596,11,383.00,0.164909
712,1000,0.40,600,2,17,0.9633,12,353.00,0.144043
713,1000,0.40,600,2,17,0.9915,13,363.00,0.140616
714,1000,0.40,600,2,17,0.9310,14,342.00,0.489847
715,1000,0.40,600,2,17,1.0243,15,348.00,0.617509
716,1000,0.40,600,2,17,0.9882,16,342.00,0.471004
717,1000,0.40,600,2,17,0.9819,17,375.00,0.115018
718,1000,0.40,600,2,17,0.9588,18,342.00,0.188520
719,1000,0.40,600,2,17,0.9911,19,355.00,0.128135
720,1000,0.40,600,2,17,0.9885,20,360.00,0.265514
721,1000,0.40,600,2,17,0.9738,21,355.00,1.238599
722,1000,0.40,600,2,17,1.0049,22,346.00,0.256743
723,1000,0.40,600,2,17,0.9601,23,350.00,0.133284
724,1000,0.40,600,2,17,0.9551,24,316.00,0.093823
725,1000,0.40,600,2,17,1.0164,25,340.00,0.204127
726,1000,0.40,600,2,17,0.9802,26,350.00,0.165387
727,1000,0.40,600,2,17,0.9730,27,362.00,0.406538
728,1000,0.40,600,2,17,0.9451,28,358.00,0.266132
729,1000,0.40,600,2,17,1.0248,29,347.00,0.218829
730,1000,0.40,600,2,17,0.9868,30,349.00,0.456199
731,1000,0.40,600,2,17,1.0267,31,369.00,0.172877
732,1000,0.40,600,2,17,0.9919,32,333.00,0.419714
733,1000,0.40,600,2,17,0.9991,33,335.00,0.012840
734,1000,0.40,600,2,17,1.0218,34,362.00,0.915426
735,1000,0.40,600,2,17,0.9813,35,354.00,0.237451
736,1000,0.40,600,2,17,1.0223,36,327.00,0.049764
737,1000,0.40,600,2,17,1.0421,37,344.00,0.216922
738,1000,0.40,600,2,17,1.0335,38,356.00,0.418434
739,1000,0.40,600,2,17,0.9663,39,338.00,0.539487
740,1000,0.40,600,2,17,0.9299,40,362.00,1.128386
741,1000,0.40,600,2,17,0.9943,41,369.00,0.347774
742,1000,0.40,600,2,17,0.9871,42,319.00,0.058907
743,1000,0.40,600,2,17,1.0156,43,355.00,0.026812
744,1000,0.40,600,2,17,1.0092,44,390.00,0.419097
745,1000,0.40,600,2,17,1.0399,45,363.00,0.065511
746,1000,0.40,600,2,17,0.9813,46,345.00,0.286217
747,1000,0.40,600,2,17,1.0107,47,361.00,0.070973
748,1000,0.40,600,2,17,1.0440,48,348.00,0.139793
749,1000,0.40,600,2,17,0.9678,49,343.00,0.024805
750,1000,0.40,600,2,17,0.9769,50,378.00,0.719348
751,1000,0.40,600,2,17,0.9745,51,328.00,0.151678
752,1000,0.40,600,2,17,1.0377,52,369.00,0.777566
753,1000,0.40,600,2,17,0.9489,53,348.00,0.449979
754,1000,0.40,600,2,17,1.0327,54,374.00,0.603614
755,1000,0.40,600,2,17,1.0338,55,353.00,0.251556
756,1000,0.40,600,2,17,1.0240,56,385.00,0.311448
757,1000,0.40,600,2,17,1.0057,57,385.00,1.039850
758,1000,0.40,600,2,17,0.9674,58,351.00,0.415651
759,1000,0.40,600,2,17,1.0170,59,332.00,0.496668
760,1000,0.40,600,2,17,1.0465,60,366.00,0.215445
761,1000,0.40,600,2,17,1.0134,61,370.00,0.242316
762,1000,0.40,600,2,17,0.9899,62,340.00,0.167775
763,1000,0.40,600,2,17,0.9888,63,348.00,0.159907
764,1000,0.40,600,2,17,0.9662,64,366.00,0.558031
765,1000,0.40,600,2,17,1.0168,65,350.00,0.099941
766,1000,0.40,600,2,17,0.9875,66,362.00,0.073625
767,1000,0.40,600,2,17,1.0391,67,356.00,0.547554
768,1000,0.40,600,2,17,0.9834,68,325.00,0.404483
769,1000,0.40,600,2,17,0.9979,69,338.00,0.046163
770,1000,0.40,600,2,17,0.9825,70,380.00,0.035746
771,1000,0.40,600,2,17,0.9865,71,357.00,0.517985
772,1000,0.40,600,2,17,0.9897,72,334.00,0.035075
773,1000,0.40,600,2,17,0.9920,73,348.00,0.147002
774,1000,0.40,600,2,17,0.9560,74,374.00,0.048411
775,1000,0.40,600,2,17,1.0466,75,370.00,0.018378
776,1000,0.40,600,2,17,0.9998,76,374.00,0.043588
777,1000,0.40,600,2,17,0.9934,77,370.00,0.153391
778,1000,0.40,600,2,17,1.0073,78,372.00,0.350967
779,1000,0.40,600,2,17,0.9686,79,374.00,0.178191
780,1000,0.40,600,2,17,0.9714,80,360.00,0.140384
781,1000,0.40,600,2,17,1.0318,81,368.00,0.673619
782,1000,0.40,600,2,17,0.9802,82,322.00,0.098275
783,1000,0.40,600,2,17,1.0081,83,424.00,0.418057
784,1000,0.40,600,2,17,0.9997,84,355.00,0.062118
785,1000,0.40,600,2,17,0.9967,85,345.00,0.116943
786,1000,0.40,600,2,17,0.9776,86,357.00,0.060127
787,1000,0.40,600,2,17,1.0358,87,385.00,0.132866
788,1000,0.40,600,2,17,0.9610,88,348.00,0.108369
789,1000,0.40,600,2,17,0.9688,89,350.00,0.273681
790,1000,0.40,600,2,17,1.0004,90,368.00,1.192065
791,1000,0.40,600,2,17,0.9935,91,346.00,0.153021
792,1000,0.40,600,2,17,0.9851,92,342.00,0.011532
793,1000,0.40,600,2,17,0.9590,93,344.00,0.363354
794,1000,0.40,600,2,17,1.0129,94,352.00,0.428899
795,1000,0.40,600,2,17,1.0089,95,377.00,1.452502
796,1000,0.40,600,2,17,0.9402,96,351.00,0.030345
797,1000,0.40,600,2,17,1.0499,97,364.00,0.127514
798,1000,0.40,600,2,17,0.9656,98,353.00,0.094303
799,1000,0.40,600,2,17,1.0167,99,349.00,0.235769
800,1000,0.45,550,2,17,0.9784,0,362.00,0.255464
801,1000,0.45,550,2,17,0.9893,1,370.00,0.330485
802,1000,0.45,550,2,17,1.0113,2,341.00,0.557525
803,1000,0.45,550,2,17,1.0008,3,364.00,0.721412
804,1000,0.45,550,2,17,0.9502,4,377.00,0.118981
805,1000,0.45,550,2,17,0.9961,5,364.00,0.272073
806,1000,0.45,550,2,17,1.0128,6,385.00,1.162645
807,1000,0.45,550,2,17,1.0009,7,373.00,0.252840
808,1000,0.45,550,2,17,1.0227,8,394.00,0.092634
809,1000,0.45,550,2,17,1.0210,9,347.00,0.564545
810,1000,0.45,550,2,17,1.0155,10,361.00,0.387187
811,1000,0.45,550,2,17,0.9955,11,338.00,0.238359
812,1000,0.45,550,2,17,1.0012,12,372.00,0.525034
813,1000,0.45,550,2,17,1.0311,13,380.00,0.508297
814,1000,0.45,550,2,17,0.9832,14,366.00,0.649139
815,1000,0.45,550,2,17,0.9994,15,389.00,0.040448
816,1000,0.45,550,2,17,1.0191,16,367.00,0.179058
817,1000,0.45,550,2,17,0.9612,17,362.00,0.439138
818,1000,0.45,550,2,17,0.9952,18,373.00,0.023065
819,1000,0.45,550,2,17,1.0090,19,368.00,0.275288
820,1000,0.45,550,2,17,0.9700,20,341.00,1.010403
821,1000,0.45,550,2,17,1.0257,21,385.00,0.404048
822,1000,0.45,550,2,17,0.9984,22,363.00,0.391234
823,1000,0.45,550,2,17,0.9757,23,364.00,0.271237
824,1000,0.45,550,2,17,1.0144,24,381.00,0.643780
825,1000,0.45,550,2,17,1.0017,25,373.00,0.380971
826,1000,0.45,550,2,17,1.0273,26,362.00,0.823556
827,1000,0.45,550,2,17,0.9818,27,355.00,0.264051
828,1000,0.45,550,2,17,0.9471,28,355.00,0.263201
829,1000,0.45,550,2,17,1.0236,29,370.00,1.899720
830,1000,0.45,550,2,17,1.0419,30,363.00,0.536980
831,1000,0.45,550,2,17,1.0199,31,353.00,0.042686
832,1000,0.45,550,2,17,1.0477,32,365.00,0.193567
833,1000,0.45,550,2,17,0.9950,33,352.00,2.109952
834,1000,0.45,550,2,17,0.9554,34,369.00,3.468933
835,1000,0.45,550,2,17,0.9709,35,353.00,0.321567
836,1000,0.45,550,2,17,0.9343,36,356.00,0.224040
837,1000,0.45,550,2,17,0.9828,37,378.00,0.237818
838,1000,0.45,550,2,17,1.0209,38,385.00,0.201478
839,1000,0.45,550,2,17,1.0617,39,354.00,0.171792
840,1000,0.45,550,2,17,1.0243,40,374.00,0.354639
841,1000,0.45,550,2,17,1.0165,41,382.00,0.082489
842,1000,0.45,550,2,17,0.9849,42,341.00,0.566833
843,1000,0.45,550,2,17,1.0151,43,375.00,0.383756
844,1000,0.45,550,2,17,0.9760,44,369.00,0.021381
845,1000,0.45,550,2,17,0.9754,45,383.00,0.336730
846,1000,0.45,550,2,17,1.0184,46,354.00,1.049671
847,1000,0.45,550,2,17,1.0628,47,361.00,0.391634
848,1000,0.45,550,2,17,1.0426,48,367.00,0.562008
849,1000,0.45,550,2,17,1.0351,49,353.00,0.181195
850,1000,0.45,550,2,17,1.0155,50,323.00,0.355874
851,1000,0.45,550,2,17,1.0283,51,388.00,0.496340
852,1000,0.45,550,2,17,0.9988,52,364.00,0.791219
853,1000,0.45,550,2,17,1.0077,53,355.00,0.338723
854,1000,0.45,550,2,17,1.0028,54,348.00,0.177774
855,1000,0.45,550,2,17,1.0402,55,357.00,0.916904
856,1000,0.45,550,2,17,0.9661,56,351.00,0.036355
857,1000,0.45,550,2,17,0.9895,57,365.00,0.147265
858,1000,0.45,550,2,17,0.9912,58,366.00,0.721710
859,1000,0.45,550,2,17,1.0208,59,378.00,0.098131
860,1000,0.45,550,2,17,1.0028,60,387.00,0.386577
861,1000,0.45,550,2,17,0.9535,61,341.00,0.475997
862,1000,0.45,550,2,17,1.0126,62,385.00,1.210352
863,1000,0.45,550,2,17,0.9756,63,377.00,0.249330
864,1000,0.45,550,2,17,1.0365,64,370.00,0.294894
865,1000,0.45,550,2,17,1.0557,65,358.00,0.129106
866,1000,0.45,550,2,17,0.9910,66,361.00,0.308364
867,1000,0.45,550,2,17,0.9806,67,379.00,0.115141
868,1000,0.45,550,2,17,1.0571,68,372.00,0.458179
869,1000,0.45,550,2,17,0.9967,69,364.00,0.240656
870,1000,0.45,550,2,17,1.0647,70,402.00,0.651239
871,1000,0.45,550,2,17,0.9944,71,360.00,0.316707
872,1000,0.45,550,2,17,0.9576,72,348.00,0.413460
873,1000,0.45,550,2,17,0.9950,73,400.00,1.199932
874,1000,0.45,550,2,17,0.9825,74,358.00,0.044025
875,1000,0.45,550,2,17,0.9959,75,371.00,0.205897
876,1000,0.45,550,2,17,1.0231,76,368.00,0.459987
877,1000,0.45,550,2,17,0.9545,77,363.00,1.487024
878,1000,0.45,550,2,17,0.9641,78,368.00,0.491392
879,1000,0.45,550,2,17,0.9629,79,418.00,1.107862
880,1000,0.45,550,2,17,0.9784,80,356.00,0.100570
881,1000,0.45,550,2,17,1.0210,81,365.00,0.150451
882,1000,0.45,550,2,17,0.9862,82,363.00,0.502324
883,1000,0.45,550,2,17,0.9860,83,370.00,0.198750
884,1000,0.45,550,2,17,0.9217,84,369.00,0.157493
885,1000,0.45,550,2,17,1.0600,85,350.00,0.246406
886,1000,0.45,550,2,17,0.9848,86,380.00,0.095292
887,1000,0.45,550,2,17,0.9712,87,364.00,0.084476
888,1000,0.45,550,2,17,0.9625,88,373.00,0.912236
889,1000,0.45,550,2,17,1.0467,89,352.00,0.688772
890,1000,0.45,550,2,17,0.9659,90,335.00,0.157849
891,1000,0.45,550,2,17,1.0030,91,348.00,0.055638
892,1000,0.45,550,2,17,1.0257,92,389.00,0.135758
893,1000,0.45,550,2,17,1.0311,93,268.00,0.218876
894,1000,0.45,550,2,17,1.0294,94,368.00,0.642078
895,1000,0.45,550,2,17,1.0257,95,349.00,0.456809
896,1000,0.45,550,2,17,1.0318,96,365.00,0.669137
897,1000,0.45,550,2,17,1.0348,97,372.00,1.037796
898,1000,0.45,550,2,17,1.0090,98,384.00,0.186605
899,1000,0.45,550,2,17,1.0123,99,328.00,0.276787
900,1000,0.50,500,2,17,0.9807,0,369.00,1.104488
901,1000,0.50,500,2,17,0.9818,1,334.00,1.038381
902,1000,0.50,500,2,17,1.0229,2,387.00,1.616925
903,1000,0.50,500,2,17,0.9684,3,392.00,0.622164
904,1000,0.50,500,2,17,0.9888,4,398.00,0.005209
905,1000,0.50,500,2,17,1.0300,5,374.00,0.717524
906,1000,0.50,500,2,17,1.0713,6,371.00,0.051763
907,1000,0.50,500,2,17,1.0325,7,392.00,1.049909
908,1000,0.50,500,2,17,1.0402,8,360.00,0.318193
909,1000,0.50,500,2,17,0.9980,9,380.00,0.483428
910,1000,0.50,500,2,17,1.0289,10,338.00,1.028474
911,1000,0.50,500,2,17,0.9767,11,376.00,0.129639
912,1000,0.50,500,2,17,0.9578,12,312.00,0.069078
913,1000,0.50,500,2,17,1.0147,13,374.00,3.136227
914,1000,0.50,500,2,17,0.9562,14,385.00,0.966529
915,1000,0.50,500,2,17,0.9957,15,172.00,0.184881
916,1000,0.50,500,2,17,1.0363,16,367.00,0.400889
917,1000,0.50,500,2,17,1.0540,17,370.00,0.147485
918,1000,0.50,500,2,17,0.9908,18,350.00,0.186890
919,1000,0.50,500,2,17,0.9962,19,360.00,0.403179
920,1000,0.50,500,2,17,1.0032,20,325.00,0.328283
921,1000,0.50,500,2,17,0.9584,21,345.00,1.771291
922,1000,0.50,500,2,17,1.0138,22,356.00,0.083061
923,1000,0.50,500,2,17,1.0098,23,344.00,0.219266
924,1000,0.50,500,2,17,1.0034,24,417.00,0.903236
925,1000,0.50,500,2,17,0.9793,25,367.00,0.397615
926,1000,0.50,500,2,17,0.9666,26,327.00,0.349278
927,1000,0.50,500,2,17,1.0095,27,382.00,0.363431
928,1000,0.50,500,2,17,1.0013,28,370.00,0.321866
929,1000,0.50,500,2,17,0.9403,29,329.00,0.138779
930,1000,0.50,500,2,17,1.0365,30,367.00,0.302767
931,1000,0.50,500,2,17,0.9757,31,385.00,0.059514
932,1000,0.50,500,2,17,1.0033,32,382.00,0.171059
933,1000,0.50,500,2,17,0.9666,33,389.00,0.365969
934,1000,0.50,500,2,17,0.9662,34,395.00,0.357626
935,1000,0.50,500,2,17,1.0025,35,376.00,0.061666
936,1000,0.50,500,2,17,0.9725,36,373.00,0.511645
937,1000,0.50,500,2,17,0.9833,37,368.00,0.373814
938,1000,0.50,500,2,17,0.9691,38,373.00,0.748488
939,1000,0.50,500,2,17,1.0591,39,354.00,0.462554
940,1000,0.50,500,2,17,1.0127,40,324.00,0.528579
941,1000,0.50,500,2,17,0.9846,41,428.00,2.445081
942,1000,0.50,500,2,17,0.9945,42,379.00,0.751328
943,1000,0.50,500,2,17,0.9504,43,343.00,0.037010
944,1000,0.50,500,2,17,1.0012,44,398.00,0.761875
945,1000,0.50,500,2,17,0.9709,45,347.00,0.173636
946,1000,0.50,500,2,17,0.9900,46,412.00,0.133778
947,1000,0.50,500,2,17,0.9789,47,369.00,0.123062
948,1000,0.50,500,2,17,0.9113,48,362.00,0.456325
949,1000,0.50,500,2,17,1.0256,49,379.00,1.428424
950,1000,0.50,500,2,17,1.0265,50,420.00,0.726026
951,1000,0.50,500,2,17,0.9982,51,402.00,0.308172
952,1000,0.50,500,2,17,1.0083,52,419.00,0.161270
953,1000,0.50,500,2,17,0.9812,53,377.00,0.348345
954,1000,0.50,500,2,17,0.9839,54,372.00,0.590839
955,1000,0.50,500,2,17,1.0010,55,432.00,0.893550
956,1000,0.50,500,2,17,0.9721,56,398.00,2.011173
957,1000,0.50,500,2,17,0.9668,57,366.00,0.106337
958,1000,0.50,500,2,17,0.9532,58,363.00,0.092210
959,1000,0.50,500,2,17,1.0031,59,336.00,0.321539
960,1000,0.50,500,2,17,1.0097,60,331.00,0.069979
961,1000,0.50,500,2,17,1.0078,61,396.00,0.402208
962,1000,0.50,500,2,17,1.0309,62,347.00,0.375243
963,1000,0.50,500,2,17,0.9922,63,375.00,0.156756
964,1000,0.50,500,2,17,1.0166,64,351.00,0.493825
965,1000,0.50,500,2,17,1.0625,65,365.00,0.975689
966,1000,0.50,500,2,17,0.9936,66,385.00,0.612520
967,1000,0.50,500,2,17,1.0396,67,347.00,0.592840
968,1000,0.50,500,2,17,0.9819,68,374.00,0.805178
969,1000,0.50,500,2,17,0.9537,69,351.00,0.421073
970,1000,0.50,500,2,17,0.9980,70,371.00,0.694827
971,1000,0.50,500,2,17,0.9764,71,423.00,1.081177
972,1000,0.50,500,2,17,1.0206,72,312.00,0.212745
973,1000,0.50,500,2,17,0.9883,73,375.00,2.252109
974,1000,0.50,500,2,17,1.0567,74,349.00,0.536050
975,1000,0.50,500,2,17,0.9943,75,376.00,0.189158
976,1000,0.50,500,2,17,0.9864,76,372.00,0.468156
977,1000,0.50,500,2,17,1.0209,77,425.00,1.697157
978,1000,0.50,500,2,17,0.9939,78,372.00,0.363728
979,1000,0.50,500,2,17,1.0405,79,365.00,0.389466
980,1000,0.50,500,2,17,0.9756,80,372.00,0.103531
981,1000,0.50,500,2,17,0.9880,81,376.00,0.148932
982,1000,0.50,500,2,17,0.9787,82,346.00,0.434411
983,1000,0.50,500,2,17,0.9949,83,359.00,0.993206
984,1000,0.50,500,2,17,0.9999,84,369.00,1.899407
985,1000,0.50,500,2,17,0.9545,85,377.00,0.299384
986,1000,0.50,500,2,17,0.9762,86,375.00,0.503623
987,1000,0.50,500,2,17,0.9972,87,387.00,1.938524
988,1000,0.50,500,2,17,1.0461,88,367.00,0.358345
989,1000,0.50,500,2,17,1.0111,89,374.00,0.992062
990,1000,0.50,500,2,17,1.0194,90,374.00,0.189200
991,1000,0.50,500,2,17,0.9786,91,370.00,1.560177
992,1000,0.50,500,2,17,0.9766,92,374.00,0.555867
993,1000,0.50,500,2,17,1.0328,93,374.00,1.056230
994,1000,0.50,500,2,17,0.9726,94,392.00,0.742564
995,1000,0.50,500,2,17,1.0259,95,393.00,0.829954
996,1000,0.50,500,2,17,1.0120,96,346.00,0.199154
997,1000,0.50,500,2,17,0.9796,97,368.00,0.518204
998,1000,0.50,500,2,17,0.9779,98,393.00,0.576099
999,1000,0.50,500,2,17,0.9431,99,336.00,0.230357
1000,1000,0.55,450,2,17,0.9750,0,250.00,0.235952
1001,1000,0.55,450,2,17,1.0087,1,401.00,1.216004
1002,1000,0.55,450,2,17,0.9740,2,361.00,0.413288
1003,1000,0.55,450,2,17,1.0168,3,399.00,0.184552
1004,1000,0.55,450,2,17,1.0180,4,375.00,1.348463
1005,1000,0.55,450,2,17,1.0570,5,375.00,1.262064
1006,1000,0.55,450,2,17,1.0249,6,164.00,0.424721
1007,1000,0.55,450,2,17,1.0510,7,378.00,1.293519
1008,1000,0.55,450,2,17,0.9500,8,390.00,1.463218
1009,1000,0.55,450,2,17,1.0010,9,362.00,1.166807
1010,1000,0.55,450,2,17,0.9693,10,196.00,0.494811
1011,1000,0.55,450,2,17,0.9842,11,177.00,0.393740
1012,1000,0.55,450,2,17,0.9772,12,412.00,0.147058
1013,1000,0.55,450,2,17,0.9781,13,347.00,0.506157
1014,1000,0.55,450,2,17,0.9844,14,145.00,0.225966
1015,1000,0.55,450,2,17,1.0305,15,392.00,0.629581
1016,1000,0.55,450,2,17,1.0533,16,377.00,0.266661
1017,1000,0.55,450,2,17,1.0023,17,405.00,0.806000
1018,1000,0.55,450,2,17,1.0370,18,383.00,0.365271
1019,1000,0.55,450,2,17,0.9971,19,229.00,0.948547
1020,1000,0.55,450,2,17,1.0437,20,422.00,1.630173
1021,1000,0.55,450,2,17,0.9910,21,422.00,2.351940
1022,1000,0.55,450,2,17,0.9807,22,419.00,2.835377
1023,1000,0.55,450,2,17,0.9726,23,396.00,0.163988
1024,1000,0.55,450,2,17,0.9906,24,362.00,0.745805
1025,1000,0.55,450,2,17,1.0181,25,421.00,0.437757
1026,1000,0.55,450,2,17,0.9702,26,381.00,0.152835
1027,1000,0.55,450,2,17,1.0245,27,404.00,0.998933
1028,1000,0.55,450,2,17,0.9999,28,402.00,0.090941
1029,1000,0.55,450,2,17,1.0093,29,358.00,0.508234
1030,1000,0.55,450,2,17,0.9867,30,380.00,0.100459
1031,1000,0.55,450,2,17,1.0209,31,397.00,0.424388
1032,1000,0.55,450,2,17,0.9803,32,386.00,1.099285
1033,1000,0.55,450,2,17,1.0049,33,130.00,0.341666
1034,1000,0.55,450,2,17,0.9799,34,374.00,4.957677
1035,1000,0.55,450,2,17,1.0788,35,333.00,0.515688
1036,1000,0.55,450,2,17,0.9569,36,350.00,0.383613
1037,1000,0.55,450,2,17,1.0035,37,370.00,1.079892
1038,1000,0.55,450,2,17,0.9451,38,373.00,0.135294
1039,1000,0.55,450,2,17,1.0206,39,416.00,1.879773
1040,1000,0.55,450,2,17,0.9989,40,414.00,1.059398
1041,1000,0.55,450,2,17,0.9376,41,425.00,0.781006
1042,1000,0.55,450,2,17,1.0264,42,382.00,0.665607
1043,1000,0.55,450,2,17,1.0736,43,390.00,0.557759
1044,1000,0.55,450,2,17,1.0415,44,401.00,3.267972
1045,1000,0.55,450,2,17,0.9888,45,372.00,0.279030
1046,1000,0.55,450,2,17,0.9750,46,396.00,0.225136
1047,1000,0.55,450,2,17,1.0308,47,44.00,0.177183
1048,1000,0.55,450,2,17,1.0369,48,358.00,2.433126
1049,1000,0.55,450,2,17,0.9728,49,432.00,3.522846
1050,1000,0.55,450,2,17,0.9428,50,378.00,0.119094
1051,1000,0.55,450,2,17,0.9858,51,361.00,0.490277
1052,1000,0.55,450,2,17,1.0126,52,445.00,3.103595
1053,1000,0.55,450,2,17,1.0235,53,114.00,0.386630
1054,1000,0.55,450,2,17,0.9992,54,398.00,1.586024
1055,1000,0.55,450,2,17,1.0401,55,43.00,0.227666
1056,1000,0.55,450,2,17,0.9896,56,389.00,1.240830
1057,1000,0.55,450,2,17,0.9910,57,360.00,0.422943
1058,1000,0.55,450,2,17,1.0399,58,387.00,1.592429
1059,1000,0.55,450,2,17,1.0218,59,358.00,0.159857
1060,1000,0.55,450,2,17,0.9841,60,339.00,0.548962
1061,1000,0.55,450,2,17,0.9937,61,371.00,0.366480
1062,1000,0.55,450,2,17,1.0662,62,373.00,0.590027
1063,1000,0.55,450,2,17,1.0459,63,439.00,0.997877
1064,1000,0.55,450,2,17,1.0170,64,339.00,0.334234
1065,1000,0.55,450,2,17,1.0252,65,362.00,0.145646
1066,1000,0.55,450,2,17,0.9957,66,412.00,1.986750
1067,1000,0.55,450,2,17,0.9342,67,367.00,0.019804
1068,1000,0.55,450,2,17,0.9801,68,327.00,0.114677
1069,1000,0.55,450,2,17,0.9997,69,405.00,0.122790
1070,1000,0.55,450,2,17,1.0106,70,380.00,0.389790
1071,1000,0.55,450,2,17,0.9208,71,359.00,0.203397
1072,1000,0.55,450,2,17,1.0454,72,409.00,0.749539
1073,1000,0.55,450,2,17,1.0143,73,369.00,0.438207
1074,1000,0.55,450,2,17,1.0079,74,352.00,0.202914
1075,1000,0.55,450,2,17,0.9083,75,346.00,0.051398
1076,1000,0.55,450,2,17,1.0347,76,387.00,0.544291
1077,1000,0.55,450,2,17,0.9719,77,350.00,0.423379
1078,1000,0.55,450,2,17,1.0420,78,413.00,0.598771
1079,1000,0.55,450,2,17,1.0219,79,389.00,0.381951
1080,1000,0.55,450,2,17,1.0754,80,410.00,3.956270
1081,1000,0.55,450,2,17,1.0228,81,338.00,0.354189
1082,1000,0.55,450,2,17,1.0470,82,329.00,0.530758
1083,1000,0.55,450,2,17,1.0334,83,350.00,0.075788
1084,1000,0.55,450,2,17,0.9938,84,358.00,0.072496
1085,1000,0.55,450,2,17,0.9482,85,356.00,3.261877
1086,1000,0.55,450,2,17,0.9159,86,369.00,0.025937
1087,1000,0.55,450,2,17,1.1031,87,382.00,0.935213
1088,1000,0.55,450,2,17,1.0036,88,384.00,1.251502
1089,1000,0.55,450,2,17,1.0191,89,227.00,0.557615
1090,1000,0.55,450,2,17,0.9849,90,416.00,1.413465
1091,1000,0.55,450,2,17,0.9899,91,381.00,0.449720
1092,1000,0.55,450,2,17,0.9493,92,351.00,0.736991
1093,1000,0.55,450,2,17,0.9800,93,390.00,0.705411
1094,1000,0.55,450,2,17,0.9665,94,347.00,0.344286
1095,1000,0.55,450,2,17,1.0807,95,381.00,2.117538
1096,1000,0.55,450,2,17,1.0534,96,435.00,2.383184
1097,1000,0.55,450,2,17,1.0190,97,364.00,0.423266
1098,1000,0.55,450,2,17,0.9553,98,60.00,0.231315
1099,1000,0.55,450,2,17,0.9670,99,155.00,0.258646
1100,1000,0.60,399,2,17,1.0245,0,474.00,2.647007
1101,1000,0.60,399,2,17,1.0260,1,382.00,0.207845
1102,1000,0.60,399,2,17,0.9784,2,376.00,0.992667
1103,1000,0.60,399,2,17,1.0243,3,329.00,0.034687
1104,1000,0.60,399,2,17,1.0346,4,101.00,0.252548
1105,1000,0.60,399,2,17,0.9627,5,338.00,0.874519
1106,1000,0.60,399,2,17,0.9929,6,400.00,0.859981
1107,1000,0.60,399,2,17,0.9260,7,366.00,0.936968
1108,1000,0.60,399,2,17,1.0136,8,384.00,0.678968
1109,1000,0.60,399,2,17,1.0160,9,89.00,1.274392
1110,1000,0.60,399,2,17,0.9806,10,455.00,1.147858
1111,1000,0.60,399,2,17,0.9701,11,44.00,0.493768
1112,1000,0.60,399,2,17,0.9579,12,382.00,0.302945
1113,1000,0.60,399,2,17,0.9993,13,410.00,1.935988
1114,1000,0.60,399,2,17,1.0155,14,391.00,5.240853
1115,1000,0.60,399,2,17,0.9941,15,392.00,0.372532
1116,1000,0.60,399,2,17,0.9342,16,329.00,0.209673
1117,1000,0.60,399,2,17,0.9948,17,385.00,1.442556
1118,1000,0.60,399,2,17,0.9554,18,350.00,0.248933
1119,1000,0.60,399,2,17,1.0248,19,366.00,4.423413
1120,1000,0.60,399,2,17,1.0081,20,387.00,5.681239
1121,1000,0.60,399,2,17,0.9206,21,327.00,0.809310
1122,1000,0.60,399,2,17,0.9825,22,262.00,0.693141
1123,1000,0.60,399,2,17,1.0422,23,413.00,5.297635
1124,1000,0.60,399,2,17,1.0338,24,398.00,1.746422
1125,1000,0.60,399,2,17,1.0260,25,136.00,0.263207
1126,1000,0.60,399,2,17,1.0148,26,426.00,2.352049
1127,1000,0.60,399,2,17,0.9761,27,342.00,2.860182
1128,1000,0.60,399,2,17,1.0160,28,384.00,2.593851
1129,1000,0.60,399,2,17,0.9945,29,416.00,1.347002
1130,1000,0.60,399,2,17,0.9996,30,390.00,2.081673
1131,1000,0.60,399,2,17,1.0665,31,381.00,3.362891
1132,1000,0.60,399,2,17,1.0013,32,375.00,0.849849
1133,1000,0.60,399,2,17,1.0033,33,373.00,0.039586
1134,1000,0.60,399,2,17,0.9560,34,404.00,0.059529
1135,1000,0.60,399,2,17,1.0285,35,103.00,0.735352
1136,1000,0.60,399,2,17,1.0053,36,383.00,4.635215
1137,1000,0.60,399,2,17,1.0108,37,372.00,2.141544
1138,1000,0.60,399,2,17,0.9716,38,207.00,0.312690
1139,1000,0.60,399,2,17,1.0578,39,405.00,0.797278
1140,1000,0.60,399,2,17,0.9950,40,66.00,0.197965
1141,1000,0.60,399,2,17,0.9657,41,383.00,0.265433
1142,1000,0.60,399,2,17,1.0814,42,371.00,0.932073
1143,1000,0.60,399,2,17,0.9824,43,398.00,0.624699
1144,1000,0.60,399,2,17,0.9632,44,380.00,3.042159
1145,1000,0.60,399,2,17,1.0307,45,191.00,0.911638
1146,1000,0.60,399,2,17,1.0088,46,392.00,1.583460
1147,1000,0.60,399,2,17,1.0438,47,386.00,2.188105
1148,1000,0.60,399,2,17,0.9353,48,351.00,0.215461
1149,1000,0.60,399,2,17,0.9651,49,346.00,0.224122
1150,1000,0.60,399,2,17,0.9591,50,415.00,1.588104
1151,1000,0.60,399,2,17,1.0556,51,376.00,0.884371
1152,1000,0.60,399,2,17,1.0457,52,93.00,0.137765
1153,1000,0.60,399,2,17,0.9653,53,393.00,3.405169
1154,1000,0.60,399,2,17,0.9845,54,374.00,0.122561
1155,1000,0.60,399,2,17,0.9667,55,374.00,0.741475
1156,1000,0.60,399,2,17,0.9567,56,416.00,0.383816
1157,1000,0.60,399,2,17,0.9892,57,299.00,0.814977
1158,1000,0.60,399,2,17,1.0238,58,348.00,0.218720
1159,1000,0.60,399,2,17,1.0352,59,401.00,3.289123
1160,1000,0.60,399,2,17,0.9521,60,189.00,0.395779
1161,1000,0.60,399,2,17,1.0171,61,385.00,1.092831
1162,1000,0.60,399,2,17,1.0411,62,408.00,0.250305
1163,1000,0.60,399,2,17,0.9519,63,385.00,1.165225
1164,1000,0.60,399,2,17,0.9794,64,381.00,0.409922
1165,1000,0.60,399,2,17,0.9845,65,370.00,0.060875
1166,1000,0.60,399,2,17,1.0659,66,378.00,1.239219
1167,1000,0.60,399,2,17,1.0134,67,388.00,0.201852
1168,1000,0.60,399,2,17,1.0259,68,390.00,2.046384
1169,1000,0.60,399,2,17,1.0649,69,142.00,0.790704
1170,1000,0.60,399,2,17,0.9997,70,408.00,0.126842
1171,1000,0.60,399,2,17,1.0154,71,437.00,2.491713
1172,1000,0.60,399,2,17,1.0728,72,388.00,0.029475
1173,1000,0.60,399,2,17,0.9891,73,403.00,0.144908
1174,1000,0.60,399,2,17,1.0614,74,288.00,0.500172
1175,1000,0.60,399,2,17,0.9643,75,350.00,0.136267
1176,1000,0.60,399,2,17,0.9487,76,353.00,0.396803
1177,1000,0.60,399,2,17,1.0349,77,414.00,0.827847
1178,1000,0.60,399,2,17,0.9770,78,401.00,0.234783
1179,1000,0.60,399,2,17,0.9927,79,429.00,0.748788
1180,1000,0.60,399,2,17,0.9567,80,394.00,0.395684
1181,1000,0.60,399,2,17,0.9666,81,381.00,0.391550
1182,1000,0.60,399,2,17,1.0197,82,390.00,2.014648
1183,1000,0.60,399,2,17,1.0092,83,401.00,0.594215
1184,1000,0.60,399,2,17,0.9358,84,456.00,1.254613
1185,1000,0.60,399,2,17,1.0517,85,369.00,0.512632
1186,1000,0.60,399,2,17,0.9849,86,399.00,0.312349
1187,1000,0.60,399,2,17,1.0636,87,162.00,1.009370
1188,1000,0.60,399,2,17,1.0271,88,390.00,0.952622
1189,1000,0.60,399,2,17,0.9374,89,353.00,1.004629
1190,1000,0.60,399,2,17,1.0341,90,434.00,3.560562
1191,1000,0.60,399,2,17,0.9595,91,359.00,0.590351
1192,1000,0.60,399,2,17,1.0250,92,392.00,1.539459
1193,1000,0.60,399,2,17,0.9707,93,432.00,0.303730
1194,1000,0.60,399,2,17,0.9755,94,374.00,0.223390
1195,1000,0.60,399,2,17,0.9849,95,381.00,3.796125
1196,1000,0.60,399,2,17,1.0534,96,377.00,0.679996
1197,1000,0.60,399,2,17,0.9837,97,375.00,4.307596
1198,1000,0.60,399,2,17,1.0057,98,389.00,1.319275
1199,1000,0.60,399,2,17,1.0316,99,104.00,0.074071
1200,1000,0.65,350,2,17,0.9810,0,358.00,2.561222
1201,1000,0.65,350,2,17,0.9782,1,389.00,0.066411
1202,1000,0.65,350,2,17,0.9875,2,58.00,0.469927
1203,1000,0.65,350,2,17,0.8902,3,238.00,0.494617
1204,1000,0.65,350,2,17,1.0390,4,137.00,2.091054
1205,1000,0.65,350,2,17,1.0148,5,165.00,2.339431
1206,1000,0.65,350,2,17,0.9731,6,399.00,0.221196
1207,1000,0.65,350,2,17,0.9910,7,384.00,0.317340
1208,1000,0.65,350,2,17,1.0285,8,388.00,1.815006
1209,1000,0.65,350,2,17,0.9710,9,424.00,2.512522
1210,1000,0.65,350,2,17,1.0678,10,452.00,3.487810
1211,1000,0.65,350,2,17,1.0187,11,429.00,3.156520
1212,1000,0.65,350,2,17,0.9824,12,181.00,2.618795
1213,1000,0.65,350,2,17,1.0543,13,179.00,0.836674
1214,1000,0.65,350,2,17,1.0443,14,116.00,4.421516
1215,1000,0.65,350,2,17,0.9766,15,376.00,0.841428
1216,1000,0.65,350,2,17,0.9918,16,420.00,4.117944
1217,1000,0.65,350,2,17,1.0615,17,124.00,2.472267
1218,1000,0.65,350,2,17,1.0508,18,50.00,1.886607
1219,1000,0.65,350,2,17,1.0361,19,430.00,3.303561
1220,1000,0.65,350,2,17,1.0421,20,388.00,0.458639
1221,1000,0.65,350,2,17,0.9762,21,384.00,0.242465
1222,1000,0.65,350,2,17,1.0271,22,298.00,2.901318
1223,1000,0.65,350,2,17,0.9654,23,136.00,0.732841
1224,1000,0.65,350,2,17,0.9146,24,405.00,2.187857
1225,1000,0.65,350,2,17,1.0389,25,321.00,5.124868
1226,1000,0.65,350,2,17,0.9829,26,391.00,4.284218
1227,1000,0.65,350,2,17,1.0019,27,184.00,1.440044
1228,1000,0.65,350,2,17,0.9928,28,383.00,1.598254
1229,1000,0.65,350,2,17,0.9986,29,74.00,1.049713
1230,1000,0.65,350,2,17,0.9832,30,409.00,2.144245
1231,1000,0.65,350,2,17,1.0574,31,104.00,0.247368
1232,1000,0.65,350,2,17,0.9864,32,83.00,3.546228
1233,1000,0.65,350,2,17,0.9699,33,385.00,4.062902
1234,1000,0.65,350,2,17,0.9589,34,141.00,2.460312
1235,1000,0.65,350,2,17,0.9519,35,58.00,0.303003
1236,1000,0.65,350,2,17,1.0434,36,423.00,2.745075
1237,1000,0.65,350,2,17,1.0191,37,178.00,0.439163
1238,1000,0.65,350,2,17,0.9848,38,239.00,0.118589
1239,1000,0.65,350,2,17,1.0172,39,401.00,0.921752
1240,1000,0.65,350,2,17,0.9818,40,434.00,3.564470
1241,1000,0.65,350,2,17,1.0928,41,106.00,4.720220
1242,1000,0.65,350,2,17,0.9534,42,443.00,3.363488
1243,1000,0.65,350,2,17,0.9927,43,370.00,0.431808
1244,1000,0.65,350,2,17,1.0299,44,114.00,0.765570
1245,1000,0.65,350,2,17,1.0649,45,413.00,5.400121
1246,1000,0.65,350,2,17,0.9628,46,302.00,0.637938
1247,1000,0.65,350,2,17,1.0398,47,90.00,0.960880
1248,1000,0.65,350,2,17,1.0054,48,87.00,0.499953
1249,1000,0.65,350,2,17,0.9711,49,417.00,3.622781
1250,1000,0.65,350,2,17,0.9823,50,377.00,1.489219
1251,1000,0.65,350,2,17,0.9888,51,437.00,5.252039
1252,1000,0.65,350,2,17,1.0233,52,78.00,1.361591
1253,1000,0.65,350,2,17,0.9225,53,388.00,3.958010
1254,1000,0.65,350,2,17,1.0276,54,154.00,3.713225
1255,1000,0.65,350,2,17,1.0439,55,335.00,0.289160
1256,1000,0.65,350,2,17,0.9930,56,410.00,2.020175
1257,1000,0.65,350,2,17,0.9456,57,431.00,0.523218
1258,1000,0.65,350,2,17,1.0263,58,343.00,2.692476
1259,1000,0.65,350,2,17,1.0043,59,377.00,0.163459
1260,1000,0.65,350,2,17,0.9636,60,77.00,2.188905
1261,1000,0.65,350,2,17,0.9900,61,378.00,2.354549
1262,1000,0.65,350,2,17,0.9276,62,252.00,3.848579
1263,1000,0.65,350,2,17,1.0750,63,88.00,3.388599
1264,1000,0.65,350,2,17,1.0270,64,133.00,0.362785
1265,1000,0.65,350,2,17,0.9611,65,428.00,3.470961
1266,1000,0.65,350,2,17,1.0091,66,380.00,4.138371
1267,1000,0.65,350,2,17,1.0004,67,57.00,0.601519
1268,1000,0.65,350,2,17,1.0077,68,174.00,3.019831
1269,1000,0.65,350,2,17,1.0026,69,376.00,0.099452
1270,1000,0.65,350,2,17,0.9779,70,374.00,3.876009
1271,1000,0.65,350,2,17,0.9975,71,397.00,3.860635
1272,1000,0.65,350,2,17,0.9351,72,377.00,5.541092
1273,1000,0.65,350,2,17,1.0796,73,384.00,3.580532
1274,1000,0.65,350,2,17,0.9423,74,449.00,1.271328
1275,1000,0.65,350,2,17,1.0642,75,62.00,2.350850
1276,1000,0.65,350,2,17,0.9821,76,94.00,2.838072
1277,1000,0.65,350,2,17,1.0290,77,92.00,1.556582
1278,1000,0.65,350,2,17,0.9171,78,369.00,1.179120
1279,1000,0.65,350,2,17,0.9666,79,374.00,2.842360
1280,1000,0.65,350,2,17,1.0124,80,405.00,3.632078
1281,1000,0.65,350,2,17,0.9916,81,395.00,4.671486
1282,1000,0.65,350,2,17,1.0529,82,161.00,1.574855
1283,1000,0.65,350,2,17,0.9800,83,436.00,2.287114
1284,1000,0.65,350,2,17,0.9795,84,51.00,1.546900
1285,1000,0.65,350,2,17,1.0239,85,250.00,4.888080
1286,1000,0.65,350,2,17,0.9955,86,94.00,0.807867
1287,1000,0.65,350,2,17,0.9876,87,62.00,2.574789
1288,1000,0.65,350,2,17,1.0681,88,411.00,3.972799
1289,1000,0.65,350,2,17,1.0345,89,387.00,2.717695
1290,1000,0.65,350,2,17,1.0104,90,154.00,4.279068
1291,1000,0.65,350,2,17,1.0520,91,101.00,0.635023
1292,1000,0.65,350,2,17,1.0969,92,259.00,3.841275
1293,1000,0.65,350,2,17,1.1084,93,305.00,2.943812
1294,1000,0.65,350,2,17,0.9651,94,438.00,2.659167
1295,1000,0.65,350,2,17,1.0132,95,68.00,0.953209
1296,1000,0.65,350,2,17,1.0370,96,342.00,2.636074
1297,1000,0.65,350,2,17,1.0227,97,412.00,2.029564
1298,1000,0.65,350,2,17,1.0128,98,244.00,1.282131
1299,1000,0.65,350,2,17,0.9838,99,412.00,0.161539
1300,1000,0.70,300,2,17,1.0446,0,94.00,7.084251
1301,1000,0.70,300,2,17,0.9753,1,85.00,3.983309
1302,1000,0.70,300,2,17,1.0703,2,166.00,3.602025
1303,1000,0.70,300,2,17,0.9175,3,81.00,2.798481
1304,1000,0.70,300,2,17,1.0299,4,65.00,1.452997
1305,1000,0.70,300,2,17,0.9364,5,191.00,4.724913
1306,1000,0.70,300,2,17,1.0040,6,78.00,2.398470
1307,1000,0.70,300,2,17,1.0151,7,188.00,6.225028
1308,1000,0.70,300,2,17,1.0434,8,68.00,3.195757
1309,1000,0.70,300,2,17,1.0139,9,82.00,3.439261
1310,1000,0.70,300,2,17,0.9970,10,189.00,4.949096
1311,1000,0.70,300,2,17,1.0024,11,76.00,2.202668
1312,1000,0.70,300,2,17,0.9847,12,98.00,6.642640
1313,1000,0.70,300,2,17,0.9669,13,311.00,5.080581
1314,1000,0.70,300,2,17,0.9685,14,85.00,2.397103
1315,1000,0.70,300,2,17,1.0381,15,138.00,7.048417
1316,1000,0.70,300,2,17,0.9438,16,61.00,3.931747
1317,1000,0.70,300,2,17,1.0239,17,163.00,2.919538
1318,1000,0.70,300,2,17,0.9898,18,55.00,2.457075
1319,1000,0.70,300,2,17,1.0268,19,73.00,3.497192
1320,1000,0.70,300,2,17,1.0021,20,116.00,1.318130
1321,1000,0.70,300,2,17,1.0362,21,188.00,7.879018
1322,1000,0.70,300,2,17,0.9777,22,62.00,4.482105
1323,1000,0.70,300,2,17,0.9326,23,98.00,1.969762
1324,1000,0.70,300,2,17,0.9973,24,150.00,5.735249
1325,1000,0.70,300,2,17,1.0250,25,142.00,5.945910
1326,1000,0.70,300,2,17,1.0429,26,130.00,5.805154
1327,1000,0.70,300,2,17,1.0078,27,57.00,1.843548
1328,1000,0.70,300,2,17,0.9713,28,115.00,4.267279
1329,1000,0.70,300,2,17,0.9616,29,96.00,4.447253
1330,1000,0.70,300,2,17,0.9276,30,64.00,2.541171
1331,1000,0.70,300,2,17,1.0236,31,64.00,2.269485
1332,1000,0.70,300,2,17,1.0138,32,60.00,2.554713
1333,1000,0.70,300,2,17,0.9706,33,66.00,2.213311
1334,1000,0.70,300,2,17,1.1498,34,63.00,3.971605
1335,1000,0.70,300,2,17,0.9011,35,61.00,3.979825
1336,1000,0.70,300,2,17,1.0445,36,111.00,2.874957
1337,1000,0.70,300,2,17,1.0353,37,117.00,3.643944
1338,1000,0.70,300,2,17,1.0087,38,60.00,5.144376
1339,1000,0.70,300,2,17,1.0197,39,96.00,3.951687
1340,1000,0.70,300,2,17,0.9498,40,108.00,2.413818
1341,1000,0.70,300,2,17,0.9819,41,241.00,6.469570
1342,1000,0.70,300,2,17,1.0114,42,78.00,3.820904
1343,1000,0.70,300,2,17,1.0256,43,64.00,3.428582
1344,1000,0.70,300,2,17,0.9695,44,134.00,4.674748
1345,1000,0.70,300,2,17,0.9666,45,72.00,6.954769
1346,1000,0.70,300,2,17,1.0183,46,60.00,4.248950
1347,1000,0.70,300,2,17,1.0324,47,102.00,2.787595
1348,1000,0.70,300,2,17,0.9293,48,103.00,2.923276
1349,1000,0.70,300,2,17,1.0811,49,65.00,3.027379
1350,1000,0.70,300,2,17,1.0555,50,60.00,4.326584
1351,1000,0.70,300,2,17,1.0038,51,53.00,2.082606
1352,1000,0.70,300,2,17,0.9867,52,122.00,6.756416
1353,1000,0.70,300,2,17,0.9658,53,134.00,3.178897
1354,1000,0.70,300,2,17,1.0437,54,134.00,3.588346
1355,1000,0.70,300,2,17,1.0476,55,129.00,6.809751
1356,1000,0.70,300,2,17,1.0179,56,63.00,4.548698
1357,1000,0.70,300,2,17,0.9332,57,62.00,1.318680
1358,1000,0.70,300,2,17,1.0089,58,58.00,2.342385
1359,1000,0.70,300,2,17,1.0115,59,115.00,4.528266
1360,1000,0.70,300,2,17,1.1293,60,49.00,2.667287
1361,1000,0.70,300,2,17,1.0394,61,102.00,2.608457
1362,1000,0.70,300,2,17,0.9639,62,123.00,2.923519
1363,1000,0.70,300,2,17,0.9532,63,117.00,6.584249
1364,1000,0.70,300,2,17,0.9704,64,105.00,3.374968
1365,1000,0.70,300,2,17,1.0107,65,65.00,1.423579
1366,1000,0.70,300,2,17,1.0022,66,113.00,2.904850
1367,1000,0.70,300,2,17,0.9720,67,71.00,4.769093
1368,1000,0.70,300,2,17,1.0056,68,63.00,2.002707
1369,1000,0.70,300,2,17,0.9319,69,180.00,1.711645
1370,1000,0.70,300,2,17,0.9726,70,82.00,3.959704
1371,1000,0.70,300,2,17,0.8364,71,138.00,2.741132
1372,1000,0.70,300,2,17,0.9312,72,93.00,3.622735
1373,1000,0.70,300,2,17,1.0445,73,164.00,5.708481
1374,1000,0.70,300,2,17,1.0692,74,58.00,5.717379
1375,1000,0.70,300,2,17,0.9739,75,111.00,1.212332
1376,1000,0.70,300,2,17,0.9589,76,63.00,3.719132
1377,1000,0.70,300,2,17,0.9732,77,102.00,2.718152
1378,1000,0.70,300,2,17,0.9602,78,210.00,2.942440
1379,1000,0.70,300,2,17,0.9976,79,227.00,3.296670
1380,1000,0.70,300,2,17,1.0813,80,263.00,1.320044
1381,1000,0.70,300,2,17,1.0366,81,169.00,5.496462
1382,1000,0.70,300,2,17,1.0005,82,61.00,3.879532
1383,1000,0.70,300,2,17,0.9564,83,62.00,5.288165
1384,1000,0.70,300,2,17,0.9896,84,144.00,2.623141
1385,1000,0.70,300,2,17,1.0203,85,80.00,4.925009
1386,1000,0.70,300,2,17,0.9970,86,86.00,3.652546
1387,1000,0.70,300,2,17,1.0173,87,39.00,0.443642
1388,1000,0.70,300,2,17,1.0033,88,61.00,4.810636
1389,1000,0.70,300,2,17,0.9769,89,62.00,4.087173
1390,1000,0.70,300,2,17,1.0806,90,65.00,1.949813
1391,1000,0.70,300,2,17,0.9084,91,92.00,5.570688
1392,1000,0.70,300,2,17,0.9686,92,92.00,2.791372
1393,1000,0.70,300,2,17,0.9957,93,134.00,5.427609
1394,1000,0.70,300,2,17,1.0258,94,61.00,4.065360
1395,1000,0.70,300,2,17,0.9810,95,61.00,5.212882
1396,1000,0.70,300,2,17,0.9777,96,64.00,2.195494
1397,1000,0.70,300,2,17,1.0266,97,63.00,3.825713
1398,1000,0.70,300,2,17,1.0489,98,87.00,5.799562
1399,1000,0.70,300,2,17,1.0210,99,108.00,2.187413
1400,1000,0.75,250,2,17,1.0411,0,62.00,4.324854
1401,1000,0.75,250,2,17,1.0801,1,65.00,3.724438
1402,1000,0.75,250,2,17,0.9835,2,124.00,3.417432
1403,1000,0.75,250,2,17,0.9395,3,80.00,2.846625
1404,1000,0.75,250,2,17,0.9510,4,63.00,6.650171
1405,1000,0.75,250,2,17,1.0135,5,61.00,4.847816
1406,1000,0.75,250,2,17,0.9849,6,84.00,1.629988
1407,1000,0.75,250,2,17,0.9308,7,65.00,3.447490
1408,1000,0.75,250,2,17,0.9799,8,49.00,1.921216
1409,1000,0.75,250,2,17,1.0432,9,58.00,3.482373
1410,1000,0.75,250,2,17,1.0725,10,79.00,5.727979
1411,1000,0.75,250,2,17,1.0110,11,66.00,2.969229
1412,1000,0.75,250,2,17,1.0555,12,89.00,7.574453
1413,1000,0.75,250,2,17,1.0100,13,66.00,3.785158
1414,1000,0.75,250,2,17,0.9536,14,67.00,3.043138
1415,1000,0.75,250,2,17,1.0331,15,64.00,2.168842
1416,1000,0.75,250,2,17,0.9889,16,66.00,2.977668
1417,1000,0.75,250,2,17,0.9722,17,66.00,3.694944
1418,1000,0.75,250,2,17,1.0206,18,62.00,5.390288
1419,1000,0.75,250,2,17,0.9903,19,80.00,6.928392
1420,1000,0.75,250,2,17,0.9445,20,71.00,1.860486
1421,1000,0.75,250,2,17,1.0241,21,65.00,2.877402
1422,1000,0.75,250,2,17,1.0018,22,79.00,6.027530
1423,1000,0.75,250,2,17,1.0155,23,60.00,8.139209
1424,1000,0.75,250,2,17,1.0000,24,107.00,7.501708
1425,1000,0.75,250,2,17,1.0241,25,69.00,4.182149
1426,1000,0.75,250,2,17,0.9852,26,67.00,5.464353
1427,1000,0.75,250,2,17,0.9984,27,66.00,7.363554
1428,1000,0.75,250,2,17,1.0392,28,107.00,3.389982
1429,1000,0.75,250,2,17,1.1081,29,103.00,4.739639
1430,1000,0.75,250,2,17,1.0048,30,81.00,3.173519
1431,1000,0.75,250,2,17,1.0219,31,65.00,5.151240
1432,1000,0.75,250,2,17,0.9858,32,88.00,3.338267
1433,1000,0.75,250,2,17,1.0484,33,66.00,6.924971
1434,1000,0.75,250,2,17,1.1118,34,63.00,6.063750
1435,1000,0.75,250,2,17,0.9500,35,150.00,5.399209
1436,1000,0.75,250,2,17,0.9662,36,98.00,6.394403
1437,1000,0.75,250,2,17,1.0833,37,89.00,5.596306
1438,1000,0.75,250,2,17,1.0384,38,83.00,2.698869
1439,1000,0.75,250,2,17,0.9330,39,92.00,2.938198
1440,1000,0.75,250,2,17,0.9915,40,154.00,5.983366
1441,1000,0.75,250,2,17,0.9987,41,152.00,2.789719
1442,1000,0.75,250,2,17,1.0009,42,87.00,3.879301
1443,1000,0.75,250,2,17,1.0608,43,80.00,3.014472
1444,1000,0.75,250,2,17,1.0033,44,72.00,6.762598
1445,1000,0.75,250,2,17,1.0311,45,110.00,5.058836
1446,1000,0.75,250,2,17,1.0674,46,91.00,2.205837
1447,1000,0.75,250,2,17,0.9394,47,111.00,3.044387
1448,1000,0.75,250,2,17,1.0418,48,136.00,3.817572
1449,1000,0.75,250,2,17,1.0269,49,92.00,5.022832
1450,1000,0.75,250,2,17,0.9245,50,61.00,3.922775
1451,1000,0.75,250,2,17,1.0101,51,62.00,7.662492
1452,1000,0.75,250,2,17,1.0533,52,65.00,2.984372
1453,1000,0.75,250,2,17,0.9536,53,67.00,4.043575
1454,1000,0.75,250,2,17,0.9337,54,94.00,7.626895
1455,1000,0.75,250,2,17,0.9309,55,65.00,3.636225
1456,1000,0.75,250,2,17,1.0575,56,80.00,5.618011
1457,1000,0.75,250,2,17,0.9751,57,79.00,3.469479
1458,1000,0.75,250,2,17,0.8547,58,75.00,5.783658
1459,1000,0.75,250,2,17,1.0062,59,72.00,3.581262
1460,1000,0.75,250,2,17,0.9961,60,77.00,4.657486
1461,1000,0.75,250,2,17,0.9862,61,83.00,4.873472
1462,1000,0.75,250,2,17,0.9226,62,78.00,2.731928
1463,1000,0.75,250,2,17,1.0182,63,140.00,2.969780
1464,1000,0.75,250,2,17,1.0158,64,60.00,7.756377
1465,1000,0.75,250,2,17,1.0483,65,62.00,2.067490
1466,1000,0.75,250,2,17,1.0664,66,91.00,4.051244
1467,1000,0.75,250,2,17,0.9957,67,63.00,6.846646
1468,1000,0.75,250,2,17,1.0300,68,55.00,4.362012
1469,1000,0.75,250,2,17,1.0123,69,83.00,2.942054
1470,1000,0.75,250,2,17,0.9369,70,119.00,2.266166
1471,1000,0.75,250,2,17,0.9857,71,91.00,2.907172
1472,1000,0.75,250,2,17,1.0712,72,126.00,3.207068
1473,1000,0.75,250,2,17,0.9784,73,64.00,4.785970
1474,1000,0.75,250,2,17,0.9775,74,97.00,6.224861
1475,1000,0.75,250,2,17,1.0273,75,65.00,3.584726
1476,1000,0.75,250,2,17,0.9630,76,58.00,6.484804
1477,1000,0.75,250,2,17,1.0716,77,85.00,3.444929
1478,1000,0.75,250,2,17,0.9952,78,63.00,4.344896
1479,1000,0.75,250,2,17,1.0105,79,65.00,3.399966
1480,1000,0.75,250,2,17,1.0034,80,41.00,0.920933
1481,1000,0.75,250,2,17,0.9834,81,66.00,5.199401
1482,1000,0.75,250,2,17,0.9465,82,61.00,4.426969
1483,1000,0.75,250,2,17,0.9716,83,89.00,2.258386
1484,1000,0.75,250,2,17,0.9468,84,87.00,2.649426
1485,1000,0.75,250,2,17,1.0135,85,113.00,6.881953
1486,1000,0.75,250,2,17,0.9556,86,68.00,3.622942
1487,1000,0.75,250,2,17,1.0083,87,61.00,5.914063
1488,1000,0.75,250,2,17,0.9360,88,92.00,4.487901
1489,1000,0.75,250,2,17,0.9743,89,81.00,3.306445
1490,1000,0.75,250,2,17,1.0547,90,66.00,5.801381
1491,1000,0.75,250,2,17,1.0740,91,82.00,6.443965
1492,1000,0.75,250,2,17,1.0001,92,62.00,5.132312
1493,1000,0.75,250,2,17,1.0478,93,50.00,0.198283
1494,1000,0.75,250,2,17,1.0116,94,89.00,1.920073
1495,1000,0.75,250,2,17,0.9583,95,64.00,4.025771
1496,1000,0.75,250,2,17,0.9477,96,108.00,7.520659
1497,1000,0.75,250,2,17,0.9641,97,63.00,3.431547
1498,1000,0.75,250,2,17,1.0879,98,68.00,3.632582
1499,1000,0.75,250,2,17,1.0164,99,66.00,4.010936
1500,1000,0.80,199,2,17,0.8909,0,64.00,1.935694
1501,1000,0.80,199,2,17,1.0380,1,69.00,4.727552
1502,1000,0.80,199,2,17,1.0197,2,71.00,3.587535
1503,1000,0.80,199,2,17,1.0882,3,60.00,4.610860
1504,1000,0.80,199,2,17,1.0110,4,64.00,5.598030
1505,1000,0.80,199,2,17,0.9821,5,81.00,5.560324
1506,1000,0.80,199,2,17,1.0586,6,91.00,1.932884
1507,1000,0.80,199,2,17,1.0540,7,82.00,4.053581
1508,1000,0.80,199,2,17,1.0174,8,90.00,3.628498
1509,1000,0.80,199,2,17,1.1016,9,60.00,8.727505
1510,1000,0.80,199,2,17,0.8577,10,68.00,3.134171
1511,1000,0.80,199,2,17,0.9459,11,68.00,3.078471
1512,1000,0.80,199,2,17,0.9383,12,53.00,7.748819
1513,1000,0.80,199,2,17,0.9467,13,64.00,3.339408
1514,1000,0.80,199,2,17,0.9479,14,91.00,3.337569
1515,1000,0.80,199,2,17,0.9925,15,63.00,3.538065
1516,1000,0.80,199,2,17,1.0338,16,66.00,6.934932
1517,1000,0.80,199,2,17,0.9934,17,83.00,3.989721
1518,1000,0.80,199,2,17,1.0072,18,72.00,3.881551
1519,1000,0.80,199,2,17,1.0452,19,66.00,4.946686
1520,1000,0.80,199,2,17,0.9163,20,89.00,7.009855
1521,1000,0.80,199,2,17,0.9584,21,60.00,6.031684
1522,1000,0.80,199,2,17,0.9582,22,50.00,5.531831
1523,1000,0.80,199,2,17,0.9564,23,94.00,5.701246
1524,1000,0.80,199,2,17,0.9794,24,88.00,3.171199
1525,1000,0.80,199,2,17,0.9924,25,69.00,3.608849
1526,1000,0.80,199,2,17,0.9279,26,111.00,5.797350
1527,1000,0.80,199,2,17,0.9876,27,55.00,6.266555
1528,1000,0.80,199,2,17,0.9523,28,127.00,5.234240
1529,1000,0.80,199,2,17,1.0309,29,95.00,4.040051
1530,1000,0.80,199,2,17,1.0258,30,83.00,4.412212
1531,1000,0.80,199,2,17,1.0665,31,97.00,2.418424
1532,1000,0.80,199,2,17,1.0145,32,67.00,1.926290
1533,1000,0.80,199,2,17,0.9356,33,85.00,4.008854
1534,1000,0.80,199,2,17,1.0540,34,104.00,3.172019
1535,1000,0.80,199,2,17,1.0530,35,68.00,3.684035
1536,1000,0.80,199,2,17,0.8580,36,65.00,5.948082
1537,1000,0.80,199,2,17,0.9796,37,50.00,8.884742
1538,1000,0.80,199,2,17,1.0072,38,57.00,7.878186
1539,1000,0.80,199,2,17,0.8996,39,49.00,8.682137
1540,1000,0.80,199,2,17,0.9776,40,59.00,4.334953
1541,1000,0.80,199,2,17,0.9753,41,56.00,8.026791
1542,1000,0.80,199,2,17,0.9711,42,66.00,5.780440
1543,1000,0.80,199,2,17,0.9819,43,69.00,5.525865
1544,1000,0.80,199,2,17,1.0644,44,65.00,2.394753
1545,1000,0.80,199,2,17,0.9880,45,61.00,7.090855
1546,1000,0.80,199,2,17,1.0054,46,84.00,2.486605
1547,1000,0.80,199,2,17,0.9669,47,105.00,5.392380
1548,1000,0.80,199,2,17,1.0280,48,69.00,6.556316
1549,1000,0.80,199,2,17,1.0058,49,54.00,4.641155
1550,1000,0.80,199,2,17,1.0055,50,80.00,3.159337
1551,1000,0.80,199,2,17,0.9722,51,97.00,3.865754
1552,1000,0.80,199,2,17,0.9130,52,61.00,6.922021
1553,1000,0.80,199,2,17,0.9734,53,67.00,2.820551
1554,1000,0.80,199,2,17,0.9722,54,70.00,2.568622
1555,1000,0.80,199,2,17,0.9621,55,64.00,3.214477
1556,1000,0.80,199,2,17,0.9136,56,53.00,3.812589
1557,1000,0.80,199,2,17,1.0465,57,90.00,4.194463
1558,1000,0.80,199,2,17,1.0294,58,71.00,8.320130
1559,1000,0.80,199,2,17,0.9318,59,93.00,1.871894
1560,1000,0.80,199,2,17,1.0553,60,58.00,5.888922
1561,1000,0.80,199,2,17,0.9559,61,69.00,2.459743
1562,1000,0.80,199,2,17,1.0471,62,43.00,0.486674
1563,1000,0.80,199,2,17,1.0238,63,90.00,2.622950
1564,1000,0.80,199,2,17,0.9998,64,103.00,1.597547
1565,1000,0.80,199,2,17,1.0046,65,70.00,9.967837
1566,1000,0.80,199,2,17,0.9736,66,65.00,4.627391
1567,1000,0.80,199,2,17,0.9348,67,77.00,4.000539
1568,1000,0.80,199,2,17,0.9055,68,68.00,3.223537
1569,1000,0.80,199,2,17,0.9917,69,67.00,4.546322
1570,1000,0.80,199,2,17,1.0224,70,70.00,4.555941
1571,1000,0.80,199,2,17,0.9737,71,50.00,5.534688
1572,1000,0.80,199,2,17,1.0252,72,59.00,3.988993
1573,1000,0.80,199,2,17,0.9659,73,64.00,4.358450
1574,1000,0.80,199,2,17,1.0822,74,66.00,3.499073
1575,1000,0.80,199,2,17,0.9532,75,88.00,3.050184
1576,1000,0.80,199,2,17,0.9365,76,102.00,3.675923
1577,1000,0.80,199,2,17,1.0846,77,73.00,2.984095
1578,1000,0.80,199,2,17,0.9483,78,92.00,5.311489
1579,1000,0.80,199,2,17,0.8794,79,103.00,2.600211
1580,1000,0.80,199,2,17,0.8984,80,84.00,4.598347
1581,1000,0.80,199,2,17,0.9265,81,68.00,3.561457
1582,1000,0.80,199,2,17,0.9713,82,92.00,3.082790
1583,1000,0.80,199,2,17,0.9902,83,53.00,8.082162
1584,1000,0.80,199,2,17,0.9567,84,54.00,8.958264
1585,1000,0.80,199,2,17,0.9511,85,79.00,6.506023
1586,1000,0.80,199,2,17,1.0085,86,168.00,3.143007
1587,1000,0.80,199,2,17,1.0540,87,66.00,2.961809
1588,1000,0.80,199,2,17,0.9579,88,70.00,4.740165
1589,1000,0.80,199,2,17,1.0509,89,61.00,3.633562
1590,1000,0.80,199,2,17,1.0571,90,63.00,5.689176
1591,1000,0.80,199,2,17,1.0902,91,52.00,9.620888
1592,1000,0.80,199,2,17,1.0405,92,57.00,8.573705
1593,1000,0.80,199,2,17,1.0565,93,65.00,7.267316
1594,1000,0.80,199,2,17,1.0443,94,63.00,3.771228
1595,1000,0.80,199,2,17,0.9704,95,112.00,2.293382
1596,1000,0.80,199,2,17,0.9435,96,67.00,8.971340
1597,1000,0.80,199,2,17,0.9570,97,67.00,2.100906
1598,1000,0.80,199,2,17,1.0128,98,69.00,1.979576
1599,1000,0.80,199,2,17,1.0221,99,65.00,1.897027
1600,1000,0.85,149,2,17,0.9542,0,51.00,10.188391
1601,1000,0.85,149,2,17,1.0010,1,69.00,2.871539
1602,1000,0.85,149,2,17,1.0139,2,71.00,2.978844
1603,1000,0.85,149,2,17,0.9399,3,103.00,1.532085
1604,1000,0.85,149,2,17,1.0628,4,82.00,3.556662
1605,1000,0.85,149,2,17,1.0514,5,72.00,4.133023
1606,1000,0.85,149,2,17,1.0416,6,72.00,4.385000
1607,1000,0.85,149,2,17,0.9352,7,86.00,3.219269
1608,1000,0.85,149,2,17,0.9612,8,61.00,4.326432
1609,1000,0.85,149,2,17,0.8580,9,118.00,3.470407
1610,1000,0.85,149,2,17,0.9764,10,83.00,3.698801
1611,1000,0.85,149,2,17,1.0093,11,71.00,4.009955
1612,1000,0.85,149,2,17,1.0245,12,52.00,8.422667
1613,1000,0.85,149,2,17,1.0101,13,44.00,10.554617
1614,1000,0.85,149,2,17,1.0474,14,68.00,4.116928
1615,1000,0.85,149,2,17,0.8820,15,55.00,6.780870
1616,1000,0.85,149,2,17,0.9936,16,69.00,5.573941
1617,1000,0.85,149,2,17,0.9832,17,51.00,8.418813
1618,1000,0.85,149,2,17,0.9779,18,74.00,3.451536
1619,1000,0.85,149,2,17,0.9684,19,78.00,1.955351
1620,1000,0.85,149,2,17,0.9741,20,89.00,3.893110
1621,1000,0.85,149,2,17,0.9252,21,48.00,9.422026
1622,1000,0.85,149,2,17,0.9442,22,102.00,5.774605
1623,1000,0.85,149,2,17,1.0258,23,55.00,3.019367
1624,1000,0.85,149,2,17,1.1165,24,65.00,7.069738
1625,1000,0.85,149,2,17,1.0475,25,43.00,3.225724
1626,1000,0.85,149,2,17,1.0119,26,48.00,9.619855
1627,1000,0.85,149,2,17,0.9541,27,45.00,12.637787
1628,1000,0.85,149,2,17,1.0691,28,59.00,5.139312
1629,1000,0.85,149,2,17,1.0148,29,55.00,1.405595
1630,1000,0.85,149,2,17,0.9922,30,107.00,3.231960
1631,1000,0.85,149,2,17,0.9716,31,69.00,3.290968
1632,1000,0.85,149,2,17,0.9720,32,69.00,3.057547
1633,1000,0.85,149,2,17,0.9159,33,63.00,7.501574
1634,1000,0.85,149,2,17,0.9530,34,64.00,5.791799
1635,1000,0.85,149,2,17,0.9670,35,53.00,7.054923
1636,1000,0.85,149,2,17,0.9474,36,67.00,2.899772
1637,1000,0.85,149,2,17,1.0376,37,30.00,0.720401
1638,1000,0.85,149,2,17,0.9653,38,61.00,4.199821
1639,1000,0.85,149,2,17,1.0110,39,51.00,10.281823
1640,1000,0.85,149,2,17,1.0159,40,48.00,8.397183
1641,1000,0.85,149,2,17,0.9654,41,68.00,2.006260
1642,1000,0.85,149,2,17,1.0352,42,66.00,3.641406
1643,1000,0.85,149,2,17,0.9489,43,59.00,4.460695
1644,1000,0.85,149,2,17,0.9882,44,62.00,5.319041
1645,1000,0.85,149,2,17,1.0493,45,57.00,9.144204
1646,1000,0.85,149,2,17,1.0340,46,69.00,3.449191
1647,1000,0.85,149,2,17,0.9223,47,72.00,4.765178
1648,1000,0.85,149,2,17,0.9695,48,69.00,2.881776
1649,1000,0.85,149,2,17,1.0218,49,71.00,2.705314
1650,1000,0.85,149,2,17,0.9868,50,48.00,9.331840
1651,1000,0.85,149,2,17,0.9654,51,68.00,5.998016
1652,1000,0.85,149,2,17,0.8577,52,68.00,3.351869
1653,1000,0.85,149,2,17,0.9350,53,70.00,5.927072
1654,1000,0.85,149,2,17,0.9873,54,73.00,1.658505
1655,1000,0.85,149,2,17,0.9907,55,75.00,4.243436
1656,1000,0.85,149,2,17,1.0697,56,74.00,3.103487
1657,1000,0.85,149,2,17,1.1340,57,61.00,7.028664
1658,1000,0.85,149,2,17,1.0199,58,54.00,7.302681
1659,1000,0.85,149,2,17,0.9831,59,66.00,4.360414
1660,1000,0.85,149,2,17,1.0229,60,74.00,4.327188
1661,1000,0.85,149,2,17,1.0006,61,66.00,6.846306
1662,1000,0.85,149,2,17,1.0876,62,69.00,4.282995
1663,1000,0.85,149,2,17,0.8885,63,102.00,2.978736
1664,1000,0.85,149,2,17,1.0014,64,55.00,3.127503
1665,1000,0.85,149,2,17,0.9795,65,44.00,12.935843
1666,1000,0.85,149,2,17,0.9444,66,72.00,2.672237
1667,1000,0.85,149,2,17,0.9542,67,60.00,2.053130
1668,1000,0.85,149,2,17,0.9854,68,76.00,12.485656
1669,1000,0.85,149,2,17,1.0136,69,44.00,11.266736
1670,1000,0.85,149,2,17,1.0182,70,55.00,7.002281
1671,1000,0.85,149,2,17,1.0406,71,101.00,2.758926
1672,1000,0.85,149,2,17,1.0109,72,72.00,2.982457
1673,1000,0.85,149,2,17,0.9961,73,52.00,10.068801
1674,1000,0.85,149,2,17,1.0043,74,58.00,6.085872
1675,1000,0.85,149,2,17,1.0795,75,75.00,2.780035
1676,1000,0.85,149,2,17,1.0161,76,54.00,8.393651
1677,1000,0.85,149,2,17,0.9555,77,44.00,11.925803
1678,1000,0.85,149,2,17,1.1199,78,59.00,3.408284
1679,1000,0.85,149,2,17,1.1052,79,64.00,5.244829
1680,1000,0.85,149,2,17,1.0113,80,71.00,4.347408
1681,1000,0.85,149,2,17,0.9968,81,52.00,8.117514
1682,1000,0.85,149,2,17,0.9433,82,74.00,3.329830
1683,1000,0.85,149,2,17,0.9140,83,44.00,9.782425
1684,1000,0.85,149,2,17,1.0494,84,84.00,4.862296
1685,1000,0.85,149,2,17,1.0210,85,48.00,2.409534
1686,1000,0.85,149,2,17,0.8839,86,72.00,3.112040
1687,1000,0.85,149,2,17,0.9799,87,70.00,3.617360
1688,1000,0.85,149,2,17,1.0474,88,47.00,11.367931
1689,1000,0.85,149,2,17,0.8893,89,58.00,8.186972
1690,1000,0.85,149,2,17,0.9633,90,69.00,4.584214
1691,1000,0.85,149,2,17,0.9853,91,60.00,3.430889
1692,1000,0.85,149,2,17,1.0413,92,57.00,10.241290
1693,1000,0.85,149,2,17,1.0284,93,73.00,5.628198
1694,1000,0.85,149,2,17,0.9215,94,65.00,2.066459
1695,1000,0.85,149,2,17,1.0204,95,80.00,4.257304
1696,1000,0.85,149,2,17,0.9849,96,77.00,4.683481
1697,1000,0.85,149,2,17,0.9591,97,55.00,10.488361
1698,1000,0.85,149,2,17,1.0199,98,70.00,4.575015
1699,1000,0.85,149,2,17,1.1108,99,74.00,1.875409
1700,1000,0.90,100,2,17,0.9594,0,59.00,7.208498
1701,1000,0.90,100,2,17,0.9654,1,67.00,3.584659
1702,1000,0.90,100,2,17,1.0728,2,63.00,4.468901
1703,1000,0.90,100,2,17,1.0751,3,71.00,4.377305
1704,1000,0.90,100,2,17,0.9335,4,69.00,1.890221
1705,1000,0.90,100,2,17,0.9915,5,94.00,4.556117
1706,1000,0.90,100,2,17,1.0143,6,73.00,2.161546
1707,1000,0.90,100,2,17,0.9821,7,74.00,2.673308
1708,1000,0.90,100,2,17,0.9943,8,65.00,5.724844
1709,1000,0.90,100,2,17,0.8110,9,70.00,3.544840
1710,1000,0.90,100,2,17,1.0209,10,68.00,4.263690
1711,1000,0.90,100,2,17,1.0113,11,77.00,2.585999
1712,1000,0.90,100,2,17,1.1657,12,96.00,5.548797
1713,1000,0.90,100,2,17,1.0038,13,32.00,1.478321
1714,1000,0.90,100,2,17,0.8495,14,70.00,6.771544
1715,1000,0.90,100,2,17,1.0076,15,79.00,3.595603
1716,1000,0.90,100,2,17,0.9533,16,53.00,8.154088
1717,1000,0.90,100,2,17,0.9686,17,49.00,8.322714
1718,1000,0.90,100,2,17,0.9164,18,59.00,14.938142
1719,1000,0.90,100,2,17,1.0498,19,61.00,6.805352
1720,1000,0.90,100,2,17,1.0223,20,88.00,4.506102
1721,1000,0.90,100,2,17,1.0167,21,74.00,5.337743
1722,1000,0.90,100,2,17,1.0760,22,78.00,2.865418
1723,1000,0.90,100,2,17,0.9385,23,75.00,1.661389
1724,1000,0.90,100,2,17,0.9610,24,73.00,12.787641
1725,1000,0.90,100,2,17,0.9988,25,66.00,4.402522
1726,1000,0.90,100,2,17,0.8458,26,59.00,7.344169
1727,1000,0.90,100,2,17,0.9976,27,72.00,4.480707
1728,1000,0.90,100,2,17,1.0911,28,72.00,2.701780
1729,1000,0.90,100,2,17,1.0510,29,70.00,3.575664
1730,1000,0.90,100,2,17,0.9463,30,53.00,10.806077
1731,1000,0.90,100,2,17,1.0523,31,72.00,2.703454
1732,1000,0.90,100,2,17,1.0394,32,71.00,5.543249
1733,1000,0.90,100,2,17,0.9297,33,47.00,15.380902
1734,1000,0.90,100,2,17,1.0686,34,67.00,4.813006
1735,1000,0.90,100,2,17,0.9981,35,52.00,6.049091
1736,1000,0.90,100,2,17,1.1020,36,50.00,11.202492
1737,1000,0.90,100,2,17,0.9720,37,66.00,5.777790
1738,1000,0.90,100,2,17,1.0095,38,70.00,3.041150
1739,1000,0.90,100,2,17,0.8565,39,46.00,8.906205
1740,1000,0.90,100,2,17,1.1469,40,75.00,2.970927
1741,1000,0.90,100,2,17,0.9925,41,71.00,4.477599
1742,1000,0.90,100,2,17,0.9976,42,72.00,2.770528
1743,1000,0.90,100,2,17,1.0993,43,75.00,5.354013
1744,1000,0.90,100,2,17,1.0499,44,62.00,6.082643
1745,1000,0.90,100,2,17,1.0221,45,75.00,3.417801
1746,1000,0.90,100,2,17,0.9144,46,69.00,3.395355
1747,1000,0.90,100,2,17,1.0378,47,71.00,3.870600
1748,1000,0.90,100,2,17,0.9634,48,74.00,3.760736
1749,1000,0.90,100,2,17,0.9411,49,40.00,17.150457
1750,1000,0.90,100,2,17,1.0102,50,41.00,16.292679
1751,1000,0.90,100,2,17,1.0348,51,43.00,10.601782
1752,1000,0.90,100,2,17,0.8741,52,90.00,3.386846
1753,1000,0.90,100,2,17,0.9306,53,75.00,3.909473
1754,1000,0.90,100,2,17,0.8967,54,77.00,3.055348
1755,1000,0.90,100,2,17,0.9391,55,70.00,3.926114
1756,1000,0.90,100,2,17,1.0784,56,56.00,19.370539
1757,1000,0.90,100,2,17,0.8779,57,78.00,5.021707
1758,1000,0.90,100,2,17,1.0609,58,72.00,1.285940
1759,1000,0.90,100,2,17,1.0191,59,76.00,2.874404
1760,1000,0.90,100,2,17,0.8719,60,75.00,3.767525
1761,1000,0.90,100,2,17,1.0853,61,72.00,2.068750
1762,1000,0.90,100,2,17,1.1059,62,74.00,4.549877
1763,1000,0.90,100,2,17,1.0125,63,57.00,4.904977
1764,1000,0.90,100,2,17,0.9720,64,63.00,7.581923
1765,1000,0.90,100,2,17,0.9776,65,42.00,15.556697
1766,1000,0.90,100,2,17,0.9796,66,76.00,4.117820
1767,1000,0.90,100,2,17,0.9228,67,54.00,9.921117
1768,1000,0.90,100,2,17,0.9320,68,77.00,2.261238
1769,1000,0.90,100,2,17,0.9213,69,62.00,6.471005
1770,1000,0.90,100,2,17,1.0344,70,74.00,5.294386
1771,1000,0.90,100,2,17,0.9908,71,65.00,6.754722
1772,1000,0.90,100,2,17,0.8225,72,68.00,1.418250
1773,1000,0.90,100,2,17,0.9377,73,67.00,4.088161
1774,1000,0.90,100,2,17,1.0218,74,58.00,8.951975
1775,1000,0.90,100,2,17,0.9898,75,71.00,2.986303
1776,1000,0.90,100,2,17,0.8804,76,53.00,7.470317
1777,1000,0.90,100,2,17,1.0214,77,78.00,2.544149
1778,1000,0.90,100,2,17,0.9895,78,57.00,9.729646
1779,1000,0.90,100,2,17,0.8235,79,106.00,3.053432
1780,1000,0.90,100,2,17,1.0351,80,76.00,5.014719
1781,1000,0.90,100,2,17,1.0169,81,72.00,2.235785
1782,1000,0.90,100,2,17,1.0941,82,77.00,3.683106
1783,1000,0.90,100,2,17,0.8359,83,65.00,3.036356
1784,1000,0.90,100,2,17,0.8334,84,63.00,4.012711
1785,1000,0.90,100,2,17,0.9935,85,74.00,5.573321
1786,1000,0.90,100,2,17,0.8839,86,53.00,1.589264
1787,1000,0.90,100,2,17,0.9374,87,75.00,1.743284
1788,1000,0.90,100,2,17,0.9976,88,67.00,3.360298
1789,1000,0.90,100,2,17,0.9715,89,77.00,3.009153
1790,1000,0.90,100,2,17,0.9755,90,66.00,8.608237
1791,1000,0.90,100,2,17,1.0509,91,42.00,20.381907
1792,1000,0.90,100,2,17,0.9452,92,58.00,7.163596
1793,1000,0.90,100,2,17,0.9893,93,39.00,13.393764
1794,1000,0.90,100,2,17,0.9963,94,77.00,3.965413
1795,1000,0.90,100,2,17,1.0689,95,57.00,8.333787
1796,1000,0.90,100,2,17,1.0469,96,89.00,4.389100
1797,1000,0.90,100,2,17,0.9224,97,53.00,2.952636
1798,1000,0.90,100,2,17,0.9721,98,61.00,6.707626
1799,1000,0.90,100,2,17,0.9256,99,51.00,10.360572
1800,1000,0.95,50,2,17,1.0200,0,79.00,6.226904
1801,1000,0.95,50,2,17,0.9942,1,81.00,3.000970
1802,1000,0.95,50,2,17,1.0243,2,77.00,3.810462
1803,1000,0.95,50,2,17,1.1548,3,85.00,2.547811
1804,1000,0.95,50,2,17,0.9958,4,66.00,1.242264
1805,1000,0.95,50,2,17,0.8228,5,74.00,3.793661
1806,1000,0.95,50,2,17,0.8220,6,74.00,4.617430
1807,1000,0.95,50,2,17,0.8887,7,74.00,3.405523
1808,1000,0.95,50,2,17,1.0583,8,56.00,5.143333
1809,1000,0.95,50,2,17,0.9580,9,78.00,2.309511
1810,1000,0.95,50,2,17,0.8216,10,75.00,3.011285
1811,1000,0.95,50,2,17,0.9945,11,40.00,19.405262
1812,1000,0.95,50,2,17,1.0345,12,56.00,9.453345
1813,1000,0.95,50,2,17,1.0713,13,79.00,3.689187
1814,1000,0.95,50,2,17,1.0031,14,72.00,2.278899
1815,1000,0.95,50,2,17,0.8912,15,57.00,8.699807
1816,1000,0.95,50,2,17,1.0696,16,39.00,22.644821
1817,1000,0.95,50,2,17,1.0688,17,75.00,4.162127
1818,1000,0.95,50,2,17,0.8932,18,44.00,10.211865
1819,1000,0.95,50,2,17,0.9713,19,47.00,8.928947
1820,1000,0.95,50,2,17,1.0237,20,50.00,2.985432
1821,1000,0.95,50,2,17,0.9969,21,78.00,3.077477
1822,1000,0.95,50,2,17,0.8405,22,67.00,4.049037
1823,1000,0.95,50,2,17,0.9447,23,43.00,15.231664
1824,1000,0.95,50,2,17,0.8191,24,69.00,1.730730
1825,1000,0.95,50,2,17,1.0390,25,77.00,2.601623
1826,1000,0.95,50,2,17,0.9525,26,63.00,5.350859
1827,1000,0.95,50,2,17,0.9974,27,60.00,3.442886
1828,1000,0.95,50,2,17,1.0161,28,60.00,8.228708
1829,1000,0.95,50,2,17,1.0657,29,42.00,1.903867
1830,1000,0.95,50,2,17,0.9517,30,76.00,2.625830
1831,1000,0.95,50,2,17,1.0983,31,61.00,6.722963
1832,1000,0.95,50,2,17,0.9116,32,77.00,4.247225
1833,1000,0.95,50,2,17,0.8616,33,42.00,6.762712
1834,1000,0.95,50,2,17,0.9055,34,64.00,3.520903
1835,1000,0.95,50,2,17,0.9482,35,62.00,8.641534
1836,1000,0.95,50,2,17,1.1133,36,68.00,4.677741
1837,1000,0.95,50,2,17,0.9925,37,62.00,5.275648
1838,1000,0.95,50,2,17,0.7751,38,81.00,1.995306
1839,1000,0.95,50,2,17,1.1183,39,68.00,8.351616
1840,1000,0.95,50,2,17,0.9018,40,82.00,2.392781
1841,1000,0.95,50,2,17,0.7861,41,79.00,4.365026
1842,1000,0.95,50,2,17,1.0652,42,39.00,28.083462
1843,1000,0.95,50,2,17,1.0075,43,33.00,23.456537
1844,1000,0.95,50,2,17,0.9465,44,72.00,3.251121
1845,1000,0.95,50,2,17,1.0424,45,84.00,3.576821
1846,1000,0.95,50,2,17,0.9832,46,80.00,4.030610
1847,1000,0.95,50,2,17,1.0430,47,59.00,5.535594
1848,1000,0.95,50,2,17,0.9245,48,75.00,5.683568
1849,1000,0.95,50,2,17,0.8000,49,57.00,4.041243
1850,1000,0.95,50,2,17,0.9740,50,78.00,3.170359
1851,1000,0.95,50,2,17,0.9231,51,80.00,4.356502
1852,1000,0.95,50,2,17,0.9481,52,56.00,8.893109
1853,1000,0.95,50,2,17,0.9277,53,61.00,6.003495
1854,1000,0.95,50,2,17,0.9331,54,40.00,11.474794
1855,1000,0.95,50,2,17,0.8270,55,67.00,2.637625
1856,1000,0.95,50,2,17,1.1685,56,80.00,1.732572
1857,1000,0.95,50,2,17,0.9099,57,75.00,3.816187
1858,1000,0.95,50,2,17,1.0088,58,75.00,5.273491
1859,1000,0.95,50,2,17,0.9196,59,79.00,2.862443
1860,1000,0.95,50,2,17,1.0493,60,44.00,9.139337
1861,1000,0.95,50,2,17,0.9054,61,61.00,5.807384
1862,1000,0.95,50,2,17,0.8467,62,77.00,3.582567
1863,1000,0.95,50,2,17,1.1579,63,76.00,4.634702
1864,1000,0.95,50,2,17,1.0329,64,32.00,27.536793
1865,1000,0.95,50,2,17,1.0814,65,59.00,7.610203
1866,1000,0.95,50,2,17,1.0367,66,46.00,10.632681
1867,1000,0.95,50,2,17,0.9135,67,50.00,3.733624
1868,1000,0.95,50,2,17,0.8872,68,37.00,22.264822
1869,1000,0.95,50,2,17,0.8949,69,80.00,2.360345
1870,1000,0.95,50,2,17,0.8467,70,64.00,6.444555
1871,1000,0.95,50,2,17,1.0184,71,62.00,1.335512
1872,1000,0.95,50,2,17,0.9322,72,82.00,1.883414
1873,1000,0.95,50,2,17,0.9186,73,61.00,5.905691
1874,1000,0.95,50,2,17,0.9183,74,75.00,3.967248
1875,1000,0.95,50,2,17,0.9810,75,70.00,1.259132
1876,1000,0.95,50,2,17,1.2005,76,59.00,6.727251
1877,1000,0.95,50,2,17,0.8904,77,66.00,5.093003
1878,1000,0.95,50,2,17,1.0465,78,75.00,1.591810
1879,1000,0.95,50,2,17,0.9691,79,83.00,2.095552
1880,1000,0.95,50,2,17,0.8278,80,59.00,3.356894
1881,1000,0.95,50,2,17,0.9787,81,64.00,3.750573
1882,1000,0.95,50,2,17,0.9312,82,80.00,3.139218
1883,1000,0.95,50,2,17,0.9102,83,66.00,3.847550
1884,1000,0.95,50,2,17,0.9033,84,71.00,6.011033
1885,1000,0.95,50,2,17,0.8001,85,48.00,3.894324
1886,1000,0.95,50,2,17,1.0164,86,61.00,1.668668
1887,1000,0.95,50,2,17,0.9576,87,78.00,3.947474
1888,1000,0.95,50,2,17,0.8603,88,63.00,6.377817
1889,1000,0.95,50,2,17,1.0012,89,53.00,9.280853
1890,1000,0.95,50,2,17,0.8659,90,65.00,4.842296
1891,1000,0.95,50,2,17,0.9609,91,72.00,4.549285
1892,1000,0.95,50,2,17,1.0923,92,43.00,12.602649
1893,1000,0.95,50,2,17,1.0271,93,70.00,3.867857
1894,1000,0.95,50,2,17,1.0247,94,55.00,11.763015
1895,1000,0.95,50,2,17,0.8874,95,54.00,5.926836
1896,1000,0.95,50,2,17,0.8840,96,78.00,2.605835
1897,1000,0.95,50,2,17,1.0190,97,68.00,6.777714
1898,1000,0.95,50,2,17,0.9968,98,67.00,1.554219
1899,1000,0.95,50,2,17,0.9385,99,76.00,3.717679
1900,1000,0.05,950,3,35,1.0065,0,1035.00,0.159498
1901,1000,0.05,950,3,35,0.9916,1,1035.00,0.565907
1902,1000,0.05,950,3,35,1.0391,2,1050.00,0.358944
1903,1000,0.05,950,3,35,1.0070,3,1054.00,0.792883
1904,1000,0.05,950,3,35,1.0304,4,1013.00,0.678709
1905,1000,0.05,950,3,35,0.9747,5,997.00,0.491198
1906,1000,0.05,950,3,35,0.9705,6,1050.00,0.225203
1907,1000,0.05,950,3,35,0.9999,7,1062.00,1.775753
1908,1000,0.05,950,3,35,0.9519,8,1049.00,1.109572
1909,1000,0.05,950,3,35,0.9949,9,1018.00,0.372512
1910,1000,0.05,950,3,35,0.9951,10,1033.00,0.536707
1911,1000,0.05,950,3,35,1.0257,11,1005.00,0.150641
1912,1000,0.05,950,3,35,0.9977,12,1014.00,0.733989
1913,1000,0.05,950,3,35,0.9904,13,1053.00,0.812518
1914,1000,0.05,950,3,35,1.0265,14,1053.00,0.758871
1915,1000,0.05,950,3,35,0.9735,15,1002.00,0.376659
1916,1000,0.05,950,3,35,1.0072,16,1036.00,0.392535
1917,1000,0.05,950,3,35,0.9667,17,1030.00,0.392755
1918,1000,0.05,950,3,35,0.9932,18,1022.00,0.617042
1919,1000,0.05,950,3,35,1.0112,19,1009.00,0.804977
1920,1000,0.05,950,3,35,1.0189,20,1037.00,0.757468
1921,1000,0.05,950,3,35,1.0004,21,993.00,0.598638
1922,1000,0.05,950,3,35,0.9884,22,1055.00,0.226446
1923,1000,0.05,950,3,35,0.9945,23,1053.00,1.907163
1924,1000,0.05,950,3,35,0.9645,24,1024.00,0.116585
1925,1000,0.05,950,3,35,0.9948,25,1011.00,0.143965
1926,1000,0.05,950,3,35,0.9441,26,1023.00,1.347270
1927,1000,0.05,950,3,35,1.0135,27,1027.00,0.884907
1928,1000,0.05,950,3,35,1.0636,28,1020.00,0.711821
1929,1000,0.05,950,3,35,1.0091,29,1035.00,0.086719
1930,1000,0.05,950,3,35,1.0038,30,1017.00,0.537280
1931,1000,0.05,950,3,35,1.0239,31,1034.00,1.060523
1932,1000,0.05,950,3,35,1.0056,32,1036.00,0.433419
1933,1000,0.05,950,3,35,1.0159,33,1059.00,1.093849
1934,1000,0.05,950,3,35,1.0058,34,1048.00,0.069445
1935,1000,0.05,950,3,35,1.0337,35,1016.00,0.500771
1936,1000,0.05,950,3,35,0.9897,36,991.00,2.221256
1937,1000,0.05,950,3,35,0.9872,37,1051.00,0.842206
1938,1000,0.05,950,3,35,0.9968,38,1020.00,0.278916
1939,1000,0.05,950,3,35,0.9983,39,1068.00,0.463553
1940,1000,0.05,950,3,35,1.0212,40,1043.00,0.840544
1941,1000,0.05,950,3,35,1.0066,41,1040.00,0.357952
1942,1000,0.05,950,3,35,1.0082,42,1007.00,0.482977
1943,1000,0.05,950,3,35,0.9839,43,1039.00,1.222680
1944,1000,0.05,950,3,35,1.0196,44,1026.00,0.636604
1945,1000,0.05,950,3,35,0.9703,45,1032.00,0.553675
1946,1000,0.05,950,3,35,0.9705,46,1025.00,1.331205
1947,1000,0.05,950,3,35,0.9969,47,1013.00,0.712069
1948,1000,0.05,950,3,35,0.9865,48,1036.00,0.521365
1949,1000,0.05,950,3,35,1.0109,49,1043.00,1.452196
1950,1000,0.05,950,3,35,0.9939,50,1035.00,0.234410
1951,1000,0.05,950,3,35,1.0332,51,1022.00,0.099724
1952,1000,0.05,950,3,35,0.9991,52,1019.00,0.211985
1953,1000,0.05,950,3,35,1.0100,53,1034.00,0.154209
1954,1000,0.05,950,3,35,0.9851,54,1024.00,0.685540
1955,1000,0.05,950,3,35,1.0245,55,1035.00,0.739870
1956,1000,0.05,950,3,35,1.0023,56,1020.00,0.780561
1957,1000,0.05,950,3,35,0.9746,57,989.00,0.183640
1958,1000,0.05,950,3,35,1.0357,58,1006.00,0.528513
1959,1000,0.05,950,3,35,0.9974,59,1001.00,1.025344
1960,1000,0.05,950,3,35,0.9830,60,1047.00,0.182031
1961,1000,0.05,950,3,35,1.0189,61,982.00,0.499178
1962,1000,0.05,950,3,35,0.9961,62,1013.00,0.271116
1963,1000,0.05,950,3,35,0.9939,63,975.00,1.407831
1964,1000,0.05,950,3,35,0.9938,64,1000.00,0.306782
1965,1000,0.05,950,3,35,1.0045,65,1001.00,0.610580
1966,1000,0.05,950,3,35,1.0321,66,1009.00,1.241181
1967,1000,0.05,950,3,35,1.0072,67,1058.00,0.260681
1968,1000,0.05,950,3,35,1.0524,68,1037.00,0.066389
1969,1000,0.05,950,3,35,1.0118,69,1033.00,0.085511
1970,1000,0.05,950,3,35,1.0095,70,1023.00,0.578248
1971,1000,0.05,950,3,35,0.9850,71,1031.00,0.456344
1972,1000,0.05,950,3,35,0.9734,72,1034.00,1.386605
1973,1000,0.05,950,3,35,1.0370,73,1032.00,0.827467
1974,1000,0.05,950,3,35,1.0129,74,1039.00,0.294820
1975,1000,0.05,950,3,35,0.9946,75,1038.00,2.004278
1976,1000,0.05,950,3,35,1.0056,76,1016.00,0.826866
1977,1000,0.05,950,3,35,1.0276,77,1062.00,1.292786
1978,1000,0.05,950,3,35,1.0258,78,981.00,0.313595
1979,1000,0.05,950,3,35,0.9846,79,1000.00,0.066692
1980,1000,0.05,950,3,35,1.0121,80,1010.00,0.157641
1981,1000,0.05,950,3,35,1.0004,81,1027.00,0.423012
1982,1000,0.05,950,3,35,0.9953,82,1009.00,0.114623
1983,1000,0.05,950,3,35,0.9761,83,1005.00,1.603181
1984,1000,0.05,950,3,35,0.9784,84,1002.00,0.990139
1985,1000,0.05,950,3,35,1.0158,85,1022.00,0.128317
1986,1000,0.05,950,3,35,0.9664,86,1001.00,0.721606
1987,1000,0.05,950,3,35,1.0049,87,1016.00,0.361980
1988,1000,0.05,950,3,35,0.9972,88,994.00,0.413819
1989,1000,0.05,950,3,35,1.0227,89,1003.00,0.193142
1990,1000,0.05,950,3,35,0.9913,90,960.00,0.883280
1991,1000,0.05,950,3,35,0.9671,91,999.00,0.569062
1992,1000,0.05,950,3,35,0.9825,92,1044.00,1.509307
1993,1000,0.05,950,3,35,0.9958,93,995.00,1.010733
1994,1000,0.05,950,3,35,1.0138,94,1023.00,0.493480
1995,1000,0.05,950,3,35,1.0152,95,973.00,0.145496
1996,1000,0.05,950,3,35,0.9995,96,1001.00,0.139140
1997,1000,0.05,950,3,35,1.0019,97,990.00,0.195749
1998,1000,0.05,950,3,35,1.0396,98,961.00,0.833415
1999,1000,0.05,950,3,35,1.0152,99,1012.00,1.369188
2000,1000,0.10,900,3,35,0.9875,0,1010.00,0.521939
2001,1000,0.10,900,3,35,1.0234,1,994.00,0.254039
2002,1000,0.10,900,3,35,0.9624,2,1042.00,1.312203
2003,1000,0.10,900,3,35,1.0060,3,1037.00,0.346395
2004,1000,0.10,900,3,35,1.0044,4,1031.00,0.287661
2005,1000,0.10,900,3,35,0.9728,5,1028.00,0.385605
2006,1000,0.10,900,3,35,1.0279,6,1021.00,0.964124
2007,1000,0.10,900,3,35,0.9978,7,992.00,1.474188
2008,1000,0.10,900,3,35,1.0181,8,1015.00,0.369950
2009,1000,0.10,900,3,35,1.0113,9,1026.00,1.168115
2010,1000,0.10,900,3,35,1.0379,10,1043.00,0.643642
2011,1000,0.10,900,3,35,0.9552,11,1004.00,0.099033
2012,1000,0.10,900,3,35,1.0174,12,999.00,1.565586
2013,1000,0.10,900,3,35,0.9924,13,1014.00,0.180224
2014,1000,0.10,900,3,35,0.9730,14,1000.00,1.764207
2015,1000,0.10,900,3,35,0.9800,15,1027.00,1.807479
2016,1000,0.10,900,3,35,0.9959,16,1020.00,0.281061
2017,1000,0.10,900,3,35,0.9800,17,1012.00,2.039698
2018,1000,0.10,900,3,35,1.0283,18,1032.00,0.378936
2019,1000,0.10,900,3,35,0.9974,19,997.00,0.417565
2020,1000,0.10,900,3,35,1.0052,20,1015.00,0.915334
2021,1000,0.10,900,3,35,0.9745,21,1018.00,0.447893
2022,1000,0.10,900,3,35,1.0465,22,974.00,0.467459
2023,1000,0.10,900,3,35,0.9819,23,1059.00,1.735131
2024,1000,0.10,900,3,35,0.9978,24,1033.00,0.958744
2025,1000,0.10,900,3,35,0.9880,25,1016.00,0.659729
2026,1000,0.10,900,3,35,0.9470,26,979.00,0.236432
2027,1000,0.10,900,3,35,0.9663,27,978.00,0.354545
2028,1000,0.10,900,3,35,0.9797,28,1013.00,0.634584
2029,1000,0.10,900,3,35,1.0045,29,983.00,0.698984
2030,1000,0.10,900,3,35,0.9990,30,1002.00,0.683018
2031,1000,0.10,900,3,35,0.9860,31,1025.00,0.880566
2032,1000,0.10,900,3,35,1.0431,32,982.00,0.368635
2033,1000,0.10,900,3,35,1.0362,33,1021.00,0.170604
2034,1000,0.10,900,3,35,0.9869,34,1027.00,0.983803
2035,1000,0.10,900,3,35,0.9978,35,1035.00,0.707551
2036,1000,0.10,900,3,35,0.9848,36,986.00,0.448708
2037,1000,0.10,900,3,35,1.0047,37,974.00,1.000300
2038,1000,0.10,900,3,35,0.9852,38,990.00,0.617475
2039,1000,0.10,900,3,35,0.9902,39,1001.00,0.627724
2040,1000,0.10,900,3,35,0.9925,40,970.00,0.599799
2041,1000,0.10,900,3,35,0.9922,41,960.00,1.091873
2042,1000,0.10,900,3,35,1.0215,42,986.00,0.417026
2043,1000,0.10,900,3,35,1.0331,43,990.00,1.071776
2044,1000,0.10,900,3,35,1.0101,44,1002.00,0.162021
2045,1000,0.10,900,3,35,1.0040,45,969.00,0.222390
2046,1000,0.10,900,3,35,1.0181,46,967.00,1.514395
2047,1000,0.10,900,3,35,0.9306,47,1005.00,1.116927
2048,1000,0.10,900,3,35,0.9905,48,971.00,0.491943
2049,1000,0.10,900,3,35,1.0076,49,1041.00,0.931657
2050,1000,0.10,900,3,35,0.9872,50,975.00,0.730956
2051,1000,0.10,900,3,35,0.9696,51,988.00,0.178983
2052,1000,0.10,900,3,35,0.9900,52,998.00,0.825349
2053,1000,0.10,900,3,35,0.9467,53,983.00,0.755048
2054,1000,0.10,900,3,35,0.9824,54,1005.00,0.783300
2055,1000,0.10,900,3,35,1.0161,55,990.00,0.944297
2056,1000,0.10,900,3,35,1.0214,56,988.00,1.472590
2057,1000,0.10,900,3,35,1.0124,57,995.00,0.583208
2058,1000,0.10,900,3,35,1.0155,58,979.00,1.614262
2059,1000,0.10,900,3,35,1.0092,59,969.00,0.465333
2060,1000,0.10,900,3,35,0.9916,60,1045.00,0.311037
2061,1000,0.10,900,3,35,1.0770,61,940.00,0.948738
2062,1000,0.10,900,3,35,0.9911,62,927.00,0.249258
2063,1000,0.10,900,3,35,1.0008,63,1001.00,0.216975
2064,1000,0.10,900,3,35,1.0109,64,1005.00,0.446748
2065,1000,0.10,900,3,35,1.0170,65,986.00,0.318068
2066,1000,0.10,900,3,35,1.0158,66,1024.00,1.069211
2067,1000,0.10,900,3,35,1.0300,67,975.00,1.578365
2068,1000,0.10,900,3,35,0.9803,68,982.00,0.653859
2069,1000,0.10,900,3,35,1.0244,69,995.00,0.372663
2070,1000,0.10,900,3,35,0.9478,70,975.00,0.117127
2071,1000,0.10,900,3,35,1.0200,71,1042.00,1.068149
2072,1000,0.10,900,3,35,0.9809,72,998.00,0.531334
2073,1000,0.10,900,3,35,1.0039,73,977.00,0.620198
2074,1000,0.10,900,3,35,1.0257,74,995.00,0.596280
2075,1000,0.10,900,3,35,1.0640,75,959.00,0.343859
2076,1000,0.10,900,3,35,1.0202,76,984.00,1.516331
2077,1000,0.10,900,3,35,1.0476,77,1001.00,1.624025
2078,1000,0.10,900,3,35,1.0512,78,971.00,1.262172
2079,1000,0.10,900,3,35,1.0098,79,989.00,0.599053
2080,1000,0.10,900,3,35,1.0120,80,936.00,0.330668
2081,1000,0.10,900,3,35,0.9910,81,990.00,0.540442
2082,1000,0.10,900,3,35,0.9788,82,967.00,0.471916
2083,1000,0.10,900,3,35,1.0050,83,923.00,0.537227
2084,1000,0.10,900,3,35,0.9778,84,1054.00,1.684749
2085,1000,0.10,900,3,35,1.0225,85,1000.00,0.165176
2086,1000,0.10,900,3,35,0.9992,86,996.00,0.099018
2087,1000,0.10,900,3,35,0.9786,87,1002.00,0.661519
2088,1000,0.10,900,3,35,1.0249,88,996.00,1.043350
2089,1000,0.10,900,3,35,1.0158,89,1007.00,0.179404
2090,1000,0.10,900,3,35,1.0049,90,997.00,0.610399
2091,1000,0.10,900,3,35,0.9713,91,1018.00,1.953075
2092,1000,0.10,900,3,35,0.9695,92,1004.00,0.199308
2093,1000,0.10,900,3,35,1.0437,93,1018.00,0.202564
2094,1000,0.10,900,3,35,1.0357,94,1006.00,0.888397
2095,1000,0.10,900,3,35,0.9667,95,1011.00,0.111750
2096,1000,0.10,900,3,35,1.0026,96,1009.00,1.873545
2097,1000,0.10,900,3,35,0.9801,97,1008.00,0.253995
2098,1000,0.10,900,3,35,0.9913,98,1023.00,0.783909
2099,1000,0.10,900,3,35,1.0287,99,985.00,0.432711
2100,1000,0.15,850,3,35,0.9574,0,998.00,0.503099
2101,1000,0.15,850,3,35,1.0059,1,952.00,0.338183
2102,1000,0.15,850,3,35,0.9691,2,990.00,3.013933
2103,1000,0.15,850,3,35,1.0388,3,936.00,1.257256
2104,1000,0.15,850,3,35,0.9907,4,957.00,0.778883
2105,1000,0.15,850,3,35,1.0166,5,962.00,0.151771
2106,1000,0.15,850,3,35,1.0364,6,939.00,1.543589
2107,1000,0.15,850,3,35,0.9828,7,991.00,0.232481
2108,1000,0.15,850,3,35,1.0228,8,934.00,0.214604
2109,1000,0.15,850,3,35,1.0260,9,949.00,0.565601
2110,1000,0.15,850,3,35,1.0055,10,994.00,0.450563
2111,1000,0.15,850,3,35,0.9787,11,970.00,2.119932
2112,1000,0.15,850,3,35,0.9996,12,1013.00,0.360649
2113,1000,0.15,850,3,35,0.9934,13,950.00,0.227279
2114,1000,0.15,850,3,35,0.9860,14,966.00,0.262131
2115,1000,0.15,850,3,35,0.9664,15,973.00,1.919978
2116,1000,0.15,850,3,35,1.0197,16,947.00,0.614903
2117,1000,0.15,850,3,35,0.9626,17,965.00,1.491179
2118,1000,0.15,850,3,35,0.9871,18,941.00,1.546794
2119,1000,0.15,850,3,35,1.0051,19,990.00,1.099479
2120,1000,0.15,850,3,35,1.0013,20,939.00,0.706980
2121,1000,0.15,850,3,35,0.9989,21,979.00,0.899563
2122,1000,0.15,850,3,35,0.9813,22,1001.00,0.189403
2123,1000,0.15,850,3,35,0.9942,23,1008.00,0.185795
2124,1000,0.15,850,3,35,0.9964,24,965.00,0.362783
2125,1000,0.15,850,3,35,1.0258,25,982.00,0.143722
2126,1000,0.15,850,3,35,0.9698,26,973.00,0.232751
2127,1000,0.15,850,3,35,0.9692,27,952.00,0.582818
2128,1000,0.15,850,3,35,0.9579,28,936.00,0.528405
2129,1000,0.15,850,3,35,0.9935,29,965.00,0.774813
2130,1000,0.15,850,3,35,1.0269,30,950.00,0.706901
2131,1000,0.15,850,3,35,1.0080,31,1000.00,1.082754
2132,1000,0.15,850,3,35,1.0372,32,950.00,0.884577
2133,1000,0.15,850,3,35,1.0223,33,959.00,0.883666
2134,1000,0.15,850,3,35,0.9681,34,973.00,0.357384
2135,1000,0.15,850,3,35,0.9605,35,982.00,0.669666
2136,1000,0.15,850,3,35,1.0382,36,1005.00,1.408638
2137,1000,0.15,850,3,35,0.9396,37,929.00,0.647032
2138,1000,0.15,850,3,35,1.0102,38,999.00,0.018717
2139,1000,0.15,850,3,35,1.0087,39,997.00,1.176905
2140,1000,0.15,850,3,35,1.0134,40,992.00,1.193160
2141,1000,0.15,850,3,35,0.9952,41,927.00,0.332379
2142,1000,0.15,850,3,35,0.9916,42,1012.00,0.319549
2143,1000,0.15,850,3,35,1.0439,43,1028.00,1.155706
2144,1000,0.15,850,3,35,1.0019,44,989.00,0.161621
2145,1000,0.15,850,3,35,1.0121,45,990.00,0.292619
2146,1000,0.15,850,3,35,1.0081,46,999.00,2.623117
2147,1000,0.15,850,3,35,0.9951,47,946.00,0.200402
2148,1000,0.15,850,3,35,1.0113,48,981.00,0.518066
2149,1000,0.15,850,3,35,0.9928,49,972.00,0.904647
2150,1000,0.15,850,3,35,1.0229,50,994.00,0.697599
2151,1000,0.15,850,3,35,0.9845,51,984.00,0.369139
2152,1000,0.15,850,3,35,1.0170,52,982.00,1.042430
2153,1000,0.15,850,3,35,1.0262,53,952.00,0.425879
2154,1000,0.15,850,3,35,0.9766,54,954.00,0.082185
2155,1000,0.15,850,3,35,1.0844,55,994.00,2.292353
2156,1000,0.15,850,3,35,1.0047,56,946.00,0.116445
2157,1000,0.15,850,3,35,0.9763,57,1011.00,0.681683
2158,1000,0.15,850,3,35,1.0126,58,955.00,1.229862
2159,1000,0.15,850,3,35,0.9991,59,970.00,0.324160
2160,1000,0.15,850,3,35,1.0186,60,997.00,1.637967
2161,1000,0.15,850,3,35,0.9549,61,970.00,0.377118
2162,1000,0.15,850,3,35,1.0284,62,1038.00,1.065735
2163,1000,0.15,850,3,35,1.0075,63,1017.00,1.009442
2164,1000,0.15,850,3,35,1.0170,64,990.00,1.132589
2165,1000,0.15,850,3,35,1.0147,65,1016.00,0.356341
2166,1000,0.15,850,3,35,1.0252,66,1023.00,0.473622
2167,1000,0.15,850,3,35,0.9919,67,1003.00,0.714773
2168,1000,0.15,850,3,35,1.0142,68,981.00,0.766990
2169,1000,0.15,850,3,35,0.9411,69,1075.00,1.239404
2170,1000,0.15,850,3,35,1.0263,70,1017.00,1.047753
2171,1000,0.15,850,3,35,1.0614,71,1015.00,1.512465
2172,1000,0.15,850,3,35,1.0063,72,1007.00,1.500453
2173,1000,0.15,850,3,35,0.9948,73,999.00,0.692142
2174,1000,0.15,850,3,35,0.9954,74,992.00,0.357723
2175,1000,0.15,850,3,35,1.0437,75,1014.00,0.510437
2176,1000,0.15,850,3,35,1.0239,76,1077.00,1.288252
2177,1000,0.15,850,3,35,1.0515,77,996.00,1.033517
2178,1000,0.15,850,3,35,1.0228,78,1037.00,1.313395
2179,1000,0.15,850,3,35,1.0050,79,972.00,0.623924
2180,1000,0.15,850,3,35,1.0046,80,1022.00,0.706435
2181,1000,0.15,850,3,35,0.9983,81,999.00,1.036101
2182,1000,0.15,850,3,35,1.0047,82,1005.00,1.941167
2183,1000,0.15,850,3,35,0.9775,83,1016.00,1.873416
2184,1000,0.15,850,3,35,1.0278,84,1058.00,0.491711
2185,1000,0.15,850,3,35,1.0024,85,972.00,0.155697
2186,1000,0.15,850,3,35,1.0212,86,974.00,0.586641
2187,1000,0.15,850,3,35,1.0301,87,1008.00,0.748720
2188,1000,0.15,850,3,35,1.0062,88,993.00,0.715799
2189,1000,0.15,850,3,35,1.0206,89,973.00,1.465158
2190,1000,0.15,850,3,35,0.9953,90,1008.00,1.158189
2191,1000,0.15,850,3,35,0.9893,91,977.00,0.599916
2192,1000,0.15,850,3,35,0.9903,92,985.00,0.431605
2193,1000,0.15,850,3,35,1.0125,93,996.00,0.238695
2194,1000,0.15,850,3,35,0.9935,94,1016.00,1.327711
2195,1000,0.15,850,3,35,1.0108,95,1038.00,0.493680
2196,1000,0.15,850,3,35,1.0056,96,1024.00,0.368847
2197,1000,0.15,850,3,35,0.9943,97,1020.00,1.346705
2198,1000,0.15,850,3,35,1.0089,98,987.00,0.486522
2199,1000,0.15,850,3,35,0.9757,99,995.00,0.810579
2200,1000,0.20,800,3,35,1.0160,0,1044.00,1.604337
2201,1000,0.20,800,3,35,0.9767,1,1003.00,2.312048
2202,1000,0.20,800,3,35,0.9808,2,1001.00,1.327394
2203,1000,0.20,800,3,35,0.9885,3,966.00,1.611127
2204,1000,0.20,800,3,35,1.0236,4,1026.00,1.640299
2205,1000,0.20,800,3,35,1.0034,5,987.00,1.154322
2206,1000,0.20,800,3,35,0.9633,6,1022.00,1.707639
2207,1000,0.20,800,3,35,0.9920,7,963.00,0.883801
2208,1000,0.20,800,3,35,1.0139,8,994.00,0.693969
2209,1000,0.20,800,3,35,1.0137,9,1006.00,0.629211
2210,1000,0.20,800,3,35,1.0218,10,989.00,1.552156
2211,1000,0.20,800,3,35,0.9591,11,1014.00,0.184267
2212,1000,0.20,800,3,35,1.0112,12,1017.00,0.943592
2213,1000,0.20,800,3,35,0.9873,13,1010.00,0.909288
2214,1000,0.20,800,3,35,1.0036,14,975.00,0.265411
2215,1000,0.20,800,3,35,0.9972,15,979.00,0.333939
2216,1000,0.20,800,3,35,0.9998,16,985.00,0.996252
2217,1000,0.20,800,3,35,0.9755,17,997.00,0.921409
2218,1000,0.20,800,3,35,1.0091,18,983.00,0.990318
2219,1000,0.20,800,3,35,1.0339,19,985.00,2.932170
2220,1000,0.20,800,3,35,1.0448,20,1025.00,1.824620
2221,1000,0.20,800,3,35,1.0065,21,1003.00,0.503254
2222,1000,0.20,800,3,35,0.9656,22,1002.00,0.213393
2223,1000,0.20,800,3,35,0.9936,23,972.00,2.175476
2224,1000,0.20,800,3,35,0.9568,24,1000.00,0.384902
2225,1000,0.20,800,3,35,0.9724,25,998.00,0.342910
2226,1000,0.20,800,3,35,1.0122,26,968.00,0.673215
2227,1000,0.20,800,3,35,1.0326,27,980.00,0.678930
2228,1000,0.20,800,3,35,1.0281,28,1004.00,0.420511
2229,1000,0.20,800,3,35,1.0162,29,985.00,0.424219
2230,1000,0.20,800,3,35,1.0281,30,1042.00,1.477905
2231,1000,0.20,800,3,35,1.0253,31,998.00,0.551451
2232,1000,0.20,800,3,35,0.9872,32,960.00,1.689042
2233,1000,0.20,800,3,35,0.9901,33,1013.00,0.139919
2234,1000,0.20,800,3,35,1.0127,34,971.00,0.292775
2235,1000,0.20,800,3,35,1.0024,35,968.00,0.157583
2236,1000,0.20,800,3,35,0.9979,36,966.00,0.249299
2237,1000,0.20,800,3,35,1.0184,37,973.00,0.154093
2238,1000,0.20,800,3,35,0.9736,38,950.00,0.461701
2239,1000,0.20,800,3,35,1.0488,39,991.00,0.358181
2240,1000,0.20,800,3,35,0.9963,40,1033.00,1.367248
2241,1000,0.20,800,3,35,0.9576,41,1000.00,1.670722
2242,1000,0.20,800,3,35,0.9869,42,987.00,0.911701
2243,1000,0.20,800,3,35,0.9849,43,990.00,1.909923
2244,1000,0.20,800,3,35,0.9964,44,1030.00,0.504442
2245,1000,0.20,800,3,35,1.0277,45,995.00,0.515550
2246,1000,0.20,800,3,35,0.9349,46,1002.00,0.373408
2247,1000,0.20,800,3,35,1.0357,47,1051.00,0.425209
2248,1000,0.20,800,3,35,1.0066,48,1026.00,0.440444
2249,1000,0.20,800,3,35,1.0004,49,952.00,0.385178
2250,1000,0.20,800,3,35,1.0228,50,969.00,0.087770
2251,1000,0.20,800,3,35,1.0050,51,1018.00,0.251377
2252,1000,0.20,800,3,35,0.9960,52,992.00,0.541119
2253,1000,0.20,800,3,35,0.9874,53,1004.00,1.448167
2254,1000,0.20,800,3,35,1.0015,54,986.00,1.224642
2255,1000,0.20,800,3,35,1.0180,55,969.00,0.804410
2256,1000,0.20,800,3,35,1.0319,56,999.00,0.820278
2257,1000,0.20,800,3,35,0.9609,57,1011.00,0.410102
2258,1000,0.20,800,3,35,1.0264,58,988.00,0.295470
2259,1000,0.20,800,3,35,0.9684,59,995.00,1.375278
2260,1000,0.20,800,3,35,0.9537,60,1009.00,0.939153
2261,1000,0.20,800,3,35,1.0017,61,977.00,0.580800
2262,1000,0.20,800,3,35,0.9970,62,997.00,1.411217
2263,1000,0.20,800,3,35,1.0324,63,1000.00,0.281856
2264,1000,0.20,800,3,35,1.0033,64,989.00,0.335283
2265,1000,0.20,800,3,35,0.9987,65,971.00,0.535470
2266,1000,0.20,800,3,35,0.9939,66,987.00,0.203502
2267,1000,0.20,800,3,35,0.9879,67,983.00,1.226954
2268,1000,0.20,800,3,35,1.0189,68,963.00,0.299306
2269,1000,0.20,800,3,35,0.9996,69,1026.00,1.070615
2270,1000,0.20,800,3,35,0.9498,70,1013.00,0.908489
2271,1000,0.20,800,3,35,0.9600,71,1001.00,0.983395
2272,1000,0.20,800,3,35,0.9646,72,969.00,1.324472
2273,1000,0.20,800,3,35,0.9347,73,976.00,0.407512
2274,1000,0.20,800,3,35,1.0201,74,953.00,0.662340
2275,1000,0.20,800,3,35,0.9273,75,1044.00,1.131744
2276,1000,0.20,800,3,35,1.0142,76,985.00,0.739095
2277,1000,0.20,800,3,35,0.9878,77,992.00,1.526091
2278,1000,0.20,800,3,35,0.9999,78,998.00,2.058081
2279,1000,0.20,800,3,35,0.9586,79,1013.00,1.478896
2280,1000,0.20,800,3,35,0.9706,80,989.00,0.679804
2281,1000,0.20,800,3,35,1.0286,81,1027.00,4.754604
2282,1000,0.20,800,3,35,1.0089,82,1003.00,0.504385
2283,1000,0.20,800,3,35,1.0069,83,997.00,0.143172
2284,1000,0.20,800,3,35,0.9796,84,966.00,0.676516
2285,1000,0.20,800,3,35,0.9939,85,968.00,0.275533
2286,1000,0.20,800,3,35,0.9580,86,1004.00,0.533758
2287,1000,0.20,800,3,35,0.9832,87,995.00,1.179022
2288,1000,0.20,800,3,35,1.0102,88,1028.00,0.289674
2289,1000,0.20,800,3,35,1.0199,89,974.00,0.763208
2290,1000,0.20,800,3,35,1.0072,90,990.00,2.206839
2291,1000,0.20,800,3,35,1.0117,91,1029.00,1.067392
2292,1000,0.20,800,3,35,1.0041,92,996.00,1.176757
2293,1000,0.20,800,3,35,1.0017,93,1023.00,1.087433
2294,1000,0.20,800,3,35,0.9562,94,968.00,3.711117
2295,1000,0.20,800,3,35,0.9905,95,979.00,0.036135
2296,1000,0.20,800,3,35,0.9643,96,970.00,0.818251
2297,1000,0.20,800,3,35,0.9968,97,986.00,0.338882
2298,1000,0.20,800,3,35,1.0262,98,981.00,0.376848
2299,1000,0.20,800,3,35,0.9907,99,997.00,1.630492
2300,1000,0.25,750,3,35,1.0042,0,970.00,0.533644
2301,1000,0.25,750,3,35,1.0252,1,1026.00,0.575597
2302,1000,0.25,750,3,35,1.0154,2,986.00,0.024198
2303,1000,0.25,750,3,35,1.0180,3,999.00,1.085275
2304,1000,0.25,750,3,35,1.0307,4,1005.00,0.823755
2305,1000,0.25,750,3,35,1.0359,5,970.00,0.784822
2306,1000,0.25,750,3,35,1.0266,6,975.00,0.225305
2307,1000,0.25,750,3,35,0.9798,7,988.00,2.494334
2308,1000,0.25,750,3,35,0.9727,8,1018.00,2.174906
2309,1000,0.25,750,3,35,0.9881,9,970.00,0.175373
2310,1000,0.25,750,3,35,1.0164,10,979.00,0.724783
2311,1000,0.25,750,3,35,1.0045,11,1008.00,0.597970
2312,1000,0.25,750,3,35,0.9990,12,970.00,1.307694
2313,1000,0.25,750,3,35,1.0071,13,980.00,0.753358
2314,1000,0.25,750,3,35,0.9310,14,962.00,1.290634
2315,1000,0.25,750,3,35,0.9693,15,973.00,2.260771
2316,1000,0.25,750,3,35,1.0399,16,1009.00,2.719002
2317,1000,0.25,750,3,35,0.9927,17,957.00,0.366276
2318,1000,0.25,750,3,35,0.9639,18,1044.00,0.279407
2319,1000,0.25,750,3,35,1.0462,19,996.00,0.257255
2320,1000,0.25,750,3,35,1.0222,20,1016.00,0.260377
2321,1000,0.25,750,3,35,0.9729,21,955.00,1.853770
2322,1000,0.25,750,3,35,0.9919,22,980.00,0.366975
2323,1000,0.25,750,3,35,0.9864,23,1006.00,1.352914
2324,1000,0.25,750,3,35,1.0077,24,1005.00,0.129920
2325,1000,0.25,750,3,35,1.0216,25,987.00,1.097347
2326,1000,0.25,750,3,35,0.9742,26,1016.00,1.166127
2327,1000,0.25,750,3,35,0.9997,27,1019.00,1.855207
2328,1000,0.25,750,3,35,1.0515,28,971.00,5.534445
2329,1000,0.25,750,3,35,0.9860,29,990.00,1.001146
2330,1000,0.25,750,3,35,1.0146,30,995.00,0.219179
2331,1000,0.25,750,3,35,1.0406,31,1018.00,1.218224
2332,1000,0.25,750,3,35,1.0006,32,1014.00,0.873117
2333,1000,0.25,750,3,35,0.9821,33,1012.00,0.583200
2334,1000,0.25,750,3,35,0.9935,34,1014.00,0.399036
2335,1000,0.25,750,3,35,0.9555,35,947.00,1.518270
2336,1000,0.25,750,3,35,1.0381,36,978.00,1.149960
2337,1000,0.25,750,3,35,1.0151,37,985.00,0.227942
2338,1000,0.25,750,3,35,1.0348,38,979.00,4.894339
2339,1000,0.25,750,3,35,1.0200,39,1007.00,0.579377
2340,1000,0.25,750,3,35,0.9575,40,975.00,2.043627
2341,1000,0.25,750,3,35,0.9801,41,967.00,0.696386
2342,1000,0.25,750,3,35,1.0439,42,1008.00,2.416918
2343,1000,0.25,750,3,35,1.0102,43,952.00,0.409272
2344,1000,0.25,750,3,35,0.9879,44,984.00,0.420334
2345,1000,0.25,750,3,35,0.9750,45,990.00,0.209873
2346,1000,0.25,750,3,35,1.0053,46,956.00,0.814566
2347,1000,0.25,750,3,35,1.0225,47,993.00,0.286808
2348,1000,0.25,750,3,35,0.9908,48,1008.00,0.509726
2349,1000,0.25,750,3,35,0.9893,49,981.00,0.819981
2350,1000,0.25,750,3,35,1.0138,50,1018.00,0.917904
2351,1000,0.25,750,3,35,1.0166,51,1020.00,2.618522
2352,1000,0.25,750,3,35,1.0398,52,1028.00,0.451128
2353,1000,0.25,750,3,35,1.0109,53,1001.00,0.631834
2354,1000,0.25,750,3,35,0.9830,54,997.00,1.519323
2355,1000,0.25,750,3,35,1.0174,55,984.00,0.186140
2356,1000,0.25,750,3,35,1.0009,56,978.00,0.510930
2357,1000,0.25,750,3,35,1.0093,57,1035.00,3.158568
2358,1000,0.25,750,3,35,0.9967,58,1013.00,1.215899
2359,1000,0.25,750,3,35,0.9810,59,989.00,0.895902
2360,1000,0.25,750,3,35,0.9844,60,999.00,0.575379
2361,1000,0.25,750,3,35,0.9960,61,1015.00,0.702625
2362,1000,0.25,750,3,35,1.0428,62,978.00,0.319541
2363,1000,0.25,750,3,35,0.9618,63,1014.00,1.031931
2364,1000,0.25,750,3,35,0.9496,64,987.00,1.294007
2365,1000,0.25,750,3,35,0.9922,65,1005.00,0.198046
2366,1000,0.25,750,3,35,0.9682,66,984.00,0.796711
2367,1000,0.25,750,3,35,0.9488,67,1004.00,0.978339
2368,1000,0.25,750,3,35,0.9861,68,987.00,0.980459
2369,1000,0.25,750,3,35,1.0529,69,975.00,0.869846
2370,1000,0.25,750,3,35,0.9991,70,1007.00,0.611242
2371,1000,0.25,750,3,35,0.9837,71,982.00,0.115942
2372,1000,0.25,750,3,35,1.0075,72,976.00,1.990138
2373,1000,0.25,750,3,35,1.0379,73,989.00,0.094347
2374,1000,0.25,750,3,35,0.9964,74,990.00,0.284787
2375,1000,0.25,750,3,35,0.9758,75,982.00,0.252667
2376,1000,0.25,750,3,35,1.0041,76,969.00,2.643014
2377,1000,0.25,750,3,35,0.9543,77,990.00,0.415780
2378,1000,0.25,750,3,35,0.9968,78,982.00,1.109812
2379,1000,0.25,750,3,35,0.9924,79,966.00,0.117734
2380,1000,0.25,750,3,35,1.0204,80,969.00,1.546468
2381,1000,0.25,750,3,35,1.0181,81,1023.00,1.391390
2382,1000,0.25,750,3,35,1.0177,82,979.00,3.597055
2383,1000,0.25,750,3,35,0.9793,83,984.00,0.264310
2384,1000,0.25,750,3,35,1.0139,84,989.00,0.119890
2385,1000,0.25,750,3,35,1.0059,85,1007.00,0.788943
2386,1000,0.25,750,3,35,1.0525,86,997.00,0.874651
2387,1000,0.25,750,3,35,0.9660,87,986.00,1.490493
2388,1000,0.25,750,3,35,0.9787,88,980.00,1.204277
2389,1000,0.25,750,3,35,1.0476,89,1003.00,0.161359
2390,1000,0.25,750,3,35,0.9852,90,941.00,1.983886
2391,1000,0.25,750,3,35,1.0566,91,996.00,0.161947
2392,1000,0.25,750,3,35,1.0284,92,1012.00,0.756219
2393,1000,0.25,750,3,35,1.0185,93,980.00,0.326121
2394,1000,0.25,750,3,35,0.9793,94,989.00,1.490492
2395,1000,0.25,750,3,35,1.0057,95,1043.00,2.282194
2396,1000,0.25,750,3,35,1.0391,96,960.00,0.805447
2397,1000,0.25,750,3,35,1.0257,97,1020.00,0.196632
2398,1000,0.25,750,3,35,1.0045,98,971.00,0.358435
2399,1000,0.25,750,3,35,1.0196,99,979.00,0.087650
2400,1000,0.30,700,3,35,1.0033,0,965.00,0.398045
2401,1000,0.30,700,3,35,1.0042,1,980.00,1.085642
2402,1000,0.30,700,3,35,0.9952,2,988.00,0.228646
2403,1000,0.30,700,3,35,0.9972,3,1020.00,0.198770
2404,1000,0.30,700,3,35,1.0133,4,964.00,0.377386
2405,1000,0.30,700,3,35,0.9894,5,971.00,1.482705
2406,1000,0.30,700,3,35,0.9924,6,960.00,1.134792
2407,1000,0.30,700,3,35,1.0040,7,999.00,0.305315
2408,1000,0.30,700,3,35,1.0216,8,998.00,0.940056
2409,1000,0.30,700,3,35,1.0085,9,1010.00,1.286479
2410,1000,0.30,700,3,35,1.0421,10,1011.00,1.817290
2411,1000,0.30,700,3,35,1.0163,11,1004.00,2.407234
2412,1000,0.30,700,3,35,0.9663,12,993.00,0.067760
2413,1000,0.30,700,3,35,1.0645,13,1027.00,1.381286
2414,1000,0.30,700,3,35,0.9928,14,1009.00,0.437382
2415,1000,0.30,700,3,35,1.0263,15,1024.00,0.573376
2416,1000,0.30,700,3,35,0.9935,16,989.00,0.578287
2417,1000,0.30,700,3,35,0.9822,17,986.00,0.560719
2418,1000,0.30,700,3,35,0.9549,18,996.00,0.271740
2419,1000,0.30,700,3,35,0.9727,19,974.00,0.531152
2420,1000,0.30,700,3,35,1.0034,20,967.00,3.601161
2421,1000,0.30,700,3,35,1.0009,21,976.00,0.719540
2422,1000,0.30,700,3,35,1.0057,22,1004.00,5.884146
2423,1000,0.30,700,3,35,0.9803,23,959.00,1.556219
2424,1000,0.30,700,3,35,0.9845,24,961.00,0.937791
2425,1000,0.30,700,3,35,1.0422,25,979.00,1.462986
2426,1000,0.30,700,3,35,0.9939,26,968.00,0.797235
2427,1000,0.30,700,3,35,1.0152,27,1000.00,1.223690
2428,1000,0.30,700,3,35,0.9794,28,1002.00,0.894897
2429,1000,0.30,700,3,35,1.0236,29,1003.00,0.371426
2430,1000,0.30,700,3,35,1.0131,30,969.00,0.278909
2431,1000,0.30,700,3,35,0.9741,31,1024.00,4.249855
2432,1000,0.30,700,3,35,0.9830,32,959.00,0.872523
2433,1000,0.30,700,3,35,0.9979,33,988.00,0.705747
2434,1000,0.30,700,3,35,0.9937,34,996.00,1.439736
2435,1000,0.30,700,3,35,1.0144,35,994.00,1.611740
2436,1000,0.30,700,3,35,1.0048,36,999.00,0.323099
2437,1000,0.30,700,3,35,1.0185,37,1013.00,0.329416
2438,1000,0.30,700,3,35,1.0134,38,956.00,0.925586
2439,1000,0.30,700,3,35,0.9558,39,985.00,0.836190
2440,1000,0.30,700,3,35,1.0104,40,1003.00,2.466743
2441,1000,0.30,700,3,35,1.0085,41,1005.00,0.946354
2442,1000,0.30,700,3,35,0.9946,42,984.00,1.957375
2443,1000,0.30,700,3,35,1.0148,43,977.00,1.452512
2444,1000,0.30,700,3,35,1.0207,44,994.00,0.418530
2445,1000,0.30,700,3,35,1.0242,45,997.00,0.067270
2446,1000,0.30,700,3,35,0.9964,46,1015.00,0.720342
2447,1000,0.30,700,3,35,1.0409,47,984.00,2.280993
2448,1000,0.30,700,3,35,1.0227,48,989.00,1.037570
2449,1000,0.30,700,3,35,1.0188,49,1001.00,0.763848
2450,1000,0.30,700,3,35,0.9990,50,1009.00,0.216857
2451,1000,0.30,700,3,35,1.0156,51,974.00,0.486066
2452,1000,0.30,700,3,35,0.9928,52,956.00,0.335046
2453,1000,0.30,700,3,35,0.9598,53,1003.00,3.394530
2454,1000,0.30,700,3,35,1.0157,54,991.00,0.438903
2455,1000,0.30,700,3,35,1.0208,55,971.00,1.420259
2456,1000,0.30,700,3,35,1.0147,56,977.00,2.196786
2457,1000,0.30,700,3,35,1.0304,57,1002.00,2.202245
2458,1000,0.30,700,3,35,0.9730,58,971.00,1.004678
2459,1000,0.30,700,3,35,1.0069,59,1001.00,1.555103
2460,1000,0.30,700,3,35,0.9551,60,1039.00,1.401529
2461,1000,0.30,700,3,35,0.9794,61,968.00,0.756165
2462,1000,0.30,700,3,35,0.9629,62,977.00,0.640596
2463,1000,0.30,700,3,35,1.0412,63,962.00,0.547302
2464,1000,0.30,700,3,35,1.0585,64,1002.00,0.672390
2465,1000,0.30,700,3,35,1.0100,65,966.00,0.757365
2466,1000,0.30,700,3,35,0.9643,66,969.00,0.713036
2467,1000,0.30,700,3,35,0.9802,67,976.00,0.591658
2468,1000,0.30,700,3,35,1.0274,68,963.00,1.290949
2469,1000,0.30,700,3,35,1.0298,69,952.00,3.174208
2470,1000,0.30,700,3,35,0.9911,70,958.00,2.071987
2471,1000,0.30,700,3,35,0.9737,71,965.00,0.766146
2472,1000,0.30,700,3,35,0.9992,72,966.00,0.273471
2473,1000,0.30,700,3,35,1.0360,73,1011.00,0.812987
2474,1000,0.30,700,3,35,0.9977,74,984.00,1.085711
2475,1000,0.30,700,3,35,0.9927,75,1011.00,1.974566
2476,1000,0.30,700,3,35,1.0296,76,954.00,4.635633
2477,1000,0.30,700,3,35,1.0156,77,975.00,0.685444
2478,1000,0.30,700,3,35,1.0007,78,973.00,0.176167
2479,1000,0.30,700,3,35,1.0093,79,972.00,1.503797
2480,1000,0.30,700,3,35,0.9721,80,994.00,3.081984
2481,1000,0.30,700,3,35,0.9833,81,955.00,1.853523
2482,1000,0.30,700,3,35,0.9864,82,956.00,0.774492
2483,1000,0.30,700,3,35,1.0613,83,970.00,0.190378
2484,1000,0.30,700,3,35,1.0185,84,973.00,0.489236
2485,1000,0.30,700,3,35,1.0545,85,1057.00,0.378289
2486,1000,0.30,700,3,35,0.9668,86,944.00,2.427736
2487,1000,0.30,700,3,35,0.9653,87,987.00,2.844406
2488,1000,0.30,700,3,35,0.9679,88,954.00,0.937853
2489,1000,0.30,700,3,35,0.9838,89,1021.00,1.270840
2490,1000,0.30,700,3,35,1.0083,90,947.00,0.308217
2491,1000,0.30,700,3,35,0.9780,91,1021.00,0.575402
2492,1000,0.30,700,3,35,0.9990,92,979.00,0.886075
2493,1000,0.30,700,3,35,0.9843,93,978.00,1.416498
2494,1000,0.30,700,3,35,0.9764,94,977.00,2.791054
2495,1000,0.30,700,3,35,1.0055,95,977.00,0.366102
2496,1000,0.30,700,3,35,0.9993,96,994.00,0.088391
2497,1000,0.30,700,3,35,0.9786,97,984.00,1.871908
2498,1000,0.30,700,3,35,0.9799,98,1006.00,0.440954
2499,1000,0.30,700,3,35,1.0041,99,970.00,1.140325
2500,1000,0.35,650,3,35,1.0097,0,1018.00,2.797430
2501,1000,0.35,650,3,35,1.0641,1,986.00,0.177359
2502,1000,0.35,650,3,35,0.9825,2,955.00,0.189098
2503,1000,0.35,650,3,35,0.9835,3,968.00,0.697371
2504,1000,0.35,650,3,35,0.9978,4,1002.00,4.331696
2505,1000,0.35,650,3,35,1.0256,5,991.00,0.173008
2506,1000,0.35,650,3,35,1.0333,6,975.00,15.549788
2507,1000,0.35,650,3,35,0.9613,7,1004.00,0.678645
2508,1000,0.35,650,3,35,1.0222,8,927.00,0.608004
2509,1000,0.35,650,3,35,0.9963,9,993.00,1.333742
2510,1000,0.35,650,3,35,1.0324,10,967.00,1.255185
2511,1000,0.35,650,3,35,0.9947,11,990.00,4.165847
2512,1000,0.35,650,3,35,1.0041,12,925.00,3.239598
2513,1000,0.35,650,3,35,1.0036,13,956.00,0.502392
2514,1000,0.35,650,3,35,1.0447,14,950.00,2.551133
2515,1000,0.35,650,3,35,0.9849,15,941.00,2.792398
2516,1000,0.35,650,3,35,0.9636,16,951.00,1.747224
2517,1000,0.35,650,3,35,1.0332,17,958.00,4.200489
2518,1000,0.35,650,3,35,1.0115,18,1003.00,0.615538
2519,1000,0.35,650,3,35,0.9661,19,1027.00,2.663706
2520,1000,0.35,650,3,35,1.0044,20,1014.00,0.555697
2521,1000,0.35,650,3,35,1.0552,21,1013.00,9.011816
2522,1000,0.35,650,3,35,0.9856,22,1012.00,1.110999
2523,1000,0.35,650,3,35,0.9866,23,1047.00,2.254603
2524,1000,0.35,650,3,35,1.0211,24,1013.00,3.258135
2525,1000,0.35,650,3,35,0.9512,25,978.00,0.348102
2526,1000,0.35,650,3,35,1.0224,26,928.00,2.459868
2527,1000,0.35,650,3,35,1.0265,27,983.00,2.080132
2528,1000,0.35,650,3,35,0.9742,28,957.00,1.247341
2529,1000,0.35,650,3,35,1.0166,29,990.00,0.313475
2530,1000,0.35,650,3,35,0.9773,30,950.00,0.352369
2531,1000,0.35,650,3,35,0.9347,31,929.00,1.288215
2532,1000,0.35,650,3,35,0.9804,32,954.00,0.127339
2533,1000,0.35,650,3,35,1.0103,33,944.00,0.934009
2534,1000,0.35,650,3,35,1.0000,34,934.00,1.078332
2535,1000,0.35,650,3,35,1.0126,35,967.00,1.167669
2536,1000,0.35,650,3,35,0.9910,36,953.00,2.472457
2537,1000,0.35,650,3,35,0.9723,37,936.00,6.251312
2538,1000,0.35,650,3,35,0.9628,38,931.00,0.450102
2539,1000,0.35,650,3,35,1.0159,39,973.00,5.268340
2540,1000,0.35,650,3,35,1.0461,40,1013.00,2.217358
2541,1000,0.35,650,3,35,0.9915,41,1000.00,3.009539
2542,1000,0.35,650,3,35,1.0033,42,980.00,4.333676
2543,1000,0.35,650,3,35,1.0413,43,962.00,1.933005
2544,1000,0.35,650,3,35,0.9961,44,1016.00,0.897199
2545,1000,0.35,650,3,35,1.0044,45,995.00,2.134542
2546,1000,0.35,650,3,35,1.0101,46,1009.00,1.030465
2547,1000,0.35,650,3,35,1.0053,47,1013.00,1.681008
2548,1000,0.35,650,3,35,0.9900,48,1112.00,0.148680
2549,1000,0.35,650,3,35,1.0024,49,1052.00,2.472594
2550,1000,0.35,650,3,35,0.9694,50,1178.00,1.048075
2551,1000,0.35,650,3,35,1.0238,51,1113.00,3.267468
2552,1000,0.35,650,3,35,1.0473,52,1123.00,2.405832
2553,1000,0.35,650,3,35,0.9971,53,1149.00,0.324068
2554,1000,0.35,650,3,35,1.0030,54,1134.00,0.242855
2555,1000,0.35,650,3,35,0.9831,55,1038.00,1.683497
2556,1000,0.35,650,3,35,1.0135,56,942.00,2.190765
2557,1000,0.35,650,3,35,0.9444,57,1026.00,1.465751
2558,1000,0.35,650,3,35,1.0029,58,945.00,0.419470
2559,1000,0.35,650,3,35,1.0028,59,968.00,0.767082
2560,1000,0.35,650,3,35,1.0217,60,996.00,2.315568
2561,1000,0.35,650,3,35,1.0042,61,965.00,2.670259
2562,1000,0.35,650,3,35,1.0068,62,996.00,1.441437
2563,1000,0.35,650,3,35,1.0067,63,981.00,1.081820
2564,1000,0.35,650,3,35,0.9770,64,982.00,7.657823
2565,1000,0.35,650,3,35,0.9808,65,986.00,1.390716
2566,1000,0.35,650,3,35,0.9707,66,997.00,0.866659
2567,1000,0.35,650,3,35,1.0077,67,929.00,2.605865
2568,1000,0.35,650,3,35,1.0012,68,967.00,4.347979
2569,1000,0.35,650,3,35,1.0366,69,993.00,2.634757
2570,1000,0.35,650,3,35,1.0245,70,993.00,0.961428
2571,1000,0.35,650,3,35,1.0556,71,939.00,0.394874
2572,1000,0.35,650,3,35,1.0150,72,976.00,3.646829
2573,1000,0.35,650,3,35,0.9677,73,962.00,0.494168
2574,1000,0.35,650,3,35,1.0098,74,971.00,1.972673
2575,1000,0.35,650,3,35,1.0019,75,971.00,5.080365
2576,1000,0.35,650,3,35,1.0247,76,953.00,0.884658
2577,1000,0.35,650,3,35,0.9460,77,939.00,1.342778
2578,1000,0.35,650,3,35,1.0121,78,1017.00,1.633035
2579,1000,0.35,650,3,35,1.0089,79,976.00,3.300228
2580,1000,0.35,650,3,35,1.0443,80,988.00,1.475127
2581,1000,0.35,650,3,35,1.0056,81,985.00,0.392132
2582,1000,0.35,650,3,35,1.0252,82,989.00,0.615391
2583,1000,0.35,650,3,35,1.0163,83,964.00,0.753372
2584,1000,0.35,650,3,35,0.9914,84,964.00,0.702154
2585,1000,0.35,650,3,35,1.0305,85,961.00,0.496346
2586,1000,0.35,650,3,35,1.0616,86,956.00,1.189001
2587,1000,0.35,650,3,35,1.0262,87,960.00,0.682540
2588,1000,0.35,650,3,35,0.9857,88,943.00,0.910993
2589,1000,0.35,650,3,35,0.9914,89,975.00,6.305284
2590,1000,0.35,650,3,35,0.9975,90,984.00,0.886902
2591,1000,0.35,650,3,35,0.9601,91,946.00,2.094592
2592,1000,0.35,650,3,35,1.0121,92,967.00,1.882502
2593,1000,0.35,650,3,35,0.9593,93,954.00,2.293063
2594,1000,0.35,650,3,35,1.0053,94,1010.00,4.756759
2595,1000,0.35,650,3,35,1.0693,95,981.00,2.825712
2596,1000,0.35,650,3,35,1.0045,96,989.00,1.281258
2597,1000,0.35,650,3,35,1.0562,97,999.00,5.980303
2598,1000,0.35,650,3,35,1.0252,98,926.00,0.476569
2599,1000,0.35,650,3,35,0.9960,99,944.00,0.800684
2600,1000,0.40,600,3,35,0.9711,0,963.00,2.931044
2601,1000,0.40,600,3,35,1.0201,1,980.00,0.422864
2602,1000,0.40,600,3,35,1.0261,2,988.00,0.700920
2603,1000,0.40,600,3,35,1.0420,3,965.00,0.498464
2604,1000,0.40,600,3,35,1.0212,4,973.00,5.340978
2605,1000,0.40,600,3,35,1.0118,5,948.00,1.051364
2606,1000,0.40,600,3,35,1.0069,6,937.00,1.478815
2607,1000,0.40,600,3,35,1.0029,7,928.00,1.462198
2608,1000,0.40,600,3,35,1.0250,8,967.00,3.017550
2609,1000,0.40,600,3,35,1.0362,9,946.00,0.344962
2610,1000,0.40,600,3,35,1.0041,10,962.00,0.175913
2611,1000,0.40,600,3,35,1.0038,11,967.00,8.591265
2612,1000,0.40,600,3,35,1.0542,12,1007.00,0.970956
2613,1000,0.40,600,3,35,0.9976,13,986.00,1.774899
2614,1000,0.40,600,3,35,0.9959,14,930.00,0.192815
2615,1000,0.40,600,3,35,1.0166,15,996.00,0.559767
2616,1000,0.40,600,3,35,0.9916,16,972.00,0.156219
2617,1000,0.40,600,3,35,0.9894,17,932.00,0.712558
2618,1000,0.40,600,3,35,1.0194,18,951.00,2.242359
2619,1000,0.40,600,3,35,1.0720,19,964.00,3.176538
2620,1000,0.40,600,3,35,1.0390,20,925.00,0.407443
2621,1000,0.40,600,3,35,1.0010,21,998.00,2.973913
2622,1000,0.40,600,3,35,0.9358,22,976.00,0.183557
2623,1000,0.40,600,3,35,0.9828,23,968.00,1.384497
2624,1000,0.40,600,3,35,0.9486,24,968.00,0.291578
2625,1000,0.40,600,3,35,1.0241,25,960.00,2.790578
2626,1000,0.40,600,3,35,0.9714,26,952.00,2.067450
2627,1000,0.40,600,3,35,0.9752,27,951.00,1.156765
2628,1000,0.40,600,3,35,0.9953,28,949.00,3.557636
2629,1000,0.40,600,3,35,1.0042,29,955.00,5.858603
2630,1000,0.40,600,3,35,1.0319,30,988.00,1.329528
2631,1000,0.40,600,3,35,1.0144,31,959.00,0.766085
2632,1000,0.40,600,3,35,0.9523,32,909.00,0.881640
2633,1000,0.40,600,3,35,0.9670,33,948.00,4.137400
2634,1000,0.40,600,3,35,0.9773,34,965.00,1.381477
2635,1000,0.40,600,3,35,0.9767,35,994.00,3.466518
2636,1000,0.40,600,3,35,0.9983,36,959.00,4.525238
2637,1000,0.40,600,3,35,1.0335,37,997.00,1.070381
2638,1000,0.40,600,3,35,0.9775,38,1012.00,0.934604
2639,1000,0.40,600,3,35,1.0123,39,954.00,0.648426
2640,1000,0.40,600,3,35,1.0486,40,1001.00,1.631897
2641,1000,0.40,600,3,35,0.9900,41,944.00,0.435374
2642,1000,0.40,600,3,35,1.0073,42,976.00,0.880740
2643,1000,0.40,600,3,35,1.0296,43,958.00,2.708226
2644,1000,0.40,600,3,35,0.9807,44,957.00,1.312971
2645,1000,0.40,600,3,35,0.9889,45,957.00,5.598910
2646,1000,0.40,600,3,35,1.0252,46,957.00,1.758606
2647,1000,0.40,600,3,35,1.0263,47,965.00,2.503908
2648,1000,0.40,600,3,35,1.0614,48,935.00,0.467886
2649,1000,0.40,600,3,35,0.9930,49,986.00,4.729925
2650,1000,0.40,600,3,35,0.9600,50,928.00,0.339484
2651,1000,0.40,600,3,35,0.9672,51,1003.00,3.851034
2652,1000,0.40,600,3,35,0.9737,52,951.00,0.849744
2653,1000,0.40,600,3,35,0.9790,53,941.00,1.793577
2654,1000,0.40,600,3,35,1.0118,54,973.00,0.436447
2655,1000,0.40,600,3,35,1.0059,55,1008.00,2.722843
2656,1000,0.40,600,3,35,1.0160,56,982.00,6.502087
2657,1000,0.40,600,3,35,0.9928,57,989.00,1.165709
2658,1000,0.40,600,3,35,0.9936,58,1006.00,4.676855
2659,1000,0.40,600,3,35,1.0215,59,1028.00,1.310303
2660,1000,0.40,600,3,35,0.9444,60,963.00,3.250341
2661,1000,0.40,600,3,35,0.9967,61,927.00,0.174100
2662,1000,0.40,600,3,35,1.0073,62,976.00,1.612552
2663,1000,0.40,600,3,35,0.9655,63,945.00,0.818614
2664,1000,0.40,600,3,35,1.0460,64,966.00,1.705348
2665,1000,0.40,600,3,35,0.9419,65,936.00,2.058899
2666,1000,0.40,600,3,35,1.0047,66,963.00,0.309146
2667,1000,0.40,600,3,35,0.9546,67,956.00,0.278457
2668,1000,0.40,600,3,35,0.9833,68,991.00,7.974426
2669,1000,0.40,600,3,35,0.9928,69,948.00,1.044711
2670,1000,0.40,600,3,35,1.0004,70,960.00,1.764956
2671,1000,0.40,600,3,35,0.9756,71,962.00,5.777108
2672,1000,0.40,600,3,35,1.0458,72,971.00,0.845452
2673,1000,0.40,600,3,35,1.0706,73,980.00,1.752985
2674,1000,0.40,600,3,35,0.9670,74,926.00,1.266367
2675,1000,0.40,600,3,35,1.0478,75,953.00,1.065902
2676,1000,0.40,600,3,35,0.9832,76,955.00,1.224994
2677,1000,0.40,600,3,35,1.0001,77,975.00,1.625447
2678,1000,0.40,600,3,35,1.0201,78,960.00,0.290692
2679,1000,0.40,600,3,35,0.9765,79,947.00,0.864650
2680,1000,0.40,600,3,35,1.0427,80,965.00,2.615530
2681,1000,0.40,600,3,35,1.0183,81,994.00,4.030649
2682,1000,0.40,600,3,35,1.0199,82,969.00,4.955188
2683,1000,0.40,600,3,35,0.9442,83,965.00,0.094850
2684,1000,0.40,600,3,35,1.0671,84,966.00,11.543723
2685,1000,0.40,600,3,35,1.0104,85,996.00,4.894127
2686,1000,0.40,600,3,35,0.9541,86,942.00,0.248696
2687,1000,0.40,600,3,35,0.9934,87,951.00,0.414839
2688,1000,0.40,600,3,35,0.9568,88,937.00,0.857851
2689,1000,0.40,600,3,35,0.9487,89,911.00,0.204709
2690,1000,0.40,600,3,35,1.0204,90,968.00,0.577275
2691,1000,0.40,600,3,35,1.0176,91,970.00,1.188105
2692,1000,0.40,600,3,35,0.9818,92,992.00,4.308669
2693,1000,0.40,600,3,35,0.9685,93,981.00,1.524151
2694,1000,0.40,600,3,35,0.9994,94,1011.00,1.203258
2695,1000,0.40,600,3,35,0.9937,95,959.00,2.940544
2696,1000,0.40,600,3,35,1.0474,96,924.00,5.378547
2697,1000,0.40,600,3,35,1.0370,97,969.00,0.799231
2698,1000,0.40,600,3,35,1.0401,98,962.00,0.674895
2699,1000,0.40,600,3,35,0.9867,99,968.00,0.133400
2700,1000,0.45,550,3,35,1.0074,0,981.00,1.184893
2701,1000,0.45,550,3,35,1.0373,1,946.00,1.771087
2702,1000,0.45,550,3,35,0.9697,2,978.00,0.422462
2703,1000,0.45,550,3,35,0.9499,3,914.00,1.033920
2704,1000,0.45,550,3,35,0.9690,4,938.00,1.939252
2705,1000,0.45,550,3,35,1.0517,5,970.00,0.544458
2706,1000,0.45,550,3,35,1.0189,6,944.00,2.354285
2707,1000,0.45,550,3,35,1.0082,7,966.00,0.543080
2708,1000,0.45,550,3,35,1.0375,8,972.00,2.118001
2709,1000,0.45,550,3,35,1.0113,9,975.00,2.288422
2710,1000,0.45,550,3,35,1.0082,10,925.00,6.566543
2711,1000,0.45,550,3,35,1.0054,11,961.00,16.458906
2712,1000,0.45,550,3,35,0.9916,12,1014.00,0.098575
2713,1000,0.45,550,3,35,0.9832,13,963.00,1.197748
2714,1000,0.45,550,3,35,1.0123,14,934.00,9.421812
2715,1000,0.45,550,3,35,1.0220,15,955.00,2.078548
2716,1000,0.45,550,3,35,0.9315,16,997.00,1.792669
2717,1000,0.45,550,3,35,1.0061,17,937.00,1.164878
2718,1000,0.45,550,3,35,0.9827,18,988.00,7.170884
2719,1000,0.45,550,3,35,1.0090,19,1000.00,8.757868
2720,1000,0.45,550,3,35,0.9971,20,981.00,1.459508
2721,1000,0.45,550,3,35,0.9889,21,960.00,2.747544
2722,1000,0.45,550,3,35,0.9828,22,970.00,9.329473
2723,1000,0.45,550,3,35,0.9413,23,943.00,0.457062
2724,1000,0.45,550,3,35,1.0447,24,967.00,0.897242
2725,1000,0.45,550,3,35,0.9931,25,949.00,0.256025
2726,1000,0.45,550,3,35,1.0073,26,918.00,0.375101
2727,1000,0.45,550,3,35,1.0393,27,998.00,4.501324
2728,1000,0.45,550,3,35,1.0323,28,939.00,0.203152
2729,1000,0.45,550,3,35,1.0074,29,933.00,2.681400
2730,1000,0.45,550,3,35,0.9651,30,997.00,0.969154
2731,1000,0.45,550,3,35,1.0341,31,908.00,0.315260
2732,1000,0.45,550,3,35,0.9980,32,977.00,1.229923
2733,1000,0.45,550,3,35,1.0352,33,1007.00,7.126419
2734,1000,0.45,550,3,35,1.0562,34,998.00,0.905025
2735,1000,0.45,550,3,35,0.9834,35,1001.00,0.066979
2736,1000,0.45,550,3,35,1.0614,36,1042.00,6.311341
2737,1000,0.45,550,3,35,1.0181,37,1008.00,0.869667
2738,1000,0.45,550,3,35,1.0068,38,952.00,0.644925
2739,1000,0.45,550,3,35,0.9678,39,969.00,2.174141
2740,1000,0.45,550,3,35,0.9730,40,939.00,0.401508
2741,1000,0.45,550,3,35,1.0433,41,1032.00,2.688595
2742,1000,0.45,550,3,35,0.9645,42,949.00,1.263099
2743,1000,0.45,550,3,35,0.9752,43,980.00,0.789020
2744,1000,0.45,550,3,35,1.0036,44,954.00,0.332975
2745,1000,0.45,550,3,35,1.0035,45,984.00,1.793392
2746,1000,0.45,550,3,35,0.9940,46,970.00,2.862045
2747,1000,0.45,550,3,35,0.9371,47,918.00,0.696435
2748,1000,0.45,550,3,35,0.9690,48,964.00,1.962527
2749,1000,0.45,550,3,35,0.9381,49,966.00,1.279351
2750,1000,0.45,550,3,35,1.0346,50,984.00,0.687044
2751,1000,0.45,550,3,35,1.0122,51,963.00,2.284184
2752,1000,0.45,550,3,35,1.0134,52,961.00,1.161196
2753,1000,0.45,550,3,35,0.9972,53,983.00,2.355211
2754,1000,0.45,550,3,35,0.9756,54,962.00,3.790160
2755,1000,0.45,550,3,35,1.0472,55,988.00,0.997534
2756,1000,0.45,550,3,35,0.9917,56,969.00,1.076450
2757,1000,0.45,550,3,35,1.0192,57,964.00,3.542422
2758,1000,0.45,550,3,35,0.9651,58,933.00,3.102123
2759,1000,0.45,550,3,35,0.9502,59,975.00,2.361907
2760,1000,0.45,550,3,35,0.9991,60,969.00,0.817416
2761,1000,0.45,550,3,35,0.9718,61,983.00,1.593033
2762,1000,0.45,550,3,35,0.9774,62,960.00,1.369253
2763,1000,0.45,550,3,35,1.0106,63,944.00,0.851863
2764,1000,0.45,550,3,35,0.9952,64,972.00,0.530658
2765,1000,0.45,550,3,35,1.0236,65,1003.00,4.081835
2766,1000,0.45,550,3,35,0.9469,66,966.00,18.423973
2767,1000,0.45,550,3,35,0.9982,67,999.00,1.072124
2768,1000,0.45,550,3,35,1.0027,68,992.00,1.266205
2769,1000,0.45,550,3,35,1.0003,69,965.00,3.166493
2770,1000,0.45,550,3,35,0.9664,70,997.00,4.655063
2771,1000,0.45,550,3,35,1.0062,71,983.00,0.837531
2772,1000,0.45,550,3,35,0.9220,72,965.00,1.501254
2773,1000,0.45,550,3,35,1.0983,73,979.00,17.396484
2774,1000,0.45,550,3,35,0.9562,74,990.00,0.984156
2775,1000,0.45,550,3,35,0.9885,75,974.00,3.676296
2776,1000,0.45,550,3,35,1.0044,76,956.00,3.880911
2777,1000,0.45,550,3,35,1.0313,77,1008.00,12.522038
2778,1000,0.45,550,3,35,0.9826,78,964.00,1.394596
2779,1000,0.45,550,3,35,0.9676,79,948.00,2.150656
2780,1000,0.45,550,3,35,1.0393,80,956.00,3.363172
2781,1000,0.45,550,3,35,0.9916,81,956.00,1.261166
2782,1000,0.45,550,3,35,1.0079,82,999.00,3.405529
2783,1000,0.45,550,3,35,1.0186,83,1025.00,0.565684
2784,1000,0.45,550,3,35,0.9970,84,1026.00,4.324063
2785,1000,0.45,550,3,35,0.9968,85,968.00,3.924631
2786,1000,0.45,550,3,35,0.9719,86,957.00,0.899971
2787,1000,0.45,550,3,35,0.9934,87,972.00,0.625209
2788,1000,0.45,550,3,35,0.9929,88,956.00,1.862592
2789,1000,0.45,550,3,35,1.0281,89,966.00,5.490545
2790,1000,0.45,550,3,35,1.0167,90,933.00,1.186431
2791,1000,0.45,550,3,35,1.0044,91,971.00,2.230349
2792,1000,0.45,550,3,35,1.0609,92,1005.00,0.583494
2793,1000,0.45,550,3,35,1.0006,93,970.00,3.323631
2794,1000,0.45,550,3,35,0.9801,94,969.00,3.042818
2795,1000,0.45,550,3,35,0.9414,95,989.00,2.721122
2796,1000,0.45,550,3,35,0.9616,96,978.00,1.658681
2797,1000,0.45,550,3,35,1.0034,97,964.00,4.850158
2798,1000,0.45,550,3,35,0.9674,98,981.00,0.998314
2799,1000,0.45,550,3,35,1.0026,99,968.00,1.208075
2800,1000,0.50,500,3,35,1.0253,0,770.00,1.178170
2801,1000,0.50,500,3,35,1.0175,1,982.00,15.385628
2802,1000,0.50,500,3,35,1.0034,2,980.00,1.261241
2803,1000,0.50,500,3,35,1.0031,3,967.00,2.923295
2804,1000,0.50,500,3,35,1.0150,4,1033.00,2.729669
2805,1000,0.50,500,3,35,1.0084,5,990.00,1.731713
2806,1000,0.50,500,3,35,1.0447,6,1013.00,25.383913
2807,1000,0.50,500,3,35,0.9808,7,967.00,0.298028
2808,1000,0.50,500,3,35,0.9931,8,947.00,14.260682
2809,1000,0.50,500,3,35,0.9625,9,988.00,0.729778
2810,1000,0.50,500,3,35,0.9923,10,1020.00,4.401112
2811,1000,0.50,500,3,35,0.9717,11,976.00,1.003107
2812,1000,0.50,500,3,35,1.0259,12,966.00,6.841183
2813,1000,0.50,500,3,35,0.9843,13,1000.00,3.891508
2814,1000,0.50,500,3,35,1.0229,14,1022.00,2.666888
2815,1000,0.50,500,3,35,0.9561,15,955.00,0.387208
2816,1000,0.50,500,3,35,1.0599,16,959.00,15.455344
2817,1000,0.50,500,3,35,0.9941,17,995.00,0.969523
2818,1000,0.50,500,3,35,1.0217,18,976.00,14.491693
2819,1000,0.50,500,3,35,1.0314,19,994.00,1.682756
2820,1000,0.50,500,3,35,1.0517,20,1063.00,1.833261
2821,1000,0.50,500,3,35,0.9952,21,982.00,0.778256
2822,1000,0.50,500,3,35,1.0223,22,1046.00,1.136666
2823,1000,0.50,500,3,35,0.9655,23,1009.00,8.387640
2824,1000,0.50,500,3,35,0.9570,24,987.00,6.226858
2825,1000,0.50,500,3,35,1.0033,25,1011.00,10.153850
2826,1000,0.50,500,3,35,1.0341,26,954.00,20.606770
2827,1000,0.50,500,3,35,0.9289,27,954.00,0.196281
2828,1000,0.50,500,3,35,0.9759,28,964.00,0.365152
2829,1000,0.50,500,3,35,1.0515,29,992.00,6.065707
2830,1000,0.50,500,3,35,1.0273,30,963.00,8.487027
2831,1000,0.50,500,3,35,0.9454,31,991.00,0.934057
2832,1000,0.50,500,3,35,1.0030,32,969.00,0.364150
2833,1000,0.50,500,3,35,0.9676,33,953.00,15.736319
2834,1000,0.50,500,3,35,1.0301,34,1015.00,4.575220
2835,1000,0.50,500,3,35,0.9732,35,1012.00,2.632227
2836,1000,0.50,500,3,35,0.9701,36,975.00,0.998062
2837,1000,0.50,500,3,35,1.0253,37,996.00,4.730775
2838,1000,0.50,500,3,35,0.9954,38,983.00,2.147914
2839,1000,0.50,500,3,35,0.9920,39,997.00,1.004706
2840,1000,0.50,500,3,35,1.0047,40,1025.00,6.568023
2841,1000,0.50,500,3,35,1.0095,41,955.00,7.056522
2842,1000,0.50,500,3,35,0.9830,42,1005.00,5.580256
2843,1000,0.50,500,3,35,0.9853,43,948.00,3.512299
2844,1000,0.50,500,3,35,1.0261,44,1003.00,1.763556
2845,1000,0.50,500,3,35,0.9950,45,1011.00,0.526048
2846,1000,0.50,500,3,35,1.0086,46,984.00,6.477949
2847,1000,0.50,500,3,35,1.0761,47,1035.00,6.219467
2848,1000,0.50,500,3,35,1.0116,48,962.00,2.156640
2849,1000,0.50,500,3,35,0.9816,49,994.00,2.654962
2850,1000,0.50,500,3,35,0.9285,50,991.00,2.452846
2851,1000,0.50,500,3,35,0.9881,51,931.00,1.286674
2852,1000,0.50,500,3,35,0.9608,52,1009.00,0.734372
2853,1000,0.50,500,3,35,0.9791,53,959.00,2.266501
2854,1000,0.50,500,3,35,0.9922,54,973.00,1.302294
2855,1000,0.50,500,3,35,0.9863,55,970.00,10.794953
2856,1000,0.50,500,3,35,0.9578,56,967.00,16.991442
2857,1000,0.50,500,3,35,0.9836,57,1010.00,1.529120
2858,1000,0.50,500,3,35,0.9940,58,975.00,0.324616
2859,1000,0.50,500,3,35,1.0161,59,984.00,1.837879
2860,1000,0.50,500,3,35,1.0012,60,1061.00,5.139248
2861,1000,0.50,500,3,35,0.9486,61,958.00,0.429036
2862,1000,0.50,500,3,35,0.9914,62,997.00,2.302089
2863,1000,0.50,500,3,35,0.9424,63,970.00,6.469779
2864,1000,0.50,500,3,35,1.0058,64,947.00,1.753653
2865,1000,0.50,500,3,35,1.0362,65,956.00,0.080009
2866,1000,0.50,500,3,35,1.0080,66,935.00,8.130973
2867,1000,0.50,500,3,35,0.9826,67,979.00,7.650063
2868,1000,0.50,500,3,35,1.0376,68,997.00,8.683684
2869,1000,0.50,500,3,35,1.0382,69,971.00,1.634560
2870,1000,0.50,500,3,35,1.0178,70,951.00,0.721126
2871,1000,0.50,500,3,35,1.0105,71,987.00,0.575562
2872,1000,0.50,500,3,35,0.9534,72,970.00,18.767496
2873,1000,0.50,500,3,35,1.0684,73,951.00,0.587397
2874,1000,0.50,500,3,35,1.0065,74,1020.00,18.430182
2875,1000,0.50,500,3,35,0.9947,75,1008.00,0.755260
2876,1000,0.50,500,3,35,1.0206,76,960.00,6.099578
2877,1000,0.50,500,3,35,1.0098,77,923.00,1.124072
2878,1000,0.50,500,3,35,0.9488,78,921.00,7.631845
2879,1000,0.50,500,3,35,1.0415,79,968.00,3.230050
2880,1000,0.50,500,3,35,0.9885,80,980.00,9.159141
2881,1000,0.50,500,3,35,1.0814,81,983.00,1.063024
2882,1000,0.50,500,3,35,0.9821,82,993.00,4.002185
2883,1000,0.50,500,3,35,0.9510,83,982.00,3.535782
2884,1000,0.50,500,3,35,1.0120,84,1004.00,1.792579
2885,1000,0.50,500,3,35,0.9981,85,952.00,19.494749
2886,1000,0.50,500,3,35,1.0260,86,994.00,1.162025
2887,1000,0.50,500,3,35,0.9624,87,952.00,0.138711
2888,1000,0.50,500,3,35,0.9950,88,1030.00,0.876455
2889,1000,0.50,500,3,35,0.9759,89,931.00,2.987209
2890,1000,0.50,500,3,35,0.9712,90,986.00,0.719642
2891,1000,0.50,500,3,35,1.0299,91,1023.00,4.836740
2892,1000,0.50,500,3,35,0.9398,92,1066.00,12.032919
2893,1000,0.50,500,3,35,0.9889,93,1020.00,1.095045
2894,1000,0.50,500,3,35,1.0031,94,1014.00,9.280480
2895,1000,0.50,500,3,35,1.0332,95,952.00,2.537962
2896,1000,0.50,500,3,35,0.9341,96,957.00,2.873316
2897,1000,0.50,500,3,35,1.0303,97,946.00,1.455255
2898,1000,0.50,500,3,35,1.0254,98,960.00,1.306580
2899,1000,0.50,500,3,35,0.9504,99,1011.00,5.106667
2900,1000,0.55,450,3,35,1.0045,0,1023.00,4.412857
2901,1000,0.55,450,3,35,0.9986,1,968.00,2.240990
2902,1000,0.55,450,3,35,0.9760,2,1001.00,13.875429
2903,1000,0.55,450,3,35,1.0046,3,1036.00,2.427054
2904,1000,0.55,450,3,35,1.0067,4,997.00,1.904553
2905,1000,0.55,450,3,35,0.9642,5,1019.00,4.056023
2906,1000,0.55,450,3,35,1.0346,6,976.00,4.867211
2907,1000,0.55,450,3,35,1.0123,7,952.00,2.667902
2908,1000,0.55,450,3,35,0.9463,8,991.00,4.608603
2909,1000,0.55,450,3,35,0.9477,9,926.00,11.971262
2910,1000,0.55,450,3,35,1.0103,10,1033.00,5.316028
2911,1000,0.55,450,3,35,1.0041,11,1030.00,4.408020
2912,1000,0.55,450,3,35,0.9355,12,976.00,19.063614
2913,1000,0.55,450,3,35,1.0188,13,1007.00,13.529745
2914,1000,0.55,450,3,35,1.0100,14,995.00,3.030808
2915,1000,0.55,450,3,35,1.0167,15,1035.00,2.442737
2916,1000,0.55,450,3,35,0.9746,16,980.00,5.618056
2917,1000,0.55,450,3,35,0.9875,17,1020.00,3.378986
2918,1000,0.55,450,3,35,1.0480,18,1038.00,8.746594
2919,1000,0.55,450,3,35,1.0017,19,973.00,4.110138
2920,1000,0.55,450,3,35,0.9746,20,1005.00,8.523542
2921,1000,0.55,450,3,35,1.0328,21,997.00,2.822612
2922,1000,0.55,450,3,35,0.9747,22,1028.00,2.061799
2923,1000,0.55,450,3,35,0.9849,23,1001.00,6.372261
2924,1000,0.55,450,3,35,0.9963,24,959.00,12.517542
2925,1000,0.55,450,3,35,0.9390,25,1021.00,15.016847
2926,1000,0.55,450,3,35,0.9560,26,1029.00,3.547016
2927,1000,0.55,450,3,35,0.9939,27,969.00,8.012817
2928,1000,0.55,450,3,35,1.0218,28,682.00,0.293491
2929,1000,0.55,450,3,35,0.9817,29,974.00,4.718666
2930,1000,0.55,450,3,35,0.9566,30,996.00,0.743919
2931,1000,0.55,450,3,35,0.9815,31,986.00,5.806031
2932,1000,0.55,450,3,35,0.9756,32,986.00,6.382755
2933,1000,0.55,450,3,35,0.9634,33,958.00,0.766323
2934,1000,0.55,450,3,35,0.9764,34,1018.00,0.464646
2935,1000,0.55,450,3,35,0.9883,35,1002.00,1.214639
2936,1000,0.55,450,3,35,0.8888,36,990.00,7.927534
2937,1000,0.55,450,3,35,0.9716,37,1008.00,2.102160
2938,1000,0.55,450,3,35,1.0507,38,550.00,0.475752
2939,1000,0.55,450,3,35,1.0234,39,965.00,1.719663
2940,1000,0.55,450,3,35,1.0166,40,1035.00,14.308793
2941,1000,0.55,450,3,35,1.0175,41,1030.00,1.766995
2942,1000,0.55,450,3,35,1.0410,42,978.00,1.204078
2943,1000,0.55,450,3,35,0.9591,43,970.00,2.744308
2944,1000,0.55,450,3,35,1.0281,44,994.00,2.306108
2945,1000,0.55,450,3,35,1.0368,45,1029.00,3.826252
2946,1000,0.55,450,3,35,0.9703,46,1002.00,6.967409
2947,1000,0.55,450,3,35,0.9964,47,955.00,4.688037
2948,1000,0.55,450,3,35,1.0154,48,1010.00,16.600761
2949,1000,0.55,450,3,35,1.0300,49,1034.00,15.560538
2950,1000,0.55,450,3,35,0.9407,50,980.00,5.312344
2951,1000,0.55,450,3,35,1.0021,51,1026.00,2.162055
2952,1000,0.55,450,3,35,1.0131,52,964.00,2.515747
2953,1000,0.55,450,3,35,1.0247,53,964.00,5.137523
2954,1000,0.55,450,3,35,0.9901,54,1016.00,10.192846
2955,1000,0.55,450,3,35,1.0045,55,998.00,2.576502
2956,1000,0.55,450,3,35,1.0186,56,1004.00,0.564850
2957,1000,0.55,450,3,35,1.0173,57,1005.00,0.652163
2958,1000,0.55,450,3,35,0.9877,58,990.00,1.552288
2959,1000,0.55,450,3,35,0.9477,59,1003.00,3.216223
2960,1000,0.55,450,3,35,1.0400,60,992.00,11.358154
2961,1000,0.55,450,3,35,0.9560,61,979.00,1.282293
2962,1000,0.55,450,3,35,1.0279,62,988.00,2.715839
2963,1000,0.55,450,3,35,0.9988,63,939.00,18.884846
2964,1000,0.55,450,3,35,1.0710,64,971.00,2.094058
2965,1000,0.55,450,3,35,1.0435,65,965.00,4.742359
2966,1000,0.55,450,3,35,0.9897,66,983.00,1.759530
2967,1000,0.55,450,3,35,0.9668,67,944.00,3.679882
2968,1000,0.55,450,3,35,1.0110,68,971.00,12.469759
2969,1000,0.55,450,3,35,0.9667,69,1010.00,3.416817
2970,1000,0.55,450,3,35,1.0394,70,958.00,2.662483
2971,1000,0.55,450,3,35,1.0507,71,985.00,0.635657
2972,1000,0.55,450,3,35,1.0540,72,979.00,19.776209
2973,1000,0.55,450,3,35,1.0337,73,1019.00,13.426289
2974,1000,0.55,450,3,35,0.9852,74,1000.00,8.794123
2975,1000,0.55,450,3,35,0.9556,75,993.00,12.330879
2976,1000,0.55,450,3,35,1.0029,76,1021.00,10.652596
2977,1000,0.55,450,3,35,0.9527,77,956.00,1.138246
2978,1000,0.55,450,3,35,0.9965,78,1028.00,15.299664
2979,1000,0.55,450,3,35,1.0401,79,1009.00,1.160873
2980,1000,0.55,450,3,35,0.9595,80,1011.00,11.657701
2981,1000,0.55,450,3,35,1.0266,81,995.00,5.474018
2982,1000,0.55,450,3,35,1.0162,82,1036.00,6.126566
2983,1000,0.55,450,3,35,1.1073,83,1035.00,5.538600
2984,1000,0.55,450,3,35,1.0299,84,1018.00,0.578190
2985,1000,0.55,450,3,35,0.9958,85,998.00,9.406177
2986,1000,0.55,450,3,35,0.9727,86,1010.00,1.388049
2987,1000,0.55,450,3,35,0.9797,87,979.00,3.796637
2988,1000,0.55,450,3,35,1.0389,88,995.00,0.676427
2989,1000,0.55,450,3,35,0.9647,89,1053.00,3.435928
2990,1000,0.55,450,3,35,0.9973,90,116.00,0.481805
2991,1000,0.55,450,3,35,1.0381,91,1126.00,5.993773
2992,1000,0.55,450,3,35,1.0028,92,1071.00,1.967653
2993,1000,0.55,450,3,35,0.9666,93,993.00,5.335296
2994,1000,0.55,450,3,35,1.0273,94,1025.00,21.994879
2995,1000,0.55,450,3,35,0.9099,95,1017.00,11.561707
2996,1000,0.55,450,3,35,1.0265,96,1136.00,6.582502
2997,1000,0.55,450,3,35,1.0370,97,1069.00,5.696899
2998,1000,0.55,450,3,35,1.0086,98,1046.00,1.691118
2999,1000,0.55,450,3,35,1.0488,99,1004.00,1.851550
3000,1000,0.60,399,3,35,0.9712,0,1087.00,8.648979
3001,1000,0.60,399,3,35,0.9977,1,1108.00,4.780539
3002,1000,0.60,399,3,35,1.0570,2,808.00,4.637653
3003,1000,0.60,399,3,35,0.9834,3,1059.00,8.947507
3004,1000,0.60,399,3,35,0.9541,4,219.00,0.907588
3005,1000,0.60,399,3,35,1.0495,5,943.00,5.866967
3006,1000,0.60,399,3,35,1.0087,6,1006.00,20.047918
3007,1000,0.60,399,3,35,1.0278,7,855.00,1.510473
3008,1000,0.60,399,3,35,1.0206,8,979.00,35.633205
3009,1000,0.60,399,3,35,1.0268,9,1007.00,1.559975
3010,1000,0.60,399,3,35,0.9965,10,1024.00,20.819870
3011,1000,0.60,399,3,35,1.0346,11,1018.00,8.610826
3012,1000,0.60,399,3,35,0.9602,12,1027.00,1.747266
3013,1000,0.60,399,3,35,1.0015,13,1004.00,5.120299
3014,1000,0.60,399,3,35,0.9563,14,1065.00,2.707496
3015,1000,0.60,399,3,35,1.0052,15,998.00,19.566473
3016,1000,0.60,399,3,35,0.9821,16,1042.00,4.463395
3017,1000,0.60,399,3,35,0.9638,17,1034.00,19.158945
3018,1000,0.60,399,3,35,0.9675,18,1007.00,2.644769
3019,1000,0.60,399,3,35,1.0029,19,1013.00,6.983489
3020,1000,0.60,399,3,35,0.9898,20,1057.00,4.932435
3021,1000,0.60,399,3,35,1.0555,21,1002.00,14.965388
3022,1000,0.60,399,3,35,0.9734,22,985.00,20.813547
3023,1000,0.60,399,3,35,1.0598,23,274.00,1.684002
3024,1000,0.60,399,3,35,1.0039,24,1024.00,4.528935
3025,1000,0.60,399,3,35,0.9744,25,990.00,20.373789
3026,1000,0.60,399,3,35,0.9695,26,1009.00,14.895314
3027,1000,0.60,399,3,35,1.0269,27,1081.00,3.517401
3028,1000,0.60,399,3,35,1.0200,28,1001.00,24.785515
3029,1000,0.60,399,3,35,0.9783,29,1036.00,6.174928
3030,1000,0.60,399,3,35,1.0359,30,565.00,4.294760
3031,1000,0.60,399,3,35,0.9662,31,969.00,2.005377
3032,1000,0.60,399,3,35,1.0321,32,1006.00,12.708890
3033,1000,0.60,399,3,35,0.9544,33,1041.00,2.282943
3034,1000,0.60,399,3,35,0.9989,34,1004.00,17.280024
3035,1000,0.60,399,3,35,0.9942,35,1023.00,5.392670
3036,1000,0.60,399,3,35,0.9554,36,993.00,4.241158
3037,1000,0.60,399,3,35,1.0540,37,1114.00,3.432175
3038,1000,0.60,399,3,35,0.9710,38,981.00,8.487885
3039,1000,0.60,399,3,35,1.0250,39,1049.00,16.789261
3040,1000,0.60,399,3,35,0.9876,40,1044.00,5.004628
3041,1000,0.60,399,3,35,0.9384,41,1010.00,14.603793
3042,1000,0.60,399,3,35,0.9823,42,1061.00,8.974779
3043,1000,0.60,399,3,35,0.9518,43,972.00,11.991336
3044,1000,0.60,399,3,35,0.9739,44,1019.00,9.752056
3045,1000,0.60,399,3,35,0.9832,45,959.00,1.206307
3046,1000,0.60,399,3,35,1.0553,46,995.00,5.528690
3047,1000,0.60,399,3,35,1.0042,47,988.00,32.977676
3048,1000,0.60,399,3,35,0.9680,48,1036.00,6.013573
3049,1000,0.60,399,3,35,0.9785,49,1025.00,19.993292
3050,1000,0.60,399,3,35,0.9680,50,948.00,0.968131
3051,1000,0.60,399,3,35,1.0624,51,980.00,3.169476
3052,1000,0.60,399,3,35,1.0306,52,994.00,7.216380
3053,1000,0.60,399,3,35,1.0312,53,1005.00,4.860948
3054,1000,0.60,399,3,35,1.0198,54,363.00,3.590531
3055,1000,0.60,399,3,35,0.9766,55,1073.00,7.888722
3056,1000,0.60,399,3,35,1.0113,56,1028.00,5.558080
3057,1000,0.60,399,3,35,0.9524,57,222.00,1.873607
3058,1000,0.60,399,3,35,0.9791,58,997.00,10.550572
3059,1000,0.60,399,3,35,1.0178,59,1047.00,5.703257
3060,1000,0.60,399,3,35,0.9934,60,985.00,6.793884
3061,1000,0.60,399,3,35,1.0453,61,1041.00,4.460527
3062,1000,0.60,399,3,35,0.9304,62,984.00,14.487869
3063,1000,0.60,399,3,35,0.9863,63,1030.00,14.410496
3064,1000,0.60,399,3,35,0.9748,64,994.00,3.274170
3065,1000,0.60,399,3,35,0.9797,65,937.00,0.527358
3066,1000,0.60,399,3,35,0.9733,66,995.00,9.886475
3067,1000,0.60,399,3,35,1.0064,67,1016.00,15.269483
3068,1000,0.60,399,3,35,0.9557,68,1047.00,1.294563
3069,1000,0.60,399,3,35,0.9840,69,1025.00,3.045246
3070,1000,0.60,399,3,35,0.9347,70,1064.00,6.940081
3071,1000,0.60,399,3,35,0.9896,71,1085.00,2.558309
3072,1000,0.60,399,3,35,0.9255,72,1063.00,8.878547
3073,1000,0.60,399,3,35,0.9335,73,1102.00,3.951595
3074,1000,0.60,399,3,35,1.0106,74,530.00,4.524378
3075,1000,0.60,399,3,35,0.9570,75,1063.00,1.302134
3076,1000,0.60,399,3,35,1.0188,76,1034.00,0.579746
3077,1000,0.60,399,3,35,0.9892,77,1018.00,27.342617
3078,1000,0.60,399,3,35,1.0947,78,1066.00,9.240459
3079,1000,0.60,399,3,35,0.9778,79,1022.00,1.845943
3080,1000,0.60,399,3,35,0.9366,80,1052.00,3.030366
3081,1000,0.60,399,3,35,0.9520,81,1052.00,9.962962
3082,1000,0.60,399,3,35,0.9998,82,1026.00,12.950351
3083,1000,0.60,399,3,35,0.9879,83,1072.00,2.853750
3084,1000,0.60,399,3,35,1.0417,84,1051.00,23.284973
3085,1000,0.60,399,3,35,1.0317,85,1099.00,13.497727
3086,1000,0.60,399,3,35,1.0264,86,1020.00,5.218766
3087,1000,0.60,399,3,35,1.0081,87,173.00,2.921988
3088,1000,0.60,399,3,35,0.9530,88,1050.00,4.594682
3089,1000,0.60,399,3,35,0.9918,89,1024.00,1.982984
3090,1000,0.60,399,3,35,0.9719,90,1030.00,15.688418
3091,1000,0.60,399,3,35,1.0199,91,1067.00,6.120366
3092,1000,0.60,399,3,35,0.9678,92,1046.00,26.906067
3093,1000,0.60,399,3,35,1.0198,93,1067.00,7.216469
3094,1000,0.60,399,3,35,0.9920,94,1007.00,1.134839
3095,1000,0.60,399,3,35,1.0249,95,1059.00,11.056994
3096,1000,0.60,399,3,35,1.0363,96,1069.00,16.234592
3097,1000,0.60,399,3,35,0.9976,97,1018.00,6.257941
3098,1000,0.60,399,3,35,1.0055,98,1095.00,2.176518
3099,1000,0.60,399,3,35,0.9876,99,1060.00,22.371809
3100,1000,0.65,350,3,35,1.0250,0,1053.00,14.943413
3101,1000,0.65,350,3,35,0.9671,1,681.00,2.908016
3102,1000,0.65,350,3,35,1.0063,2,972.00,2.578909
3103,1000,0.65,350,3,35,1.0292,3,990.00,8.092366
3104,1000,0.65,350,3,35,0.9968,4,1031.00,9.289279
3105,1000,0.65,350,3,35,1.0079,5,282.00,3.710084
3106,1000,0.65,350,3,35,0.9800,6,1062.00,14.567394
3107,1000,0.65,350,3,35,0.9661,7,965.00,17.695196
3108,1000,0.65,350,3,35,0.9757,8,129.00,16.970926
3109,1000,0.65,350,3,35,1.0605,9,1065.00,13.233293
3110,1000,0.65,350,3,35,1.0422,10,1137.00,1.243203
3111,1000,0.65,350,3,35,1.0136,11,998.00,20.211452
3112,1000,0.65,350,3,35,0.9999,12,1097.00,3.529571
3113,1000,0.65,350,3,35,1.0752,13,809.00,8.767125
3114,1000,0.65,350,3,35,0.9748,14,1036.00,2.481940
3115,1000,0.65,350,3,35,1.0178,15,1030.00,0.456973
3116,1000,0.65,350,3,35,1.0458,16,939.00,5.721212
3117,1000,0.65,350,3,35,0.9547,17,1061.00,20.973539
3118,1000,0.65,350,3,35,0.9817,18,1028.00,13.798608
3119,1000,0.65,350,3,35,1.0293,19,1061.00,20.494450
3120,1000,0.65,350,3,35,0.9122,20,1505.00,11.887487
3121,1000,0.65,350,3,35,0.9950,21,1074.00,18.725620
3122,1000,0.65,350,3,35,0.9907,22,1050.00,4.176497
3123,1000,0.65,350,3,35,1.0609,23,971.00,17.255424
3124,1000,0.65,350,3,35,1.0456,24,1013.00,19.244352
3125,1000,0.65,350,3,35,1.0786,25,1030.00,8.294048
3126,1000,0.65,350,3,35,1.0208,26,1035.00,13.385762
3127,1000,0.65,350,3,35,1.0449,27,970.00,35.128536
3128,1000,0.65,350,3,35,0.9830,28,1029.00,29.912100
3129,1000,0.65,350,3,35,1.0005,29,1105.00,9.215916
3130,1000,0.65,350,3,35,0.9500,30,994.00,7.733654
3131,1000,0.65,350,3,35,1.0081,31,1016.00,9.306655
3132,1000,0.65,350,3,35,0.9692,32,537.00,27.248243
3133,1000,0.65,350,3,35,1.0133,33,1019.00,16.020437
3134,1000,0.65,350,3,35,0.9634,34,1060.00,17.427052
3135,1000,0.65,350,3,35,1.0513,35,970.00,13.069790
3136,1000,0.65,350,3,35,0.9940,36,333.00,4.009027
3137,1000,0.65,350,3,35,0.9357,37,989.00,21.691271
3138,1000,0.65,350,3,35,0.9962,38,1067.00,9.721068
3139,1000,0.65,350,3,35,1.0190,39,1021.00,24.120512
3140,1000,0.65,350,3,35,0.9849,40,1014.00,5.013538
3141,1000,0.65,350,3,35,0.9656,41,1061.00,20.442341
3142,1000,0.65,350,3,35,1.0256,42,674.00,26.406672
3143,1000,0.65,350,3,35,1.0431,43,1022.00,14.757711
3144,1000,0.65,350,3,35,0.9787,44,1070.00,23.917130
3145,1000,0.65,350,3,35,0.9659,45,762.00,8.098959
3146,1000,0.65,350,3,35,1.0479,46,255.00,6.336894
3147,1000,0.65,350,3,35,1.0003,47,1051.00,33.418896
3148,1000,0.65,350,3,35,0.9752,48,166.00,24.428888
3149,1000,0.65,350,3,35,0.9805,49,1060.00,2.332014
3150,1000,0.65,350,3,35,0.9902,50,1085.00,11.371831
3151,1000,0.65,350,3,35,1.0092,51,1064.00,22.539749
3152,1000,0.65,350,3,35,0.9679,52,1030.00,24.248009
3153,1000,0.65,350,3,35,0.9102,53,1108.00,13.734973
3154,1000,0.65,350,3,35,1.0552,54,1090.00,7.707582
3155,1000,0.65,350,3,35,0.9447,55,1082.00,10.611998
3156,1000,0.65,350,3,35,1.0057,56,525.00,1.125031
3157,1000,0.65,350,3,35,1.0258,57,1051.00,18.847851
3158,1000,0.65,350,3,35,0.9229,58,1048.00,8.753555
3159,1000,0.65,350,3,35,0.9498,59,1074.00,14.154011
3160,1000,0.65,350,3,35,1.0131,60,1055.00,9.734497
3161,1000,0.65,350,3,35,0.9824,61,403.00,5.906758
3162,1000,0.65,350,3,35,1.0007,62,1032.00,10.881471
3163,1000,0.65,350,3,35,0.9959,63,104.00,2.328850
3164,1000,0.65,350,3,35,0.9368,64,1013.00,6.359587
3165,1000,0.65,350,3,35,1.0523,65,991.00,12.111067
3166,1000,0.65,350,3,35,0.9707,66,1082.00,18.679731
3167,1000,0.65,350,3,35,1.0074,67,1033.00,5.386436
3168,1000,0.65,350,3,35,0.9870,68,966.00,15.745238
3169,1000,0.65,350,3,35,0.9862,69,1065.00,4.686734
3170,1000,0.65,350,3,35,0.9291,70,1035.00,2.832796
3171,1000,0.65,350,3,35,0.9594,71,1048.00,7.460889
3172,1000,0.65,350,3,35,1.0072,72,1011.00,17.793461
3173,1000,0.65,350,3,35,1.0100,73,1038.00,10.322936
3174,1000,0.65,350,3,35,1.0030,74,154.00,2.242845
3175,1000,0.65,350,3,35,0.9181,75,956.00,15.802214
3176,1000,0.65,350,3,35,1.1129,76,338.00,13.748316
3177,1000,0.65,350,3,35,0.9851,77,120.00,4.877778
3178,1000,0.65,350,3,35,0.9828,78,1027.00,6.431286
3179,1000,0.65,350,3,35,0.9866,79,187.00,2.743175
3180,1000,0.65,350,3,35,0.9995,80,1014.00,7.223259
3181,1000,0.65,350,3,35,1.0229,81,307.00,14.072399
3182,1000,0.65,350,3,35,0.9753,82,560.00,9.792336
3183,1000,0.65,350,3,35,0.9354,83,981.00,20.918026
3184,1000,0.65,350,3,35,1.0204,84,1026.00,13.591220
3185,1000,0.65,350,3,35,1.0215,85,1021.00,4.275343
3186,1000,0.65,350,3,35,0.9881,86,993.00,12.994095
3187,1000,0.65,350,3,35,1.0551,87,1056.00,7.427986
3188,1000,0.65,350,3,35,0.9864,88,853.00,9.986048
3189,1000,0.65,350,3,35,1.0358,89,295.00,4.543822
3190,1000,0.65,350,3,35,1.0523,90,722.00,5.236955
3191,1000,0.65,350,3,35,0.9825,91,429.00,3.746479
3192,1000,0.65,350,3,35,1.0255,92,1018.00,1.537881
3193,1000,0.65,350,3,35,1.0365,93,1067.00,15.158804
3194,1000,0.65,350,3,35,0.9591,94,1028.00,1.587301
3195,1000,0.65,350,3,35,1.0154,95,967.00,9.679627
3196,1000,0.65,350,3,35,1.0249,96,1085.00,5.618437
3197,1000,0.65,350,3,35,0.9971,97,1073.00,7.052401
3198,1000,0.65,350,3,35,0.9901,98,1094.00,3.418588
3199,1000,0.65,350,3,35,1.0154,99,1027.00,9.488759
3200,1000,0.70,300,3,35,1.0054,0,360.00,32.496151
3201,1000,0.70,300,3,35,0.9767,1,267.00,3.405513
3202,1000,0.70,300,3,35,1.0253,2,360.00,5.773661
3203,1000,0.70,300,3,35,1.0362,3,111.00,16.050419
3204,1000,0.70,300,3,35,1.0239,4,86.00,13.421568
3205,1000,0.70,300,3,35,1.0456,5,240.00,10.924261
3206,1000,0.70,300,3,35,1.0061,6,153.00,5.906033
3207,1000,0.70,300,3,35,1.0201,7,84.00,24.326464
3208,1000,0.70,300,3,35,0.9873,8,101.00,13.693325
3209,1000,0.70,300,3,35,1.0078,9,262.00,19.977875
3210,1000,0.70,300,3,35,0.9969,10,104.00,19.908430
3211,1000,0.70,300,3,35,0.9422,11,975.00,17.562330
3212,1000,0.70,300,3,35,0.9779,12,255.00,9.330349
3213,1000,0.70,300,3,35,1.0779,13,234.00,22.060970
3214,1000,0.70,300,3,35,0.9867,14,140.00,8.083875
3215,1000,0.70,300,3,35,1.0470,15,81.00,7.714217
3216,1000,0.70,300,3,35,0.9654,16,1041.00,21.324488
3217,1000,0.70,300,3,35,1.0732,17,248.00,17.710239
3218,1000,0.70,300,3,35,0.9348,18,668.00,20.204941
3219,1000,0.70,300,3,35,1.0378,19,329.00,2.786821
3220,1000,0.70,300,3,35,1.0034,20,194.00,6.551519
3221,1000,0.70,300,3,35,0.9887,21,138.00,14.538017
3222,1000,0.70,300,3,35,1.0204,22,489.00,31.809095
3223,1000,0.70,300,3,35,1.0051,23,83.00,21.233030
3224,1000,0.70,300,3,35,1.0099,24,448.00,6.267416
3225,1000,0.70,300,3,35,0.9985,25,384.00,11.375729
3226,1000,0.70,300,3,35,1.0426,26,87.00,8.236257
3227,1000,0.70,300,3,35,0.9129,27,86.00,20.740072
3228,1000,0.70,300,3,35,0.9963,28,82.00,5.703965
3229,1000,0.70,300,3,35,0.9094,29,241.00,13.813959
3230,1000,0.70,300,3,35,0.9347,30,135.00,20.680744
3231,1000,0.70,300,3,35,0.9781,31,233.00,20.641335
3232,1000,0.70,300,3,35,0.9738,32,82.00,10.668954
3233,1000,0.70,300,3,35,1.0269,33,467.00,24.882076
3234,1000,0.70,300,3,35,1.0102,34,116.00,5.748558
3235,1000,0.70,300,3,35,0.9952,35,1038.00,3.423534
3236,1000,0.70,300,3,35,1.0593,36,538.00,29.683035
3237,1000,0.70,300,3,35,1.0286,37,113.00,10.309379
3238,1000,0.70,300,3,35,1.0426,38,369.00,2.586452
3239,1000,0.70,300,3,35,0.9605,39,161.00,7.858291
3240,1000,0.70,300,3,35,1.0220,40,211.00,32.114635
3241,1000,0.70,300,3,35,0.9318,41,95.00,12.800714
3242,1000,0.70,300,3,35,1.0032,42,85.00,19.087418
3243,1000,0.70,300,3,35,0.9459,43,326.00,17.463974
3244,1000,0.70,300,3,35,0.9998,44,183.00,4.124426
3245,1000,0.70,300,3,35,1.0452,45,231.00,9.633265
3246,1000,0.70,300,3,35,0.9616,46,1112.00,25.533802
3247,1000,0.70,300,3,35,1.0539,47,190.00,5.657545
3248,1000,0.70,300,3,35,1.0226,48,97.00,25.221354
3249,1000,0.70,300,3,35,0.9718,49,437.00,5.570045
3250,1000,0.70,300,3,35,1.0042,50,120.00,4.031128
3251,1000,0.70,300,3,35,0.9716,51,102.00,10.290888
3252,1000,0.70,300,3,35,1.0583,52,82.00,12.540028
3253,1000,0.70,300,3,35,0.9276,53,1033.00,12.857557
3254,1000,0.70,300,3,35,0.9649,54,81.00,5.739995
3255,1000,0.70,300,3,35,0.9772,55,354.00,15.098351
3256,1000,0.70,300,3,35,0.9305,56,105.00,12.331180
3257,1000,0.70,300,3,35,1.0120,57,643.00,12.098107
3258,1000,0.70,300,3,35,1.0116,58,57.00,1.198109
3259,1000,0.70,300,3,35,0.9831,59,362.00,18.620552
3260,1000,0.70,300,3,35,0.9612,60,79.00,4.731683
3261,1000,0.70,300,3,35,1.0212,61,189.00,7.561309
3262,1000,0.70,300,3,35,1.0158,62,85.00,4.806950
3263,1000,0.70,300,3,35,0.9926,63,117.00,1.384267
3264,1000,0.70,300,3,35,0.8644,64,304.00,5.605049
3265,1000,0.70,300,3,35,0.9597,65,312.00,8.971130
3266,1000,0.70,300,3,35,0.9722,66,601.00,28.510565
3267,1000,0.70,300,3,35,1.0427,67,106.00,8.635136
3268,1000,0.70,300,3,35,1.0414,68,79.00,23.167488
3269,1000,0.70,300,3,35,1.0323,69,74.00,20.803078
3270,1000,0.70,300,3,35,1.0198,70,940.00,3.171065
3271,1000,0.70,300,3,35,1.0401,71,154.00,11.017507
3272,1000,0.70,300,3,35,1.0527,72,82.00,18.534262
3273,1000,0.70,300,3,35,1.0270,73,344.00,14.820492
3274,1000,0.70,300,3,35,0.9641,74,238.00,15.681047
3275,1000,0.70,300,3,35,1.0001,75,114.00,9.405772
3276,1000,0.70,300,3,35,0.9919,76,118.00,19.994253
3277,1000,0.70,300,3,35,1.0061,77,106.00,7.667012
3278,1000,0.70,300,3,35,1.0159,78,131.00,10.422257
3279,1000,0.70,300,3,35,0.9610,79,954.00,27.063269
3280,1000,0.70,300,3,35,0.9413,80,136.00,7.771411
3281,1000,0.70,300,3,35,1.0368,81,87.00,13.920140
3282,1000,0.70,300,3,35,1.0081,82,79.00,3.597323
3283,1000,0.70,300,3,35,1.0073,83,293.00,10.724861
3284,1000,0.70,300,3,35,1.0320,84,291.00,33.670853
3285,1000,0.70,300,3,35,1.0020,85,651.00,14.238331
3286,1000,0.70,300,3,35,1.0654,86,87.00,22.614283
3287,1000,0.70,300,3,35,1.0022,87,355.00,9.763265
3288,1000,0.70,300,3,35,0.9776,88,365.00,21.238995
3289,1000,0.70,300,3,35,0.9795,89,199.00,25.951788
3290,1000,0.70,300,3,35,1.0474,90,75.00,20.643919
3291,1000,0.70,300,3,35,0.9396,91,256.00,1.633100
3292,1000,0.70,300,3,35,1.0517,92,522.00,4.610110
3293,1000,0.70,300,3,35,0.9634,93,311.00,7.147977
3294,1000,0.70,300,3,35,0.9988,94,145.00,4.703291
3295,1000,0.70,300,3,35,0.9882,95,126.00,10.068421
3296,1000,0.70,300,3,35,0.9832,96,79.00,30.422306
3297,1000,0.70,300,3,35,0.9495,97,1059.00,12.913415
3298,1000,0.70,300,3,35,1.0102,98,146.00,15.219746
3299,1000,0.70,300,3,35,1.0867,99,365.00,17.670948
3300,1000,0.75,250,3,35,0.9704,0,84.00,30.632654
3301,1000,0.75,250,3,35,0.9735,1,199.00,16.258793
3302,1000,0.75,250,3,35,1.0588,2,236.00,16.123692
3303,1000,0.75,250,3,35,1.0193,3,152.00,12.847820
3304,1000,0.75,250,3,35,0.9320,4,85.00,10.676499
3305,1000,0.75,250,3,35,0.9251,5,103.00,24.837976
3306,1000,0.75,250,3,35,1.0712,6,70.00,45.765404
3307,1000,0.75,250,3,35,0.9566,7,167.00,8.139315
3308,1000,0.75,250,3,35,1.0890,8,191.00,19.990295
3309,1000,0.75,250,3,35,1.0562,9,87.00,10.703981
3310,1000,0.75,250,3,35,0.9169,10,212.00,32.081158
3311,1000,0.75,250,3,35,1.0308,11,118.00,3.659231
3312,1000,0.75,250,3,35,1.0116,12,100.00,54.141201
3313,1000,0.75,250,3,35,1.0859,13,79.00,12.823628
3314,1000,0.75,250,3,35,0.9698,14,107.00,20.992899
3315,1000,0.75,250,3,35,0.9508,15,227.00,14.651055
3316,1000,0.75,250,3,35,1.0226,16,209.00,26.018137
3317,1000,0.75,250,3,35,0.9833,17,126.00,17.633913
3318,1000,0.75,250,3,35,0.9785,18,99.00,33.057331
3319,1000,0.75,250,3,35,1.0382,19,114.00,19.898239
3320,1000,0.75,250,3,35,0.9921,20,117.00,29.306568
3321,1000,0.75,250,3,35,1.0905,21,127.00,3.769308
3322,1000,0.75,250,3,35,1.0466,22,143.00,18.721157
3323,1000,0.75,250,3,35,0.9910,23,105.00,39.519722
3324,1000,0.75,250,3,35,0.9082,24,215.00,13.879836
3325,1000,0.75,250,3,35,1.0323,25,141.00,5.888982
3326,1000,0.75,250,3,35,0.9377,26,196.00,26.711857
3327,1000,0.75,250,3,35,0.9749,27,288.00,22.065392
3328,1000,0.75,250,3,35,0.9364,28,89.00,5.056815
3329,1000,0.75,250,3,35,1.0664,29,110.00,8.517589
3330,1000,0.75,250,3,35,0.9600,30,139.00,9.706038
3331,1000,0.75,250,3,35,0.9894,31,176.00,4.639801
3332,1000,0.75,250,3,35,0.9509,32,199.00,4.150531
3333,1000,0.75,250,3,35,1.0457,33,131.00,55.554184
3334,1000,0.75,250,3,35,0.9593,34,75.00,5.525382
3335,1000,0.75,250,3,35,0.9485,35,82.00,5.969856
3336,1000,0.75,250,3,35,0.9894,36,87.00,4.013007
3337,1000,0.75,250,3,35,0.9954,37,207.00,19.221176
3338,1000,0.75,250,3,35,1.0317,38,82.00,3.287578
3339,1000,0.75,250,3,35,0.9740,39,79.00,37.908417
3340,1000,0.75,250,3,35,0.9342,40,102.00,40.189320
3341,1000,0.75,250,3,35,0.9680,41,112.00,9.975446
3342,1000,0.75,250,3,35,1.0597,42,351.00,3.733749
3343,1000,0.75,250,3,35,0.9400,43,84.00,34.581196
3344,1000,0.75,250,3,35,1.0679,44,81.00,25.890898
3345,1000,0.75,250,3,35,1.0255,45,126.00,29.338547
3346,1000,0.75,250,3,35,0.9756,46,129.00,13.246664
3347,1000,0.75,250,3,35,0.9829,47,146.00,6.187402
3348,1000,0.75,250,3,35,0.9204,48,131.00,23.334505
3349,1000,0.75,250,3,35,0.9923,49,73.00,12.291499
3350,1000,0.75,250,3,35,0.9857,50,69.00,8.085485
3351,1000,0.75,250,3,35,0.9436,51,104.00,30.775293
3352,1000,0.75,250,3,35,1.0655,52,103.00,30.397972
3353,1000,0.75,250,3,35,0.9982,53,78.00,11.648026
3354,1000,0.75,250,3,35,0.9266,54,122.00,2.264506
3355,1000,0.75,250,3,35,0.9676,55,114.00,18.562277
3356,1000,0.75,250,3,35,0.9535,56,100.00,28.952806
3357,1000,0.75,250,3,35,1.0449,57,80.00,38.865871
3358,1000,0.75,250,3,35,0.9598,58,91.00,2.724261
3359,1000,0.75,250,3,35,1.0245,59,89.00,2.749323
3360,1000,0.75,250,3,35,0.9626,60,165.00,33.523285
3361,1000,0.75,250,3,35,0.8743,61,299.00,18.323725
3362,1000,0.75,250,3,35,1.0283,62,79.00,11.152086
3363,1000,0.75,250,3,35,0.9940,63,134.00,15.346194
3364,1000,0.75,250,3,35,1.1130,64,76.00,30.538511
3365,1000,0.75,250,3,35,1.0581,65,89.00,7.220520
3366,1000,0.75,250,3,35,0.9326,66,115.00,18.497435
3367,1000,0.75,250,3,35,0.9500,67,339.00,24.488710
3368,1000,0.75,250,3,35,0.9670,68,201.00,6.423729
3369,1000,0.75,250,3,35,0.8840,69,212.00,10.308006
3370,1000,0.75,250,3,35,0.9981,70,185.00,5.210269
3371,1000,0.75,250,3,35,0.9487,71,116.00,13.378286
3372,1000,0.75,250,3,35,1.0436,72,74.00,3.750955
3373,1000,0.75,250,3,35,0.9756,73,257.00,8.389559
3374,1000,0.75,250,3,35,1.0574,74,92.00,18.507130
3375,1000,0.75,250,3,35,0.9823,75,190.00,4.452441
3376,1000,0.75,250,3,35,0.9536,76,196.00,20.315008
3377,1000,0.75,250,3,35,1.0882,77,79.00,8.711892
3378,1000,0.75,250,3,35,0.9645,78,104.00,27.258390
3379,1000,0.75,250,3,35,1.0329,79,344.00,7.074416
3380,1000,0.75,250,3,35,0.9605,80,136.00,10.861408
3381,1000,0.75,250,3,35,0.8144,81,314.00,5.672893
3382,1000,0.75,250,3,35,1.0027,82,362.00,25.469547
3383,1000,0.75,250,3,35,1.0385,83,80.00,11.388875
3384,1000,0.75,250,3,35,0.9191,84,166.00,27.276323
3385,1000,0.75,250,3,35,0.9684,85,132.00,11.000772
3386,1000,0.75,250,3,35,0.9696,86,85.00,15.787159
3387,1000,0.75,250,3,35,1.0275,87,231.00,14.283297
3388,1000,0.75,250,3,35,1.0008,88,218.00,2.897277
3389,1000,0.75,250,3,35,1.0188,89,203.00,6.315186
3390,1000,0.75,250,3,35,1.0180,90,169.00,5.920498
3391,1000,0.75,250,3,35,0.9793,91,131.00,19.409113
3392,1000,0.75,250,3,35,0.9920,92,86.00,10.880309
3393,1000,0.75,250,3,35,1.0301,93,73.00,15.176424
3394,1000,0.75,250,3,35,0.9595,94,170.00,13.111035
3395,1000,0.75,250,3,35,0.9643,95,86.00,4.499930
3396,1000,0.75,250,3,35,1.0039,96,84.00,4.740564
3397,1000,0.75,250,3,35,1.0160,97,81.00,22.556614
3398,1000,0.75,250,3,35,1.0116,98,259.00,6.896351
3399,1000,0.75,250,3,35,0.9348,99,157.00,4.216466
3400,1000,0.80,199,3,35,0.9701,0,104.00,8.980165
3401,1000,0.80,199,3,35,1.0275,1,84.00,5.338687
3402,1000,0.80,199,3,35,0.9504,2,68.00,66.895569
3403,1000,0.80,199,3,35,0.8894,3,93.00,22.047405
3404,1000,0.80,199,3,35,1.0025,4,112.00,23.360840
3405,1000,0.80,199,3,35,1.0371,5,160.00,22.171141
3406,1000,0.80,199,3,35,0.9498,6,131.00,19.239511
3407,1000,0.80,199,3,35,0.9209,7,93.00,9.425305
3408,1000,0.80,199,3,35,1.0885,8,74.00,18.038193
3409,1000,0.80,199,3,35,0.9679,9,96.00,43.893696
3410,1000,0.80,199,3,35,0.9944,10,72.00,43.074825
3411,1000,0.80,199,3,35,0.9904,11,135.00,17.208181
3412,1000,0.80,199,3,35,1.0310,12,93.00,19.289568
3413,1000,0.80,199,3,35,0.9301,13,109.00,13.254491
3414,1000,0.80,199,3,35,0.9654,14,219.00,10.522348
3415,1000,0.80,199,3,35,1.0447,15,97.00,13.575979
3416,1000,0.80,199,3,35,0.9832,16,80.00,29.417068
3417,1000,0.80,199,3,35,0.9893,17,76.00,27.551645
3418,1000,0.80,199,3,35,1.0787,18,70.00,51.281281
3419,1000,0.80,199,3,35,1.0421,19,87.00,18.272589
3420,1000,0.80,199,3,35,1.0552,20,80.00,19.375986
3421,1000,0.80,199,3,35,1.0276,21,70.00,27.491796
3422,1000,0.80,199,3,35,1.0600,22,140.00,11.802736
3423,1000,0.80,199,3,35,0.9592,23,123.00,7.591138
3424,1000,0.80,199,3,35,0.9513,24,117.00,36.887325
3425,1000,0.80,199,3,35,1.0111,25,95.00,14.277204
3426,1000,0.80,199,3,35,1.0190,26,75.00,41.082195
3427,1000,0.80,199,3,35,0.9934,27,157.00,13.009781
3428,1000,0.80,199,3,35,1.0479,28,103.00,37.371567
3429,1000,0.80,199,3,35,1.0293,29,112.00,8.309582
3430,1000,0.80,199,3,35,1.0279,30,190.00,12.314563
3431,1000,0.80,199,3,35,0.9812,31,82.00,38.043041
3432,1000,0.80,199,3,35,0.9038,32,132.00,11.547904
3433,1000,0.80,199,3,35,1.0787,33,67.00,34.143223
3434,1000,0.80,199,3,35,0.9860,34,108.00,25.210756
3435,1000,0.80,199,3,35,0.9653,35,75.00,4.251383
3436,1000,0.80,199,3,35,0.9909,36,74.00,31.036781
3437,1000,0.80,199,3,35,0.9879,37,77.00,6.758266
3438,1000,0.80,199,3,35,0.9904,38,83.00,22.968769
3439,1000,0.80,199,3,35,0.8518,39,157.00,48.317974
3440,1000,0.80,199,3,35,1.0187,40,95.00,30.946785
3441,1000,0.80,199,3,35,1.0781,41,102.00,37.833721
3442,1000,0.80,199,3,35,1.0346,42,78.00,20.981745
3443,1000,0.80,199,3,35,1.1035,43,136.00,30.869251
3444,1000,0.80,199,3,35,0.9548,44,167.00,10.496203
3445,1000,0.80,199,3,35,1.0627,45,108.00,12.775960
3446,1000,0.80,199,3,35,1.0649,46,93.00,32.737522
3447,1000,0.80,199,3,35,0.9750,47,75.00,27.201071
3448,1000,0.80,199,3,35,0.9766,48,135.00,7.169308
3449,1000,0.80,199,3,35,1.0080,49,213.00,20.409061
3450,1000,0.80,199,3,35,0.9937,50,90.00,3.225013
3451,1000,0.80,199,3,35,1.0512,51,90.00,27.042212
3452,1000,0.80,199,3,35,1.0050,52,70.00,47.478836
3453,1000,0.80,199,3,35,1.0265,53,88.00,4.202970
3454,1000,0.80,199,3,35,1.0393,54,134.00,4.250732
3455,1000,0.80,199,3,35,0.9633,55,99.00,13.328585
3456,1000,0.80,199,3,35,0.9330,56,110.00,4.601125
3457,1000,0.80,199,3,35,0.9116,57,116.00,67.845383
3458,1000,0.80,199,3,35,0.9976,58,129.00,37.015949
3459,1000,0.80,199,3,35,1.0671,59,85.00,3.081258
3460,1000,0.80,199,3,35,1.0925,60,128.00,43.679623
3461,1000,0.80,199,3,35,0.9511,61,145.00,15.720584
3462,1000,0.80,199,3,35,1.0143,62,141.00,9.686930
3463,1000,0.80,199,3,35,0.9079,63,66.00,7.220771
3464,1000,0.80,199,3,35,1.0410,64,85.00,21.374773
3465,1000,0.80,199,3,35,1.0014,65,138.00,9.877305
3466,1000,0.80,199,3,35,1.0461,66,136.00,6.802637
3467,1000,0.80,199,3,35,0.9608,67,90.00,19.848768
3468,1000,0.80,199,3,35,0.9592,68,200.00,14.639843
3469,1000,0.80,199,3,35,1.0231,69,73.00,42.358353
3470,1000,0.80,199,3,35,0.9423,70,68.00,36.760574
3471,1000,0.80,199,3,35,1.0061,71,92.00,3.146433
3472,1000,0.80,199,3,35,1.0776,72,80.00,37.699154
3473,1000,0.80,199,3,35,1.0490,73,75.00,29.763824
3474,1000,0.80,199,3,35,0.9304,74,72.00,41.606251
3475,1000,0.80,199,3,35,1.1387,75,91.00,10.956434
3476,1000,0.80,199,3,35,1.0354,76,76.00,40.966530
3477,1000,0.80,199,3,35,0.9993,77,118.00,61.885941
3478,1000,0.80,199,3,35,1.0529,78,92.00,19.697838
3479,1000,0.80,199,3,35,1.0310,79,132.00,17.268070
3480,1000,0.80,199,3,35,0.9623,80,67.00,5.351777
3481,1000,0.80,199,3,35,0.9243,81,214.00,18.469692
3482,1000,0.80,199,3,35,0.8973,82,85.00,3.818082
3483,1000,0.80,199,3,35,1.0252,83,83.00,22.869873
3484,1000,0.80,199,3,35,0.8935,84,83.00,18.284340
3485,1000,0.80,199,3,35,0.9778,85,75.00,31.527241
3486,1000,0.80,199,3,35,1.0247,86,109.00,31.357695
3487,1000,0.80,199,3,35,0.9127,87,141.00,9.381311
3488,1000,0.80,199,3,35,0.9673,88,87.00,4.645511
3489,1000,0.80,199,3,35,1.0033,89,101.00,18.050690
3490,1000,0.80,199,3,35,0.9650,90,82.00,6.088525
3491,1000,0.80,199,3,35,1.0305,91,93.00,46.367275
3492,1000,0.80,199,3,35,0.9710,92,79.00,13.194463
3493,1000,0.80,199,3,35,1.0126,93,73.00,51.489769
3494,1000,0.80,199,3,35,1.0854,94,74.00,26.539051
3495,1000,0.80,199,3,35,0.9256,95,145.00,40.650974
3496,1000,0.80,199,3,35,1.0214,96,166.00,16.479229
3497,1000,0.80,199,3,35,0.9561,97,78.00,28.082676
3498,1000,0.80,199,3,35,0.9467,98,69.00,34.390343
3499,1000,0.80,199,3,35,0.9782,99,69.00,58.027382
3500,1000,0.85,149,3,35,1.0072,0,89.00,18.419041
3501,1000,0.85,149,3,35,0.9398,1,75.00,48.111816
3502,1000,0.85,149,3,35,0.9901,2,66.00,12.493028
3503,1000,0.85,149,3,35,1.0785,3,105.00,31.767288
3504,1000,0.85,149,3,35,1.0274,4,66.00,54.846680
3505,1000,0.85,149,3,35,0.9672,5,94.00,21.283823
3506,1000,0.85,149,3,35,0.9671,6,139.00,6.809920
3507,1000,0.85,149,3,35,0.9376,7,62.00,69.604599
3508,1000,0.85,149,3,35,0.8752,8,93.00,4.223955
3509,1000,0.85,149,3,35,1.0118,9,162.00,14.959445
3510,1000,0.85,149,3,35,0.9827,10,64.00,33.890903
3511,1000,0.85,149,3,35,1.0145,11,66.00,60.444347
3512,1000,0.85,149,3,35,1.0277,12,109.00,8.522811
3513,1000,0.85,149,3,35,1.0438,13,71.00,52.812252
3514,1000,0.85,149,3,35,0.9979,14,67.00,25.029865
3515,1000,0.85,149,3,35,1.0158,15,86.00,5.770029
3516,1000,0.85,149,3,35,0.9416,16,63.00,56.308895
3517,1000,0.85,149,3,35,0.9656,17,143.00,2.749081
3518,1000,0.85,149,3,35,1.0115,18,61.00,77.216812
3519,1000,0.85,149,3,35,1.0767,19,79.00,45.558552
3520,1000,0.85,149,3,35,1.0111,20,94.00,4.707757
3521,1000,0.85,149,3,35,0.9501,21,105.00,46.565701
3522,1000,0.85,149,3,35,0.9866,22,88.00,5.621525
3523,1000,0.85,149,3,35,1.0544,23,90.00,98.952637
3524,1000,0.85,149,3,35,0.9974,24,115.00,1.897219
3525,1000,0.85,149,3,35,1.0889,25,92.00,13.430041
3526,1000,0.85,149,3,35,0.9998,26,90.00,7.643057
3527,1000,0.85,149,3,35,1.0451,27,78.00,25.627216
3528,1000,0.85,149,3,35,0.8508,28,181.00,2.940540
3529,1000,0.85,149,3,35,1.0128,29,112.00,5.454040
3530,1000,0.85,149,3,35,1.0006,30,78.00,45.183208
3531,1000,0.85,149,3,35,0.8646,31,64.00,21.213490
3532,1000,0.85,149,3,35,1.0242,32,71.00,14.903260
3533,1000,0.85,149,3,35,1.0272,33,88.00,4.860135
3534,1000,0.85,149,3,35,0.9467,34,64.00,16.144739
3535,1000,0.85,149,3,35,0.9851,35,94.00,3.812371
3536,1000,0.85,149,3,35,1.0097,36,72.00,43.442425
3537,1000,0.85,149,3,35,0.9367,37,89.00,20.883966
3538,1000,0.85,149,3,35,0.9314,38,158.00,64.558174
3539,1000,0.85,149,3,35,1.0563,39,67.00,39.299541
3540,1000,0.85,149,3,35,1.0094,40,112.00,19.699610
3541,1000,0.85,149,3,35,1.1798,41,74.00,78.211487
3542,1000,0.85,149,3,35,1.0608,42,66.00,32.353844
3543,1000,0.85,149,3,35,0.9920,43,197.00,4.365025
3544,1000,0.85,149,3,35,1.0096,44,75.00,59.719215
3545,1000,0.85,149,3,35,1.0147,45,99.00,12.616856
3546,1000,0.85,149,3,35,0.9694,46,64.00,52.465145
3547,1000,0.85,149,3,35,0.9709,47,60.00,47.674644
3548,1000,0.85,149,3,35,1.0513,48,131.00,21.293911
3549,1000,0.85,149,3,35,0.9857,49,70.00,24.329422
3550,1000,0.85,149,3,35,1.0339,50,122.00,95.118866
3551,1000,0.85,149,3,35,0.9533,51,255.00,21.385143
3552,1000,0.85,149,3,35,1.0088,52,62.00,107.242126
3553,1000,0.85,149,3,35,0.9452,53,111.00,16.184851
3554,1000,0.85,149,3,35,0.9502,54,90.00,3.081100
3555,1000,0.85,149,3,35,0.9999,55,97.00,39.039013
3556,1000,0.85,149,3,35,1.0669,56,67.00,20.814140
3557,1000,0.85,149,3,35,1.0128,57,64.00,73.975082
3558,1000,0.85,149,3,35,0.9677,58,93.00,5.119465
3559,1000,0.85,149,3,35,1.0216,59,72.00,29.588755
3560,1000,0.85,149,3,35,1.0034,60,147.00,13.561943
3561,1000,0.85,149,3,35,0.9558,61,117.00,46.305748
3562,1000,0.85,149,3,35,0.9406,62,146.00,5.636097
3563,1000,0.85,149,3,35,0.8258,63,70.00,48.685806
3564,1000,0.85,149,3,35,1.0290,64,162.00,3.769480
3565,1000,0.85,149,3,35,0.9274,65,78.00,18.759716
3566,1000,0.85,149,3,35,0.9826,66,93.00,9.009745
3567,1000,0.85,149,3,35,0.9061,67,79.00,30.487629
3568,1000,0.85,149,3,35,0.9847,68,78.00,36.821480
3569,1000,0.85,149,3,35,1.0719,69,78.00,45.427200
3570,1000,0.85,149,3,35,0.9941,70,87.00,3.618287
3571,1000,0.85,149,3,35,1.0425,71,96.00,3.611425
3572,1000,0.85,149,3,35,1.0129,72,94.00,10.060611
3573,1000,0.85,149,3,35,0.9991,73,90.00,67.731018
3574,1000,0.85,149,3,35,1.0656,74,111.00,21.606367
3575,1000,0.85,149,3,35,0.9679,75,92.00,10.483271
3576,1000,0.85,149,3,35,1.0072,76,108.00,11.631632
3577,1000,0.85,149,3,35,0.9489,77,73.00,41.288605
3578,1000,0.85,149,3,35,0.9318,78,97.00,12.290063
3579,1000,0.85,149,3,35,0.9828,79,86.00,29.850412
3580,1000,0.85,149,3,35,1.0211,80,64.00,37.096626
3581,1000,0.85,149,3,35,0.8936,81,87.00,10.663296
3582,1000,0.85,149,3,35,1.0391,82,99.00,6.293169
3583,1000,0.85,149,3,35,0.9759,83,72.00,82.186462
3584,1000,0.85,149,3,35,0.9656,84,83.00,15.132395
3585,1000,0.85,149,3,35,0.9642,85,67.00,100.687279
3586,1000,0.85,149,3,35,0.9563,86,75.00,45.712250
3587,1000,0.85,149,3,35,1.0612,87,111.00,50.436497
3588,1000,0.85,149,3,35,0.9806,88,84.00,36.761993
3589,1000,0.85,149,3,35,1.0700,89,77.00,8.993384
3590,1000,0.85,149,3,35,0.8350,90,70.00,4.822270
3591,1000,0.85,149,3,35,0.9252,91,90.00,39.874798
3592,1000,0.85,149,3,35,0.9648,92,125.00,7.128283
3593,1000,0.85,149,3,35,0.9980,93,106.00,41.723316
3594,1000,0.85,149,3,35,0.9231,94,75.00,31.458399
3595,1000,0.85,149,3,35,0.9673,95,96.00,16.914921
3596,1000,0.85,149,3,35,1.1315,96,78.00,31.334373
3597,1000,0.85,149,3,35,1.0287,97,97.00,14.147961
3598,1000,0.85,149,3,35,1.0050,98,78.00,5.931880
3599,1000,0.85,149,3,35,1.1293,99,96.00,5.793969
3600,1000,0.90,100,3,35,0.9834,0,100.00,13.766368
3601,1000,0.90,100,3,35,1.0220,1,94.00,20.412508
3602,1000,0.90,100,3,35,0.8598,2,90.00,23.438089
3603,1000,0.90,100,3,35,0.8717,3,80.00,10.057444
3604,1000,0.90,100,3,35,1.0995,4,91.00,24.409910
3605,1000,0.90,100,3,35,0.8909,5,79.00,34.027828
3606,1000,0.90,100,3,35,1.1315,6,116.00,4.623689
3607,1000,0.90,100,3,35,1.0508,7,66.00,61.297653
3608,1000,0.90,100,3,35,1.0844,8,89.00,24.415337
3609,1000,0.90,100,3,35,1.0064,9,56.00,60.390533
3610,1000,0.90,100,3,35,0.9178,10,81.00,70.374664
3611,1000,0.90,100,3,35,0.8905,11,59.00,92.251480
3612,1000,0.90,100,3,35,1.0894,12,61.00,33.890182
3613,1000,0.90,100,3,35,0.9822,13,75.00,16.935596
3614,1000,0.90,100,3,35,1.0535,14,106.00,42.354553
3615,1000,0.90,100,3,35,0.9421,15,121.00,11.303638
3616,1000,0.90,100,3,35,0.9752,16,66.00,77.003166
3617,1000,0.90,100,3,35,1.1136,17,103.00,3.749609
3618,1000,0.90,100,3,35,0.9945,18,73.00,32.772953
3619,1000,0.90,100,3,35,0.9988,19,91.00,14.137571
3620,1000,0.90,100,3,35,0.9344,20,96.00,6.631578
3621,1000,0.90,100,3,35,0.9512,21,107.00,26.722481
3622,1000,0.90,100,3,35,0.9488,22,104.00,17.655775
3623,1000,0.90,100,3,35,1.0931,23,67.00,113.833237
3624,1000,0.90,100,3,35,0.9229,24,75.00,46.517231
3625,1000,0.90,100,3,35,1.0088,25,100.00,5.425607
3626,1000,0.90,100,3,35,0.9690,26,58.00,83.540161
3627,1000,0.90,100,3,35,0.8977,27,99.00,7.175427
3628,1000,0.90,100,3,35,0.9375,28,121.00,3.340719
3629,1000,0.90,100,3,35,1.0390,29,98.00,9.196574
3630,1000,0.90,100,3,35,0.8873,30,87.00,14.570549
3631,1000,0.90,100,3,35,0.9183,31,102.00,2.843092
3632,1000,0.90,100,3,35,0.9996,32,67.00,120.076683
3633,1000,0.90,100,3,35,0.9779,33,64.00,192.806000
3634,1000,0.90,100,3,35,1.0650,34,127.00,246.127701
3635,1000,0.90,100,3,35,1.0516,35,70.00,74.978455
3636,1000,0.90,100,3,35,0.9545,36,82.00,16.168856
3637,1000,0.90,100,3,35,0.8918,37,77.00,35.564617
3638,1000,0.90,100,3,35,0.9773,38,98.00,3.644561
3639,1000,0.90,100,3,35,0.9991,39,76.00,90.312553
3640,1000,0.90,100,3,35,0.8777,40,67.00,68.804832
3641,1000,0.90,100,3,35,1.0814,41,61.00,55.481937
3642,1000,0.90,100,3,35,0.8875,42,90.00,26.273281
3643,1000,0.90,100,3,35,0.8576,43,128.00,33.880795
3644,1000,0.90,100,3,35,0.9928,44,144.00,1.880834
3645,1000,0.90,100,3,35,0.8578,45,77.00,9.277011
3646,1000,0.90,100,3,35,1.0141,46,61.00,32.436127
3647,1000,0.90,100,3,35,0.9798,47,101.00,2.234837
3648,1000,0.90,100,3,35,0.9253,48,78.00,37.652245
3649,1000,0.90,100,3,35,1.0325,49,110.00,15.023408
3650,1000,0.90,100,3,35,0.9826,50,63.00,167.516769
3651,1000,0.90,100,3,35,0.9073,51,91.00,23.429022
3652,1000,0.90,100,3,35,1.0475,52,96.00,17.911528
3653,1000,0.90,100,3,35,0.9897,53,80.00,14.972979
3654,1000,0.90,100,3,35,0.9591,54,102.00,4.938303
3655,1000,0.90,100,3,35,0.9719,55,94.00,2.658551
3656,1000,0.90,100,3,35,0.8834,56,68.00,17.838215
3657,1000,0.90,100,3,35,0.9450,57,78.00,20.415964
3658,1000,0.90,100,3,35,0.8973,58,58.00,45.661079
3659,1000,0.90,100,3,35,0.9458,59,74.00,8.665828
3660,1000,0.90,100,3,35,1.0317,60,99.00,6.565074
3661,1000,0.90,100,3,35,0.9559,61,89.00,34.445423
3662,1000,0.90,100,3,35,0.9422,62,120.00,4.603230
3663,1000,0.90,100,3,35,1.0345,63,116.00,26.754778
3664,1000,0.90,100,3,35,1.0163,64,65.00,140.627914
3665,1000,0.90,100,3,35,0.9770,65,91.00,5.864388
3666,1000,0.90,100,3,35,0.9652,66,60.00,49.375977
3667,1000,0.90,100,3,35,1.0913,67,98.00,17.319231
3668,1000,0.90,100,3,35,1.0357,68,90.00,17.118784
3669,1000,0.90,100,3,35,0.9566,69,84.00,1.730271
3670,1000,0.90,100,3,35,0.9429,70,79.00,44.232922
3671,1000,0.90,100,3,35,0.9809,71,129.00,5.478765
3672,1000,0.90,100,3,35,0.9559,72,88.00,14.466393
3673,1000,0.90,100,3,35,0.9314,73,99.00,3.357653
3674,1000,0.90,100,3,35,0.9046,74,113.00,3.934839
3675,1000,0.90,100,3,35,1.0210,75,109.00,34.645679
3676,1000,0.90,100,3,35,1.0805,76,96.00,4.028275
3677,1000,0.90,100,3,35,1.0554,77,103.00,9.735127
3678,1000,0.90,100,3,35,0.9021,78,111.00,145.551376
3679,1000,0.90,100,3,35,0.8332,79,119.00,37.374386
3680,1000,0.90,100,3,35,1.0509,80,108.00,32.729294
3681,1000,0.90,100,3,35,0.8448,81,81.00,8.045199
3682,1000,0.90,100,3,35,1.0273,82,90.00,14.024389
3683,1000,0.90,100,3,35,0.9634,83,89.00,20.045189
3684,1000,0.90,100,3,35,1.0377,84,54.00,180.340820
3685,1000,0.90,100,3,35,0.9638,85,100.00,11.806928
3686,1000,0.90,100,3,35,0.9723,86,55.00,56.153778
3687,1000,0.90,100,3,35,0.9793,87,95.00,4.378092
3688,1000,0.90,100,3,35,1.0927,88,96.00,5.876160
3689,1000,0.90,100,3,35,0.9475,89,65.00,70.036858
3690,1000,0.90,100,3,35,0.9375,90,85.00,9.016695
3691,1000,0.90,100,3,35,0.8929,91,70.00,60.917770
3692,1000,0.90,100,3,35,0.9154,92,62.00,137.365082
3693,1000,0.90,100,3,35,0.9219,93,96.00,3.896477
3694,1000,0.90,100,3,35,0.9915,94,83.00,23.051090
3695,1000,0.90,100,3,35,1.0018,95,96.00,12.840981
3696,1000,0.90,100,3,35,0.9345,96,143.00,11.778973
3697,1000,0.90,100,3,35,0.9452,97,63.00,129.495438
3698,1000,0.90,100,3,35,0.9464,98,92.00,5.869241
3699,1000,0.90,100,3,35,0.9338,99,117.00,11.478127
3700,1000,0.95,50,3,35,0.9545,0,83.00,24.257296
3701,1000,0.95,50,3,35,0.8959,1,86.00,27.272371
3702,1000,0.95,50,3,35,1.0194,2,101.00,8.809482
3703,1000,0.95,50,3,35,1.0088,3,100.00,13.775386
3704,1000,0.95,50,3,35,1.0894,4,62.00,37.650307
3705,1000,0.95,50,3,35,0.9556,5,73.00,27.953667
3706,1000,0.95,50,3,35,0.9695,6,79.00,35.089020
3707,1000,0.95,50,3,35,0.9384,7,69.00,51.417435
3708,1000,0.95,50,3,35,1.0682,8,87.00,33.167126
3709,1000,0.95,50,3,35,0.9372,9,94.00,1.700702
3710,1000,0.95,50,3,35,0.9356,10,73.00,36.424595
3711,1000,0.95,50,3,35,0.9401,11,110.00,27.593517
3712,1000,0.95,50,3,35,1.2399,12,57.00,259.068085
3713,1000,0.95,50,3,35,0.9234,13,59.00,75.102684
3714,1000,0.95,50,3,35,1.0031,14,62.00,42.297882
3715,1000,0.95,50,3,35,1.0673,15,102.00,3.518307
3716,1000,0.95,50,3,35,0.8385,16,85.00,18.875086
3717,1000,0.95,50,3,35,1.0540,17,78.00,27.289072
3718,1000,0.95,50,3,35,1.1431,18,107.00,12.224289
3719,1000,0.95,50,3,35,0.9807,19,95.00,9.957355
3720,1000,0.95,50,3,35,0.8329,20,79.00,8.126307
3721,1000,0.95,50,3,35,0.7692,21,49.00,141.241776
3722,1000,0.95,50,3,35,0.8272,22,85.00,20.106705
3723,1000,0.95,50,3,35,0.9890,23,89.00,21.532627
3724,1000,0.95,50,3,35,0.7686,24,126.00,26.450949
3725,1000,0.95,50,3,35,0.9657,25,81.00,12.379323
3726,1000,0.95,50,3,35,0.9867,26,85.00,68.171013
3727,1000,0.95,50,3,35,1.0573,27,106.00,4.143899
3728,1000,0.95,50,3,35,0.8567,28,54.00,56.632240
3729,1000,0.95,50,3,35,1.0592,29,71.00,44.300987
3730,1000,0.95,50,3,35,0.8546,30,57.00,123.093964
3731,1000,0.95,50,3,35,0.8691,31,53.00,206.031860
3732,1000,0.95,50,3,35,0.9141,32,101.00,5.884679
3733,1000,0.95,50,3,35,1.0518,33,76.00,13.670034
3734,1000,0.95,50,3,35,0.7476,34,83.00,11.699142
3735,1000,0.95,50,3,35,0.8327,35,51.00,51.465935
3736,1000,0.95,50,3,35,0.9921,36,64.00,56.880516
3737,1000,0.95,50,3,35,0.9614,37,86.00,38.236134
3738,1000,0.95,50,3,35,0.8105,38,83.00,11.535229
3739,1000,0.95,50,3,35,1.0890,39,75.00,35.884220
3740,1000,0.95,50,3,35,0.9687,40,53.00,62.472988
3741,1000,0.95,50,3,35,0.9744,41,104.00,3.776284
3742,1000,0.95,50,3,35,0.9558,42,89.00,17.879923
3743,1000,0.95,50,3,35,0.8007,43,71.00,8.865252
3744,1000,0.95,50,3,35,0.9418,44,73.00,62.933262
3745,1000,0.95,50,3,35,1.1043,45,95.00,32.625084
3746,1000,0.95,50,3,35,0.8374,46,105.00,23.152157
3747,1000,0.95,50,3,35,0.9029,47,100.00,9.587545
3748,1000,0.95,50,3,35,0.9453,48,75.00,66.092369
3749,1000,0.95,50,3,35,0.9242,49,93.00,17.716631
3750,1000,0.95,50,3,35,0.9361,50,71.00,136.205139
3751,1000,0.95,50,3,35,0.8783,51,53.00,144.809357
3752,1000,0.95,50,3,35,1.0941,52,92.00,70.901901
3753,1000,0.95,50,3,35,1.0312,53,100.00,6.186415
3754,1000,0.95,50,3,35,0.8567,54,90.00,10.895055
3755,1000,0.95,50,3,35,1.0495,55,91.00,32.956657
3756,1000,0.95,50,3,35,1.1089,56,97.00,2.976918
3757,1000,0.95,50,3,35,1.0068,57,101.00,4.327448
3758,1000,0.95,50,3,35,0.8178,58,115.00,12.639510
3759,1000,0.95,50,3,35,0.8261,59,50.00,640.239014
3760,1000,0.95,50,3,35,0.9784,60,82.00,26.523632
3761,1000,0.95,50,3,35,1.0712,61,71.00,36.023052
3762,1000,0.95,50,3,35,1.0074,62,94.00,22.586594
3763,1000,0.95,50,3,35,1.1267,63,78.00,78.359398
3764,1000,0.95,50,3,35,1.0961,64,107.00,2.271687
3765,1000,0.95,50,3,35,0.9936,65,52.00,105.343140
3766,1000,0.95,50,3,35,0.7086,66,78.00,52.882778
3767,1000,0.95,50,3,35,0.8526,67,60.00,109.354469
3768,1000,0.95,50,3,35,0.7933,68,93.00,18.954865
3769,1000,0.95,50,3,35,0.9159,69,96.00,6.487670
3770,1000,0.95,50,3,35,0.9284,70,104.00,38.261765
3771,1000,0.95,50,3,35,0.8138,71,66.00,61.427158
3772,1000,0.95,50,3,35,0.9193,72,56.00,24.768419
3773,1000,0.95,50,3,35,0.9758,73,68.00,21.100061
3774,1000,0.95,50,3,35,1.1349,74,86.00,40.265884
3775,1000,0.95,50,3,35,1.0229,75,78.00,23.108931
3776,1000,0.95,50,3,35,0.9431,76,63.00,73.816734
3777,1000,0.95,50,3,35,1.0940,77,73.00,5.956254
3778,1000,0.95,50,3,35,0.9073,78,47.00,984.157166
3779,1000,0.95,50,3,35,1.0305,79,91.00,14.448841
3780,1000,0.95,50,3,35,1.0314,80,101.00,3.538271
3781,1000,0.95,50,3,35,1.0284,81,103.00,11.175026
3782,1000,0.95,50,3,35,0.9430,82,49.00,600.871582
3783,1000,0.95,50,3,35,1.0074,83,106.00,3.895066
3784,1000,0.95,50,3,35,1.1010,84,93.00,12.695316
3785,1000,0.95,50,3,35,1.1214,85,69.00,1548.942139
3786,1000,0.95,50,3,35,0.9855,86,118.00,9.120530
3787,1000,0.95,50,3,35,1.0571,87,100.00,3.135501
3788,1000,0.95,50,3,35,0.8043,88,77.00,29.160400
3789,1000,0.95,50,3,35,0.7699,89,78.00,25.645849
3790,1000,0.95,50,3,35,1.0504,90,82.00,31.485521
3791,1000,0.95,50,3,35,1.1739,91,48.00,1389.126831
3792,1000,0.95,50,3,35,0.8435,92,98.00,5.793999
3793,1000,0.95,50,3,35,0.9754,93,112.00,7.253692
3794,1000,0.95,50,3,35,0.8650,94,65.00,36.853127
3795,1000,0.95,50,3,35,0.9101,95,100.00,2.575472
3796,1000,0.95,50,3,35,1.1582,96,81.00,16.767397
3797,1000,0.95,50,3,35,1.0517,97,121.00,68.115532
3798,1000,0.95,50,3,35,0.8183,98,190.00,49.563782
3799,1000,0.95,50,3,35,1.0413,99,117.00,123.173531
