index,n,epsilon,d,m,k,t,pr,bias_type,repeat,time_mu_s,model_error
0,1000,0.10,900,2,17,1.0182,0.00,constant,0,317.00,0.051027
1,1000,0.10,900,2,17,0.9623,0.00,constant,1,379.00,0.234116
2,1000,0.10,900,2,17,0.9715,0.00,constant,2,368.00,0.034366
3,1000,0.10,900,2,17,0.9789,0.00,constant,3,367.00,0.079510
4,1000,0.10,900,2,17,1.0454,0.00,constant,4,365.00,0.046738
5,1000,0.10,900,2,17,0.9606,0.00,constant,5,343.00,0.077135
6,1000,0.10,900,2,17,1.0290,0.00,constant,6,342.00,0.014619
7,1000,0.10,900,2,17,1.0469,0.00,constant,7,356.00,0.106538
8,1000,0.10,900,2,17,0.9996,0.00,constant,8,352.00,0.060571
9,1000,0.10,900,2,17,1.0288,0.00,constant,9,342.00,0.197492
10,1000,0.10,900,2,17,1.0264,0.00,constant,10,364.00,0.063675
11,1000,0.10,900,2,17,0.9951,0.00,constant,11,378.00,0.090151
12,1000,0.10,900,2,17,1.0002,0.00,constant,12,392.00,0.154738
13,1000,0.10,900,2,17,0.9887,0.00,constant,13,354.00,0.147315
14,1000,0.10,900,2,17,1.0175,0.00,constant,14,365.00,0.038248
15,1000,0.10,900,2,17,1.0525,0.00,constant,15,333.00,0.092884
16,1000,0.10,900,2,17,0.9921,0.00,constant,16,356.00,0.097672
17,1000,0.10,900,2,17,1.0243,0.00,constant,17,368.00,0.127262
18,1000,0.10,900,2,17,1.0411,0.00,constant,18,360.00,0.097865
19,1000,0.10,900,2,17,0.9524,0.00,constant,19,367.00,0.136575
20,1000,0.10,900,2,17,1.0032,0.00,constant,20,332.00,0.087764
21,1000,0.10,900,2,17,0.9978,0.00,constant,21,361.00,0.155555
22,1000,0.10,900,2,17,1.0134,0.00,constant,22,337.00,0.077233
23,1000,0.10,900,2,17,1.0048,0.00,constant,23,345.00,0.196998
24,1000,0.10,900,2,17,1.0121,0.00,constant,24,360.00,0.126446
25,1000,0.10,900,2,17,1.0050,0.00,constant,25,377.00,0.152553
26,1000,0.10,900,2,17,0.9779,0.00,constant,26,347.00,0.190411
27,1000,0.10,900,2,17,0.9912,0.00,constant,27,354.00,0.101891
28,1000,0.10,900,2,17,0.9855,0.00,constant,28,344.00,0.043436
29,1000,0.10,900,2,17,1.0166,0.00,constant,29,354.00,0.116401
30,1000,0.10,900,2,17,0.9724,0.00,constant,30,361.00,0.217125
31,1000,0.10,900,2,17,0.9897,0.00,constant,31,345.00,0.097130
32,1000,0.10,900,2,17,1.0209,0.00,constant,32,377.00,0.183825
33,1000,0.10,900,2,17,0.9572,0.00,constant,33,376.00,0.113233
34,1000,0.10,900,2,17,1.0119,0.00,constant,34,335.00,0.083704
35,1000,0.10,900,2,17,1.0213,0.00,constant,35,362.00,0.074191
36,1000,0.10,900,2,17,0.9718,0.00,constant,36,339.00,0.061028
37,1000,0.10,900,2,17,1.0072,0.00,constant,37,343.00,0.033932
38,1000,0.10,900,2,17,1.0261,0.00,constant,38,339.00,0.054128
39,1000,0.10,900,2,17,1.0478,0.00,constant,39,364.00,0.091100
40,1000,0.10,900,2,17,1.0334,0.00,constant,40,337.00,0.188260
41,1000,0.10,900,2,17,1.0133,0.00,constant,41,358.00,0.179006
42,1000,0.10,900,2,17,1.0215,0.00,constant,42,362.00,0.041670
43,1000,0.10,900,2,17,0.9782,0.00,constant,43,373.00,0.167193
44,1000,0.10,900,2,17,0.9804,0.00,constant,44,335.00,0.267500
45,1000,0.10,900,2,17,1.0276,0.00,constant,45,356.00,0.045371
46,1000,0.10,900,2,17,1.0010,0.00,constant,46,352.00,0.300226
47,1000,0.10,900,2,17,1.0050,0.00,constant,47,395.00,0.209328
48,1000,0.10,900,2,17,0.9864,0.00,constant,48,337.00,0.092389
49,1000,0.10,900,2,17,0.9849,0.00,constant,49,377.00,0.011513
50,1000,0.10,900,2,17,0.9868,0.00,constant,50,371.00,0.059456
51,1000,0.10,900,2,17,0.9741,0.00,constant,51,364.00,0.315864
52,1000,0.10,900,2,17,1.0016,0.00,constant,52,353.00,0.054177
53,1000,0.10,900,2,17,0.9672,0.00,constant,53,352.00,0.111446
54,1000,0.10,900,2,17,0.9907,0.00,constant,54,322.00,0.094384
55,1000,0.10,900,2,17,1.0076,0.00,constant,55,360.00,0.265935
56,1000,0.10,900,2,17,0.9621,0.00,constant,56,375.00,0.046972
57,1000,0.10,900,2,17,0.9711,0.00,constant,57,322.00,0.049475
58,1000,0.10,900,2,17,1.0306,0.00,constant,58,365.00,0.075430
59,1000,0.10,900,2,17,0.9352,0.00,constant,59,389.00,0.114722
60,1000,0.10,900,2,17,0.9708,0.00,constant,60,361.00,0.009069
61,1000,0.10,900,2,17,1.0138,0.00,constant,61,365.00,0.049015
62,1000,0.10,900,2,17,1.0087,0.00,constant,62,348.00,0.041478
63,1000,0.10,900,2,17,0.9924,0.00,constant,63,356.00,0.250219
64,1000,0.10,900,2,17,1.0095,0.00,constant,64,362.00,0.035931
65,1000,0.10,900,2,17,0.9770,0.00,constant,65,341.00,0.177662
66,1000,0.10,900,2,17,0.9717,0.00,constant,66,365.00,0.236969
67,1000,0.10,900,2,17,1.0235,0.00,constant,67,352.00,0.091506
68,1000,0.10,900,2,17,1.0017,0.00,constant,68,365.00,0.093876
69,1000,0.10,900,2,17,0.9945,0.00,constant,69,398.00,0.587540
70,1000,0.10,900,2,17,0.9930,0.00,constant,70,412.00,0.256112
71,1000,0.10,900,2,17,0.9881,0.00,constant,71,407.00,0.266203
72,1000,0.10,900,2,17,0.9785,0.00,constant,72,347.00,0.017130
73,1000,0.10,900,2,17,0.9873,0.00,constant,73,378.00,0.103572
74,1000,0.10,900,2,17,1.0140,0.00,constant,74,340.00,0.160488
75,1000,0.10,900,2,17,1.0171,0.00,constant,75,343.00,0.103751
76,1000,0.10,900,2,17,0.9472,0.00,constant,76,376.00,0.061171
77,1000,0.10,900,2,17,0.9881,0.00,constant,77,375.00,0.148196
78,1000,0.10,900,2,17,0.9868,0.00,constant,78,398.00,0.278256
79,1000,0.10,900,2,17,0.9949,0.00,constant,79,358.00,0.178072
80,1000,0.10,900,2,17,1.0199,0.00,constant,80,329.00,0.027955
81,1000,0.10,900,2,17,1.0420,0.00,constant,81,352.00,0.110814
82,1000,0.10,900,2,17,0.9852,0.00,constant,82,388.00,0.020410
83,1000,0.10,900,2,17,1.0106,0.00,constant,83,334.00,0.085057
84,1000,0.10,900,2,17,1.0057,0.00,constant,84,342.00,0.219496
85,1000,0.10,900,2,17,1.0176,0.00,constant,85,364.00,0.099992
86,1000,0.10,900,2,17,1.0057,0.00,constant,86,358.00,0.225422
87,1000,0.10,900,2,17,1.0000,0.00,constant,87,343.00,0.117546
88,1000,0.10,900,2,17,0.9773,0.00,constant,88,345.00,0.035245
89,1000,0.10,900,2,17,0.9677,0.00,constant,89,347.00,0.069120
90,1000,0.10,900,2,17,0.9893,0.00,constant,90,376.00,0.216448
91,1000,0.10,900,2,17,0.9814,0.00,constant,91,347.00,0.157828
92,1000,0.10,900,2,17,0.9785,0.00,constant,92,370.00,0.139079
93,1000,0.10,900,2,17,0.9620,0.00,constant,93,377.00,0.060530
94,1000,0.10,900,2,17,0.9735,0.00,constant,94,376.00,0.056688
95,1000,0.10,900,2,17,0.9620,0.00,constant,95,371.00,0.069942
96,1000,0.10,900,2,17,1.0312,0.00,constant,96,404.00,0.228038
97,1000,0.10,900,2,17,0.9761,0.00,constant,97,338.00,0.076383
98,1000,0.10,900,2,17,1.0221,0.00,constant,98,343.00,0.290852
99,1000,0.10,900,2,17,0.9929,0.00,constant,99,318.00,0.031441
100,1000,0.10,900,2,17,1.1097,0.05,constant,0,370.00,0.148639
101,1000,0.10,900,2,17,1.1133,0.05,constant,1,384.00,0.091876
102,1000,0.10,900,2,17,1.0973,0.05,constant,2,352.00,0.015859
103,1000,0.10,900,2,17,1.0657,0.05,constant,3,359.00,0.047535
104,1000,0.10,900,2,17,1.1112,0.05,constant,4,393.00,0.089259
105,1000,0.10,900,2,17,1.0730,0.05,constant,5,369.00,0.062153
106,1000,0.10,900,2,17,1.0754,0.05,constant,6,366.00,0.065279
107,1000,0.10,900,2,17,1.0750,0.05,constant,7,347.00,0.096887
108,1000,0.10,900,2,17,1.0614,0.05,constant,8,376.00,0.089000
109,1000,0.10,900,2,17,1.0798,0.05,constant,9,343.00,0.167420
110,1000,0.10,900,2,17,1.1013,0.05,constant,10,357.00,0.249619
111,1000,0.10,900,2,17,1.1027,0.05,constant,11,331.00,0.134806
112,1000,0.10,900,2,17,1.1322,0.05,constant,12,342.00,0.106937
113,1000,0.10,900,2,17,1.0786,0.05,constant,13,330.00,0.172345
114,1000,0.10,900,2,17,1.0723,0.05,constant,14,375.00,0.222770
115,1000,0.10,900,2,17,1.1250,0.05,constant,15,380.00,0.459234
116,1000,0.10,900,2,17,1.0879,0.05,constant,16,385.00,0.071489
117,1000,0.10,900,2,17,1.0677,0.05,constant,17,365.00,0.041352
118,1000,0.10,900,2,17,1.1307,0.05,constant,18,358.00,0.084762
119,1000,0.10,900,2,17,1.0735,0.05,constant,19,402.00,0.399984
120,1000,0.10,900,2,17,1.0732,0.05,constant,20,349.00,0.085661
121,1000,0.10,900,2,17,1.1215,0.05,constant,21,338.00,0.077730
122,1000,0.10,900,2,17,1.1285,0.05,constant,22,335.00,0.153076
123,1000,0.10,900,2,17,1.0641,0.05,constant,23,336.00,0.067111
124,1000,0.10,900,2,17,1.0916,0.05,constant,24,359.00,0.062473
125,1000,0.10,900,2,17,1.1197,0.05,constant,25,371.00,0.186386
126,1000,0.10,900,2,17,1.1043,0.05,constant,26,363.00,0.090002
127,1000,0.10,900,2,17,1.0556,0.05,constant,27,323.00,0.185046
128,1000,0.10,900,2,17,1.1136,0.05,constant,28,358.00,0.025377
129,1000,0.10,900,2,17,1.0721,0.05,constant,29,376.00,0.101809
130,1000,0.10,900,2,17,1.0960,0.05,constant,30,357.00,0.361525
131,1000,0.10,900,2,17,1.1230,0.05,constant,31,358.00,0.030587
132,1000,0.10,900,2,17,1.1233,0.05,constant,32,354.00,0.038558
133,1000,0.10,900,2,17,1.1393,0.05,constant,33,361.00,0.232378
134,1000,0.10,900,2,17,1.1271,0.05,constant,34,345.00,0.234964
135,1000,0.10,900,2,17,1.0966,0.05,constant,35,373.00,0.114630
136,1000,0.10,900,2,17,1.0654,0.05,constant,36,347.00,0.105693
137,1000,0.10,900,2,17,1.0789,0.05,constant,37,368.00,0.151930
138,1000,0.10,900,2,17,1.1178,0.05,constant,38,357.00,0.142961
139,1000,0.10,900,2,17,1.0995,0.05,constant,39,366.00,0.014247
140,1000,0.10,900,2,17,1.1048,0.05,constant,40,372.00,0.057932
141,1000,0.10,900,2,17,1.0880,0.05,constant,41,353.00,0.043765
142,1000,0.10,900,2,17,1.1005,0.05,constant,42,373.00,0.102611
143,1000,0.10,900,2,17,1.1502,0.05,constant,43,362.00,0.165424
144,1000,0.10,900,2,17,1.1203,0.05,constant,44,343.00,0.072216
145,1000,0.10,900,2,17,1.1338,0.05,constant,45,373.00,0.556398
146,1000,0.10,900,2,17,1.0576,0.05,constant,46,360.00,0.129486
147,1000,0.10,900,2,17,1.0982,0.05,constant,47,314.00,0.113058
148,1000,0.10,900,2,17,1.0776,0.05,constant,48,368.00,0.128408
149,1000,0.10,900,2,17,1.1300,0.05,constant,49,337.00,0.028040
150,1000,0.10,900,2,17,1.1661,0.05,constant,50,360.00,0.066210
151,1000,0.10,900,2,17,1.0602,0.05,constant,51,367.00,0.319845
152,1000,0.10,900,2,17,1.0760,0.05,constant,52,350.00,0.059952
153,1000,0.10,900,2,17,1.0493,0.05,constant,53,386.00,0.343563
154,1000,0.10,900,2,17,1.1016,0.05,constant,54,380.00,0.100489
155,1000,0.10,900,2,17,1.1388,0.05,constant,55,322.00,0.010068
156,1000,0.10,900,2,17,1.0969,0.05,constant,56,372.00,0.059795
157,1000,0.10,900,2,17,1.0917,0.05,constant,57,357.00,0.346551
158,1000,0.10,900,2,17,1.1285,0.05,constant,58,361.00,0.274456
159,1000,0.10,900,2,17,1.0533,0.05,constant,59,389.00,0.094804
160,1000,0.10,900,2,17,1.0553,0.05,constant,60,339.00,0.217248
161,1000,0.10,900,2,17,1.0575,0.05,constant,61,340.00,0.043838
162,1000,0.10,900,2,17,1.0753,0.05,constant,62,385.00,0.080585
163,1000,0.10,900,2,17,1.0838,0.05,constant,63,369.00,0.282651
164,1000,0.10,900,2,17,1.2013,0.05,constant,64,359.00,0.110317
165,1000,0.10,900,2,17,1.0830,0.05,constant,65,351.00,0.049059
166,1000,0.10,900,2,17,1.0744,0.05,constant,66,343.00,0.100184
167,1000,0.10,900,2,17,1.1521,0.05,constant,67,378.00,0.131671
168,1000,0.10,900,2,17,1.1029,0.05,constant,68,370.00,0.203009
169,1000,0.10,900,2,17,1.0641,0.05,constant,69,349.00,0.066218
170,1000,0.10,900,2,17,1.1090,0.05,constant,70,372.00,0.037423
171,1000,0.10,900,2,17,1.0795,0.05,constant,71,352.00,0.258636
172,1000,0.10,900,2,17,1.0712,0.05,constant,72,364.00,0.026416
173,1000,0.10,900,2,17,1.1097,0.05,constant,73,334.00,0.043308
174,1000,0.10,900,2,17,1.1091,0.05,constant,74,356.00,0.309433
175,1000,0.10,900,2,17,1.0528,0.05,constant,75,355.00,0.102441
176,1000,0.10,900,2,17,1.1201,0.05,constant,76,375.00,0.050040
177,1000,0.10,900,2,17,1.0920,0.05,constant,77,386.00,0.674429
178,1000,0.10,900,2,17,1.0912,0.05,constant,78,359.00,0.095302
179,1000,0.10,900,2,17,1.1309,0.05,constant,79,374.00,0.135347
180,1000,0.10,900,2,17,1.0967,0.05,constant,80,317.00,0.094191
181,1000,0.10,900,2,17,1.0640,0.05,constant,81,339.00,0.150639
182,1000,0.10,900,2,17,1.0738,0.05,constant,82,348.00,0.242097
183,1000,0.10,900,2,17,1.1343,0.05,constant,83,366.00,0.175560
184,1000,0.10,900,2,17,1.0981,0.05,constant,84,338.00,0.058816
185,1000,0.10,900,2,17,1.0976,0.05,constant,85,362.00,0.192325
186,1000,0.10,900,2,17,1.1212,0.05,constant,86,361.00,0.170486
187,1000,0.10,900,2,17,1.1155,0.05,constant,87,367.00,0.542143
188,1000,0.10,900,2,17,1.0680,0.05,constant,88,356.00,0.463982
189,1000,0.10,900,2,17,1.0262,0.05,constant,89,355.00,0.224268
190,1000,0.10,900,2,17,1.0982,0.05,constant,90,378.00,0.443143
191,1000,0.10,900,2,17,1.0673,0.05,constant,91,337.00,0.086383
192,1000,0.10,900,2,17,1.1095,0.05,constant,92,355.00,0.061833
193,1000,0.10,900,2,17,1.0693,0.05,constant,93,352.00,0.061996
194,1000,0.10,900,2,17,1.1355,0.05,constant,94,362.00,0.093249
195,1000,0.10,900,2,17,1.1185,0.05,constant,95,361.00,0.485907
196,1000,0.10,900,2,17,1.1299,0.05,constant,96,365.00,0.175978
197,1000,0.10,900,2,17,1.0554,0.05,constant,97,414.00,0.099506
198,1000,0.10,900,2,17,1.1210,0.05,constant,98,342.00,0.199645
199,1000,0.10,900,2,17,1.0826,0.05,constant,99,369.00,0.134587
200,1000,0.10,900,2,17,1.1764,0.10,constant,0,358.00,0.142002
201,1000,0.10,900,2,17,1.2185,0.10,constant,1,397.00,0.216534
202,1000,0.10,900,2,17,1.2454,0.10,constant,2,328.00,0.237362
203,1000,0.10,900,2,17,1.1933,0.10,constant,3,391.00,0.163434
204,1000,0.10,900,2,17,1.1880,0.10,constant,4,372.00,0.108046
205,1000,0.10,900,2,17,1.1893,0.10,constant,5,371.00,0.077991
206,1000,0.10,900,2,17,1.1941,0.10,constant,6,377.00,0.301011
207,1000,0.10,900,2,17,1.1673,0.10,constant,7,413.00,0.098002
208,1000,0.10,900,2,17,1.1595,0.10,constant,8,371.00,0.171106
209,1000,0.10,900,2,17,1.1624,0.10,constant,9,377.00,0.148010
210,1000,0.10,900,2,17,1.1565,0.10,constant,10,364.00,0.131829
211,1000,0.10,900,2,17,1.2403,0.10,constant,11,390.00,0.313607
212,1000,0.10,900,2,17,1.1681,0.10,constant,12,385.00,0.083854
213,1000,0.10,900,2,17,1.2190,0.10,constant,13,363.00,0.120353
214,1000,0.10,900,2,17,1.1873,0.10,constant,14,380.00,0.174019
215,1000,0.10,900,2,17,1.1944,0.10,constant,15,361.00,0.135831
216,1000,0.10,900,2,17,1.1954,0.10,constant,16,395.00,0.119749
217,1000,0.10,900,2,17,1.1808,0.10,constant,17,420.00,0.492076
218,1000,0.10,900,2,17,1.1606,0.10,constant,18,382.00,0.137681
219,1000,0.10,900,2,17,1.2331,0.10,constant,19,357.00,0.218573
220,1000,0.10,900,2,17,1.1598,0.10,constant,20,358.00,0.051343
221,1000,0.10,900,2,17,1.1810,0.10,constant,21,326.00,0.152493
222,1000,0.10,900,2,17,1.1734,0.10,constant,22,325.00,0.104284
223,1000,0.10,900,2,17,1.1695,0.10,constant,23,353.00,0.184890
224,1000,0.10,900,2,17,1.1290,0.10,constant,24,340.00,0.279557
225,1000,0.10,900,2,17,1.1456,0.10,constant,25,361.00,0.195845
226,1000,0.10,900,2,17,1.1745,0.10,constant,26,358.00,0.084963
227,1000,0.10,900,2,17,1.1680,0.10,constant,27,339.00,0.057794
228,1000,0.10,900,2,17,1.2143,0.10,constant,28,368.00,0.120105
229,1000,0.10,900,2,17,1.2021,0.10,constant,29,330.00,0.087880
230,1000,0.10,900,2,17,1.2147,0.10,constant,30,393.00,0.299402
231,1000,0.10,900,2,17,1.1914,0.10,constant,31,362.00,0.122837
232,1000,0.10,900,2,17,1.1733,0.10,constant,32,357.00,0.228806
233,1000,0.10,900,2,17,1.1815,0.10,constant,33,334.00,0.123223
234,1000,0.10,900,2,17,1.1668,0.10,constant,34,374.00,0.193070
235,1000,0.10,900,2,17,1.1284,0.10,constant,35,369.00,0.141842
236,1000,0.10,900,2,17,1.1840,0.10,constant,36,368.00,0.124248
237,1000,0.10,900,2,17,1.1535,0.10,constant,37,369.00,0.136631
238,1000,0.10,900,2,17,1.1597,0.10,constant,38,364.00,0.422700
239,1000,0.10,900,2,17,1.1413,0.10,constant,39,346.00,0.093185
240,1000,0.10,900,2,17,1.1938,0.10,constant,40,366.00,0.055831
241,1000,0.10,900,2,17,1.1379,0.10,constant,41,365.00,0.166492
242,1000,0.10,900,2,17,1.1933,0.10,constant,42,349.00,0.186666
243,1000,0.10,900,2,17,1.2066,0.10,constant,43,348.00,0.075718
244,1000,0.10,900,2,17,1.1737,0.10,constant,44,354.00,0.133586
245,1000,0.10,900,2,17,1.1660,0.10,constant,45,337.00,0.274704
246,1000,0.10,900,2,17,1.1575,0.10,constant,46,330.00,0.221945
247,1000,0.10,900,2,17,1.1766,0.10,constant,47,364.00,0.136992
248,1000,0.10,900,2,17,1.1922,0.10,constant,48,345.00,0.083775
249,1000,0.10,900,2,17,1.1473,0.10,constant,49,370.00,0.158949
250,1000,0.10,900,2,17,1.2465,0.10,constant,50,378.00,0.319460
251,1000,0.10,900,2,17,1.1647,0.10,constant,51,356.00,0.329568
252,1000,0.10,900,2,17,1.1754,0.10,constant,52,358.00,0.117102
253,1000,0.10,900,2,17,1.1640,0.10,constant,53,368.00,0.088763
254,1000,0.10,900,2,17,1.1679,0.10,constant,54,332.00,0.074261
255,1000,0.10,900,2,17,1.1681,0.10,constant,55,344.00,0.075731
256,1000,0.10,900,2,17,1.1874,0.10,constant,56,375.00,0.063512
257,1000,0.10,900,2,17,1.1583,0.10,constant,57,345.00,0.216745
258,1000,0.10,900,2,17,1.2362,0.10,constant,58,333.00,0.122499
259,1000,0.10,900,2,17,1.2327,0.10,constant,59,332.00,0.152342
260,1000,0.10,900,2,17,1.1189,0.10,constant,60,388.00,0.086507
261,1000,0.10,900,2,17,1.1657,0.10,constant,61,380.00,0.101366
262,1000,0.10,900,2,17,1.1724,0.10,constant,62,374.00,0.140092
263,1000,0.10,900,2,17,1.1477,0.10,constant,63,377.00,0.317092
264,1000,0.10,900,2,17,1.2349,0.10,constant,64,385.00,0.177601
265,1000,0.10,900,2,17,1.2205,0.10,constant,65,378.00,0.197169
266,1000,0.10,900,2,17,1.1179,0.10,constant,66,374.00,0.316745
267,1000,0.10,900,2,17,1.1560,0.10,constant,67,353.00,0.115261
268,1000,0.10,900,2,17,1.1938,0.10,constant,68,361.00,0.099821
269,1000,0.10,900,2,17,1.1802,0.10,constant,69,363.00,0.251609
270,1000,0.10,900,2,17,1.2108,0.10,constant,70,371.00,0.132456
271,1000,0.10,900,2,17,1.1539,0.10,constant,71,371.00,0.209254
272,1000,0.10,900,2,17,1.1386,0.10,constant,72,361.00,0.148089
273,1000,0.10,900,2,17,1.1928,0.10,constant,73,344.00,0.136850
274,1000,0.10,900,2,17,1.1917,0.10,constant,74,366.00,0.438237
275,1000,0.10,900,2,17,1.1952,0.10,constant,75,360.00,0.206310
276,1000,0.10,900,2,17,1.1636,0.10,constant,76,350.00,0.123616
277,1000,0.10,900,2,17,1.1590,0.10,constant,77,384.00,0.119038
278,1000,0.10,900,2,17,1.1710,0.10,constant,78,374.00,0.046576
279,1000,0.10,900,2,17,1.1750,0.10,constant,79,400.00,0.209454
280,1000,0.10,900,2,17,1.1746,0.10,constant,80,346.00,0.248978
281,1000,0.10,900,2,17,1.1937,0.10,constant,81,362.00,0.127175
282,1000,0.10,900,2,17,1.1943,0.10,constant,82,338.00,0.086494
283,1000,0.10,900,2,17,1.1813,0.10,constant,83,347.00,0.166952
284,1000,0.10,900,2,17,1.1531,0.10,constant,84,326.00,0.144235
285,1000,0.10,900,2,17,1.1672,0.10,constant,85,336.00,0.131358
286,1000,0.10,900,2,17,1.1667,0.10,constant,86,359.00,0.127245
287,1000,0.10,900,2,17,1.2068,0.10,constant,87,365.00,0.121702
288,1000,0.10,900,2,17,1.1957,0.10,constant,88,417.00,0.268043
289,1000,0.10,900,2,17,1.1655,0.10,constant,89,355.00,0.089012
290,1000,0.10,900,2,17,1.2037,0.10,constant,90,356.00,0.067153
291,1000,0.10,900,2,17,1.1892,0.10,constant,91,331.00,0.050542
292,1000,0.10,900,2,17,1.1851,0.10,constant,92,357.00,0.118058
293,1000,0.10,900,2,17,1.2295,0.10,constant,93,369.00,0.180397
294,1000,0.10,900,2,17,1.1982,0.10,constant,94,323.00,0.100667
295,1000,0.10,900,2,17,1.1515,0.10,constant,95,344.00,0.158269
296,1000,0.10,900,2,17,1.0931,0.10,constant,96,343.00,0.194639
297,1000,0.10,900,2,17,1.1774,0.10,constant,97,345.00,0.173065
298,1000,0.10,900,2,17,1.1809,0.10,constant,98,340.00,0.187370
299,1000,0.10,900,2,17,1.1636,0.10,constant,99,362.00,0.034384
300,1000,0.10,900,2,17,1.1936,0.15,constant,0,357.00,0.136950
301,1000,0.10,900,2,17,1.2353,0.15,constant,1,346.00,0.283281
302,1000,0.10,900,2,17,1.1981,0.15,constant,2,353.00,0.132179
303,1000,0.10,900,2,17,1.2496,0.15,constant,3,336.00,0.139904
304,1000,0.10,900,2,17,1.2627,0.15,constant,4,374.00,0.170309
305,1000,0.10,900,2,17,1.2075,0.15,constant,5,359.00,0.263708
306,1000,0.10,900,2,17,1.2113,0.15,constant,6,359.00,0.122765
307,1000,0.10,900,2,17,1.2458,0.15,constant,7,334.00,0.063981
308,1000,0.10,900,2,17,1.2071,0.15,constant,8,367.00,0.126361
309,1000,0.10,900,2,17,1.2250,0.15,constant,9,353.00,0.139692
310,1000,0.10,900,2,17,1.1929,0.15,constant,10,377.00,0.109811
311,1000,0.10,900,2,17,1.1914,0.15,constant,11,360.00,0.339434
312,1000,0.10,900,2,17,1.2178,0.15,constant,12,361.00,0.112739
313,1000,0.10,900,2,17,1.2050,0.15,constant,13,340.00,0.179801
314,1000,0.10,900,2,17,1.2566,0.15,constant,14,393.00,0.177067
315,1000,0.10,900,2,17,1.2364,0.15,constant,15,378.00,0.301524
316,1000,0.10,900,2,17,1.2212,0.15,constant,16,372.00,0.316735
317,1000,0.10,900,2,17,1.2255,0.15,constant,17,384.00,0.190328
318,1000,0.10,900,2,17,1.2217,0.15,constant,18,401.00,0.072537
319,1000,0.10,900,2,17,1.2697,0.15,constant,19,345.00,0.158171
320,1000,0.10,900,2,17,1.2046,0.15,constant,20,371.00,0.138534
321,1000,0.10,900,2,17,1.2264,0.15,constant,21,365.00,0.234775
322,1000,0.10,900,2,17,1.2401,0.15,constant,22,358.00,0.226579
323,1000,0.10,900,2,17,1.2409,0.15,constant,23,359.00,0.141092
324,1000,0.10,900,2,17,1.2286,0.15,constant,24,355.00,0.097260
325,1000,0.10,900,2,17,1.2103,0.15,constant,25,372.00,0.513889
326,1000,0.10,900,2,17,1.2250,0.15,constant,26,335.00,0.143233
327,1000,0.10,900,2,17,1.1822,0.15,constant,27,338.00,0.222069
328,1000,0.10,900,2,17,1.1855,0.15,constant,28,360.00,0.160999
329,1000,0.10,900,2,17,1.2557,0.15,constant,29,360.00,0.155936
330,1000,0.10,900,2,17,1.2678,0.15,constant,30,360.00,0.375304
331,1000,0.10,900,2,17,1.3087,0.15,constant,31,354.00,0.456578
332,1000,0.10,900,2,17,1.2081,0.15,constant,32,357.00,0.126185
333,1000,0.10,900,2,17,1.2065,0.15,constant,33,362.00,0.160316
334,1000,0.10,900,2,17,1.2570,0.15,constant,34,363.00,0.212510
335,1000,0.10,900,2,17,1.2503,0.15,constant,35,355.00,0.290900
336,1000,0.10,900,2,17,1.2298,0.15,constant,36,362.00,0.223108
337,1000,0.10,900,2,17,1.1873,0.15,constant,37,355.00,0.531428
338,1000,0.10,900,2,17,1.2336,0.15,constant,38,360.00,0.182482
339,1000,0.10,900,2,17,1.2253,0.15,constant,39,369.00,0.082782
340,1000,0.10,900,2,17,1.1687,0.15,constant,40,339.00,0.165186
341,1000,0.10,900,2,17,1.2232,0.15,constant,41,380.00,0.188955
342,1000,0.10,900,2,17,1.2722,0.15,constant,42,379.00,0.558658
343,1000,0.10,900,2,17,1.2056,0.15,constant,43,372.00,0.119128
344,1000,0.10,900,2,17,1.2057,0.15,constant,44,350.00,0.058785
345,1000,0.10,900,2,17,1.2693,0.15,constant,45,362.00,0.176875
346,1000,0.10,900,2,17,1.2153,0.15,constant,46,364.00,0.082003
347,1000,0.10,900,2,17,1.2296,0.15,constant,47,366.00,0.110940
348,1000,0.10,900,2,17,1.2696,0.15,constant,48,353.00,0.257870
349,1000,0.10,900,2,17,1.2782,0.15,constant,49,353.00,0.235278
350,1000,0.10,900,2,17,1.2889,0.15,constant,50,356.00,0.197131
351,1000,0.10,900,2,17,1.2335,0.15,constant,51,338.00,0.284387
352,1000,0.10,900,2,17,1.2378,0.15,constant,52,405.00,0.086832
353,1000,0.10,900,2,17,1.2718,0.15,constant,53,378.00,0.170107
354,1000,0.10,900,2,17,1.2573,0.15,constant,54,366.00,0.348152
355,1000,0.10,900,2,17,1.2587,0.15,constant,55,346.00,0.160927
356,1000,0.10,900,2,17,1.2766,0.15,constant,56,339.00,0.095367
357,1000,0.10,900,2,17,1.3007,0.15,constant,57,358.00,0.427971
358,1000,0.10,900,2,17,1.2312,0.15,constant,58,349.00,0.147048
359,1000,0.10,900,2,17,1.2336,0.15,constant,59,346.00,0.126511
360,1000,0.10,900,2,17,1.2374,0.15,constant,60,367.00,0.207124
361,1000,0.10,900,2,17,1.2090,0.15,constant,61,355.00,0.119206
362,1000,0.10,900,2,17,1.2635,0.15,constant,62,380.00,0.183856
363,1000,0.10,900,2,17,1.2843,0.15,constant,63,370.00,0.209655
364,1000,0.10,900,2,17,1.2064,0.15,constant,64,357.00,0.306102
365,1000,0.10,900,2,17,1.2266,0.15,constant,65,360.00,0.717270
366,1000,0.10,900,2,17,1.2550,0.15,constant,66,380.00,0.375344
367,1000,0.10,900,2,17,1.2157,0.15,constant,67,361.00,0.069494
368,1000,0.10,900,2,17,1.2112,0.15,constant,68,386.00,0.101636
369,1000,0.10,900,2,17,1.1888,0.15,constant,69,372.00,0.075421
370,1000,0.10,900,2,17,1.2228,0.15,constant,70,354.00,0.109712
371,1000,0.10,900,2,17,1.1944,0.15,constant,71,347.00,0.344089
372,1000,0.10,900,2,17,1.2266,0.15,constant,72,365.00,0.184072
373,1000,0.10,900,2,17,1.1948,0.15,constant,73,338.00,0.278076
374,1000,0.10,900,2,17,1.2342,0.15,constant,74,355.00,0.044910
375,1000,0.10,900,2,17,1.1618,0.15,constant,75,386.00,0.124084
376,1000,0.10,900,2,17,1.1954,0.15,constant,76,381.00,0.141161
377,1000,0.10,900,2,17,1.2344,0.15,constant,77,375.00,0.319737
378,1000,0.10,900,2,17,1.2906,0.15,constant,78,366.00,0.187301
379,1000,0.10,900,2,17,1.2494,0.15,constant,79,388.00,0.182220
380,1000,0.10,900,2,17,1.2830,0.15,constant,80,347.00,0.131336
381,1000,0.10,900,2,17,1.2613,0.15,constant,81,336.00,0.181921
382,1000,0.10,900,2,17,1.2142,0.15,constant,82,353.00,0.096403
383,1000,0.10,900,2,17,1.2135,0.15,constant,83,369.00,0.227941
384,1000,0.10,900,2,17,1.2443,0.15,constant,84,397.00,0.130555
385,1000,0.10,900,2,17,1.3342,0.15,constant,85,330.00,0.099489
386,1000,0.10,900,2,17,1.2288,0.15,constant,86,375.00,0.379597
387,1000,0.10,900,2,17,1.2303,0.15,constant,87,376.00,0.104122
388,1000,0.10,900,2,17,1.2698,0.15,constant,88,372.00,0.158083
389,1000,0.10,900,2,17,1.1866,0.15,constant,89,341.00,0.218780
390,1000,0.10,900,2,17,1.2201,0.15,constant,90,357.00,0.303694
391,1000,0.10,900,2,17,1.2143,0.15,constant,91,375.00,0.134605
392,1000,0.10,900,2,17,1.2244,0.15,constant,92,362.00,0.167471
393,1000,0.10,900,2,17,1.2241,0.15,constant,93,369.00,0.302758
394,1000,0.10,900,2,17,1.2515,0.15,constant,94,366.00,0.360953
395,1000,0.10,900,2,17,1.2318,0.15,constant,95,326.00,0.142196
396,1000,0.10,900,2,17,1.2344,0.15,constant,96,383.00,0.142391
397,1000,0.10,900,2,17,1.2231,0.15,constant,97,307.00,0.193597
398,1000,0.10,900,2,17,1.1952,0.15,constant,98,348.00,0.078565
399,1000,0.10,900,2,17,1.2831,0.15,constant,99,341.00,0.139435
400,1000,0.10,900,2,17,1.3308,0.20,constant,0,376.00,0.296747
401,1000,0.10,900,2,17,1.2918,0.20,constant,1,340.00,0.229394
402,1000,0.10,900,2,17,1.2582,0.20,constant,2,365.00,0.321902
403,1000,0.10,900,2,17,1.2624,0.20,constant,3,362.00,0.281266
404,1000,0.10,900,2,17,1.2826,0.20,constant,4,358.00,0.158248
405,1000,0.10,900,2,17,1.2939,0.20,constant,5,358.00,0.262040
406,1000,0.10,900,2,17,1.3015,0.20,constant,6,382.00,0.252090
407,1000,0.10,900,2,17,1.2468,0.20,constant,7,372.00,0.236211
408,1000,0.10,900,2,17,1.2690,0.20,constant,8,374.00,0.503957
409,1000,0.10,900,2,17,1.2649,0.20,constant,9,370.00,0.145874
410,1000,0.10,900,2,17,1.3454,0.20,constant,10,361.00,0.247438
411,1000,0.10,900,2,17,1.3515,0.20,constant,11,397.00,0.310031
412,1000,0.10,900,2,17,1.2725,0.20,constant,12,367.00,0.139172
413,1000,0.10,900,2,17,1.2253,0.20,constant,13,356.00,0.222476
414,1000,0.10,900,2,17,1.2955,0.20,constant,14,371.00,0.183505
415,1000,0.10,900,2,17,1.3473,0.20,constant,15,349.00,0.222468
416,1000,0.10,900,2,17,1.2544,0.20,constant,16,387.00,0.167480
417,1000,0.10,900,2,17,1.2419,0.20,constant,17,377.00,0.279840
418,1000,0.10,900,2,17,1.2731,0.20,constant,18,376.00,0.293136
419,1000,0.10,900,2,17,1.2826,0.20,constant,19,376.00,0.250170
420,1000,0.10,900,2,17,1.2553,0.20,constant,20,383.00,0.241474
421,1000,0.10,900,2,17,1.3140,0.20,constant,21,361.00,0.229022
422,1000,0.10,900,2,17,1.2328,0.20,constant,22,357.00,0.315419
423,1000,0.10,900,2,17,1.3143,0.20,constant,23,384.00,0.205802
424,1000,0.10,900,2,17,1.2824,0.20,constant,24,368.00,0.190399
425,1000,0.10,900,2,17,1.2504,0.20,constant,25,378.00,0.185378
426,1000,0.10,900,2,17,1.2780,0.20,constant,26,380.00,0.327237
427,1000,0.10,900,2,17,1.2846,0.20,constant,27,356.00,0.494176
428,1000,0.10,900,2,17,1.3424,0.20,constant,28,387.00,0.426650
429,1000,0.10,900,2,17,1.2755,0.20,constant,29,401.00,0.278430
430,1000,0.10,900,2,17,1.3101,0.20,constant,30,345.00,0.178589
431,1000,0.10,900,2,17,1.3435,0.20,constant,31,362.00,0.252369
432,1000,0.10,900,2,17,1.2770,0.20,constant,32,375.00,0.182371
433,1000,0.10,900,2,17,1.2781,0.20,constant,33,363.00,0.174743
434,1000,0.10,900,2,17,1.2392,0.20,constant,34,332.00,0.230387
435,1000,0.10,900,2,17,1.3034,0.20,constant,35,382.00,0.552440
436,1000,0.10,900,2,17,1.2410,0.20,constant,36,366.00,0.189063
437,1000,0.10,900,2,17,1.2657,0.20,constant,37,362.00,0.389437
438,1000,0.10,900,2,17,1.2966,0.20,constant,38,380.00,0.333153
439,1000,0.10,900,2,17,1.2542,0.20,constant,39,341.00,0.239831
440,1000,0.10,900,2,17,1.2562,0.20,constant,40,350.00,0.286250
441,1000,0.10,900,2,17,1.2979,0.20,constant,41,352.00,0.655087
442,1000,0.10,900,2,17,1.2993,0.20,constant,42,369.00,0.170236
443,1000,0.10,900,2,17,1.2576,0.20,constant,43,360.00,0.286755
444,1000,0.10,900,2,17,1.3570,0.20,constant,44,354.00,0.256192
445,1000,0.10,900,2,17,1.2659,0.20,constant,45,345.00,0.201119
446,1000,0.10,900,2,17,1.2432,0.20,constant,46,372.00,0.194622
447,1000,0.10,900,2,17,1.2697,0.20,constant,47,375.00,0.263251
448,1000,0.10,900,2,17,1.2992,0.20,constant,48,378.00,0.135357
449,1000,0.10,900,2,17,1.3066,0.20,constant,49,332.00,0.314111
450,1000,0.10,900,2,17,1.2942,0.20,constant,50,341.00,0.547262
451,1000,0.10,900,2,17,1.2854,0.20,constant,51,372.00,0.443425
452,1000,0.10,900,2,17,1.2917,0.20,constant,52,371.00,0.125291
453,1000,0.10,900,2,17,1.3139,0.20,constant,53,331.00,0.388184
454,1000,0.10,900,2,17,1.3000,0.20,constant,54,360.00,0.160379
455,1000,0.10,900,2,17,1.3176,0.20,constant,55,366.00,0.198041
456,1000,0.10,900,2,17,1.2611,0.20,constant,56,367.00,0.296476
457,1000,0.10,900,2,17,1.2811,0.20,constant,57,371.00,0.123127
458,1000,0.10,900,2,17,1.2904,0.20,constant,58,343.00,0.521749
459,1000,0.10,900,2,17,1.2706,0.20,constant,59,360.00,0.143543
460,1000,0.10,900,2,17,1.2228,0.20,constant,60,364.00,0.175300
461,1000,0.10,900,2,17,1.3406,0.20,constant,61,354.00,0.262258
462,1000,0.10,900,2,17,1.2754,0.20,constant,62,407.00,0.105160
463,1000,0.10,900,2,17,1.2574,0.20,constant,63,388.00,0.342347
464,1000,0.10,900,2,17,1.2626,0.20,constant,64,354.00,0.355362
465,1000,0.10,900,2,17,1.2603,0.20,constant,65,347.00,0.159028
466,1000,0.10,900,2,17,1.2794,0.20,constant,66,396.00,0.284223
467,1000,0.10,900,2,17,1.2460,0.20,constant,67,376.00,0.226919
468,1000,0.10,900,2,17,1.2290,0.20,constant,68,372.00,0.223874
469,1000,0.10,900,2,17,1.2668,0.20,constant,69,394.00,0.239510
470,1000,0.10,900,2,17,1.2527,0.20,constant,70,382.00,0.132794
471,1000,0.10,900,2,17,1.3020,0.20,constant,71,349.00,0.680826
472,1000,0.10,900,2,17,1.2646,0.20,constant,72,419.00,0.189976
473,1000,0.10,900,2,17,1.3099,0.20,constant,73,340.00,0.182161
474,1000,0.10,900,2,17,1.3172,0.20,constant,74,372.00,0.396003
475,1000,0.10,900,2,17,1.2638,0.20,constant,75,377.00,0.177078
476,1000,0.10,900,2,17,1.2669,0.20,constant,76,361.00,0.194666
477,1000,0.10,900,2,17,1.2842,0.20,constant,77,366.00,0.169798
478,1000,0.10,900,2,17,1.3117,0.20,constant,78,358.00,0.270365
479,1000,0.10,900,2,17,1.2933,0.20,constant,79,348.00,0.193380
480,1000,0.10,900,2,17,1.2756,0.20,constant,80,357.00,0.329073
481,1000,0.10,900,2,17,1.2441,0.20,constant,81,370.00,0.176918
482,1000,0.10,900,2,17,1.2780,0.20,constant,82,364.00,0.213808
483,1000,0.10,900,2,17,1.3059,0.20,constant,83,387.00,0.185969
484,1000,0.10,900,2,17,1.2924,0.20,constant,84,355.00,0.225326
485,1000,0.10,900,2,17,1.3424,0.20,constant,85,395.00,0.175837
486,1000,0.10,900,2,17,1.2914,0.20,constant,86,354.00,0.209749
487,1000,0.10,900,2,17,1.2994,0.20,constant,87,385.00,0.565012
488,1000,0.10,900,2,17,1.2676,0.20,constant,88,397.00,0.075867
489,1000,0.10,900,2,17,1.2520,0.20,constant,89,353.00,0.125136
490,1000,0.10,900,2,17,1.3194,0.20,constant,90,376.00,0.362634
491,1000,0.10,900,2,17,1.3009,0.20,constant,91,349.00,0.329805
492,1000,0.10,900,2,17,1.2942,0.20,constant,92,401.00,0.263805
493,1000,0.10,900,2,17,1.2671,0.20,constant,93,375.00,0.187602
494,1000,0.10,900,2,17,1.2553,0.20,constant,94,369.00,0.142269
495,1000,0.10,900,2,17,1.2998,0.20,constant,95,376.00,0.131120
496,1000,0.10,900,2,17,1.2765,0.20,constant,96,368.00,0.437242
497,1000,0.10,900,2,17,1.2536,0.20,constant,97,383.00,0.286408
498,1000,0.10,900,2,17,1.2882,0.20,constant,98,355.00,0.487632
499,1000,0.10,900,2,17,1.2649,0.20,constant,99,362.00,0.490938
500,1000,0.10,900,2,17,1.2996,0.25,constant,0,407.00,0.461418
501,1000,0.10,900,2,17,1.3069,0.25,constant,1,369.00,0.330623
502,1000,0.10,900,2,17,1.3527,0.25,constant,2,375.00,0.387292
503,1000,0.10,900,2,17,1.3208,0.25,constant,3,379.00,0.501729
504,1000,0.10,900,2,17,1.3289,0.25,constant,4,348.00,0.349933
505,1000,0.10,900,2,17,1.3486,0.25,constant,5,381.00,0.455045
506,1000,0.10,900,2,17,1.3273,0.25,constant,6,399.00,0.302444
507,1000,0.10,900,2,17,1.3156,0.25,constant,7,377.00,0.206667
508,1000,0.10,900,2,17,1.3361,0.25,constant,8,372.00,0.659597
509,1000,0.10,900,2,17,1.3320,0.25,constant,9,383.00,0.263006
510,1000,0.10,900,2,17,1.2511,0.25,constant,10,380.00,0.311842
511,1000,0.10,900,2,17,1.3164,0.25,constant,11,414.00,0.240010
512,1000,0.10,900,2,17,1.3394,0.25,constant,12,377.00,0.354210
513,1000,0.10,900,2,17,1.3587,0.25,constant,13,357.00,0.230772
514,1000,0.10,900,2,17,1.3238,0.25,constant,14,350.00,0.547544
515,1000,0.10,900,2,17,1.3459,0.25,constant,15,374.00,0.203290
516,1000,0.10,900,2,17,1.3249,0.25,constant,16,401.00,0.578273
517,1000,0.10,900,2,17,1.3694,0.25,constant,17,356.00,0.280584
518,1000,0.10,900,2,17,1.3410,0.25,constant,18,382.00,0.199834
519,1000,0.10,900,2,17,1.3608,0.25,constant,19,361.00,0.359646
520,1000,0.10,900,2,17,1.3044,0.25,constant,20,379.00,0.174162
521,1000,0.10,900,2,17,1.3037,0.25,constant,21,355.00,0.284675
522,1000,0.10,900,2,17,1.3340,0.25,constant,22,367.00,0.162593
523,1000,0.10,900,2,17,1.3111,0.25,constant,23,363.00,0.260660
524,1000,0.10,900,2,17,1.3317,0.25,constant,24,374.00,0.273123
525,1000,0.10,900,2,17,1.3147,0.25,constant,25,371.00,0.416452
526,1000,0.10,900,2,17,1.2912,0.25,constant,26,360.00,0.285586
527,1000,0.10,900,2,17,1.3600,0.25,constant,27,365.00,0.198919
528,1000,0.10,900,2,17,1.3507,0.25,constant,28,373.00,0.184534
529,1000,0.10,900,2,17,1.3376,0.25,constant,29,378.00,0.311433
530,1000,0.10,900,2,17,1.3424,0.25,constant,30,356.00,0.307677
531,1000,0.10,900,2,17,1.2826,0.25,constant,31,372.00,0.286745
532,1000,0.10,900,2,17,1.3508,0.25,constant,32,387.00,0.319273
533,1000,0.10,900,2,17,1.3027,0.25,constant,33,360.00,0.302141
534,1000,0.10,900,2,17,1.3084,0.25,constant,34,351.00,0.261243
535,1000,0.10,900,2,17,1.3205,0.25,constant,35,388.00,0.305749
536,1000,0.10,900,2,17,1.3496,0.25,constant,36,393.00,0.218317
537,1000,0.10,900,2,17,1.3385,0.25,constant,37,387.00,0.161161
538,1000,0.10,900,2,17,1.3325,0.25,constant,38,341.00,0.253128
539,1000,0.10,900,2,17,1.3213,0.25,constant,39,346.00,0.169411
540,1000,0.10,900,2,17,1.3092,0.25,constant,40,378.00,0.313488
541,1000,0.10,900,2,17,1.2805,0.25,constant,41,360.00,0.294382
542,1000,0.10,900,2,17,1.3241,0.25,constant,42,358.00,0.190056
543,1000,0.10,900,2,17,1.3306,0.25,constant,43,380.00,0.266101
544,1000,0.10,900,2,17,1.2932,0.25,constant,44,372.00,0.302226
545,1000,0.10,900,2,17,1.3314,0.25,constant,45,380.00,0.178173
546,1000,0.10,900,2,17,1.3111,0.25,constant,46,378.00,0.380175
547,1000,0.10,900,2,17,1.3432,0.25,constant,47,335.00,0.200135
548,1000,0.10,900,2,17,1.2945,0.25,constant,48,390.00,0.327067
549,1000,0.10,900,2,17,1.3380,0.25,constant,49,396.00,0.311513
550,1000,0.10,900,2,17,1.3243,0.25,constant,50,362.00,0.146018
551,1000,0.10,900,2,17,1.3060,0.25,constant,51,371.00,0.273535
552,1000,0.10,900,2,17,1.3091,0.25,constant,52,376.00,0.172317
553,1000,0.10,900,2,17,1.2987,0.25,constant,53,358.00,0.284357
554,1000,0.10,900,2,17,1.3362,0.25,constant,54,378.00,0.547242
555,1000,0.10,900,2,17,1.3273,0.25,constant,55,387.00,0.290433
556,1000,0.10,900,2,17,1.3060,0.25,constant,56,366.00,0.198252
557,1000,0.10,900,2,17,1.3149,0.25,constant,57,364.00,0.149682
558,1000,0.10,900,2,17,1.3039,0.25,constant,58,370.00,0.352876
559,1000,0.10,900,2,17,1.3379,0.25,constant,59,357.00,0.281496
560,1000,0.10,900,2,17,1.3176,0.25,constant,60,375.00,0.236795
561,1000,0.10,900,2,17,1.2621,0.25,constant,61,378.00,0.335954
562,1000,0.10,900,2,17,1.3182,0.25,constant,62,367.00,0.428609
563,1000,0.10,900,2,17,1.2970,0.25,constant,63,384.00,0.390547
564,1000,0.10,900,2,17,1.3141,0.25,constant,64,357.00,0.299975
565,1000,0.10,900,2,17,1.3029,0.25,constant,65,363.00,0.244723
566,1000,0.10,900,2,17,1.3766,0.25,constant,66,372.00,0.573545
567,1000,0.10,900,2,17,1.3206,0.25,constant,67,391.00,0.270792
568,1000,0.10,900,2,17,1.2861,0.25,constant,68,401.00,0.328629
569,1000,0.10,900,2,17,1.3685,0.25,constant,69,385.00,0.574496
570,1000,0.10,900,2,17,1.3117,0.25,constant,70,365.00,0.267627
571,1000,0.10,900,2,17,1.2854,0.25,constant,71,329.00,0.318445
572,1000,0.10,900,2,17,1.3161,0.25,constant,72,338.00,0.272608
573,1000,0.10,900,2,17,1.2938,0.25,constant,73,350.00,0.305919
574,1000,0.10,900,2,17,1.3149,0.25,constant,74,384.00,0.330252
575,1000,0.10,900,2,17,1.3405,0.25,constant,75,380.00,0.374680
576,1000,0.10,900,2,17,1.3334,0.25,constant,76,383.00,0.205039
577,1000,0.10,900,2,17,1.3117,0.25,constant,77,366.00,0.166266
578,1000,0.10,900,2,17,1.3475,0.25,constant,78,387.00,0.379444
579,1000,0.10,900,2,17,1.2979,0.25,constant,79,382.00,0.610236
580,1000,0.10,900,2,17,1.3115,0.25,constant,80,355.00,0.324168
581,1000,0.10,900,2,17,1.3361,0.25,constant,81,346.00,0.263361
582,1000,0.10,900,2,17,1.3025,0.25,constant,82,360.00,0.274532
583,1000,0.10,900,2,17,1.2905,0.25,constant,83,357.00,0.279520
584,1000,0.10,900,2,17,1.3088,0.25,constant,84,376.00,0.275507
585,1000,0.10,900,2,17,1.3093,0.25,constant,85,360.00,0.241593
586,1000,0.10,900,2,17,1.2756,0.25,constant,86,361.00,0.612886
587,1000,0.10,900,2,17,1.2857,0.25,constant,87,357.00,0.283548
588,1000,0.10,900,2,17,1.3806,0.25,constant,88,355.00,0.439537
589,1000,0.10,900,2,17,1.3242,0.25,constant,89,392.00,0.247803
590,1000,0.10,900,2,17,1.3204,0.25,constant,90,373.00,0.316481
591,1000,0.10,900,2,17,1.3146,0.25,constant,91,353.00,0.160835
592,1000,0.10,900,2,17,1.2677,0.25,constant,92,381.00,0.493466
593,1000,0.10,900,2,17,1.3201,0.25,constant,93,339.00,0.222965
594,1000,0.10,900,2,17,1.3370,0.25,constant,94,334.00,0.245156
595,1000,0.10,900,2,17,1.3003,0.25,constant,95,375.00,0.303012
596,1000,0.10,900,2,17,1.3094,0.25,constant,96,399.00,0.372591
597,1000,0.10,900,2,17,1.3439,0.25,constant,97,374.00,0.249418
598,1000,0.10,900,2,17,1.3553,0.25,constant,98,373.00,0.510981
599,1000,0.10,900,2,17,1.3625,0.25,constant,99,395.00,0.363160
600,1000,0.10,900,2,17,1.3938,0.30,constant,0,387.00,0.389405
601,1000,0.10,900,2,17,1.3387,0.30,constant,1,348.00,0.314369
602,1000,0.10,900,2,17,1.2879,0.30,constant,2,424.00,0.639466
603,1000,0.10,900,2,17,1.3560,0.30,constant,3,423.00,0.351872
604,1000,0.10,900,2,17,1.3864,0.30,constant,4,391.00,0.359165
605,1000,0.10,900,2,17,1.3387,0.30,constant,5,347.00,0.472056
606,1000,0.10,900,2,17,1.3766,0.30,constant,6,378.00,0.229838
607,1000,0.10,900,2,17,1.3693,0.30,constant,7,390.00,0.170053
608,1000,0.10,900,2,17,1.3413,0.30,constant,8,370.00,0.298550
609,1000,0.10,900,2,17,1.3196,0.30,constant,9,398.00,0.255098
610,1000,0.10,900,2,17,1.3494,0.30,constant,10,384.00,0.239772
611,1000,0.10,900,2,17,1.3856,0.30,constant,11,347.00,0.276490
612,1000,0.10,900,2,17,1.3444,0.30,constant,12,361.00,0.670958
613,1000,0.10,900,2,17,1.3024,0.30,constant,13,397.00,0.437990
614,1000,0.10,900,2,17,1.3702,0.30,constant,14,352.00,0.250146
615,1000,0.10,900,2,17,1.3886,0.30,constant,15,366.00,0.353804
616,1000,0.10,900,2,17,1.3983,0.30,constant,16,359.00,0.825556
617,1000,0.10,900,2,17,1.3480,0.30,constant,17,390.00,0.247334
618,1000,0.10,900,2,17,1.3148,0.30,constant,18,352.00,0.374862
619,1000,0.10,900,2,17,1.3332,0.30,constant,19,395.00,0.359282
620,1000,0.10,900,2,17,1.3541,0.30,constant,20,383.00,0.201357
621,1000,0.10,900,2,17,1.3557,0.30,constant,21,386.00,0.363243
622,1000,0.10,900,2,17,1.3461,0.30,constant,22,390.00,0.306165
623,1000,0.10,900,2,17,1.3599,0.30,constant,23,376.00,0.237565
624,1000,0.10,900,2,17,1.2945,0.30,constant,24,371.00,0.396864
625,1000,0.10,900,2,17,1.3472,0.30,constant,25,364.00,0.310891
626,1000,0.10,900,2,17,1.3969,0.30,constant,26,328.00,0.333783
627,1000,0.10,900,2,17,1.3413,0.30,constant,27,398.00,0.446163
628,1000,0.10,900,2,17,1.3844,0.30,constant,28,347.00,0.258489
629,1000,0.10,900,2,17,1.3645,0.30,constant,29,382.00,0.318541
630,1000,0.10,900,2,17,1.3534,0.30,constant,30,395.00,0.304139
631,1000,0.10,900,2,17,1.3224,0.30,constant,31,347.00,0.281009
632,1000,0.10,900,2,17,1.3370,0.30,constant,32,388.00,0.737552
633,1000,0.10,900,2,17,1.3420,0.30,constant,33,401.00,0.717693
634,1000,0.10,900,2,17,1.3793,0.30,constant,34,372.00,0.254190
635,1000,0.10,900,2,17,1.3405,0.30,constant,35,405.00,0.620129
636,1000,0.10,900,2,17,1.3644,0.30,constant,36,349.00,0.201364
637,1000,0.10,900,2,17,1.3302,0.30,constant,37,371.00,0.326511
638,1000,0.10,900,2,17,1.3260,0.30,constant,38,359.00,0.215794
639,1000,0.10,900,2,17,1.3142,0.30,constant,39,410.00,0.504758
640,1000,0.10,900,2,17,1.3550,0.30,constant,40,366.00,0.300159
641,1000,0.10,900,2,17,1.3330,0.30,constant,41,390.00,0.304193
642,1000,0.10,900,2,17,1.3418,0.30,constant,42,349.00,0.846129
643,1000,0.10,900,2,17,1.3256,0.30,constant,43,406.00,0.472933
644,1000,0.10,900,2,17,1.3560,0.30,constant,44,352.00,0.541086
645,1000,0.10,900,2,17,1.3355,0.30,constant,45,394.00,0.232566
646,1000,0.10,900,2,17,1.3661,0.30,constant,46,386.00,0.258667
647,1000,0.10,900,2,17,1.3322,0.30,constant,47,383.00,0.395720
648,1000,0.10,900,2,17,1.3577,0.30,constant,48,419.00,0.394416
649,1000,0.10,900,2,17,1.3049,0.30,constant,49,407.00,0.284940
650,1000,0.10,900,2,17,1.3988,0.30,constant,50,347.00,0.462753
651,1000,0.10,900,2,17,1.3430,0.30,constant,51,387.00,0.325868
652,1000,0.10,900,2,17,1.3805,0.30,constant,52,382.00,0.256642
653,1000,0.10,900,2,17,1.3689,0.30,constant,53,359.00,0.354018
654,1000,0.10,900,2,17,1.3016,0.30,constant,54,328.00,0.286335
655,1000,0.10,900,2,17,1.3762,0.30,constant,55,356.00,0.397460
656,1000,0.10,900,2,17,1.3210,0.30,constant,56,391.00,0.344220
657,1000,0.10,900,2,17,1.3400,0.30,constant,57,383.00,0.310817
658,1000,0.10,900,2,17,1.3645,0.30,constant,58,354.00,0.310797
659,1000,0.10,900,2,17,1.3410,0.30,constant,59,370.00,0.390055
660,1000,0.10,900,2,17,1.2951,0.30,constant,60,366.00,0.352937
661,1000,0.10,900,2,17,1.3570,0.30,constant,61,368.00,0.566462
662,1000,0.10,900,2,17,1.3306,0.30,constant,62,347.00,0.384109
663,1000,0.10,900,2,17,1.3160,0.30,constant,63,373.00,0.444878
664,1000,0.10,900,2,17,1.3261,0.30,constant,64,353.00,0.402938
665,1000,0.10,900,2,17,1.3425,0.30,constant,65,369.00,0.273880
666,1000,0.10,900,2,17,1.3625,0.30,constant,66,362.00,0.230332
667,1000,0.10,900,2,17,1.3489,0.30,constant,67,396.00,0.360190
668,1000,0.10,900,2,17,1.2852,0.30,constant,68,382.00,0.254525
669,1000,0.10,900,2,17,1.3141,0.30,constant,69,377.00,0.328230
670,1000,0.10,900,2,17,1.3536,0.30,constant,70,396.00,0.251802
671,1000,0.10,900,2,17,1.3332,0.30,constant,71,391.00,0.292009
672,1000,0.10,900,2,17,1.3447,0.30,constant,72,387.00,0.384624
673,1000,0.10,900,2,17,1.3363,0.30,constant,73,358.00,0.429757
674,1000,0.10,900,2,17,1.3364,0.30,constant,74,373.00,0.663939
675,1000,0.10,900,2,17,1.3328,0.30,constant,75,406.00,0.317659
676,1000,0.10,900,2,17,1.3513,0.30,constant,76,378.00,0.346597
677,1000,0.10,900,2,17,1.3133,0.30,constant,77,379.00,0.292064
678,1000,0.10,900,2,17,1.3752,0.30,constant,78,375.00,0.334129
679,1000,0.10,900,2,17,1.3119,0.30,constant,79,364.00,0.392264
680,1000,0.10,900,2,17,1.3566,0.30,constant,80,338.00,0.260565
681,1000,0.10,900,2,17,1.3510,0.30,constant,81,378.00,0.388075
682,1000,0.10,900,2,17,1.3749,0.30,constant,82,393.00,0.382437
683,1000,0.10,900,2,17,1.3143,0.30,constant,83,401.00,0.332481
684,1000,0.10,900,2,17,1.3485,0.30,constant,84,370.00,0.310627
685,1000,0.10,900,2,17,1.3091,0.30,constant,85,335.00,0.317180
686,1000,0.10,900,2,17,1.2977,0.30,constant,86,337.00,0.282279
687,1000,0.10,900,2,17,1.3218,0.30,constant,87,438.00,0.216609
688,1000,0.10,900,2,17,1.3237,0.30,constant,88,361.00,0.309034
689,1000,0.10,900,2,17,1.3425,0.30,constant,89,407.00,0.373056
690,1000,0.10,900,2,17,1.3482,0.30,constant,90,354.00,0.354253
691,1000,0.10,900,2,17,1.2990,0.30,constant,91,390.00,0.222884
692,1000,0.10,900,2,17,1.3832,0.30,constant,92,388.00,0.358347
693,1000,0.10,900,2,17,1.3610,0.30,constant,93,405.00,0.226842
694,1000,0.10,900,2,17,1.3230,0.30,constant,94,405.00,0.261256
695,1000,0.10,900,2,17,1.2834,0.30,constant,95,394.00,0.400695
696,1000,0.10,900,2,17,1.3300,0.30,constant,96,392.00,0.267237
697,1000,0.10,900,2,17,1.3138,0.30,constant,97,389.00,0.651751
698,1000,0.10,900,2,17,1.3259,0.30,constant,98,355.00,0.398808
699,1000,0.10,900,2,17,1.3433,0.30,constant,99,373.00,0.329294
700,1000,0.10,900,2,17,1.3901,0.35,constant,0,393.00,0.390514
701,1000,0.10,900,2,17,1.3583,0.35,constant,1,374.00,0.344742
702,1000,0.10,900,2,17,1.3769,0.35,constant,2,354.00,0.324283
703,1000,0.10,900,2,17,1.3661,0.35,constant,3,379.00,0.389095
704,1000,0.10,900,2,17,1.3471,0.35,constant,4,383.00,0.382095
705,1000,0.10,900,2,17,1.3571,0.35,constant,5,387.00,0.572055
706,1000,0.10,900,2,17,1.3483,0.35,constant,6,352.00,0.455693
707,1000,0.10,900,2,17,1.3326,0.35,constant,7,354.00,0.542356
708,1000,0.10,900,2,17,1.3698,0.35,constant,8,387.00,0.265583
709,1000,0.10,900,2,17,1.3833,0.35,constant,9,352.00,0.340079
710,1000,0.10,900,2,17,1.3499,0.35,constant,10,375.00,0.446442
711,1000,0.10,900,2,17,1.3436,0.35,constant,11,397.00,0.543214
712,1000,0.10,900,2,17,1.3480,0.35,constant,12,363.00,0.503083
713,1000,0.10,900,2,17,1.3726,0.35,constant,13,387.00,0.558633
714,1000,0.10,900,2,17,1.3624,0.35,constant,14,383.00,0.371801
715,1000,0.10,900,2,17,1.3507,0.35,constant,15,383.00,0.328894
716,1000,0.10,900,2,17,1.3427,0.35,constant,16,390.00,0.232117
717,1000,0.10,900,2,17,1.3670,0.35,constant,17,372.00,0.434143
718,1000,0.10,900,2,17,1.3600,0.35,constant,18,392.00,0.211828
719,1000,0.10,900,2,17,1.3744,0.35,constant,19,342.00,0.441055
720,1000,0.10,900,2,17,1.3456,0.35,constant,20,404.00,0.595359
721,1000,0.10,900,2,17,1.3513,0.35,constant,21,411.00,0.357341
722,1000,0.10,900,2,17,1.3790,0.35,constant,22,352.00,0.305702
723,1000,0.10,900,2,17,1.3710,0.35,constant,23,387.00,0.494938
724,1000,0.10,900,2,17,1.4225,0.35,constant,24,418.00,0.633044
725,1000,0.10,900,2,17,1.3869,0.35,constant,25,393.00,0.460874
726,1000,0.10,900,2,17,1.3634,0.35,constant,26,351.00,0.396456
727,1000,0.10,900,2,17,1.3876,0.35,constant,27,383.00,0.268090
728,1000,0.10,900,2,17,1.3051,0.35,constant,28,356.00,0.305685
729,1000,0.10,900,2,17,1.3758,0.35,constant,29,365.00,0.308587
730,1000,0.10,900,2,17,1.3513,0.35,constant,30,359.00,0.385911
731,1000,0.10,900,2,17,1.2695,0.35,constant,31,377.00,0.311756
732,1000,0.10,900,2,17,1.4031,0.35,constant,32,395.00,0.415065
733,1000,0.10,900,2,17,1.3042,0.35,constant,33,391.00,0.374078
734,1000,0.10,900,2,17,1.3511,0.35,constant,34,384.00,0.300261
735,1000,0.10,900,2,17,1.3697,0.35,constant,35,417.00,0.360758
736,1000,0.10,900,2,17,1.3749,0.35,constant,36,389.00,0.434200
737,1000,0.10,900,2,17,1.3475,0.35,constant,37,360.00,0.497133
738,1000,0.10,900,2,17,1.3972,0.35,constant,38,390.00,0.578528
739,1000,0.10,900,2,17,1.3555,0.35,constant,39,374.00,0.658291
740,1000,0.10,900,2,17,1.4245,0.35,constant,40,370.00,0.395552
741,1000,0.10,900,2,17,1.3667,0.35,constant,41,379.00,0.274548
742,1000,0.10,900,2,17,1.3587,0.35,constant,42,358.00,0.298528
743,1000,0.10,900,2,17,1.3650,0.35,constant,43,394.00,0.369551
744,1000,0.10,900,2,17,1.3147,0.35,constant,44,416.00,0.642269
745,1000,0.10,900,2,17,1.3513,0.35,constant,45,371.00,0.466209
746,1000,0.10,900,2,17,1.2804,0.35,constant,46,386.00,0.365756
747,1000,0.10,900,2,17,1.3296,0.35,constant,47,351.00,0.265120
748,1000,0.10,900,2,17,1.3325,0.35,constant,48,347.00,0.398406
749,1000,0.10,900,2,17,1.3997,0.35,constant,49,380.00,0.335634
750,1000,0.10,900,2,17,1.3920,0.35,constant,50,397.00,0.344819
751,1000,0.10,900,2,17,1.4049,0.35,constant,51,366.00,0.366257
752,1000,0.10,900,2,17,1.3636,0.35,constant,52,374.00,0.251092
753,1000,0.10,900,2,17,1.3675,0.35,constant,53,351.00,0.372575
754,1000,0.10,900,2,17,1.3526,0.35,constant,54,375.00,0.301272
755,1000,0.10,900,2,17,1.3550,0.35,constant,55,360.00,0.608910
756,1000,0.10,900,2,17,1.4059,0.35,constant,56,380.00,0.393573
757,1000,0.10,900,2,17,1.3890,0.35,constant,57,379.00,0.429841
758,1000,0.10,900,2,17,1.3563,0.35,constant,58,351.00,0.710810
759,1000,0.10,900,2,17,1.3282,0.35,constant,59,394.00,0.295343
760,1000,0.10,900,2,17,1.4248,0.35,constant,60,351.00,0.331934
761,1000,0.10,900,2,17,1.3953,0.35,constant,61,395.00,0.390803
762,1000,0.10,900,2,17,1.3732,0.35,constant,62,387.00,0.309145
763,1000,0.10,900,2,17,1.4041,0.35,constant,63,354.00,0.327353
764,1000,0.10,900,2,17,1.3260,0.35,constant,64,381.00,0.238884
765,1000,0.10,900,2,17,1.3425,0.35,constant,65,356.00,0.404117
766,1000,0.10,900,2,17,1.3636,0.35,constant,66,361.00,0.450492
767,1000,0.10,900,2,17,1.3241,0.35,constant,67,409.00,0.533608
768,1000,0.10,900,2,17,1.3738,0.35,constant,68,380.00,0.291854
769,1000,0.10,900,2,17,1.3520,0.35,constant,69,358.00,0.284112
770,1000,0.10,900,2,17,1.3297,0.35,constant,70,375.00,0.257176
771,1000,0.10,900,2,17,1.3548,0.35,constant,71,368.00,0.452519
772,1000,0.10,900,2,17,1.3620,0.35,constant,72,412.00,0.476282
773,1000,0.10,900,2,17,1.3585,0.35,constant,73,352.00,0.461354
774,1000,0.10,900,2,17,1.3872,0.35,constant,74,383.00,0.322990
775,1000,0.10,900,2,17,1.3085,0.35,constant,75,393.00,0.242592
776,1000,0.10,900,2,17,1.3383,0.35,constant,76,352.00,0.306205
777,1000,0.10,900,2,17,1.3513,0.35,constant,77,408.00,0.518458
778,1000,0.10,900,2,17,1.3646,0.35,constant,78,383.00,0.289024
779,1000,0.10,900,2,17,1.3652,0.35,constant,79,374.00,0.328678
780,1000,0.10,900,2,17,1.3554,0.35,constant,80,374.00,0.593243
781,1000,0.10,900,2,17,1.4466,0.35,constant,81,380.00,0.298508
782,1000,0.10,900,2,17,1.4094,0.35,constant,82,379.00,0.697606
783,1000,0.10,900,2,17,1.3587,0.35,constant,83,375.00,0.332841
784,1000,0.10,900,2,17,1.3562,0.35,constant,84,376.00,0.462194
785,1000,0.10,900,2,17,1.3371,0.35,constant,85,393.00,0.280620
786,1000,0.10,900,2,17,1.3952,0.35,constant,86,394.00,0.588932
787,1000,0.10,900,2,17,1.4105,0.35,constant,87,370.00,0.574007
788,1000,0.10,900,2,17,1.3581,0.35,constant,88,398.00,0.318840
789,1000,0.10,900,2,17,1.3478,0.35,constant,89,408.00,0.363915
790,1000,0.10,900,2,17,1.3598,0.35,constant,90,421.00,0.307068
791,1000,0.10,900,2,17,1.3595,0.35,constant,91,396.00,0.355926
792,1000,0.10,900,2,17,1.3188,0.35,constant,92,389.00,0.813992
793,1000,0.10,900,2,17,1.3625,0.35,constant,93,407.00,0.892580
794,1000,0.10,900,2,17,1.4052,0.35,constant,94,371.00,0.519848
795,1000,0.10,900,2,17,1.3325,0.35,constant,95,368.00,0.408810
796,1000,0.10,900,2,17,1.3849,0.35,constant,96,361.00,0.271007
797,1000,0.10,900,2,17,1.3739,0.35,constant,97,371.00,0.342948
798,1000,0.10,900,2,17,1.3376,0.35,constant,98,375.00,0.435458
799,1000,0.10,900,2,17,1.3400,0.35,constant,99,410.00,0.330804
800,1000,0.10,900,2,17,1.3353,0.40,constant,0,377.00,0.389751
801,1000,0.10,900,2,17,1.3669,0.40,constant,1,404.00,0.808486
802,1000,0.10,900,2,17,1.3766,0.40,constant,2,378.00,0.657355
803,1000,0.10,900,2,17,1.4327,0.40,constant,3,369.00,0.443396
804,1000,0.10,900,2,17,1.3927,0.40,constant,4,389.00,0.326675
805,1000,0.10,900,2,17,1.3955,0.40,constant,5,379.00,0.443796
806,1000,0.10,900,2,17,1.3176,0.40,constant,6,402.00,0.546418
807,1000,0.10,900,2,17,1.3627,0.40,constant,7,375.00,0.449436
808,1000,0.10,900,2,17,1.3299,0.40,constant,8,386.00,0.578025
809,1000,0.10,900,2,17,1.3796,0.40,constant,9,388.00,0.661408
810,1000,0.10,900,2,17,1.3870,0.40,constant,10,408.00,0.641755
811,1000,0.10,900,2,17,1.3395,0.40,constant,11,362.00,0.445319
812,1000,0.10,900,2,17,1.3525,0.40,constant,12,361.00,0.344655
813,1000,0.10,900,2,17,1.3388,0.40,constant,13,377.00,0.435747
814,1000,0.10,900,2,17,1.3653,0.40,constant,14,356.00,0.383520
815,1000,0.10,900,2,17,1.3197,0.40,constant,15,393.00,0.463528
816,1000,0.10,900,2,17,1.3611,0.40,constant,16,398.00,0.485338
817,1000,0.10,900,2,17,1.3547,0.40,constant,17,370.00,0.386964
818,1000,0.10,900,2,17,1.3284,0.40,constant,18,407.00,0.360708
819,1000,0.10,900,2,17,1.3776,0.40,constant,19,344.00,0.379724
820,1000,0.10,900,2,17,1.3744,0.40,constant,20,392.00,0.428796
821,1000,0.10,900,2,17,1.3260,0.40,constant,21,375.00,0.297247
822,1000,0.10,900,2,17,1.4235,0.40,constant,22,398.00,0.373074
823,1000,0.10,900,2,17,1.3988,0.40,constant,23,369.00,0.421292
824,1000,0.10,900,2,17,1.3613,0.40,constant,24,384.00,0.683637
825,1000,0.10,900,2,17,1.3699,0.40,constant,25,424.00,0.465942
826,1000,0.10,900,2,17,1.3693,0.40,constant,26,363.00,0.751510
827,1000,0.10,900,2,17,1.3319,0.40,constant,27,361.00,0.453999
828,1000,0.10,900,2,17,1.3875,0.40,constant,28,357.00,0.299285
829,1000,0.10,900,2,17,1.3374,0.40,constant,29,364.00,0.702844
830,1000,0.10,900,2,17,1.3919,0.40,constant,30,386.00,0.612117
831,1000,0.10,900,2,17,1.3770,0.40,constant,31,376.00,0.496047
832,1000,0.10,900,2,17,1.3189,0.40,constant,32,384.00,0.471309
833,1000,0.10,900,2,17,1.3959,0.40,constant,33,351.00,0.347078
834,1000,0.10,900,2,17,1.3528,0.40,constant,34,382.00,0.552651
835,1000,0.10,900,2,17,1.3695,0.40,constant,35,412.00,0.795339
836,1000,0.10,900,2,17,1.3763,0.40,constant,36,384.00,0.410701
837,1000,0.10,900,2,17,1.3099,0.40,constant,37,380.00,0.331937
838,1000,0.10,900,2,17,1.4051,0.40,constant,38,371.00,0.384567
839,1000,0.10,900,2,17,1.3916,0.40,constant,39,398.00,0.339419
840,1000,0.10,900,2,17,1.3395,0.40,constant,40,369.00,0.530593
841,1000,0.10,900,2,17,1.3791,0.40,constant,41,392.00,0.378537
842,1000,0.10,900,2,17,1.3625,0.40,constant,42,388.00,0.536460
843,1000,0.10,900,2,17,1.4003,0.40,constant,43,349.00,0.409101
844,1000,0.10,900,2,17,1.3093,0.40,constant,44,366.00,0.529312
845,1000,0.10,900,2,17,1.3720,0.40,constant,45,383.00,0.802756
846,1000,0.10,900,2,17,1.4176,0.40,constant,46,367.00,0.363581
847,1000,0.10,900,2,17,1.3824,0.40,constant,47,387.00,0.418014
848,1000,0.10,900,2,17,1.3806,0.40,constant,48,415.00,0.362423
849,1000,0.10,900,2,17,1.3845,0.40,constant,49,365.00,0.555598
850,1000,0.10,900,2,17,1.3757,0.40,constant,50,395.00,0.570971
851,1000,0.10,900,2,17,1.4561,0.40,constant,51,355.00,0.458487
852,1000,0.10,900,2,17,1.3526,0.40,constant,52,370.00,0.404244
853,1000,0.10,900,2,17,1.3143,0.40,constant,53,374.00,0.376450
854,1000,0.10,900,2,17,1.3944,0.40,constant,54,332.00,0.321045
855,1000,0.10,900,2,17,1.3150,0.40,constant,55,363.00,0.513874
856,1000,0.10,900,2,17,1.3721,0.40,constant,56,378.00,0.986064
857,1000,0.10,900,2,17,1.3827,0.40,constant,57,398.00,0.519864
858,1000,0.10,900,2,17,1.3651,0.40,constant,58,384.00,0.478547
859,1000,0.10,900,2,17,1.3571,0.40,constant,59,376.00,0.625107
860,1000,0.10,900,2,17,1.3855,0.40,constant,60,364.00,0.705092
861,1000,0.10,900,2,17,1.3967,0.40,constant,61,418.00,0.550952
862,1000,0.10,900,2,17,1.3841,0.40,constant,62,382.00,0.654486
863,1000,0.10,900,2,17,1.4124,0.40,constant,63,374.00,0.561146
864,1000,0.10,900,2,17,1.3308,0.40,constant,64,414.00,0.499131
865,1000,0.10,900,2,17,1.3604,0.40,constant,65,410.00,0.337346
866,1000,0.10,900,2,17,1.3697,0.40,constant,66,363.00,0.360958
867,1000,0.10,900,2,17,1.3620,0.40,constant,67,409.00,0.648144
868,1000,0.10,900,2,17,1.3850,0.40,constant,68,394.00,0.458760
869,1000,0.10,900,2,17,1.3546,0.40,constant,69,352.00,0.460050
870,1000,0.10,900,2,17,1.3409,0.40,constant,70,370.00,0.557107
871,1000,0.10,900,2,17,1.3207,0.40,constant,71,377.00,0.349752
872,1000,0.10,900,2,17,1.4294,0.40,constant,72,342.00,0.643313
873,1000,0.10,900,2,17,1.4003,0.40,constant,73,365.00,0.442042
874,1000,0.10,900,2,17,1.3650,0.40,constant,74,399.00,0.393156
875,1000,0.10,900,2,17,1.3457,0.40,constant,75,384.00,0.373754
876,1000,0.10,900,2,17,1.3210,0.40,constant,76,349.00,0.346466
877,1000,0.10,900,2,17,1.3700,0.40,constant,77,411.00,0.297046
878,1000,0.10,900,2,17,1.3765,0.40,constant,78,392.00,0.643088
879,1000,0.10,900,2,17,1.3844,0.40,constant,79,377.00,0.441197
880,1000,0.10,900,2,17,1.3624,0.40,constant,80,376.00,0.449287
881,1000,0.10,900,2,17,1.3732,0.40,constant,81,371.00,0.466556
882,1000,0.10,900,2,17,1.3536,0.40,constant,82,362.00,0.322658
883,1000,0.10,900,2,17,1.3414,0.40,constant,83,403.00,0.751161
884,1000,0.10,900,2,17,1.3823,0.40,constant,84,355.00,0.231640
885,1000,0.10,900,2,17,1.3576,0.40,constant,85,378.00,0.495371
886,1000,0.10,900,2,17,1.3950,0.40,constant,86,360.00,0.552208
887,1000,0.10,900,2,17,1.3741,0.40,constant,87,400.00,0.510646
888,1000,0.10,900,2,17,1.3986,0.40,constant,88,373.00,0.454436
889,1000,0.10,900,2,17,1.4066,0.40,constant,89,386.00,0.541941
890,1000,0.10,900,2,17,1.3461,0.40,constant,90,437.00,0.569478
891,1000,0.10,900,2,17,1.3499,0.40,constant,91,384.00,0.787620
892,1000,0.10,900,2,17,1.3806,0.40,constant,92,438.00,0.750271
893,1000,0.10,900,2,17,1.3659,0.40,constant,93,390.00,0.471849
894,1000,0.10,900,2,17,1.3367,0.40,constant,94,356.00,0.555407
895,1000,0.10,900,2,17,1.4025,0.40,constant,95,385.00,0.434176
896,1000,0.10,900,2,17,1.3811,0.40,constant,96,369.00,0.393382
897,1000,0.10,900,2,17,1.3733,0.40,constant,97,417.00,0.608649
898,1000,0.10,900,2,17,1.3673,0.40,constant,98,358.00,0.404908
899,1000,0.10,900,2,17,1.3893,0.40,constant,99,360.00,0.461514
900,1000,0.10,900,2,17,1.4112,0.45,constant,0,372.00,1.023733
901,1000,0.10,900,2,17,1.3927,0.45,constant,1,374.00,0.714056
902,1000,0.10,900,2,17,1.4386,0.45,constant,2,360.00,0.359651
903,1000,0.10,900,2,17,1.3487,0.45,constant,3,368.00,0.299078
904,1000,0.10,900,2,17,1.3913,0.45,constant,4,380.00,0.367012
905,1000,0.10,900,2,17,1.3520,0.45,constant,5,385.00,0.417367
906,1000,0.10,900,2,17,1.3789,0.45,constant,6,387.00,0.643829
907,1000,0.10,900,2,17,1.3893,0.45,constant,7,356.00,0.363368
908,1000,0.10,900,2,17,1.3517,0.45,constant,8,398.00,0.889904
909,1000,0.10,900,2,17,1.3822,0.45,constant,9,384.00,0.436794
910,1000,0.10,900,2,17,1.3596,0.45,constant,10,380.00,0.785898
911,1000,0.10,900,2,17,1.3565,0.45,constant,11,401.00,0.575233
912,1000,0.10,900,2,17,1.4088,0.45,constant,12,395.00,0.529907
913,1000,0.10,900,2,17,1.3948,0.45,constant,13,389.00,0.547729
914,1000,0.10,900,2,17,1.3767,0.45,constant,14,381.00,0.509965
915,1000,0.10,900,2,17,1.4409,0.45,constant,15,388.00,0.439839
916,1000,0.10,900,2,17,1.3643,0.45,constant,16,394.00,0.657942
917,1000,0.10,900,2,17,1.4032,0.45,constant,17,387.00,0.445437
918,1000,0.10,900,2,17,1.4293,0.45,constant,18,373.00,0.415151
919,1000,0.10,900,2,17,1.4017,0.45,constant,19,404.00,0.666950
920,1000,0.10,900,2,17,1.4049,0.45,constant,20,359.00,0.525383
921,1000,0.10,900,2,17,1.3571,0.45,constant,21,404.00,0.496160
922,1000,0.10,900,2,17,1.3976,0.45,constant,22,365.00,0.505013
923,1000,0.10,900,2,17,1.3518,0.45,constant,23,413.00,0.736722
924,1000,0.10,900,2,17,1.3306,0.45,constant,24,366.00,0.438289
925,1000,0.10,900,2,17,1.3838,0.45,constant,25,381.00,0.506354
926,1000,0.10,900,2,17,1.3708,0.45,constant,26,339.00,0.718346
927,1000,0.10,900,2,17,1.3339,0.45,constant,27,399.00,0.342773
928,1000,0.10,900,2,17,1.4111,0.45,constant,28,380.00,0.504477
929,1000,0.10,900,2,17,1.4323,0.45,constant,29,379.00,0.401503
930,1000,0.10,900,2,17,1.3413,0.45,constant,30,385.00,0.675724
931,1000,0.10,900,2,17,1.3752,0.45,constant,31,368.00,0.477278
932,1000,0.10,900,2,17,1.3734,0.45,constant,32,395.00,0.759201
933,1000,0.10,900,2,17,1.4004,0.45,constant,33,365.00,0.591371
934,1000,0.10,900,2,17,1.4250,0.45,constant,34,392.00,0.934236
935,1000,0.10,900,2,17,1.4127,0.45,constant,35,367.00,0.435101
936,1000,0.10,900,2,17,1.3313,0.45,constant,36,369.00,0.601303
937,1000,0.10,900,2,17,1.4212,0.45,constant,37,397.00,0.429001
938,1000,0.10,900,2,17,1.3511,0.45,constant,38,410.00,0.493197
939,1000,0.10,900,2,17,1.4129,0.45,constant,39,373.00,0.511437
940,1000,0.10,900,2,17,1.3834,0.45,constant,40,398.00,0.396609
941,1000,0.10,900,2,17,1.4021,0.45,constant,41,366.00,0.407217
942,1000,0.10,900,2,17,1.3576,0.45,constant,42,373.00,0.486911
943,1000,0.10,900,2,17,1.4297,0.45,constant,43,398.00,0.591844
944,1000,0.10,900,2,17,1.4115,0.45,constant,44,406.00,0.417319
945,1000,0.10,900,2,17,1.3899,0.45,constant,45,354.00,0.509900
946,1000,0.10,900,2,17,1.4265,0.45,constant,46,388.00,0.394968
947,1000,0.10,900,2,17,1.3795,0.45,constant,47,380.00,0.426157
948,1000,0.10,900,2,17,1.3772,0.45,constant,48,416.00,0.831628
949,1000,0.10,900,2,17,1.3549,0.45,constant,49,401.00,0.579621
950,1000,0.10,900,2,17,1.4303,0.45,constant,50,385.00,0.892174
951,1000,0.10,900,2,17,1.3618,0.45,constant,51,378.00,0.741460
952,1000,0.10,900,2,17,1.3687,0.45,constant,52,342.00,0.505000
953,1000,0.10,900,2,17,1.3330,0.45,constant,53,386.00,0.436847
954,1000,0.10,900,2,17,1.3541,0.45,constant,54,390.00,0.872356
955,1000,0.10,900,2,17,1.3874,0.45,constant,55,407.00,0.516495
956,1000,0.10,900,2,17,1.4010,0.45,constant,56,395.00,0.587330
957,1000,0.10,900,2,17,1.4090,0.45,constant,57,378.00,0.835354
958,1000,0.10,900,2,17,1.3461,0.45,constant,58,379.00,0.541912
959,1000,0.10,900,2,17,1.4033,0.45,constant,59,402.00,0.661990
960,1000,0.10,900,2,17,1.4008,0.45,constant,60,398.00,0.620020
961,1000,0.10,900,2,17,1.3651,0.45,constant,61,397.00,0.657662
962,1000,0.10,900,2,17,1.3782,0.45,constant,62,406.00,0.498680
963,1000,0.10,900,2,17,1.3881,0.45,constant,63,391.00,0.479557
964,1000,0.10,900,2,17,1.3750,0.45,constant,64,377.00,0.668192
965,1000,0.10,900,2,17,1.3684,0.45,constant,65,391.00,0.550150
966,1000,0.10,900,2,17,1.3810,0.45,constant,66,386.00,0.535303
967,1000,0.10,900,2,17,1.3622,0.45,constant,67,365.00,0.396423
968,1000,0.10,900,2,17,1.3666,0.45,constant,68,390.00,0.569179
969,1000,0.10,900,2,17,1.4071,0.45,constant,69,373.00,0.468722
970,1000,0.10,900,2,17,1.3717,0.45,constant,70,389.00,0.991854
971,1000,0.10,900,2,17,1.4216,0.45,constant,71,359.00,0.614883
972,1000,0.10,900,2,17,1.3971,0.45,constant,72,377.00,0.537735
973,1000,0.10,900,2,17,1.3668,0.45,constant,73,399.00,0.565178
974,1000,0.10,900,2,17,1.3794,0.45,constant,74,368.00,0.620823
975,1000,0.10,900,2,17,1.3816,0.45,constant,75,417.00,0.692084
976,1000,0.10,900,2,17,1.4215,0.45,constant,76,359.00,0.477427
977,1000,0.10,900,2,17,1.4301,0.45,constant,77,372.00,0.544338
978,1000,0.10,900,2,17,1.4148,0.45,constant,78,355.00,0.464897
979,1000,0.10,900,2,17,1.3809,0.45,constant,79,366.00,0.514787
980,1000,0.10,900,2,17,1.3390,0.45,constant,80,386.00,0.836351
981,1000,0.10,900,2,17,1.3456,0.45,constant,81,403.00,0.472466
982,1000,0.10,900,2,17,1.3791,0.45,constant,82,399.00,0.565697
983,1000,0.10,900,2,17,1.4170,0.45,constant,83,400.00,0.426670
984,1000,0.10,900,2,17,1.3375,0.45,constant,84,411.00,0.427049
985,1000,0.10,900,2,17,1.3841,0.45,constant,85,394.00,0.429438
986,1000,0.10,900,2,17,1.3829,0.45,constant,86,346.00,0.578935
987,1000,0.10,900,2,17,1.3788,0.45,constant,87,415.00,0.580096
988,1000,0.10,900,2,17,1.3582,0.45,constant,88,405.00,0.740724
989,1000,0.10,900,2,17,1.3385,0.45,constant,89,365.00,0.504483
990,1000,0.10,900,2,17,1.3585,0.45,constant,90,357.00,1.051681
991,1000,0.10,900,2,17,1.3631,0.45,constant,91,364.00,0.680487
992,1000,0.10,900,2,17,1.3697,0.45,constant,92,385.00,0.800379
993,1000,0.10,900,2,17,1.3995,0.45,constant,93,342.00,0.742199
994,1000,0.10,900,2,17,1.3496,0.45,constant,94,415.00,0.721141
995,1000,0.10,900,2,17,1.3862,0.45,constant,95,372.00,0.540776
996,1000,0.10,900,2,17,1.3759,0.45,constant,96,366.00,0.475539
997,1000,0.10,900,2,17,1.3781,0.45,constant,97,370.00,0.413189
998,1000,0.10,900,2,17,1.3651,0.45,constant,98,385.00,0.416025
999,1000,0.10,900,2,17,1.3872,0.45,constant,99,364.00,0.671404
1000,1000,0.10,900,2,17,1.3495,0.50,constant,0,373.00,0.802039
1001,1000,0.10,900,2,17,1.4034,0.50,constant,1,411.00,0.536168
1002,1000,0.10,900,2,17,1.3805,0.50,constant,2,378.00,0.357042
1003,1000,0.10,900,2,17,1.4386,0.50,constant,3,387.00,0.454169
1004,1000,0.10,900,2,17,1.4057,0.50,constant,4,416.00,0.549639
1005,1000,0.10,900,2,17,1.3528,0.50,constant,5,399.00,0.561795
1006,1000,0.10,900,2,17,1.4148,0.50,constant,6,399.00,0.503323
1007,1000,0.10,900,2,17,1.3754,0.50,constant,7,394.00,0.533910
1008,1000,0.10,900,2,17,1.3496,0.50,constant,8,382.00,0.590331
1009,1000,0.10,900,2,17,1.4202,0.50,constant,9,372.00,0.462688
1010,1000,0.10,900,2,17,1.4016,0.50,constant,10,398.00,0.481475
1011,1000,0.10,900,2,17,1.3802,0.50,constant,11,413.00,0.522890
1012,1000,0.10,900,2,17,1.4193,0.50,constant,12,415.00,0.782676
1013,1000,0.10,900,2,17,1.3615,0.50,constant,13,358.00,0.644319
1014,1000,0.10,900,2,17,1.3755,0.50,constant,14,391.00,1.042533
1015,1000,0.10,900,2,17,1.3459,0.50,constant,15,366.00,0.500235
1016,1000,0.10,900,2,17,1.3530,0.50,constant,16,391.00,0.901848
1017,1000,0.10,900,2,17,1.4195,0.50,constant,17,381.00,0.677423
1018,1000,0.10,900,2,17,1.3435,0.50,constant,18,382.00,0.512334
1019,1000,0.10,900,2,17,1.3740,0.50,constant,19,371.00,0.581222
1020,1000,0.10,900,2,17,1.3862,0.50,constant,20,415.00,0.627563
1021,1000,0.10,900,2,17,1.3914,0.50,constant,21,414.00,0.490342
1022,1000,0.10,900,2,17,1.3657,0.50,constant,22,407.00,0.913944
1023,1000,0.10,900,2,17,1.3549,0.50,constant,23,388.00,0.724683
1024,1000,0.10,900,2,17,1.4183,0.50,constant,24,382.00,0.476144
1025,1000,0.10,900,2,17,1.4178,0.50,constant,25,399.00,0.465205
1026,1000,0.10,900,2,17,1.3858,0.50,constant,26,406.00,0.842036
1027,1000,0.10,900,2,17,1.4157,0.50,constant,27,366.00,0.512206
1028,1000,0.10,900,2,17,1.3862,0.50,constant,28,380.00,0.446160
1029,1000,0.10,900,2,17,1.4153,0.50,constant,29,388.00,0.382742
1030,1000,0.10,900,2,17,1.3744,0.50,constant,30,408.00,0.630185
1031,1000,0.10,900,2,17,1.4100,0.50,constant,31,410.00,0.739440
1032,1000,0.10,900,2,17,1.4001,0.50,constant,32,362.00,0.771481
1033,1000,0.10,900,2,17,1.3660,0.50,constant,33,384.00,0.475915
1034,1000,0.10,900,2,17,1.3562,0.50,constant,34,412.00,0.554805
1035,1000,0.10,900,2,17,1.3477,0.50,constant,35,403.00,0.514500
1036,1000,0.10,900,2,17,1.3812,0.50,constant,36,356.00,0.453760
1037,1000,0.10,900,2,17,1.3919,0.50,constant,37,414.00,0.639024
1038,1000,0.10,900,2,17,1.4274,0.50,constant,38,386.00,0.521618
1039,1000,0.10,900,2,17,1.3830,0.50,constant,39,388.00,0.598040
1040,1000,0.10,900,2,17,1.3727,0.50,constant,40,409.00,0.522679
1041,1000,0.10,900,2,17,1.3774,0.50,constant,41,374.00,0.638739
1042,1000,0.10,900,2,17,1.3889,0.50,constant,42,382.00,0.532296
1043,1000,0.10,900,2,17,1.3909,0.50,constant,43,356.00,0.686466
1044,1000,0.10,900,2,17,1.4335,0.50,constant,44,368.00,0.528938
1045,1000,0.10,900,2,17,1.3580,0.50,constant,45,356.00,0.598943
1046,1000,0.10,900,2,17,1.3636,0.50,constant,46,363.00,0.507353
1047,1000,0.10,900,2,17,1.3522,0.50,constant,47,371.00,0.676811
1048,1000,0.10,900,2,17,1.3857,0.50,constant,48,389.00,0.502702
1049,1000,0.10,900,2,17,1.4194,0.50,constant,49,376.00,1.288011
1050,1000,0.10,900,2,17,1.4292,0.50,constant,50,362.00,0.498071
1051,1000,0.10,900,2,17,1.4339,0.50,constant,51,384.00,0.652119
1052,1000,0.10,900,2,17,1.3291,0.50,constant,52,390.00,0.492878
1053,1000,0.10,900,2,17,1.4222,0.50,constant,53,353.00,0.694413
1054,1000,0.10,900,2,17,1.3446,0.50,constant,54,386.00,0.697040
1055,1000,0.10,900,2,17,1.4042,0.50,constant,55,382.00,0.756622
1056,1000,0.10,900,2,17,1.3706,0.50,constant,56,368.00,0.623992
1057,1000,0.10,900,2,17,1.3932,0.50,constant,57,369.00,0.507441
1058,1000,0.10,900,2,17,1.3348,0.50,constant,58,359.00,0.502495
1059,1000,0.10,900,2,17,1.3203,0.50,constant,59,379.00,0.479259
1060,1000,0.10,900,2,17,1.3988,0.50,constant,60,410.00,0.637555
1061,1000,0.10,900,2,17,1.3785,0.50,constant,61,401.00,0.653325
1062,1000,0.10,900,2,17,1.3632,0.50,constant,62,396.00,0.458503
1063,1000,0.10,900,2,17,1.3833,0.50,constant,63,373.00,0.570372
1064,1000,0.10,900,2,17,1.4036,0.50,constant,64,398.00,0.564874
1065,1000,0.10,900,2,17,1.3572,0.50,constant,65,364.00,0.494997
1066,1000,0.10,900,2,17,1.3491,0.50,constant,66,361.00,0.541428
1067,1000,0.10,900,2,17,1.3821,0.50,constant,67,389.00,0.631359
1068,1000,0.10,900,2,17,1.4053,0.50,constant,68,417.00,0.607168
1069,1000,0.10,900,2,17,1.3909,0.50,constant,69,380.00,0.490084
1070,1000,0.10,900,2,17,1.3534,0.50,constant,70,371.00,0.775018
1071,1000,0.10,900,2,17,1.4066,0.50,constant,71,394.00,0.514054
1072,1000,0.10,900,2,17,1.4301,0.50,constant,72,403.00,0.436071
1073,1000,0.10,900,2,17,1.3692,0.50,constant,73,377.00,0.701260
1074,1000,0.10,900,2,17,1.4320,0.50,constant,74,378.00,0.550821
1075,1000,0.10,900,2,17,1.3671,0.50,constant,75,380.00,0.606441
1076,1000,0.10,900,2,17,1.3667,0.50,constant,76,373.00,0.810350
1077,1000,0.10,900,2,17,1.3218,0.50,constant,77,405.00,0.513360
1078,1000,0.10,900,2,17,1.3753,0.50,constant,78,384.00,0.406852
1079,1000,0.10,900,2,17,1.3652,0.50,constant,79,389.00,0.615321
1080,1000,0.10,900,2,17,1.3825,0.50,constant,80,380.00,0.498807
1081,1000,0.10,900,2,17,1.3407,0.50,constant,81,373.00,0.639960
1082,1000,0.10,900,2,17,1.3826,0.50,constant,82,368.00,0.534879
1083,1000,0.10,900,2,17,1.3798,0.50,constant,83,411.00,0.676480
1084,1000,0.10,900,2,17,1.3597,0.50,constant,84,354.00,0.742504
1085,1000,0.10,900,2,17,1.3558,0.50,constant,85,382.00,0.579123
1086,1000,0.10,900,2,17,1.3481,0.50,constant,86,385.00,0.535845
1087,1000,0.10,900,2,17,1.3162,0.50,constant,87,396.00,0.773189
1088,1000,0.10,900,2,17,1.3856,0.50,constant,88,390.00,1.036550
1089,1000,0.10,900,2,17,1.3499,0.50,constant,89,380.00,0.644949
1090,1000,0.10,900,2,17,1.3367,0.50,constant,90,386.00,0.610272
1091,1000,0.10,900,2,17,1.3956,0.50,constant,91,416.00,0.565641
1092,1000,0.10,900,2,17,1.3515,0.50,constant,92,385.00,0.484920
1093,1000,0.10,900,2,17,1.4058,0.50,constant,93,392.00,0.477946
1094,1000,0.10,900,2,17,1.3762,0.50,constant,94,347.00,0.722020
1095,1000,0.10,900,2,17,1.3941,0.50,constant,95,395.00,0.646506
1096,1000,0.10,900,2,17,1.3907,0.50,constant,96,397.00,0.428686
1097,1000,0.10,900,2,17,1.4319,0.50,constant,97,397.00,0.613390
1098,1000,0.10,900,2,17,1.4057,0.50,constant,98,392.00,0.586988
1099,1000,0.10,900,2,17,1.3777,0.50,constant,99,370.00,0.561852
1100,1000,0.10,900,2,17,1.3756,0.55,constant,0,405.00,0.646736
1101,1000,0.10,900,2,17,1.4110,0.55,constant,1,415.00,0.600243
1102,1000,0.10,900,2,17,1.3930,0.55,constant,2,360.00,0.753240
1103,1000,0.10,900,2,17,1.3761,0.55,constant,3,376.00,0.507122
1104,1000,0.10,900,2,17,1.3627,0.55,constant,4,383.00,0.583777
1105,1000,0.10,900,2,17,1.3916,0.55,constant,5,345.00,0.539339
1106,1000,0.10,900,2,17,1.3896,0.55,constant,6,401.00,0.571666
1107,1000,0.10,900,2,17,1.4063,0.55,constant,7,360.00,0.532594
1108,1000,0.10,900,2,17,1.3656,0.55,constant,8,381.00,0.599117
1109,1000,0.10,900,2,17,1.3718,0.55,constant,9,388.00,0.664430
1110,1000,0.10,900,2,17,1.3975,0.55,constant,10,411.00,0.616473
1111,1000,0.10,900,2,17,1.3741,0.55,constant,11,369.00,0.623845
1112,1000,0.10,900,2,17,1.3568,0.55,constant,12,395.00,0.998439
1113,1000,0.10,900,2,17,1.3841,0.55,constant,13,391.00,0.472287
1114,1000,0.10,900,2,17,1.3737,0.55,constant,14,356.00,0.533992
1115,1000,0.10,900,2,17,1.3679,0.55,constant,15,371.00,0.510265
1116,1000,0.10,900,2,17,1.4034,0.55,constant,16,376.00,0.599963
1117,1000,0.10,900,2,17,1.4001,0.55,constant,17,380.00,0.953224
1118,1000,0.10,900,2,17,1.3198,0.55,constant,18,385.00,0.632318
1119,1000,0.10,900,2,17,1.4286,0.55,constant,19,403.00,0.552029
1120,1000,0.10,900,2,17,1.4272,0.55,constant,20,364.00,0.582081
1121,1000,0.10,900,2,17,1.4038,0.55,constant,21,362.00,0.685807
1122,1000,0.10,900,2,17,1.3906,0.55,constant,22,391.00,0.592505
1123,1000,0.10,900,2,17,1.3520,0.55,constant,23,411.00,0.741194
1124,1000,0.10,900,2,17,1.4215,0.55,constant,24,394.00,0.608404
1125,1000,0.10,900,2,17,1.3251,0.55,constant,25,351.00,0.578691
1126,1000,0.10,900,2,17,1.3371,0.55,constant,26,404.00,0.445434
1127,1000,0.10,900,2,17,1.3610,0.55,constant,27,403.00,0.448126
1128,1000,0.10,900,2,17,1.3802,0.55,constant,28,376.00,0.554543
1129,1000,0.10,900,2,17,1.4004,0.55,constant,29,393.00,0.584486
1130,1000,0.10,900,2,17,1.3150,0.55,constant,30,344.00,0.531139
1131,1000,0.10,900,2,17,1.3439,0.55,constant,31,358.00,0.687232
1132,1000,0.10,900,2,17,1.3620,0.55,constant,32,385.00,0.554916
1133,1000,0.10,900,2,17,1.3892,0.55,constant,33,382.00,0.734999
1134,1000,0.10,900,2,17,1.3801,0.55,constant,34,390.00,0.447951
1135,1000,0.10,900,2,17,1.3880,0.55,constant,35,366.00,0.616255
1136,1000,0.10,900,2,17,1.3549,0.55,constant,36,390.00,0.548854
1137,1000,0.10,900,2,17,1.3539,0.55,constant,37,390.00,0.635340
1138,1000,0.10,900,2,17,1.3810,0.55,constant,38,378.00,0.666845
1139,1000,0.10,900,2,17,1.3413,0.55,constant,39,363.00,0.611199
1140,1000,0.10,900,2,17,1.3644,0.55,constant,40,408.00,0.682704
1141,1000,0.10,900,2,17,1.3694,0.55,constant,41,404.00,0.572462
1142,1000,0.10,900,2,17,1.3685,0.55,constant,42,393.00,0.791997
1143,1000,0.10,900,2,17,1.3755,0.55,constant,43,391.00,0.621593
1144,1000,0.10,900,2,17,1.4150,0.55,constant,44,370.00,0.754769
1145,1000,0.10,900,2,17,1.3909,0.55,constant,45,429.00,0.812719
1146,1000,0.10,900,2,17,1.3201,0.55,constant,46,422.00,0.615077
1147,1000,0.10,900,2,17,1.3726,0.55,constant,47,381.00,0.509676
1148,1000,0.10,900,2,17,1.3780,0.55,constant,48,391.00,0.582635
1149,1000,0.10,900,2,17,1.3900,0.55,constant,49,362.00,0.603689
1150,1000,0.10,900,2,17,1.3793,0.55,constant,50,381.00,0.657125
1151,1000,0.10,900,2,17,1.4061,0.55,constant,51,416.00,0.574230
1152,1000,0.10,900,2,17,1.3706,0.55,constant,52,381.00,0.534104
1153,1000,0.10,900,2,17,1.3586,0.55,constant,53,399.00,0.629308
1154,1000,0.10,900,2,17,1.3273,0.55,constant,54,392.00,0.578935
1155,1000,0.10,900,2,17,1.3748,0.55,constant,55,380.00,0.777982
1156,1000,0.10,900,2,17,1.3670,0.55,constant,56,388.00,0.578234
1157,1000,0.10,900,2,17,1.3798,0.55,constant,57,419.00,0.716380
1158,1000,0.10,900,2,17,1.3933,0.55,constant,58,407.00,0.640454
1159,1000,0.10,900,2,17,1.3659,0.55,constant,59,401.00,0.517269
1160,1000,0.10,900,2,17,1.4044,0.55,constant,60,367.00,0.590108
1161,1000,0.10,900,2,17,1.4039,0.55,constant,61,388.00,0.734323
1162,1000,0.10,900,2,17,1.3947,0.55,constant,62,381.00,0.573662
1163,1000,0.10,900,2,17,1.3880,0.55,constant,63,396.00,0.474375
1164,1000,0.10,900,2,17,1.3429,0.55,constant,64,395.00,0.885523
1165,1000,0.10,900,2,17,1.3632,0.55,constant,65,361.00,0.839727
1166,1000,0.10,900,2,17,1.3874,0.55,constant,66,401.00,0.589313
1167,1000,0.10,900,2,17,1.3659,0.55,constant,67,382.00,0.569225
1168,1000,0.10,900,2,17,1.3648,0.55,constant,68,419.00,0.726967
1169,1000,0.10,900,2,17,1.3596,0.55,constant,69,401.00,0.570015
1170,1000,0.10,900,2,17,1.3666,0.55,constant,70,393.00,0.527396
1171,1000,0.10,900,2,17,1.3774,0.55,constant,71,373.00,0.557961
1172,1000,0.10,900,2,17,1.3719,0.55,constant,72,384.00,0.612137
1173,1000,0.10,900,2,17,1.3725,0.55,constant,73,378.00,0.716654
1174,1000,0.10,900,2,17,1.3959,0.55,constant,74,399.00,0.534686
1175,1000,0.10,900,2,17,1.3618,0.55,constant,75,388.00,0.623601
1176,1000,0.10,900,2,17,1.4178,0.55,constant,76,411.00,0.639993
1177,1000,0.10,900,2,17,1.3722,0.55,constant,77,390.00,0.784918
1178,1000,0.10,900,2,17,1.4019,0.55,constant,78,389.00,0.698733
1179,1000,0.10,900,2,17,1.3003,0.55,constant,79,371.00,0.453816
1180,1000,0.10,900,2,17,1.3993,0.55,constant,80,356.00,0.688895
1181,1000,0.10,900,2,17,1.4264,0.55,constant,81,374.00,0.676996
1182,1000,0.10,900,2,17,1.3755,0.55,constant,82,386.00,0.724879
1183,1000,0.10,900,2,17,1.4450,0.55,constant,83,348.00,0.596216
1184,1000,0.10,900,2,17,1.3817,0.55,constant,84,370.00,0.566992
1185,1000,0.10,900,2,17,1.3507,0.55,constant,85,361.00,0.499905
1186,1000,0.10,900,2,17,1.3767,0.55,constant,86,381.00,0.495266
1187,1000,0.10,900,2,17,1.3297,0.55,constant,87,401.00,0.542960
1188,1000,0.10,900,2,17,1.3635,0.55,constant,88,411.00,0.513124
1189,1000,0.10,900,2,17,1.3420,0.55,constant,89,385.00,0.564436
1190,1000,0.10,900,2,17,1.3459,0.55,constant,90,395.00,0.473376
1191,1000,0.10,900,2,17,1.3641,0.55,constant,91,365.00,0.599930
1192,1000,0.10,900,2,17,1.3347,0.55,constant,92,375.00,0.608343
1193,1000,0.10,900,2,17,1.3868,0.55,constant,93,351.00,0.726538
1194,1000,0.10,900,2,17,1.4000,0.55,constant,94,408.00,0.577526
1195,1000,0.10,900,2,17,1.3283,0.55,constant,95,407.00,0.556396
1196,1000,0.10,900,2,17,1.3529,0.55,constant,96,387.00,0.609560
1197,1000,0.10,900,2,17,1.3429,0.55,constant,97,390.00,0.655057
1198,1000,0.10,900,2,17,1.3908,0.55,constant,98,411.00,0.513504
1199,1000,0.10,900,2,17,1.4172,0.55,constant,99,378.00,0.846931
1200,1000,0.10,900,2,17,1.3613,0.60,constant,0,364.00,0.595627
1201,1000,0.10,900,2,17,1.3284,0.60,constant,1,387.00,0.930791
1202,1000,0.10,900,2,17,1.3491,0.60,constant,2,392.00,0.722366
1203,1000,0.10,900,2,17,1.3925,0.60,constant,3,345.00,0.693337
1204,1000,0.10,900,2,17,1.4082,0.60,constant,4,362.00,0.678029
1205,1000,0.10,900,2,17,1.3587,0.60,constant,5,372.00,0.827632
1206,1000,0.10,900,2,17,1.3893,0.60,constant,6,384.00,0.665593
1207,1000,0.10,900,2,17,1.4030,0.60,constant,7,376.00,0.674980
1208,1000,0.10,900,2,17,1.4065,0.60,constant,8,392.00,0.666234
1209,1000,0.10,900,2,17,1.3723,0.60,constant,9,377.00,0.464184
1210,1000,0.10,900,2,17,1.3615,0.60,constant,10,367.00,0.597175
1211,1000,0.10,900,2,17,1.3720,0.60,constant,11,420.00,0.795536
1212,1000,0.10,900,2,17,1.3667,0.60,constant,12,358.00,0.614745
1213,1000,0.10,900,2,17,1.3634,0.60,constant,13,397.00,0.598583
1214,1000,0.10,900,2,17,1.3934,0.60,constant,14,366.00,0.617919
1215,1000,0.10,900,2,17,1.3851,0.60,constant,15,399.00,0.506407
1216,1000,0.10,900,2,17,1.3439,0.60,constant,16,352.00,0.650894
1217,1000,0.10,900,2,17,1.3579,0.60,constant,17,383.00,0.666008
1218,1000,0.10,900,2,17,1.3595,0.60,constant,18,408.00,0.568161
1219,1000,0.10,900,2,17,1.3605,0.60,constant,19,387.00,0.580207
1220,1000,0.10,900,2,17,1.4045,0.60,constant,20,400.00,0.657434
1221,1000,0.10,900,2,17,1.3575,0.60,constant,21,410.00,0.687469
1222,1000,0.10,900,2,17,1.3496,0.60,constant,22,409.00,1.042731
1223,1000,0.10,900,2,17,1.4028,0.60,constant,23,391.00,0.654240
1224,1000,0.10,900,2,17,1.3334,0.60,constant,24,389.00,0.634240
1225,1000,0.10,900,2,17,1.3453,0.60,constant,25,392.00,0.659022
1226,1000,0.10,900,2,17,1.3350,0.60,constant,26,404.00,0.508976
1227,1000,0.10,900,2,17,1.4058,0.60,constant,27,395.00,0.500517
1228,1000,0.10,900,2,17,1.3879,0.60,constant,28,389.00,0.514837
1229,1000,0.10,900,2,17,1.3767,0.60,constant,29,390.00,0.692867
1230,1000,0.10,900,2,17,1.3646,0.60,constant,30,408.00,1.271742
1231,1000,0.10,900,2,17,1.3437,0.60,constant,31,377.00,0.677818
1232,1000,0.10,900,2,17,1.3481,0.60,constant,32,396.00,0.426575
1233,1000,0.10,900,2,17,1.3900,0.60,constant,33,372.00,0.597009
1234,1000,0.10,900,2,17,1.4116,0.60,constant,34,356.00,0.611976
1235,1000,0.10,900,2,17,1.3647,0.60,constant,35,393.00,0.681406
1236,1000,0.10,900,2,17,1.3421,0.60,constant,36,371.00,0.670331
1237,1000,0.10,900,2,17,1.3065,0.60,constant,37,360.00,0.725037
1238,1000,0.10,900,2,17,1.3800,0.60,constant,38,352.00,0.599607
1239,1000,0.10,900,2,17,1.3767,0.60,constant,39,343.00,0.546784
1240,1000,0.10,900,2,17,1.3652,0.60,constant,40,356.00,0.813506
1241,1000,0.10,900,2,17,1.3354,0.60,constant,41,390.00,0.708411
1242,1000,0.10,900,2,17,1.4131,0.60,constant,42,366.00,0.682815
1243,1000,0.10,900,2,17,1.3677,0.60,constant,43,389.00,0.734519
1244,1000,0.10,900,2,17,1.3507,0.60,constant,44,395.00,0.687271
1245,1000,0.10,900,2,17,1.3784,0.60,constant,45,420.00,1.065595
1246,1000,0.10,900,2,17,1.3705,0.60,constant,46,355.00,0.618402
1247,1000,0.10,900,2,17,1.3717,0.60,constant,47,393.00,0.883682
1248,1000,0.10,900,2,17,1.3477,0.60,constant,48,405.00,0.534352
1249,1000,0.10,900,2,17,1.3736,0.60,constant,49,342.00,0.818655
1250,1000,0.10,900,2,17,1.3621,0.60,constant,50,423.00,0.549805
1251,1000,0.10,900,2,17,1.3887,0.60,constant,51,375.00,0.553780
1252,1000,0.10,900,2,17,1.3751,0.60,constant,52,349.00,0.748399
1253,1000,0.10,900,2,17,1.3608,0.60,constant,53,339.00,0.655598
1254,1000,0.10,900,2,17,1.3728,0.60,constant,54,359.00,0.599794
1255,1000,0.10,900,2,17,1.4165,0.60,constant,55,339.00,0.553747
1256,1000,0.10,900,2,17,1.3602,0.60,constant,56,395.00,0.570876
1257,1000,0.10,900,2,17,1.3874,0.60,constant,57,391.00,0.892382
1258,1000,0.10,900,2,17,1.3926,0.60,constant,58,372.00,0.639860
1259,1000,0.10,900,2,17,1.3716,0.60,constant,59,382.00,0.668935
1260,1000,0.10,900,2,17,1.4002,0.60,constant,60,354.00,0.557562
1261,1000,0.10,900,2,17,1.3597,0.60,constant,61,370.00,0.551926
1262,1000,0.10,900,2,17,1.4037,0.60,constant,62,378.00,0.641719
1263,1000,0.10,900,2,17,1.3623,0.60,constant,63,383.00,0.728874
1264,1000,0.10,900,2,17,1.3924,0.60,constant,64,373.00,0.615618
1265,1000,0.10,900,2,17,1.3700,0.60,constant,65,370.00,0.850975
1266,1000,0.10,900,2,17,1.3191,0.60,constant,66,374.00,0.548097
1267,1000,0.10,900,2,17,1.3589,0.60,constant,67,387.00,0.588463
1268,1000,0.10,900,2,17,1.3626,0.60,constant,68,396.00,0.667575
1269,1000,0.10,900,2,17,1.4123,0.60,constant,69,367.00,0.747072
1270,1000,0.10,900,2,17,1.3911,0.60,constant,70,372.00,0.678606
1271,1000,0.10,900,2,17,1.4252,0.60,constant,71,386.00,0.992206
1272,1000,0.10,900,2,17,1.3732,0.60,constant,72,369.00,0.605198
1273,1000,0.10,900,2,17,1.4101,0.60,constant,73,385.00,0.513853
1274,1000,0.10,900,2,17,1.3835,0.60,constant,74,377.00,0.735559
1275,1000,0.10,900,2,17,1.3844,0.60,constant,75,366.00,0.810734
1276,1000,0.10,900,2,17,1.3943,0.60,constant,76,395.00,0.634608
1277,1000,0.10,900,2,17,1.3282,0.60,constant,77,377.00,0.830154
1278,1000,0.10,900,2,17,1.4363,0.60,constant,78,368.00,0.577171
1279,1000,0.10,900,2,17,1.3523,0.60,constant,79,409.00,0.722170
1280,1000,0.10,900,2,17,1.3440,0.60,constant,80,376.00,0.623966
1281,1000,0.10,900,2,17,1.3838,0.60,constant,81,345.00,0.730812
1282,1000,0.10,900,2,17,1.3733,0.60,constant,82,370.00,0.611222
1283,1000,0.10,900,2,17,1.3583,0.60,constant,83,423.00,0.820505
1284,1000,0.10,900,2,17,1.3818,0.60,constant,84,353.00,0.656892
1285,1000,0.10,900,2,17,1.3707,0.60,constant,85,390.00,0.604774
1286,1000,0.10,900,2,17,1.4079,0.60,constant,86,393.00,0.613602
1287,1000,0.10,900,2,17,1.3808,0.60,constant,87,383.00,0.722782
1288,1000,0.10,900,2,17,1.2841,0.60,constant,88,386.00,0.560979
1289,1000,0.10,900,2,17,1.3410,0.60,constant,89,383.00,0.596783
1290,1000,0.10,900,2,17,1.4001,0.60,constant,90,400.00,0.642686
1291,1000,0.10,900,2,17,1.4411,0.60,constant,91,396.00,0.757005
1292,1000,0.10,900,2,17,1.3486,0.60,constant,92,358.00,0.624070
1293,1000,0.10,900,2,17,1.3746,0.60,constant,93,394.00,0.575094
1294,1000,0.10,900,2,17,1.3468,0.60,constant,94,397.00,0.969140
1295,1000,0.10,900,2,17,1.3661,0.60,constant,95,386.00,0.623315
1296,1000,0.10,900,2,17,1.3742,0.60,constant,96,380.00,0.731188
1297,1000,0.10,900,2,17,1.3582,0.60,constant,97,363.00,0.801115
1298,1000,0.10,900,2,17,1.3649,0.60,constant,98,413.00,0.639215
1299,1000,0.10,900,2,17,1.4192,0.60,constant,99,428.00,0.711899
1300,1000,0.10,900,2,17,1.3748,0.65,constant,0,372.00,0.662235
1301,1000,0.10,900,2,17,1.3723,0.65,constant,1,418.00,0.663245
1302,1000,0.10,900,2,17,1.3855,0.65,constant,2,364.00,0.826392
1303,1000,0.10,900,2,17,1.3638,0.65,constant,3,410.00,0.668077
1304,1000,0.10,900,2,17,1.3656,0.65,constant,4,375.00,0.811306
1305,1000,0.10,900,2,17,1.3565,0.65,constant,5,403.00,0.786351
1306,1000,0.10,900,2,17,1.3768,0.65,constant,6,369.00,0.800745
1307,1000,0.10,900,2,17,1.4053,0.65,constant,7,400.00,0.781255
1308,1000,0.10,900,2,17,1.3112,0.65,constant,8,373.00,0.648195
1309,1000,0.10,900,2,17,1.3166,0.65,constant,9,356.00,0.775660
1310,1000,0.10,900,2,17,1.3396,0.65,constant,10,401.00,0.727102
1311,1000,0.10,900,2,17,1.2940,0.65,constant,11,375.00,0.725368
1312,1000,0.10,900,2,17,1.3941,0.65,constant,12,369.00,0.769224
1313,1000,0.10,900,2,17,1.3285,0.65,constant,13,369.00,0.614134
1314,1000,0.10,900,2,17,1.3446,0.65,constant,14,392.00,1.198728
1315,1000,0.10,900,2,17,1.3154,0.65,constant,15,404.00,0.601492
1316,1000,0.10,900,2,17,1.3045,0.65,constant,16,362.00,0.766054
1317,1000,0.10,900,2,17,1.3273,0.65,constant,17,372.00,0.695002
1318,1000,0.10,900,2,17,1.3609,0.65,constant,18,404.00,0.984155
1319,1000,0.10,900,2,17,1.3420,0.65,constant,19,399.00,1.011784
1320,1000,0.10,900,2,17,1.3321,0.65,constant,20,374.00,0.622162
1321,1000,0.10,900,2,17,1.3421,0.65,constant,21,369.00,0.655567
1322,1000,0.10,900,2,17,1.4199,0.65,constant,22,386.00,0.724699
1323,1000,0.10,900,2,17,1.3664,0.65,constant,23,382.00,0.762334
1324,1000,0.10,900,2,17,1.3659,0.65,constant,24,384.00,0.612914
1325,1000,0.10,900,2,17,1.3375,0.65,constant,25,372.00,0.632244
1326,1000,0.10,900,2,17,1.3325,0.65,constant,26,377.00,0.730301
1327,1000,0.10,900,2,17,1.3845,0.65,constant,27,386.00,0.603384
1328,1000,0.10,900,2,17,1.3314,0.65,constant,28,384.00,0.731780
1329,1000,0.10,900,2,17,1.3659,0.65,constant,29,365.00,0.927084
1330,1000,0.10,900,2,17,1.3473,0.65,constant,30,406.00,0.707993
1331,1000,0.10,900,2,17,1.3764,0.65,constant,31,400.00,0.696633
1332,1000,0.10,900,2,17,1.3604,0.65,constant,32,364.00,0.557066
1333,1000,0.10,900,2,17,1.3580,0.65,constant,33,378.00,0.738098
1334,1000,0.10,900,2,17,1.3502,0.65,constant,34,406.00,0.670028
1335,1000,0.10,900,2,17,1.3141,0.65,constant,35,382.00,0.633901
1336,1000,0.10,900,2,17,1.3630,0.65,constant,36,336.00,0.807973
1337,1000,0.10,900,2,17,1.3300,0.65,constant,37,398.00,1.032357
1338,1000,0.10,900,2,17,1.3484,0.65,constant,38,389.00,0.888751
1339,1000,0.10,900,2,17,1.3392,0.65,constant,39,382.00,1.184995
1340,1000,0.10,900,2,17,1.3518,0.65,constant,40,385.00,0.793713
1341,1000,0.10,900,2,17,1.3668,0.65,constant,41,405.00,0.656695
1342,1000,0.10,900,2,17,1.4015,0.65,constant,42,392.00,0.841583
1343,1000,0.10,900,2,17,1.4301,0.65,constant,43,396.00,0.998042
1344,1000,0.10,900,2,17,1.2912,0.65,constant,44,406.00,0.706124
1345,1000,0.10,900,2,17,1.3844,0.65,constant,45,390.00,1.127275
1346,1000,0.10,900,2,17,1.3808,0.65,constant,46,368.00,0.683084
1347,1000,0.10,900,2,17,1.3614,0.65,constant,47,372.00,0.789364
1348,1000,0.10,900,2,17,1.3754,0.65,constant,48,405.00,0.802585
1349,1000,0.10,900,2,17,1.3537,0.65,constant,49,406.00,0.892021
1350,1000,0.10,900,2,17,1.3388,0.65,constant,50,409.00,0.754304
1351,1000,0.10,900,2,17,1.3200,0.65,constant,51,376.00,0.701459
1352,1000,0.10,900,2,17,1.3212,0.65,constant,52,359.00,0.654463
1353,1000,0.10,900,2,17,1.3880,0.65,constant,53,371.00,0.654830
1354,1000,0.10,900,2,17,1.3725,0.65,constant,54,364.00,0.675394
1355,1000,0.10,900,2,17,1.3845,0.65,constant,55,407.00,0.644193
1356,1000,0.10,900,2,17,1.3749,0.65,constant,56,337.00,0.685785
1357,1000,0.10,900,2,17,1.4533,0.65,constant,57,387.00,0.665348
1358,1000,0.10,900,2,17,1.3409,0.65,constant,58,359.00,0.658549
1359,1000,0.10,900,2,17,1.3501,0.65,constant,59,368.00,0.599394
1360,1000,0.10,900,2,17,1.3547,0.65,constant,60,378.00,0.540354
1361,1000,0.10,900,2,17,1.3932,0.65,constant,61,383.00,0.711446
1362,1000,0.10,900,2,17,1.4276,0.65,constant,62,391.00,0.753220
1363,1000,0.10,900,2,17,1.3956,0.65,constant,63,392.00,0.803787
1364,1000,0.10,900,2,17,1.3608,0.65,constant,64,407.00,0.828300
1365,1000,0.10,900,2,17,1.3722,0.65,constant,65,390.00,0.932627
1366,1000,0.10,900,2,17,1.3588,0.65,constant,66,393.00,0.757463
1367,1000,0.10,900,2,17,1.3892,0.65,constant,67,382.00,0.654973
1368,1000,0.10,900,2,17,1.3529,0.65,constant,68,419.00,0.674183
1369,1000,0.10,900,2,17,1.3619,0.65,constant,69,366.00,0.574081
1370,1000,0.10,900,2,17,1.2988,0.65,constant,70,409.00,0.651964
1371,1000,0.10,900,2,17,1.3796,0.65,constant,71,381.00,0.592662
1372,1000,0.10,900,2,17,1.3390,0.65,constant,72,392.00,0.600474
1373,1000,0.10,900,2,17,1.3366,0.65,constant,73,367.00,0.790265
1374,1000,0.10,900,2,17,1.3803,0.65,constant,74,387.00,0.710843
1375,1000,0.10,900,2,17,1.3158,0.65,constant,75,394.00,0.774272
1376,1000,0.10,900,2,17,1.3421,0.65,constant,76,366.00,0.980056
1377,1000,0.10,900,2,17,1.3451,0.65,constant,77,407.00,0.662300
1378,1000,0.10,900,2,17,1.3431,0.65,constant,78,377.00,1.195512
1379,1000,0.10,900,2,17,1.3988,0.65,constant,79,403.00,0.653716
1380,1000,0.10,900,2,17,1.3518,0.65,constant,80,370.00,0.669978
1381,1000,0.10,900,2,17,1.3208,0.65,constant,81,378.00,0.530287
1382,1000,0.10,900,2,17,1.3696,0.65,constant,82,376.00,0.521296
1383,1000,0.10,900,2,17,1.3992,0.65,constant,83,407.00,0.623644
1384,1000,0.10,900,2,17,1.3229,0.65,constant,84,385.00,1.110210
1385,1000,0.10,900,2,17,1.3869,0.65,constant,85,393.00,0.680468
1386,1000,0.10,900,2,17,1.4149,0.65,constant,86,370.00,0.828052
1387,1000,0.10,900,2,17,1.3480,0.65,constant,87,377.00,0.698075
1388,1000,0.10,900,2,17,1.3654,0.65,constant,88,378.00,0.590101
1389,1000,0.10,900,2,17,1.3554,0.65,constant,89,358.00,0.754744
1390,1000,0.10,900,2,17,1.3503,0.65,constant,90,413.00,0.596450
1391,1000,0.10,900,2,17,1.3559,0.65,constant,91,394.00,0.682638
1392,1000,0.10,900,2,17,1.4082,0.65,constant,92,384.00,0.691887
1393,1000,0.10,900,2,17,1.3902,0.65,constant,93,380.00,0.696551
1394,1000,0.10,900,2,17,1.3793,0.65,constant,94,339.00,0.675558
1395,1000,0.10,900,2,17,1.3629,0.65,constant,95,371.00,0.604062
1396,1000,0.10,900,2,17,1.3544,0.65,constant,96,364.00,0.674567
1397,1000,0.10,900,2,17,1.3997,0.65,constant,97,395.00,0.750438
1398,1000,0.10,900,2,17,1.3494,0.65,constant,98,365.00,0.669564
1399,1000,0.10,900,2,17,1.3425,0.65,constant,99,378.00,0.630479
1400,1000,0.10,900,2,17,1.3446,0.70,constant,0,370.00,0.624567
1401,1000,0.10,900,2,17,1.3564,0.70,constant,1,418.00,0.789983
1402,1000,0.10,900,2,17,1.3422,0.70,constant,2,358.00,0.671565
1403,1000,0.10,900,2,17,1.3478,0.70,constant,3,414.00,1.103250
1404,1000,0.10,900,2,17,1.3400,0.70,constant,4,364.00,0.812671
1405,1000,0.10,900,2,17,1.3300,0.70,constant,5,384.00,0.729451
1406,1000,0.10,900,2,17,1.3004,0.70,constant,6,414.00,0.914284
1407,1000,0.10,900,2,17,1.3365,0.70,constant,7,386.00,0.813352
1408,1000,0.10,900,2,17,1.3865,0.70,constant,8,354.00,0.704780
1409,1000,0.10,900,2,17,1.3633,0.70,constant,9,401.00,0.743664
1410,1000,0.10,900,2,17,1.3391,0.70,constant,10,385.00,0.923624
1411,1000,0.10,900,2,17,1.3501,0.70,constant,11,358.00,0.732940
1412,1000,0.10,900,2,17,1.3913,0.70,constant,12,394.00,0.948316
1413,1000,0.10,900,2,17,1.3512,0.70,constant,13,382.00,0.923550
1414,1000,0.10,900,2,17,1.3636,0.70,constant,14,397.00,0.726781
1415,1000,0.10,900,2,17,1.3306,0.70,constant,15,398.00,0.901145
1416,1000,0.10,900,2,17,1.3266,0.70,constant,16,377.00,0.902955
1417,1000,0.10,900,2,17,1.3373,0.70,constant,17,378.00,0.635705
1418,1000,0.10,900,2,17,1.2984,0.70,constant,18,365.00,0.750145
1419,1000,0.10,900,2,17,1.3501,0.70,constant,19,375.00,0.859927
1420,1000,0.10,900,2,17,1.3319,0.70,constant,20,373.00,0.971804
1421,1000,0.10,900,2,17,1.3539,0.70,constant,21,377.00,0.819887
1422,1000,0.10,900,2,17,1.3272,0.70,constant,22,385.00,0.823347
1423,1000,0.10,900,2,17,1.3980,0.70,constant,23,368.00,0.815755
1424,1000,0.10,900,2,17,1.3687,0.70,constant,24,379.00,0.788707
1425,1000,0.10,900,2,17,1.3854,0.70,constant,25,368.00,0.781174
1426,1000,0.10,900,2,17,1.3419,0.70,constant,26,394.00,0.691552
1427,1000,0.10,900,2,17,1.3528,0.70,constant,27,419.00,0.900269
1428,1000,0.10,900,2,17,1.3443,0.70,constant,28,384.00,0.963410
1429,1000,0.10,900,2,17,1.3181,0.70,constant,29,364.00,0.714618
1430,1000,0.10,900,2,17,1.3265,0.70,constant,30,350.00,0.695244
1431,1000,0.10,900,2,17,1.3394,0.70,constant,31,371.00,0.696258
1432,1000,0.10,900,2,17,1.3392,0.70,constant,32,380.00,0.802737
1433,1000,0.10,900,2,17,1.3162,0.70,constant,33,402.00,0.621636
1434,1000,0.10,900,2,17,1.3069,0.70,constant,34,385.00,0.742916
1435,1000,0.10,900,2,17,1.3926,0.70,constant,35,405.00,0.981770
1436,1000,0.10,900,2,17,1.3573,0.70,constant,36,383.00,1.001596
1437,1000,0.10,900,2,17,1.3364,0.70,constant,37,379.00,0.972746
1438,1000,0.10,900,2,17,1.3261,0.70,constant,38,381.00,0.761492
1439,1000,0.10,900,2,17,1.3337,0.70,constant,39,407.00,1.164710
1440,1000,0.10,900,2,17,1.3674,0.70,constant,40,395.00,0.834859
1441,1000,0.10,900,2,17,1.3005,0.70,constant,41,372.00,0.846603
1442,1000,0.10,900,2,17,1.3070,0.70,constant,42,369.00,0.731439
1443,1000,0.10,900,2,17,1.3236,0.70,constant,43,414.00,0.926533
1444,1000,0.10,900,2,17,1.3729,0.70,constant,44,388.00,0.873330
1445,1000,0.10,900,2,17,1.3609,0.70,constant,45,329.00,0.785242
1446,1000,0.10,900,2,17,1.3682,0.70,constant,46,379.00,0.881672
1447,1000,0.10,900,2,17,1.2886,0.70,constant,47,400.00,0.687439
1448,1000,0.10,900,2,17,1.4339,0.70,constant,48,401.00,0.663794
1449,1000,0.10,900,2,17,1.3286,0.70,constant,49,417.00,0.711632
1450,1000,0.10,900,2,17,1.2882,0.70,constant,50,339.00,0.870529
1451,1000,0.10,900,2,17,1.3223,0.70,constant,51,386.00,0.821263
1452,1000,0.10,900,2,17,1.3101,0.70,constant,52,324.00,0.696478
1453,1000,0.10,900,2,17,1.3239,0.70,constant,53,382.00,0.703948
1454,1000,0.10,900,2,17,1.3528,0.70,constant,54,375.00,0.633156
1455,1000,0.10,900,2,17,1.3624,0.70,constant,55,359.00,0.684851
1456,1000,0.10,900,2,17,1.3087,0.70,constant,56,405.00,0.844918
1457,1000,0.10,900,2,17,1.3477,0.70,constant,57,407.00,0.970040
1458,1000,0.10,900,2,17,1.3981,0.70,constant,58,379.00,0.642992
1459,1000,0.10,900,2,17,1.3455,0.70,constant,59,367.00,0.589109
1460,1000,0.10,900,2,17,1.3482,0.70,constant,60,367.00,0.697455
1461,1000,0.10,900,2,17,1.3578,0.70,constant,61,403.00,0.724246
1462,1000,0.10,900,2,17,1.3257,0.70,constant,62,381.00,0.618677
1463,1000,0.10,900,2,17,1.3148,0.70,constant,63,357.00,0.747595
1464,1000,0.10,900,2,17,1.3351,0.70,constant,64,374.00,0.752143
1465,1000,0.10,900,2,17,1.3284,0.70,constant,65,376.00,0.663964
1466,1000,0.10,900,2,17,1.3282,0.70,constant,66,394.00,0.856312
1467,1000,0.10,900,2,17,1.3707,0.70,constant,67,376.00,0.779234
1468,1000,0.10,900,2,17,1.2811,0.70,constant,68,344.00,0.704777
1469,1000,0.10,900,2,17,1.3507,0.70,constant,69,391.00,1.035491
1470,1000,0.10,900,2,17,1.3255,0.70,constant,70,407.00,0.826495
1471,1000,0.10,900,2,17,1.3338,0.70,constant,71,348.00,0.755484
1472,1000,0.10,900,2,17,1.3333,0.70,constant,72,422.00,0.635368
1473,1000,0.10,900,2,17,1.3023,0.70,constant,73,365.00,0.744082
1474,1000,0.10,900,2,17,1.3545,0.70,constant,74,345.00,0.881318
1475,1000,0.10,900,2,17,1.3316,0.70,constant,75,359.00,0.649517
1476,1000,0.10,900,2,17,1.2949,0.70,constant,76,370.00,0.758279
1477,1000,0.10,900,2,17,1.2567,0.70,constant,77,387.00,0.853255
1478,1000,0.10,900,2,17,1.3214,0.70,constant,78,399.00,0.982411
1479,1000,0.10,900,2,17,1.3636,0.70,constant,79,374.00,0.650356
1480,1000,0.10,900,2,17,1.3666,0.70,constant,80,401.00,0.742407
1481,1000,0.10,900,2,17,1.3609,0.70,constant,81,376.00,0.736431
1482,1000,0.10,900,2,17,1.3124,0.70,constant,82,393.00,0.747018
1483,1000,0.10,900,2,17,1.3549,0.70,constant,83,401.00,0.719527
1484,1000,0.10,900,2,17,1.3553,0.70,constant,84,398.00,0.729269
1485,1000,0.10,900,2,17,1.2954,0.70,constant,85,416.00,0.824382
1486,1000,0.10,900,2,17,1.3480,0.70,constant,86,391.00,1.094943
1487,1000,0.10,900,2,17,1.3729,0.70,constant,87,394.00,1.119918
1488,1000,0.10,900,2,17,1.3402,0.70,constant,88,391.00,0.905130
1489,1000,0.10,900,2,17,1.3320,0.70,constant,89,368.00,1.094426
1490,1000,0.10,900,2,17,1.3227,0.70,constant,90,378.00,0.703591
1491,1000,0.10,900,2,17,1.3368,0.70,constant,91,376.00,0.901314
1492,1000,0.10,900,2,17,1.3538,0.70,constant,92,318.00,0.853431
1493,1000,0.10,900,2,17,1.3693,0.70,constant,93,364.00,0.859276
1494,1000,0.10,900,2,17,1.3285,0.70,constant,94,383.00,0.736091
1495,1000,0.10,900,2,17,1.3908,0.70,constant,95,397.00,0.872506
1496,1000,0.10,900,2,17,1.3840,0.70,constant,96,365.00,0.725401
1497,1000,0.10,900,2,17,1.3064,0.70,constant,97,393.00,0.819995
1498,1000,0.10,900,2,17,1.3371,0.70,constant,98,362.00,0.661341
1499,1000,0.10,900,2,17,1.3403,0.70,constant,99,356.00,1.272740
1500,1000,0.10,900,2,17,1.3205,0.75,constant,0,380.00,0.837334
1501,1000,0.10,900,2,17,1.3179,0.75,constant,1,394.00,0.994018
1502,1000,0.10,900,2,17,1.2739,0.75,constant,2,387.00,0.860959
1503,1000,0.10,900,2,17,1.3667,0.75,constant,3,402.00,0.719976
1504,1000,0.10,900,2,17,1.3749,0.75,constant,4,372.00,0.752275
1505,1000,0.10,900,2,17,1.3225,0.75,constant,5,365.00,0.659439
1506,1000,0.10,900,2,17,1.2879,0.75,constant,6,363.00,1.004258
1507,1000,0.10,900,2,17,1.3265,0.75,constant,7,384.00,0.732825
1508,1000,0.10,900,2,17,1.3507,0.75,constant,8,360.00,0.754265
1509,1000,0.10,900,2,17,1.2977,0.75,constant,9,395.00,0.701689
1510,1000,0.10,900,2,17,1.2972,0.75,constant,10,386.00,0.647661
1511,1000,0.10,900,2,17,1.3482,0.75,constant,11,369.00,0.965772
1512,1000,0.10,900,2,17,1.3136,0.75,constant,12,353.00,0.769287
1513,1000,0.10,900,2,17,1.3163,0.75,constant,13,368.00,0.986920
1514,1000,0.10,900,2,17,1.2947,0.75,constant,14,385.00,1.016052
1515,1000,0.10,900,2,17,1.3129,0.75,constant,15,391.00,0.853679
1516,1000,0.10,900,2,17,1.3247,0.75,constant,16,339.00,0.680894
1517,1000,0.10,900,2,17,1.3321,0.75,constant,17,366.00,0.837704
1518,1000,0.10,900,2,17,1.2651,0.75,constant,18,398.00,0.841711
1519,1000,0.10,900,2,17,1.2772,0.75,constant,19,358.00,0.792736
1520,1000,0.10,900,2,17,1.3239,0.75,constant,20,395.00,0.966420
1521,1000,0.10,900,2,17,1.3225,0.75,constant,21,356.00,0.826273
1522,1000,0.10,900,2,17,1.3074,0.75,constant,22,401.00,0.779557
1523,1000,0.10,900,2,17,1.3559,0.75,constant,23,353.00,0.757576
1524,1000,0.10,900,2,17,1.3273,0.75,constant,24,380.00,0.857035
1525,1000,0.10,900,2,17,1.3300,0.75,constant,25,352.00,0.979515
1526,1000,0.10,900,2,17,1.3067,0.75,constant,26,363.00,0.859557
1527,1000,0.10,900,2,17,1.2718,0.75,constant,27,393.00,0.929941
1528,1000,0.10,900,2,17,1.2866,0.75,constant,28,399.00,0.902676
1529,1000,0.10,900,2,17,1.2802,0.75,constant,29,368.00,0.851123
1530,1000,0.10,900,2,17,1.3121,0.75,constant,30,380.00,0.890718
1531,1000,0.10,900,2,17,1.3239,0.75,constant,31,362.00,0.778341
1532,1000,0.10,900,2,17,1.3114,0.75,constant,32,356.00,0.889185
1533,1000,0.10,900,2,17,1.2650,0.75,constant,33,387.00,0.920321
1534,1000,0.10,900,2,17,1.2788,0.75,constant,34,382.00,1.028884
1535,1000,0.10,900,2,17,1.3123,0.75,constant,35,349.00,0.638337
1536,1000,0.10,900,2,17,1.3013,0.75,constant,36,358.00,0.776271
1537,1000,0.10,900,2,17,1.3062,0.75,constant,37,385.00,0.905566
1538,1000,0.10,900,2,17,1.3201,0.75,constant,38,411.00,1.021249
1539,1000,0.10,900,2,17,1.2893,0.75,constant,39,377.00,0.842468
1540,1000,0.10,900,2,17,1.3310,0.75,constant,40,356.00,0.675397
1541,1000,0.10,900,2,17,1.3707,0.75,constant,41,373.00,1.087657
1542,1000,0.10,900,2,17,1.3537,0.75,constant,42,379.00,0.719051
1543,1000,0.10,900,2,17,1.3387,0.75,constant,43,397.00,0.603866
1544,1000,0.10,900,2,17,1.2431,0.75,constant,44,378.00,0.932205
1545,1000,0.10,900,2,17,1.3181,0.75,constant,45,365.00,0.797417
1546,1000,0.10,900,2,17,1.3632,0.75,constant,46,353.00,0.899293
1547,1000,0.10,900,2,17,1.2638,0.75,constant,47,393.00,0.923017
1548,1000,0.10,900,2,17,1.3370,0.75,constant,48,362.00,0.760950
1549,1000,0.10,900,2,17,1.2854,0.75,constant,49,374.00,0.681100
1550,1000,0.10,900,2,17,1.3322,0.75,constant,50,387.00,0.847256
1551,1000,0.10,900,2,17,1.2837,0.75,constant,51,370.00,0.810775
1552,1000,0.10,900,2,17,1.2744,0.75,constant,52,385.00,0.959627
1553,1000,0.10,900,2,17,1.3031,0.75,constant,53,400.00,0.769706
1554,1000,0.10,900,2,17,1.2977,0.75,constant,54,348.00,0.893424
1555,1000,0.10,900,2,17,1.2941,0.75,constant,55,360.00,0.912080
1556,1000,0.10,900,2,17,1.3065,0.75,constant,56,334.00,0.849402
1557,1000,0.10,900,2,17,1.3375,0.75,constant,57,384.00,0.733695
1558,1000,0.10,900,2,17,1.2889,0.75,constant,58,363.00,0.875888
1559,1000,0.10,900,2,17,1.2512,0.75,constant,59,411.00,0.733104
1560,1000,0.10,900,2,17,1.3622,0.75,constant,60,386.00,0.865650
1561,1000,0.10,900,2,17,1.3209,0.75,constant,61,392.00,0.716878
1562,1000,0.10,900,2,17,1.3027,0.75,constant,62,355.00,0.670572
1563,1000,0.10,900,2,17,1.2716,0.75,constant,63,366.00,0.684931
1564,1000,0.10,900,2,17,1.3125,0.75,constant,64,365.00,0.834374
1565,1000,0.10,900,2,17,1.2799,0.75,constant,65,402.00,0.866502
1566,1000,0.10,900,2,17,1.3299,0.75,constant,66,365.00,0.899730
1567,1000,0.10,900,2,17,1.3009,0.75,constant,67,392.00,0.797755
1568,1000,0.10,900,2,17,1.3510,0.75,constant,68,383.00,0.715319
1569,1000,0.10,900,2,17,1.3153,0.75,constant,69,393.00,0.858290
1570,1000,0.10,900,2,17,1.3028,0.75,constant,70,368.00,0.690560
1571,1000,0.10,900,2,17,1.2581,0.75,constant,71,397.00,0.936352
1572,1000,0.10,900,2,17,1.2922,0.75,constant,72,389.00,0.883026
1573,1000,0.10,900,2,17,1.3029,0.75,constant,73,397.00,0.878075
1574,1000,0.10,900,2,17,1.4138,0.75,constant,74,371.00,0.861770
1575,1000,0.10,900,2,17,1.3476,0.75,constant,75,385.00,0.751851
1576,1000,0.10,900,2,17,1.3022,0.75,constant,76,388.00,0.899035
1577,1000,0.10,900,2,17,1.3640,0.75,constant,77,394.00,0.762846
1578,1000,0.10,900,2,17,1.3220,0.75,constant,78,384.00,1.020453
1579,1000,0.10,900,2,17,1.2507,0.75,constant,79,389.00,0.779842
1580,1000,0.10,900,2,17,1.3222,0.75,constant,80,373.00,0.689879
1581,1000,0.10,900,2,17,1.3142,0.75,constant,81,384.00,0.769169
1582,1000,0.10,900,2,17,1.3278,0.75,constant,82,367.00,0.679488
1583,1000,0.10,900,2,17,1.3201,0.75,constant,83,371.00,0.851519
1584,1000,0.10,900,2,17,1.3157,0.75,constant,84,359.00,0.632999
1585,1000,0.10,900,2,17,1.3241,0.75,constant,85,363.00,0.959892
1586,1000,0.10,900,2,17,1.3507,0.75,constant,86,351.00,0.755652
1587,1000,0.10,900,2,17,1.2645,0.75,constant,87,366.00,0.863267
1588,1000,0.10,900,2,17,1.2917,0.75,constant,88,361.00,0.797688
1589,1000,0.10,900,2,17,1.3332,0.75,constant,89,406.00,1.069658
1590,1000,0.10,900,2,17,1.2906,0.75,constant,90,351.00,0.867159
1591,1000,0.10,900,2,17,1.3373,0.75,constant,91,373.00,0.802556
1592,1000,0.10,900,2,17,1.3168,0.75,constant,92,381.00,1.117783
1593,1000,0.10,900,2,17,1.3372,0.75,constant,93,366.00,0.702136
1594,1000,0.10,900,2,17,1.3453,0.75,constant,94,390.00,1.043311
1595,1000,0.10,900,2,17,1.3533,0.75,constant,95,396.00,0.679157
1596,1000,0.10,900,2,17,1.2793,0.75,constant,96,385.00,0.912306
1597,1000,0.10,900,2,17,1.3045,0.75,constant,97,375.00,0.797730
1598,1000,0.10,900,2,17,1.2744,0.75,constant,98,358.00,0.766835
1599,1000,0.10,900,2,17,1.3077,0.75,constant,99,390.00,0.824722
1600,1000,0.10,900,2,17,1.2894,0.80,constant,0,379.00,0.824159
1601,1000,0.10,900,2,17,1.3406,0.80,constant,1,360.00,0.906779
1602,1000,0.10,900,2,17,1.2972,0.80,constant,2,362.00,0.955124
1603,1000,0.10,900,2,17,1.3118,0.80,constant,3,371.00,0.922624
1604,1000,0.10,900,2,17,1.2174,0.80,constant,4,368.00,1.054921
1605,1000,0.10,900,2,17,1.2945,0.80,constant,5,382.00,0.851596
1606,1000,0.10,900,2,17,1.2923,0.80,constant,6,367.00,0.811875
1607,1000,0.10,900,2,17,1.2770,0.80,constant,7,360.00,0.920850
1608,1000,0.10,900,2,17,1.3012,0.80,constant,8,369.00,0.891921
1609,1000,0.10,900,2,17,1.2726,0.80,constant,9,418.00,0.848235
1610,1000,0.10,900,2,17,1.2501,0.80,constant,10,387.00,0.719044
1611,1000,0.10,900,2,17,1.2851,0.80,constant,11,382.00,0.991851
1612,1000,0.10,900,2,17,1.2457,0.80,constant,12,379.00,0.921305
1613,1000,0.10,900,2,17,1.3094,0.80,constant,13,401.00,0.789787
1614,1000,0.10,900,2,17,1.3139,0.80,constant,14,375.00,0.901340
1615,1000,0.10,900,2,17,1.3368,0.80,constant,15,370.00,0.796155
1616,1000,0.10,900,2,17,1.2355,0.80,constant,16,362.00,1.059196
1617,1000,0.10,900,2,17,1.2843,0.80,constant,17,360.00,0.793432
1618,1000,0.10,900,2,17,1.2530,0.80,constant,18,400.00,0.955417
1619,1000,0.10,900,2,17,1.2935,0.80,constant,19,361.00,0.838702
1620,1000,0.10,900,2,17,1.3024,0.80,constant,20,400.00,0.952310
1621,1000,0.10,900,2,17,1.2296,0.80,constant,21,369.00,0.747295
1622,1000,0.10,900,2,17,1.3592,0.80,constant,22,388.00,0.895545
1623,1000,0.10,900,2,17,1.2230,0.80,constant,23,378.00,0.904870
1624,1000,0.10,900,2,17,1.2941,0.80,constant,24,362.00,0.995993
1625,1000,0.10,900,2,17,1.3096,0.80,constant,25,385.00,0.866210
1626,1000,0.10,900,2,17,1.3205,0.80,constant,26,388.00,0.900976
1627,1000,0.10,900,2,17,1.3646,0.80,constant,27,353.00,0.907645
1628,1000,0.10,900,2,17,1.3191,0.80,constant,28,382.00,0.839016
1629,1000,0.10,900,2,17,1.2707,0.80,constant,29,364.00,0.760598
1630,1000,0.10,900,2,17,1.2914,0.80,constant,30,376.00,0.788311
1631,1000,0.10,900,2,17,1.2393,0.80,constant,31,396.00,0.967544
1632,1000,0.10,900,2,17,1.2574,0.80,constant,32,400.00,0.845605
1633,1000,0.10,900,2,17,1.3470,0.80,constant,33,380.00,1.002867
1634,1000,0.10,900,2,17,1.2696,0.80,constant,34,372.00,0.849845
1635,1000,0.10,900,2,17,1.2549,0.80,constant,35,401.00,0.953185
1636,1000,0.10,900,2,17,1.2669,0.80,constant,36,375.00,1.048198
1637,1000,0.10,900,2,17,1.2543,0.80,constant,37,363.00,0.860936
1638,1000,0.10,900,2,17,1.3089,0.80,constant,38,380.00,0.992485
1639,1000,0.10,900,2,17,1.2512,0.80,constant,39,385.00,0.928939
1640,1000,0.10,900,2,17,1.3356,0.80,constant,40,382.00,0.805839
1641,1000,0.10,900,2,17,1.2729,0.80,constant,41,343.00,1.009547
1642,1000,0.10,900,2,17,1.2792,0.80,constant,42,362.00,0.803797
1643,1000,0.10,900,2,17,1.2926,0.80,constant,43,393.00,1.027796
1644,1000,0.10,900,2,17,1.2916,0.80,constant,44,367.00,0.936113
1645,1000,0.10,900,2,17,1.2719,0.80,constant,45,385.00,0.837202
1646,1000,0.10,900,2,17,1.2554,0.80,constant,46,362.00,0.904315
1647,1000,0.10,900,2,17,1.2788,0.80,constant,47,378.00,0.885582
1648,1000,0.10,900,2,17,1.3149,0.80,constant,48,370.00,1.058022
1649,1000,0.10,900,2,17,1.2833,0.80,constant,49,404.00,0.782369
1650,1000,0.10,900,2,17,1.2556,0.80,constant,50,364.00,0.809748
1651,1000,0.10,900,2,17,1.3095,0.80,constant,51,366.00,0.833716
1652,1000,0.10,900,2,17,1.2403,0.80,constant,52,359.00,0.818526
1653,1000,0.10,900,2,17,1.2739,0.80,constant,53,386.00,0.768061
1654,1000,0.10,900,2,17,1.2744,0.80,constant,54,348.00,0.845650
1655,1000,0.10,900,2,17,1.3037,0.80,constant,55,398.00,0.715304
1656,1000,0.10,900,2,17,1.2980,0.80,constant,56,351.00,0.877689
1657,1000,0.10,900,2,17,1.2193,0.80,constant,57,396.00,0.956280
1658,1000,0.10,900,2,17,1.2552,0.80,constant,58,380.00,1.165188
1659,1000,0.10,900,2,17,1.3141,0.80,constant,59,349.00,0.695117
1660,1000,0.10,900,2,17,1.2739,0.80,constant,60,393.00,0.795414
1661,1000,0.10,900,2,17,1.2799,0.80,constant,61,361.00,0.947742
1662,1000,0.10,900,2,17,1.2971,0.80,constant,62,335.00,0.899570
1663,1000,0.10,900,2,17,1.2607,0.80,constant,63,363.00,0.899454
1664,1000,0.10,900,2,17,1.2399,0.80,constant,64,367.00,0.900009
1665,1000,0.10,900,2,17,1.2790,0.80,constant,65,382.00,0.893436
1666,1000,0.10,900,2,17,1.2766,0.80,constant,66,374.00,0.907025
1667,1000,0.10,900,2,17,1.2938,0.80,constant,67,378.00,0.872671
1668,1000,0.10,900,2,17,1.2625,0.80,constant,68,384.00,1.019126
1669,1000,0.10,900,2,17,1.2569,0.80,constant,69,375.00,0.893332
1670,1000,0.10,900,2,17,1.2473,0.80,constant,70,376.00,0.852463
1671,1000,0.10,900,2,17,1.2973,0.80,constant,71,375.00,0.845324
1672,1000,0.10,900,2,17,1.2762,0.80,constant,72,384.00,0.741303
1673,1000,0.10,900,2,17,1.3313,0.80,constant,73,354.00,0.820693
1674,1000,0.10,900,2,17,1.2937,0.80,constant,74,403.00,0.769408
1675,1000,0.10,900,2,17,1.2830,0.80,constant,75,349.00,1.045574
1676,1000,0.10,900,2,17,1.2747,0.80,constant,76,391.00,0.860707
1677,1000,0.10,900,2,17,1.2728,0.80,constant,77,380.00,0.906268
1678,1000,0.10,900,2,17,1.2636,0.80,constant,78,399.00,0.808411
1679,1000,0.10,900,2,17,1.3213,0.80,constant,79,367.00,0.857874
1680,1000,0.10,900,2,17,1.3288,0.80,constant,80,367.00,0.959844
1681,1000,0.10,900,2,17,1.3104,0.80,constant,81,356.00,0.813086
1682,1000,0.10,900,2,17,1.2661,0.80,constant,82,385.00,0.769154
1683,1000,0.10,900,2,17,1.2791,0.80,constant,83,389.00,0.971786
1684,1000,0.10,900,2,17,1.3088,0.80,constant,84,387.00,0.935854
1685,1000,0.10,900,2,17,1.3099,0.80,constant,85,385.00,0.864792
1686,1000,0.10,900,2,17,1.2888,0.80,constant,86,387.00,0.808016
1687,1000,0.10,900,2,17,1.2913,0.80,constant,87,376.00,0.887892
1688,1000,0.10,900,2,17,1.2854,0.80,constant,88,402.00,0.780288
1689,1000,0.10,900,2,17,1.3066,0.80,constant,89,383.00,0.834279
1690,1000,0.10,900,2,17,1.2814,0.80,constant,90,365.00,0.889738
1691,1000,0.10,900,2,17,1.2906,0.80,constant,91,383.00,0.776653
1692,1000,0.10,900,2,17,1.2857,0.80,constant,92,406.00,0.900414
1693,1000,0.10,900,2,17,1.3299,0.80,constant,93,383.00,1.009387
1694,1000,0.10,900,2,17,1.2801,0.80,constant,94,378.00,0.926568
1695,1000,0.10,900,2,17,1.3081,0.80,constant,95,374.00,0.802838
1696,1000,0.10,900,2,17,1.2757,0.80,constant,96,359.00,1.029308
1697,1000,0.10,900,2,17,1.2813,0.80,constant,97,366.00,0.892922
1698,1000,0.10,900,2,17,1.3142,0.80,constant,98,370.00,1.077435
1699,1000,0.10,900,2,17,1.2756,0.80,constant,99,364.00,0.985362
1700,1000,0.10,900,2,17,1.3120,0.85,constant,0,387.00,0.987449
1701,1000,0.10,900,2,17,1.2572,0.85,constant,1,387.00,0.980666
1702,1000,0.10,900,2,17,1.2486,0.85,constant,2,374.00,0.950948
1703,1000,0.10,900,2,17,1.2134,0.85,constant,3,372.00,1.001365
1704,1000,0.10,900,2,17,1.2351,0.85,constant,4,374.00,0.836374
1705,1000,0.10,900,2,17,1.2424,0.85,constant,5,378.00,1.057599
1706,1000,0.10,900,2,17,1.2418,0.85,constant,6,365.00,0.837951
1707,1000,0.10,900,2,17,1.2470,0.85,constant,7,404.00,0.927878
1708,1000,0.10,900,2,17,1.2037,0.85,constant,8,354.00,0.984156
1709,1000,0.10,900,2,17,1.2669,0.85,constant,9,357.00,0.976674
1710,1000,0.10,900,2,17,1.2180,0.85,constant,10,359.00,0.981685
1711,1000,0.10,900,2,17,1.2603,0.85,constant,11,355.00,0.831276
1712,1000,0.10,900,2,17,1.2095,0.85,constant,12,364.00,0.918707
1713,1000,0.10,900,2,17,1.2433,0.85,constant,13,360.00,0.995742
1714,1000,0.10,900,2,17,1.2658,0.85,constant,14,392.00,0.837377
1715,1000,0.10,900,2,17,1.2619,0.85,constant,15,357.00,0.880629
1716,1000,0.10,900,2,17,1.2659,0.85,constant,16,395.00,1.197255
1717,1000,0.10,900,2,17,1.2401,0.85,constant,17,368.00,0.892753
1718,1000,0.10,900,2,17,1.2037,0.85,constant,18,368.00,0.901906
1719,1000,0.10,900,2,17,1.2807,0.85,constant,19,393.00,0.950745
1720,1000,0.10,900,2,17,1.2820,0.85,constant,20,350.00,0.919467
1721,1000,0.10,900,2,17,1.2244,0.85,constant,21,351.00,0.920801
1722,1000,0.10,900,2,17,1.1852,0.85,constant,22,399.00,0.853920
1723,1000,0.10,900,2,17,1.2000,0.85,constant,23,393.00,0.872626
1724,1000,0.10,900,2,17,1.2221,0.85,constant,24,378.00,0.919192
1725,1000,0.10,900,2,17,1.2864,0.85,constant,25,393.00,0.913884
1726,1000,0.10,900,2,17,1.2921,0.85,constant,26,399.00,0.808843
1727,1000,0.10,900,2,17,1.2227,0.85,constant,27,367.00,1.102343
1728,1000,0.10,900,2,17,1.2574,0.85,constant,28,371.00,0.839147
1729,1000,0.10,900,2,17,1.2494,0.85,constant,29,383.00,0.976913
1730,1000,0.10,900,2,17,1.2330,0.85,constant,30,381.00,0.855188
1731,1000,0.10,900,2,17,1.2358,0.85,constant,31,408.00,0.844232
1732,1000,0.10,900,2,17,1.2805,0.85,constant,32,361.00,0.862257
1733,1000,0.10,900,2,17,1.2251,0.85,constant,33,386.00,0.914148
1734,1000,0.10,900,2,17,1.2701,0.85,constant,34,363.00,0.793664
1735,1000,0.10,900,2,17,1.2450,0.85,constant,35,347.00,0.881308
1736,1000,0.10,900,2,17,1.2393,0.85,constant,36,368.00,0.833739
1737,1000,0.10,900,2,17,1.2579,0.85,constant,37,379.00,1.045231
1738,1000,0.10,900,2,17,1.2145,0.85,constant,38,387.00,1.191888
1739,1000,0.10,900,2,17,1.2564,0.85,constant,39,375.00,0.796293
1740,1000,0.10,900,2,17,1.2314,0.85,constant,40,344.00,0.930787
1741,1000,0.10,900,2,17,1.2165,0.85,constant,41,375.00,1.052467
1742,1000,0.10,900,2,17,1.2126,0.85,constant,42,367.00,0.895406
1743,1000,0.10,900,2,17,1.1820,0.85,constant,43,363.00,0.924414
1744,1000,0.10,900,2,17,1.2006,0.85,constant,44,367.00,0.923055
1745,1000,0.10,900,2,17,1.2522,0.85,constant,45,388.00,0.798849
1746,1000,0.10,900,2,17,1.2085,0.85,constant,46,371.00,0.858821
1747,1000,0.10,900,2,17,1.2234,0.85,constant,47,390.00,0.938878
1748,1000,0.10,900,2,17,1.2844,0.85,constant,48,372.00,0.931250
1749,1000,0.10,900,2,17,1.2500,0.85,constant,49,379.00,0.784327
1750,1000,0.10,900,2,17,1.2297,0.85,constant,50,375.00,1.029411
1751,1000,0.10,900,2,17,1.2033,0.85,constant,51,366.00,0.982049
1752,1000,0.10,900,2,17,1.2178,0.85,constant,52,385.00,0.943004
1753,1000,0.10,900,2,17,1.2120,0.85,constant,53,372.00,0.962055
1754,1000,0.10,900,2,17,1.2357,0.85,constant,54,367.00,0.903146
1755,1000,0.10,900,2,17,1.2665,0.85,constant,55,348.00,0.865494
1756,1000,0.10,900,2,17,1.2054,0.85,constant,56,387.00,0.907008
1757,1000,0.10,900,2,17,1.2231,0.85,constant,57,351.00,0.975698
1758,1000,0.10,900,2,17,1.1803,0.85,constant,58,378.00,0.916422
1759,1000,0.10,900,2,17,1.2187,0.85,constant,59,357.00,0.828329
1760,1000,0.10,900,2,17,1.2268,0.85,constant,60,354.00,1.007827
1761,1000,0.10,900,2,17,1.2329,0.85,constant,61,402.00,0.753424
1762,1000,0.10,900,2,17,1.2046,0.85,constant,62,381.00,0.904697
1763,1000,0.10,900,2,17,1.2463,0.85,constant,63,393.00,0.802223
1764,1000,0.10,900,2,17,1.2156,0.85,constant,64,383.00,0.846918
1765,1000,0.10,900,2,17,1.2416,0.85,constant,65,351.00,0.901992
1766,1000,0.10,900,2,17,1.2079,0.85,constant,66,347.00,0.874399
1767,1000,0.10,900,2,17,1.2167,0.85,constant,67,390.00,0.982982
1768,1000,0.10,900,2,17,1.2229,0.85,constant,68,370.00,0.993808
1769,1000,0.10,900,2,17,1.1907,0.85,constant,69,350.00,1.002176
1770,1000,0.10,900,2,17,1.1902,0.85,constant,70,376.00,0.898215
1771,1000,0.10,900,2,17,1.2558,0.85,constant,71,354.00,0.816932
1772,1000,0.10,900,2,17,1.2696,0.85,constant,72,371.00,0.836951
1773,1000,0.10,900,2,17,1.2872,0.85,constant,73,376.00,0.874853
1774,1000,0.10,900,2,17,1.2282,0.85,constant,74,372.00,0.924274
1775,1000,0.10,900,2,17,1.2704,0.85,constant,75,362.00,1.008031
1776,1000,0.10,900,2,17,1.2464,0.85,constant,76,374.00,0.936350
1777,1000,0.10,900,2,17,1.2527,0.85,constant,77,355.00,0.938693
1778,1000,0.10,900,2,17,1.2228,0.85,constant,78,381.00,0.976498
1779,1000,0.10,900,2,17,1.2350,0.85,constant,79,345.00,0.760508
1780,1000,0.10,900,2,17,1.2579,0.85,constant,80,407.00,0.833791
1781,1000,0.10,900,2,17,1.3435,0.85,constant,81,352.00,0.852011
1782,1000,0.10,900,2,17,1.2144,0.85,constant,82,378.00,0.920861
1783,1000,0.10,900,2,17,1.2492,0.85,constant,83,383.00,0.900974
1784,1000,0.10,900,2,17,1.2411,0.85,constant,84,370.00,0.997294
1785,1000,0.10,900,2,17,1.2659,0.85,constant,85,382.00,0.819853
1786,1000,0.10,900,2,17,1.2510,0.85,constant,86,374.00,0.856567
1787,1000,0.10,900,2,17,1.2337,0.85,constant,87,351.00,0.897275
1788,1000,0.10,900,2,17,1.2121,0.85,constant,88,380.00,0.867977
1789,1000,0.10,900,2,17,1.2565,0.85,constant,89,370.00,0.927312
1790,1000,0.10,900,2,17,1.2168,0.85,constant,90,370.00,1.082664
1791,1000,0.10,900,2,17,1.2041,0.85,constant,91,346.00,0.956600
1792,1000,0.10,900,2,17,1.2193,0.85,constant,92,329.00,0.880318
1793,1000,0.10,900,2,17,1.2145,0.85,constant,93,377.00,1.081019
1794,1000,0.10,900,2,17,1.2091,0.85,constant,94,399.00,0.857642
1795,1000,0.10,900,2,17,1.1939,0.85,constant,95,378.00,0.889233
1796,1000,0.10,900,2,17,1.2199,0.85,constant,96,369.00,1.034271
1797,1000,0.10,900,2,17,1.2787,0.85,constant,97,381.00,0.866177
1798,1000,0.10,900,2,17,1.1988,0.85,constant,98,368.00,1.126451
1799,1000,0.10,900,2,17,1.2485,0.85,constant,99,408.00,0.916152
1800,1000,0.10,900,2,17,1.1973,0.90,constant,0,375.00,0.829039
1801,1000,0.10,900,2,17,1.1763,0.90,constant,1,355.00,1.030892
1802,1000,0.10,900,2,17,1.1416,0.90,constant,2,371.00,1.039820
1803,1000,0.10,900,2,17,1.2280,0.90,constant,3,372.00,1.002737
1804,1000,0.10,900,2,17,1.2029,0.90,constant,4,331.00,0.967853
1805,1000,0.10,900,2,17,1.1981,0.90,constant,5,361.00,1.002766
1806,1000,0.10,900,2,17,1.1945,0.90,constant,6,375.00,1.022216
1807,1000,0.10,900,2,17,1.1209,0.90,constant,7,396.00,0.886652
1808,1000,0.10,900,2,17,1.2391,0.90,constant,8,354.00,1.101187
1809,1000,0.10,900,2,17,1.2116,0.90,constant,9,368.00,0.958773
1810,1000,0.10,900,2,17,1.1622,0.90,constant,10,356.00,1.045874
1811,1000,0.10,900,2,17,1.1632,0.90,constant,11,385.00,0.863762
1812,1000,0.10,900,2,17,1.1845,0.90,constant,12,374.00,0.848731
1813,1000,0.10,900,2,17,1.2031,0.90,constant,13,346.00,0.998074
1814,1000,0.10,900,2,17,1.1583,0.90,constant,14,378.00,0.954857
1815,1000,0.10,900,2,17,1.1675,0.90,constant,15,357.00,1.002132
1816,1000,0.10,900,2,17,1.2031,0.90,constant,16,358.00,0.942917
1817,1000,0.10,900,2,17,1.2016,0.90,constant,17,359.00,0.960089
1818,1000,0.10,900,2,17,1.1760,0.90,constant,18,361.00,0.907917
1819,1000,0.10,900,2,17,1.2149,0.90,constant,19,379.00,1.039493
1820,1000,0.10,900,2,17,1.2222,0.90,constant,20,372.00,0.933671
1821,1000,0.10,900,2,17,1.1601,0.90,constant,21,339.00,0.946339
1822,1000,0.10,900,2,17,1.2097,0.90,constant,22,370.00,0.946377
1823,1000,0.10,900,2,17,1.1514,0.90,constant,23,374.00,1.209815
1824,1000,0.10,900,2,17,1.1719,0.90,constant,24,356.00,0.968179
1825,1000,0.10,900,2,17,1.1769,0.90,constant,25,368.00,0.868370
1826,1000,0.10,900,2,17,1.1583,0.90,constant,26,371.00,0.793852
1827,1000,0.10,900,2,17,1.2242,0.90,constant,27,377.00,0.953159
1828,1000,0.10,900,2,17,1.2162,0.90,constant,28,350.00,0.994035
1829,1000,0.10,900,2,17,1.1594,0.90,constant,29,346.00,0.897118
1830,1000,0.10,900,2,17,1.1839,0.90,constant,30,361.00,0.925123
1831,1000,0.10,900,2,17,1.1689,0.90,constant,31,355.00,0.949724
1832,1000,0.10,900,2,17,1.2056,0.90,constant,32,368.00,1.002872
1833,1000,0.10,900,2,17,1.1443,0.90,constant,33,368.00,1.143647
1834,1000,0.10,900,2,17,1.1506,0.90,constant,34,378.00,1.023961
1835,1000,0.10,900,2,17,1.1958,0.90,constant,35,379.00,0.936202
1836,1000,0.10,900,2,17,1.1645,0.90,constant,36,395.00,1.069167
1837,1000,0.10,900,2,17,1.1682,0.90,constant,37,355.00,0.923895
1838,1000,0.10,900,2,17,1.1360,0.90,constant,38,355.00,0.908678
1839,1000,0.10,900,2,17,1.2010,0.90,constant,39,352.00,0.971387
1840,1000,0.10,900,2,17,1.2398,0.90,constant,40,370.00,0.933749
1841,1000,0.10,900,2,17,1.1183,0.90,constant,41,385.00,1.177973
1842,1000,0.10,900,2,17,1.1766,0.90,constant,42,339.00,0.890573
1843,1000,0.10,900,2,17,1.1894,0.90,constant,43,346.00,0.923738
1844,1000,0.10,900,2,17,1.2195,0.90,constant,44,380.00,0.933701
1845,1000,0.10,900,2,17,1.1466,0.90,constant,45,384.00,1.029235
1846,1000,0.10,900,2,17,1.1805,0.90,constant,46,376.00,0.914649
1847,1000,0.10,900,2,17,1.1913,0.90,constant,47,343.00,0.986484
1848,1000,0.10,900,2,17,1.2158,0.90,constant,48,376.00,0.905234
1849,1000,0.10,900,2,17,1.1342,0.90,constant,49,362.00,0.907017
1850,1000,0.10,900,2,17,1.1790,0.90,constant,50,377.00,1.234026
1851,1000,0.10,900,2,17,1.1687,0.90,constant,51,372.00,0.998687
1852,1000,0.10,900,2,17,1.1591,0.90,constant,52,372.00,0.913259
1853,1000,0.10,900,2,17,1.1746,0.90,constant,53,359.00,0.923387
1854,1000,0.10,900,2,17,1.1874,0.90,constant,54,381.00,0.884652
1855,1000,0.10,900,2,17,1.1549,0.90,constant,55,370.00,0.866479
1856,1000,0.10,900,2,17,1.2297,0.90,constant,56,371.00,1.240725
1857,1000,0.10,900,2,17,1.1756,0.90,constant,57,388.00,0.853043
1858,1000,0.10,900,2,17,1.1218,0.90,constant,58,364.00,0.887756
1859,1000,0.10,900,2,17,1.1952,0.90,constant,59,375.00,1.110076
1860,1000,0.10,900,2,17,1.1748,0.90,constant,60,360.00,1.039183
1861,1000,0.10,900,2,17,1.1738,0.90,constant,61,402.00,1.071440
1862,1000,0.10,900,2,17,1.1450,0.90,constant,62,383.00,0.942554
1863,1000,0.10,900,2,17,1.1942,0.90,constant,63,359.00,1.049450
1864,1000,0.10,900,2,17,1.1727,0.90,constant,64,372.00,1.081040
1865,1000,0.10,900,2,17,1.1496,0.90,constant,65,364.00,1.064089
1866,1000,0.10,900,2,17,1.2021,0.90,constant,66,337.00,1.055306
1867,1000,0.10,900,2,17,1.1683,0.90,constant,67,363.00,0.904806
1868,1000,0.10,900,2,17,1.1700,0.90,constant,68,352.00,0.916907
1869,1000,0.10,900,2,17,1.2048,0.90,constant,69,366.00,0.907669
1870,1000,0.10,900,2,17,1.2180,0.90,constant,70,367.00,1.058841
1871,1000,0.10,900,2,17,1.1546,0.90,constant,71,382.00,0.839222
1872,1000,0.10,900,2,17,1.1740,0.90,constant,72,386.00,0.793052
1873,1000,0.10,900,2,17,1.1498,0.90,constant,73,353.00,0.922952
1874,1000,0.10,900,2,17,1.1823,0.90,constant,74,378.00,1.005026
1875,1000,0.10,900,2,17,1.1924,0.90,constant,75,355.00,0.944317
1876,1000,0.10,900,2,17,1.1954,0.90,constant,76,399.00,0.976772
1877,1000,0.10,900,2,17,1.2186,0.90,constant,77,348.00,1.016410
1878,1000,0.10,900,2,17,1.1855,0.90,constant,78,386.00,0.995405
1879,1000,0.10,900,2,17,1.2151,0.90,constant,79,379.00,0.945944
1880,1000,0.10,900,2,17,1.1751,0.90,constant,80,338.00,1.078637
1881,1000,0.10,900,2,17,1.1501,0.90,constant,81,381.00,0.887511
1882,1000,0.10,900,2,17,1.1484,0.90,constant,82,404.00,0.855513
1883,1000,0.10,900,2,17,1.2053,0.90,constant,83,355.00,0.941622
1884,1000,0.10,900,2,17,1.1618,0.90,constant,84,386.00,1.131467
1885,1000,0.10,900,2,17,1.2298,0.90,constant,85,377.00,0.987740
1886,1000,0.10,900,2,17,1.2033,0.90,constant,86,369.00,0.941864
1887,1000,0.10,900,2,17,1.1747,0.90,constant,87,370.00,1.037376
1888,1000,0.10,900,2,17,1.2010,0.90,constant,88,352.00,0.964747
1889,1000,0.10,900,2,17,1.1883,0.90,constant,89,372.00,1.024182
1890,1000,0.10,900,2,17,1.1457,0.90,constant,90,387.00,0.987000
1891,1000,0.10,900,2,17,1.1048,0.90,constant,91,382.00,0.964728
1892,1000,0.10,900,2,17,1.2129,0.90,constant,92,389.00,1.090315
1893,1000,0.10,900,2,17,1.1718,0.90,constant,93,381.00,1.003417
1894,1000,0.10,900,2,17,1.1894,0.90,constant,94,403.00,0.899622
1895,1000,0.10,900,2,17,1.2279,0.90,constant,95,346.00,0.964539
1896,1000,0.10,900,2,17,1.1617,0.90,constant,96,362.00,1.077801
1897,1000,0.10,900,2,17,1.1451,0.90,constant,97,361.00,0.879443
1898,1000,0.10,900,2,17,1.1795,0.90,constant,98,348.00,0.835191
1899,1000,0.10,900,2,17,1.2074,0.90,constant,99,361.00,1.036454
1900,1000,0.10,900,2,17,1.1181,0.95,constant,0,363.00,0.980745
1901,1000,0.10,900,2,17,1.1108,0.95,constant,1,400.00,1.051527
1902,1000,0.10,900,2,17,1.0770,0.95,constant,2,362.00,0.839413
1903,1000,0.10,900,2,17,1.0947,0.95,constant,3,349.00,0.901986
1904,1000,0.10,900,2,17,1.1347,0.95,constant,4,355.00,0.976912
1905,1000,0.10,900,2,17,1.0787,0.95,constant,5,329.00,1.007985
1906,1000,0.10,900,2,17,1.0530,0.95,constant,6,369.00,1.002999
1907,1000,0.10,900,2,17,1.1229,0.95,constant,7,347.00,1.052207
1908,1000,0.10,900,2,17,1.0959,0.95,constant,8,369.00,1.028557
1909,1000,0.10,900,2,17,1.1045,0.95,constant,9,353.00,1.081299
1910,1000,0.10,900,2,17,1.0855,0.95,constant,10,381.00,0.976813
1911,1000,0.10,900,2,17,1.1264,0.95,constant,11,377.00,0.908269
1912,1000,0.10,900,2,17,1.0761,0.95,constant,12,400.00,1.071407
1913,1000,0.10,900,2,17,1.1238,0.95,constant,13,369.00,0.953974
1914,1000,0.10,900,2,17,1.1249,0.95,constant,14,379.00,0.899006
1915,1000,0.10,900,2,17,1.0716,0.95,constant,15,325.00,0.980040
1916,1000,0.10,900,2,17,1.0722,0.95,constant,16,345.00,1.031917
1917,1000,0.10,900,2,17,1.0402,0.95,constant,17,377.00,0.943493
1918,1000,0.10,900,2,17,1.1368,0.95,constant,18,378.00,1.013192
1919,1000,0.10,900,2,17,1.0634,0.95,constant,19,378.00,0.981734
1920,1000,0.10,900,2,17,1.1208,0.95,constant,20,393.00,0.978283
1921,1000,0.10,900,2,17,1.1104,0.95,constant,21,366.00,0.970190
1922,1000,0.10,900,2,17,1.0563,0.95,constant,22,361.00,0.966626
1923,1000,0.10,900,2,17,1.1150,0.95,constant,23,362.00,1.031461
1924,1000,0.10,900,2,17,1.0864,0.95,constant,24,374.00,1.047598
1925,1000,0.10,900,2,17,1.1054,0.95,constant,25,350.00,0.921162
1926,1000,0.10,900,2,17,1.1037,0.95,constant,26,344.00,1.018557
1927,1000,0.10,900,2,17,1.0892,0.95,constant,27,387.00,0.983072
1928,1000,0.10,900,2,17,1.0905,0.95,constant,28,358.00,0.983266
1929,1000,0.10,900,2,17,1.0455,0.95,constant,29,373.00,0.986801
1930,1000,0.10,900,2,17,1.1257,0.95,constant,30,376.00,0.953890
1931,1000,0.10,900,2,17,1.0975,0.95,constant,31,397.00,1.137947
1932,1000,0.10,900,2,17,1.1204,0.95,constant,32,347.00,0.917968
1933,1000,0.10,900,2,17,1.0715,0.95,constant,33,399.00,0.901948
1934,1000,0.10,900,2,17,1.1418,0.95,constant,34,359.00,0.999254
1935,1000,0.10,900,2,17,1.1041,0.95,constant,35,362.00,0.972010
1936,1000,0.10,900,2,17,1.1364,0.95,constant,36,329.00,0.932650
1937,1000,0.10,900,2,17,1.1160,0.95,constant,37,377.00,1.081285
1938,1000,0.10,900,2,17,1.0885,0.95,constant,38,412.00,1.100341
1939,1000,0.10,900,2,17,1.1207,0.95,constant,39,367.00,0.918703
1940,1000,0.10,900,2,17,1.0947,0.95,constant,40,370.00,1.005714
1941,1000,0.10,900,2,17,1.1533,0.95,constant,41,386.00,1.195730
1942,1000,0.10,900,2,17,1.0887,0.95,constant,42,385.00,0.893054
1943,1000,0.10,900,2,17,1.1008,0.95,constant,43,387.00,1.011274
1944,1000,0.10,900,2,17,1.1169,0.95,constant,44,369.00,0.998595
1945,1000,0.10,900,2,17,1.1207,0.95,constant,45,372.00,1.148169
1946,1000,0.10,900,2,17,1.0717,0.95,constant,46,373.00,1.028681
1947,1000,0.10,900,2,17,1.0848,0.95,constant,47,380.00,1.083563
1948,1000,0.10,900,2,17,1.0796,0.95,constant,48,387.00,0.906665
1949,1000,0.10,900,2,17,1.0991,0.95,constant,49,399.00,0.868974
1950,1000,0.10,900,2,17,1.0455,0.95,constant,50,377.00,1.073003
1951,1000,0.10,900,2,17,1.0950,0.95,constant,51,384.00,0.960673
1952,1000,0.10,900,2,17,1.0903,0.95,constant,52,389.00,0.931684
1953,1000,0.10,900,2,17,1.1130,0.95,constant,53,389.00,1.099514
1954,1000,0.10,900,2,17,1.1200,0.95,constant,54,365.00,1.046392
1955,1000,0.10,900,2,17,1.1114,0.95,constant,55,385.00,0.913593
1956,1000,0.10,900,2,17,1.1157,0.95,constant,56,352.00,0.896526
1957,1000,0.10,900,2,17,1.0831,0.95,constant,57,401.00,0.982007
1958,1000,0.10,900,2,17,1.1515,0.95,constant,58,370.00,0.978230
1959,1000,0.10,900,2,17,1.0512,0.95,constant,59,389.00,0.913742
1960,1000,0.10,900,2,17,1.0674,0.95,constant,60,364.00,0.990917
1961,1000,0.10,900,2,17,1.0702,0.95,constant,61,372.00,1.063755
1962,1000,0.10,900,2,17,1.0507,0.95,constant,62,379.00,1.049987
1963,1000,0.10,900,2,17,1.0771,0.95,constant,63,356.00,1.010475
1964,1000,0.10,900,2,17,1.1054,0.95,constant,64,385.00,0.936035
1965,1000,0.10,900,2,17,1.0945,0.95,constant,65,372.00,1.017410
1966,1000,0.10,900,2,17,1.1136,0.95,constant,66,384.00,1.147333
1967,1000,0.10,900,2,17,1.1015,0.95,constant,67,364.00,1.077450
1968,1000,0.10,900,2,17,1.0559,0.95,constant,68,354.00,1.106202
1969,1000,0.10,900,2,17,1.0649,0.95,constant,69,353.00,1.162305
1970,1000,0.10,900,2,17,1.0820,0.95,constant,70,381.00,0.984454
1971,1000,0.10,900,2,17,1.0740,0.95,constant,71,369.00,0.948611
1972,1000,0.10,900,2,17,1.1715,0.95,constant,72,350.00,1.099826
1973,1000,0.10,900,2,17,1.1450,0.95,constant,73,350.00,0.967243
1974,1000,0.10,900,2,17,1.1833,0.95,constant,74,388.00,0.990699
1975,1000,0.10,900,2,17,1.1213,0.95,constant,75,378.00,0.930127
1976,1000,0.10,900,2,17,1.1329,0.95,constant,76,376.00,1.055151
1977,1000,0.10,900,2,17,1.1658,0.95,constant,77,373.00,0.998392
1978,1000,0.10,900,2,17,1.1105,0.95,constant,78,365.00,0.895784
1979,1000,0.10,900,2,17,1.1419,0.95,constant,79,365.00,1.030206
1980,1000,0.10,900,2,17,1.1018,0.95,constant,80,369.00,0.991320
1981,1000,0.10,900,2,17,1.0284,0.95,constant,81,387.00,0.960640
1982,1000,0.10,900,2,17,1.0906,0.95,constant,82,375.00,1.057507
1983,1000,0.10,900,2,17,1.1648,0.95,constant,83,355.00,1.176409
1984,1000,0.10,900,2,17,1.0686,0.95,constant,84,363.00,0.967249
1985,1000,0.10,900,2,17,1.1581,0.95,constant,85,373.00,1.078497
1986,1000,0.10,900,2,17,1.1362,0.95,constant,86,404.00,1.025819
1987,1000,0.10,900,2,17,1.1054,0.95,constant,87,415.00,1.229181
1988,1000,0.10,900,2,17,1.1156,0.95,constant,88,349.00,1.036062
1989,1000,0.10,900,2,17,1.1174,0.95,constant,89,349.00,0.994803
1990,1000,0.10,900,2,17,1.1043,0.95,constant,90,358.00,0.953684
1991,1000,0.10,900,2,17,1.0785,0.95,constant,91,382.00,1.028611
1992,1000,0.10,900,2,17,1.1091,0.95,constant,92,381.00,1.068793
1993,1000,0.10,900,2,17,1.1270,0.95,constant,93,357.00,0.956703
1994,1000,0.10,900,2,17,1.1139,0.95,constant,94,351.00,1.031655
1995,1000,0.10,900,2,17,1.1492,0.95,constant,95,338.00,0.984776
1996,1000,0.10,900,2,17,1.1317,0.95,constant,96,352.00,0.998904
1997,1000,0.10,900,2,17,1.0923,0.95,constant,97,359.00,0.962754
1998,1000,0.10,900,2,17,1.1275,0.95,constant,98,380.00,0.946592
1999,1000,0.10,900,2,17,1.1203,0.95,constant,99,376.00,0.875056
2000,1000,0.10,900,2,17,1.0365,1.00,constant,0,374.00,1.021144
2001,1000,0.10,900,2,17,0.9732,1.00,constant,1,361.00,1.003483
2002,1000,0.10,900,2,17,1.0085,1.00,constant,2,379.00,0.963053
2003,1000,0.10,900,2,17,0.9391,1.00,constant,3,392.00,0.921896
2004,1000,0.10,900,2,17,1.0088,1.00,constant,4,367.00,0.832719
2005,1000,0.10,900,2,17,0.9836,1.00,constant,5,365.00,1.109447
2006,1000,0.10,900,2,17,0.9735,1.00,constant,6,398.00,1.147194
2007,1000,0.10,900,2,17,1.0063,1.00,constant,7,369.00,0.966725
2008,1000,0.10,900,2,17,0.9936,1.00,constant,8,380.00,1.147107
2009,1000,0.10,900,2,17,0.9792,1.00,constant,9,367.00,1.021623
2010,1000,0.10,900,2,17,1.0296,1.00,constant,10,359.00,0.978769
2011,1000,0.10,900,2,17,1.0215,1.00,constant,11,367.00,1.025437
2012,1000,0.10,900,2,17,0.9507,1.00,constant,12,395.00,0.962594
2013,1000,0.10,900,2,17,0.9519,1.00,constant,13,383.00,1.046027
2014,1000,0.10,900,2,17,1.0093,1.00,constant,14,385.00,0.960806
2015,1000,0.10,900,2,17,0.9860,1.00,constant,15,408.00,1.108497
2016,1000,0.10,900,2,17,1.0447,1.00,constant,16,374.00,1.000879
2017,1000,0.10,900,2,17,0.9930,1.00,constant,17,377.00,1.095130
2018,1000,0.10,900,2,17,1.0259,1.00,constant,18,373.00,1.106552
2019,1000,0.10,900,2,17,0.9799,1.00,constant,19,368.00,0.999083
2020,1000,0.10,900,2,17,0.9831,1.00,constant,20,383.00,1.052118
2021,1000,0.10,900,2,17,0.9936,1.00,constant,21,384.00,0.911844
2022,1000,0.10,900,2,17,0.9733,1.00,constant,22,371.00,1.011236
2023,1000,0.10,900,2,17,0.9826,1.00,constant,23,399.00,1.021868
2024,1000,0.10,900,2,17,0.9757,1.00,constant,24,346.00,0.976009
2025,1000,0.10,900,2,17,1.0008,1.00,constant,25,378.00,0.963679
2026,1000,0.10,900,2,17,1.0481,1.00,constant,26,376.00,0.945399
2027,1000,0.10,900,2,17,0.9957,1.00,constant,27,409.00,0.967742
2028,1000,0.10,900,2,17,0.9591,1.00,constant,28,376.00,0.969454
2029,1000,0.10,900,2,17,1.0065,1.00,constant,29,358.00,0.985753
2030,1000,0.10,900,2,17,0.9770,1.00,constant,30,380.00,1.189292
2031,1000,0.10,900,2,17,1.0344,1.00,constant,31,370.00,1.049488
2032,1000,0.10,900,2,17,0.9715,1.00,constant,32,358.00,1.094390
2033,1000,0.10,900,2,17,0.9809,1.00,constant,33,345.00,1.098532
2034,1000,0.10,900,2,17,1.0327,1.00,constant,34,381.00,0.984366
2035,1000,0.10,900,2,17,0.9690,1.00,constant,35,378.00,0.988058
2036,1000,0.10,900,2,17,1.0069,1.00,constant,36,375.00,0.979946
2037,1000,0.10,900,2,17,0.9901,1.00,constant,37,349.00,1.001886
2038,1000,0.10,900,2,17,0.9751,1.00,constant,38,393.00,1.046427
2039,1000,0.10,900,2,17,0.9997,1.00,constant,39,370.00,1.043319
2040,1000,0.10,900,2,17,1.0077,1.00,constant,40,390.00,1.048221
2041,1000,0.10,900,2,17,0.9868,1.00,constant,41,354.00,0.993232
2042,1000,0.10,900,2,17,1.0158,1.00,constant,42,367.00,0.967530
2043,1000,0.10,900,2,17,0.9663,1.00,constant,43,387.00,1.064577
2044,1000,0.10,900,2,17,1.0088,1.00,constant,44,415.00,1.254311
2045,1000,0.10,900,2,17,1.0055,1.00,constant,45,366.00,1.034813
2046,1000,0.10,900,2,17,0.9986,1.00,constant,46,363.00,1.011763
2047,1000,0.10,900,2,17,0.9941,1.00,constant,47,363.00,0.926739
2048,1000,0.10,900,2,17,0.9913,1.00,constant,48,408.00,1.053963
2049,1000,0.10,900,2,17,1.0112,1.00,constant,49,381.00,1.064726
2050,1000,0.10,900,2,17,1.0525,1.00,constant,50,378.00,0.929144
2051,1000,0.10,900,2,17,1.0201,1.00,constant,51,353.00,1.005048
2052,1000,0.10,900,2,17,0.9729,1.00,constant,52,371.00,1.014290
2053,1000,0.10,900,2,17,1.0195,1.00,constant,53,357.00,1.093485
2054,1000,0.10,900,2,17,1.0229,1.00,constant,54,389.00,1.109713
2055,1000,0.10,900,2,17,1.0121,1.00,constant,55,356.00,1.057579
2056,1000,0.10,900,2,17,1.0035,1.00,constant,56,365.00,0.961589
2057,1000,0.10,900,2,17,0.9996,1.00,constant,57,383.00,1.066445
2058,1000,0.10,900,2,17,0.9938,1.00,constant,58,363.00,0.974839
2059,1000,0.10,900,2,17,1.0219,1.00,constant,59,353.00,1.020941
2060,1000,0.10,900,2,17,1.0219,1.00,constant,60,388.00,0.955820
2061,1000,0.10,900,2,17,0.9672,1.00,constant,61,375.00,0.926418
2062,1000,0.10,900,2,17,1.0410,1.00,constant,62,396.00,1.436116
2063,1000,0.10,900,2,17,1.0211,1.00,constant,63,374.00,0.978877
2064,1000,0.10,900,2,17,0.9500,1.00,constant,64,328.00,1.068352
2065,1000,0.10,900,2,17,0.9890,1.00,constant,65,401.00,0.941284
2066,1000,0.10,900,2,17,1.0393,1.00,constant,66,355.00,1.121485
2067,1000,0.10,900,2,17,0.9683,1.00,constant,67,358.00,1.031044
2068,1000,0.10,900,2,17,0.9946,1.00,constant,68,353.00,1.004539
2069,1000,0.10,900,2,17,0.9720,1.00,constant,69,384.00,1.114960
2070,1000,0.10,900,2,17,0.9989,1.00,constant,70,382.00,1.034430
2071,1000,0.10,900,2,17,0.9838,1.00,constant,71,383.00,0.949733
2072,1000,0.10,900,2,17,0.9940,1.00,constant,72,379.00,0.961990
2073,1000,0.10,900,2,17,1.0124,1.00,constant,73,351.00,0.920044
2074,1000,0.10,900,2,17,0.9478,1.00,constant,74,382.00,0.910030
2075,1000,0.10,900,2,17,0.9764,1.00,constant,75,367.00,1.141832
2076,1000,0.10,900,2,17,1.0231,1.00,constant,76,383.00,1.066104
2077,1000,0.10,900,2,17,0.9696,1.00,constant,77,378.00,1.021305
2078,1000,0.10,900,2,17,0.9487,1.00,constant,78,364.00,0.974455
2079,1000,0.10,900,2,17,0.9966,1.00,constant,79,377.00,0.932100
2080,1000,0.10,900,2,17,0.9331,1.00,constant,80,408.00,1.069437
2081,1000,0.10,900,2,17,0.9779,1.00,constant,81,368.00,0.989244
2082,1000,0.10,900,2,17,1.0079,1.00,constant,82,397.00,0.995006
2083,1000,0.10,900,2,17,1.0449,1.00,constant,83,345.00,0.985428
2084,1000,0.10,900,2,17,0.9910,1.00,constant,84,350.00,1.062438
2085,1000,0.10,900,2,17,0.9533,1.00,constant,85,376.00,0.957364
2086,1000,0.10,900,2,17,0.9619,1.00,constant,86,342.00,1.004248
2087,1000,0.10,900,2,17,0.9982,1.00,constant,87,425.00,1.248379
2088,1000,0.10,900,2,17,1.0275,1.00,constant,88,350.00,0.971066
2089,1000,0.10,900,2,17,0.9827,1.00,constant,89,398.00,1.223372
2090,1000,0.10,900,2,17,0.9943,1.00,constant,90,381.00,1.284103
2091,1000,0.10,900,2,17,0.9774,1.00,constant,91,358.00,1.103450
2092,1000,0.10,900,2,17,1.0199,1.00,constant,92,387.00,0.956211
2093,1000,0.10,900,2,17,0.9954,1.00,constant,93,368.00,0.927291
2094,1000,0.10,900,2,17,0.9977,1.00,constant,94,358.00,1.089250
2095,1000,0.10,900,2,17,0.9981,1.00,constant,95,365.00,0.931272
2096,1000,0.10,900,2,17,1.0091,1.00,constant,96,372.00,1.042950
2097,1000,0.10,900,2,17,1.0107,1.00,constant,97,401.00,1.028470
2098,1000,0.10,900,2,17,1.0028,1.00,constant,98,374.00,1.035836
2099,1000,0.10,900,2,17,1.0295,1.00,constant,99,348.00,1.256410
2100,1000,0.10,900,2,17,0.9889,0.00,linear,0,356.00,0.031657
2101,1000,0.10,900,2,17,0.9881,0.00,linear,1,366.00,0.145116
2102,1000,0.10,900,2,17,0.9813,0.00,linear,2,367.00,0.071276
2103,1000,0.10,900,2,17,1.0167,0.00,linear,3,367.00,0.052077
2104,1000,0.10,900,2,17,1.0153,0.00,linear,4,357.00,0.145082
2105,1000,0.10,900,2,17,0.9814,0.00,linear,5,389.00,0.112854
2106,1000,0.10,900,2,17,1.0403,0.00,linear,6,358.00,0.090686
2107,1000,0.10,900,2,17,0.9717,0.00,linear,7,341.00,0.149028
2108,1000,0.10,900,2,17,0.9818,0.00,linear,8,357.00,0.094316
2109,1000,0.10,900,2,17,0.9900,0.00,linear,9,364.00,0.047595
2110,1000,0.10,900,2,17,0.9657,0.00,linear,10,368.00,0.182736
2111,1000,0.10,900,2,17,0.9644,0.00,linear,11,341.00,0.065722
2112,1000,0.10,900,2,17,0.9587,0.00,linear,12,338.00,0.123145
2113,1000,0.10,900,2,17,0.9863,0.00,linear,13,342.00,0.127903
2114,1000,0.10,900,2,17,1.0215,0.00,linear,14,372.00,0.032783
2115,1000,0.10,900,2,17,1.0145,0.00,linear,15,359.00,0.243592
2116,1000,0.10,900,2,17,0.9757,0.00,linear,16,348.00,0.180197
2117,1000,0.10,900,2,17,1.0357,0.00,linear,17,341.00,0.146639
2118,1000,0.10,900,2,17,1.0058,0.00,linear,18,388.00,0.105935
2119,1000,0.10,900,2,17,1.0094,0.00,linear,19,356.00,0.149714
2120,1000,0.10,900,2,17,0.9953,0.00,linear,20,363.00,0.047522
2121,1000,0.10,900,2,17,0.9725,0.00,linear,21,369.00,0.031699
2122,1000,0.10,900,2,17,1.0195,0.00,linear,22,314.00,0.056824
2123,1000,0.10,900,2,17,0.9687,0.00,linear,23,348.00,0.270179
2124,1000,0.10,900,2,17,1.0024,0.00,linear,24,326.00,0.045322
2125,1000,0.10,900,2,17,0.9992,0.00,linear,25,361.00,0.081875
2126,1000,0.10,900,2,17,0.9670,0.00,linear,26,354.00,0.080833
2127,1000,0.10,900,2,17,1.0005,0.00,linear,27,355.00,0.099204
2128,1000,0.10,900,2,17,1.0127,0.00,linear,28,347.00,0.039788
2129,1000,0.10,900,2,17,1.0071,0.00,linear,29,329.00,0.092422
2130,1000,0.10,900,2,17,0.9729,0.00,linear,30,340.00,0.028142
2131,1000,0.10,900,2,17,0.9446,0.00,linear,31,362.00,0.169076
2132,1000,0.10,900,2,17,1.0361,0.00,linear,32,352.00,0.121252
2133,1000,0.10,900,2,17,0.9854,0.00,linear,33,356.00,0.144987
2134,1000,0.10,900,2,17,0.9930,0.00,linear,34,372.00,0.070582
2135,1000,0.10,900,2,17,1.0021,0.00,linear,35,351.00,0.212833
2136,1000,0.10,900,2,17,0.9649,0.00,linear,36,357.00,0.173988
2137,1000,0.10,900,2,17,0.9773,0.00,linear,37,369.00,0.052574
2138,1000,0.10,900,2,17,0.9884,0.00,linear,38,348.00,0.038963
2139,1000,0.10,900,2,17,0.9814,0.00,linear,39,357.00,0.173273
2140,1000,0.10,900,2,17,0.9871,0.00,linear,40,352.00,0.082141
2141,1000,0.10,900,2,17,0.9924,0.00,linear,41,352.00,0.109219
2142,1000,0.10,900,2,17,0.9946,0.00,linear,42,382.00,0.116832
2143,1000,0.10,900,2,17,0.9803,0.00,linear,43,345.00,0.122869
2144,1000,0.10,900,2,17,0.9897,0.00,linear,44,382.00,0.068507
2145,1000,0.10,900,2,17,0.9692,0.00,linear,45,345.00,0.081382
2146,1000,0.10,900,2,17,1.0159,0.00,linear,46,350.00,0.046749
2147,1000,0.10,900,2,17,0.9716,0.00,linear,47,357.00,0.037466
2148,1000,0.10,900,2,17,0.9916,0.00,linear,48,357.00,0.103930
2149,1000,0.10,900,2,17,1.0221,0.00,linear,49,385.00,0.158773
2150,1000,0.10,900,2,17,0.9982,0.00,linear,50,349.00,0.176498
2151,1000,0.10,900,2,17,0.9627,0.00,linear,51,351.00,0.046919
2152,1000,0.10,900,2,17,0.9942,0.00,linear,52,366.00,0.187968
2153,1000,0.10,900,2,17,0.9813,0.00,linear,53,356.00,0.332624
2154,1000,0.10,900,2,17,1.0444,0.00,linear,54,359.00,0.128050
2155,1000,0.10,900,2,17,1.0334,0.00,linear,55,373.00,0.120012
2156,1000,0.10,900,2,17,1.0089,0.00,linear,56,365.00,0.195699
2157,1000,0.10,900,2,17,0.9890,0.00,linear,57,353.00,0.162082
2158,1000,0.10,900,2,17,0.9885,0.00,linear,58,366.00,0.061114
2159,1000,0.10,900,2,17,1.0029,0.00,linear,59,354.00,0.257064
2160,1000,0.10,900,2,17,0.9769,0.00,linear,60,353.00,0.110792
2161,1000,0.10,900,2,17,1.0194,0.00,linear,61,375.00,0.084386
2162,1000,0.10,900,2,17,1.0231,0.00,linear,62,366.00,0.145724
2163,1000,0.10,900,2,17,1.0110,0.00,linear,63,343.00,0.046000
2164,1000,0.10,900,2,17,0.9742,0.00,linear,64,352.00,0.020153
2165,1000,0.10,900,2,17,1.0079,0.00,linear,65,339.00,0.179855
2166,1000,0.10,900,2,17,0.9907,0.00,linear,66,358.00,0.032976
2167,1000,0.10,900,2,17,0.9538,0.00,linear,67,368.00,0.178311
2168,1000,0.10,900,2,17,1.0174,0.00,linear,68,378.00,0.349684
2169,1000,0.10,900,2,17,0.9831,0.00,linear,69,348.00,0.011829
2170,1000,0.10,900,2,17,0.9705,0.00,linear,70,350.00,0.056791
2171,1000,0.10,900,2,17,0.9495,0.00,linear,71,342.00,0.009034
2172,1000,0.10,900,2,17,1.0108,0.00,linear,72,372.00,0.072133
2173,1000,0.10,900,2,17,0.9748,0.00,linear,73,360.00,0.197728
2174,1000,0.10,900,2,17,1.0445,0.00,linear,74,336.00,0.182582
2175,1000,0.10,900,2,17,1.0416,0.00,linear,75,351.00,0.171198
2176,1000,0.10,900,2,17,1.0241,0.00,linear,76,348.00,0.134974
2177,1000,0.10,900,2,17,0.9893,0.00,linear,77,370.00,0.051858
2178,1000,0.10,900,2,17,0.9896,0.00,linear,78,339.00,0.220491
2179,1000,0.10,900,2,17,0.9698,0.00,linear,79,348.00,0.102918
2180,1000,0.10,900,2,17,1.0081,0.00,linear,80,373.00,0.038592
2181,1000,0.10,900,2,17,0.9676,0.00,linear,81,378.00,0.018128
2182,1000,0.10,900,2,17,1.0083,0.00,linear,82,380.00,0.118768
2183,1000,0.10,900,2,17,0.9746,0.00,linear,83,374.00,0.095490
2184,1000,0.10,900,2,17,0.9733,0.00,linear,84,360.00,0.053317
2185,1000,0.10,900,2,17,0.9664,0.00,linear,85,360.00,0.023466
2186,1000,0.10,900,2,17,0.9669,0.00,linear,86,339.00,0.037988
2187,1000,0.10,900,2,17,1.0093,0.00,linear,87,372.00,0.173897
2188,1000,0.10,900,2,17,0.9783,0.00,linear,88,350.00,0.100732
2189,1000,0.10,900,2,17,0.9863,0.00,linear,89,339.00,0.048640
2190,1000,0.10,900,2,17,0.9765,0.00,linear,90,359.00,0.417173
2191,1000,0.10,900,2,17,1.0359,0.00,linear,91,362.00,0.082215
2192,1000,0.10,900,2,17,0.9749,0.00,linear,92,376.00,0.119249
2193,1000,0.10,900,2,17,1.0039,0.00,linear,93,368.00,0.007319
2194,1000,0.10,900,2,17,1.0020,0.00,linear,94,345.00,0.092825
2195,1000,0.10,900,2,17,0.9881,0.00,linear,95,359.00,0.574878
2196,1000,0.10,900,2,17,0.9810,0.00,linear,96,358.00,0.137652
2197,1000,0.10,900,2,17,1.0306,0.00,linear,97,350.00,0.090127
2198,1000,0.10,900,2,17,1.0081,0.00,linear,98,356.00,0.394728
2199,1000,0.10,900,2,17,1.0008,0.00,linear,99,370.00,0.009213
2200,1000,0.10,900,2,17,0.9994,0.05,linear,0,322.00,0.101354
2201,1000,0.10,900,2,17,1.0425,0.05,linear,1,393.00,0.042814
2202,1000,0.10,900,2,17,1.0152,0.05,linear,2,365.00,0.039318
2203,1000,0.10,900,2,17,1.0094,0.05,linear,3,351.00,0.038687
2204,1000,0.10,900,2,17,1.0168,0.05,linear,4,335.00,0.101745
2205,1000,0.10,900,2,17,1.0176,0.05,linear,5,350.00,0.373468
2206,1000,0.10,900,2,17,1.0136,0.05,linear,6,382.00,0.073434
2207,1000,0.10,900,2,17,0.9851,0.05,linear,7,381.00,0.179940
2208,1000,0.10,900,2,17,0.9895,0.05,linear,8,355.00,0.092298
2209,1000,0.10,900,2,17,0.9747,0.05,linear,9,352.00,0.044731
2210,1000,0.10,900,2,17,1.0202,0.05,linear,10,380.00,0.147659
2211,1000,0.10,900,2,17,1.0258,0.05,linear,11,320.00,0.064060
2212,1000,0.10,900,2,17,1.0152,0.05,linear,12,369.00,0.061102
2213,1000,0.10,900,2,17,1.0383,0.05,linear,13,360.00,0.103409
2214,1000,0.10,900,2,17,1.0094,0.05,linear,14,359.00,0.232466
2215,1000,0.10,900,2,17,1.0142,0.05,linear,15,373.00,0.382452
2216,1000,0.10,900,2,17,0.9990,0.05,linear,16,333.00,0.176481
2217,1000,0.10,900,2,17,1.0065,0.05,linear,17,368.00,0.022728
2218,1000,0.10,900,2,17,1.0085,0.05,linear,18,372.00,0.186597
2219,1000,0.10,900,2,17,0.9768,0.05,linear,19,379.00,0.424951
2220,1000,0.10,900,2,17,0.9961,0.05,linear,20,344.00,0.053248
2221,1000,0.10,900,2,17,0.9986,0.05,linear,21,343.00,0.223197
2222,1000,0.10,900,2,17,0.9915,0.05,linear,22,351.00,0.117678
2223,1000,0.10,900,2,17,1.0299,0.05,linear,23,350.00,0.020195
2224,1000,0.10,900,2,17,1.0088,0.05,linear,24,348.00,0.032569
2225,1000,0.10,900,2,17,1.0285,0.05,linear,25,352.00,0.040276
2226,1000,0.10,900,2,17,0.9902,0.05,linear,26,378.00,0.028928
2227,1000,0.10,900,2,17,1.0133,0.05,linear,27,355.00,0.094772
2228,1000,0.10,900,2,17,1.0343,0.05,linear,28,337.00,0.091527
2229,1000,0.10,900,2,17,1.0187,0.05,linear,29,358.00,0.103637
2230,1000,0.10,900,2,17,1.0451,0.05,linear,30,357.00,0.585975
2231,1000,0.10,900,2,17,0.9998,0.05,linear,31,361.00,0.077266
2232,1000,0.10,900,2,17,1.0333,0.05,linear,32,357.00,0.301646
2233,1000,0.10,900,2,17,1.0270,0.05,linear,33,352.00,0.083292
2234,1000,0.10,900,2,17,0.9699,0.05,linear,34,351.00,0.148593
2235,1000,0.10,900,2,17,1.0129,0.05,linear,35,368.00,0.243425
2236,1000,0.10,900,2,17,1.0243,0.05,linear,36,339.00,0.079989
2237,1000,0.10,900,2,17,1.0608,0.05,linear,37,359.00,0.259463
2238,1000,0.10,900,2,17,0.9942,0.05,linear,38,366.00,0.171796
2239,1000,0.10,900,2,17,1.0086,0.05,linear,39,355.00,0.063888
2240,1000,0.10,900,2,17,1.0244,0.05,linear,40,357.00,0.069940
2241,1000,0.10,900,2,17,0.9824,0.05,linear,41,347.00,0.100749
2242,1000,0.10,900,2,17,1.0080,0.05,linear,42,354.00,0.063261
2243,1000,0.10,900,2,17,0.9781,0.05,linear,43,384.00,0.179083
2244,1000,0.10,900,2,17,0.9899,0.05,linear,44,357.00,0.124985
2245,1000,0.10,900,2,17,1.0271,0.05,linear,45,376.00,0.152942
2246,1000,0.10,900,2,17,1.0158,0.05,linear,46,363.00,0.314742
2247,1000,0.10,900,2,17,1.0046,0.05,linear,47,361.00,0.034339
2248,1000,0.10,900,2,17,1.0296,0.05,linear,48,351.00,0.199686
2249,1000,0.10,900,2,17,0.9469,0.05,linear,49,358.00,0.199632
2250,1000,0.10,900,2,17,1.0051,0.05,linear,50,390.00,0.176779
2251,1000,0.10,900,2,17,1.0044,0.05,linear,51,352.00,0.128956
2252,1000,0.10,900,2,17,1.0357,0.05,linear,52,354.00,0.083875
2253,1000,0.10,900,2,17,1.0392,0.05,linear,53,355.00,0.110728
2254,1000,0.10,900,2,17,0.9868,0.05,linear,54,385.00,0.018922
2255,1000,0.10,900,2,17,1.0004,0.05,linear,55,361.00,0.140853
2256,1000,0.10,900,2,17,1.0440,0.05,linear,56,373.00,0.074212
2257,1000,0.10,900,2,17,1.0018,0.05,linear,57,372.00,0.110762
2258,1000,0.10,900,2,17,1.0181,0.05,linear,58,327.00,0.133133
2259,1000,0.10,900,2,17,1.0279,0.05,linear,59,339.00,0.082333
2260,1000,0.10,900,2,17,1.0610,0.05,linear,60,359.00,0.106301
2261,1000,0.10,900,2,17,1.0234,0.05,linear,61,354.00,0.075436
2262,1000,0.10,900,2,17,1.0374,0.05,linear,62,340.00,0.072847
2263,1000,0.10,900,2,17,1.0591,0.05,linear,63,353.00,0.053553
2264,1000,0.10,900,2,17,0.9752,0.05,linear,64,334.00,0.047772
2265,1000,0.10,900,2,17,1.0227,0.05,linear,65,357.00,0.303872
2266,1000,0.10,900,2,17,1.0427,0.05,linear,66,396.00,0.285130
2267,1000,0.10,900,2,17,0.9883,0.05,linear,67,361.00,0.250623
2268,1000,0.10,900,2,17,1.0103,0.05,linear,68,358.00,0.019819
2269,1000,0.10,900,2,17,1.0532,0.05,linear,69,349.00,0.052933
2270,1000,0.10,900,2,17,0.9862,0.05,linear,70,355.00,0.087723
2271,1000,0.10,900,2,17,0.9971,0.05,linear,71,372.00,0.202699
2272,1000,0.10,900,2,17,0.9919,0.05,linear,72,336.00,0.042613
2273,1000,0.10,900,2,17,0.9598,0.05,linear,73,362.00,0.105095
2274,1000,0.10,900,2,17,1.0201,0.05,linear,74,317.00,0.135807
2275,1000,0.10,900,2,17,0.9952,0.05,linear,75,360.00,0.110884
2276,1000,0.10,900,2,17,1.0189,0.05,linear,76,371.00,0.190472
2277,1000,0.10,900,2,17,1.0175,0.05,linear,77,383.00,0.129831
2278,1000,0.10,900,2,17,0.9875,0.05,linear,78,368.00,0.240546
2279,1000,0.10,900,2,17,1.0254,0.05,linear,79,381.00,0.030288
2280,1000,0.10,900,2,17,1.0360,0.05,linear,80,361.00,0.127786
2281,1000,0.10,900,2,17,0.9829,0.05,linear,81,339.00,0.088332
2282,1000,0.10,900,2,17,1.0219,0.05,linear,82,351.00,0.035744
2283,1000,0.10,900,2,17,0.9919,0.05,linear,83,349.00,0.226297
2284,1000,0.10,900,2,17,0.9987,0.05,linear,84,351.00,0.073278
2285,1000,0.10,900,2,17,1.0137,0.05,linear,85,357.00,0.274975
2286,1000,0.10,900,2,17,0.9677,0.05,linear,86,358.00,0.096492
2287,1000,0.10,900,2,17,1.0114,0.05,linear,87,394.00,0.281989
2288,1000,0.10,900,2,17,1.0315,0.05,linear,88,375.00,0.068241
2289,1000,0.10,900,2,17,1.0196,0.05,linear,89,364.00,0.085454
2290,1000,0.10,900,2,17,1.0485,0.05,linear,90,354.00,0.224489
2291,1000,0.10,900,2,17,1.0174,0.05,linear,91,351.00,0.044446
2292,1000,0.10,900,2,17,1.0446,0.05,linear,92,363.00,0.304073
2293,1000,0.10,900,2,17,1.0189,0.05,linear,93,343.00,0.151298
2294,1000,0.10,900,2,17,1.0253,0.05,linear,94,368.00,0.235711
2295,1000,0.10,900,2,17,1.0120,0.05,linear,95,340.00,0.161016
2296,1000,0.10,900,2,17,0.9895,0.05,linear,96,388.00,0.148657
2297,1000,0.10,900,2,17,0.9918,0.05,linear,97,342.00,0.048248
2298,1000,0.10,900,2,17,1.0322,0.05,linear,98,354.00,0.242106
2299,1000,0.10,900,2,17,1.0188,0.05,linear,99,363.00,0.164058
2300,1000,0.10,900,2,17,1.0308,0.10,linear,0,355.00,0.036475
2301,1000,0.10,900,2,17,1.0156,0.10,linear,1,354.00,0.262189
2302,1000,0.10,900,2,17,1.0169,0.10,linear,2,344.00,0.077196
2303,1000,0.10,900,2,17,1.0180,0.10,linear,3,348.00,0.177763
2304,1000,0.10,900,2,17,0.9848,0.10,linear,4,335.00,0.347329
2305,1000,0.10,900,2,17,1.0189,0.10,linear,5,330.00,0.012959
2306,1000,0.10,900,2,17,0.9919,0.10,linear,6,348.00,0.155897
2307,1000,0.10,900,2,17,0.9917,0.10,linear,7,348.00,0.170195
2308,1000,0.10,900,2,17,1.0253,0.10,linear,8,361.00,0.097978
2309,1000,0.10,900,2,17,1.0442,0.10,linear,9,367.00,0.140613
2310,1000,0.10,900,2,17,0.9936,0.10,linear,10,358.00,0.272120
2311,1000,0.10,900,2,17,1.0395,0.10,linear,11,330.00,0.251252
2312,1000,0.10,900,2,17,1.0488,0.10,linear,12,364.00,0.072528
2313,1000,0.10,900,2,17,1.0381,0.10,linear,13,369.00,0.152756
2314,1000,0.10,900,2,17,1.0299,0.10,linear,14,355.00,0.107012
2315,1000,0.10,900,2,17,0.9951,0.10,linear,15,378.00,0.190732
2316,1000,0.10,900,2,17,1.0052,0.10,linear,16,365.00,0.054743
2317,1000,0.10,900,2,17,1.0018,0.10,linear,17,363.00,0.114923
2318,1000,0.10,900,2,17,1.0419,0.10,linear,18,361.00,0.086340
2319,1000,0.10,900,2,17,1.0210,0.10,linear,19,374.00,0.202266
2320,1000,0.10,900,2,17,0.9850,0.10,linear,20,371.00,0.198160
2321,1000,0.10,900,2,17,1.0226,0.10,linear,21,364.00,0.211320
2322,1000,0.10,900,2,17,0.9850,0.10,linear,22,337.00,0.064177
2323,1000,0.10,900,2,17,0.9944,0.10,linear,23,363.00,0.105050
2324,1000,0.10,900,2,17,1.0303,0.10,linear,24,359.00,0.228181
2325,1000,0.10,900,2,17,0.9966,0.10,linear,25,373.00,0.319979
2326,1000,0.10,900,2,17,1.0477,0.10,linear,26,373.00,0.142905
2327,1000,0.10,900,2,17,1.0263,0.10,linear,27,341.00,0.060690
2328,1000,0.10,900,2,17,1.0348,0.10,linear,28,389.00,0.230178
2329,1000,0.10,900,2,17,1.0336,0.10,linear,29,380.00,0.246207
2330,1000,0.10,900,2,17,1.0455,0.10,linear,30,356.00,0.198718
2331,1000,0.10,900,2,17,0.9910,0.10,linear,31,374.00,0.181123
2332,1000,0.10,900,2,17,0.9751,0.10,linear,32,361.00,0.063588
2333,1000,0.10,900,2,17,1.0079,0.10,linear,33,364.00,0.047347
2334,1000,0.10,900,2,17,1.0202,0.10,linear,34,374.00,0.206437
2335,1000,0.10,900,2,17,1.0487,0.10,linear,35,324.00,0.060399
2336,1000,0.10,900,2,17,1.0507,0.10,linear,36,372.00,0.118731
2337,1000,0.10,900,2,17,1.0111,0.10,linear,37,342.00,0.047971
2338,1000,0.10,900,2,17,0.9967,0.10,linear,38,358.00,0.166122
2339,1000,0.10,900,2,17,1.0306,0.10,linear,39,313.00,0.233149
2340,1000,0.10,900,2,17,1.0050,0.10,linear,40,385.00,0.290731
2341,1000,0.10,900,2,17,0.9973,0.10,linear,41,354.00,0.247989
2342,1000,0.10,900,2,17,1.0263,0.10,linear,42,345.00,0.089100
2343,1000,0.10,900,2,17,0.9710,0.10,linear,43,368.00,0.164330
2344,1000,0.10,900,2,17,1.0374,0.10,linear,44,393.00,0.099066
2345,1000,0.10,900,2,17,1.0083,0.10,linear,45,346.00,0.438358
2346,1000,0.10,900,2,17,1.0278,0.10,linear,46,391.00,0.623666
2347,1000,0.10,900,2,17,1.0404,0.10,linear,47,349.00,0.366523
2348,1000,0.10,900,2,17,1.0664,0.10,linear,48,301.00,0.115430
2349,1000,0.10,900,2,17,1.0211,0.10,linear,49,365.00,0.052048
2350,1000,0.10,900,2,17,1.0141,0.10,linear,50,377.00,0.188779
2351,1000,0.10,900,2,17,0.9862,0.10,linear,51,365.00,0.041883
2352,1000,0.10,900,2,17,0.9928,0.10,linear,52,367.00,0.103238
2353,1000,0.10,900,2,17,0.9920,0.10,linear,53,383.00,0.066329
2354,1000,0.10,900,2,17,1.0345,0.10,linear,54,348.00,0.211487
2355,1000,0.10,900,2,17,0.9875,0.10,linear,55,365.00,0.291777
2356,1000,0.10,900,2,17,1.0022,0.10,linear,56,351.00,0.215221
2357,1000,0.10,900,2,17,1.0300,0.10,linear,57,374.00,0.192219
2358,1000,0.10,900,2,17,1.0108,0.10,linear,58,359.00,0.484309
2359,1000,0.10,900,2,17,1.0263,0.10,linear,59,351.00,0.016494
2360,1000,0.10,900,2,17,1.0226,0.10,linear,60,322.00,0.057018
2361,1000,0.10,900,2,17,1.0268,0.10,linear,61,331.00,0.060405
2362,1000,0.10,900,2,17,1.0103,0.10,linear,62,388.00,0.070541
2363,1000,0.10,900,2,17,1.0080,0.10,linear,63,338.00,0.269145
2364,1000,0.10,900,2,17,1.0256,0.10,linear,64,349.00,0.012332
2365,1000,0.10,900,2,17,1.0083,0.10,linear,65,333.00,0.223847
2366,1000,0.10,900,2,17,1.0161,0.10,linear,66,379.00,0.312505
2367,1000,0.10,900,2,17,0.9897,0.10,linear,67,367.00,0.228779
2368,1000,0.10,900,2,17,1.0224,0.10,linear,68,361.00,0.121793
2369,1000,0.10,900,2,17,0.9898,0.10,linear,69,341.00,0.046194
2370,1000,0.10,900,2,17,1.0109,0.10,linear,70,358.00,0.158138
2371,1000,0.10,900,2,17,0.9961,0.10,linear,71,354.00,0.239669
2372,1000,0.10,900,2,17,0.9926,0.10,linear,72,356.00,0.082304
2373,1000,0.10,900,2,17,1.0352,0.10,linear,73,341.00,0.057819
2374,1000,0.10,900,2,17,1.0147,0.10,linear,74,392.00,0.036811
2375,1000,0.10,900,2,17,0.9884,0.10,linear,75,333.00,0.112850
2376,1000,0.10,900,2,17,0.9723,0.10,linear,76,369.00,0.326405
2377,1000,0.10,900,2,17,1.0236,0.10,linear,77,369.00,0.114465
2378,1000,0.10,900,2,17,1.0293,0.10,linear,78,370.00,0.161034
2379,1000,0.10,900,2,17,1.0177,0.10,linear,79,347.00,0.348585
2380,1000,0.10,900,2,17,1.0314,0.10,linear,80,340.00,0.032443
2381,1000,0.10,900,2,17,1.0202,0.10,linear,81,346.00,0.087579
2382,1000,0.10,900,2,17,1.0029,0.10,linear,82,366.00,0.170217
2383,1000,0.10,900,2,17,0.9830,0.10,linear,83,344.00,0.133419
2384,1000,0.10,900,2,17,1.0139,0.10,linear,84,374.00,0.060020
2385,1000,0.10,900,2,17,1.0273,0.10,linear,85,323.00,0.135168
2386,1000,0.10,900,2,17,1.0118,0.10,linear,86,357.00,0.178980
2387,1000,0.10,900,2,17,1.0217,0.10,linear,87,346.00,0.172698
2388,1000,0.10,900,2,17,1.0768,0.10,linear,88,363.00,0.341111
2389,1000,0.10,900,2,17,1.0348,0.10,linear,89,359.00,0.046616
2390,1000,0.10,900,2,17,1.0289,0.10,linear,90,365.00,0.036104
2391,1000,0.10,900,2,17,0.9808,0.10,linear,91,333.00,0.026569
2392,1000,0.10,900,2,17,1.0357,0.10,linear,92,377.00,0.026401
2393,1000,0.10,900,2,17,1.0364,0.10,linear,93,360.00,0.142920
2394,1000,0.10,900,2,17,1.0108,0.10,linear,94,338.00,0.172628
2395,1000,0.10,900,2,17,1.0130,0.10,linear,95,352.00,0.057961
2396,1000,0.10,900,2,17,0.9807,0.10,linear,96,359.00,0.304181
2397,1000,0.10,900,2,17,1.0060,0.10,linear,97,378.00,0.228287
2398,1000,0.10,900,2,17,0.9985,0.10,linear,98,363.00,0.149049
2399,1000,0.10,900,2,17,1.0271,0.10,linear,99,370.00,0.229729
2400,1000,0.10,900,2,17,1.0031,0.15,linear,0,363.00,0.027273
2401,1000,0.10,900,2,17,1.0335,0.15,linear,1,325.00,0.141607
2402,1000,0.10,900,2,17,1.0345,0.15,linear,2,384.00,0.247640
2403,1000,0.10,900,2,17,1.0071,0.15,linear,3,351.00,0.103041
2404,1000,0.10,900,2,17,1.0335,0.15,linear,4,351.00,0.117114
2405,1000,0.10,900,2,17,1.0340,0.15,linear,5,360.00,0.217677
2406,1000,0.10,900,2,17,1.0758,0.15,linear,6,363.00,0.138151
2407,1000,0.10,900,2,17,1.0272,0.15,linear,7,330.00,0.133374
2408,1000,0.10,900,2,17,1.0154,0.15,linear,8,352.00,0.167709
2409,1000,0.10,900,2,17,1.0014,0.15,linear,9,358.00,0.067993
2410,1000,0.10,900,2,17,1.0442,0.15,linear,10,358.00,0.056207
2411,1000,0.10,900,2,17,0.9929,0.15,linear,11,384.00,0.035658
2412,1000,0.10,900,2,17,1.0031,0.15,linear,12,350.00,0.030462
2413,1000,0.10,900,2,17,1.0155,0.15,linear,13,341.00,0.024693
2414,1000,0.10,900,2,17,1.0345,0.15,linear,14,376.00,0.247071
2415,1000,0.10,900,2,17,1.0100,0.15,linear,15,331.00,0.240939
2416,1000,0.10,900,2,17,0.9968,0.15,linear,16,327.00,0.078157
2417,1000,0.10,900,2,17,1.0098,0.15,linear,17,384.00,0.074677
2418,1000,0.10,900,2,17,1.0595,0.15,linear,18,319.00,0.299752
2419,1000,0.10,900,2,17,0.9791,0.15,linear,19,370.00,0.136386
2420,1000,0.10,900,2,17,1.0261,0.15,linear,20,359.00,0.327418
2421,1000,0.10,900,2,17,1.0110,0.15,linear,21,372.00,0.085108
2422,1000,0.10,900,2,17,1.0701,0.15,linear,22,325.00,0.117396
2423,1000,0.10,900,2,17,1.0180,0.15,linear,23,342.00,0.132390
2424,1000,0.10,900,2,17,1.0017,0.15,linear,24,354.00,0.135507
2425,1000,0.10,900,2,17,0.9945,0.15,linear,25,363.00,0.147264
2426,1000,0.10,900,2,17,0.9912,0.15,linear,26,363.00,0.103849
2427,1000,0.10,900,2,17,1.0152,0.15,linear,27,357.00,0.250005
2428,1000,0.10,900,2,17,1.0271,0.15,linear,28,337.00,0.099746
2429,1000,0.10,900,2,17,1.0327,0.15,linear,29,349.00,0.180475
2430,1000,0.10,900,2,17,0.9911,0.15,linear,30,343.00,0.107064
2431,1000,0.10,900,2,17,1.0314,0.15,linear,31,374.00,0.164401
2432,1000,0.10,900,2,17,0.9804,0.15,linear,32,362.00,0.089698
2433,1000,0.10,900,2,17,1.0161,0.15,linear,33,385.00,0.054319
2434,1000,0.10,900,2,17,0.9894,0.15,linear,34,372.00,0.180910
2435,1000,0.10,900,2,17,0.9995,0.15,linear,35,350.00,0.162894
2436,1000,0.10,900,2,17,1.0377,0.15,linear,36,334.00,0.200353
2437,1000,0.10,900,2,17,1.0085,0.15,linear,37,341.00,0.168329
2438,1000,0.10,900,2,17,0.9988,0.15,linear,38,363.00,0.108251
2439,1000,0.10,900,2,17,1.0210,0.15,linear,39,363.00,0.052236
2440,1000,0.10,900,2,17,1.0194,0.15,linear,40,351.00,0.048993
2441,1000,0.10,900,2,17,1.0179,0.15,linear,41,350.00,0.391570
2442,1000,0.10,900,2,17,1.0525,0.15,linear,42,357.00,0.049675
2443,1000,0.10,900,2,17,1.0234,0.15,linear,43,351.00,0.116886
2444,1000,0.10,900,2,17,1.0185,0.15,linear,44,380.00,0.167261
2445,1000,0.10,900,2,17,1.0055,0.15,linear,45,364.00,0.172851
2446,1000,0.10,900,2,17,1.0206,0.15,linear,46,334.00,0.060195
2447,1000,0.10,900,2,17,1.0393,0.15,linear,47,354.00,0.041155
2448,1000,0.10,900,2,17,0.9930,0.15,linear,48,351.00,0.298456
2449,1000,0.10,900,2,17,1.0334,0.15,linear,49,337.00,0.230735
2450,1000,0.10,900,2,17,1.0487,0.15,linear,50,358.00,0.027042
2451,1000,0.10,900,2,17,1.0164,0.15,linear,51,351.00,0.130912
2452,1000,0.10,900,2,17,1.0289,0.15,linear,52,346.00,0.148951
2453,1000,0.10,900,2,17,1.0405,0.15,linear,53,351.00,0.285190
2454,1000,0.10,900,2,17,1.0441,0.15,linear,54,366.00,0.101977
2455,1000,0.10,900,2,17,0.9879,0.15,linear,55,374.00,0.177769
2456,1000,0.10,900,2,17,1.0269,0.15,linear,56,355.00,0.050651
2457,1000,0.10,900,2,17,1.0042,0.15,linear,57,385.00,0.049609
2458,1000,0.10,900,2,17,1.0062,0.15,linear,58,357.00,0.118741
2459,1000,0.10,900,2,17,1.0730,0.15,linear,59,368.00,0.181175
2460,1000,0.10,900,2,17,1.0097,0.15,linear,60,363.00,0.163197
2461,1000,0.10,900,2,17,0.9947,0.15,linear,61,365.00,0.254612
2462,1000,0.10,900,2,17,1.0717,0.15,linear,62,364.00,0.221494
2463,1000,0.10,900,2,17,1.0261,0.15,linear,63,342.00,0.056194
2464,1000,0.10,900,2,17,1.0434,0.15,linear,64,348.00,0.129392
2465,1000,0.10,900,2,17,1.0170,0.15,linear,65,349.00,0.396723
2466,1000,0.10,900,2,17,1.0433,0.15,linear,66,393.00,0.132169
2467,1000,0.10,900,2,17,1.0252,0.15,linear,67,369.00,0.053519
2468,1000,0.10,900,2,17,1.0174,0.15,linear,68,364.00,0.080142
2469,1000,0.10,900,2,17,1.0049,0.15,linear,69,370.00,0.190413
2470,1000,0.10,900,2,17,1.0123,0.15,linear,70,351.00,0.088158
2471,1000,0.10,900,2,17,1.0385,0.15,linear,71,335.00,0.089092
2472,1000,0.10,900,2,17,1.0279,0.15,linear,72,416.00,0.118592
2473,1000,0.10,900,2,17,1.0113,0.15,linear,73,367.00,0.159383
2474,1000,0.10,900,2,17,1.0245,0.15,linear,74,392.00,0.274557
2475,1000,0.10,900,2,17,1.0323,0.15,linear,75,360.00,0.048729
2476,1000,0.10,900,2,17,0.9625,0.15,linear,76,361.00,0.352652
2477,1000,0.10,900,2,17,1.0588,0.15,linear,77,314.00,0.038452
2478,1000,0.10,900,2,17,1.0417,0.15,linear,78,356.00,0.108631
2479,1000,0.10,900,2,17,1.0134,0.15,linear,79,378.00,0.409176
2480,1000,0.10,900,2,17,1.0382,0.15,linear,80,351.00,0.097289
2481,1000,0.10,900,2,17,1.0402,0.15,linear,81,361.00,0.371935
2482,1000,0.10,900,2,17,0.9660,0.15,linear,82,355.00,0.016749
2483,1000,0.10,900,2,17,1.0262,0.15,linear,83,340.00,0.028451
2484,1000,0.10,900,2,17,1.0015,0.15,linear,84,368.00,0.067694
2485,1000,0.10,900,2,17,1.0287,0.15,linear,85,339.00,0.026035
2486,1000,0.10,900,2,17,0.9924,0.15,linear,86,369.00,0.426449
2487,1000,0.10,900,2,17,1.0656,0.15,linear,87,367.00,0.129836
2488,1000,0.10,900,2,17,1.0325,0.15,linear,88,369.00,0.243565
2489,1000,0.10,900,2,17,0.9982,0.15,linear,89,357.00,0.093416
2490,1000,0.10,900,2,17,1.0033,0.15,linear,90,362.00,0.120304
2491,1000,0.10,900,2,17,1.0073,0.15,linear,91,350.00,0.093391
2492,1000,0.10,900,2,17,1.0637,0.15,linear,92,354.00,0.113374
2493,1000,0.10,900,2,17,1.0106,0.15,linear,93,372.00,0.302405
2494,1000,0.10,900,2,17,1.0393,0.15,linear,94,351.00,0.103376
2495,1000,0.10,900,2,17,1.0211,0.15,linear,95,362.00,0.084631
2496,1000,0.10,900,2,17,1.0481,0.15,linear,96,354.00,0.184468
2497,1000,0.10,900,2,17,1.0141,0.15,linear,97,334.00,0.120951
2498,1000,0.10,900,2,17,0.9801,0.15,linear,98,354.00,0.116667
2499,1000,0.10,900,2,17,0.9868,0.15,linear,99,372.00,0.106527
2500,1000,0.10,900,2,17,1.0157,0.20,linear,0,373.00,0.170677
2501,1000,0.10,900,2,17,0.9777,0.20,linear,1,362.00,0.172744
2502,1000,0.10,900,2,17,1.0531,0.20,linear,2,371.00,0.233094
2503,1000,0.10,900,2,17,1.0251,0.20,linear,3,353.00,0.189572
2504,1000,0.10,900,2,17,0.9806,0.20,linear,4,356.00,0.323898
2505,1000,0.10,900,2,17,1.0047,0.20,linear,5,353.00,0.198231
2506,1000,0.10,900,2,17,0.9943,0.20,linear,6,355.00,0.160265
2507,1000,0.10,900,2,17,1.0261,0.20,linear,7,350.00,0.057754
2508,1000,0.10,900,2,17,0.9896,0.20,linear,8,342.00,0.157299
2509,1000,0.10,900,2,17,1.0205,0.20,linear,9,368.00,0.147718
2510,1000,0.10,900,2,17,1.0166,0.20,linear,10,348.00,0.043502
2511,1000,0.10,900,2,17,1.0097,0.20,linear,11,326.00,0.138250
2512,1000,0.10,900,2,17,1.0046,0.20,linear,12,362.00,0.079796
2513,1000,0.10,900,2,17,1.0220,0.20,linear,13,367.00,0.070384
2514,1000,0.10,900,2,17,1.0019,0.20,linear,14,345.00,0.046214
2515,1000,0.10,900,2,17,1.0789,0.20,linear,15,364.00,0.423061
2516,1000,0.10,900,2,17,1.0350,0.20,linear,16,359.00,0.216611
2517,1000,0.10,900,2,17,0.9862,0.20,linear,17,375.00,0.214652
2518,1000,0.10,900,2,17,1.0073,0.20,linear,18,340.00,0.075845
2519,1000,0.10,900,2,17,1.0015,0.20,linear,19,367.00,0.189008
2520,1000,0.10,900,2,17,1.0231,0.20,linear,20,352.00,0.330247
2521,1000,0.10,900,2,17,1.0057,0.20,linear,21,353.00,0.046036
2522,1000,0.10,900,2,17,0.9869,0.20,linear,22,353.00,0.352294
2523,1000,0.10,900,2,17,0.9689,0.20,linear,23,368.00,0.429090
2524,1000,0.10,900,2,17,1.0474,0.20,linear,24,368.00,0.129439
2525,1000,0.10,900,2,17,1.0415,0.20,linear,25,358.00,0.068526
2526,1000,0.10,900,2,17,1.0329,0.20,linear,26,357.00,0.059022
2527,1000,0.10,900,2,17,1.0431,0.20,linear,27,339.00,0.288444
2528,1000,0.10,900,2,17,1.0528,0.20,linear,28,350.00,0.206356
2529,1000,0.10,900,2,17,1.0133,0.20,linear,29,324.00,0.065506
2530,1000,0.10,900,2,17,1.0220,0.20,linear,30,349.00,0.040528
2531,1000,0.10,900,2,17,1.0238,0.20,linear,31,327.00,0.137538
2532,1000,0.10,900,2,17,1.0166,0.20,linear,32,343.00,0.034063
2533,1000,0.10,900,2,17,1.0448,0.20,linear,33,381.00,0.175696
2534,1000,0.10,900,2,17,1.0102,0.20,linear,34,353.00,0.137502
2535,1000,0.10,900,2,17,1.0399,0.20,linear,35,364.00,0.043100
2536,1000,0.10,900,2,17,1.0549,0.20,linear,36,346.00,0.205870
2537,1000,0.10,900,2,17,1.0421,0.20,linear,37,354.00,0.392061
2538,1000,0.10,900,2,17,1.0399,0.20,linear,38,365.00,0.255597
2539,1000,0.10,900,2,17,1.0302,0.20,linear,39,336.00,0.393107
2540,1000,0.10,900,2,17,1.0129,0.20,linear,40,365.00,0.133837
2541,1000,0.10,900,2,17,1.0153,0.20,linear,41,388.00,0.102787
2542,1000,0.10,900,2,17,1.0274,0.20,linear,42,337.00,0.084737
2543,1000,0.10,900,2,17,1.0256,0.20,linear,43,390.00,0.598995
2544,1000,0.10,900,2,17,0.9848,0.20,linear,44,351.00,0.251070
2545,1000,0.10,900,2,17,0.9350,0.20,linear,45,373.00,0.305686
2546,1000,0.10,900,2,17,1.0662,0.20,linear,46,344.00,0.167171
2547,1000,0.10,900,2,17,1.0107,0.20,linear,47,335.00,0.177766
2548,1000,0.10,900,2,17,1.0483,0.20,linear,48,340.00,0.144324
2549,1000,0.10,900,2,17,0.9651,0.20,linear,49,352.00,0.062890
2550,1000,0.10,900,2,17,0.9773,0.20,linear,50,364.00,0.256812
2551,1000,0.10,900,2,17,1.0240,0.20,linear,51,347.00,0.031458
2552,1000,0.10,900,2,17,1.0372,0.20,linear,52,347.00,0.042655
2553,1000,0.10,900,2,17,1.0371,0.20,linear,53,350.00,0.103672
2554,1000,0.10,900,2,17,1.0287,0.20,linear,54,363.00,0.303665
2555,1000,0.10,900,2,17,1.0396,0.20,linear,55,348.00,0.051717
2556,1000,0.10,900,2,17,1.0634,0.20,linear,56,384.00,0.094448
2557,1000,0.10,900,2,17,1.0568,0.20,linear,57,386.00,0.107926
2558,1000,0.10,900,2,17,1.0473,0.20,linear,58,373.00,0.310944
2559,1000,0.10,900,2,17,0.9971,0.20,linear,59,360.00,0.142114
2560,1000,0.10,900,2,17,1.0047,0.20,linear,60,373.00,0.051446
2561,1000,0.10,900,2,17,1.0515,0.20,linear,61,330.00,0.162445
2562,1000,0.10,900,2,17,0.9931,0.20,linear,62,356.00,0.355832
2563,1000,0.10,900,2,17,1.0279,0.20,linear,63,345.00,0.275009
2564,1000,0.10,900,2,17,1.0024,0.20,linear,64,371.00,0.195060
2565,1000,0.10,900,2,17,1.0362,0.20,linear,65,362.00,0.290349
2566,1000,0.10,900,2,17,1.0866,0.20,linear,66,366.00,0.111276
2567,1000,0.10,900,2,17,1.0135,0.20,linear,67,372.00,0.084383
2568,1000,0.10,900,2,17,1.0412,0.20,linear,68,327.00,0.537352
2569,1000,0.10,900,2,17,1.0391,0.20,linear,69,372.00,0.179046
2570,1000,0.10,900,2,17,0.9976,0.20,linear,70,337.00,0.138924
2571,1000,0.10,900,2,17,1.0048,0.20,linear,71,366.00,0.091929
2572,1000,0.10,900,2,17,1.0063,0.20,linear,72,335.00,0.022872
2573,1000,0.10,900,2,17,1.0061,0.20,linear,73,370.00,0.097675
2574,1000,0.10,900,2,17,1.0310,0.20,linear,74,363.00,0.092064
2575,1000,0.10,900,2,17,1.0276,0.20,linear,75,343.00,0.054664
2576,1000,0.10,900,2,17,1.0658,0.20,linear,76,367.00,0.024693
2577,1000,0.10,900,2,17,1.0595,0.20,linear,77,379.00,0.135142
2578,1000,0.10,900,2,17,1.0387,0.20,linear,78,361.00,0.368044
2579,1000,0.10,900,2,17,1.0663,0.20,linear,79,337.00,0.222980
2580,1000,0.10,900,2,17,1.0772,0.20,linear,80,395.00,0.295810
2581,1000,0.10,900,2,17,0.9793,0.20,linear,81,322.00,0.108586
2582,1000,0.10,900,2,17,1.0459,0.20,linear,82,356.00,0.136921
2583,1000,0.10,900,2,17,1.0016,0.20,linear,83,347.00,0.184348
2584,1000,0.10,900,2,17,1.0214,0.20,linear,84,361.00,0.165930
2585,1000,0.10,900,2,17,1.0350,0.20,linear,85,360.00,0.240417
2586,1000,0.10,900,2,17,0.9982,0.20,linear,86,390.00,0.087010
2587,1000,0.10,900,2,17,1.0144,0.20,linear,87,374.00,0.297745
2588,1000,0.10,900,2,17,1.0136,0.20,linear,88,361.00,0.064012
2589,1000,0.10,900,2,17,1.0682,0.20,linear,89,336.00,0.099895
2590,1000,0.10,900,2,17,0.9925,0.20,linear,90,356.00,0.095241
2591,1000,0.10,900,2,17,0.9823,0.20,linear,91,348.00,0.327091
2592,1000,0.10,900,2,17,1.0215,0.20,linear,92,354.00,0.323331
2593,1000,0.10,900,2,17,1.0409,0.20,linear,93,354.00,0.146561
2594,1000,0.10,900,2,17,1.0105,0.20,linear,94,373.00,0.171677
2595,1000,0.10,900,2,17,1.0401,0.20,linear,95,332.00,0.229852
2596,1000,0.10,900,2,17,1.0408,0.20,linear,96,357.00,0.032083
2597,1000,0.10,900,2,17,1.0291,0.20,linear,97,370.00,0.256264
2598,1000,0.10,900,2,17,1.0357,0.20,linear,98,377.00,0.089342
2599,1000,0.10,900,2,17,1.0632,0.20,linear,99,341.00,0.112659
2600,1000,0.10,900,2,17,1.0298,0.25,linear,0,382.00,0.500118
2601,1000,0.10,900,2,17,1.0518,0.25,linear,1,368.00,0.097035
2602,1000,0.10,900,2,17,1.0752,0.25,linear,2,363.00,0.078793
2603,1000,0.10,900,2,17,1.0313,0.25,linear,3,342.00,0.073640
2604,1000,0.10,900,2,17,1.0437,0.25,linear,4,362.00,0.341485
2605,1000,0.10,900,2,17,1.0445,0.25,linear,5,379.00,0.158763
2606,1000,0.10,900,2,17,1.0536,0.25,linear,6,325.00,0.090999
2607,1000,0.10,900,2,17,1.0295,0.25,linear,7,360.00,0.147217
2608,1000,0.10,900,2,17,1.0627,0.25,linear,8,350.00,0.202803
2609,1000,0.10,900,2,17,1.0629,0.25,linear,9,358.00,0.231116
2610,1000,0.10,900,2,17,1.0365,0.25,linear,10,375.00,0.268471
2611,1000,0.10,900,2,17,1.0253,0.25,linear,11,348.00,0.353672
2612,1000,0.10,900,2,17,1.0475,0.25,linear,12,357.00,0.436396
2613,1000,0.10,900,2,17,1.0175,0.25,linear,13,373.00,0.174871
2614,1000,0.10,900,2,17,1.0876,0.25,linear,14,342.00,0.190636
2615,1000,0.10,900,2,17,1.0578,0.25,linear,15,370.00,0.201603
2616,1000,0.10,900,2,17,1.0382,0.25,linear,16,364.00,0.367887
2617,1000,0.10,900,2,17,1.0343,0.25,linear,17,350.00,0.095707
2618,1000,0.10,900,2,17,1.1206,0.25,linear,18,339.00,0.095515
2619,1000,0.10,900,2,17,1.0292,0.25,linear,19,331.00,0.085110
2620,1000,0.10,900,2,17,0.9993,0.25,linear,20,343.00,0.359657
2621,1000,0.10,900,2,17,1.0659,0.25,linear,21,345.00,0.122707
2622,1000,0.10,900,2,17,1.0520,0.25,linear,22,357.00,0.325199
2623,1000,0.10,900,2,17,1.0416,0.25,linear,23,355.00,0.120987
2624,1000,0.10,900,2,17,1.0212,0.25,linear,24,369.00,0.102667
2625,1000,0.10,900,2,17,1.0264,0.25,linear,25,352.00,0.298259
2626,1000,0.10,900,2,17,1.0288,0.25,linear,26,362.00,0.160375
2627,1000,0.10,900,2,17,1.0371,0.25,linear,27,379.00,0.313365
2628,1000,0.10,900,2,17,1.0246,0.25,linear,28,360.00,0.073103
2629,1000,0.10,900,2,17,0.9968,0.25,linear,29,352.00,0.148274
2630,1000,0.10,900,2,17,1.0637,0.25,linear,30,381.00,0.138798
2631,1000,0.10,900,2,17,1.0264,0.25,linear,31,342.00,0.308530
2632,1000,0.10,900,2,17,1.0149,0.25,linear,32,364.00,0.351561
2633,1000,0.10,900,2,17,1.0438,0.25,linear,33,359.00,0.093346
2634,1000,0.10,900,2,17,1.0419,0.25,linear,34,357.00,0.144952
2635,1000,0.10,900,2,17,1.0156,0.25,linear,35,359.00,0.238503
2636,1000,0.10,900,2,17,1.0838,0.25,linear,36,379.00,0.285343
2637,1000,0.10,900,2,17,1.0647,0.25,linear,37,371.00,0.271774
2638,1000,0.10,900,2,17,1.0641,0.25,linear,38,336.00,0.192746
2639,1000,0.10,900,2,17,1.0712,0.25,linear,39,322.00,0.144162
2640,1000,0.10,900,2,17,1.0181,0.25,linear,40,375.00,0.281989
2641,1000,0.10,900,2,17,1.0639,0.25,linear,41,352.00,0.253382
2642,1000,0.10,900,2,17,1.0113,0.25,linear,42,362.00,0.074622
2643,1000,0.10,900,2,17,1.0717,0.25,linear,43,325.00,0.226735
2644,1000,0.10,900,2,17,1.0298,0.25,linear,44,387.00,0.061494
2645,1000,0.10,900,2,17,1.0888,0.25,linear,45,368.00,0.322858
2646,1000,0.10,900,2,17,1.0116,0.25,linear,46,388.00,0.242099
2647,1000,0.10,900,2,17,1.0086,0.25,linear,47,366.00,0.226748
2648,1000,0.10,900,2,17,1.0866,0.25,linear,48,351.00,0.344233
2649,1000,0.10,900,2,17,0.9927,0.25,linear,49,361.00,0.171822
2650,1000,0.10,900,2,17,1.0495,0.25,linear,50,358.00,0.393520
2651,1000,0.10,900,2,17,1.0195,0.25,linear,51,380.00,0.195424
2652,1000,0.10,900,2,17,1.0272,0.25,linear,52,379.00,0.129480
2653,1000,0.10,900,2,17,1.0405,0.25,linear,53,374.00,0.111348
2654,1000,0.10,900,2,17,0.9990,0.25,linear,54,366.00,0.085284
2655,1000,0.10,900,2,17,1.0223,0.25,linear,55,359.00,0.139502
2656,1000,0.10,900,2,17,1.0075,0.25,linear,56,343.00,0.052162
2657,1000,0.10,900,2,17,1.0200,0.25,linear,57,377.00,0.110909
2658,1000,0.10,900,2,17,1.0556,0.25,linear,58,353.00,0.180795
2659,1000,0.10,900,2,17,1.0095,0.25,linear,59,360.00,0.057531
2660,1000,0.10,900,2,17,1.0243,0.25,linear,60,358.00,0.214060
2661,1000,0.10,900,2,17,1.0275,0.25,linear,61,354.00,0.295823
2662,1000,0.10,900,2,17,0.9912,0.25,linear,62,371.00,0.042323
2663,1000,0.10,900,2,17,1.0083,0.25,linear,63,346.00,0.059431
2664,1000,0.10,900,2,17,1.0067,0.25,linear,64,363.00,0.103109
2665,1000,0.10,900,2,17,1.0125,0.25,linear,65,362.00,0.356548
2666,1000,0.10,900,2,17,1.0497,0.25,linear,66,347.00,0.137336
2667,1000,0.10,900,2,17,1.0611,0.25,linear,67,367.00,0.084097
2668,1000,0.10,900,2,17,1.0167,0.25,linear,68,349.00,0.285290
2669,1000,0.10,900,2,17,1.0182,0.25,linear,69,388.00,0.213505
2670,1000,0.10,900,2,17,1.0181,0.25,linear,70,352.00,0.281435
2671,1000,0.10,900,2,17,1.0696,0.25,linear,71,362.00,0.275472
2672,1000,0.10,900,2,17,1.0011,0.25,linear,72,356.00,0.116267
2673,1000,0.10,900,2,17,1.0820,0.25,linear,73,351.00,0.123285
2674,1000,0.10,900,2,17,1.0570,0.25,linear,74,366.00,0.117081
2675,1000,0.10,900,2,17,1.0490,0.25,linear,75,321.00,0.085679
2676,1000,0.10,900,2,17,0.9999,0.25,linear,76,361.00,0.374653
2677,1000,0.10,900,2,17,1.0413,0.25,linear,77,359.00,0.062258
2678,1000,0.10,900,2,17,0.9925,0.25,linear,78,346.00,0.172904
2679,1000,0.10,900,2,17,1.0054,0.25,linear,79,356.00,0.241402
2680,1000,0.10,900,2,17,1.0075,0.25,linear,80,361.00,0.249135
2681,1000,0.10,900,2,17,1.0295,0.25,linear,81,348.00,0.229991
2682,1000,0.10,900,2,17,1.0422,0.25,linear,82,360.00,0.046277
2683,1000,0.10,900,2,17,0.9994,0.25,linear,83,323.00,0.163664
2684,1000,0.10,900,2,17,1.0099,0.25,linear,84,359.00,0.189629
2685,1000,0.10,900,2,17,1.0439,0.25,linear,85,339.00,0.068292
2686,1000,0.10,900,2,17,0.9966,0.25,linear,86,339.00,0.175444
2687,1000,0.10,900,2,17,1.0239,0.25,linear,87,356.00,0.159504
2688,1000,0.10,900,2,17,1.0573,0.25,linear,88,360.00,0.124148
2689,1000,0.10,900,2,17,1.0884,0.25,linear,89,364.00,0.221377
2690,1000,0.10,900,2,17,1.0284,0.25,linear,90,357.00,0.168543
2691,1000,0.10,900,2,17,1.0047,0.25,linear,91,365.00,0.151005
2692,1000,0.10,900,2,17,1.0515,0.25,linear,92,351.00,0.187425
2693,1000,0.10,900,2,17,1.0205,0.25,linear,93,359.00,0.153687
2694,1000,0.10,900,2,17,1.0021,0.25,linear,94,353.00,0.275844
2695,1000,0.10,900,2,17,1.0129,0.25,linear,95,366.00,0.135889
2696,1000,0.10,900,2,17,1.0424,0.25,linear,96,380.00,0.223024
2697,1000,0.10,900,2,17,1.0339,0.25,linear,97,359.00,0.267421
2698,1000,0.10,900,2,17,0.9901,0.25,linear,98,350.00,0.097435
2699,1000,0.10,900,2,17,1.0432,0.25,linear,99,362.00,0.081844
2700,1000,0.10,900,2,17,1.0455,0.30,linear,0,340.00,0.082141
2701,1000,0.10,900,2,17,1.0765,0.30,linear,1,353.00,0.175699
2702,1000,0.10,900,2,17,1.0044,0.30,linear,2,330.00,0.082949
2703,1000,0.10,900,2,17,1.1502,0.30,linear,3,331.00,0.161838
2704,1000,0.10,900,2,17,0.9828,0.30,linear,4,371.00,0.254538
2705,1000,0.10,900,2,17,1.0360,0.30,linear,5,332.00,0.145996
2706,1000,0.10,900,2,17,1.0756,0.30,linear,6,363.00,0.230331
2707,1000,0.10,900,2,17,1.0455,0.30,linear,7,358.00,0.148854
2708,1000,0.10,900,2,17,1.0837,0.30,linear,8,382.00,0.268358
2709,1000,0.10,900,2,17,1.0550,0.30,linear,9,367.00,0.070908
2710,1000,0.10,900,2,17,1.0216,0.30,linear,10,329.00,0.305848
2711,1000,0.10,900,2,17,1.0748,0.30,linear,11,340.00,0.247670
2712,1000,0.10,900,2,17,0.9618,0.30,linear,12,337.00,0.179335
2713,1000,0.10,900,2,17,1.0667,0.30,linear,13,361.00,0.138180
2714,1000,0.10,900,2,17,1.0681,0.30,linear,14,339.00,0.351414
2715,1000,0.10,900,2,17,1.0808,0.30,linear,15,371.00,0.259874
2716,1000,0.10,900,2,17,1.0156,0.30,linear,16,390.00,0.117523
2717,1000,0.10,900,2,17,1.0938,0.30,linear,17,338.00,0.070237
2718,1000,0.10,900,2,17,1.0445,0.30,linear,18,358.00,0.337088
2719,1000,0.10,900,2,17,1.0531,0.30,linear,19,359.00,0.408965
2720,1000,0.10,900,2,17,0.9967,0.30,linear,20,354.00,0.337857
2721,1000,0.10,900,2,17,1.0454,0.30,linear,21,348.00,0.308587
2722,1000,0.10,900,2,17,1.0471,0.30,linear,22,364.00,0.079197
2723,1000,0.10,900,2,17,1.0391,0.30,linear,23,388.00,0.052637
2724,1000,0.10,900,2,17,0.9982,0.30,linear,24,360.00,0.118457
2725,1000,0.10,900,2,17,1.0179,0.30,linear,25,345.00,0.096054
2726,1000,0.10,900,2,17,1.0297,0.30,linear,26,342.00,0.076992
2727,1000,0.10,900,2,17,1.0103,0.30,linear,27,366.00,0.217229
2728,1000,0.10,900,2,17,1.0794,0.30,linear,28,322.00,0.162429
2729,1000,0.10,900,2,17,1.0353,0.30,linear,29,348.00,0.126461
2730,1000,0.10,900,2,17,1.0583,0.30,linear,30,342.00,0.092516
2731,1000,0.10,900,2,17,1.0490,0.30,linear,31,363.00,0.137157
2732,1000,0.10,900,2,17,1.0598,0.30,linear,32,360.00,0.177324
2733,1000,0.10,900,2,17,1.0003,0.30,linear,33,340.00,0.153121
2734,1000,0.10,900,2,17,1.0408,0.30,linear,34,363.00,0.167922
2735,1000,0.10,900,2,17,1.0641,0.30,linear,35,353.00,0.101345
2736,1000,0.10,900,2,17,1.0415,0.30,linear,36,370.00,0.240055
2737,1000,0.10,900,2,17,1.0124,0.30,linear,37,352.00,0.077763
2738,1000,0.10,900,2,17,1.0752,0.30,linear,38,391.00,0.157723
2739,1000,0.10,900,2,17,1.0579,0.30,linear,39,374.00,0.106246
2740,1000,0.10,900,2,17,1.0550,0.30,linear,40,370.00,0.102654
2741,1000,0.10,900,2,17,1.0223,0.30,linear,41,343.00,0.029694
2742,1000,0.10,900,2,17,1.0762,0.30,linear,42,385.00,0.082673
2743,1000,0.10,900,2,17,1.0131,0.30,linear,43,348.00,0.076994
2744,1000,0.10,900,2,17,1.0371,0.30,linear,44,354.00,0.206181
2745,1000,0.10,900,2,17,1.0179,0.30,linear,45,366.00,0.185798
2746,1000,0.10,900,2,17,1.0501,0.30,linear,46,342.00,0.360952
2747,1000,0.10,900,2,17,1.0630,0.30,linear,47,338.00,0.223782
2748,1000,0.10,900,2,17,1.0368,0.30,linear,48,355.00,0.478732
2749,1000,0.10,900,2,17,1.0482,0.30,linear,49,395.00,0.029658
2750,1000,0.10,900,2,17,1.0567,0.30,linear,50,371.00,0.157433
2751,1000,0.10,900,2,17,1.0226,0.30,linear,51,346.00,0.104123
2752,1000,0.10,900,2,17,1.0078,0.30,linear,52,339.00,0.181696
2753,1000,0.10,900,2,17,1.0258,0.30,linear,53,352.00,0.209798
2754,1000,0.10,900,2,17,1.0310,0.30,linear,54,382.00,0.250774
2755,1000,0.10,900,2,17,1.0563,0.30,linear,55,390.00,0.289500
2756,1000,0.10,900,2,17,1.0420,0.30,linear,56,366.00,0.099144
2757,1000,0.10,900,2,17,1.0159,0.30,linear,57,323.00,0.154525
2758,1000,0.10,900,2,17,1.0492,0.30,linear,58,379.00,0.176736
2759,1000,0.10,900,2,17,1.0110,0.30,linear,59,360.00,0.129633
2760,1000,0.10,900,2,17,1.0620,0.30,linear,60,321.00,0.229958
2761,1000,0.10,900,2,17,1.0303,0.30,linear,61,364.00,0.549333
2762,1000,0.10,900,2,17,1.0283,0.30,linear,62,365.00,0.125409
2763,1000,0.10,900,2,17,1.0342,0.30,linear,63,374.00,0.045891
2764,1000,0.10,900,2,17,1.0566,0.30,linear,64,339.00,0.102623
2765,1000,0.10,900,2,17,1.0683,0.30,linear,65,395.00,0.851900
2766,1000,0.10,900,2,17,0.9954,0.30,linear,66,373.00,0.113871
2767,1000,0.10,900,2,17,1.0400,0.30,linear,67,351.00,0.092937
2768,1000,0.10,900,2,17,1.0272,0.30,linear,68,327.00,0.143738
2769,1000,0.10,900,2,17,1.0561,0.30,linear,69,373.00,0.236292
2770,1000,0.10,900,2,17,1.0671,0.30,linear,70,380.00,0.211155
2771,1000,0.10,900,2,17,1.0399,0.30,linear,71,373.00,0.333470
2772,1000,0.10,900,2,17,1.0478,0.30,linear,72,392.00,0.232427
2773,1000,0.10,900,2,17,1.0138,0.30,linear,73,343.00,0.278101
2774,1000,0.10,900,2,17,1.0477,0.30,linear,74,372.00,0.112621
2775,1000,0.10,900,2,17,1.0015,0.30,linear,75,377.00,0.099653
2776,1000,0.10,900,2,17,0.9705,0.30,linear,76,356.00,0.199800
2777,1000,0.10,900,2,17,1.0371,0.30,linear,77,390.00,0.127578
2778,1000,0.10,900,2,17,1.0254,0.30,linear,78,355.00,0.331265
2779,1000,0.10,900,2,17,0.9900,0.30,linear,79,358.00,0.437578
2780,1000,0.10,900,2,17,1.0546,0.30,linear,80,342.00,0.128418
2781,1000,0.10,900,2,17,1.0846,0.30,linear,81,350.00,0.196003
2782,1000,0.10,900,2,17,1.0637,0.30,linear,82,379.00,0.078427
2783,1000,0.10,900,2,17,1.0362,0.30,linear,83,385.00,0.084886
2784,1000,0.10,900,2,17,1.0195,0.30,linear,84,350.00,0.184910
2785,1000,0.10,900,2,17,1.0298,0.30,linear,85,351.00,0.093082
2786,1000,0.10,900,2,17,1.0470,0.30,linear,86,371.00,0.155815
2787,1000,0.10,900,2,17,1.0288,0.30,linear,87,348.00,0.298888
2788,1000,0.10,900,2,17,1.0613,0.30,linear,88,372.00,0.091490
2789,1000,0.10,900,2,17,1.0135,0.30,linear,89,367.00,0.187983
2790,1000,0.10,900,2,17,1.0725,0.30,linear,90,340.00,0.354163
2791,1000,0.10,900,2,17,1.0097,0.30,linear,91,364.00,0.560850
2792,1000,0.10,900,2,17,1.0339,0.30,linear,92,347.00,0.137847
2793,1000,0.10,900,2,17,1.0927,0.30,linear,93,333.00,0.092388
2794,1000,0.10,900,2,17,1.0808,0.30,linear,94,374.00,0.237856
2795,1000,0.10,900,2,17,1.0595,0.30,linear,95,341.00,0.175841
2796,1000,0.10,900,2,17,1.0250,0.30,linear,96,373.00,0.086984
2797,1000,0.10,900,2,17,1.0154,0.30,linear,97,361.00,0.084314
2798,1000,0.10,900,2,17,1.0078,0.30,linear,98,338.00,0.183616
2799,1000,0.10,900,2,17,0.9997,0.30,linear,99,355.00,0.155659
2800,1000,0.10,900,2,17,1.0416,0.35,linear,0,364.00,0.319764
2801,1000,0.10,900,2,17,1.0511,0.35,linear,1,371.00,0.249623
2802,1000,0.10,900,2,17,1.0327,0.35,linear,2,363.00,0.171998
2803,1000,0.10,900,2,17,1.0228,0.35,linear,3,357.00,0.279524
2804,1000,0.10,900,2,17,1.0817,0.35,linear,4,331.00,0.066940
2805,1000,0.10,900,2,17,1.0226,0.35,linear,5,367.00,0.170297
2806,1000,0.10,900,2,17,1.0058,0.35,linear,6,372.00,0.190199
2807,1000,0.10,900,2,17,1.0201,0.35,linear,7,345.00,0.301146
2808,1000,0.10,900,2,17,1.0602,0.35,linear,8,378.00,0.056003
2809,1000,0.10,900,2,17,1.0497,0.35,linear,9,334.00,0.154862
2810,1000,0.10,900,2,17,1.0365,0.35,linear,10,375.00,0.201651
2811,1000,0.10,900,2,17,1.0184,0.35,linear,11,320.00,0.070860
2812,1000,0.10,900,2,17,1.0466,0.35,linear,12,350.00,0.260289
2813,1000,0.10,900,2,17,0.9986,0.35,linear,13,371.00,0.231279
2814,1000,0.10,900,2,17,1.0268,0.35,linear,14,366.00,0.268902
2815,1000,0.10,900,2,17,1.0425,0.35,linear,15,366.00,0.195000
2816,1000,0.10,900,2,17,1.0625,0.35,linear,16,344.00,0.118982
2817,1000,0.10,900,2,17,1.0417,0.35,linear,17,362.00,0.081735
2818,1000,0.10,900,2,17,1.0652,0.35,linear,18,362.00,0.385622
2819,1000,0.10,900,2,17,1.0269,0.35,linear,19,354.00,0.195147
2820,1000,0.10,900,2,17,1.0558,0.35,linear,20,363.00,0.189972
2821,1000,0.10,900,2,17,1.0445,0.35,linear,21,389.00,0.090858
2822,1000,0.10,900,2,17,0.9883,0.35,linear,22,347.00,0.273060
2823,1000,0.10,900,2,17,1.0253,0.35,linear,23,340.00,0.210123
2824,1000,0.10,900,2,17,1.0787,0.35,linear,24,337.00,0.167093
2825,1000,0.10,900,2,17,1.0356,0.35,linear,25,380.00,0.334998
2826,1000,0.10,900,2,17,1.0482,0.35,linear,26,359.00,0.090380
2827,1000,0.10,900,2,17,1.0452,0.35,linear,27,370.00,0.415347
2828,1000,0.10,900,2,17,1.0319,0.35,linear,28,349.00,0.316343
2829,1000,0.10,900,2,17,1.0305,0.35,linear,29,360.00,0.265804
2830,1000,0.10,900,2,17,1.0055,0.35,linear,30,359.00,0.122981
2831,1000,0.10,900,2,17,1.0748,0.35,linear,31,364.00,0.209882
2832,1000,0.10,900,2,17,1.0375,0.35,linear,32,361.00,0.247382
2833,1000,0.10,900,2,17,1.0481,0.35,linear,33,384.00,0.029635
2834,1000,0.10,900,2,17,1.0690,0.35,linear,34,382.00,0.241588
2835,1000,0.10,900,2,17,1.0268,0.35,linear,35,338.00,0.135729
2836,1000,0.10,900,2,17,1.0247,0.35,linear,36,339.00,0.105086
2837,1000,0.10,900,2,17,1.0838,0.35,linear,37,366.00,0.287639
2838,1000,0.10,900,2,17,1.0350,0.35,linear,38,364.00,0.147298
2839,1000,0.10,900,2,17,1.0548,0.35,linear,39,344.00,0.306525
2840,1000,0.10,900,2,17,0.9962,0.35,linear,40,356.00,0.087340
2841,1000,0.10,900,2,17,1.0201,0.35,linear,41,342.00,0.235977
2842,1000,0.10,900,2,17,1.0005,0.35,linear,42,380.00,0.118888
2843,1000,0.10,900,2,17,1.0599,0.35,linear,43,377.00,0.124151
2844,1000,0.10,900,2,17,1.0262,0.35,linear,44,357.00,0.473036
2845,1000,0.10,900,2,17,1.0551,0.35,linear,45,341.00,0.204718
2846,1000,0.10,900,2,17,1.0209,0.35,linear,46,346.00,0.078851
2847,1000,0.10,900,2,17,1.0299,0.35,linear,47,386.00,0.128118
2848,1000,0.10,900,2,17,1.0358,0.35,linear,48,389.00,0.102091
2849,1000,0.10,900,2,17,1.0938,0.35,linear,49,383.00,0.169530
2850,1000,0.10,900,2,17,1.0594,0.35,linear,50,369.00,0.256748
2851,1000,0.10,900,2,17,1.0349,0.35,linear,51,367.00,0.043780
2852,1000,0.10,900,2,17,1.0709,0.35,linear,52,357.00,0.064044
2853,1000,0.10,900,2,17,1.0357,0.35,linear,53,380.00,0.098649
2854,1000,0.10,900,2,17,1.0410,0.35,linear,54,373.00,0.156858
2855,1000,0.10,900,2,17,1.0204,0.35,linear,55,344.00,0.203852
2856,1000,0.10,900,2,17,1.0846,0.35,linear,56,380.00,0.110022
2857,1000,0.10,900,2,17,0.9987,0.35,linear,57,353.00,0.351494
2858,1000,0.10,900,2,17,1.0276,0.35,linear,58,380.00,0.127825
2859,1000,0.10,900,2,17,1.0885,0.35,linear,59,376.00,0.108506
2860,1000,0.10,900,2,17,0.9959,0.35,linear,60,359.00,0.420799
2861,1000,0.10,900,2,17,1.0340,0.35,linear,61,333.00,0.242219
2862,1000,0.10,900,2,17,1.0467,0.35,linear,62,353.00,0.149390
2863,1000,0.10,900,2,17,1.0554,0.35,linear,63,351.00,0.133097
2864,1000,0.10,900,2,17,1.0495,0.35,linear,64,363.00,0.095253
2865,1000,0.10,900,2,17,1.0647,0.35,linear,65,340.00,0.157939
2866,1000,0.10,900,2,17,1.0149,0.35,linear,66,311.00,0.195598
2867,1000,0.10,900,2,17,1.0115,0.35,linear,67,356.00,0.097239
2868,1000,0.10,900,2,17,1.0297,0.35,linear,68,337.00,0.291314
2869,1000,0.10,900,2,17,1.0340,0.35,linear,69,351.00,0.267454
2870,1000,0.10,900,2,17,0.9976,0.35,linear,70,353.00,0.121480
2871,1000,0.10,900,2,17,1.0600,0.35,linear,71,374.00,0.276297
2872,1000,0.10,900,2,17,0.9965,0.35,linear,72,344.00,0.454678
2873,1000,0.10,900,2,17,1.0585,0.35,linear,73,351.00,0.239988
2874,1000,0.10,900,2,17,1.0413,0.35,linear,74,332.00,0.135301
2875,1000,0.10,900,2,17,1.0594,0.35,linear,75,340.00,0.137883
2876,1000,0.10,900,2,17,1.0282,0.35,linear,76,346.00,0.183825
2877,1000,0.10,900,2,17,1.0540,0.35,linear,77,333.00,0.192319
2878,1000,0.10,900,2,17,1.0229,0.35,linear,78,374.00,0.339009
2879,1000,0.10,900,2,17,1.0256,0.35,linear,79,341.00,0.147290
2880,1000,0.10,900,2,17,1.0720,0.35,linear,80,327.00,0.207397
2881,1000,0.10,900,2,17,1.0768,0.35,linear,81,361.00,0.235187
2882,1000,0.10,900,2,17,1.0228,0.35,linear,82,376.00,0.093637
2883,1000,0.10,900,2,17,1.0803,0.35,linear,83,364.00,0.201578
2884,1000,0.10,900,2,17,1.0399,0.35,linear,84,350.00,0.270665
2885,1000,0.10,900,2,17,1.0220,0.35,linear,85,358.00,0.259308
2886,1000,0.10,900,2,17,1.0309,0.35,linear,86,369.00,0.124157
2887,1000,0.10,900,2,17,1.0248,0.35,linear,87,326.00,0.101174
2888,1000,0.10,900,2,17,1.0650,0.35,linear,88,343.00,0.185281
2889,1000,0.10,900,2,17,1.0174,0.35,linear,89,338.00,0.245353
2890,1000,0.10,900,2,17,1.0698,0.35,linear,90,373.00,0.194337
2891,1000,0.10,900,2,17,1.0161,0.35,linear,91,358.00,0.327922
2892,1000,0.10,900,2,17,1.0541,0.35,linear,92,345.00,0.121852
2893,1000,0.10,900,2,17,1.0248,0.35,linear,93,343.00,0.096820
2894,1000,0.10,900,2,17,1.0818,0.35,linear,94,341.00,0.106741
2895,1000,0.10,900,2,17,1.0140,0.35,linear,95,374.00,0.211077
2896,1000,0.10,900,2,17,0.9834,0.35,linear,96,377.00,0.431228
2897,1000,0.10,900,2,17,1.0589,0.35,linear,97,351.00,0.099121
2898,1000,0.10,900,2,17,1.0228,0.35,linear,98,348.00,0.434943
2899,1000,0.10,900,2,17,1.0386,0.35,linear,99,380.00,0.209833
2900,1000,0.10,900,2,17,1.0044,0.40,linear,0,338.00,0.137917
2901,1000,0.10,900,2,17,1.0796,0.40,linear,1,342.00,0.159355
2902,1000,0.10,900,2,17,1.0390,0.40,linear,2,331.00,0.097552
2903,1000,0.10,900,2,17,1.0069,0.40,linear,3,342.00,0.209227
2904,1000,0.10,900,2,17,1.0318,0.40,linear,4,358.00,0.103144
2905,1000,0.10,900,2,17,1.0375,0.40,linear,5,353.00,0.182315
2906,1000,0.10,900,2,17,1.0427,0.40,linear,6,346.00,0.436274
2907,1000,0.10,900,2,17,1.0295,0.40,linear,7,359.00,0.381108
2908,1000,0.10,900,2,17,1.0361,0.40,linear,8,402.00,0.176608
2909,1000,0.10,900,2,17,1.0444,0.40,linear,9,365.00,0.259155
2910,1000,0.10,900,2,17,1.0433,0.40,linear,10,338.00,0.207681
2911,1000,0.10,900,2,17,1.0416,0.40,linear,11,361.00,0.328184
2912,1000,0.10,900,2,17,1.0478,0.40,linear,12,384.00,0.285807
2913,1000,0.10,900,2,17,1.0346,0.40,linear,13,365.00,0.165090
2914,1000,0.10,900,2,17,1.0569,0.40,linear,14,324.00,0.256390
2915,1000,0.10,900,2,17,1.0082,0.40,linear,15,361.00,0.205558
2916,1000,0.10,900,2,17,1.0416,0.40,linear,16,374.00,0.200434
2917,1000,0.10,900,2,17,1.0399,0.40,linear,17,370.00,0.141537
2918,1000,0.10,900,2,17,1.0566,0.40,linear,18,339.00,0.176233
2919,1000,0.10,900,2,17,1.0651,0.40,linear,19,343.00,0.328342
2920,1000,0.10,900,2,17,1.0136,0.40,linear,20,393.00,0.407295
2921,1000,0.10,900,2,17,1.0734,0.40,linear,21,335.00,0.226386
2922,1000,0.10,900,2,17,1.0585,0.40,linear,22,356.00,0.130834
2923,1000,0.10,900,2,17,1.0377,0.40,linear,23,379.00,0.119983
2924,1000,0.10,900,2,17,1.0552,0.40,linear,24,362.00,0.333412
2925,1000,0.10,900,2,17,1.0499,0.40,linear,25,364.00,0.585213
2926,1000,0.10,900,2,17,1.0289,0.40,linear,26,384.00,0.169077
2927,1000,0.10,900,2,17,1.0642,0.40,linear,27,355.00,0.243092
2928,1000,0.10,900,2,17,1.0857,0.40,linear,28,359.00,0.267651
2929,1000,0.10,900,2,17,1.0466,0.40,linear,29,366.00,0.168508
2930,1000,0.10,900,2,17,1.0250,0.40,linear,30,383.00,0.100099
2931,1000,0.10,900,2,17,1.0260,0.40,linear,31,337.00,0.247574
2932,1000,0.10,900,2,17,1.0534,0.40,linear,32,361.00,0.336818
2933,1000,0.10,900,2,17,1.0550,0.40,linear,33,384.00,0.643125
2934,1000,0.10,900,2,17,1.0160,0.40,linear,34,380.00,0.143646
2935,1000,0.10,900,2,17,1.0674,0.40,linear,35,367.00,0.126349
2936,1000,0.10,900,2,17,1.0391,0.40,linear,36,357.00,0.215709
2937,1000,0.10,900,2,17,1.0382,0.40,linear,37,336.00,0.272481
2938,1000,0.10,900,2,17,1.0169,0.40,linear,38,371.00,0.240543
2939,1000,0.10,900,2,17,0.9835,0.40,linear,39,372.00,0.332305
2940,1000,0.10,900,2,17,1.0291,0.40,linear,40,325.00,0.249986
2941,1000,0.10,900,2,17,1.0004,0.40,linear,41,386.00,0.270916
2942,1000,0.10,900,2,17,1.0293,0.40,linear,42,377.00,0.101224
2943,1000,0.10,900,2,17,1.0505,0.40,linear,43,373.00,0.361175
2944,1000,0.10,900,2,17,1.0277,0.40,linear,44,353.00,0.275529
2945,1000,0.10,900,2,17,1.0075,0.40,linear,45,337.00,0.306705
2946,1000,0.10,900,2,17,1.0133,0.40,linear,46,338.00,0.398805
2947,1000,0.10,900,2,17,0.9920,0.40,linear,47,359.00,0.222815
2948,1000,0.10,900,2,17,1.0277,0.40,linear,48,357.00,0.330573
2949,1000,0.10,900,2,17,1.0474,0.40,linear,49,355.00,0.279719
2950,1000,0.10,900,2,17,1.0315,0.40,linear,50,367.00,0.518062
2951,1000,0.10,900,2,17,1.0342,0.40,linear,51,399.00,0.207127
2952,1000,0.10,900,2,17,1.0786,0.40,linear,52,372.00,0.122204
2953,1000,0.10,900,2,17,0.9939,0.40,linear,53,347.00,0.349834
2954,1000,0.10,900,2,17,1.0277,0.40,linear,54,360.00,0.433160
2955,1000,0.10,900,2,17,1.0039,0.40,linear,55,352.00,0.196548
2956,1000,0.10,900,2,17,1.0477,0.40,linear,56,355.00,0.119344
2957,1000,0.10,900,2,17,1.0582,0.40,linear,57,366.00,0.600118
2958,1000,0.10,900,2,17,1.0537,0.40,linear,58,360.00,0.184813
2959,1000,0.10,900,2,17,1.0577,0.40,linear,59,360.00,0.084021
2960,1000,0.10,900,2,17,1.0246,0.40,linear,60,382.00,0.387782
2961,1000,0.10,900,2,17,1.0206,0.40,linear,61,372.00,0.195960
2962,1000,0.10,900,2,17,1.0493,0.40,linear,62,345.00,0.253515
2963,1000,0.10,900,2,17,1.0388,0.40,linear,63,359.00,0.269381
2964,1000,0.10,900,2,17,1.0247,0.40,linear,64,366.00,0.441774
2965,1000,0.10,900,2,17,1.0594,0.40,linear,65,345.00,0.071834
2966,1000,0.10,900,2,17,1.0368,0.40,linear,66,348.00,0.226494
2967,1000,0.10,900,2,17,1.0847,0.40,linear,67,327.00,0.357038
2968,1000,0.10,900,2,17,1.0237,0.40,linear,68,348.00,0.441771
2969,1000,0.10,900,2,17,1.0582,0.40,linear,69,359.00,0.405212
2970,1000,0.10,900,2,17,1.0546,0.40,linear,70,365.00,0.133943
2971,1000,0.10,900,2,17,1.0204,0.40,linear,71,344.00,0.335072
2972,1000,0.10,900,2,17,1.0723,0.40,linear,72,341.00,0.375195
2973,1000,0.10,900,2,17,1.0155,0.40,linear,73,337.00,0.326987
2974,1000,0.10,900,2,17,1.0373,0.40,linear,74,344.00,0.304541
2975,1000,0.10,900,2,17,1.0578,0.40,linear,75,376.00,0.063186
2976,1000,0.10,900,2,17,1.0424,0.40,linear,76,394.00,0.172037
2977,1000,0.10,900,2,17,1.0342,0.40,linear,77,336.00,0.317154
2978,1000,0.10,900,2,17,1.0967,0.40,linear,78,362.00,0.103765
2979,1000,0.10,900,2,17,1.0677,0.40,linear,79,366.00,0.176184
2980,1000,0.10,900,2,17,1.0108,0.40,linear,80,363.00,0.309734
2981,1000,0.10,900,2,17,1.0232,0.40,linear,81,353.00,0.112631
2982,1000,0.10,900,2,17,1.0482,0.40,linear,82,374.00,0.140188
2983,1000,0.10,900,2,17,1.0023,0.40,linear,83,357.00,0.262930
2984,1000,0.10,900,2,17,1.0228,0.40,linear,84,358.00,0.415751
2985,1000,0.10,900,2,17,1.0549,0.40,linear,85,354.00,0.302603
2986,1000,0.10,900,2,17,1.0728,0.40,linear,86,358.00,0.067090
2987,1000,0.10,900,2,17,1.0296,0.40,linear,87,336.00,0.239496
2988,1000,0.10,900,2,17,1.0515,0.40,linear,88,352.00,0.285463
2989,1000,0.10,900,2,17,1.0665,0.40,linear,89,335.00,0.106983
2990,1000,0.10,900,2,17,1.0692,0.40,linear,90,345.00,0.140145
2991,1000,0.10,900,2,17,1.0356,0.40,linear,91,366.00,0.138703
2992,1000,0.10,900,2,17,1.0153,0.40,linear,92,334.00,0.368708
2993,1000,0.10,900,2,17,1.0841,0.40,linear,93,351.00,0.196023
2994,1000,0.10,900,2,17,1.0059,0.40,linear,94,354.00,0.297107
2995,1000,0.10,900,2,17,1.0776,0.40,linear,95,388.00,0.151033
2996,1000,0.10,900,2,17,1.0452,0.40,linear,96,390.00,0.087961
2997,1000,0.10,900,2,17,1.0266,0.40,linear,97,373.00,0.243692
2998,1000,0.10,900,2,17,1.0587,0.40,linear,98,350.00,0.271346
2999,1000,0.10,900,2,17,1.0509,0.40,linear,99,365.00,0.340865
3000,1000,0.10,900,2,17,1.0481,0.45,linear,0,394.00,0.297109
3001,1000,0.10,900,2,17,1.0881,0.45,linear,1,355.00,0.324857
3002,1000,0.10,900,2,17,1.0224,0.45,linear,2,366.00,0.271734
3003,1000,0.10,900,2,17,1.0790,0.45,linear,3,376.00,0.210906
3004,1000,0.10,900,2,17,1.0216,0.45,linear,4,362.00,0.163538
3005,1000,0.10,900,2,17,1.0283,0.45,linear,5,352.00,0.219524
3006,1000,0.10,900,2,17,1.0949,0.45,linear,6,349.00,0.208077
3007,1000,0.10,900,2,17,1.0034,0.45,linear,7,355.00,0.154768
3008,1000,0.10,900,2,17,1.0132,0.45,linear,8,342.00,0.201489
3009,1000,0.10,900,2,17,1.0346,0.45,linear,9,349.00,0.150236
3010,1000,0.10,900,2,17,1.0221,0.45,linear,10,320.00,0.428085
3011,1000,0.10,900,2,17,1.0451,0.45,linear,11,379.00,0.440105
3012,1000,0.10,900,2,17,1.0403,0.45,linear,12,366.00,0.257725
3013,1000,0.10,900,2,17,1.0601,0.45,linear,13,347.00,0.138680
3014,1000,0.10,900,2,17,1.0171,0.45,linear,14,333.00,0.156500
3015,1000,0.10,900,2,17,1.0662,0.45,linear,15,367.00,0.252295
3016,1000,0.10,900,2,17,1.0615,0.45,linear,16,339.00,0.148404
3017,1000,0.10,900,2,17,1.0237,0.45,linear,17,359.00,0.426906
3018,1000,0.10,900,2,17,1.0171,0.45,linear,18,344.00,0.355566
3019,1000,0.10,900,2,17,1.0475,0.45,linear,19,351.00,0.173171
3020,1000,0.10,900,2,17,1.0109,0.45,linear,20,351.00,0.121875
3021,1000,0.10,900,2,17,1.0985,0.45,linear,21,360.00,0.141777
3022,1000,0.10,900,2,17,1.0470,0.45,linear,22,362.00,0.017436
3023,1000,0.10,900,2,17,1.0514,0.45,linear,23,381.00,0.216526
3024,1000,0.10,900,2,17,1.0262,0.45,linear,24,363.00,0.220494
3025,1000,0.10,900,2,17,1.0541,0.45,linear,25,336.00,0.548481
3026,1000,0.10,900,2,17,1.0583,0.45,linear,26,371.00,0.158433
3027,1000,0.10,900,2,17,1.0573,0.45,linear,27,383.00,0.344893
3028,1000,0.10,900,2,17,1.0269,0.45,linear,28,337.00,0.413001
3029,1000,0.10,900,2,17,1.0036,0.45,linear,29,365.00,0.057039
3030,1000,0.10,900,2,17,1.0289,0.45,linear,30,381.00,0.337985
3031,1000,0.10,900,2,17,1.0741,0.45,linear,31,355.00,0.163790
3032,1000,0.10,900,2,17,1.0483,0.45,linear,32,332.00,0.107339
3033,1000,0.10,900,2,17,1.0497,0.45,linear,33,320.00,0.143377
3034,1000,0.10,900,2,17,1.0477,0.45,linear,34,373.00,0.401453
3035,1000,0.10,900,2,17,1.0202,0.45,linear,35,373.00,0.334194
3036,1000,0.10,900,2,17,1.0813,0.45,linear,36,366.00,0.203927
3037,1000,0.10,900,2,17,1.0316,0.45,linear,37,332.00,0.137694
3038,1000,0.10,900,2,17,0.9592,0.45,linear,38,369.00,0.202995
3039,1000,0.10,900,2,17,1.0315,0.45,linear,39,403.00,0.028023
3040,1000,0.10,900,2,17,1.0379,0.45,linear,40,362.00,0.383146
3041,1000,0.10,900,2,17,1.0418,0.45,linear,41,330.00,0.402964
3042,1000,0.10,900,2,17,1.0218,0.45,linear,42,365.00,0.304911
3043,1000,0.10,900,2,17,1.0189,0.45,linear,43,334.00,0.198693
3044,1000,0.10,900,2,17,1.0445,0.45,linear,44,381.00,0.116388
3045,1000,0.10,900,2,17,1.0177,0.45,linear,45,381.00,0.155938
3046,1000,0.10,900,2,17,1.0239,0.45,linear,46,359.00,0.092140
3047,1000,0.10,900,2,17,1.0235,0.45,linear,47,359.00,0.340042
3048,1000,0.10,900,2,17,1.0556,0.45,linear,48,350.00,0.171987
3049,1000,0.10,900,2,17,1.0200,0.45,linear,49,369.00,0.213201
3050,1000,0.10,900,2,17,1.0529,0.45,linear,50,347.00,0.162960
3051,1000,0.10,900,2,17,1.0306,0.45,linear,51,364.00,0.411288
3052,1000,0.10,900,2,17,1.0254,0.45,linear,52,383.00,0.233488
3053,1000,0.10,900,2,17,1.0573,0.45,linear,53,356.00,0.235438
3054,1000,0.10,900,2,17,1.0619,0.45,linear,54,377.00,0.122033
3055,1000,0.10,900,2,17,1.0385,0.45,linear,55,378.00,0.173077
3056,1000,0.10,900,2,17,1.1221,0.45,linear,56,364.00,0.166535
3057,1000,0.10,900,2,17,1.0718,0.45,linear,57,368.00,0.189616
3058,1000,0.10,900,2,17,0.9967,0.45,linear,58,354.00,0.232437
3059,1000,0.10,900,2,17,1.0112,0.45,linear,59,347.00,0.167421
3060,1000,0.10,900,2,17,0.9895,0.45,linear,60,358.00,0.105937
3061,1000,0.10,900,2,17,1.0558,0.45,linear,61,362.00,0.347311
3062,1000,0.10,900,2,17,1.0522,0.45,linear,62,374.00,0.336915
3063,1000,0.10,900,2,17,1.0623,0.45,linear,63,344.00,0.097991
3064,1000,0.10,900,2,17,1.0739,0.45,linear,64,336.00,0.336905
3065,1000,0.10,900,2,17,1.0511,0.45,linear,65,360.00,0.126482
3066,1000,0.10,900,2,17,1.0643,0.45,linear,66,338.00,0.198316
3067,1000,0.10,900,2,17,1.0455,0.45,linear,67,366.00,0.280149
3068,1000,0.10,900,2,17,1.0646,0.45,linear,68,358.00,0.369860
3069,1000,0.10,900,2,17,1.0484,0.45,linear,69,353.00,0.104448
3070,1000,0.10,900,2,17,1.0540,0.45,linear,70,361.00,0.168674
3071,1000,0.10,900,2,17,0.9898,0.45,linear,71,361.00,0.311815
3072,1000,0.10,900,2,17,1.0588,0.45,linear,72,337.00,0.158483
3073,1000,0.10,900,2,17,1.0305,0.45,linear,73,383.00,0.281709
3074,1000,0.10,900,2,17,1.0294,0.45,linear,74,332.00,0.289335
3075,1000,0.10,900,2,17,1.0805,0.45,linear,75,367.00,0.234057
3076,1000,0.10,900,2,17,1.0926,0.45,linear,76,352.00,0.123796
3077,1000,0.10,900,2,17,1.0204,0.45,linear,77,374.00,0.372981
3078,1000,0.10,900,2,17,1.0304,0.45,linear,78,370.00,0.368635
3079,1000,0.10,900,2,17,1.0778,0.45,linear,79,335.00,0.221845
3080,1000,0.10,900,2,17,1.0599,0.45,linear,80,357.00,0.256171
3081,1000,0.10,900,2,17,1.0238,0.45,linear,81,359.00,0.187145
3082,1000,0.10,900,2,17,1.0519,0.45,linear,82,350.00,0.096247
3083,1000,0.10,900,2,17,1.0184,0.45,linear,83,313.00,0.221159
3084,1000,0.10,900,2,17,1.0791,0.45,linear,84,371.00,0.334597
3085,1000,0.10,900,2,17,1.0241,0.45,linear,85,370.00,0.174098
3086,1000,0.10,900,2,17,1.0107,0.45,linear,86,351.00,0.264443
3087,1000,0.10,900,2,17,1.0543,0.45,linear,87,359.00,0.480696
3088,1000,0.10,900,2,17,1.0832,0.45,linear,88,351.00,0.218036
3089,1000,0.10,900,2,17,1.0332,0.45,linear,89,366.00,0.084440
3090,1000,0.10,900,2,17,1.0465,0.45,linear,90,335.00,0.344006
3091,1000,0.10,900,2,17,1.0347,0.45,linear,91,390.00,0.369053
3092,1000,0.10,900,2,17,1.0550,0.45,linear,92,342.00,0.582719
3093,1000,0.10,900,2,17,1.0182,0.45,linear,93,344.00,0.206856
3094,1000,0.10,900,2,17,1.0344,0.45,linear,94,343.00,0.396329
3095,1000,0.10,900,2,17,1.0547,0.45,linear,95,330.00,0.140619
3096,1000,0.10,900,2,17,1.0234,0.45,linear,96,340.00,0.118256
3097,1000,0.10,900,2,17,1.0230,0.45,linear,97,366.00,0.577452
3098,1000,0.10,900,2,17,1.0489,0.45,linear,98,355.00,0.080323
3099,1000,0.10,900,2,17,1.0518,0.45,linear,99,350.00,0.283038
3100,1000,0.10,900,2,17,0.9987,0.50,linear,0,362.00,0.272865
3101,1000,0.10,900,2,17,1.0259,0.50,linear,1,332.00,0.265089
3102,1000,0.10,900,2,17,0.9701,0.50,linear,2,366.00,0.273880
3103,1000,0.10,900,2,17,1.0488,0.50,linear,3,347.00,0.347425
3104,1000,0.10,900,2,17,1.0305,0.50,linear,4,369.00,0.353298
3105,1000,0.10,900,2,17,1.0414,0.50,linear,5,344.00,0.304835
3106,1000,0.10,900,2,17,1.0437,0.50,linear,6,331.00,0.172653
3107,1000,0.10,900,2,17,1.0566,0.50,linear,7,336.00,0.220049
3108,1000,0.10,900,2,17,1.0376,0.50,linear,8,368.00,0.426409
3109,1000,0.10,900,2,17,1.0473,0.50,linear,9,342.00,0.272725
3110,1000,0.10,900,2,17,1.0355,0.50,linear,10,369.00,0.329483
3111,1000,0.10,900,2,17,1.0596,0.50,linear,11,363.00,0.341661
3112,1000,0.10,900,2,17,1.0339,0.50,linear,12,341.00,0.333628
3113,1000,0.10,900,2,17,1.0609,0.50,linear,13,362.00,0.360909
3114,1000,0.10,900,2,17,1.0177,0.50,linear,14,339.00,0.151777
3115,1000,0.10,900,2,17,0.9886,0.50,linear,15,358.00,0.246093
3116,1000,0.10,900,2,17,1.0681,0.50,linear,16,367.00,0.503060
3117,1000,0.10,900,2,17,1.0018,0.50,linear,17,365.00,0.304613
3118,1000,0.10,900,2,17,1.0015,0.50,linear,18,361.00,0.193862
3119,1000,0.10,900,2,17,0.9823,0.50,linear,19,376.00,0.277075
3120,1000,0.10,900,2,17,1.0951,0.50,linear,20,346.00,0.405420
3121,1000,0.10,900,2,17,1.0553,0.50,linear,21,333.00,0.170217
3122,1000,0.10,900,2,17,1.0361,0.50,linear,22,352.00,0.307374
3123,1000,0.10,900,2,17,1.0841,0.50,linear,23,354.00,0.378897
3124,1000,0.10,900,2,17,1.0135,0.50,linear,24,334.00,0.248176
3125,1000,0.10,900,2,17,1.0403,0.50,linear,25,343.00,0.311746
3126,1000,0.10,900,2,17,1.0707,0.50,linear,26,356.00,0.316330
3127,1000,0.10,900,2,17,0.9924,0.50,linear,27,362.00,0.269934
3128,1000,0.10,900,2,17,1.0238,0.50,linear,28,350.00,0.229132
3129,1000,0.10,900,2,17,1.0360,0.50,linear,29,370.00,0.143244
3130,1000,0.10,900,2,17,1.0581,0.50,linear,30,326.00,0.256471
3131,1000,0.10,900,2,17,1.0457,0.50,linear,31,346.00,0.335687
3132,1000,0.10,900,2,17,1.0041,0.50,linear,32,333.00,0.347437
3133,1000,0.10,900,2,17,1.0339,0.50,linear,33,338.00,0.179989
3134,1000,0.10,900,2,17,0.9955,0.50,linear,34,356.00,0.224706
3135,1000,0.10,900,2,17,0.9975,0.50,linear,35,342.00,0.247254
3136,1000,0.10,900,2,17,1.0403,0.50,linear,36,353.00,0.154194
3137,1000,0.10,900,2,17,0.9975,0.50,linear,37,365.00,0.215332
3138,1000,0.10,900,2,17,1.0552,0.50,linear,38,338.00,0.453045
3139,1000,0.10,900,2,17,1.0463,0.50,linear,39,377.00,0.123256
3140,1000,0.10,900,2,17,1.0424,0.50,linear,40,368.00,0.189673
3141,1000,0.10,900,2,17,1.0313,0.50,linear,41,342.00,0.300240
3142,1000,0.10,900,2,17,1.0127,0.50,linear,42,348.00,0.180766
3143,1000,0.10,900,2,17,1.0259,0.50,linear,43,358.00,0.331809
3144,1000,0.10,900,2,17,1.0421,0.50,linear,44,352.00,0.263176
3145,1000,0.10,900,2,17,1.0289,0.50,linear,45,353.00,0.188370
3146,1000,0.10,900,2,17,1.0590,0.50,linear,46,363.00,0.185111
3147,1000,0.10,900,2,17,1.0042,0.50,linear,47,357.00,0.252634
3148,1000,0.10,900,2,17,1.0745,0.50,linear,48,343.00,0.155589
3149,1000,0.10,900,2,17,1.0568,0.50,linear,49,325.00,0.323709
3150,1000,0.10,900,2,17,1.0335,0.50,linear,50,349.00,0.200384
3151,1000,0.10,900,2,17,1.0877,0.50,linear,51,353.00,0.229807
3152,1000,0.10,900,2,17,1.0515,0.50,linear,52,336.00,0.162956
3153,1000,0.10,900,2,17,1.0116,0.50,linear,53,353.00,0.472808
3154,1000,0.10,900,2,17,1.0401,0.50,linear,54,325.00,0.184987
3155,1000,0.10,900,2,17,1.0522,0.50,linear,55,336.00,0.128458
3156,1000,0.10,900,2,17,1.0415,0.50,linear,56,352.00,0.200203
3157,1000,0.10,900,2,17,1.0636,0.50,linear,57,377.00,0.468229
3158,1000,0.10,900,2,17,1.0157,0.50,linear,58,388.00,0.278594
3159,1000,0.10,900,2,17,1.0791,0.50,linear,59,361.00,0.098872
3160,1000,0.10,900,2,17,1.0672,0.50,linear,60,384.00,0.387348
3161,1000,0.10,900,2,17,1.0958,0.50,linear,61,376.00,0.340115
3162,1000,0.10,900,2,17,1.0534,0.50,linear,62,375.00,0.263624
3163,1000,0.10,900,2,17,1.0983,0.50,linear,63,362.00,0.241371
3164,1000,0.10,900,2,17,1.0956,0.50,linear,64,360.00,0.160744
3165,1000,0.10,900,2,17,1.0238,0.50,linear,65,366.00,0.132894
3166,1000,0.10,900,2,17,1.0277,0.50,linear,66,358.00,0.244773
3167,1000,0.10,900,2,17,1.0474,0.50,linear,67,357.00,0.229807
3168,1000,0.10,900,2,17,1.1011,0.50,linear,68,359.00,0.510003
3169,1000,0.10,900,2,17,1.0470,0.50,linear,69,373.00,0.075497
3170,1000,0.10,900,2,17,1.0175,0.50,linear,70,349.00,0.244118
3171,1000,0.10,900,2,17,1.0303,0.50,linear,71,377.00,0.179595
3172,1000,0.10,900,2,17,1.0587,0.50,linear,72,394.00,0.243731
3173,1000,0.10,900,2,17,1.1066,0.50,linear,73,345.00,0.130306
3174,1000,0.10,900,2,17,0.9981,0.50,linear,74,348.00,0.452329
3175,1000,0.10,900,2,17,1.0358,0.50,linear,75,364.00,0.315479
3176,1000,0.10,900,2,17,1.0605,0.50,linear,76,350.00,0.189580
3177,1000,0.10,900,2,17,1.0398,0.50,linear,77,350.00,0.277780
3178,1000,0.10,900,2,17,1.0301,0.50,linear,78,339.00,0.169783
3179,1000,0.10,900,2,17,1.0638,0.50,linear,79,364.00,0.192830
3180,1000,0.10,900,2,17,1.0105,0.50,linear,80,371.00,0.120565
3181,1000,0.10,900,2,17,1.0805,0.50,linear,81,359.00,0.289237
3182,1000,0.10,900,2,17,1.0469,0.50,linear,82,350.00,0.095418
3183,1000,0.10,900,2,17,1.0627,0.50,linear,83,307.00,0.200994
3184,1000,0.10,900,2,17,1.0121,0.50,linear,84,357.00,0.409397
3185,1000,0.10,900,2,17,0.9964,0.50,linear,85,386.00,0.460898
3186,1000,0.10,900,2,17,1.0615,0.50,linear,86,359.00,0.324950
3187,1000,0.10,900,2,17,1.0593,0.50,linear,87,362.00,0.331948
3188,1000,0.10,900,2,17,1.0201,0.50,linear,88,359.00,0.212703
3189,1000,0.10,900,2,17,1.0387,0.50,linear,89,356.00,0.324999
3190,1000,0.10,900,2,17,1.0084,0.50,linear,90,364.00,0.417746
3191,1000,0.10,900,2,17,1.0505,0.50,linear,91,356.00,0.232821
3192,1000,0.10,900,2,17,1.0162,0.50,linear,92,384.00,0.425119
3193,1000,0.10,900,2,17,1.0668,0.50,linear,93,386.00,0.060816
3194,1000,0.10,900,2,17,1.0250,0.50,linear,94,348.00,0.123848
3195,1000,0.10,900,2,17,0.9732,0.50,linear,95,366.00,0.107926
3196,1000,0.10,900,2,17,1.0375,0.50,linear,96,349.00,0.366803
3197,1000,0.10,900,2,17,1.0040,0.50,linear,97,388.00,0.409018
3198,1000,0.10,900,2,17,1.0413,0.50,linear,98,349.00,0.247197
3199,1000,0.10,900,2,17,1.0294,0.50,linear,99,348.00,0.278261
3200,1000,0.10,900,2,17,1.0628,0.55,linear,0,375.00,0.052240
3201,1000,0.10,900,2,17,1.0289,0.55,linear,1,364.00,0.257898
3202,1000,0.10,900,2,17,1.0378,0.55,linear,2,359.00,0.164479
3203,1000,0.10,900,2,17,1.0392,0.55,linear,3,353.00,0.281931
3204,1000,0.10,900,2,17,1.0528,0.55,linear,4,355.00,0.132927
3205,1000,0.10,900,2,17,1.0827,0.55,linear,5,364.00,0.429095
3206,1000,0.10,900,2,17,1.0183,0.55,linear,6,338.00,0.301194
3207,1000,0.10,900,2,17,1.0453,0.55,linear,7,371.00,0.212385
3208,1000,0.10,900,2,17,1.0482,0.55,linear,8,373.00,0.257794
3209,1000,0.10,900,2,17,1.0452,0.55,linear,9,337.00,0.402606
3210,1000,0.10,900,2,17,1.0425,0.55,linear,10,372.00,0.228995
3211,1000,0.10,900,2,17,1.0129,0.55,linear,11,400.00,0.407586
3212,1000,0.10,900,2,17,1.0275,0.55,linear,12,349.00,0.276880
3213,1000,0.10,900,2,17,1.0949,0.55,linear,13,376.00,0.322139
3214,1000,0.10,900,2,17,1.0516,0.55,linear,14,376.00,0.291756
3215,1000,0.10,900,2,17,1.0509,0.55,linear,15,385.00,0.271615
3216,1000,0.10,900,2,17,0.9983,0.55,linear,16,350.00,0.317944
3217,1000,0.10,900,2,17,1.0050,0.55,linear,17,357.00,0.303321
3218,1000,0.10,900,2,17,1.0091,0.55,linear,18,350.00,0.198512
3219,1000,0.10,900,2,17,0.9853,0.55,linear,19,368.00,0.530801
3220,1000,0.10,900,2,17,1.0272,0.55,linear,20,358.00,0.236861
3221,1000,0.10,900,2,17,1.0583,0.55,linear,21,371.00,0.416848
3222,1000,0.10,900,2,17,1.0368,0.55,linear,22,377.00,0.424371
3223,1000,0.10,900,2,17,1.0367,0.55,linear,23,352.00,0.376361
3224,1000,0.10,900,2,17,1.0309,0.55,linear,24,353.00,0.378094
3225,1000,0.10,900,2,17,1.0618,0.55,linear,25,344.00,0.199548
3226,1000,0.10,900,2,17,1.0164,0.55,linear,26,376.00,0.212319
3227,1000,0.10,900,2,17,1.0536,0.55,linear,27,359.00,0.378825
3228,1000,0.10,900,2,17,1.0825,0.55,linear,28,368.00,0.239530
3229,1000,0.10,900,2,17,1.0377,0.55,linear,29,362.00,0.168912
3230,1000,0.10,900,2,17,0.9896,0.55,linear,30,364.00,0.238512
3231,1000,0.10,900,2,17,1.0204,0.55,linear,31,368.00,0.531620
3232,1000,0.10,900,2,17,1.0688,0.55,linear,32,346.00,0.595265
3233,1000,0.10,900,2,17,1.0679,0.55,linear,33,361.00,0.466409
3234,1000,0.10,900,2,17,1.0865,0.55,linear,34,350.00,0.133518
3235,1000,0.10,900,2,17,1.0387,0.55,linear,35,380.00,0.133099
3236,1000,0.10,900,2,17,1.0546,0.55,linear,36,399.00,0.136903
3237,1000,0.10,900,2,17,1.0157,0.55,linear,37,405.00,0.269710
3238,1000,0.10,900,2,17,1.0626,0.55,linear,38,368.00,0.454810
3239,1000,0.10,900,2,17,1.0433,0.55,linear,39,368.00,0.300223
3240,1000,0.10,900,2,17,1.0865,0.55,linear,40,359.00,0.156729
3241,1000,0.10,900,2,17,1.0405,0.55,linear,41,344.00,0.251484
3242,1000,0.10,900,2,17,1.0530,0.55,linear,42,345.00,0.222962
3243,1000,0.10,900,2,17,1.0613,0.55,linear,43,358.00,0.348791
3244,1000,0.10,900,2,17,1.0959,0.55,linear,44,338.00,0.296315
3245,1000,0.10,900,2,17,1.0485,0.55,linear,45,354.00,0.486296
3246,1000,0.10,900,2,17,0.9978,0.55,linear,46,343.00,0.231196
3247,1000,0.10,900,2,17,1.0564,0.55,linear,47,379.00,0.202957
3248,1000,0.10,900,2,17,1.0701,0.55,linear,48,367.00,0.321529
3249,1000,0.10,900,2,17,1.0429,0.55,linear,49,338.00,0.291806
3250,1000,0.10,900,2,17,1.0450,0.55,linear,50,334.00,0.244693
3251,1000,0.10,900,2,17,1.0723,0.55,linear,51,386.00,0.193988
3252,1000,0.10,900,2,17,1.0567,0.55,linear,52,361.00,0.479560
3253,1000,0.10,900,2,17,1.0790,0.55,linear,53,358.00,0.236589
3254,1000,0.10,900,2,17,1.0855,0.55,linear,54,351.00,0.472057
3255,1000,0.10,900,2,17,0.9659,0.55,linear,55,347.00,0.269850
3256,1000,0.10,900,2,17,1.0244,0.55,linear,56,376.00,0.195571
3257,1000,0.10,900,2,17,1.0233,0.55,linear,57,357.00,0.388462
3258,1000,0.10,900,2,17,1.0631,0.55,linear,58,358.00,0.380323
3259,1000,0.10,900,2,17,1.0468,0.55,linear,59,366.00,0.384013
3260,1000,0.10,900,2,17,1.0386,0.55,linear,60,374.00,0.393862
3261,1000,0.10,900,2,17,1.0267,0.55,linear,61,368.00,0.230787
3262,1000,0.10,900,2,17,1.0262,0.55,linear,62,356.00,0.190347
3263,1000,0.10,900,2,17,1.0034,0.55,linear,63,365.00,0.568521
3264,1000,0.10,900,2,17,1.0537,0.55,linear,64,382.00,0.354614
3265,1000,0.10,900,2,17,1.0517,0.55,linear,65,356.00,0.306597
3266,1000,0.10,900,2,17,1.0491,0.55,linear,66,362.00,0.270362
3267,1000,0.10,900,2,17,1.0275,0.55,linear,67,368.00,0.222746
3268,1000,0.10,900,2,17,1.0414,0.55,linear,68,362.00,0.217173
3269,1000,0.10,900,2,17,1.0266,0.55,linear,69,356.00,0.368596
3270,1000,0.10,900,2,17,1.0689,0.55,linear,70,346.00,0.203151
3271,1000,0.10,900,2,17,1.0027,0.55,linear,71,344.00,0.220019
3272,1000,0.10,900,2,17,1.0373,0.55,linear,72,345.00,0.301068
3273,1000,0.10,900,2,17,1.0357,0.55,linear,73,378.00,0.379194
3274,1000,0.10,900,2,17,1.0794,0.55,linear,74,351.00,0.172818
3275,1000,0.10,900,2,17,0.9836,0.55,linear,75,355.00,0.191988
3276,1000,0.10,900,2,17,1.0180,0.55,linear,76,359.00,0.076799
3277,1000,0.10,900,2,17,1.0465,0.55,linear,77,332.00,0.206696
3278,1000,0.10,900,2,17,1.0400,0.55,linear,78,356.00,0.214612
3279,1000,0.10,900,2,17,1.0533,0.55,linear,79,335.00,0.325361
3280,1000,0.10,900,2,17,1.0130,0.55,linear,80,330.00,0.279633
3281,1000,0.10,900,2,17,1.0695,0.55,linear,81,363.00,0.547001
3282,1000,0.10,900,2,17,1.0516,0.55,linear,82,344.00,0.271287
3283,1000,0.10,900,2,17,1.0330,0.55,linear,83,359.00,0.312772
3284,1000,0.10,900,2,17,1.0113,0.55,linear,84,351.00,0.226085
3285,1000,0.10,900,2,17,1.0151,0.55,linear,85,333.00,0.412584
3286,1000,0.10,900,2,17,1.0292,0.55,linear,86,369.00,0.534322
3287,1000,0.10,900,2,17,1.0395,0.55,linear,87,373.00,0.333838
3288,1000,0.10,900,2,17,1.0475,0.55,linear,88,348.00,0.532802
3289,1000,0.10,900,2,17,1.0424,0.55,linear,89,396.00,0.436237
3290,1000,0.10,900,2,17,1.0408,0.55,linear,90,372.00,0.325156
3291,1000,0.10,900,2,17,1.0242,0.55,linear,91,379.00,0.128615
3292,1000,0.10,900,2,17,1.0344,0.55,linear,92,361.00,0.522561
3293,1000,0.10,900,2,17,1.0695,0.55,linear,93,352.00,0.215811
3294,1000,0.10,900,2,17,1.0462,0.55,linear,94,339.00,0.512515
3295,1000,0.10,900,2,17,0.9972,0.55,linear,95,339.00,0.207162
3296,1000,0.10,900,2,17,1.0374,0.55,linear,96,369.00,0.196263
3297,1000,0.10,900,2,17,1.0703,0.55,linear,97,386.00,0.284344
3298,1000,0.10,900,2,17,1.0322,0.55,linear,98,384.00,0.253503
3299,1000,0.10,900,2,17,1.0354,0.55,linear,99,355.00,0.548972
3300,1000,0.10,900,2,17,1.0624,0.60,linear,0,366.00,0.278711
3301,1000,0.10,900,2,17,1.0137,0.60,linear,1,369.00,0.457123
3302,1000,0.10,900,2,17,1.0617,0.60,linear,2,361.00,0.405167
3303,1000,0.10,900,2,17,1.0544,0.60,linear,3,361.00,0.171526
3304,1000,0.10,900,2,17,1.0028,0.60,linear,4,341.00,0.333542
3305,1000,0.10,900,2,17,1.0793,0.60,linear,5,415.00,0.183075
3306,1000,0.10,900,2,17,1.0244,0.60,linear,6,346.00,0.512489
3307,1000,0.10,900,2,17,1.0607,0.60,linear,7,391.00,0.413363
3308,1000,0.10,900,2,17,1.0076,0.60,linear,8,382.00,0.326183
3309,1000,0.10,900,2,17,1.0818,0.60,linear,9,368.00,0.324141
3310,1000,0.10,900,2,17,1.0352,0.60,linear,10,384.00,0.208045
3311,1000,0.10,900,2,17,1.0538,0.60,linear,11,345.00,0.344993
3312,1000,0.10,900,2,17,1.0431,0.60,linear,12,360.00,0.410353
3313,1000,0.10,900,2,17,1.0205,0.60,linear,13,384.00,0.453914
3314,1000,0.10,900,2,17,1.0416,0.60,linear,14,364.00,0.346096
3315,1000,0.10,900,2,17,1.0635,0.60,linear,15,336.00,0.297775
3316,1000,0.10,900,2,17,1.0203,0.60,linear,16,326.00,0.381519
3317,1000,0.10,900,2,17,1.0607,0.60,linear,17,391.00,0.576688
3318,1000,0.10,900,2,17,1.0202,0.60,linear,18,355.00,0.294121
3319,1000,0.10,900,2,17,1.0550,0.60,linear,19,357.00,0.303464
3320,1000,0.10,900,2,17,1.0276,0.60,linear,20,356.00,0.115944
3321,1000,0.10,900,2,17,1.0592,0.60,linear,21,377.00,0.165681
3322,1000,0.10,900,2,17,1.0349,0.60,linear,22,352.00,0.193100
3323,1000,0.10,900,2,17,1.0186,0.60,linear,23,362.00,0.182615
3324,1000,0.10,900,2,17,1.0575,0.60,linear,24,333.00,0.145083
3325,1000,0.10,900,2,17,1.0123,0.60,linear,25,369.00,0.377294
3326,1000,0.10,900,2,17,1.0504,0.60,linear,26,333.00,0.214239
3327,1000,0.10,900,2,17,1.0819,0.60,linear,27,367.00,0.390736
3328,1000,0.10,900,2,17,0.9959,0.60,linear,28,390.00,0.184207
3329,1000,0.10,900,2,17,1.0751,0.60,linear,29,373.00,0.328605
3330,1000,0.10,900,2,17,1.0714,0.60,linear,30,357.00,0.228518
3331,1000,0.10,900,2,17,1.0284,0.60,linear,31,350.00,0.177335
3332,1000,0.10,900,2,17,1.0426,0.60,linear,32,349.00,0.297012
3333,1000,0.10,900,2,17,1.0705,0.60,linear,33,353.00,0.233979
3334,1000,0.10,900,2,17,1.0077,0.60,linear,34,342.00,0.305450
3335,1000,0.10,900,2,17,1.0636,0.60,linear,35,372.00,0.283172
3336,1000,0.10,900,2,17,1.0650,0.60,linear,36,364.00,0.254923
3337,1000,0.10,900,2,17,0.9936,0.60,linear,37,368.00,0.287091
3338,1000,0.10,900,2,17,1.0439,0.60,linear,38,381.00,0.540901
3339,1000,0.10,900,2,17,1.0300,0.60,linear,39,335.00,0.179594
3340,1000,0.10,900,2,17,1.0369,0.60,linear,40,374.00,0.362786
3341,1000,0.10,900,2,17,1.0088,0.60,linear,41,379.00,0.147508
3342,1000,0.10,900,2,17,1.0677,0.60,linear,42,387.00,0.712353
3343,1000,0.10,900,2,17,1.0471,0.60,linear,43,353.00,0.417924
3344,1000,0.10,900,2,17,1.0455,0.60,linear,44,369.00,0.603141
3345,1000,0.10,900,2,17,1.0451,0.60,linear,45,317.00,0.195046
3346,1000,0.10,900,2,17,1.0441,0.60,linear,46,331.00,0.453446
3347,1000,0.10,900,2,17,1.0376,0.60,linear,47,346.00,0.192701
3348,1000,0.10,900,2,17,1.0697,0.60,linear,48,355.00,0.205882
3349,1000,0.10,900,2,17,1.0467,0.60,linear,49,366.00,0.346748
3350,1000,0.10,900,2,17,1.0429,0.60,linear,50,375.00,0.449430
3351,1000,0.10,900,2,17,1.0363,0.60,linear,51,368.00,0.267131
3352,1000,0.10,900,2,17,1.0075,0.60,linear,52,361.00,0.389703
3353,1000,0.10,900,2,17,1.0188,0.60,linear,53,377.00,0.466355
3354,1000,0.10,900,2,17,0.9905,0.60,linear,54,380.00,0.429381
3355,1000,0.10,900,2,17,1.0666,0.60,linear,55,346.00,0.567480
3356,1000,0.10,900,2,17,1.0582,0.60,linear,56,365.00,0.319510
3357,1000,0.10,900,2,17,1.0181,0.60,linear,57,344.00,0.354288
3358,1000,0.10,900,2,17,1.0583,0.60,linear,58,336.00,0.460654
3359,1000,0.10,900,2,17,1.0127,0.60,linear,59,381.00,0.397021
3360,1000,0.10,900,2,17,1.0286,0.60,linear,60,355.00,0.235925
3361,1000,0.10,900,2,17,1.0224,0.60,linear,61,354.00,0.299789
3362,1000,0.10,900,2,17,1.0538,0.60,linear,62,351.00,0.614499
3363,1000,0.10,900,2,17,1.0453,0.60,linear,63,375.00,0.348278
3364,1000,0.10,900,2,17,1.0583,0.60,linear,64,351.00,0.260696
3365,1000,0.10,900,2,17,1.0755,0.60,linear,65,355.00,0.559100
3366,1000,0.10,900,2,17,1.0557,0.60,linear,66,377.00,0.271419
3367,1000,0.10,900,2,17,1.0646,0.60,linear,67,355.00,0.178659
3368,1000,0.10,900,2,17,1.0157,0.60,linear,68,386.00,0.393421
3369,1000,0.10,900,2,17,1.0239,0.60,linear,69,381.00,0.202820
3370,1000,0.10,900,2,17,1.0415,0.60,linear,70,335.00,0.304102
3371,1000,0.10,900,2,17,1.0316,0.60,linear,71,375.00,0.128126
3372,1000,0.10,900,2,17,1.0228,0.60,linear,72,384.00,0.462211
3373,1000,0.10,900,2,17,1.0493,0.60,linear,73,375.00,0.315761
3374,1000,0.10,900,2,17,1.0592,0.60,linear,74,382.00,0.308311
3375,1000,0.10,900,2,17,1.0212,0.60,linear,75,371.00,0.158508
3376,1000,0.10,900,2,17,1.0497,0.60,linear,76,343.00,0.472517
3377,1000,0.10,900,2,17,1.0560,0.60,linear,77,330.00,0.443798
3378,1000,0.10,900,2,17,1.0239,0.60,linear,78,350.00,0.261495
3379,1000,0.10,900,2,17,1.0293,0.60,linear,79,340.00,0.127444
3380,1000,0.10,900,2,17,1.0446,0.60,linear,80,350.00,0.450123
3381,1000,0.10,900,2,17,1.0624,0.60,linear,81,330.00,0.268341
3382,1000,0.10,900,2,17,1.0467,0.60,linear,82,383.00,0.204308
3383,1000,0.10,900,2,17,1.0501,0.60,linear,83,386.00,0.136483
3384,1000,0.10,900,2,17,1.0417,0.60,linear,84,343.00,0.328855
3385,1000,0.10,900,2,17,0.9836,0.60,linear,85,357.00,0.206747
3386,1000,0.10,900,2,17,0.9968,0.60,linear,86,345.00,0.412703
3387,1000,0.10,900,2,17,0.9762,0.60,linear,87,352.00,0.435355
3388,1000,0.10,900,2,17,1.0207,0.60,linear,88,379.00,0.118279
3389,1000,0.10,900,2,17,1.0326,0.60,linear,89,374.00,0.606954
3390,1000,0.10,900,2,17,1.0579,0.60,linear,90,335.00,0.308578
3391,1000,0.10,900,2,17,1.0093,0.60,linear,91,367.00,0.268668
3392,1000,0.10,900,2,17,1.0476,0.60,linear,92,385.00,0.268075
3393,1000,0.10,900,2,17,1.0087,0.60,linear,93,350.00,0.367604
3394,1000,0.10,900,2,17,1.0926,0.60,linear,94,364.00,0.284359
3395,1000,0.10,900,2,17,1.0507,0.60,linear,95,382.00,0.203688
3396,1000,0.10,900,2,17,1.0364,0.60,linear,96,366.00,0.176383
3397,1000,0.10,900,2,17,1.0182,0.60,linear,97,334.00,0.233312
3398,1000,0.10,900,2,17,1.0268,0.60,linear,98,413.00,0.296612
3399,1000,0.10,900,2,17,1.0131,0.60,linear,99,351.00,0.451620
3400,1000,0.10,900,2,17,1.0469,0.65,linear,0,362.00,0.469171
3401,1000,0.10,900,2,17,1.0365,0.65,linear,1,344.00,0.156748
3402,1000,0.10,900,2,17,1.0433,0.65,linear,2,345.00,0.155070
3403,1000,0.10,900,2,17,1.0432,0.65,linear,3,359.00,0.212573
3404,1000,0.10,900,2,17,1.0234,0.65,linear,4,354.00,0.339030
3405,1000,0.10,900,2,17,1.0691,0.65,linear,5,341.00,0.553102
3406,1000,0.10,900,2,17,1.0239,0.65,linear,6,371.00,0.448810
3407,1000,0.10,900,2,17,1.0031,0.65,linear,7,366.00,0.343475
3408,1000,0.10,900,2,17,1.0484,0.65,linear,8,371.00,0.399768
3409,1000,0.10,900,2,17,1.0193,0.65,linear,9,388.00,0.534712
3410,1000,0.10,900,2,17,1.0038,0.65,linear,10,374.00,0.137860
3411,1000,0.10,900,2,17,1.0140,0.65,linear,11,356.00,0.246931
3412,1000,0.10,900,2,17,1.0037,0.65,linear,12,358.00,0.285004
3413,1000,0.10,900,2,17,0.9795,0.65,linear,13,346.00,0.188122
3414,1000,0.10,900,2,17,1.0350,0.65,linear,14,372.00,0.173499
3415,1000,0.10,900,2,17,1.0479,0.65,linear,15,335.00,0.410847
3416,1000,0.10,900,2,17,1.0110,0.65,linear,16,374.00,0.616178
3417,1000,0.10,900,2,17,1.0189,0.65,linear,17,392.00,0.260996
3418,1000,0.10,900,2,17,1.0650,0.65,linear,18,361.00,0.258291
3419,1000,0.10,900,2,17,0.9752,0.65,linear,19,340.00,0.178176
3420,1000,0.10,900,2,17,1.0872,0.65,linear,20,376.00,0.188957
3421,1000,0.10,900,2,17,1.0415,0.65,linear,21,340.00,0.394279
3422,1000,0.10,900,2,17,1.0182,0.65,linear,22,364.00,0.167846
3423,1000,0.10,900,2,17,1.0320,0.65,linear,23,368.00,0.430378
3424,1000,0.10,900,2,17,1.0255,0.65,linear,24,376.00,0.436207
3425,1000,0.10,900,2,17,1.0367,0.65,linear,25,348.00,0.267806
3426,1000,0.10,900,2,17,1.0392,0.65,linear,26,350.00,0.406444
3427,1000,0.10,900,2,17,1.0403,0.65,linear,27,325.00,0.217460
3428,1000,0.10,900,2,17,1.0436,0.65,linear,28,333.00,0.355282
3429,1000,0.10,900,2,17,1.0129,0.65,linear,29,371.00,0.341982
3430,1000,0.10,900,2,17,1.0330,0.65,linear,30,394.00,0.411168
3431,1000,0.10,900,2,17,1.0324,0.65,linear,31,359.00,0.270399
3432,1000,0.10,900,2,17,0.9908,0.65,linear,32,353.00,0.220883
3433,1000,0.10,900,2,17,1.0381,0.65,linear,33,371.00,0.150947
3434,1000,0.10,900,2,17,1.0362,0.65,linear,34,384.00,0.303617
3435,1000,0.10,900,2,17,1.0518,0.65,linear,35,350.00,0.220082
3436,1000,0.10,900,2,17,1.0223,0.65,linear,36,360.00,0.220095
3437,1000,0.10,900,2,17,1.0205,0.65,linear,37,343.00,0.772681
3438,1000,0.10,900,2,17,1.0311,0.65,linear,38,384.00,0.652597
3439,1000,0.10,900,2,17,1.0339,0.65,linear,39,345.00,0.216954
3440,1000,0.10,900,2,17,1.0551,0.65,linear,40,351.00,0.544076
3441,1000,0.10,900,2,17,1.0093,0.65,linear,41,363.00,0.210712
3442,1000,0.10,900,2,17,1.0486,0.65,linear,42,362.00,0.537919
3443,1000,0.10,900,2,17,1.0452,0.65,linear,43,341.00,0.300885
3444,1000,0.10,900,2,17,1.0726,0.65,linear,44,337.00,0.422946
3445,1000,0.10,900,2,17,1.0724,0.65,linear,45,357.00,0.298561
3446,1000,0.10,900,2,17,1.0185,0.65,linear,46,344.00,0.462064
3447,1000,0.10,900,2,17,1.0417,0.65,linear,47,371.00,0.203163
3448,1000,0.10,900,2,17,1.0378,0.65,linear,48,362.00,0.329726
3449,1000,0.10,900,2,17,1.0489,0.65,linear,49,348.00,0.296822
3450,1000,0.10,900,2,17,1.0573,0.65,linear,50,358.00,0.701347
3451,1000,0.10,900,2,17,1.0171,0.65,linear,51,352.00,0.170325
3452,1000,0.10,900,2,17,1.0276,0.65,linear,52,344.00,0.428806
3453,1000,0.10,900,2,17,1.0408,0.65,linear,53,364.00,0.208461
3454,1000,0.10,900,2,17,0.9795,0.65,linear,54,369.00,0.390455
3455,1000,0.10,900,2,17,1.0201,0.65,linear,55,352.00,0.318805
3456,1000,0.10,900,2,17,1.0944,0.65,linear,56,389.00,0.377515
3457,1000,0.10,900,2,17,1.0546,0.65,linear,57,359.00,0.427834
3458,1000,0.10,900,2,17,1.0384,0.65,linear,58,381.00,0.239024
3459,1000,0.10,900,2,17,0.9836,0.65,linear,59,357.00,0.375257
3460,1000,0.10,900,2,17,1.0164,0.65,linear,60,380.00,0.407676
3461,1000,0.10,900,2,17,1.0165,0.65,linear,61,347.00,0.222844
3462,1000,0.10,900,2,17,1.0011,0.65,linear,62,325.00,0.224079
3463,1000,0.10,900,2,17,1.0389,0.65,linear,63,331.00,0.417641
3464,1000,0.10,900,2,17,1.0348,0.65,linear,64,376.00,0.261962
3465,1000,0.10,900,2,17,1.0064,0.65,linear,65,367.00,0.365873
3466,1000,0.10,900,2,17,1.0175,0.65,linear,66,361.00,0.239130
3467,1000,0.10,900,2,17,1.0457,0.65,linear,67,369.00,0.272892
3468,1000,0.10,900,2,17,1.0671,0.65,linear,68,354.00,0.425015
3469,1000,0.10,900,2,17,0.9951,0.65,linear,69,348.00,0.344605
3470,1000,0.10,900,2,17,1.0518,0.65,linear,70,352.00,0.415182
3471,1000,0.10,900,2,17,1.0230,0.65,linear,71,345.00,0.244155
3472,1000,0.10,900,2,17,1.0065,0.65,linear,72,342.00,0.367635
3473,1000,0.10,900,2,17,1.0154,0.65,linear,73,351.00,0.478419
3474,1000,0.10,900,2,17,1.1030,0.65,linear,74,361.00,0.192485
3475,1000,0.10,900,2,17,1.0462,0.65,linear,75,368.00,0.380120
3476,1000,0.10,900,2,17,1.0424,0.65,linear,76,353.00,0.461361
3477,1000,0.10,900,2,17,0.9743,0.65,linear,77,338.00,0.397644
3478,1000,0.10,900,2,17,1.0274,0.65,linear,78,336.00,0.472201
3479,1000,0.10,900,2,17,1.0393,0.65,linear,79,387.00,0.368628
3480,1000,0.10,900,2,17,1.0178,0.65,linear,80,357.00,0.651741
3481,1000,0.10,900,2,17,1.0442,0.65,linear,81,357.00,0.520501
3482,1000,0.10,900,2,17,1.0418,0.65,linear,82,348.00,0.516299
3483,1000,0.10,900,2,17,1.0382,0.65,linear,83,360.00,0.161647
3484,1000,0.10,900,2,17,1.0844,0.65,linear,84,371.00,0.500989
3485,1000,0.10,900,2,17,1.0805,0.65,linear,85,381.00,0.174710
3486,1000,0.10,900,2,17,1.0337,0.65,linear,86,359.00,0.515249
3487,1000,0.10,900,2,17,1.0296,0.65,linear,87,366.00,0.200931
3488,1000,0.10,900,2,17,1.0490,0.65,linear,88,336.00,0.258315
3489,1000,0.10,900,2,17,1.0436,0.65,linear,89,367.00,0.379326
3490,1000,0.10,900,2,17,1.0389,0.65,linear,90,355.00,0.399074
3491,1000,0.10,900,2,17,1.0066,0.65,linear,91,347.00,0.344213
3492,1000,0.10,900,2,17,1.0390,0.65,linear,92,351.00,0.146121
3493,1000,0.10,900,2,17,1.0809,0.65,linear,93,401.00,0.559120
3494,1000,0.10,900,2,17,1.0449,0.65,linear,94,363.00,0.295586
3495,1000,0.10,900,2,17,1.0406,0.65,linear,95,378.00,0.292621
3496,1000,0.10,900,2,17,1.0145,0.65,linear,96,355.00,0.322627
3497,1000,0.10,900,2,17,0.9932,0.65,linear,97,349.00,0.254771
3498,1000,0.10,900,2,17,1.0576,0.65,linear,98,357.00,0.188211
3499,1000,0.10,900,2,17,1.0841,0.65,linear,99,356.00,0.420549
3500,1000,0.10,900,2,17,1.0657,0.70,linear,0,360.00,0.458178
3501,1000,0.10,900,2,17,1.0275,0.70,linear,1,349.00,0.380043
3502,1000,0.10,900,2,17,1.0365,0.70,linear,2,344.00,0.214326
3503,1000,0.10,900,2,17,1.0646,0.70,linear,3,339.00,0.399374
3504,1000,0.10,900,2,17,1.0357,0.70,linear,4,354.00,0.205540
3505,1000,0.10,900,2,17,1.0787,0.70,linear,5,360.00,0.137541
3506,1000,0.10,900,2,17,1.0492,0.70,linear,6,345.00,0.435504
3507,1000,0.10,900,2,17,1.0454,0.70,linear,7,339.00,0.375666
3508,1000,0.10,900,2,17,1.0140,0.70,linear,8,352.00,0.563035
3509,1000,0.10,900,2,17,1.0189,0.70,linear,9,369.00,0.349544
3510,1000,0.10,900,2,17,1.0346,0.70,linear,10,356.00,0.306656
3511,1000,0.10,900,2,17,1.0253,0.70,linear,11,369.00,0.158796
3512,1000,0.10,900,2,17,1.0761,0.70,linear,12,360.00,0.501629
3513,1000,0.10,900,2,17,1.0458,0.70,linear,13,343.00,0.361800
3514,1000,0.10,900,2,17,1.0237,0.70,linear,14,341.00,0.362612
3515,1000,0.10,900,2,17,1.0019,0.70,linear,15,408.00,0.618861
3516,1000,0.10,900,2,17,1.0450,0.70,linear,16,376.00,0.695519
3517,1000,0.10,900,2,17,1.0417,0.70,linear,17,346.00,0.533632
3518,1000,0.10,900,2,17,1.0858,0.70,linear,18,364.00,0.376277
3519,1000,0.10,900,2,17,1.0012,0.70,linear,19,382.00,0.466749
3520,1000,0.10,900,2,17,1.0236,0.70,linear,20,364.00,0.210895
3521,1000,0.10,900,2,17,1.0557,0.70,linear,21,340.00,0.412861
3522,1000,0.10,900,2,17,1.0213,0.70,linear,22,343.00,0.359954
3523,1000,0.10,900,2,17,1.0522,0.70,linear,23,368.00,0.363845
3524,1000,0.10,900,2,17,1.0691,0.70,linear,24,380.00,0.196518
3525,1000,0.10,900,2,17,1.0281,0.70,linear,25,358.00,0.241794
3526,1000,0.10,900,2,17,1.0170,0.70,linear,26,352.00,0.248658
3527,1000,0.10,900,2,17,0.9930,0.70,linear,27,357.00,0.476926
3528,1000,0.10,900,2,17,0.9994,0.70,linear,28,338.00,0.491594
3529,1000,0.10,900,2,17,1.0316,0.70,linear,29,341.00,0.405196
3530,1000,0.10,900,2,17,1.0267,0.70,linear,30,369.00,0.531081
3531,1000,0.10,900,2,17,1.0256,0.70,linear,31,378.00,0.379359
3532,1000,0.10,900,2,17,1.0443,0.70,linear,32,369.00,0.157927
3533,1000,0.10,900,2,17,1.0732,0.70,linear,33,365.00,0.370607
3534,1000,0.10,900,2,17,1.0184,0.70,linear,34,331.00,0.249777
3535,1000,0.10,900,2,17,1.0251,0.70,linear,35,358.00,0.169036
3536,1000,0.10,900,2,17,1.0469,0.70,linear,36,362.00,0.178766
3537,1000,0.10,900,2,17,1.0867,0.70,linear,37,353.00,0.187096
3538,1000,0.10,900,2,17,1.0539,0.70,linear,38,380.00,0.472682
3539,1000,0.10,900,2,17,1.0608,0.70,linear,39,317.00,0.289184
3540,1000,0.10,900,2,17,1.0325,0.70,linear,40,357.00,0.363956
3541,1000,0.10,900,2,17,0.9860,0.70,linear,41,340.00,0.467786
3542,1000,0.10,900,2,17,1.0362,0.70,linear,42,393.00,0.499289
3543,1000,0.10,900,2,17,1.0182,0.70,linear,43,342.00,0.441309
3544,1000,0.10,900,2,17,1.0239,0.70,linear,44,340.00,0.161424
3545,1000,0.10,900,2,17,1.0096,0.70,linear,45,361.00,0.300436
3546,1000,0.10,900,2,17,1.0465,0.70,linear,46,342.00,0.405167
3547,1000,0.10,900,2,17,1.0821,0.70,linear,47,360.00,0.492212
3548,1000,0.10,900,2,17,1.0414,0.70,linear,48,349.00,0.516688
3549,1000,0.10,900,2,17,1.0616,0.70,linear,49,372.00,0.517863
3550,1000,0.10,900,2,17,1.0069,0.70,linear,50,356.00,0.448272
3551,1000,0.10,900,2,17,0.9952,0.70,linear,51,357.00,0.325546
3552,1000,0.10,900,2,17,1.0477,0.70,linear,52,376.00,0.199898
3553,1000,0.10,900,2,17,1.0827,0.70,linear,53,343.00,0.367834
3554,1000,0.10,900,2,17,1.0370,0.70,linear,54,345.00,0.366861
3555,1000,0.10,900,2,17,1.0150,0.70,linear,55,348.00,0.319049
3556,1000,0.10,900,2,17,0.9945,0.70,linear,56,343.00,0.215333
3557,1000,0.10,900,2,17,1.0365,0.70,linear,57,357.00,0.528620
3558,1000,0.10,900,2,17,1.0494,0.70,linear,58,357.00,0.226398
3559,1000,0.10,900,2,17,1.0192,0.70,linear,59,335.00,0.299402
3560,1000,0.10,900,2,17,1.0631,0.70,linear,60,355.00,0.368587
3561,1000,0.10,900,2,17,1.0475,0.70,linear,61,347.00,0.449998
3562,1000,0.10,900,2,17,0.9848,0.70,linear,62,377.00,0.458378
3563,1000,0.10,900,2,17,1.0106,0.70,linear,63,384.00,0.414952
3564,1000,0.10,900,2,17,1.0399,0.70,linear,64,334.00,0.379558
3565,1000,0.10,900,2,17,1.0463,0.70,linear,65,363.00,0.224490
3566,1000,0.10,900,2,17,1.0196,0.70,linear,66,385.00,0.515957
3567,1000,0.10,900,2,17,1.0078,0.70,linear,67,381.00,0.586391
3568,1000,0.10,900,2,17,1.0396,0.70,linear,68,369.00,0.457622
3569,1000,0.10,900,2,17,1.0513,0.70,linear,69,366.00,0.579891
3570,1000,0.10,900,2,17,1.0558,0.70,linear,70,350.00,0.343945
3571,1000,0.10,900,2,17,0.9883,0.70,linear,71,354.00,0.214480
3572,1000,0.10,900,2,17,1.0540,0.70,linear,72,369.00,0.340696
3573,1000,0.10,900,2,17,1.0398,0.70,linear,73,352.00,0.403844
3574,1000,0.10,900,2,17,0.9980,0.70,linear,74,368.00,0.328859
3575,1000,0.10,900,2,17,1.0308,0.70,linear,75,341.00,1.072152
3576,1000,0.10,900,2,17,1.0514,0.70,linear,76,331.00,0.398172
3577,1000,0.10,900,2,17,1.0369,0.70,linear,77,347.00,0.346098
3578,1000,0.10,900,2,17,1.0864,0.70,linear,78,341.00,0.330257
3579,1000,0.10,900,2,17,0.9935,0.70,linear,79,379.00,0.230328
3580,1000,0.10,900,2,17,1.0253,0.70,linear,80,352.00,0.232302
3581,1000,0.10,900,2,17,1.0283,0.70,linear,81,371.00,0.476363
3582,1000,0.10,900,2,17,1.0401,0.70,linear,82,330.00,0.500747
3583,1000,0.10,900,2,17,1.0815,0.70,linear,83,352.00,0.473676
3584,1000,0.10,900,2,17,1.0425,0.70,linear,84,365.00,0.440949
3585,1000,0.10,900,2,17,1.0374,0.70,linear,85,359.00,0.313075
3586,1000,0.10,900,2,17,0.9850,0.70,linear,86,319.00,0.235192
3587,1000,0.10,900,2,17,1.0388,0.70,linear,87,336.00,0.319745
3588,1000,0.10,900,2,17,1.0192,0.70,linear,88,369.00,0.303099
3589,1000,0.10,900,2,17,1.0438,0.70,linear,89,393.00,0.368232
3590,1000,0.10,900,2,17,1.0571,0.70,linear,90,379.00,0.334641
3591,1000,0.10,900,2,17,1.0034,0.70,linear,91,364.00,0.784231
3592,1000,0.10,900,2,17,1.0504,0.70,linear,92,356.00,0.201036
3593,1000,0.10,900,2,17,1.0865,0.70,linear,93,368.00,0.449429
3594,1000,0.10,900,2,17,1.0293,0.70,linear,94,375.00,0.430825
3595,1000,0.10,900,2,17,1.0039,0.70,linear,95,381.00,0.506648
3596,1000,0.10,900,2,17,1.0452,0.70,linear,96,374.00,0.267442
3597,1000,0.10,900,2,17,1.0335,0.70,linear,97,343.00,0.342881
3598,1000,0.10,900,2,17,1.0478,0.70,linear,98,365.00,0.371785
3599,1000,0.10,900,2,17,1.0279,0.70,linear,99,363.00,0.566605
3600,1000,0.10,900,2,17,1.0081,0.75,linear,0,352.00,0.475976
3601,1000,0.10,900,2,17,1.0655,0.75,linear,1,374.00,0.341085
3602,1000,0.10,900,2,17,1.0695,0.75,linear,2,335.00,0.407804
3603,1000,0.10,900,2,17,1.0232,0.75,linear,3,388.00,0.521093
3604,1000,0.10,900,2,17,1.0254,0.75,linear,4,320.00,0.333132
3605,1000,0.10,900,2,17,1.0382,0.75,linear,5,352.00,0.363763
3606,1000,0.10,900,2,17,0.9765,0.75,linear,6,343.00,0.548261
3607,1000,0.10,900,2,17,1.0773,0.75,linear,7,382.00,0.193343
3608,1000,0.10,900,2,17,1.0868,0.75,linear,8,336.00,0.201759
3609,1000,0.10,900,2,17,1.0175,0.75,linear,9,362.00,0.365208
3610,1000,0.10,900,2,17,1.0016,0.75,linear,10,379.00,0.251220
3611,1000,0.10,900,2,17,1.0016,0.75,linear,11,354.00,0.406939
3612,1000,0.10,900,2,17,1.0833,0.75,linear,12,342.00,0.493971
3613,1000,0.10,900,2,17,1.0320,0.75,linear,13,363.00,0.393581
3614,1000,0.10,900,2,17,1.0297,0.75,linear,14,370.00,0.436815
3615,1000,0.10,900,2,17,1.0233,0.75,linear,15,359.00,0.535361
3616,1000,0.10,900,2,17,1.0375,0.75,linear,16,347.00,0.510977
3617,1000,0.10,900,2,17,1.0147,0.75,linear,17,362.00,0.398004
3618,1000,0.10,900,2,17,1.0316,0.75,linear,18,309.00,0.563137
3619,1000,0.10,900,2,17,1.0539,0.75,linear,19,377.00,0.315140
3620,1000,0.10,900,2,17,1.0594,0.75,linear,20,338.00,0.455636
3621,1000,0.10,900,2,17,1.0504,0.75,linear,21,307.00,0.370801
3622,1000,0.10,900,2,17,1.0330,0.75,linear,22,362.00,0.275083
3623,1000,0.10,900,2,17,1.0560,0.75,linear,23,399.00,0.410158
3624,1000,0.10,900,2,17,1.0526,0.75,linear,24,336.00,0.477776
3625,1000,0.10,900,2,17,1.0521,0.75,linear,25,361.00,0.657954
3626,1000,0.10,900,2,17,1.0309,0.75,linear,26,391.00,0.733309
3627,1000,0.10,900,2,17,1.0461,0.75,linear,27,360.00,0.130976
3628,1000,0.10,900,2,17,1.0460,0.75,linear,28,381.00,0.281936
3629,1000,0.10,900,2,17,1.0525,0.75,linear,29,374.00,0.546687
3630,1000,0.10,900,2,17,0.9595,0.75,linear,30,354.00,0.352644
3631,1000,0.10,900,2,17,1.0351,0.75,linear,31,376.00,0.393146
3632,1000,0.10,900,2,17,1.0153,0.75,linear,32,350.00,0.488248
3633,1000,0.10,900,2,17,1.0439,0.75,linear,33,342.00,0.535083
3634,1000,0.10,900,2,17,1.0340,0.75,linear,34,371.00,0.195851
3635,1000,0.10,900,2,17,1.0327,0.75,linear,35,358.00,0.533475
3636,1000,0.10,900,2,17,1.0553,0.75,linear,36,365.00,0.497799
3637,1000,0.10,900,2,17,1.0514,0.75,linear,37,356.00,0.376113
3638,1000,0.10,900,2,17,1.0325,0.75,linear,38,367.00,0.230984
3639,1000,0.10,900,2,17,1.0319,0.75,linear,39,357.00,0.291470
3640,1000,0.10,900,2,17,1.0297,0.75,linear,40,358.00,0.449418
3641,1000,0.10,900,2,17,1.0047,0.75,linear,41,359.00,0.307107
3642,1000,0.10,900,2,17,1.0490,0.75,linear,42,359.00,0.326669
3643,1000,0.10,900,2,17,1.0672,0.75,linear,43,350.00,0.447247
3644,1000,0.10,900,2,17,1.0115,0.75,linear,44,354.00,0.341766
3645,1000,0.10,900,2,17,0.9937,0.75,linear,45,346.00,0.486711
3646,1000,0.10,900,2,17,1.0297,0.75,linear,46,367.00,0.358173
3647,1000,0.10,900,2,17,1.0208,0.75,linear,47,349.00,0.295064
3648,1000,0.10,900,2,17,1.0089,0.75,linear,48,365.00,0.372429
3649,1000,0.10,900,2,17,1.0511,0.75,linear,49,379.00,0.311511
3650,1000,0.10,900,2,17,1.0245,0.75,linear,50,362.00,0.474136
3651,1000,0.10,900,2,17,1.0170,0.75,linear,51,352.00,0.257974
3652,1000,0.10,900,2,17,1.0559,0.75,linear,52,349.00,0.350369
3653,1000,0.10,900,2,17,0.9925,0.75,linear,53,358.00,0.274666
3654,1000,0.10,900,2,17,1.0817,0.75,linear,54,367.00,0.786934
3655,1000,0.10,900,2,17,1.0143,0.75,linear,55,359.00,0.548390
3656,1000,0.10,900,2,17,0.9880,0.75,linear,56,385.00,0.170185
3657,1000,0.10,900,2,17,1.0241,0.75,linear,57,338.00,0.588336
3658,1000,0.10,900,2,17,0.9900,0.75,linear,58,360.00,0.524041
3659,1000,0.10,900,2,17,1.0205,0.75,linear,59,357.00,0.343129
3660,1000,0.10,900,2,17,1.0294,0.75,linear,60,355.00,0.215798
3661,1000,0.10,900,2,17,1.0106,0.75,linear,61,370.00,0.404094
3662,1000,0.10,900,2,17,0.9659,0.75,linear,62,337.00,0.414473
3663,1000,0.10,900,2,17,1.0246,0.75,linear,63,393.00,0.174215
3664,1000,0.10,900,2,17,1.0007,0.75,linear,64,360.00,0.182851
3665,1000,0.10,900,2,17,1.0346,0.75,linear,65,348.00,0.432194
3666,1000,0.10,900,2,17,1.0480,0.75,linear,66,352.00,0.189024
3667,1000,0.10,900,2,17,1.0687,0.75,linear,67,402.00,0.209152
3668,1000,0.10,900,2,17,1.0372,0.75,linear,68,362.00,0.556916
3669,1000,0.10,900,2,17,1.0219,0.75,linear,69,365.00,0.750623
3670,1000,0.10,900,2,17,1.0625,0.75,linear,70,351.00,0.467617
3671,1000,0.10,900,2,17,0.9718,0.75,linear,71,327.00,0.405150
3672,1000,0.10,900,2,17,1.0290,0.75,linear,72,355.00,0.180261
3673,1000,0.10,900,2,17,1.0042,0.75,linear,73,339.00,0.280760
3674,1000,0.10,900,2,17,1.0640,0.75,linear,74,345.00,0.369291
3675,1000,0.10,900,2,17,1.0344,0.75,linear,75,378.00,0.294585
3676,1000,0.10,900,2,17,1.0317,0.75,linear,76,353.00,0.374126
3677,1000,0.10,900,2,17,1.0322,0.75,linear,77,368.00,0.544812
3678,1000,0.10,900,2,17,1.0666,0.75,linear,78,341.00,0.556939
3679,1000,0.10,900,2,17,0.9786,0.75,linear,79,364.00,0.253549
3680,1000,0.10,900,2,17,1.0508,0.75,linear,80,347.00,0.495876
3681,1000,0.10,900,2,17,0.9793,0.75,linear,81,358.00,0.346571
3682,1000,0.10,900,2,17,1.0088,0.75,linear,82,378.00,0.180454
3683,1000,0.10,900,2,17,1.0505,0.75,linear,83,346.00,0.286840
3684,1000,0.10,900,2,17,1.0383,0.75,linear,84,368.00,0.409803
3685,1000,0.10,900,2,17,1.0381,0.75,linear,85,379.00,0.259938
3686,1000,0.10,900,2,17,1.0165,0.75,linear,86,359.00,0.421887
3687,1000,0.10,900,2,17,1.0504,0.75,linear,87,359.00,0.478290
3688,1000,0.10,900,2,17,1.0374,0.75,linear,88,345.00,0.319380
3689,1000,0.10,900,2,17,0.9889,0.75,linear,89,333.00,0.430123
3690,1000,0.10,900,2,17,1.0108,0.75,linear,90,380.00,0.358456
3691,1000,0.10,900,2,17,1.0137,0.75,linear,91,381.00,0.440404
3692,1000,0.10,900,2,17,1.0279,0.75,linear,92,332.00,0.231333
3693,1000,0.10,900,2,17,1.0329,0.75,linear,93,364.00,0.548234
3694,1000,0.10,900,2,17,1.0851,0.75,linear,94,364.00,0.653586
3695,1000,0.10,900,2,17,1.0129,0.75,linear,95,369.00,0.486677
3696,1000,0.10,900,2,17,1.0455,0.75,linear,96,370.00,0.468283
3697,1000,0.10,900,2,17,1.0124,0.75,linear,97,380.00,0.464961
3698,1000,0.10,900,2,17,1.0099,0.75,linear,98,388.00,0.579506
3699,1000,0.10,900,2,17,1.0680,0.75,linear,99,351.00,0.446122
3700,1000,0.10,900,2,17,0.9651,0.80,linear,0,373.00,0.702297
3701,1000,0.10,900,2,17,1.0082,0.80,linear,1,332.00,0.460574
3702,1000,0.10,900,2,17,0.9989,0.80,linear,2,435.00,0.544701
3703,1000,0.10,900,2,17,0.9786,0.80,linear,3,370.00,0.445069
3704,1000,0.10,900,2,17,1.0253,0.80,linear,4,383.00,0.576885
3705,1000,0.10,900,2,17,1.0259,0.80,linear,5,379.00,0.489042
3706,1000,0.10,900,2,17,1.0092,0.80,linear,6,374.00,0.552757
3707,1000,0.10,900,2,17,1.0071,0.80,linear,7,382.00,0.219945
3708,1000,0.10,900,2,17,1.0001,0.80,linear,8,355.00,0.479863
3709,1000,0.10,900,2,17,1.0126,0.80,linear,9,340.00,0.541828
3710,1000,0.10,900,2,17,1.0516,0.80,linear,10,384.00,0.335219
3711,1000,0.10,900,2,17,1.0055,0.80,linear,11,366.00,0.428945
3712,1000,0.10,900,2,17,1.0661,0.80,linear,12,356.00,0.430201
3713,1000,0.10,900,2,17,1.0699,0.80,linear,13,393.00,0.379357
3714,1000,0.10,900,2,17,1.0182,0.80,linear,14,354.00,0.665402
3715,1000,0.10,900,2,17,1.0281,0.80,linear,15,364.00,0.215640
3716,1000,0.10,900,2,17,1.0524,0.80,linear,16,348.00,0.408103
3717,1000,0.10,900,2,17,0.9760,0.80,linear,17,330.00,0.312775
3718,1000,0.10,900,2,17,1.0210,0.80,linear,18,356.00,0.499955
3719,1000,0.10,900,2,17,1.0544,0.80,linear,19,385.00,0.298864
3720,1000,0.10,900,2,17,1.0437,0.80,linear,20,354.00,0.567808
3721,1000,0.10,900,2,17,1.0175,0.80,linear,21,372.00,0.392421
3722,1000,0.10,900,2,17,1.0179,0.80,linear,22,347.00,0.389876
3723,1000,0.10,900,2,17,1.0198,0.80,linear,23,338.00,0.375945
3724,1000,0.10,900,2,17,0.9651,0.80,linear,24,367.00,0.189058
3725,1000,0.10,900,2,17,1.0401,0.80,linear,25,332.00,0.276775
3726,1000,0.10,900,2,17,1.0488,0.80,linear,26,318.00,0.224229
3727,1000,0.10,900,2,17,1.0029,0.80,linear,27,362.00,0.463391
3728,1000,0.10,900,2,17,1.0194,0.80,linear,28,422.00,0.868629
3729,1000,0.10,900,2,17,1.0223,0.80,linear,29,411.00,0.580472
3730,1000,0.10,900,2,17,0.9880,0.80,linear,30,359.00,0.357289
3731,1000,0.10,900,2,17,0.9957,0.80,linear,31,353.00,0.421686
3732,1000,0.10,900,2,17,1.0720,0.80,linear,32,373.00,0.530007
3733,1000,0.10,900,2,17,1.0300,0.80,linear,33,371.00,0.453134
3734,1000,0.10,900,2,17,1.0057,0.80,linear,34,355.00,0.441898
3735,1000,0.10,900,2,17,0.9879,0.80,linear,35,361.00,0.670962
3736,1000,0.10,900,2,17,1.0563,0.80,linear,36,369.00,0.480301
3737,1000,0.10,900,2,17,0.9730,0.80,linear,37,356.00,0.286043
3738,1000,0.10,900,2,17,1.0602,0.80,linear,38,362.00,0.527796
3739,1000,0.10,900,2,17,0.9917,0.80,linear,39,357.00,0.493950
3740,1000,0.10,900,2,17,1.0835,0.80,linear,40,330.00,0.326558
3741,1000,0.10,900,2,17,1.0306,0.80,linear,41,368.00,0.448075
3742,1000,0.10,900,2,17,1.0677,0.80,linear,42,369.00,0.998732
3743,1000,0.10,900,2,17,1.0582,0.80,linear,43,366.00,0.517474
3744,1000,0.10,900,2,17,1.0657,0.80,linear,44,356.00,0.600524
3745,1000,0.10,900,2,17,1.0392,0.80,linear,45,389.00,0.512614
3746,1000,0.10,900,2,17,1.0195,0.80,linear,46,364.00,0.455612
3747,1000,0.10,900,2,17,1.0368,0.80,linear,47,332.00,0.575560
3748,1000,0.10,900,2,17,1.0485,0.80,linear,48,356.00,0.623905
3749,1000,0.10,900,2,17,1.0337,0.80,linear,49,359.00,0.552093
3750,1000,0.10,900,2,17,1.0661,0.80,linear,50,345.00,0.353930
3751,1000,0.10,900,2,17,1.0380,0.80,linear,51,382.00,0.413255
3752,1000,0.10,900,2,17,1.0348,0.80,linear,52,323.00,0.511129
3753,1000,0.10,900,2,17,1.0205,0.80,linear,53,350.00,0.684305
3754,1000,0.10,900,2,17,0.9867,0.80,linear,54,385.00,0.659188
3755,1000,0.10,900,2,17,1.0471,0.80,linear,55,378.00,0.406118
3756,1000,0.10,900,2,17,0.9975,0.80,linear,56,362.00,0.312252
3757,1000,0.10,900,2,17,1.0138,0.80,linear,57,367.00,0.582750
3758,1000,0.10,900,2,17,0.9941,0.80,linear,58,363.00,0.539117
3759,1000,0.10,900,2,17,1.0201,0.80,linear,59,350.00,0.555592
3760,1000,0.10,900,2,17,1.0114,0.80,linear,60,334.00,0.417031
3761,1000,0.10,900,2,17,1.0138,0.80,linear,61,372.00,0.764891
3762,1000,0.10,900,2,17,0.9874,0.80,linear,62,343.00,0.494952
3763,1000,0.10,900,2,17,1.0431,0.80,linear,63,376.00,0.364381
3764,1000,0.10,900,2,17,1.0440,0.80,linear,64,337.00,0.407554
3765,1000,0.10,900,2,17,1.0413,0.80,linear,65,385.00,0.594959
3766,1000,0.10,900,2,17,0.9828,0.80,linear,66,372.00,0.528809
3767,1000,0.10,900,2,17,1.0159,0.80,linear,67,600.00,0.547561
3768,1000,0.10,900,2,17,1.0223,0.80,linear,68,739.00,0.198701
3769,1000,0.10,900,2,17,1.0481,0.80,linear,69,434.00,0.372273
3770,1000,0.10,900,2,17,1.0082,0.80,linear,70,362.00,0.491017
3771,1000,0.10,900,2,17,1.0481,0.80,linear,71,350.00,0.507996
3772,1000,0.10,900,2,17,1.0141,0.80,linear,72,379.00,0.575429
3773,1000,0.10,900,2,17,0.9958,0.80,linear,73,359.00,0.227382
3774,1000,0.10,900,2,17,1.0115,0.80,linear,74,352.00,0.527297
3775,1000,0.10,900,2,17,0.9952,0.80,linear,75,374.00,0.546588
3776,1000,0.10,900,2,17,1.0225,0.80,linear,76,347.00,0.511148
3777,1000,0.10,900,2,17,1.0369,0.80,linear,77,391.00,0.207182
3778,1000,0.10,900,2,17,0.9876,0.80,linear,78,365.00,0.298971
3779,1000,0.10,900,2,17,1.0576,0.80,linear,79,377.00,0.843184
3780,1000,0.10,900,2,17,1.0491,0.80,linear,80,363.00,0.188075
3781,1000,0.10,900,2,17,1.0211,0.80,linear,81,367.00,0.477817
3782,1000,0.10,900,2,17,1.0154,0.80,linear,82,342.00,0.423457
3783,1000,0.10,900,2,17,1.0078,0.80,linear,83,366.00,0.388724
3784,1000,0.10,900,2,17,1.0313,0.80,linear,84,351.00,0.558608
3785,1000,0.10,900,2,17,0.9949,0.80,linear,85,347.00,0.259710
3786,1000,0.10,900,2,17,1.0190,0.80,linear,86,351.00,0.561240
3787,1000,0.10,900,2,17,1.0492,0.80,linear,87,346.00,0.353338
3788,1000,0.10,900,2,17,1.0510,0.80,linear,88,370.00,0.394582
3789,1000,0.10,900,2,17,1.0394,0.80,linear,89,371.00,0.716219
3790,1000,0.10,900,2,17,0.9956,0.80,linear,90,372.00,0.604378
3791,1000,0.10,900,2,17,1.0173,0.80,linear,91,341.00,0.657520
3792,1000,0.10,900,2,17,1.0107,0.80,linear,92,355.00,0.449482
3793,1000,0.10,900,2,17,0.9952,0.80,linear,93,348.00,0.550971
3794,1000,0.10,900,2,17,1.0584,0.80,linear,94,354.00,0.425263
3795,1000,0.10,900,2,17,0.9826,0.80,linear,95,381.00,0.371390
3796,1000,0.10,900,2,17,1.0476,0.80,linear,96,347.00,0.573453
3797,1000,0.10,900,2,17,0.9618,0.80,linear,97,342.00,0.334917
3798,1000,0.10,900,2,17,1.0342,0.80,linear,98,393.00,0.317995
3799,1000,0.10,900,2,17,1.0214,0.80,linear,99,377.00,0.503304
3800,1000,0.10,900,2,17,1.0387,0.85,linear,0,365.00,0.448208
3801,1000,0.10,900,2,17,1.0626,0.85,linear,1,398.00,0.118571
3802,1000,0.10,900,2,17,0.9949,0.85,linear,2,370.00,0.372811
3803,1000,0.10,900,2,17,1.0193,0.85,linear,3,377.00,0.294037
3804,1000,0.10,900,2,17,1.0312,0.85,linear,4,382.00,0.462710
3805,1000,0.10,900,2,17,1.0155,0.85,linear,5,357.00,0.260272
3806,1000,0.10,900,2,17,1.0214,0.85,linear,6,389.00,0.505504
3807,1000,0.10,900,2,17,1.0595,0.85,linear,7,364.00,0.416548
3808,1000,0.10,900,2,17,1.0129,0.85,linear,8,373.00,0.432493
3809,1000,0.10,900,2,17,1.0314,0.85,linear,9,371.00,0.327329
3810,1000,0.10,900,2,17,0.9930,0.85,linear,10,371.00,0.428113
3811,1000,0.10,900,2,17,1.0688,0.85,linear,11,351.00,0.593468
3812,1000,0.10,900,2,17,1.0157,0.85,linear,12,367.00,0.546122
3813,1000,0.10,900,2,17,1.0093,0.85,linear,13,382.00,0.624138
3814,1000,0.10,900,2,17,1.0027,0.85,linear,14,358.00,0.311896
3815,1000,0.10,900,2,17,1.0092,0.85,linear,15,357.00,0.397562
3816,1000,0.10,900,2,17,1.0217,0.85,linear,16,334.00,0.339951
3817,1000,0.10,900,2,17,1.0306,0.85,linear,17,341.00,0.289017
3818,1000,0.10,900,2,17,1.0221,0.85,linear,18,360.00,0.504647
3819,1000,0.10,900,2,17,1.0279,0.85,linear,19,334.00,0.285857
3820,1000,0.10,900,2,17,1.0284,0.85,linear,20,335.00,0.311469
3821,1000,0.10,900,2,17,1.0115,0.85,linear,21,379.00,0.414371
3822,1000,0.10,900,2,17,0.9990,0.85,linear,22,380.00,0.408114
3823,1000,0.10,900,2,17,1.0612,0.85,linear,23,366.00,0.348891
3824,1000,0.10,900,2,17,1.0385,0.85,linear,24,375.00,0.339952
3825,1000,0.10,900,2,17,1.0563,0.85,linear,25,360.00,0.634350
3826,1000,0.10,900,2,17,1.0452,0.85,linear,26,363.00,0.461469
3827,1000,0.10,900,2,17,0.9719,0.85,linear,27,372.00,0.421034
3828,1000,0.10,900,2,17,1.0137,0.85,linear,28,354.00,0.441216
3829,1000,0.10,900,2,17,1.0648,0.85,linear,29,366.00,0.329044
3830,1000,0.10,900,2,17,1.0610,0.85,linear,30,368.00,0.459181
3831,1000,0.10,900,2,17,0.9837,0.85,linear,31,345.00,0.380120
3832,1000,0.10,900,2,17,1.0157,0.85,linear,32,368.00,0.379518
3833,1000,0.10,900,2,17,1.0052,0.85,linear,33,349.00,0.527805
3834,1000,0.10,900,2,17,1.0502,0.85,linear,34,353.00,0.332943
3835,1000,0.10,900,2,17,1.0285,0.85,linear,35,342.00,0.391674
3836,1000,0.10,900,2,17,1.0577,0.85,linear,36,322.00,0.339598
3837,1000,0.10,900,2,17,1.0231,0.85,linear,37,374.00,0.346896
3838,1000,0.10,900,2,17,0.9740,0.85,linear,38,370.00,0.763500
3839,1000,0.10,900,2,17,1.0606,0.85,linear,39,382.00,0.675239
3840,1000,0.10,900,2,17,1.0299,0.85,linear,40,359.00,0.195148
3841,1000,0.10,900,2,17,1.0322,0.85,linear,41,342.00,0.753928
3842,1000,0.10,900,2,17,1.0122,0.85,linear,42,361.00,0.701247
3843,1000,0.10,900,2,17,1.0338,0.85,linear,43,361.00,0.494943
3844,1000,0.10,900,2,17,0.9758,0.85,linear,44,381.00,0.613041
3845,1000,0.10,900,2,17,1.0432,0.85,linear,45,377.00,0.553099
3846,1000,0.10,900,2,17,1.0564,0.85,linear,46,357.00,0.392203
3847,1000,0.10,900,2,17,1.0579,0.85,linear,47,365.00,0.586638
3848,1000,0.10,900,2,17,1.0670,0.85,linear,48,342.00,0.301134
3849,1000,0.10,900,2,17,0.9935,0.85,linear,49,366.00,0.354270
3850,1000,0.10,900,2,17,1.0186,0.85,linear,50,357.00,0.577721
3851,1000,0.10,900,2,17,0.9947,0.85,linear,51,365.00,0.576360
3852,1000,0.10,900,2,17,1.0214,0.85,linear,52,327.00,0.597181
3853,1000,0.10,900,2,17,0.9994,0.85,linear,53,364.00,0.411438
3854,1000,0.10,900,2,17,1.0100,0.85,linear,54,363.00,0.289797
3855,1000,0.10,900,2,17,1.0269,0.85,linear,55,365.00,0.294817
3856,1000,0.10,900,2,17,0.9807,0.85,linear,56,332.00,0.398769
3857,1000,0.10,900,2,17,1.0159,0.85,linear,57,351.00,0.272215
3858,1000,0.10,900,2,17,1.0002,0.85,linear,58,349.00,0.333709
3859,1000,0.10,900,2,17,1.0248,0.85,linear,59,329.00,0.304382
3860,1000,0.10,900,2,17,1.0171,0.85,linear,60,321.00,0.493234
3861,1000,0.10,900,2,17,1.0386,0.85,linear,61,349.00,0.287370
3862,1000,0.10,900,2,17,1.0503,0.85,linear,62,336.00,0.318346
3863,1000,0.10,900,2,17,0.9803,0.85,linear,63,361.00,0.380045
3864,1000,0.10,900,2,17,1.0165,0.85,linear,64,359.00,0.327422
3865,1000,0.10,900,2,17,1.0114,0.85,linear,65,359.00,0.415974
3866,1000,0.10,900,2,17,1.0348,0.85,linear,66,339.00,0.240512
3867,1000,0.10,900,2,17,1.0230,0.85,linear,67,373.00,0.636350
3868,1000,0.10,900,2,17,1.0847,0.85,linear,68,375.00,0.456507
3869,1000,0.10,900,2,17,1.0243,0.85,linear,69,308.00,0.441239
3870,1000,0.10,900,2,17,1.0645,0.85,linear,70,379.00,0.239860
3871,1000,0.10,900,2,17,1.0020,0.85,linear,71,369.00,0.436691
3872,1000,0.10,900,2,17,1.0520,0.85,linear,72,379.00,0.410625
3873,1000,0.10,900,2,17,1.0227,0.85,linear,73,354.00,0.307952
3874,1000,0.10,900,2,17,1.0309,0.85,linear,74,352.00,0.532729
3875,1000,0.10,900,2,17,1.0400,0.85,linear,75,367.00,0.648917
3876,1000,0.10,900,2,17,1.0193,0.85,linear,76,338.00,0.257448
3877,1000,0.10,900,2,17,1.0181,0.85,linear,77,337.00,0.485879
3878,1000,0.10,900,2,17,1.0191,0.85,linear,78,351.00,0.497633
3879,1000,0.10,900,2,17,1.0395,0.85,linear,79,363.00,0.742409
3880,1000,0.10,900,2,17,1.0418,0.85,linear,80,353.00,0.294514
3881,1000,0.10,900,2,17,0.9837,0.85,linear,81,356.00,0.190109
3882,1000,0.10,900,2,17,1.0001,0.85,linear,82,356.00,0.522249
3883,1000,0.10,900,2,17,1.0351,0.85,linear,83,377.00,0.315094
3884,1000,0.10,900,2,17,1.0197,0.85,linear,84,324.00,0.444387
3885,1000,0.10,900,2,17,1.0146,0.85,linear,85,368.00,0.611892
3886,1000,0.10,900,2,17,0.9942,0.85,linear,86,375.00,0.486323
3887,1000,0.10,900,2,17,0.9896,0.85,linear,87,345.00,0.394276
3888,1000,0.10,900,2,17,1.0242,0.85,linear,88,332.00,0.438761
3889,1000,0.10,900,2,17,0.9915,0.85,linear,89,353.00,0.220287
3890,1000,0.10,900,2,17,1.0051,0.85,linear,90,367.00,0.290357
3891,1000,0.10,900,2,17,1.0138,0.85,linear,91,389.00,0.314666
3892,1000,0.10,900,2,17,1.0447,0.85,linear,92,392.00,0.234500
3893,1000,0.10,900,2,17,0.9991,0.85,linear,93,345.00,0.572356
3894,1000,0.10,900,2,17,1.0347,0.85,linear,94,344.00,0.578399
3895,1000,0.10,900,2,17,0.9941,0.85,linear,95,349.00,0.407353
3896,1000,0.10,900,2,17,0.9489,0.85,linear,96,351.00,0.320437
3897,1000,0.10,900,2,17,1.0495,0.85,linear,97,327.00,0.377105
3898,1000,0.10,900,2,17,1.0171,0.85,linear,98,364.00,0.246663
3899,1000,0.10,900,2,17,1.0272,0.85,linear,99,360.00,0.473488
3900,1000,0.10,900,2,17,1.1364,0.90,linear,0,343.00,0.681736
3901,1000,0.10,900,2,17,0.9947,0.90,linear,1,353.00,0.679578
3902,1000,0.10,900,2,17,1.0466,0.90,linear,2,361.00,0.254843
3903,1000,0.10,900,2,17,0.9611,0.90,linear,3,339.00,0.445359
3904,1000,0.10,900,2,17,1.0166,0.90,linear,4,365.00,0.498176
3905,1000,0.10,900,2,17,1.0603,0.90,linear,5,391.00,0.336347
3906,1000,0.10,900,2,17,1.0119,0.90,linear,6,356.00,0.514442
3907,1000,0.10,900,2,17,1.0353,0.90,linear,7,359.00,0.454363
3908,1000,0.10,900,2,17,1.0021,0.90,linear,8,369.00,0.461005
3909,1000,0.10,900,2,17,1.0216,0.90,linear,9,389.00,0.316202
3910,1000,0.10,900,2,17,1.0354,0.90,linear,10,363.00,0.750085
3911,1000,0.10,900,2,17,0.9868,0.90,linear,11,360.00,0.192865
3912,1000,0.10,900,2,17,0.9817,0.90,linear,12,373.00,0.417028
3913,1000,0.10,900,2,17,1.0315,0.90,linear,13,318.00,0.587000
3914,1000,0.10,900,2,17,0.9714,0.90,linear,14,357.00,0.231012
3915,1000,0.10,900,2,17,1.0356,0.90,linear,15,339.00,0.488153
3916,1000,0.10,900,2,17,1.0468,0.90,linear,16,346.00,0.287354
3917,1000,0.10,900,2,17,1.0142,0.90,linear,17,352.00,0.349316
3918,1000,0.10,900,2,17,1.0076,0.90,linear,18,364.00,0.287985
3919,1000,0.10,900,2,17,0.9763,0.90,linear,19,345.00,0.572894
3920,1000,0.10,900,2,17,1.0065,0.90,linear,20,371.00,0.519858
3921,1000,0.10,900,2,17,1.0425,0.90,linear,21,378.00,0.717691
3922,1000,0.10,900,2,17,0.9787,0.90,linear,22,360.00,0.360572
3923,1000,0.10,900,2,17,1.0328,0.90,linear,23,348.00,0.413586
3924,1000,0.10,900,2,17,1.0479,0.90,linear,24,371.00,0.410388
3925,1000,0.10,900,2,17,1.0122,0.90,linear,25,340.00,0.481533
3926,1000,0.10,900,2,17,0.9924,0.90,linear,26,379.00,0.358228
3927,1000,0.10,900,2,17,1.0144,0.90,linear,27,366.00,0.483719
3928,1000,0.10,900,2,17,1.0215,0.90,linear,28,321.00,0.638416
3929,1000,0.10,900,2,17,1.0117,0.90,linear,29,382.00,0.477835
3930,1000,0.10,900,2,17,1.0655,0.90,linear,30,357.00,0.295801
3931,1000,0.10,900,2,17,1.0351,0.90,linear,31,358.00,0.749168
3932,1000,0.10,900,2,17,1.0358,0.90,linear,32,350.00,0.517085
3933,1000,0.10,900,2,17,1.0449,0.90,linear,33,336.00,0.538661
3934,1000,0.10,900,2,17,1.0251,0.90,linear,34,354.00,0.552789
3935,1000,0.10,900,2,17,0.9958,0.90,linear,35,362.00,0.440814
3936,1000,0.10,900,2,17,1.0109,0.90,linear,36,352.00,0.500002
3937,1000,0.10,900,2,17,0.9986,0.90,linear,37,339.00,0.609436
3938,1000,0.10,900,2,17,1.0133,0.90,linear,38,365.00,0.433429
3939,1000,0.10,900,2,17,1.0189,0.90,linear,39,374.00,0.504254
3940,1000,0.10,900,2,17,1.0531,0.90,linear,40,361.00,0.395535
3941,1000,0.10,900,2,17,1.0032,0.90,linear,41,345.00,0.278946
3942,1000,0.10,900,2,17,0.9991,0.90,linear,42,366.00,0.227751
3943,1000,0.10,900,2,17,1.0652,0.90,linear,43,360.00,0.629108
3944,1000,0.10,900,2,17,1.0260,0.90,linear,44,379.00,0.306448
3945,1000,0.10,900,2,17,1.0663,0.90,linear,45,357.00,0.390806
3946,1000,0.10,900,2,17,1.0058,0.90,linear,46,353.00,0.400972
3947,1000,0.10,900,2,17,1.0044,0.90,linear,47,331.00,0.664650
3948,1000,0.10,900,2,17,1.0286,0.90,linear,48,365.00,0.667618
3949,1000,0.10,900,2,17,1.0503,0.90,linear,49,368.00,0.488788
3950,1000,0.10,900,2,17,1.0142,0.90,linear,50,376.00,0.543607
3951,1000,0.10,900,2,17,1.0178,0.90,linear,51,368.00,0.423958
3952,1000,0.10,900,2,17,1.0014,0.90,linear,52,372.00,0.442765
3953,1000,0.10,900,2,17,1.0111,0.90,linear,53,376.00,0.309104
3954,1000,0.10,900,2,17,1.0086,0.90,linear,54,335.00,0.796924
3955,1000,0.10,900,2,17,1.0208,0.90,linear,55,391.00,0.712929
3956,1000,0.10,900,2,17,1.0342,0.90,linear,56,349.00,0.277697
3957,1000,0.10,900,2,17,1.0407,0.90,linear,57,370.00,0.392610
3958,1000,0.10,900,2,17,1.0254,0.90,linear,58,341.00,0.629290
3959,1000,0.10,900,2,17,1.0116,0.90,linear,59,342.00,0.491094
3960,1000,0.10,900,2,17,1.0082,0.90,linear,60,384.00,0.592904
3961,1000,0.10,900,2,17,1.0050,0.90,linear,61,345.00,0.331840
3962,1000,0.10,900,2,17,1.0033,0.90,linear,62,349.00,0.344142
3963,1000,0.10,900,2,17,1.0123,0.90,linear,63,312.00,0.357401
3964,1000,0.10,900,2,17,1.0177,0.90,linear,64,367.00,0.216858
3965,1000,0.10,900,2,17,1.0133,0.90,linear,65,359.00,0.463924
3966,1000,0.10,900,2,17,0.9938,0.90,linear,66,344.00,0.585505
3967,1000,0.10,900,2,17,1.0123,0.90,linear,67,390.00,0.730568
3968,1000,0.10,900,2,17,0.9872,0.90,linear,68,335.00,0.417166
3969,1000,0.10,900,2,17,1.0284,0.90,linear,69,354.00,0.467786
3970,1000,0.10,900,2,17,0.9765,0.90,linear,70,359.00,0.469644
3971,1000,0.10,900,2,17,1.0027,0.90,linear,71,351.00,0.604918
3972,1000,0.10,900,2,17,1.0194,0.90,linear,72,350.00,0.478815
3973,1000,0.10,900,2,17,0.9957,0.90,linear,73,361.00,0.467736
3974,1000,0.10,900,2,17,1.0641,0.90,linear,74,359.00,0.518071
3975,1000,0.10,900,2,17,1.0484,0.90,linear,75,361.00,0.346529
3976,1000,0.10,900,2,17,1.0417,0.90,linear,76,331.00,0.466374
3977,1000,0.10,900,2,17,0.9979,0.90,linear,77,350.00,0.621646
3978,1000,0.10,900,2,17,0.9956,0.90,linear,78,367.00,0.326527
3979,1000,0.10,900,2,17,1.0236,0.90,linear,79,400.00,0.382282
3980,1000,0.10,900,2,17,0.9759,0.90,linear,80,378.00,0.385768
3981,1000,0.10,900,2,17,0.9878,0.90,linear,81,367.00,0.625366
3982,1000,0.10,900,2,17,0.9917,0.90,linear,82,364.00,0.496951
3983,1000,0.10,900,2,17,1.0046,0.90,linear,83,375.00,0.575144
3984,1000,0.10,900,2,17,1.0547,0.90,linear,84,370.00,0.644519
3985,1000,0.10,900,2,17,0.9756,0.90,linear,85,355.00,0.343564
3986,1000,0.10,900,2,17,1.0180,0.90,linear,86,371.00,0.295262
3987,1000,0.10,900,2,17,1.0352,0.90,linear,87,365.00,0.254523
3988,1000,0.10,900,2,17,0.9945,0.90,linear,88,380.00,0.364529
3989,1000,0.10,900,2,17,1.0230,0.90,linear,89,371.00,0.517259
3990,1000,0.10,900,2,17,1.0288,0.90,linear,90,380.00,0.366107
3991,1000,0.10,900,2,17,1.0288,0.90,linear,91,377.00,0.502149
3992,1000,0.10,900,2,17,0.9798,0.90,linear,92,368.00,0.657968
3993,1000,0.10,900,2,17,1.0116,0.90,linear,93,358.00,0.356471
3994,1000,0.10,900,2,17,0.9907,0.90,linear,94,573.00,0.421957
3995,1000,0.10,900,2,17,1.0275,0.90,linear,95,579.00,0.679094
3996,1000,0.10,900,2,17,1.0291,0.90,linear,96,374.00,0.346803
3997,1000,0.10,900,2,17,1.0080,0.90,linear,97,376.00,0.688192
3998,1000,0.10,900,2,17,1.0133,0.90,linear,98,357.00,0.504393
3999,1000,0.10,900,2,17,1.0113,0.90,linear,99,347.00,0.486338
4000,1000,0.10,900,2,17,0.9956,0.95,linear,0,361.00,0.468582
4001,1000,0.10,900,2,17,1.0221,0.95,linear,1,364.00,0.308744
4002,1000,0.10,900,2,17,0.9601,0.95,linear,2,365.00,0.280772
4003,1000,0.10,900,2,17,0.9894,0.95,linear,3,354.00,0.734466
4004,1000,0.10,900,2,17,1.0365,0.95,linear,4,352.00,0.314824
4005,1000,0.10,900,2,17,0.9870,0.95,linear,5,375.00,0.262691
4006,1000,0.10,900,2,17,1.0446,0.95,linear,6,383.00,0.653108
4007,1000,0.10,900,2,17,0.9608,0.95,linear,7,367.00,0.584162
4008,1000,0.10,900,2,17,0.9837,0.95,linear,8,366.00,0.312081
4009,1000,0.10,900,2,17,1.0343,0.95,linear,9,390.00,0.592436
4010,1000,0.10,900,2,17,1.0254,0.95,linear,10,352.00,0.365672
4011,1000,0.10,900,2,17,0.9999,0.95,linear,11,340.00,0.355333
4012,1000,0.10,900,2,17,1.0142,0.95,linear,12,364.00,0.551450
4013,1000,0.10,900,2,17,1.0190,0.95,linear,13,353.00,0.578254
4014,1000,0.10,900,2,17,0.9991,0.95,linear,14,353.00,0.510763
4015,1000,0.10,900,2,17,0.9835,0.95,linear,15,369.00,0.487096
4016,1000,0.10,900,2,17,0.9823,0.95,linear,16,350.00,0.631743
4017,1000,0.10,900,2,17,0.9984,0.95,linear,17,390.00,0.488123
4018,1000,0.10,900,2,17,1.0242,0.95,linear,18,345.00,0.423094
4019,1000,0.10,900,2,17,0.9808,0.95,linear,19,358.00,0.781528
4020,1000,0.10,900,2,17,0.9946,0.95,linear,20,359.00,0.514025
4021,1000,0.10,900,2,17,0.9747,0.95,linear,21,416.00,0.503237
4022,1000,0.10,900,2,17,1.0209,0.95,linear,22,364.00,0.407521
4023,1000,0.10,900,2,17,1.0255,0.95,linear,23,359.00,0.388046
4024,1000,0.10,900,2,17,1.0584,0.95,linear,24,387.00,0.219220
4025,1000,0.10,900,2,17,1.0524,0.95,linear,25,366.00,0.358228
4026,1000,0.10,900,2,17,0.9541,0.95,linear,26,365.00,0.439037
4027,1000,0.10,900,2,17,0.9868,0.95,linear,27,367.00,0.621635
4028,1000,0.10,900,2,17,0.9985,0.95,linear,28,354.00,0.355121
4029,1000,0.10,900,2,17,0.9799,0.95,linear,29,339.00,0.751289
4030,1000,0.10,900,2,17,1.0112,0.95,linear,30,361.00,0.473965
4031,1000,0.10,900,2,17,1.0271,0.95,linear,31,355.00,0.787692
4032,1000,0.10,900,2,17,1.0017,0.95,linear,32,342.00,0.426308
4033,1000,0.10,900,2,17,1.0135,0.95,linear,33,395.00,0.584670
4034,1000,0.10,900,2,17,0.9711,0.95,linear,34,368.00,0.413430
4035,1000,0.10,900,2,17,1.0061,0.95,linear,35,363.00,0.427916
4036,1000,0.10,900,2,17,0.9727,0.95,linear,36,383.00,0.519857
4037,1000,0.10,900,2,17,0.9749,0.95,linear,37,389.00,0.431715
4038,1000,0.10,900,2,17,1.0337,0.95,linear,38,345.00,0.636576
4039,1000,0.10,900,2,17,0.9989,0.95,linear,39,337.00,0.401542
4040,1000,0.10,900,2,17,1.0815,0.95,linear,40,337.00,0.699527
4041,1000,0.10,900,2,17,1.0148,0.95,linear,41,357.00,0.649024
4042,1000,0.10,900,2,17,0.9977,0.95,linear,42,379.00,0.570247
4043,1000,0.10,900,2,17,1.0012,0.95,linear,43,382.00,0.505073
4044,1000,0.10,900,2,17,0.9827,0.95,linear,44,361.00,0.660102
4045,1000,0.10,900,2,17,0.9622,0.95,linear,45,346.00,0.412081
4046,1000,0.10,900,2,17,0.9817,0.95,linear,46,331.00,0.401842
4047,1000,0.10,900,2,17,0.9889,0.95,linear,47,359.00,0.689707
4048,1000,0.10,900,2,17,1.0456,0.95,linear,48,359.00,0.538255
4049,1000,0.10,900,2,17,0.9846,0.95,linear,49,384.00,0.402720
4050,1000,0.10,900,2,17,1.0069,0.95,linear,50,364.00,0.575026
4051,1000,0.10,900,2,17,0.9884,0.95,linear,51,357.00,0.405425
4052,1000,0.10,900,2,17,0.9653,0.95,linear,52,354.00,0.543708
4053,1000,0.10,900,2,17,1.0069,0.95,linear,53,380.00,0.526312
4054,1000,0.10,900,2,17,0.9985,0.95,linear,54,361.00,0.432067
4055,1000,0.10,900,2,17,0.9774,0.95,linear,55,363.00,0.410754
4056,1000,0.10,900,2,17,1.0424,0.95,linear,56,352.00,0.377639
4057,1000,0.10,900,2,17,1.0333,0.95,linear,57,346.00,0.617292
4058,1000,0.10,900,2,17,1.0030,0.95,linear,58,378.00,0.326436
4059,1000,0.10,900,2,17,1.0068,0.95,linear,59,349.00,0.285716
4060,1000,0.10,900,2,17,1.0039,0.95,linear,60,356.00,0.463768
4061,1000,0.10,900,2,17,1.0169,0.95,linear,61,330.00,0.476889
4062,1000,0.10,900,2,17,1.0322,0.95,linear,62,386.00,0.431025
4063,1000,0.10,900,2,17,1.0081,0.95,linear,63,357.00,0.344583
4064,1000,0.10,900,2,17,0.9808,0.95,linear,64,359.00,0.335934
4065,1000,0.10,900,2,17,1.0001,0.95,linear,65,361.00,0.523141
4066,1000,0.10,900,2,17,0.9793,0.95,linear,66,407.00,0.343043
4067,1000,0.10,900,2,17,1.0400,0.95,linear,67,377.00,0.372744
4068,1000,0.10,900,2,17,0.9976,0.95,linear,68,374.00,0.461715
4069,1000,0.10,900,2,17,1.0200,0.95,linear,69,385.00,0.524619
4070,1000,0.10,900,2,17,1.0070,0.95,linear,70,312.00,0.499902
4071,1000,0.10,900,2,17,1.0152,0.95,linear,71,352.00,0.472060
4072,1000,0.10,900,2,17,1.0103,0.95,linear,72,349.00,0.355289
4073,1000,0.10,900,2,17,1.0281,0.95,linear,73,378.00,0.486742
4074,1000,0.10,900,2,17,0.9967,0.95,linear,74,356.00,0.541264
4075,1000,0.10,900,2,17,1.0217,0.95,linear,75,364.00,0.324333
4076,1000,0.10,900,2,17,1.0189,0.95,linear,76,361.00,0.717124
4077,1000,0.10,900,2,17,1.0204,0.95,linear,77,350.00,0.458133
4078,1000,0.10,900,2,17,1.0068,0.95,linear,78,362.00,0.479195
4079,1000,0.10,900,2,17,0.9760,0.95,linear,79,331.00,0.431011
4080,1000,0.10,900,2,17,0.9937,0.95,linear,80,357.00,0.339765
4081,1000,0.10,900,2,17,0.9873,0.95,linear,81,365.00,0.491120
4082,1000,0.10,900,2,17,0.9956,0.95,linear,82,353.00,0.409542
4083,1000,0.10,900,2,17,0.9862,0.95,linear,83,358.00,0.331091
4084,1000,0.10,900,2,17,1.0144,0.95,linear,84,344.00,0.482310
4085,1000,0.10,900,2,17,0.9977,0.95,linear,85,359.00,0.616843
4086,1000,0.10,900,2,17,1.0151,0.95,linear,86,369.00,0.589507
4087,1000,0.10,900,2,17,1.0110,0.95,linear,87,368.00,0.529463
4088,1000,0.10,900,2,17,1.0307,0.95,linear,88,350.00,0.366727
4089,1000,0.10,900,2,17,1.0086,0.95,linear,89,350.00,0.355404
4090,1000,0.10,900,2,17,1.0044,0.95,linear,90,322.00,0.616258
4091,1000,0.10,900,2,17,1.0243,0.95,linear,91,356.00,0.511700
4092,1000,0.10,900,2,17,0.9693,0.95,linear,92,352.00,0.528808
4093,1000,0.10,900,2,17,1.0194,0.95,linear,93,331.00,0.671435
4094,1000,0.10,900,2,17,0.9796,0.95,linear,94,350.00,0.443827
4095,1000,0.10,900,2,17,1.0304,0.95,linear,95,368.00,0.556078
4096,1000,0.10,900,2,17,0.9995,0.95,linear,96,377.00,0.523644
4097,1000,0.10,900,2,17,0.9936,0.95,linear,97,345.00,0.369340
4098,1000,0.10,900,2,17,1.0010,0.95,linear,98,350.00,0.369409
4099,1000,0.10,900,2,17,1.0320,0.95,linear,99,349.00,0.348202
4100,1000,0.10,900,2,17,1.0077,1.00,linear,0,374.00,0.362594
4101,1000,0.10,900,2,17,0.9836,1.00,linear,1,347.00,0.632272
4102,1000,0.10,900,2,17,0.9835,1.00,linear,2,359.00,0.281675
4103,1000,0.10,900,2,17,0.9747,1.00,linear,3,377.00,0.579559
4104,1000,0.10,900,2,17,0.9463,1.00,linear,4,377.00,0.628064
4105,1000,0.10,900,2,17,1.0200,1.00,linear,5,383.00,0.257569
4106,1000,0.10,900,2,17,1.0312,1.00,linear,6,349.00,0.439274
4107,1000,0.10,900,2,17,0.9882,1.00,linear,7,337.00,0.342913
4108,1000,0.10,900,2,17,0.9868,1.00,linear,8,366.00,0.723895
4109,1000,0.10,900,2,17,0.9967,1.00,linear,9,331.00,0.437526
4110,1000,0.10,900,2,17,1.0011,1.00,linear,10,361.00,0.424675
4111,1000,0.10,900,2,17,1.0401,1.00,linear,11,353.00,0.524627
4112,1000,0.10,900,2,17,1.0314,1.00,linear,12,380.00,0.763645
4113,1000,0.10,900,2,17,0.9760,1.00,linear,13,330.00,0.379700
4114,1000,0.10,900,2,17,1.0323,1.00,linear,14,360.00,0.500781
4115,1000,0.10,900,2,17,0.9984,1.00,linear,15,379.00,0.708028
4116,1000,0.10,900,2,17,1.0057,1.00,linear,16,369.00,0.432539
4117,1000,0.10,900,2,17,1.0163,1.00,linear,17,338.00,0.527347
4118,1000,0.10,900,2,17,1.0230,1.00,linear,18,355.00,0.436605
4119,1000,0.10,900,2,17,1.0176,1.00,linear,19,368.00,0.394137
4120,1000,0.10,900,2,17,0.9920,1.00,linear,20,339.00,0.444182
4121,1000,0.10,900,2,17,0.9818,1.00,linear,21,360.00,0.400033
4122,1000,0.10,900,2,17,1.0157,1.00,linear,22,342.00,0.617756
4123,1000,0.10,900,2,17,1.0250,1.00,linear,23,362.00,0.557238
4124,1000,0.10,900,2,17,1.0140,1.00,linear,24,323.00,0.429187
4125,1000,0.10,900,2,17,0.9778,1.00,linear,25,352.00,0.521448
4126,1000,0.10,900,2,17,1.0400,1.00,linear,26,336.00,0.511803
4127,1000,0.10,900,2,17,0.9536,1.00,linear,27,361.00,0.406889
4128,1000,0.10,900,2,17,1.0383,1.00,linear,28,367.00,0.451956
4129,1000,0.10,900,2,17,0.9795,1.00,linear,29,353.00,0.307773
4130,1000,0.10,900,2,17,1.0133,1.00,linear,30,385.00,0.484088
4131,1000,0.10,900,2,17,1.0101,1.00,linear,31,336.00,0.489020
4132,1000,0.10,900,2,17,0.9939,1.00,linear,32,358.00,0.358660
4133,1000,0.10,900,2,17,1.0148,1.00,linear,33,335.00,0.647837
4134,1000,0.10,900,2,17,0.9825,1.00,linear,34,358.00,0.603325
4135,1000,0.10,900,2,17,1.0068,1.00,linear,35,356.00,0.522520
4136,1000,0.10,900,2,17,0.9885,1.00,linear,36,355.00,0.593790
4137,1000,0.10,900,2,17,1.0171,1.00,linear,37,338.00,0.582747
4138,1000,0.10,900,2,17,0.9371,1.00,linear,38,333.00,0.688524
4139,1000,0.10,900,2,17,1.0062,1.00,linear,39,356.00,0.466446
4140,1000,0.10,900,2,17,1.0121,1.00,linear,40,368.00,0.418859
4141,1000,0.10,900,2,17,0.9794,1.00,linear,41,363.00,0.306944
4142,1000,0.10,900,2,17,1.0313,1.00,linear,42,351.00,0.352249
4143,1000,0.10,900,2,17,0.9868,1.00,linear,43,333.00,0.562563
4144,1000,0.10,900,2,17,1.0306,1.00,linear,44,354.00,0.548932
4145,1000,0.10,900,2,17,0.9622,1.00,linear,45,348.00,0.572210
4146,1000,0.10,900,2,17,1.0225,1.00,linear,46,326.00,0.382757
4147,1000,0.10,900,2,17,0.9675,1.00,linear,47,342.00,0.628699
4148,1000,0.10,900,2,17,0.9654,1.00,linear,48,365.00,0.456283
4149,1000,0.10,900,2,17,1.0034,1.00,linear,49,369.00,0.522681
4150,1000,0.10,900,2,17,1.0293,1.00,linear,50,345.00,0.658231
4151,1000,0.10,900,2,17,0.9976,1.00,linear,51,370.00,0.334857
4152,1000,0.10,900,2,17,0.9863,1.00,linear,52,353.00,0.522720
4153,1000,0.10,900,2,17,1.0044,1.00,linear,53,369.00,0.773857
4154,1000,0.10,900,2,17,0.9698,1.00,linear,54,371.00,0.657052
4155,1000,0.10,900,2,17,1.0042,1.00,linear,55,363.00,0.386573
4156,1000,0.10,900,2,17,1.0451,1.00,linear,56,380.00,0.449847
4157,1000,0.10,900,2,17,0.9648,1.00,linear,57,340.00,0.558516
4158,1000,0.10,900,2,17,1.0088,1.00,linear,58,342.00,0.376855
4159,1000,0.10,900,2,17,0.9882,1.00,linear,59,366.00,0.376732
4160,1000,0.10,900,2,17,0.9979,1.00,linear,60,361.00,0.249054
4161,1000,0.10,900,2,17,0.9817,1.00,linear,61,360.00,0.476052
4162,1000,0.10,900,2,17,0.9939,1.00,linear,62,364.00,0.622561
4163,1000,0.10,900,2,17,0.9879,1.00,linear,63,363.00,0.672428
4164,1000,0.10,900,2,17,0.9969,1.00,linear,64,321.00,0.568563
4165,1000,0.10,900,2,17,1.0218,1.00,linear,65,358.00,0.411061
4166,1000,0.10,900,2,17,1.0558,1.00,linear,66,350.00,0.600483
4167,1000,0.10,900,2,17,1.0364,1.00,linear,67,354.00,0.532871
4168,1000,0.10,900,2,17,1.0340,1.00,linear,68,350.00,0.564149
4169,1000,0.10,900,2,17,1.0016,1.00,linear,69,334.00,0.463459
4170,1000,0.10,900,2,17,0.9961,1.00,linear,70,387.00,0.548523
4171,1000,0.10,900,2,17,0.9771,1.00,linear,71,364.00,0.299875
4172,1000,0.10,900,2,17,0.9783,1.00,linear,72,355.00,0.524848
4173,1000,0.10,900,2,17,1.0367,1.00,linear,73,366.00,0.367835
4174,1000,0.10,900,2,17,1.0463,1.00,linear,74,330.00,0.445588
4175,1000,0.10,900,2,17,1.0116,1.00,linear,75,342.00,0.489078
4176,1000,0.10,900,2,17,0.9898,1.00,linear,76,353.00,0.405405
4177,1000,0.10,900,2,17,1.0332,1.00,linear,77,378.00,0.427985
4178,1000,0.10,900,2,17,1.0082,1.00,linear,78,392.00,0.445461
4179,1000,0.10,900,2,17,0.9569,1.00,linear,79,378.00,0.540511
4180,1000,0.10,900,2,17,0.9774,1.00,linear,80,344.00,0.626646
4181,1000,0.10,900,2,17,1.0033,1.00,linear,81,368.00,0.780963
4182,1000,0.10,900,2,17,1.0039,1.00,linear,82,343.00,0.346994
4183,1000,0.10,900,2,17,0.9671,1.00,linear,83,364.00,0.450031
4184,1000,0.10,900,2,17,0.9686,1.00,linear,84,377.00,0.537827
4185,1000,0.10,900,2,17,1.0183,1.00,linear,85,327.00,0.458727
4186,1000,0.10,900,2,17,1.0014,1.00,linear,86,379.00,0.407103
4187,1000,0.10,900,2,17,0.9909,1.00,linear,87,338.00,0.516543
4188,1000,0.10,900,2,17,1.0155,1.00,linear,88,355.00,0.393336
4189,1000,0.10,900,2,17,1.0139,1.00,linear,89,378.00,0.577216
4190,1000,0.10,900,2,17,0.9931,1.00,linear,90,366.00,0.429894
4191,1000,0.10,900,2,17,0.9802,1.00,linear,91,351.00,0.550908
4192,1000,0.10,900,2,17,0.9619,1.00,linear,92,347.00,0.543746
4193,1000,0.10,900,2,17,0.9637,1.00,linear,93,362.00,0.521194
4194,1000,0.10,900,2,17,0.9776,1.00,linear,94,381.00,0.549609
4195,1000,0.10,900,2,17,0.9864,1.00,linear,95,331.00,0.243294
4196,1000,0.10,900,2,17,0.9809,1.00,linear,96,359.00,0.541479
4197,1000,0.10,900,2,17,0.9816,1.00,linear,97,359.00,0.447772
4198,1000,0.10,900,2,17,1.0332,1.00,linear,98,339.00,0.327826
4199,1000,0.10,900,2,17,0.9633,1.00,linear,99,374.00,0.347881
4200,1000,0.10,900,2,17,0.9599,0.00,periodic,0,358.00,0.099079
4201,1000,0.10,900,2,17,1.0320,0.00,periodic,1,354.00,0.050040
4202,1000,0.10,900,2,17,1.0318,0.00,periodic,2,348.00,0.078040
4203,1000,0.10,900,2,17,1.0035,0.00,periodic,3,335.00,0.136978
4204,1000,0.10,900,2,17,0.9874,0.00,periodic,4,371.00,0.193919
4205,1000,0.10,900,2,17,0.9793,0.00,periodic,5,363.00,0.062993
4206,1000,0.10,900,2,17,1.0165,0.00,periodic,6,352.00,0.091857
4207,1000,0.10,900,2,17,1.0235,0.00,periodic,7,349.00,0.138052
4208,1000,0.10,900,2,17,1.0208,0.00,periodic,8,353.00,0.157290
4209,1000,0.10,900,2,17,1.0185,0.00,periodic,9,340.00,0.356694
4210,1000,0.10,900,2,17,0.9902,0.00,periodic,10,339.00,0.025685
4211,1000,0.10,900,2,17,1.0026,0.00,periodic,11,367.00,0.059237
4212,1000,0.10,900,2,17,0.9634,0.00,periodic,12,370.00,0.095381
4213,1000,0.10,900,2,17,0.9615,0.00,periodic,13,338.00,0.048824
4214,1000,0.10,900,2,17,0.9942,0.00,periodic,14,405.00,0.230156
4215,1000,0.10,900,2,17,0.9910,0.00,periodic,15,350.00,0.229275
4216,1000,0.10,900,2,17,1.0039,0.00,periodic,16,370.00,0.052237
4217,1000,0.10,900,2,17,1.0050,0.00,periodic,17,361.00,0.096027
4218,1000,0.10,900,2,17,0.9885,0.00,periodic,18,317.00,0.119175
4219,1000,0.10,900,2,17,1.0224,0.00,periodic,19,336.00,0.202484
4220,1000,0.10,900,2,17,0.9990,0.00,periodic,20,349.00,0.167589
4221,1000,0.10,900,2,17,1.0309,0.00,periodic,21,372.00,0.363087
4222,1000,0.10,900,2,17,0.9777,0.00,periodic,22,369.00,0.134344
4223,1000,0.10,900,2,17,1.0214,0.00,periodic,23,359.00,0.131315
4224,1000,0.10,900,2,17,0.9771,0.00,periodic,24,346.00,0.020542
4225,1000,0.10,900,2,17,1.0236,0.00,periodic,25,347.00,0.054392
4226,1000,0.10,900,2,17,1.0020,0.00,periodic,26,368.00,0.178758
4227,1000,0.10,900,2,17,1.0229,0.00,periodic,27,359.00,0.131679
4228,1000,0.10,900,2,17,1.0238,0.00,periodic,28,352.00,0.020113
4229,1000,0.10,900,2,17,0.9913,0.00,periodic,29,368.00,0.029367
4230,1000,0.10,900,2,17,1.0331,0.00,periodic,30,363.00,0.101985
4231,1000,0.10,900,2,17,1.0326,0.00,periodic,31,389.00,0.060071
4232,1000,0.10,900,2,17,1.0086,0.00,periodic,32,358.00,0.156992
4233,1000,0.10,900,2,17,1.0069,0.00,periodic,33,373.00,0.082049
4234,1000,0.10,900,2,17,1.0204,0.00,periodic,34,362.00,0.089418
4235,1000,0.10,900,2,17,1.0295,0.00,periodic,35,397.00,0.320128
4236,1000,0.10,900,2,17,0.9604,0.00,periodic,36,391.00,0.024727
4237,1000,0.10,900,2,17,1.0106,0.00,periodic,37,355.00,0.133408
4238,1000,0.10,900,2,17,0.9559,0.00,periodic,38,364.00,0.148331
4239,1000,0.10,900,2,17,0.9646,0.00,periodic,39,357.00,0.101029
4240,1000,0.10,900,2,17,1.0060,0.00,periodic,40,355.00,0.126201
4241,1000,0.10,900,2,17,1.0044,0.00,periodic,41,380.00,0.005533
4242,1000,0.10,900,2,17,0.9772,0.00,periodic,42,343.00,0.039124
4243,1000,0.10,900,2,17,1.0037,0.00,periodic,43,356.00,0.206110
4244,1000,0.10,900,2,17,0.9800,0.00,periodic,44,370.00,0.137990
4245,1000,0.10,900,2,17,1.0257,0.00,periodic,45,342.00,0.147630
4246,1000,0.10,900,2,17,1.0064,0.00,periodic,46,335.00,0.049183
4247,1000,0.10,900,2,17,1.0034,0.00,periodic,47,338.00,0.121138
4248,1000,0.10,900,2,17,0.9872,0.00,periodic,48,330.00,0.088997
4249,1000,0.10,900,2,17,1.0270,0.00,periodic,49,358.00,0.244299
4250,1000,0.10,900,2,17,0.9908,0.00,periodic,50,331.00,0.036773
4251,1000,0.10,900,2,17,0.9776,0.00,periodic,51,375.00,0.354440
4252,1000,0.10,900,2,17,1.0111,0.00,periodic,52,361.00,0.393832
4253,1000,0.10,900,2,17,0.9853,0.00,periodic,53,350.00,0.132463
4254,1000,0.10,900,2,17,0.9782,0.00,periodic,54,339.00,0.047265
4255,1000,0.10,900,2,17,0.9644,0.00,periodic,55,373.00,0.035584
4256,1000,0.10,900,2,17,1.0135,0.00,periodic,56,348.00,0.227909
4257,1000,0.10,900,2,17,1.0370,0.00,periodic,57,400.00,0.126587
4258,1000,0.10,900,2,17,1.0029,0.00,periodic,58,363.00,0.425505
4259,1000,0.10,900,2,17,0.9687,0.00,periodic,59,335.00,0.189771
4260,1000,0.10,900,2,17,0.9861,0.00,periodic,60,368.00,0.086587
4261,1000,0.10,900,2,17,0.9759,0.00,periodic,61,335.00,0.222294
4262,1000,0.10,900,2,17,0.9881,0.00,periodic,62,361.00,0.073641
4263,1000,0.10,900,2,17,0.9885,0.00,periodic,63,339.00,0.169249
4264,1000,0.10,900,2,17,0.9864,0.00,periodic,64,355.00,0.098487
4265,1000,0.10,900,2,17,1.0121,0.00,periodic,65,356.00,0.115992
4266,1000,0.10,900,2,17,1.0170,0.00,periodic,66,357.00,0.205647
4267,1000,0.10,900,2,17,1.0309,0.00,periodic,67,340.00,0.184133
4268,1000,0.10,900,2,17,1.0201,0.00,periodic,68,335.00,0.127616
4269,1000,0.10,900,2,17,1.0296,0.00,periodic,69,373.00,0.057498
4270,1000,0.10,900,2,17,1.0666,0.00,periodic,70,379.00,0.036190
4271,1000,0.10,900,2,17,0.9800,0.00,periodic,71,357.00,0.016828
4272,1000,0.10,900,2,17,0.9685,0.00,periodic,72,342.00,0.185148
4273,1000,0.10,900,2,17,0.9638,0.00,periodic,73,355.00,0.073607
4274,1000,0.10,900,2,17,0.9846,0.00,periodic,74,344.00,0.081141
4275,1000,0.10,900,2,17,0.9947,0.00,periodic,75,354.00,0.247704
4276,1000,0.10,900,2,17,1.0006,0.00,periodic,76,373.00,0.073346
4277,1000,0.10,900,2,17,1.0020,0.00,periodic,77,384.00,0.293228
4278,1000,0.10,900,2,17,1.0156,0.00,periodic,78,345.00,0.187504
4279,1000,0.10,900,2,17,1.0403,0.00,periodic,79,360.00,0.264701
4280,1000,0.10,900,2,17,1.0031,0.00,periodic,80,362.00,0.073695
4281,1000,0.10,900,2,17,0.9926,0.00,periodic,81,364.00,0.176610
4282,1000,0.10,900,2,17,1.0064,0.00,periodic,82,380.00,0.246201
4283,1000,0.10,900,2,17,1.0099,0.00,periodic,83,331.00,0.149858
4284,1000,0.10,900,2,17,0.9992,0.00,periodic,84,358.00,0.094142
4285,1000,0.10,900,2,17,0.9982,0.00,periodic,85,356.00,0.099695
4286,1000,0.10,900,2,17,1.0290,0.00,periodic,86,345.00,0.082990
4287,1000,0.10,900,2,17,1.0304,0.00,periodic,87,355.00,0.193053
4288,1000,0.10,900,2,17,1.0090,0.00,periodic,88,373.00,0.134227
4289,1000,0.10,900,2,17,0.9946,0.00,periodic,89,350.00,0.030952
4290,1000,0.10,900,2,17,0.9720,0.00,periodic,90,358.00,0.082403
4291,1000,0.10,900,2,17,1.0110,0.00,periodic,91,357.00,0.181284
4292,1000,0.10,900,2,17,0.9691,0.00,periodic,92,373.00,0.048668
4293,1000,0.10,900,2,17,1.0145,0.00,periodic,93,351.00,0.069760
4294,1000,0.10,900,2,17,1.0581,0.00,periodic,94,393.00,0.144076
4295,1000,0.10,900,2,17,1.0295,0.00,periodic,95,329.00,0.162277
4296,1000,0.10,900,2,17,0.9820,0.00,periodic,96,373.00,0.030556
4297,1000,0.10,900,2,17,1.0018,0.00,periodic,97,377.00,0.211607
4298,1000,0.10,900,2,17,0.9932,0.00,periodic,98,344.00,0.063994
4299,1000,0.10,900,2,17,0.9813,0.00,periodic,99,393.00,0.022298
4300,1000,0.10,900,2,17,1.0057,0.05,periodic,0,337.00,0.367910
4301,1000,0.10,900,2,17,1.0615,0.05,periodic,1,362.00,0.080818
4302,1000,0.10,900,2,17,1.0489,0.05,periodic,2,370.00,0.059688
4303,1000,0.10,900,2,17,1.0077,0.05,periodic,3,333.00,0.346662
4304,1000,0.10,900,2,17,1.0225,0.05,periodic,4,364.00,0.032604
4305,1000,0.10,900,2,17,1.0313,0.05,periodic,5,340.00,0.107511
4306,1000,0.10,900,2,17,1.0518,0.05,periodic,6,349.00,0.078531
4307,1000,0.10,900,2,17,1.0352,0.05,periodic,7,349.00,0.163425
4308,1000,0.10,900,2,17,1.0171,0.05,periodic,8,369.00,0.251315
4309,1000,0.10,900,2,17,1.0291,0.05,periodic,9,367.00,0.043011
4310,1000,0.10,900,2,17,1.0357,0.05,periodic,10,385.00,0.091889
4311,1000,0.10,900,2,17,1.1013,0.05,periodic,11,338.00,0.124875
4312,1000,0.10,900,2,17,1.0795,0.05,periodic,12,367.00,0.138745
4313,1000,0.10,900,2,17,1.0125,0.05,periodic,13,324.00,0.044817
4314,1000,0.10,900,2,17,1.0453,0.05,periodic,14,369.00,0.030687
4315,1000,0.10,900,2,17,1.0330,0.05,periodic,15,362.00,0.021536
4316,1000,0.10,900,2,17,1.0529,0.05,periodic,16,354.00,0.166282
4317,1000,0.10,900,2,17,1.0457,0.05,periodic,17,336.00,0.023042
4318,1000,0.10,900,2,17,0.9893,0.05,periodic,18,365.00,0.120530
4319,1000,0.10,900,2,17,1.0293,0.05,periodic,19,388.00,0.080437
4320,1000,0.10,900,2,17,1.0052,0.05,periodic,20,383.00,0.092953
4321,1000,0.10,900,2,17,1.0237,0.05,periodic,21,333.00,0.062189
4322,1000,0.10,900,2,17,1.0570,0.05,periodic,22,348.00,0.180761
4323,1000,0.10,900,2,17,1.0850,0.05,periodic,23,356.00,0.182863
4324,1000,0.10,900,2,17,1.0493,0.05,periodic,24,362.00,0.313763
4325,1000,0.10,900,2,17,1.1251,0.05,periodic,25,355.00,0.204046
4326,1000,0.10,900,2,17,1.0311,0.05,periodic,26,363.00,0.167183
4327,1000,0.10,900,2,17,1.0348,0.05,periodic,27,376.00,0.170781
4328,1000,0.10,900,2,17,1.0707,0.05,periodic,28,355.00,0.048822
4329,1000,0.10,900,2,17,1.0522,0.05,periodic,29,349.00,0.205003
4330,1000,0.10,900,2,17,1.0853,0.05,periodic,30,348.00,0.196176
4331,1000,0.10,900,2,17,1.0872,0.05,periodic,31,328.00,0.201782
4332,1000,0.10,900,2,17,1.0636,0.05,periodic,32,377.00,0.229726
4333,1000,0.10,900,2,17,1.0620,0.05,periodic,33,372.00,0.205449
4334,1000,0.10,900,2,17,1.0590,0.05,periodic,34,344.00,0.237376
4335,1000,0.10,900,2,17,1.0763,0.05,periodic,35,376.00,0.240056
4336,1000,0.10,900,2,17,1.0483,0.05,periodic,36,375.00,0.057025
4337,1000,0.10,900,2,17,1.0645,0.05,periodic,37,352.00,0.057792
4338,1000,0.10,900,2,17,1.0224,0.05,periodic,38,359.00,0.053381
4339,1000,0.10,900,2,17,1.0638,0.05,periodic,39,325.00,0.064107
4340,1000,0.10,900,2,17,0.9994,0.05,periodic,40,372.00,0.031330
4341,1000,0.10,900,2,17,1.0794,0.05,periodic,41,377.00,0.142327
4342,1000,0.10,900,2,17,1.0431,0.05,periodic,42,393.00,0.125437
4343,1000,0.10,900,2,17,1.1221,0.05,periodic,43,343.00,0.086885
4344,1000,0.10,900,2,17,1.0196,0.05,periodic,44,339.00,0.077479
4345,1000,0.10,900,2,17,1.0556,0.05,periodic,45,372.00,0.123941
4346,1000,0.10,900,2,17,1.0854,0.05,periodic,46,337.00,0.049668
4347,1000,0.10,900,2,17,1.1112,0.05,periodic,47,338.00,0.104678
4348,1000,0.10,900,2,17,1.0219,0.05,periodic,48,338.00,0.119462
4349,1000,0.10,900,2,17,1.0619,0.05,periodic,49,345.00,0.073898
4350,1000,0.10,900,2,17,1.0113,0.05,periodic,50,334.00,0.207606
4351,1000,0.10,900,2,17,1.0430,0.05,periodic,51,347.00,0.090835
4352,1000,0.10,900,2,17,1.0166,0.05,periodic,52,359.00,0.053653
4353,1000,0.10,900,2,17,1.0674,0.05,periodic,53,372.00,0.355589
4354,1000,0.10,900,2,17,1.0439,0.05,periodic,54,338.00,0.247766
4355,1000,0.10,900,2,17,1.0538,0.05,periodic,55,323.00,0.219255
4356,1000,0.10,900,2,17,1.0203,0.05,periodic,56,345.00,0.260885
4357,1000,0.10,900,2,17,1.0388,0.05,periodic,57,319.00,0.138825
4358,1000,0.10,900,2,17,1.0626,0.05,periodic,58,394.00,0.106871
4359,1000,0.10,900,2,17,1.0094,0.05,periodic,59,360.00,0.048196
4360,1000,0.10,900,2,17,1.0465,0.05,periodic,60,365.00,0.067704
4361,1000,0.10,900,2,17,1.0593,0.05,periodic,61,359.00,0.219266
4362,1000,0.10,900,2,17,1.0395,0.05,periodic,62,374.00,0.092124
4363,1000,0.10,900,2,17,1.0483,0.05,periodic,63,367.00,0.219811
4364,1000,0.10,900,2,17,1.0389,0.05,periodic,64,351.00,0.123217
4365,1000,0.10,900,2,17,1.0300,0.05,periodic,65,363.00,0.072210
4366,1000,0.10,900,2,17,1.0040,0.05,periodic,66,346.00,0.328813
4367,1000,0.10,900,2,17,1.0004,0.05,periodic,67,340.00,0.315716
4368,1000,0.10,900,2,17,1.0597,0.05,periodic,68,368.00,0.141231
4369,1000,0.10,900,2,17,1.0462,0.05,periodic,69,355.00,0.397183
4370,1000,0.10,900,2,17,1.0329,0.05,periodic,70,368.00,0.203497
4371,1000,0.10,900,2,17,1.0378,0.05,periodic,71,371.00,0.008312
4372,1000,0.10,900,2,17,1.0524,0.05,periodic,72,345.00,0.075597
4373,1000,0.10,900,2,17,1.0453,0.05,periodic,73,352.00,0.067266
4374,1000,0.10,900,2,17,1.0715,0.05,periodic,74,370.00,0.156637
4375,1000,0.10,900,2,17,1.0738,0.05,periodic,75,365.00,0.168551
4376,1000,0.10,900,2,17,1.0533,0.05,periodic,76,379.00,0.089518
4377,1000,0.10,900,2,17,1.0563,0.05,periodic,77,370.00,0.297059
4378,1000,0.10,900,2,17,1.0501,0.05,periodic,78,359.00,0.096730
4379,1000,0.10,900,2,17,1.0913,0.05,periodic,79,365.00,0.074350
4380,1000,0.10,900,2,17,1.0365,0.05,periodic,80,346.00,0.056439
4381,1000,0.10,900,2,17,1.0566,0.05,periodic,81,343.00,0.063469
4382,1000,0.10,900,2,17,1.0793,0.05,periodic,82,357.00,0.103043
4383,1000,0.10,900,2,17,1.0346,0.05,periodic,83,352.00,0.164238
4384,1000,0.10,900,2,17,1.0519,0.05,periodic,84,379.00,0.202914
4385,1000,0.10,900,2,17,1.0434,0.05,periodic,85,375.00,0.016449
4386,1000,0.10,900,2,17,1.0750,0.05,periodic,86,358.00,0.157649
4387,1000,0.10,900,2,17,1.0694,0.05,periodic,87,361.00,0.163128
4388,1000,0.10,900,2,17,1.0703,0.05,periodic,88,348.00,0.015731
4389,1000,0.10,900,2,17,1.0628,0.05,periodic,89,355.00,0.053384
4390,1000,0.10,900,2,17,1.0618,0.05,periodic,90,349.00,0.177768
4391,1000,0.10,900,2,17,1.0445,0.05,periodic,91,365.00,0.221035
4392,1000,0.10,900,2,17,1.0339,0.05,periodic,92,359.00,0.127392
4393,1000,0.10,900,2,17,1.0212,0.05,periodic,93,380.00,0.136989
4394,1000,0.10,900,2,17,1.0618,0.05,periodic,94,369.00,0.260656
4395,1000,0.10,900,2,17,1.0522,0.05,periodic,95,367.00,0.116237
4396,1000,0.10,900,2,17,1.0796,0.05,periodic,96,363.00,0.275367
4397,1000,0.10,900,2,17,1.0632,0.05,periodic,97,363.00,0.322525
4398,1000,0.10,900,2,17,1.0488,0.05,periodic,98,378.00,0.097165
4399,1000,0.10,900,2,17,1.1038,0.05,periodic,99,378.00,0.237732
4400,1000,0.10,900,2,17,1.0938,0.10,periodic,0,345.00,0.090803
4401,1000,0.10,900,2,17,1.0549,0.10,periodic,1,361.00,0.274639
4402,1000,0.10,900,2,17,1.0812,0.10,periodic,2,347.00,0.159700
4403,1000,0.10,900,2,17,1.0740,0.10,periodic,3,363.00,0.117781
4404,1000,0.10,900,2,17,1.0876,0.10,periodic,4,342.00,0.168519
4405,1000,0.10,900,2,17,1.0359,0.10,periodic,5,360.00,0.181163
4406,1000,0.10,900,2,17,1.0858,0.10,periodic,6,353.00,0.133234
4407,1000,0.10,900,2,17,1.0453,0.10,periodic,7,360.00,0.206596
4408,1000,0.10,900,2,17,1.0969,0.10,periodic,8,349.00,0.298523
4409,1000,0.10,900,2,17,1.0990,0.10,periodic,9,357.00,0.299588
4410,1000,0.10,900,2,17,1.0972,0.10,periodic,10,359.00,0.232225
4411,1000,0.10,900,2,17,1.1189,0.10,periodic,11,375.00,0.429678
4412,1000,0.10,900,2,17,1.1156,0.10,periodic,12,333.00,0.442925
4413,1000,0.10,900,2,17,1.0561,0.10,periodic,13,333.00,0.279164
4414,1000,0.10,900,2,17,1.1152,0.10,periodic,14,349.00,0.116845
4415,1000,0.10,900,2,17,1.0953,0.10,periodic,15,364.00,0.037017
4416,1000,0.10,900,2,17,1.0835,0.10,periodic,16,335.00,0.201776
4417,1000,0.10,900,2,17,1.0950,0.10,periodic,17,348.00,0.053864
4418,1000,0.10,900,2,17,1.1062,0.10,periodic,18,366.00,0.317183
4419,1000,0.10,900,2,17,1.1154,0.10,periodic,19,358.00,0.048492
4420,1000,0.10,900,2,17,1.0982,0.10,periodic,20,332.00,0.218252
4421,1000,0.10,900,2,17,1.0700,0.10,periodic,21,345.00,0.272387
4422,1000,0.10,900,2,17,1.0949,0.10,periodic,22,395.00,0.164833
4423,1000,0.10,900,2,17,1.0577,0.10,periodic,23,380.00,0.499612
4424,1000,0.10,900,2,17,1.0977,0.10,periodic,24,363.00,0.194689
4425,1000,0.10,900,2,17,1.0982,0.10,periodic,25,395.00,0.177198
4426,1000,0.10,900,2,17,1.1123,0.10,periodic,26,390.00,0.422216
4427,1000,0.10,900,2,17,1.1197,0.10,periodic,27,400.00,0.203463
4428,1000,0.10,900,2,17,1.0863,0.10,periodic,28,333.00,0.204296
4429,1000,0.10,900,2,17,1.1742,0.10,periodic,29,370.00,0.060512
4430,1000,0.10,900,2,17,1.0811,0.10,periodic,30,362.00,0.216279
4431,1000,0.10,900,2,17,1.1254,0.10,periodic,31,362.00,0.121444
4432,1000,0.10,900,2,17,1.0708,0.10,periodic,32,332.00,0.209526
4433,1000,0.10,900,2,17,1.1344,0.10,periodic,33,377.00,0.216061
4434,1000,0.10,900,2,17,1.1135,0.10,periodic,34,355.00,0.240903
4435,1000,0.10,900,2,17,1.1242,0.10,periodic,35,339.00,0.218802
4436,1000,0.10,900,2,17,1.1151,0.10,periodic,36,333.00,0.304683
4437,1000,0.10,900,2,17,1.0627,0.10,periodic,37,345.00,0.064709
4438,1000,0.10,900,2,17,1.0886,0.10,periodic,38,336.00,0.184208
4439,1000,0.10,900,2,17,1.0580,0.10,periodic,39,350.00,0.396378
4440,1000,0.10,900,2,17,1.0973,0.10,periodic,40,341.00,0.288701
4441,1000,0.10,900,2,17,1.0141,0.10,periodic,41,360.00,0.218003
4442,1000,0.10,900,2,17,1.0650,0.10,periodic,42,358.00,0.352180
4443,1000,0.10,900,2,17,1.0481,0.10,periodic,43,355.00,0.458953
4444,1000,0.10,900,2,17,1.1330,0.10,periodic,44,358.00,0.155727
4445,1000,0.10,900,2,17,1.0704,0.10,periodic,45,360.00,0.129459
4446,1000,0.10,900,2,17,1.1301,0.10,periodic,46,375.00,0.255263
4447,1000,0.10,900,2,17,1.1228,0.10,periodic,47,334.00,0.106388
4448,1000,0.10,900,2,17,1.0950,0.10,periodic,48,365.00,0.161244
4449,1000,0.10,900,2,17,1.0817,0.10,periodic,49,360.00,0.299434
4450,1000,0.10,900,2,17,1.0954,0.10,periodic,50,377.00,0.397813
4451,1000,0.10,900,2,17,1.1276,0.10,periodic,51,326.00,0.079529
4452,1000,0.10,900,2,17,1.1439,0.10,periodic,52,380.00,0.327535
4453,1000,0.10,900,2,17,1.1167,0.10,periodic,53,346.00,0.069451
4454,1000,0.10,900,2,17,1.1211,0.10,periodic,54,363.00,0.264180
4455,1000,0.10,900,2,17,1.1479,0.10,periodic,55,346.00,0.166307
4456,1000,0.10,900,2,17,1.1049,0.10,periodic,56,357.00,0.120044
4457,1000,0.10,900,2,17,1.0749,0.10,periodic,57,367.00,0.142227
4458,1000,0.10,900,2,17,1.1111,0.10,periodic,58,391.00,0.190814
4459,1000,0.10,900,2,17,1.0510,0.10,periodic,59,342.00,0.058579
4460,1000,0.10,900,2,17,1.0733,0.10,periodic,60,376.00,0.411250
4461,1000,0.10,900,2,17,1.0551,0.10,periodic,61,333.00,0.243962
4462,1000,0.10,900,2,17,1.0609,0.10,periodic,62,350.00,0.044100
4463,1000,0.10,900,2,17,1.1253,0.10,periodic,63,357.00,0.133490
4464,1000,0.10,900,2,17,1.0473,0.10,periodic,64,372.00,0.155000
4465,1000,0.10,900,2,17,1.1653,0.10,periodic,65,350.00,0.254792
4466,1000,0.10,900,2,17,1.0965,0.10,periodic,66,367.00,0.413700
4467,1000,0.10,900,2,17,1.1223,0.10,periodic,67,347.00,0.363576
4468,1000,0.10,900,2,17,1.0656,0.10,periodic,68,368.00,0.462838
4469,1000,0.10,900,2,17,1.0913,0.10,periodic,69,372.00,0.169660
4470,1000,0.10,900,2,17,1.1323,0.10,periodic,70,362.00,0.309543
4471,1000,0.10,900,2,17,1.0607,0.10,periodic,71,348.00,0.030015
4472,1000,0.10,900,2,17,1.0763,0.10,periodic,72,340.00,0.261350
4473,1000,0.10,900,2,17,1.1165,0.10,periodic,73,364.00,0.141621
4474,1000,0.10,900,2,17,1.0939,0.10,periodic,74,364.00,0.065331
4475,1000,0.10,900,2,17,1.1295,0.10,periodic,75,356.00,0.116322
4476,1000,0.10,900,2,17,1.0886,0.10,periodic,76,348.00,0.260943
4477,1000,0.10,900,2,17,1.1172,0.10,periodic,77,367.00,0.169862
4478,1000,0.10,900,2,17,1.1111,0.10,periodic,78,359.00,0.594425
4479,1000,0.10,900,2,17,1.1160,0.10,periodic,79,372.00,0.537950
4480,1000,0.10,900,2,17,1.0481,0.10,periodic,80,349.00,0.202686
4481,1000,0.10,900,2,17,1.1294,0.10,periodic,81,355.00,0.129276
4482,1000,0.10,900,2,17,1.1449,0.10,periodic,82,345.00,0.139644
4483,1000,0.10,900,2,17,1.1132,0.10,periodic,83,366.00,0.543473
4484,1000,0.10,900,2,17,1.1482,0.10,periodic,84,373.00,0.300235
4485,1000,0.10,900,2,17,1.0530,0.10,periodic,85,353.00,0.072202
4486,1000,0.10,900,2,17,1.0951,0.10,periodic,86,362.00,0.356001
4487,1000,0.10,900,2,17,1.0774,0.10,periodic,87,351.00,0.064462
4488,1000,0.10,900,2,17,1.1407,0.10,periodic,88,351.00,0.575923
4489,1000,0.10,900,2,17,1.1188,0.10,periodic,89,364.00,0.078190
4490,1000,0.10,900,2,17,1.0238,0.10,periodic,90,335.00,0.201589
4491,1000,0.10,900,2,17,1.0692,0.10,periodic,91,326.00,0.186192
4492,1000,0.10,900,2,17,1.1085,0.10,periodic,92,360.00,0.260924
4493,1000,0.10,900,2,17,1.1168,0.10,periodic,93,351.00,0.105108
4494,1000,0.10,900,2,17,1.1313,0.10,periodic,94,324.00,0.144242
4495,1000,0.10,900,2,17,1.1195,0.10,periodic,95,346.00,0.143079
4496,1000,0.10,900,2,17,1.1205,0.10,periodic,96,336.00,0.085445
4497,1000,0.10,900,2,17,1.0847,0.10,periodic,97,367.00,0.515307
4498,1000,0.10,900,2,17,1.0804,0.10,periodic,98,358.00,0.250945
4499,1000,0.10,900,2,17,1.0695,0.10,periodic,99,338.00,0.050516
4500,1000,0.10,900,2,17,1.1405,0.15,periodic,0,320.00,0.384550
4501,1000,0.10,900,2,17,1.1315,0.15,periodic,1,311.00,0.355202
4502,1000,0.10,900,2,17,1.0943,0.15,periodic,2,358.00,0.216782
4503,1000,0.10,900,2,17,1.1996,0.15,periodic,3,375.00,0.326093
4504,1000,0.10,900,2,17,1.1074,0.15,periodic,4,360.00,0.245661
4505,1000,0.10,900,2,17,1.1138,0.15,periodic,5,379.00,0.175835
4506,1000,0.10,900,2,17,1.1672,0.15,periodic,6,356.00,0.347850
4507,1000,0.10,900,2,17,1.1582,0.15,periodic,7,377.00,0.435240
4508,1000,0.10,900,2,17,1.1627,0.15,periodic,8,349.00,0.392270
4509,1000,0.10,900,2,17,1.1368,0.15,periodic,9,374.00,0.584617
4510,1000,0.10,900,2,17,1.1713,0.15,periodic,10,338.00,0.047927
4511,1000,0.10,900,2,17,1.1851,0.15,periodic,11,339.00,0.386703
4512,1000,0.10,900,2,17,1.1123,0.15,periodic,12,366.00,0.470072
4513,1000,0.10,900,2,17,1.1662,0.15,periodic,13,328.00,0.208109
4514,1000,0.10,900,2,17,1.1873,0.15,periodic,14,344.00,0.223695
4515,1000,0.10,900,2,17,1.1917,0.15,periodic,15,360.00,0.130907
4516,1000,0.10,900,2,17,1.1239,0.15,periodic,16,349.00,0.142249
4517,1000,0.10,900,2,17,1.1504,0.15,periodic,17,341.00,0.502890
4518,1000,0.10,900,2,17,1.1333,0.15,periodic,18,335.00,0.187528
4519,1000,0.10,900,2,17,1.1560,0.15,periodic,19,348.00,0.223607
4520,1000,0.10,900,2,17,1.1430,0.15,periodic,20,342.00,0.226598
4521,1000,0.10,900,2,17,1.1339,0.15,periodic,21,363.00,0.214460
4522,1000,0.10,900,2,17,1.1300,0.15,periodic,22,345.00,0.279992
4523,1000,0.10,900,2,17,1.1733,0.15,periodic,23,368.00,0.332774
4524,1000,0.10,900,2,17,1.0466,0.15,periodic,24,369.00,0.148740
4525,1000,0.10,900,2,17,1.1365,0.15,periodic,25,369.00,0.284136
4526,1000,0.10,900,2,17,1.0802,0.15,periodic,26,336.00,0.246202
4527,1000,0.10,900,2,17,1.1410,0.15,periodic,27,334.00,0.472365
4528,1000,0.10,900,2,17,1.1339,0.15,periodic,28,361.00,0.378803
4529,1000,0.10,900,2,17,1.1298,0.15,periodic,29,390.00,0.187862
4530,1000,0.10,900,2,17,1.1201,0.15,periodic,30,377.00,0.188466
4531,1000,0.10,900,2,17,1.1247,0.15,periodic,31,340.00,0.389849
4532,1000,0.10,900,2,17,1.1379,0.15,periodic,32,310.00,0.332492
4533,1000,0.10,900,2,17,1.1213,0.15,periodic,33,328.00,0.273642
4534,1000,0.10,900,2,17,1.1385,0.15,periodic,34,357.00,0.472000
4535,1000,0.10,900,2,17,1.1514,0.15,periodic,35,357.00,0.123553
4536,1000,0.10,900,2,17,1.1814,0.15,periodic,36,333.00,0.259301
4537,1000,0.10,900,2,17,1.1412,0.15,periodic,37,367.00,0.054522
4538,1000,0.10,900,2,17,1.1346,0.15,periodic,38,361.00,0.331064
4539,1000,0.10,900,2,17,1.1686,0.15,periodic,39,380.00,0.307442
4540,1000,0.10,900,2,17,1.1433,0.15,periodic,40,378.00,0.277561
4541,1000,0.10,900,2,17,1.1048,0.15,periodic,41,354.00,0.371966
4542,1000,0.10,900,2,17,1.1719,0.15,periodic,42,361.00,0.266556
4543,1000,0.10,900,2,17,1.1257,0.15,periodic,43,373.00,0.399008
4544,1000,0.10,900,2,17,1.1352,0.15,periodic,44,367.00,0.182852
4545,1000,0.10,900,2,17,1.1023,0.15,periodic,45,376.00,0.286515
4546,1000,0.10,900,2,17,1.2116,0.15,periodic,46,369.00,0.525447
4547,1000,0.10,900,2,17,1.1734,0.15,periodic,47,376.00,0.347596
4548,1000,0.10,900,2,17,1.1663,0.15,periodic,48,355.00,0.232749
4549,1000,0.10,900,2,17,1.0958,0.15,periodic,49,339.00,0.291441
4550,1000,0.10,900,2,17,1.0906,0.15,periodic,50,382.00,0.263208
4551,1000,0.10,900,2,17,1.1485,0.15,periodic,51,363.00,0.278598
4552,1000,0.10,900,2,17,1.1204,0.15,periodic,52,356.00,0.472520
4553,1000,0.10,900,2,17,1.1421,0.15,periodic,53,355.00,0.253017
4554,1000,0.10,900,2,17,1.1329,0.15,periodic,54,363.00,0.074346
4555,1000,0.10,900,2,17,1.0724,0.15,periodic,55,368.00,0.204742
4556,1000,0.10,900,2,17,1.1175,0.15,periodic,56,377.00,0.355330
4557,1000,0.10,900,2,17,1.1312,0.15,periodic,57,363.00,0.587350
4558,1000,0.10,900,2,17,1.1353,0.15,periodic,58,340.00,0.419521
4559,1000,0.10,900,2,17,1.0983,0.15,periodic,59,325.00,0.178008
4560,1000,0.10,900,2,17,1.1284,0.15,periodic,60,341.00,0.253089
4561,1000,0.10,900,2,17,1.1183,0.15,periodic,61,340.00,0.201134
4562,1000,0.10,900,2,17,1.0798,0.15,periodic,62,379.00,0.335683
4563,1000,0.10,900,2,17,1.1318,0.15,periodic,63,360.00,0.221379
4564,1000,0.10,900,2,17,1.1282,0.15,periodic,64,364.00,0.040988
4565,1000,0.10,900,2,17,1.1436,0.15,periodic,65,371.00,0.174677
4566,1000,0.10,900,2,17,1.1204,0.15,periodic,66,350.00,0.271953
4567,1000,0.10,900,2,17,1.1857,0.15,periodic,67,333.00,0.162079
4568,1000,0.10,900,2,17,1.1307,0.15,periodic,68,348.00,0.196209
4569,1000,0.10,900,2,17,1.1492,0.15,periodic,69,357.00,0.087724
4570,1000,0.10,900,2,17,1.1104,0.15,periodic,70,357.00,0.275903
4571,1000,0.10,900,2,17,1.1728,0.15,periodic,71,340.00,0.302771
4572,1000,0.10,900,2,17,1.1275,0.15,periodic,72,376.00,0.338610
4573,1000,0.10,900,2,17,1.1599,0.15,periodic,73,353.00,0.554679
4574,1000,0.10,900,2,17,1.1738,0.15,periodic,74,381.00,0.258438
4575,1000,0.10,900,2,17,1.1320,0.15,periodic,75,366.00,0.209655
4576,1000,0.10,900,2,17,1.1113,0.15,periodic,76,362.00,0.364599
4577,1000,0.10,900,2,17,1.0759,0.15,periodic,77,328.00,0.239705
4578,1000,0.10,900,2,17,1.1550,0.15,periodic,78,352.00,0.381365
4579,1000,0.10,900,2,17,1.0643,0.15,periodic,79,334.00,0.052071
4580,1000,0.10,900,2,17,1.1234,0.15,periodic,80,368.00,0.236089
4581,1000,0.10,900,2,17,1.1144,0.15,periodic,81,348.00,0.576337
4582,1000,0.10,900,2,17,1.1624,0.15,periodic,82,348.00,0.471011
4583,1000,0.10,900,2,17,1.1403,0.15,periodic,83,372.00,0.359438
4584,1000,0.10,900,2,17,1.1049,0.15,periodic,84,354.00,0.313865
4585,1000,0.10,900,2,17,1.1265,0.15,periodic,85,379.00,0.149627
4586,1000,0.10,900,2,17,1.1658,0.15,periodic,86,360.00,0.317568
4587,1000,0.10,900,2,17,1.1739,0.15,periodic,87,386.00,0.565317
4588,1000,0.10,900,2,17,1.1539,0.15,periodic,88,329.00,0.199689
4589,1000,0.10,900,2,17,1.1089,0.15,periodic,89,318.00,0.184613
4590,1000,0.10,900,2,17,1.1264,0.15,periodic,90,328.00,0.389671
4591,1000,0.10,900,2,17,1.1406,0.15,periodic,91,353.00,0.173814
4592,1000,0.10,900,2,17,1.1304,0.15,periodic,92,356.00,0.389338
4593,1000,0.10,900,2,17,1.0539,0.15,periodic,93,382.00,0.360001
4594,1000,0.10,900,2,17,1.1211,0.15,periodic,94,332.00,0.086292
4595,1000,0.10,900,2,17,1.1508,0.15,periodic,95,363.00,0.360732
4596,1000,0.10,900,2,17,1.0792,0.15,periodic,96,362.00,0.280998
4597,1000,0.10,900,2,17,1.1097,0.15,periodic,97,341.00,0.205599
4598,1000,0.10,900,2,17,1.1338,0.15,periodic,98,382.00,0.312870
4599,1000,0.10,900,2,17,1.1174,0.15,periodic,99,357.00,0.166667
4600,1000,0.10,900,2,17,1.1320,0.20,periodic,0,348.00,0.580613
4601,1000,0.10,900,2,17,1.1760,0.20,periodic,1,376.00,0.631684
4602,1000,0.10,900,2,17,1.2000,0.20,periodic,2,346.00,0.473215
4603,1000,0.10,900,2,17,1.1874,0.20,periodic,3,357.00,0.395492
4604,1000,0.10,900,2,17,1.1541,0.20,periodic,4,351.00,0.328982
4605,1000,0.10,900,2,17,1.1816,0.20,periodic,5,390.00,0.362096
4606,1000,0.10,900,2,17,1.1476,0.20,periodic,6,377.00,0.243005
4607,1000,0.10,900,2,17,1.1191,0.20,periodic,7,382.00,0.396296
4608,1000,0.10,900,2,17,1.1489,0.20,periodic,8,366.00,0.293859
4609,1000,0.10,900,2,17,1.1945,0.20,periodic,9,357.00,0.169406
4610,1000,0.10,900,2,17,1.1650,0.20,periodic,10,380.00,0.360681
4611,1000,0.10,900,2,17,1.2008,0.20,periodic,11,352.00,0.626478
4612,1000,0.10,900,2,17,1.1830,0.20,periodic,12,335.00,0.412672
4613,1000,0.10,900,2,17,1.2090,0.20,periodic,13,367.00,0.454927
4614,1000,0.10,900,2,17,1.1267,0.20,periodic,14,333.00,0.159345
4615,1000,0.10,900,2,17,1.1911,0.20,periodic,15,370.00,0.476405
4616,1000,0.10,900,2,17,1.1622,0.20,periodic,16,385.00,0.871952
4617,1000,0.10,900,2,17,1.1453,0.20,periodic,17,368.00,0.561168
4618,1000,0.10,900,2,17,1.1358,0.20,periodic,18,367.00,0.347103
4619,1000,0.10,900,2,17,1.2192,0.20,periodic,19,359.00,0.550965
4620,1000,0.10,900,2,17,1.2024,0.20,periodic,20,354.00,0.383986
4621,1000,0.10,900,2,17,1.2014,0.20,periodic,21,368.00,0.200878
4622,1000,0.10,900,2,17,1.1461,0.20,periodic,22,347.00,0.488891
4623,1000,0.10,900,2,17,1.1557,0.20,periodic,23,337.00,0.445991
4624,1000,0.10,900,2,17,1.1356,0.20,periodic,24,371.00,0.375659
4625,1000,0.10,900,2,17,1.1978,0.20,periodic,25,364.00,0.112672
4626,1000,0.10,900,2,17,1.1593,0.20,periodic,26,400.00,0.516249
4627,1000,0.10,900,2,17,1.2304,0.20,periodic,27,342.00,0.427218
4628,1000,0.10,900,2,17,1.1952,0.20,periodic,28,370.00,0.196357
4629,1000,0.10,900,2,17,1.1924,0.20,periodic,29,359.00,0.108948
4630,1000,0.10,900,2,17,1.1674,0.20,periodic,30,372.00,0.176853
4631,1000,0.10,900,2,17,1.1494,0.20,periodic,31,356.00,0.327600
4632,1000,0.10,900,2,17,1.1760,0.20,periodic,32,355.00,0.273918
4633,1000,0.10,900,2,17,1.1205,0.20,periodic,33,365.00,0.252927
4634,1000,0.10,900,2,17,1.1779,0.20,periodic,34,342.00,0.244975
4635,1000,0.10,900,2,17,1.1912,0.20,periodic,35,364.00,0.204258
4636,1000,0.10,900,2,17,1.2029,0.20,periodic,36,349.00,0.646059
4637,1000,0.10,900,2,17,1.1768,0.20,periodic,37,386.00,0.200916
4638,1000,0.10,900,2,17,1.1813,0.20,periodic,38,339.00,0.587572
4639,1000,0.10,900,2,17,1.1594,0.20,periodic,39,365.00,0.414176
4640,1000,0.10,900,2,17,1.1943,0.20,periodic,40,362.00,0.176018
4641,1000,0.10,900,2,17,1.1467,0.20,periodic,41,361.00,0.411630
4642,1000,0.10,900,2,17,1.1525,0.20,periodic,42,341.00,0.749560
4643,1000,0.10,900,2,17,1.1780,0.20,periodic,43,388.00,0.311259
4644,1000,0.10,900,2,17,1.1712,0.20,periodic,44,346.00,0.254525
4645,1000,0.10,900,2,17,1.1483,0.20,periodic,45,353.00,0.232781
4646,1000,0.10,900,2,17,1.1764,0.20,periodic,46,364.00,0.729059
4647,1000,0.10,900,2,17,1.1626,0.20,periodic,47,352.00,0.220618
4648,1000,0.10,900,2,17,1.1942,0.20,periodic,48,341.00,0.355269
4649,1000,0.10,900,2,17,1.1634,0.20,periodic,49,386.00,0.170346
4650,1000,0.10,900,2,17,1.1997,0.20,periodic,50,369.00,0.426681
4651,1000,0.10,900,2,17,1.1743,0.20,periodic,51,351.00,0.464396
4652,1000,0.10,900,2,17,1.1779,0.20,periodic,52,354.00,0.297066
4653,1000,0.10,900,2,17,1.1431,0.20,periodic,53,376.00,0.865615
4654,1000,0.10,900,2,17,1.2060,0.20,periodic,54,347.00,0.144523
4655,1000,0.10,900,2,17,1.1786,0.20,periodic,55,381.00,0.290095
4656,1000,0.10,900,2,17,1.1746,0.20,periodic,56,383.00,0.176299
4657,1000,0.10,900,2,17,1.1462,0.20,periodic,57,341.00,0.337861
4658,1000,0.10,900,2,17,1.1766,0.20,periodic,58,366.00,0.764800
4659,1000,0.10,900,2,17,1.1799,0.20,periodic,59,341.00,0.521263
4660,1000,0.10,900,2,17,1.1472,0.20,periodic,60,361.00,0.580900
4661,1000,0.10,900,2,17,1.1560,0.20,periodic,61,371.00,0.500106
4662,1000,0.10,900,2,17,1.1568,0.20,periodic,62,358.00,0.415011
4663,1000,0.10,900,2,17,1.2101,0.20,periodic,63,327.00,0.391136
4664,1000,0.10,900,2,17,1.2332,0.20,periodic,64,357.00,0.376959
4665,1000,0.10,900,2,17,1.1721,0.20,periodic,65,329.00,0.583507
4666,1000,0.10,900,2,17,1.1590,0.20,periodic,66,390.00,0.182157
4667,1000,0.10,900,2,17,1.1764,0.20,periodic,67,344.00,0.397984
4668,1000,0.10,900,2,17,1.1607,0.20,periodic,68,365.00,0.365458
4669,1000,0.10,900,2,17,1.1652,0.20,periodic,69,371.00,0.415370
4670,1000,0.10,900,2,17,1.1661,0.20,periodic,70,360.00,0.188337
4671,1000,0.10,900,2,17,1.1827,0.20,periodic,71,345.00,0.014317
4672,1000,0.10,900,2,17,1.2032,0.20,periodic,72,364.00,0.637801
4673,1000,0.10,900,2,17,1.1506,0.20,periodic,73,338.00,0.345785
4674,1000,0.10,900,2,17,1.1240,0.20,periodic,74,388.00,0.402286
4675,1000,0.10,900,2,17,1.1772,0.20,periodic,75,334.00,0.334534
4676,1000,0.10,900,2,17,1.2113,0.20,periodic,76,343.00,0.559423
4677,1000,0.10,900,2,17,1.1995,0.20,periodic,77,391.00,0.491389
4678,1000,0.10,900,2,17,1.1713,0.20,periodic,78,366.00,0.283260
4679,1000,0.10,900,2,17,1.1576,0.20,periodic,79,350.00,0.253331
4680,1000,0.10,900,2,17,1.1609,0.20,periodic,80,371.00,0.348031
4681,1000,0.10,900,2,17,1.1825,0.20,periodic,81,381.00,0.266045
4682,1000,0.10,900,2,17,1.1700,0.20,periodic,82,337.00,0.182700
4683,1000,0.10,900,2,17,1.1127,0.20,periodic,83,354.00,0.122274
4684,1000,0.10,900,2,17,1.1964,0.20,periodic,84,344.00,0.328998
4685,1000,0.10,900,2,17,1.1556,0.20,periodic,85,371.00,0.403407
4686,1000,0.10,900,2,17,1.1762,0.20,periodic,86,369.00,0.664671
4687,1000,0.10,900,2,17,1.1329,0.20,periodic,87,371.00,0.645015
4688,1000,0.10,900,2,17,1.1239,0.20,periodic,88,389.00,0.496903
4689,1000,0.10,900,2,17,1.1590,0.20,periodic,89,356.00,0.197232
4690,1000,0.10,900,2,17,1.1052,0.20,periodic,90,344.00,0.225234
4691,1000,0.10,900,2,17,1.1648,0.20,periodic,91,350.00,0.304242
4692,1000,0.10,900,2,17,1.1439,0.20,periodic,92,364.00,0.540350
4693,1000,0.10,900,2,17,1.1754,0.20,periodic,93,375.00,0.215884
4694,1000,0.10,900,2,17,1.1296,0.20,periodic,94,324.00,0.381811
4695,1000,0.10,900,2,17,1.2037,0.20,periodic,95,372.00,0.389221
4696,1000,0.10,900,2,17,1.1317,0.20,periodic,96,342.00,0.208419
4697,1000,0.10,900,2,17,1.2291,0.20,periodic,97,341.00,0.406795
4698,1000,0.10,900,2,17,1.1456,0.20,periodic,98,358.00,0.392146
4699,1000,0.10,900,2,17,1.1592,0.20,periodic,99,373.00,0.283307
4700,1000,0.10,900,2,17,1.1881,0.25,periodic,0,351.00,0.444500
4701,1000,0.10,900,2,17,1.1389,0.25,periodic,1,353.00,0.207830
4702,1000,0.10,900,2,17,1.1409,0.25,periodic,2,351.00,0.372295
4703,1000,0.10,900,2,17,1.1908,0.25,periodic,3,359.00,0.577984
4704,1000,0.10,900,2,17,1.2187,0.25,periodic,4,385.00,0.142773
4705,1000,0.10,900,2,17,1.2073,0.25,periodic,5,355.00,0.815557
4706,1000,0.10,900,2,17,1.1502,0.25,periodic,6,355.00,0.803813
4707,1000,0.10,900,2,17,1.2484,0.25,periodic,7,358.00,0.214676
4708,1000,0.10,900,2,17,1.2136,0.25,periodic,8,361.00,0.866221
4709,1000,0.10,900,2,17,1.1408,0.25,periodic,9,344.00,0.582034
4710,1000,0.10,900,2,17,1.2124,0.25,periodic,10,339.00,0.709481
4711,1000,0.10,900,2,17,1.1796,0.25,periodic,11,353.00,0.485226
4712,1000,0.10,900,2,17,1.2123,0.25,periodic,12,341.00,0.636267
4713,1000,0.10,900,2,17,1.2171,0.25,periodic,13,373.00,0.391210
4714,1000,0.10,900,2,17,1.2082,0.25,periodic,14,346.00,0.613129
4715,1000,0.10,900,2,17,1.1842,0.25,periodic,15,354.00,0.390463
4716,1000,0.10,900,2,17,1.2369,0.25,periodic,16,319.00,0.636757
4717,1000,0.10,900,2,17,1.2133,0.25,periodic,17,371.00,0.697153
4718,1000,0.10,900,2,17,1.1689,0.25,periodic,18,344.00,0.523699
4719,1000,0.10,900,2,17,1.2282,0.25,periodic,19,358.00,0.440827
4720,1000,0.10,900,2,17,1.1986,0.25,periodic,20,363.00,0.707532
4721,1000,0.10,900,2,17,1.2224,0.25,periodic,21,354.00,0.455422
4722,1000,0.10,900,2,17,1.1569,0.25,periodic,22,383.00,0.731493
4723,1000,0.10,900,2,17,1.2047,0.25,periodic,23,359.00,0.478912
4724,1000,0.10,900,2,17,1.2373,0.25,periodic,24,353.00,0.637766
4725,1000,0.10,900,2,17,1.2113,0.25,periodic,25,354.00,0.617356
4726,1000,0.10,900,2,17,1.1829,0.25,periodic,26,388.00,0.107288
4727,1000,0.10,900,2,17,1.1813,0.25,periodic,27,355.00,0.743618
4728,1000,0.10,900,2,17,1.2187,0.25,periodic,28,347.00,0.463422
4729,1000,0.10,900,2,17,1.2328,0.25,periodic,29,342.00,0.476969
4730,1000,0.10,900,2,17,1.1639,0.25,periodic,30,382.00,0.340794
4731,1000,0.10,900,2,17,1.2143,0.25,periodic,31,370.00,0.610665
4732,1000,0.10,900,2,17,1.1859,0.25,periodic,32,336.00,0.557287
4733,1000,0.10,900,2,17,1.1676,0.25,periodic,33,346.00,0.512347
4734,1000,0.10,900,2,17,1.2615,0.25,periodic,34,385.00,0.607953
4735,1000,0.10,900,2,17,1.1817,0.25,periodic,35,384.00,0.661079
4736,1000,0.10,900,2,17,1.1411,0.25,periodic,36,345.00,0.744302
4737,1000,0.10,900,2,17,1.1640,0.25,periodic,37,329.00,0.295012
4738,1000,0.10,900,2,17,1.1820,0.25,periodic,38,346.00,0.390877
4739,1000,0.10,900,2,17,1.1716,0.25,periodic,39,359.00,0.548388
4740,1000,0.10,900,2,17,1.1882,0.25,periodic,40,363.00,0.156118
4741,1000,0.10,900,2,17,1.1841,0.25,periodic,41,361.00,0.370226
4742,1000,0.10,900,2,17,1.2035,0.25,periodic,42,369.00,0.462580
4743,1000,0.10,900,2,17,1.1192,0.25,periodic,43,348.00,0.503701
4744,1000,0.10,900,2,17,1.2087,0.25,periodic,44,323.00,0.677392
4745,1000,0.10,900,2,17,1.2114,0.25,periodic,45,389.00,0.339946
4746,1000,0.10,900,2,17,1.2121,0.25,periodic,46,382.00,0.738116
4747,1000,0.10,900,2,17,1.1957,0.25,periodic,47,337.00,0.492489
4748,1000,0.10,900,2,17,1.1724,0.25,periodic,48,393.00,0.356327
4749,1000,0.10,900,2,17,1.2243,0.25,periodic,49,361.00,0.443387
4750,1000,0.10,900,2,17,1.1607,0.25,periodic,50,351.00,0.308673
4751,1000,0.10,900,2,17,1.2275,0.25,periodic,51,370.00,0.362420
4752,1000,0.10,900,2,17,1.2045,0.25,periodic,52,334.00,0.516840
4753,1000,0.10,900,2,17,1.1762,0.25,periodic,53,323.00,0.692718
4754,1000,0.10,900,2,17,1.1788,0.25,periodic,54,342.00,0.482191
4755,1000,0.10,900,2,17,1.1880,0.25,periodic,55,365.00,0.780736
4756,1000,0.10,900,2,17,1.2249,0.25,periodic,56,345.00,0.250127
4757,1000,0.10,900,2,17,1.1925,0.25,periodic,57,353.00,0.471945
4758,1000,0.10,900,2,17,1.1843,0.25,periodic,58,358.00,0.601917
4759,1000,0.10,900,2,17,1.1885,0.25,periodic,59,355.00,0.715887
4760,1000,0.10,900,2,17,1.1967,0.25,periodic,60,353.00,0.378219
4761,1000,0.10,900,2,17,1.2249,0.25,periodic,61,371.00,0.671691
4762,1000,0.10,900,2,17,1.1596,0.25,periodic,62,368.00,0.911956
4763,1000,0.10,900,2,17,1.1653,0.25,periodic,63,355.00,0.122062
4764,1000,0.10,900,2,17,1.2640,0.25,periodic,64,337.00,0.658864
4765,1000,0.10,900,2,17,1.1566,0.25,periodic,65,382.00,0.344548
4766,1000,0.10,900,2,17,1.2112,0.25,periodic,66,348.00,0.633533
4767,1000,0.10,900,2,17,1.2080,0.25,periodic,67,370.00,0.543785
4768,1000,0.10,900,2,17,1.1831,0.25,periodic,68,375.00,0.514300
4769,1000,0.10,900,2,17,1.1977,0.25,periodic,69,336.00,0.559461
4770,1000,0.10,900,2,17,1.2260,0.25,periodic,70,354.00,0.498202
4771,1000,0.10,900,2,17,1.1744,0.25,periodic,71,384.00,0.371477
4772,1000,0.10,900,2,17,1.2180,0.25,periodic,72,323.00,0.230954
4773,1000,0.10,900,2,17,1.2823,0.25,periodic,73,366.00,0.388200
4774,1000,0.10,900,2,17,1.1832,0.25,periodic,74,360.00,0.740594
4775,1000,0.10,900,2,17,1.1966,0.25,periodic,75,351.00,0.449250
4776,1000,0.10,900,2,17,1.2196,0.25,periodic,76,359.00,0.343755
4777,1000,0.10,900,2,17,1.2347,0.25,periodic,77,349.00,0.382520
4778,1000,0.10,900,2,17,1.2431,0.25,periodic,78,366.00,0.420870
4779,1000,0.10,900,2,17,1.1731,0.25,periodic,79,348.00,0.212374
4780,1000,0.10,900,2,17,1.2401,0.25,periodic,80,371.00,0.421101
4781,1000,0.10,900,2,17,1.2121,0.25,periodic,81,383.00,0.325054
4782,1000,0.10,900,2,17,1.2442,0.25,periodic,82,369.00,0.072732
4783,1000,0.10,900,2,17,1.1790,0.25,periodic,83,350.00,0.552890
4784,1000,0.10,900,2,17,1.1850,0.25,periodic,84,339.00,0.653892
4785,1000,0.10,900,2,17,1.1850,0.25,periodic,85,342.00,0.289477
4786,1000,0.10,900,2,17,1.1981,0.25,periodic,86,358.00,0.376034
4787,1000,0.10,900,2,17,1.2450,0.25,periodic,87,388.00,0.192697
4788,1000,0.10,900,2,17,1.2199,0.25,periodic,88,344.00,0.628935
4789,1000,0.10,900,2,17,1.2167,0.25,periodic,89,357.00,0.368176
4790,1000,0.10,900,2,17,1.2349,0.25,periodic,90,362.00,0.536357
4791,1000,0.10,900,2,17,1.2415,0.25,periodic,91,373.00,1.245301
4792,1000,0.10,900,2,17,1.1859,0.25,periodic,92,346.00,0.482475
4793,1000,0.10,900,2,17,1.2341,0.25,periodic,93,359.00,0.361946
4794,1000,0.10,900,2,17,1.1697,0.25,periodic,94,358.00,0.725551
4795,1000,0.10,900,2,17,1.1829,0.25,periodic,95,349.00,0.451706
4796,1000,0.10,900,2,17,1.1832,0.25,periodic,96,387.00,0.195471
4797,1000,0.10,900,2,17,1.2135,0.25,periodic,97,383.00,0.472669
4798,1000,0.10,900,2,17,1.1881,0.25,periodic,98,371.00,0.524997
4799,1000,0.10,900,2,17,1.2380,0.25,periodic,99,353.00,0.491602
4800,1000,0.10,900,2,17,1.2095,0.30,periodic,0,380.00,0.595625
4801,1000,0.10,900,2,17,1.2603,0.30,periodic,1,369.00,0.480535
4802,1000,0.10,900,2,17,1.2606,0.30,periodic,2,371.00,0.572091
4803,1000,0.10,900,2,17,1.2603,0.30,periodic,3,351.00,0.505733
4804,1000,0.10,900,2,17,1.2126,0.30,periodic,4,363.00,0.604592
4805,1000,0.10,900,2,17,1.2503,0.30,periodic,5,381.00,0.564624
4806,1000,0.10,900,2,17,1.2404,0.30,periodic,6,358.00,0.618333
4807,1000,0.10,900,2,17,1.2407,0.30,periodic,7,353.00,0.442363
4808,1000,0.10,900,2,17,1.2198,0.30,periodic,8,338.00,0.777471
4809,1000,0.10,900,2,17,1.2015,0.30,periodic,9,353.00,0.709372
4810,1000,0.10,900,2,17,1.2335,0.30,periodic,10,362.00,0.520774
4811,1000,0.10,900,2,17,1.2742,0.30,periodic,11,348.00,0.400782
4812,1000,0.10,900,2,17,1.2250,0.30,periodic,12,344.00,0.474645
4813,1000,0.10,900,2,17,1.1950,0.30,periodic,13,368.00,0.781930
4814,1000,0.10,900,2,17,1.1867,0.30,periodic,14,333.00,0.653152
4815,1000,0.10,900,2,17,1.2443,0.30,periodic,15,370.00,0.283143
4816,1000,0.10,900,2,17,1.2123,0.30,periodic,16,329.00,0.464506
4817,1000,0.10,900,2,17,1.2611,0.30,periodic,17,345.00,0.421237
4818,1000,0.10,900,2,17,1.2247,0.30,periodic,18,372.00,0.477432
4819,1000,0.10,900,2,17,1.2203,0.30,periodic,19,372.00,0.248821
4820,1000,0.10,900,2,17,1.2641,0.30,periodic,20,374.00,0.913494
4821,1000,0.10,900,2,17,1.2180,0.30,periodic,21,345.00,0.454707
4822,1000,0.10,900,2,17,1.1866,0.30,periodic,22,355.00,0.793130
4823,1000,0.10,900,2,17,1.2135,0.30,periodic,23,362.00,0.362071
4824,1000,0.10,900,2,17,1.2000,0.30,periodic,24,343.00,0.602955
4825,1000,0.10,900,2,17,1.2059,0.30,periodic,25,358.00,0.605965
4826,1000,0.10,900,2,17,1.2247,0.30,periodic,26,364.00,0.409033
4827,1000,0.10,900,2,17,1.2404,0.30,periodic,27,359.00,0.208617
4828,1000,0.10,900,2,17,1.2696,0.30,periodic,28,361.00,0.697571
4829,1000,0.10,900,2,17,1.2802,0.30,periodic,29,340.00,0.272792
4830,1000,0.10,900,2,17,1.2343,0.30,periodic,30,361.00,0.653228
4831,1000,0.10,900,2,17,1.2006,0.30,periodic,31,395.00,0.764917
4832,1000,0.10,900,2,17,1.1984,0.30,periodic,32,372.00,0.574023
4833,1000,0.10,900,2,17,1.2112,0.30,periodic,33,347.00,0.686662
4834,1000,0.10,900,2,17,1.2118,0.30,periodic,34,367.00,0.876852
4835,1000,0.10,900,2,17,1.1813,0.30,periodic,35,375.00,0.297166
4836,1000,0.10,900,2,17,1.2178,0.30,periodic,36,362.00,0.556815
4837,1000,0.10,900,2,17,1.2364,0.30,periodic,37,374.00,0.297105
4838,1000,0.10,900,2,17,1.1901,0.30,periodic,38,383.00,0.736013
4839,1000,0.10,900,2,17,1.2449,0.30,periodic,39,361.00,0.640769
4840,1000,0.10,900,2,17,1.2156,0.30,periodic,40,362.00,0.963972
4841,1000,0.10,900,2,17,1.2624,0.30,periodic,41,345.00,0.745765
4842,1000,0.10,900,2,17,1.2089,0.30,periodic,42,352.00,0.608434
4843,1000,0.10,900,2,17,1.2525,0.30,periodic,43,357.00,0.624198
4844,1000,0.10,900,2,17,1.1730,0.30,periodic,44,347.00,0.863961
4845,1000,0.10,900,2,17,1.1646,0.30,periodic,45,377.00,0.739008
4846,1000,0.10,900,2,17,1.2010,0.30,periodic,46,366.00,0.764533
4847,1000,0.10,900,2,17,1.2073,0.30,periodic,47,340.00,0.660724
4848,1000,0.10,900,2,17,1.2366,0.30,periodic,48,383.00,0.759896
4849,1000,0.10,900,2,17,1.2201,0.30,periodic,49,357.00,0.517919
4850,1000,0.10,900,2,17,1.2524,0.30,periodic,50,362.00,0.459563
4851,1000,0.10,900,2,17,1.2396,0.30,periodic,51,358.00,0.711852
4852,1000,0.10,900,2,17,1.2345,0.30,periodic,52,355.00,0.811619
4853,1000,0.10,900,2,17,1.1787,0.30,periodic,53,346.00,0.683202
4854,1000,0.10,900,2,17,1.2408,0.30,periodic,54,357.00,1.086223
4855,1000,0.10,900,2,17,1.2231,0.30,periodic,55,351.00,0.576343
4856,1000,0.10,900,2,17,1.2089,0.30,periodic,56,363.00,0.433635
4857,1000,0.10,900,2,17,1.2351,0.30,periodic,57,349.00,0.723477
4858,1000,0.10,900,2,17,1.1954,0.30,periodic,58,338.00,0.507515
4859,1000,0.10,900,2,17,1.2295,0.30,periodic,59,350.00,0.346743
4860,1000,0.10,900,2,17,1.2201,0.30,periodic,60,354.00,0.875860
4861,1000,0.10,900,2,17,1.2120,0.30,periodic,61,357.00,0.298047
4862,1000,0.10,900,2,17,1.2112,0.30,periodic,62,327.00,0.613001
4863,1000,0.10,900,2,17,1.2857,0.30,periodic,63,361.00,0.816181
4864,1000,0.10,900,2,17,1.2004,0.30,periodic,64,342.00,0.590923
4865,1000,0.10,900,2,17,1.2261,0.30,periodic,65,342.00,0.401199
4866,1000,0.10,900,2,17,1.2065,0.30,periodic,66,370.00,0.461909
4867,1000,0.10,900,2,17,1.2326,0.30,periodic,67,375.00,0.551576
4868,1000,0.10,900,2,17,1.2392,0.30,periodic,68,349.00,0.553298
4869,1000,0.10,900,2,17,1.2414,0.30,periodic,69,351.00,0.588487
4870,1000,0.10,900,2,17,1.2398,0.30,periodic,70,363.00,0.432868
4871,1000,0.10,900,2,17,1.2033,0.30,periodic,71,359.00,0.604876
4872,1000,0.10,900,2,17,1.2431,0.30,periodic,72,369.00,0.502139
4873,1000,0.10,900,2,17,1.2054,0.30,periodic,73,348.00,0.483568
4874,1000,0.10,900,2,17,1.1839,0.30,periodic,74,359.00,0.840764
4875,1000,0.10,900,2,17,1.2283,0.30,periodic,75,365.00,0.605940
4876,1000,0.10,900,2,17,1.2005,0.30,periodic,76,349.00,0.943068
4877,1000,0.10,900,2,17,1.1831,0.30,periodic,77,347.00,0.404053
4878,1000,0.10,900,2,17,1.2016,0.30,periodic,78,364.00,0.442378
4879,1000,0.10,900,2,17,1.2686,0.30,periodic,79,342.00,0.592595
4880,1000,0.10,900,2,17,1.2286,0.30,periodic,80,369.00,0.585912
4881,1000,0.10,900,2,17,1.2314,0.30,periodic,81,340.00,0.470074
4882,1000,0.10,900,2,17,1.2933,0.30,periodic,82,341.00,0.565018
4883,1000,0.10,900,2,17,1.2145,0.30,periodic,83,345.00,0.414754
4884,1000,0.10,900,2,17,1.2398,0.30,periodic,84,351.00,0.403115
4885,1000,0.10,900,2,17,1.2255,0.30,periodic,85,356.00,0.639710
4886,1000,0.10,900,2,17,1.1662,0.30,periodic,86,347.00,0.398135
4887,1000,0.10,900,2,17,1.2534,0.30,periodic,87,359.00,0.489382
4888,1000,0.10,900,2,17,1.1936,0.30,periodic,88,381.00,0.677456
4889,1000,0.10,900,2,17,1.2320,0.30,periodic,89,405.00,0.546598
4890,1000,0.10,900,2,17,1.1655,0.30,periodic,90,390.00,0.424513
4891,1000,0.10,900,2,17,1.2088,0.30,periodic,91,364.00,0.311621
4892,1000,0.10,900,2,17,1.2234,0.30,periodic,92,381.00,0.637259
4893,1000,0.10,900,2,17,1.2180,0.30,periodic,93,367.00,0.402384
4894,1000,0.10,900,2,17,1.2432,0.30,periodic,94,356.00,0.706834
4895,1000,0.10,900,2,17,1.2388,0.30,periodic,95,367.00,0.742749
4896,1000,0.10,900,2,17,1.2540,0.30,periodic,96,360.00,0.467299
4897,1000,0.10,900,2,17,1.1458,0.30,periodic,97,370.00,0.666454
4898,1000,0.10,900,2,17,1.2180,0.30,periodic,98,367.00,0.620011
4899,1000,0.10,900,2,17,1.2696,0.30,periodic,99,343.00,0.727799
4900,1000,0.10,900,2,17,1.2355,0.35,periodic,0,368.00,1.372848
4901,1000,0.10,900,2,17,1.1843,0.35,periodic,1,364.00,0.725070
4902,1000,0.10,900,2,17,1.2566,0.35,periodic,2,369.00,0.545851
4903,1000,0.10,900,2,17,1.2854,0.35,periodic,3,370.00,0.451978
4904,1000,0.10,900,2,17,1.2282,0.35,periodic,4,374.00,0.987879
4905,1000,0.10,900,2,17,1.2376,0.35,periodic,5,359.00,0.634210
4906,1000,0.10,900,2,17,1.3019,0.35,periodic,6,356.00,0.640376
4907,1000,0.10,900,2,17,1.2720,0.35,periodic,7,344.00,0.511469
4908,1000,0.10,900,2,17,1.2161,0.35,periodic,8,357.00,0.929635
4909,1000,0.10,900,2,17,1.2654,0.35,periodic,9,343.00,0.572394
4910,1000,0.10,900,2,17,1.2260,0.35,periodic,10,364.00,0.817384
4911,1000,0.10,900,2,17,1.2022,0.35,periodic,11,381.00,0.705371
4912,1000,0.10,900,2,17,1.2887,0.35,periodic,12,351.00,0.764726
4913,1000,0.10,900,2,17,1.2309,0.35,periodic,13,357.00,0.503871
4914,1000,0.10,900,2,17,1.2099,0.35,periodic,14,363.00,0.600172
4915,1000,0.10,900,2,17,1.1772,0.35,periodic,15,363.00,0.743915
4916,1000,0.10,900,2,17,1.2482,0.35,periodic,16,369.00,0.472966
4917,1000,0.10,900,2,17,1.1922,0.35,periodic,17,373.00,0.665624
4918,1000,0.10,900,2,17,1.2066,0.35,periodic,18,358.00,0.808553
4919,1000,0.10,900,2,17,1.2612,0.35,periodic,19,364.00,0.911995
4920,1000,0.10,900,2,17,1.2897,0.35,periodic,20,379.00,0.865804
4921,1000,0.10,900,2,17,1.2004,0.35,periodic,21,350.00,0.718602
4922,1000,0.10,900,2,17,1.2139,0.35,periodic,22,366.00,0.733888
4923,1000,0.10,900,2,17,1.2757,0.35,periodic,23,372.00,0.667115
4924,1000,0.10,900,2,17,1.2441,0.35,periodic,24,365.00,0.684231
4925,1000,0.10,900,2,17,1.2201,0.35,periodic,25,364.00,0.330398
4926,1000,0.10,900,2,17,1.2376,0.35,periodic,26,355.00,0.760810
4927,1000,0.10,900,2,17,1.2209,0.35,periodic,27,377.00,0.783560
4928,1000,0.10,900,2,17,1.2329,0.35,periodic,28,367.00,0.882663
4929,1000,0.10,900,2,17,1.2254,0.35,periodic,29,343.00,0.668192
4930,1000,0.10,900,2,17,1.1851,0.35,periodic,30,372.00,0.423180
4931,1000,0.10,900,2,17,1.1641,0.35,periodic,31,360.00,0.593289
4932,1000,0.10,900,2,17,1.2639,0.35,periodic,32,385.00,0.673783
4933,1000,0.10,900,2,17,1.2694,0.35,periodic,33,353.00,0.535645
4934,1000,0.10,900,2,17,1.3287,0.35,periodic,34,366.00,0.693218
4935,1000,0.10,900,2,17,1.3105,0.35,periodic,35,365.00,0.814741
4936,1000,0.10,900,2,17,1.2265,0.35,periodic,36,394.00,0.497882
4937,1000,0.10,900,2,17,1.2434,0.35,periodic,37,353.00,0.983681
4938,1000,0.10,900,2,17,1.2268,0.35,periodic,38,354.00,0.630577
4939,1000,0.10,900,2,17,1.2251,0.35,periodic,39,343.00,0.910358
4940,1000,0.10,900,2,17,1.2524,0.35,periodic,40,360.00,1.014260
4941,1000,0.10,900,2,17,1.2707,0.35,periodic,41,365.00,0.350473
4942,1000,0.10,900,2,17,1.1965,0.35,periodic,42,367.00,0.628916
4943,1000,0.10,900,2,17,1.1932,0.35,periodic,43,340.00,0.539979
4944,1000,0.10,900,2,17,1.2638,0.35,periodic,44,373.00,0.591300
4945,1000,0.10,900,2,17,1.2679,0.35,periodic,45,410.00,0.508727
4946,1000,0.10,900,2,17,1.2415,0.35,periodic,46,377.00,0.946381
4947,1000,0.10,900,2,17,1.2190,0.35,periodic,47,382.00,0.550506
4948,1000,0.10,900,2,17,1.2148,0.35,periodic,48,330.00,0.443513
4949,1000,0.10,900,2,17,1.2524,0.35,periodic,49,352.00,0.808689
4950,1000,0.10,900,2,17,1.3142,0.35,periodic,50,364.00,0.454874
4951,1000,0.10,900,2,17,1.3031,0.35,periodic,51,376.00,0.600440
4952,1000,0.10,900,2,17,1.2050,0.35,periodic,52,382.00,0.725292
4953,1000,0.10,900,2,17,1.2851,0.35,periodic,53,341.00,0.475074
4954,1000,0.10,900,2,17,1.2746,0.35,periodic,54,367.00,0.686017
4955,1000,0.10,900,2,17,1.2486,0.35,periodic,55,382.00,0.652187
4956,1000,0.10,900,2,17,1.2467,0.35,periodic,56,407.00,1.057022
4957,1000,0.10,900,2,17,1.2842,0.35,periodic,57,373.00,0.651212
4958,1000,0.10,900,2,17,1.2914,0.35,periodic,58,376.00,0.420570
4959,1000,0.10,900,2,17,1.2490,0.35,periodic,59,397.00,0.826360
4960,1000,0.10,900,2,17,1.2331,0.35,periodic,60,382.00,0.870933
4961,1000,0.10,900,2,17,1.2656,0.35,periodic,61,367.00,1.124304
4962,1000,0.10,900,2,17,1.1563,0.35,periodic,62,340.00,0.540479
4963,1000,0.10,900,2,17,1.2054,0.35,periodic,63,370.00,0.688944
4964,1000,0.10,900,2,17,1.2384,0.35,periodic,64,376.00,0.711253
4965,1000,0.10,900,2,17,1.1910,0.35,periodic,65,356.00,0.548188
4966,1000,0.10,900,2,17,1.2876,0.35,periodic,66,381.00,0.745135
4967,1000,0.10,900,2,17,1.2179,0.35,periodic,67,370.00,0.469237
4968,1000,0.10,900,2,17,1.2873,0.35,periodic,68,393.00,0.713674
4969,1000,0.10,900,2,17,1.2120,0.35,periodic,69,349.00,0.404680
4970,1000,0.10,900,2,17,1.2308,0.35,periodic,70,380.00,0.554516
4971,1000,0.10,900,2,17,1.2633,0.35,periodic,71,371.00,1.120703
4972,1000,0.10,900,2,17,1.2592,0.35,periodic,72,359.00,0.367303
4973,1000,0.10,900,2,17,1.2112,0.35,periodic,73,346.00,0.771168
4974,1000,0.10,900,2,17,1.2051,0.35,periodic,74,358.00,0.565469
4975,1000,0.10,900,2,17,1.2584,0.35,periodic,75,342.00,0.617418
4976,1000,0.10,900,2,17,1.2605,0.35,periodic,76,354.00,0.802944
4977,1000,0.10,900,2,17,1.2621,0.35,periodic,77,345.00,0.612615
4978,1000,0.10,900,2,17,1.1887,0.35,periodic,78,347.00,0.549149
4979,1000,0.10,900,2,17,1.2414,0.35,periodic,79,375.00,0.617874
4980,1000,0.10,900,2,17,1.2097,0.35,periodic,80,355.00,0.711758
4981,1000,0.10,900,2,17,1.2548,0.35,periodic,81,335.00,0.765731
4982,1000,0.10,900,2,17,1.2418,0.35,periodic,82,382.00,0.810206
4983,1000,0.10,900,2,17,1.2083,0.35,periodic,83,371.00,0.691365
4984,1000,0.10,900,2,17,1.3360,0.35,periodic,84,372.00,1.294259
4985,1000,0.10,900,2,17,1.2755,0.35,periodic,85,356.00,0.585093
4986,1000,0.10,900,2,17,1.2391,0.35,periodic,86,343.00,0.630462
4987,1000,0.10,900,2,17,1.2426,0.35,periodic,87,354.00,0.536715
4988,1000,0.10,900,2,17,1.2530,0.35,periodic,88,356.00,0.876975
4989,1000,0.10,900,2,17,1.2623,0.35,periodic,89,353.00,0.724755
4990,1000,0.10,900,2,17,1.2672,0.35,periodic,90,376.00,1.131335
4991,1000,0.10,900,2,17,1.2320,0.35,periodic,91,344.00,0.731031
4992,1000,0.10,900,2,17,1.2241,0.35,periodic,92,360.00,0.790151
4993,1000,0.10,900,2,17,1.2748,0.35,periodic,93,383.00,1.500502
4994,1000,0.10,900,2,17,1.2143,0.35,periodic,94,361.00,1.069553
4995,1000,0.10,900,2,17,1.2578,0.35,periodic,95,341.00,0.600721
4996,1000,0.10,900,2,17,1.2900,0.35,periodic,96,357.00,0.846167
4997,1000,0.10,900,2,17,1.2534,0.35,periodic,97,353.00,0.718465
4998,1000,0.10,900,2,17,1.2626,0.35,periodic,98,339.00,1.008694
4999,1000,0.10,900,2,17,1.2642,0.35,periodic,99,352.00,0.612993
5000,1000,0.10,900,2,17,1.2425,0.40,periodic,0,342.00,0.874980
5001,1000,0.10,900,2,17,1.2794,0.40,periodic,1,370.00,0.706503
5002,1000,0.10,900,2,17,1.2916,0.40,periodic,2,334.00,0.577961
5003,1000,0.10,900,2,17,1.3010,0.40,periodic,3,331.00,0.849864
5004,1000,0.10,900,2,17,1.2425,0.40,periodic,4,368.00,0.643037
5005,1000,0.10,900,2,17,1.2558,0.40,periodic,5,351.00,0.961338
5006,1000,0.10,900,2,17,1.3060,0.40,periodic,6,336.00,0.847059
5007,1000,0.10,900,2,17,1.2671,0.40,periodic,7,355.00,0.690258
5008,1000,0.10,900,2,17,1.3043,0.40,periodic,8,384.00,0.823670
5009,1000,0.10,900,2,17,1.2732,0.40,periodic,9,367.00,0.607339
5010,1000,0.10,900,2,17,1.2709,0.40,periodic,10,378.00,0.801388
5011,1000,0.10,900,2,17,1.2643,0.40,periodic,11,405.00,0.692553
5012,1000,0.10,900,2,17,1.2864,0.40,periodic,12,340.00,0.746312
5013,1000,0.10,900,2,17,1.2603,0.40,periodic,13,327.00,0.687032
5014,1000,0.10,900,2,17,1.3423,0.40,periodic,14,344.00,0.886456
5015,1000,0.10,900,2,17,1.2813,0.40,periodic,15,342.00,0.965844
5016,1000,0.10,900,2,17,1.2442,0.40,periodic,16,356.00,0.918926
5017,1000,0.10,900,2,17,1.2259,0.40,periodic,17,368.00,1.023932
5018,1000,0.10,900,2,17,1.2725,0.40,periodic,18,350.00,0.712014
5019,1000,0.10,900,2,17,1.2806,0.40,periodic,19,370.00,0.702504
5020,1000,0.10,900,2,17,1.2108,0.40,periodic,20,370.00,0.985511
5021,1000,0.10,900,2,17,1.3017,0.40,periodic,21,373.00,0.764586
5022,1000,0.10,900,2,17,1.2260,0.40,periodic,22,360.00,0.861829
5023,1000,0.10,900,2,17,1.2195,0.40,periodic,23,360.00,0.722628
5024,1000,0.10,900,2,17,1.2263,0.40,periodic,24,367.00,0.733817
5025,1000,0.10,900,2,17,1.2811,0.40,periodic,25,352.00,1.138229
5026,1000,0.10,900,2,17,1.3113,0.40,periodic,26,375.00,0.559561
5027,1000,0.10,900,2,17,1.2852,0.40,periodic,27,333.00,0.627029
5028,1000,0.10,900,2,17,1.2476,0.40,periodic,28,366.00,0.939548
5029,1000,0.10,900,2,17,1.2650,0.40,periodic,29,371.00,0.541917
5030,1000,0.10,900,2,17,1.3002,0.40,periodic,30,381.00,0.995204
5031,1000,0.10,900,2,17,1.2346,0.40,periodic,31,370.00,1.029613
5032,1000,0.10,900,2,17,1.2178,0.40,periodic,32,349.00,0.770467
5033,1000,0.10,900,2,17,1.1862,0.40,periodic,33,365.00,0.932184
5034,1000,0.10,900,2,17,1.2380,0.40,periodic,34,365.00,0.840001
5035,1000,0.10,900,2,17,1.2887,0.40,periodic,35,366.00,0.901840
5036,1000,0.10,900,2,17,1.2639,0.40,periodic,36,362.00,0.960750
5037,1000,0.10,900,2,17,1.2737,0.40,periodic,37,357.00,0.647358
5038,1000,0.10,900,2,17,1.2990,0.40,periodic,38,354.00,0.952996
5039,1000,0.10,900,2,17,1.2555,0.40,periodic,39,336.00,0.515610
5040,1000,0.10,900,2,17,1.2073,0.40,periodic,40,369.00,0.816836
5041,1000,0.10,900,2,17,1.2941,0.40,periodic,41,353.00,0.886468
5042,1000,0.10,900,2,17,1.2254,0.40,periodic,42,399.00,0.531812
5043,1000,0.10,900,2,17,1.2213,0.40,periodic,43,390.00,0.941963
5044,1000,0.10,900,2,17,1.2745,0.40,periodic,44,392.00,0.929574
5045,1000,0.10,900,2,17,1.2560,0.40,periodic,45,369.00,0.861109
5046,1000,0.10,900,2,17,1.2677,0.40,periodic,46,330.00,0.860639
5047,1000,0.10,900,2,17,1.3040,0.40,periodic,47,351.00,0.785543
5048,1000,0.10,900,2,17,1.2730,0.40,periodic,48,366.00,0.930002
5049,1000,0.10,900,2,17,1.2719,0.40,periodic,49,353.00,0.748449
5050,1000,0.10,900,2,17,1.2579,0.40,periodic,50,365.00,0.653096
5051,1000,0.10,900,2,17,1.2355,0.40,periodic,51,357.00,1.185663
5052,1000,0.10,900,2,17,1.3006,0.40,periodic,52,342.00,0.716913
5053,1000,0.10,900,2,17,1.2316,0.40,periodic,53,348.00,0.667124
5054,1000,0.10,900,2,17,1.2241,0.40,periodic,54,346.00,1.086082
5055,1000,0.10,900,2,17,1.3150,0.40,periodic,55,352.00,0.665743
5056,1000,0.10,900,2,17,1.2374,0.40,periodic,56,361.00,0.716598
5057,1000,0.10,900,2,17,1.2906,0.40,periodic,57,360.00,0.791915
5058,1000,0.10,900,2,17,1.2415,0.40,periodic,58,364.00,1.031469
5059,1000,0.10,900,2,17,1.2900,0.40,periodic,59,379.00,0.892553
5060,1000,0.10,900,2,17,1.2511,0.40,periodic,60,327.00,0.781717
5061,1000,0.10,900,2,17,1.2569,0.40,periodic,61,373.00,0.934472
5062,1000,0.10,900,2,17,1.2485,0.40,periodic,62,368.00,0.805865
5063,1000,0.10,900,2,17,1.2343,0.40,periodic,63,364.00,0.917522
5064,1000,0.10,900,2,17,1.2590,0.40,periodic,64,385.00,0.785492
5065,1000,0.10,900,2,17,1.2230,0.40,periodic,65,370.00,1.160815
5066,1000,0.10,900,2,17,1.2623,0.40,periodic,66,337.00,0.769636
5067,1000,0.10,900,2,17,1.2493,0.40,periodic,67,364.00,0.800521
5068,1000,0.10,900,2,17,1.2606,0.40,periodic,68,363.00,0.735243
5069,1000,0.10,900,2,17,1.2714,0.40,periodic,69,361.00,0.426137
5070,1000,0.10,900,2,17,1.2621,0.40,periodic,70,364.00,0.580271
5071,1000,0.10,900,2,17,1.2551,0.40,periodic,71,352.00,1.039422
5072,1000,0.10,900,2,17,1.2650,0.40,periodic,72,356.00,0.593261
5073,1000,0.10,900,2,17,1.2870,0.40,periodic,73,354.00,0.686847
5074,1000,0.10,900,2,17,1.2960,0.40,periodic,74,355.00,0.786159
5075,1000,0.10,900,2,17,1.2785,0.40,periodic,75,369.00,1.079309
5076,1000,0.10,900,2,17,1.3163,0.40,periodic,76,332.00,0.705617
5077,1000,0.10,900,2,17,1.2843,0.40,periodic,77,384.00,0.685487
5078,1000,0.10,900,2,17,1.2956,0.40,periodic,78,386.00,1.010895
5079,1000,0.10,900,2,17,1.2460,0.40,periodic,79,375.00,1.100114
5080,1000,0.10,900,2,17,1.2707,0.40,periodic,80,376.00,0.590156
5081,1000,0.10,900,2,17,1.3047,0.40,periodic,81,331.00,1.024171
5082,1000,0.10,900,2,17,1.2643,0.40,periodic,82,345.00,1.080715
5083,1000,0.10,900,2,17,1.2863,0.40,periodic,83,345.00,0.629027
5084,1000,0.10,900,2,17,1.3155,0.40,periodic,84,379.00,0.665752
5085,1000,0.10,900,2,17,1.2547,0.40,periodic,85,359.00,1.488373
5086,1000,0.10,900,2,17,1.2461,0.40,periodic,86,366.00,1.038077
5087,1000,0.10,900,2,17,1.2920,0.40,periodic,87,335.00,0.665419
5088,1000,0.10,900,2,17,1.3222,0.40,periodic,88,357.00,1.004755
5089,1000,0.10,900,2,17,1.2773,0.40,periodic,89,343.00,0.519202
5090,1000,0.10,900,2,17,1.2415,0.40,periodic,90,400.00,1.238082
5091,1000,0.10,900,2,17,1.3295,0.40,periodic,91,365.00,1.062154
5092,1000,0.10,900,2,17,1.2305,0.40,periodic,92,364.00,0.694454
5093,1000,0.10,900,2,17,1.2872,0.40,periodic,93,357.00,0.986327
5094,1000,0.10,900,2,17,1.2454,0.40,periodic,94,376.00,0.862963
5095,1000,0.10,900,2,17,1.2830,0.40,periodic,95,376.00,1.128044
5096,1000,0.10,900,2,17,1.2578,0.40,periodic,96,353.00,1.183820
5097,1000,0.10,900,2,17,1.2641,0.40,periodic,97,362.00,0.828371
5098,1000,0.10,900,2,17,1.2871,0.40,periodic,98,347.00,0.804722
5099,1000,0.10,900,2,17,1.2499,0.40,periodic,99,332.00,0.945549
5100,1000,0.10,900,2,17,1.2905,0.45,periodic,0,403.00,0.861693
5101,1000,0.10,900,2,17,1.3120,0.45,periodic,1,346.00,0.973613
5102,1000,0.10,900,2,17,1.2836,0.45,periodic,2,364.00,1.065333
5103,1000,0.10,900,2,17,1.2653,0.45,periodic,3,358.00,0.650290
5104,1000,0.10,900,2,17,1.3100,0.45,periodic,4,347.00,0.846500
5105,1000,0.10,900,2,17,1.2866,0.45,periodic,5,363.00,0.700371
5106,1000,0.10,900,2,17,1.2984,0.45,periodic,6,390.00,0.688508
5107,1000,0.10,900,2,17,1.3005,0.45,periodic,7,325.00,0.651250
5108,1000,0.10,900,2,17,1.2785,0.45,periodic,8,367.00,1.208781
5109,1000,0.10,900,2,17,1.2857,0.45,periodic,9,363.00,1.077756
5110,1000,0.10,900,2,17,1.2707,0.45,periodic,10,377.00,0.556986
5111,1000,0.10,900,2,17,1.2978,0.45,periodic,11,360.00,0.828466
5112,1000,0.10,900,2,17,1.2372,0.45,periodic,12,371.00,1.011491
5113,1000,0.10,900,2,17,1.2928,0.45,periodic,13,379.00,1.296057
5114,1000,0.10,900,2,17,1.2968,0.45,periodic,14,362.00,0.714610
5115,1000,0.10,900,2,17,1.3066,0.45,periodic,15,358.00,1.160546
5116,1000,0.10,900,2,17,1.2517,0.45,periodic,16,375.00,0.572858
5117,1000,0.10,900,2,17,1.3337,0.45,periodic,17,332.00,1.121451
5118,1000,0.10,900,2,17,1.2928,0.45,periodic,18,401.00,1.247039
5119,1000,0.10,900,2,17,1.2669,0.45,periodic,19,598.00,0.660664
5120,1000,0.10,900,2,17,1.2805,0.45,periodic,20,365.00,1.058625
5121,1000,0.10,900,2,17,1.2944,0.45,periodic,21,382.00,1.184366
5122,1000,0.10,900,2,17,1.2795,0.45,periodic,22,373.00,0.805277
5123,1000,0.10,900,2,17,1.2564,0.45,periodic,23,382.00,0.885672
5124,1000,0.10,900,2,17,1.2427,0.45,periodic,24,351.00,0.733674
5125,1000,0.10,900,2,17,1.2641,0.45,periodic,25,425.00,0.395756
5126,1000,0.10,900,2,17,1.3345,0.45,periodic,26,379.00,1.309875
5127,1000,0.10,900,2,17,1.3204,0.45,periodic,27,353.00,1.226960
5128,1000,0.10,900,2,17,1.2739,0.45,periodic,28,361.00,0.861179
5129,1000,0.10,900,2,17,1.2199,0.45,periodic,29,364.00,1.064646
5130,1000,0.10,900,2,17,1.2651,0.45,periodic,30,397.00,1.229838
5131,1000,0.10,900,2,17,1.2606,0.45,periodic,31,367.00,1.146916
5132,1000,0.10,900,2,17,1.2409,0.45,periodic,32,367.00,1.085131
5133,1000,0.10,900,2,17,1.2533,0.45,periodic,33,380.00,0.822884
5134,1000,0.10,900,2,17,1.2800,0.45,periodic,34,370.00,1.122818
5135,1000,0.10,900,2,17,1.2894,0.45,periodic,35,333.00,1.034226
5136,1000,0.10,900,2,17,1.3141,0.45,periodic,36,375.00,0.725219
5137,1000,0.10,900,2,17,1.2410,0.45,periodic,37,383.00,0.782211
5138,1000,0.10,900,2,17,1.3131,0.45,periodic,38,366.00,1.078404
5139,1000,0.10,900,2,17,1.2165,0.45,periodic,39,338.00,0.777962
5140,1000,0.10,900,2,17,1.2735,0.45,periodic,40,383.00,0.777215
5141,1000,0.10,900,2,17,1.3337,0.45,periodic,41,355.00,1.249513
5142,1000,0.10,900,2,17,1.3211,0.45,periodic,42,391.00,0.846006
5143,1000,0.10,900,2,17,1.3299,0.45,periodic,43,342.00,1.337782
5144,1000,0.10,900,2,17,1.2441,0.45,periodic,44,343.00,0.748743
5145,1000,0.10,900,2,17,1.2744,0.45,periodic,45,371.00,0.873315
5146,1000,0.10,900,2,17,1.3007,0.45,periodic,46,364.00,0.797292
5147,1000,0.10,900,2,17,1.2668,0.45,periodic,47,372.00,1.353120
5148,1000,0.10,900,2,17,1.3580,0.45,periodic,48,372.00,1.129362
5149,1000,0.10,900,2,17,1.2863,0.45,periodic,49,369.00,0.709175
5150,1000,0.10,900,2,17,1.2733,0.45,periodic,50,345.00,0.813021
5151,1000,0.10,900,2,17,1.3209,0.45,periodic,51,365.00,0.649172
5152,1000,0.10,900,2,17,1.2730,0.45,periodic,52,380.00,0.970787
5153,1000,0.10,900,2,17,1.2882,0.45,periodic,53,364.00,1.094324
5154,1000,0.10,900,2,17,1.2749,0.45,periodic,54,348.00,0.861587
5155,1000,0.10,900,2,17,1.2506,0.45,periodic,55,373.00,0.856316
5156,1000,0.10,900,2,17,1.3335,0.45,periodic,56,363.00,1.288892
5157,1000,0.10,900,2,17,1.3036,0.45,periodic,57,366.00,0.732776
5158,1000,0.10,900,2,17,1.2973,0.45,periodic,58,333.00,0.817243
5159,1000,0.10,900,2,17,1.2746,0.45,periodic,59,363.00,0.908779
5160,1000,0.10,900,2,17,1.2569,0.45,periodic,60,379.00,1.342193
5161,1000,0.10,900,2,17,1.2330,0.45,periodic,61,356.00,1.011105
5162,1000,0.10,900,2,17,1.2488,0.45,periodic,62,334.00,0.588243
5163,1000,0.10,900,2,17,1.2674,0.45,periodic,63,368.00,0.987568
5164,1000,0.10,900,2,17,1.2534,0.45,periodic,64,363.00,0.886227
5165,1000,0.10,900,2,17,1.2476,0.45,periodic,65,362.00,0.858703
5166,1000,0.10,900,2,17,1.2914,0.45,periodic,66,372.00,0.782022
5167,1000,0.10,900,2,17,1.2935,0.45,periodic,67,374.00,0.863528
5168,1000,0.10,900,2,17,1.3212,0.45,periodic,68,350.00,0.537780
5169,1000,0.10,900,2,17,1.2772,0.45,periodic,69,344.00,1.142782
5170,1000,0.10,900,2,17,1.2866,0.45,periodic,70,353.00,1.128822
5171,1000,0.10,900,2,17,1.3058,0.45,periodic,71,365.00,1.174906
5172,1000,0.10,900,2,17,1.2553,0.45,periodic,72,364.00,0.760619
5173,1000,0.10,900,2,17,1.2542,0.45,periodic,73,349.00,0.900372
5174,1000,0.10,900,2,17,1.2874,0.45,periodic,74,384.00,0.838906
5175,1000,0.10,900,2,17,1.2326,0.45,periodic,75,339.00,1.087102
5176,1000,0.10,900,2,17,1.3576,0.45,periodic,76,368.00,0.995273
5177,1000,0.10,900,2,17,1.2627,0.45,periodic,77,346.00,1.057782
5178,1000,0.10,900,2,17,1.3053,0.45,periodic,78,350.00,1.006591
5179,1000,0.10,900,2,17,1.3017,0.45,periodic,79,381.00,1.066071
5180,1000,0.10,900,2,17,1.2785,0.45,periodic,80,317.00,1.016861
5181,1000,0.10,900,2,17,1.3131,0.45,periodic,81,331.00,0.697348
5182,1000,0.10,900,2,17,1.2633,0.45,periodic,82,353.00,0.742502
5183,1000,0.10,900,2,17,1.2990,0.45,periodic,83,333.00,0.934551
5184,1000,0.10,900,2,17,1.2346,0.45,periodic,84,353.00,0.919648
5185,1000,0.10,900,2,17,1.3232,0.45,periodic,85,372.00,0.876195
5186,1000,0.10,900,2,17,1.2991,0.45,periodic,86,356.00,1.206107
5187,1000,0.10,900,2,17,1.3405,0.45,periodic,87,367.00,0.587631
5188,1000,0.10,900,2,17,1.3234,0.45,periodic,88,323.00,0.736773
5189,1000,0.10,900,2,17,1.2641,0.45,periodic,89,370.00,0.978244
5190,1000,0.10,900,2,17,1.2757,0.45,periodic,90,344.00,0.928037
5191,1000,0.10,900,2,17,1.2838,0.45,periodic,91,348.00,1.109202
5192,1000,0.10,900,2,17,1.2688,0.45,periodic,92,337.00,1.112465
5193,1000,0.10,900,2,17,1.2892,0.45,periodic,93,367.00,0.932112
5194,1000,0.10,900,2,17,1.2750,0.45,periodic,94,373.00,0.962146
5195,1000,0.10,900,2,17,1.3255,0.45,periodic,95,374.00,0.584649
5196,1000,0.10,900,2,17,1.2764,0.45,periodic,96,389.00,0.601415
5197,1000,0.10,900,2,17,1.3076,0.45,periodic,97,342.00,1.027883
5198,1000,0.10,900,2,17,1.2651,0.45,periodic,98,383.00,0.729790
5199,1000,0.10,900,2,17,1.2799,0.45,periodic,99,353.00,0.737284
5200,1000,0.10,900,2,17,1.2885,0.50,periodic,0,328.00,1.067202
5201,1000,0.10,900,2,17,1.3059,0.50,periodic,1,358.00,0.871784
5202,1000,0.10,900,2,17,1.2691,0.50,periodic,2,354.00,0.982616
5203,1000,0.10,900,2,17,1.2963,0.50,periodic,3,368.00,0.752744
5204,1000,0.10,900,2,17,1.3150,0.50,periodic,4,368.00,0.892976
5205,1000,0.10,900,2,17,1.2704,0.50,periodic,5,359.00,1.203700
5206,1000,0.10,900,2,17,1.2833,0.50,periodic,6,350.00,1.141156
5207,1000,0.10,900,2,17,1.2708,0.50,periodic,7,368.00,1.287331
5208,1000,0.10,900,2,17,1.2921,0.50,periodic,8,362.00,1.103072
5209,1000,0.10,900,2,17,1.2554,0.50,periodic,9,349.00,1.026737
5210,1000,0.10,900,2,17,1.3278,0.50,periodic,10,386.00,1.199267
5211,1000,0.10,900,2,17,1.2815,0.50,periodic,11,344.00,1.149462
5212,1000,0.10,900,2,17,1.2991,0.50,periodic,12,351.00,1.203836
5213,1000,0.10,900,2,17,1.2858,0.50,periodic,13,379.00,0.894723
5214,1000,0.10,900,2,17,1.2944,0.50,periodic,14,355.00,1.007681
5215,1000,0.10,900,2,17,1.2518,0.50,periodic,15,369.00,0.786398
5216,1000,0.10,900,2,17,1.2704,0.50,periodic,16,351.00,0.851072
5217,1000,0.10,900,2,17,1.2814,0.50,periodic,17,366.00,1.133649
5218,1000,0.10,900,2,17,1.2853,0.50,periodic,18,396.00,0.948353
5219,1000,0.10,900,2,17,1.3147,0.50,periodic,19,383.00,0.660721
5220,1000,0.10,900,2,17,1.2888,0.50,periodic,20,388.00,1.054211
5221,1000,0.10,900,2,17,1.2901,0.50,periodic,21,361.00,0.930066
5222,1000,0.10,900,2,17,1.2312,0.50,periodic,22,340.00,0.801084
5223,1000,0.10,900,2,17,1.2938,0.50,periodic,23,366.00,1.103171
5224,1000,0.10,900,2,17,1.3283,0.50,periodic,24,331.00,0.991191
5225,1000,0.10,900,2,17,1.2702,0.50,periodic,25,355.00,1.120846
5226,1000,0.10,900,2,17,1.3222,0.50,periodic,26,360.00,1.125057
5227,1000,0.10,900,2,17,1.3165,0.50,periodic,27,390.00,0.760668
5228,1000,0.10,900,2,17,1.2991,0.50,periodic,28,345.00,0.637716
5229,1000,0.10,900,2,17,1.2939,0.50,periodic,29,360.00,1.058829
5230,1000,0.10,900,2,17,1.2942,0.50,periodic,30,338.00,0.881830
5231,1000,0.10,900,2,17,1.3041,0.50,periodic,31,366.00,0.789983
5232,1000,0.10,900,2,17,1.3285,0.50,periodic,32,355.00,0.962536
5233,1000,0.10,900,2,17,1.2715,0.50,periodic,33,397.00,0.608296
5234,1000,0.10,900,2,17,1.2555,0.50,periodic,34,381.00,0.766487
5235,1000,0.10,900,2,17,1.2876,0.50,periodic,35,393.00,1.049282
5236,1000,0.10,900,2,17,1.3122,0.50,periodic,36,352.00,1.264100
5237,1000,0.10,900,2,17,1.2929,0.50,periodic,37,358.00,0.993028
5238,1000,0.10,900,2,17,1.3279,0.50,periodic,38,348.00,1.104492
5239,1000,0.10,900,2,17,1.2972,0.50,periodic,39,359.00,1.078291
5240,1000,0.10,900,2,17,1.3129,0.50,periodic,40,376.00,1.009151
5241,1000,0.10,900,2,17,1.3013,0.50,periodic,41,372.00,1.259498
5242,1000,0.10,900,2,17,1.2990,0.50,periodic,42,363.00,0.821773
5243,1000,0.10,900,2,17,1.3390,0.50,periodic,43,363.00,1.139449
5244,1000,0.10,900,2,17,1.3189,0.50,periodic,44,335.00,0.867841
5245,1000,0.10,900,2,17,1.2944,0.50,periodic,45,349.00,0.978651
5246,1000,0.10,900,2,17,1.2807,0.50,periodic,46,345.00,1.324972
5247,1000,0.10,900,2,17,1.2638,0.50,periodic,47,353.00,0.728172
5248,1000,0.10,900,2,17,1.3735,0.50,periodic,48,349.00,0.711452
5249,1000,0.10,900,2,17,1.2895,0.50,periodic,49,393.00,0.979657
5250,1000,0.10,900,2,17,1.2708,0.50,periodic,50,334.00,1.770977
5251,1000,0.10,900,2,17,1.2935,0.50,periodic,51,337.00,0.945894
5252,1000,0.10,900,2,17,1.3035,0.50,periodic,52,360.00,1.005474
5253,1000,0.10,900,2,17,1.3460,0.50,periodic,53,380.00,1.160182
5254,1000,0.10,900,2,17,1.2881,0.50,periodic,54,356.00,0.748498
5255,1000,0.10,900,2,17,1.3014,0.50,periodic,55,354.00,0.995354
5256,1000,0.10,900,2,17,1.3057,0.50,periodic,56,348.00,1.042527
5257,1000,0.10,900,2,17,1.2602,0.50,periodic,57,349.00,1.143894
5258,1000,0.10,900,2,17,1.2852,0.50,periodic,58,376.00,1.263633
5259,1000,0.10,900,2,17,1.3022,0.50,periodic,59,359.00,1.005182
5260,1000,0.10,900,2,17,1.2788,0.50,periodic,60,359.00,0.906711
5261,1000,0.10,900,2,17,1.3239,0.50,periodic,61,329.00,1.218345
5262,1000,0.10,900,2,17,1.3217,0.50,periodic,62,358.00,1.089084
5263,1000,0.10,900,2,17,1.3241,0.50,periodic,63,350.00,1.328345
5264,1000,0.10,900,2,17,1.2851,0.50,periodic,64,355.00,1.000567
5265,1000,0.10,900,2,17,1.3196,0.50,periodic,65,361.00,0.746360
5266,1000,0.10,900,2,17,1.2868,0.50,periodic,66,328.00,0.894773
5267,1000,0.10,900,2,17,1.3338,0.50,periodic,67,369.00,1.324027
5268,1000,0.10,900,2,17,1.2697,0.50,periodic,68,356.00,1.357087
5269,1000,0.10,900,2,17,1.3228,0.50,periodic,69,355.00,1.067092
5270,1000,0.10,900,2,17,1.3180,0.50,periodic,70,356.00,1.579515
5271,1000,0.10,900,2,17,1.2925,0.50,periodic,71,372.00,1.222336
5272,1000,0.10,900,2,17,1.3359,0.50,periodic,72,371.00,0.772713
5273,1000,0.10,900,2,17,1.3182,0.50,periodic,73,356.00,1.192360
5274,1000,0.10,900,2,17,1.2520,0.50,periodic,74,343.00,1.033238
5275,1000,0.10,900,2,17,1.3083,0.50,periodic,75,364.00,1.000090
5276,1000,0.10,900,2,17,1.3251,0.50,periodic,76,371.00,0.784405
5277,1000,0.10,900,2,17,1.3041,0.50,periodic,77,368.00,0.889953
5278,1000,0.10,900,2,17,1.2844,0.50,periodic,78,334.00,0.995511
5279,1000,0.10,900,2,17,1.2693,0.50,periodic,79,376.00,1.141551
5280,1000,0.10,900,2,17,1.2653,0.50,periodic,80,348.00,0.858369
5281,1000,0.10,900,2,17,1.2925,0.50,periodic,81,361.00,1.123466
5282,1000,0.10,900,2,17,1.3213,0.50,periodic,82,352.00,1.105672
5283,1000,0.10,900,2,17,1.2753,0.50,periodic,83,369.00,1.273123
5284,1000,0.10,900,2,17,1.2891,0.50,periodic,84,354.00,1.057786
5285,1000,0.10,900,2,17,1.2869,0.50,periodic,85,365.00,1.237116
5286,1000,0.10,900,2,17,1.2672,0.50,periodic,86,352.00,0.902852
5287,1000,0.10,900,2,17,1.3283,0.50,periodic,87,339.00,1.084499
5288,1000,0.10,900,2,17,1.3304,0.50,periodic,88,384.00,0.976372
5289,1000,0.10,900,2,17,1.2437,0.50,periodic,89,348.00,1.037161
5290,1000,0.10,900,2,17,1.3188,0.50,periodic,90,348.00,1.354891
5291,1000,0.10,900,2,17,1.2861,0.50,periodic,91,364.00,0.918096
5292,1000,0.10,900,2,17,1.3269,0.50,periodic,92,337.00,1.222343
5293,1000,0.10,900,2,17,1.2973,0.50,periodic,93,358.00,1.327032
5294,1000,0.10,900,2,17,1.2892,0.50,periodic,94,387.00,1.267550
5295,1000,0.10,900,2,17,1.2995,0.50,periodic,95,368.00,0.924812
5296,1000,0.10,900,2,17,1.2497,0.50,periodic,96,394.00,1.526765
5297,1000,0.10,900,2,17,1.2493,0.50,periodic,97,391.00,1.198185
5298,1000,0.10,900,2,17,1.2766,0.50,periodic,98,345.00,1.235259
5299,1000,0.10,900,2,17,1.2483,0.50,periodic,99,356.00,1.174765
5300,1000,0.10,900,2,17,1.3464,0.55,periodic,0,353.00,1.118540
5301,1000,0.10,900,2,17,1.3356,0.55,periodic,1,361.00,1.130872
5302,1000,0.10,900,2,17,1.3290,0.55,periodic,2,342.00,0.928643
5303,1000,0.10,900,2,17,1.3312,0.55,periodic,3,388.00,1.860728
5304,1000,0.10,900,2,17,1.3125,0.55,periodic,4,361.00,0.986840
5305,1000,0.10,900,2,17,1.3252,0.55,periodic,5,367.00,1.301884
5306,1000,0.10,900,2,17,1.3174,0.55,periodic,6,342.00,1.123688
5307,1000,0.10,900,2,17,1.2115,0.55,periodic,7,376.00,1.192045
5308,1000,0.10,900,2,17,1.2947,0.55,periodic,8,367.00,0.920140
5309,1000,0.10,900,2,17,1.2410,0.55,periodic,9,363.00,1.252988
5310,1000,0.10,900,2,17,1.2767,0.55,periodic,10,370.00,1.468829
5311,1000,0.10,900,2,17,1.3336,0.55,periodic,11,362.00,0.970690
5312,1000,0.10,900,2,17,1.2724,0.55,periodic,12,367.00,1.318530
5313,1000,0.10,900,2,17,1.2754,0.55,periodic,13,345.00,1.377496
5314,1000,0.10,900,2,17,1.3042,0.55,periodic,14,360.00,0.805710
5315,1000,0.10,900,2,17,1.2963,0.55,periodic,15,369.00,1.207680
5316,1000,0.10,900,2,17,1.2976,0.55,periodic,16,364.00,0.966136
5317,1000,0.10,900,2,17,1.3040,0.55,periodic,17,385.00,0.760161
5318,1000,0.10,900,2,17,1.3158,0.55,periodic,18,361.00,1.281604
5319,1000,0.10,900,2,17,1.2833,0.55,periodic,19,368.00,1.213621
5320,1000,0.10,900,2,17,1.2966,0.55,periodic,20,375.00,1.072090
5321,1000,0.10,900,2,17,1.3161,0.55,periodic,21,355.00,0.953502
5322,1000,0.10,900,2,17,1.3240,0.55,periodic,22,355.00,0.993672
5323,1000,0.10,900,2,17,1.3236,0.55,periodic,23,346.00,1.135673
5324,1000,0.10,900,2,17,1.3413,0.55,periodic,24,375.00,1.017197
5325,1000,0.10,900,2,17,1.3206,0.55,periodic,25,385.00,0.790144
5326,1000,0.10,900,2,17,1.2970,0.55,periodic,26,365.00,1.486088
5327,1000,0.10,900,2,17,1.2674,0.55,periodic,27,348.00,1.253167
5328,1000,0.10,900,2,17,1.3096,0.55,periodic,28,361.00,1.133360
5329,1000,0.10,900,2,17,1.2508,0.55,periodic,29,364.00,1.324517
5330,1000,0.10,900,2,17,1.3067,0.55,periodic,30,373.00,1.139609
5331,1000,0.10,900,2,17,1.2989,0.55,periodic,31,381.00,1.165652
5332,1000,0.10,900,2,17,1.2877,0.55,periodic,32,354.00,1.570626
5333,1000,0.10,900,2,17,1.3074,0.55,periodic,33,370.00,1.219814
5334,1000,0.10,900,2,17,1.3142,0.55,periodic,34,351.00,1.150436
5335,1000,0.10,900,2,17,1.2797,0.55,periodic,35,341.00,1.179002
5336,1000,0.10,900,2,17,1.2767,0.55,periodic,36,375.00,1.258152
5337,1000,0.10,900,2,17,1.3201,0.55,periodic,37,343.00,1.447547
5338,1000,0.10,900,2,17,1.3307,0.55,periodic,38,379.00,1.083130
5339,1000,0.10,900,2,17,1.3049,0.55,periodic,39,356.00,1.122035
5340,1000,0.10,900,2,17,1.2381,0.55,periodic,40,386.00,1.829687
5341,1000,0.10,900,2,17,1.3396,0.55,periodic,41,333.00,1.047209
5342,1000,0.10,900,2,17,1.3093,0.55,periodic,42,377.00,0.368850
5343,1000,0.10,900,2,17,1.3104,0.55,periodic,43,351.00,1.441778
5344,1000,0.10,900,2,17,1.3258,0.55,periodic,44,365.00,1.194766
5345,1000,0.10,900,2,17,1.3043,0.55,periodic,45,344.00,1.237780
5346,1000,0.10,900,2,17,1.2746,0.55,periodic,46,363.00,1.073996
5347,1000,0.10,900,2,17,1.2811,0.55,periodic,47,376.00,1.147352
5348,1000,0.10,900,2,17,1.3122,0.55,periodic,48,389.00,1.249163
5349,1000,0.10,900,2,17,1.3484,0.55,periodic,49,364.00,0.590081
5350,1000,0.10,900,2,17,1.3008,0.55,periodic,50,366.00,1.200191
5351,1000,0.10,900,2,17,1.2730,0.55,periodic,51,350.00,1.054838
5352,1000,0.10,900,2,17,1.3347,0.55,periodic,52,361.00,1.473378
5353,1000,0.10,900,2,17,1.3105,0.55,periodic,53,342.00,1.402352
5354,1000,0.10,900,2,17,1.3527,0.55,periodic,54,379.00,1.159251
5355,1000,0.10,900,2,17,1.3123,0.55,periodic,55,335.00,1.145441
5356,1000,0.10,900,2,17,1.3347,0.55,periodic,56,378.00,0.953266
5357,1000,0.10,900,2,17,1.2969,0.55,periodic,57,358.00,1.122022
5358,1000,0.10,900,2,17,1.2869,0.55,periodic,58,405.00,1.292440
5359,1000,0.10,900,2,17,1.3148,0.55,periodic,59,364.00,1.411732
5360,1000,0.10,900,2,17,1.2717,0.55,periodic,60,347.00,1.077417
5361,1000,0.10,900,2,17,1.3246,0.55,periodic,61,340.00,1.063716
5362,1000,0.10,900,2,17,1.2709,0.55,periodic,62,365.00,1.119110
5363,1000,0.10,900,2,17,1.3047,0.55,periodic,63,370.00,1.434963
5364,1000,0.10,900,2,17,1.2038,0.55,periodic,64,371.00,0.952072
5365,1000,0.10,900,2,17,1.3016,0.55,periodic,65,358.00,1.120300
5366,1000,0.10,900,2,17,1.4037,0.55,periodic,66,394.00,0.956218
5367,1000,0.10,900,2,17,1.3230,0.55,periodic,67,351.00,1.121292
5368,1000,0.10,900,2,17,1.2928,0.55,periodic,68,354.00,1.190992
5369,1000,0.10,900,2,17,1.2825,0.55,periodic,69,394.00,1.105069
5370,1000,0.10,900,2,17,1.2739,0.55,periodic,70,365.00,1.101065
5371,1000,0.10,900,2,17,1.3151,0.55,periodic,71,348.00,1.120759
5372,1000,0.10,900,2,17,1.3066,0.55,periodic,72,355.00,1.143534
5373,1000,0.10,900,2,17,1.3644,0.55,periodic,73,372.00,1.084571
5374,1000,0.10,900,2,17,1.3239,0.55,periodic,74,372.00,1.056485
5375,1000,0.10,900,2,17,1.3026,0.55,periodic,75,352.00,1.393988
5376,1000,0.10,900,2,17,1.3059,0.55,periodic,76,352.00,1.215047
5377,1000,0.10,900,2,17,1.2795,0.55,periodic,77,353.00,0.919664
5378,1000,0.10,900,2,17,1.2726,0.55,periodic,78,363.00,0.679281
5379,1000,0.10,900,2,17,1.3064,0.55,periodic,79,358.00,0.836592
5380,1000,0.10,900,2,17,1.2930,0.55,periodic,80,384.00,0.771294
5381,1000,0.10,900,2,17,1.3027,0.55,periodic,81,397.00,0.890394
5382,1000,0.10,900,2,17,1.2923,0.55,periodic,82,411.00,1.271852
5383,1000,0.10,900,2,17,1.2880,0.55,periodic,83,366.00,0.927964
5384,1000,0.10,900,2,17,1.3541,0.55,periodic,84,332.00,1.354097
5385,1000,0.10,900,2,17,1.2894,0.55,periodic,85,351.00,1.380109
5386,1000,0.10,900,2,17,1.3446,0.55,periodic,86,358.00,1.420440
5387,1000,0.10,900,2,17,1.2718,0.55,periodic,87,341.00,1.274313
5388,1000,0.10,900,2,17,1.3041,0.55,periodic,88,350.00,1.014724
5389,1000,0.10,900,2,17,1.3205,0.55,periodic,89,348.00,1.142440
5390,1000,0.10,900,2,17,1.3098,0.55,periodic,90,320.00,1.081499
5391,1000,0.10,900,2,17,1.2972,0.55,periodic,91,356.00,1.350326
5392,1000,0.10,900,2,17,1.2896,0.55,periodic,92,370.00,1.076705
5393,1000,0.10,900,2,17,1.3231,0.55,periodic,93,338.00,1.228649
5394,1000,0.10,900,2,17,1.3125,0.55,periodic,94,376.00,1.718295
5395,1000,0.10,900,2,17,1.3181,0.55,periodic,95,339.00,1.580532
5396,1000,0.10,900,2,17,1.2933,0.55,periodic,96,366.00,1.261900
5397,1000,0.10,900,2,17,1.3601,0.55,periodic,97,366.00,1.361448
5398,1000,0.10,900,2,17,1.3336,0.55,periodic,98,361.00,1.028661
5399,1000,0.10,900,2,17,1.2706,0.55,periodic,99,362.00,1.397351
5400,1000,0.10,900,2,17,1.2979,0.60,periodic,0,353.00,1.939951
5401,1000,0.10,900,2,17,1.3077,0.60,periodic,1,353.00,1.181220
5402,1000,0.10,900,2,17,1.3703,0.60,periodic,2,364.00,0.940558
5403,1000,0.10,900,2,17,1.3073,0.60,periodic,3,356.00,1.208701
5404,1000,0.10,900,2,17,1.3613,0.60,periodic,4,364.00,1.081331
5405,1000,0.10,900,2,17,1.3541,0.60,periodic,5,356.00,1.049685
5406,1000,0.10,900,2,17,1.3196,0.60,periodic,6,366.00,1.139465
5407,1000,0.10,900,2,17,1.3421,0.60,periodic,7,348.00,1.286025
5408,1000,0.10,900,2,17,1.3283,0.60,periodic,8,348.00,1.303920
5409,1000,0.10,900,2,17,1.2882,0.60,periodic,9,365.00,1.429918
5410,1000,0.10,900,2,17,1.3389,0.60,periodic,10,355.00,1.177473
5411,1000,0.10,900,2,17,1.3284,0.60,periodic,11,369.00,1.564527
5412,1000,0.10,900,2,17,1.3006,0.60,periodic,12,347.00,1.128531
5413,1000,0.10,900,2,17,1.3243,0.60,periodic,13,369.00,1.160461
5414,1000,0.10,900,2,17,1.3753,0.60,periodic,14,341.00,1.031624
5415,1000,0.10,900,2,17,1.3060,0.60,periodic,15,326.00,1.568311
5416,1000,0.10,900,2,17,1.3302,0.60,periodic,16,328.00,1.438717
5417,1000,0.10,900,2,17,1.3442,0.60,periodic,17,343.00,1.367142
5418,1000,0.10,900,2,17,1.3552,0.60,periodic,18,364.00,1.460098
5419,1000,0.10,900,2,17,1.3339,0.60,periodic,19,363.00,1.202567
5420,1000,0.10,900,2,17,1.2987,0.60,periodic,20,347.00,1.238750
5421,1000,0.10,900,2,17,1.3146,0.60,periodic,21,362.00,0.993807
5422,1000,0.10,900,2,17,1.3106,0.60,periodic,22,330.00,1.170268
5423,1000,0.10,900,2,17,1.3168,0.60,periodic,23,375.00,2.203476
5424,1000,0.10,900,2,17,1.2622,0.60,periodic,24,341.00,1.255904
5425,1000,0.10,900,2,17,1.3055,0.60,periodic,25,344.00,1.377719
5426,1000,0.10,900,2,17,1.2980,0.60,periodic,26,353.00,1.486263
5427,1000,0.10,900,2,17,1.3080,0.60,periodic,27,362.00,1.403765
5428,1000,0.10,900,2,17,1.3527,0.60,periodic,28,348.00,1.540929
5429,1000,0.10,900,2,17,1.3146,0.60,periodic,29,331.00,1.206996
5430,1000,0.10,900,2,17,1.3226,0.60,periodic,30,394.00,1.073938
5431,1000,0.10,900,2,17,1.3003,0.60,periodic,31,361.00,1.355150
5432,1000,0.10,900,2,17,1.3186,0.60,periodic,32,380.00,1.371513
5433,1000,0.10,900,2,17,1.3154,0.60,periodic,33,348.00,1.131242
5434,1000,0.10,900,2,17,1.3240,0.60,periodic,34,372.00,1.070359
5435,1000,0.10,900,2,17,1.2955,0.60,periodic,35,396.00,1.166477
5436,1000,0.10,900,2,17,1.3447,0.60,periodic,36,354.00,1.384342
5437,1000,0.10,900,2,17,1.3573,0.60,periodic,37,364.00,1.386672
5438,1000,0.10,900,2,17,1.3567,0.60,periodic,38,361.00,1.176085
5439,1000,0.10,900,2,17,1.3597,0.60,periodic,39,347.00,1.332817
5440,1000,0.10,900,2,17,1.2714,0.60,periodic,40,365.00,1.151116
5441,1000,0.10,900,2,17,1.2878,0.60,periodic,41,380.00,1.218024
5442,1000,0.10,900,2,17,1.3658,0.60,periodic,42,363.00,1.533038
5443,1000,0.10,900,2,17,1.3217,0.60,periodic,43,358.00,1.340132
5444,1000,0.10,900,2,17,1.3386,0.60,periodic,44,353.00,1.669259
5445,1000,0.10,900,2,17,1.3303,0.60,periodic,45,357.00,1.202767
5446,1000,0.10,900,2,17,1.2684,0.60,periodic,46,373.00,1.562055
5447,1000,0.10,900,2,17,1.3162,0.60,periodic,47,352.00,1.098380
5448,1000,0.10,900,2,17,1.3160,0.60,periodic,48,371.00,1.107514
5449,1000,0.10,900,2,17,1.3279,0.60,periodic,49,378.00,1.114204
5450,1000,0.10,900,2,17,1.2829,0.60,periodic,50,349.00,1.217484
5451,1000,0.10,900,2,17,1.2934,0.60,periodic,51,354.00,1.747924
5452,1000,0.10,900,2,17,1.3045,0.60,periodic,52,389.00,0.992572
5453,1000,0.10,900,2,17,1.2950,0.60,periodic,53,350.00,1.150870
5454,1000,0.10,900,2,17,1.2942,0.60,periodic,54,363.00,1.323844
5455,1000,0.10,900,2,17,1.2887,0.60,periodic,55,376.00,1.094436
5456,1000,0.10,900,2,17,1.3451,0.60,periodic,56,352.00,1.460959
5457,1000,0.10,900,2,17,1.3209,0.60,periodic,57,362.00,1.641470
5458,1000,0.10,900,2,17,1.3165,0.60,periodic,58,384.00,1.027143
5459,1000,0.10,900,2,17,1.3073,0.60,periodic,59,353.00,1.573769
5460,1000,0.10,900,2,17,1.3044,0.60,periodic,60,351.00,1.209864
5461,1000,0.10,900,2,17,1.2956,0.60,periodic,61,358.00,1.838150
5462,1000,0.10,900,2,17,1.3086,0.60,periodic,62,346.00,1.346491
5463,1000,0.10,900,2,17,1.3648,0.60,periodic,63,367.00,1.413446
5464,1000,0.10,900,2,17,1.3407,0.60,periodic,64,366.00,1.407915
5465,1000,0.10,900,2,17,1.3067,0.60,periodic,65,351.00,1.126630
5466,1000,0.10,900,2,17,1.3346,0.60,periodic,66,373.00,1.071354
5467,1000,0.10,900,2,17,1.2532,0.60,periodic,67,357.00,1.451729
5468,1000,0.10,900,2,17,1.2823,0.60,periodic,68,370.00,0.989308
5469,1000,0.10,900,2,17,1.3262,0.60,periodic,69,321.00,1.393758
5470,1000,0.10,900,2,17,1.3002,0.60,periodic,70,370.00,1.371785
5471,1000,0.10,900,2,17,1.2926,0.60,periodic,71,357.00,1.036299
5472,1000,0.10,900,2,17,1.3452,0.60,periodic,72,348.00,1.253395
5473,1000,0.10,900,2,17,1.3238,0.60,periodic,73,341.00,1.398429
5474,1000,0.10,900,2,17,1.2899,0.60,periodic,74,366.00,0.939884
5475,1000,0.10,900,2,17,1.3633,0.60,periodic,75,344.00,1.362805
5476,1000,0.10,900,2,17,1.3172,0.60,periodic,76,351.00,1.334694
5477,1000,0.10,900,2,17,1.3153,0.60,periodic,77,350.00,1.587112
5478,1000,0.10,900,2,17,1.2892,0.60,periodic,78,374.00,1.033260
5479,1000,0.10,900,2,17,1.2885,0.60,periodic,79,398.00,1.216338
5480,1000,0.10,900,2,17,1.3429,0.60,periodic,80,381.00,1.404287
5481,1000,0.10,900,2,17,1.3403,0.60,periodic,81,355.00,1.552175
5482,1000,0.10,900,2,17,1.3110,0.60,periodic,82,366.00,1.103657
5483,1000,0.10,900,2,17,1.2973,0.60,periodic,83,353.00,1.232216
5484,1000,0.10,900,2,17,1.3128,0.60,periodic,84,375.00,1.229341
5485,1000,0.10,900,2,17,1.3186,0.60,periodic,85,396.00,1.130285
5486,1000,0.10,900,2,17,1.2607,0.60,periodic,86,362.00,1.685104
5487,1000,0.10,900,2,17,1.3578,0.60,periodic,87,341.00,1.472515
5488,1000,0.10,900,2,17,1.3811,0.60,periodic,88,355.00,1.493935
5489,1000,0.10,900,2,17,1.3069,0.60,periodic,89,370.00,0.623904
5490,1000,0.10,900,2,17,1.3327,0.60,periodic,90,356.00,0.830347
5491,1000,0.10,900,2,17,1.3605,0.60,periodic,91,353.00,1.139446
5492,1000,0.10,900,2,17,1.3304,0.60,periodic,92,370.00,1.381287
5493,1000,0.10,900,2,17,1.3110,0.60,periodic,93,377.00,1.249418
5494,1000,0.10,900,2,17,1.3073,0.60,periodic,94,363.00,1.233940
5495,1000,0.10,900,2,17,1.3094,0.60,periodic,95,355.00,0.696745
5496,1000,0.10,900,2,17,1.3039,0.60,periodic,96,385.00,1.494567
5497,1000,0.10,900,2,17,1.3106,0.60,periodic,97,364.00,0.888671
5498,1000,0.10,900,2,17,1.3446,0.60,periodic,98,373.00,1.477661
5499,1000,0.10,900,2,17,1.3080,0.60,periodic,99,338.00,1.294858
5500,1000,0.10,900,2,17,1.3105,0.65,periodic,0,380.00,1.381677
5501,1000,0.10,900,2,17,1.3255,0.65,periodic,1,353.00,1.408505
5502,1000,0.10,900,2,17,1.3035,0.65,periodic,2,361.00,1.492561
5503,1000,0.10,900,2,17,1.2986,0.65,periodic,3,374.00,1.308010
5504,1000,0.10,900,2,17,1.3621,0.65,periodic,4,367.00,1.544931
5505,1000,0.10,900,2,17,1.3483,0.65,periodic,5,357.00,1.348414
5506,1000,0.10,900,2,17,1.3214,0.65,periodic,6,355.00,1.561448
5507,1000,0.10,900,2,17,1.2890,0.65,periodic,7,368.00,1.290376
5508,1000,0.10,900,2,17,1.3759,0.65,periodic,8,338.00,1.237739
5509,1000,0.10,900,2,17,1.2933,0.65,periodic,9,376.00,1.449610
5510,1000,0.10,900,2,17,1.3168,0.65,periodic,10,344.00,1.425639
5511,1000,0.10,900,2,17,1.3385,0.65,periodic,11,358.00,1.348430
5512,1000,0.10,900,2,17,1.3471,0.65,periodic,12,373.00,1.508546
5513,1000,0.10,900,2,17,1.3332,0.65,periodic,13,378.00,1.119547
5514,1000,0.10,900,2,17,1.3550,0.65,periodic,14,334.00,1.477520
5515,1000,0.10,900,2,17,1.3011,0.65,periodic,15,344.00,1.592752
5516,1000,0.10,900,2,17,1.3190,0.65,periodic,16,404.00,1.245531
5517,1000,0.10,900,2,17,1.2723,0.65,periodic,17,361.00,1.433491
5518,1000,0.10,900,2,17,1.3444,0.65,periodic,18,360.00,1.870708
5519,1000,0.10,900,2,17,1.3406,0.65,periodic,19,361.00,1.913798
5520,1000,0.10,900,2,17,1.3129,0.65,periodic,20,347.00,1.486514
5521,1000,0.10,900,2,17,1.3421,0.65,periodic,21,371.00,1.326612
5522,1000,0.10,900,2,17,1.3412,0.65,periodic,22,373.00,1.773118
5523,1000,0.10,900,2,17,1.3494,0.65,periodic,23,365.00,1.456701
5524,1000,0.10,900,2,17,1.3105,0.65,periodic,24,370.00,1.310086
5525,1000,0.10,900,2,17,1.3308,0.65,periodic,25,354.00,1.568937
5526,1000,0.10,900,2,17,1.3545,0.65,periodic,26,344.00,1.385295
5527,1000,0.10,900,2,17,1.3796,0.65,periodic,27,365.00,1.802981
5528,1000,0.10,900,2,17,1.3189,0.65,periodic,28,334.00,1.558390
5529,1000,0.10,900,2,17,1.3729,0.65,periodic,29,321.00,1.454661
5530,1000,0.10,900,2,17,1.3321,0.65,periodic,30,356.00,1.286397
5531,1000,0.10,900,2,17,1.3193,0.65,periodic,31,364.00,1.426865
5532,1000,0.10,900,2,17,1.3140,0.65,periodic,32,367.00,1.664390
5533,1000,0.10,900,2,17,1.3152,0.65,periodic,33,383.00,1.706767
5534,1000,0.10,900,2,17,1.3313,0.65,periodic,34,341.00,1.218043
5535,1000,0.10,900,2,17,1.3465,0.65,periodic,35,369.00,1.638055
5536,1000,0.10,900,2,17,1.2908,0.65,periodic,36,344.00,1.467251
5537,1000,0.10,900,2,17,1.2887,0.65,periodic,37,363.00,1.134014
5538,1000,0.10,900,2,17,1.3120,0.65,periodic,38,361.00,1.501648
5539,1000,0.10,900,2,17,1.3585,0.65,periodic,39,358.00,1.857915
5540,1000,0.10,900,2,17,1.3513,0.65,periodic,40,376.00,1.413464
5541,1000,0.10,900,2,17,1.2741,0.65,periodic,41,392.00,1.907100
5542,1000,0.10,900,2,17,1.2925,0.65,periodic,42,390.00,1.660146
5543,1000,0.10,900,2,17,1.3260,0.65,periodic,43,366.00,1.496919
5544,1000,0.10,900,2,17,1.3038,0.65,periodic,44,367.00,1.336977
5545,1000,0.10,900,2,17,1.3286,0.65,periodic,45,347.00,1.188565
5546,1000,0.10,900,2,17,1.3216,0.65,periodic,46,375.00,1.067789
5547,1000,0.10,900,2,17,1.3248,0.65,periodic,47,332.00,1.319855
5548,1000,0.10,900,2,17,1.3225,0.65,periodic,48,329.00,1.267054
5549,1000,0.10,900,2,17,1.3182,0.65,periodic,49,398.00,1.664972
5550,1000,0.10,900,2,17,1.3171,0.65,periodic,50,333.00,1.062453
5551,1000,0.10,900,2,17,1.3060,0.65,periodic,51,367.00,1.484636
5552,1000,0.10,900,2,17,1.3065,0.65,periodic,52,373.00,1.417515
5553,1000,0.10,900,2,17,1.3187,0.65,periodic,53,374.00,2.030893
5554,1000,0.10,900,2,17,1.3482,0.65,periodic,54,357.00,1.468678
5555,1000,0.10,900,2,17,1.3812,0.65,periodic,55,347.00,1.903220
5556,1000,0.10,900,2,17,1.3486,0.65,periodic,56,352.00,1.183169
5557,1000,0.10,900,2,17,1.3092,0.65,periodic,57,355.00,3.221635
5558,1000,0.10,900,2,17,1.3169,0.65,periodic,58,321.00,1.532985
5559,1000,0.10,900,2,17,1.3213,0.65,periodic,59,363.00,1.295600
5560,1000,0.10,900,2,17,1.2736,0.65,periodic,60,338.00,1.174653
5561,1000,0.10,900,2,17,1.3374,0.65,periodic,61,359.00,1.533508
5562,1000,0.10,900,2,17,1.2952,0.65,periodic,62,393.00,1.492665
5563,1000,0.10,900,2,17,1.2946,0.65,periodic,63,359.00,1.448320
5564,1000,0.10,900,2,17,1.2598,0.65,periodic,64,396.00,1.429212
5565,1000,0.10,900,2,17,1.3454,0.65,periodic,65,373.00,1.508008
5566,1000,0.10,900,2,17,1.2669,0.65,periodic,66,384.00,1.163014
5567,1000,0.10,900,2,17,1.2656,0.65,periodic,67,344.00,1.277614
5568,1000,0.10,900,2,17,1.3246,0.65,periodic,68,333.00,1.017028
5569,1000,0.10,900,2,17,1.3232,0.65,periodic,69,337.00,1.293737
5570,1000,0.10,900,2,17,1.3569,0.65,periodic,70,328.00,1.341491
5571,1000,0.10,900,2,17,1.3149,0.65,periodic,71,367.00,1.425956
5572,1000,0.10,900,2,17,1.2898,0.65,periodic,72,355.00,1.094627
5573,1000,0.10,900,2,17,1.2819,0.65,periodic,73,372.00,1.251027
5574,1000,0.10,900,2,17,1.3335,0.65,periodic,74,354.00,1.198309
5575,1000,0.10,900,2,17,1.3793,0.65,periodic,75,371.00,1.422397
5576,1000,0.10,900,2,17,1.3163,0.65,periodic,76,360.00,1.508806
5577,1000,0.10,900,2,17,1.3460,0.65,periodic,77,345.00,1.556884
5578,1000,0.10,900,2,17,1.3142,0.65,periodic,78,369.00,1.492107
5579,1000,0.10,900,2,17,1.3178,0.65,periodic,79,367.00,1.364295
5580,1000,0.10,900,2,17,1.2782,0.65,periodic,80,359.00,1.602710
5581,1000,0.10,900,2,17,1.3296,0.65,periodic,81,370.00,1.500894
5582,1000,0.10,900,2,17,1.3664,0.65,periodic,82,342.00,1.569906
5583,1000,0.10,900,2,17,1.3296,0.65,periodic,83,362.00,1.436052
5584,1000,0.10,900,2,17,1.3340,0.65,periodic,84,395.00,1.653316
5585,1000,0.10,900,2,17,1.3268,0.65,periodic,85,366.00,1.440307
5586,1000,0.10,900,2,17,1.3097,0.65,periodic,86,355.00,1.416920
5587,1000,0.10,900,2,17,1.3299,0.65,periodic,87,405.00,1.073265
5588,1000,0.10,900,2,17,1.3427,0.65,periodic,88,346.00,1.043707
5589,1000,0.10,900,2,17,1.3222,0.65,periodic,89,356.00,0.947540
5590,1000,0.10,900,2,17,1.3025,0.65,periodic,90,358.00,1.462393
5591,1000,0.10,900,2,17,1.3513,0.65,periodic,91,350.00,1.374872
5592,1000,0.10,900,2,17,1.2939,0.65,periodic,92,383.00,1.499354
5593,1000,0.10,900,2,17,1.3296,0.65,periodic,93,327.00,1.481836
5594,1000,0.10,900,2,17,1.3531,0.65,periodic,94,325.00,1.089307
5595,1000,0.10,900,2,17,1.3364,0.65,periodic,95,356.00,0.940441
5596,1000,0.10,900,2,17,1.3289,0.65,periodic,96,355.00,1.467398
5597,1000,0.10,900,2,17,1.2772,0.65,periodic,97,366.00,1.421019
5598,1000,0.10,900,2,17,1.3356,0.65,periodic,98,360.00,1.407436
5599,1000,0.10,900,2,17,1.3464,0.65,periodic,99,386.00,1.637001
5600,1000,0.10,900,2,17,1.3488,0.70,periodic,0,372.00,1.546281
5601,1000,0.10,900,2,17,1.3549,0.70,periodic,1,354.00,1.414024
5602,1000,0.10,900,2,17,1.3557,0.70,periodic,2,371.00,1.452919
5603,1000,0.10,900,2,17,1.3346,0.70,periodic,3,358.00,1.958756
5604,1000,0.10,900,2,17,1.2881,0.70,periodic,4,359.00,1.152768
5605,1000,0.10,900,2,17,1.3340,0.70,periodic,5,368.00,1.206794
5606,1000,0.10,900,2,17,1.3096,0.70,periodic,6,343.00,1.659760
5607,1000,0.10,900,2,17,1.3773,0.70,periodic,7,360.00,1.604588
5608,1000,0.10,900,2,17,1.3083,0.70,periodic,8,346.00,1.950228
5609,1000,0.10,900,2,17,1.3140,0.70,periodic,9,363.00,0.979226
5610,1000,0.10,900,2,17,1.3719,0.70,periodic,10,364.00,1.271554
5611,1000,0.10,900,2,17,1.3129,0.70,periodic,11,375.00,1.696224
5612,1000,0.10,900,2,17,1.3549,0.70,periodic,12,358.00,1.951190
5613,1000,0.10,900,2,17,1.3318,0.70,periodic,13,364.00,1.307345
5614,1000,0.10,900,2,17,1.3661,0.70,periodic,14,355.00,1.520241
5615,1000,0.10,900,2,17,1.3909,0.70,periodic,15,340.00,2.098364
5616,1000,0.10,900,2,17,1.3537,0.70,periodic,16,381.00,1.588710
5617,1000,0.10,900,2,17,1.2935,0.70,periodic,17,356.00,1.295361
5618,1000,0.10,900,2,17,1.3080,0.70,periodic,18,369.00,1.549938
5619,1000,0.10,900,2,17,1.3343,0.70,periodic,19,376.00,1.391321
5620,1000,0.10,900,2,17,1.3107,0.70,periodic,20,332.00,1.640898
5621,1000,0.10,900,2,17,1.2884,0.70,periodic,21,375.00,1.863977
5622,1000,0.10,900,2,17,1.2978,0.70,periodic,22,330.00,1.645786
5623,1000,0.10,900,2,17,1.3322,0.70,periodic,23,370.00,1.331979
5624,1000,0.10,900,2,17,1.3354,0.70,periodic,24,364.00,1.506361
5625,1000,0.10,900,2,17,1.3325,0.70,periodic,25,377.00,1.623040
5626,1000,0.10,900,2,17,1.3081,0.70,periodic,26,357.00,1.439470
5627,1000,0.10,900,2,17,1.3458,0.70,periodic,27,359.00,1.760593
5628,1000,0.10,900,2,17,1.3574,0.70,periodic,28,339.00,1.186213
5629,1000,0.10,900,2,17,1.3491,0.70,periodic,29,363.00,2.022908
5630,1000,0.10,900,2,17,1.3523,0.70,periodic,30,361.00,1.655010
5631,1000,0.10,900,2,17,1.3159,0.70,periodic,31,325.00,1.588588
5632,1000,0.10,900,2,17,1.3167,0.70,periodic,32,372.00,1.297485
5633,1000,0.10,900,2,17,1.2913,0.70,periodic,33,330.00,1.463560
5634,1000,0.10,900,2,17,1.3377,0.70,periodic,34,370.00,2.287656
5635,1000,0.10,900,2,17,1.3626,0.70,periodic,35,358.00,1.473066
5636,1000,0.10,900,2,17,1.3120,0.70,periodic,36,399.00,1.487377
5637,1000,0.10,900,2,17,1.3516,0.70,periodic,37,342.00,1.352700
5638,1000,0.10,900,2,17,1.2975,0.70,periodic,38,341.00,1.527496
5639,1000,0.10,900,2,17,1.3185,0.70,periodic,39,322.00,1.218070
5640,1000,0.10,900,2,17,1.3668,0.70,periodic,40,352.00,1.893604
5641,1000,0.10,900,2,17,1.3173,0.70,periodic,41,390.00,1.192537
5642,1000,0.10,900,2,17,1.2885,0.70,periodic,42,394.00,1.399994
5643,1000,0.10,900,2,17,1.3201,0.70,periodic,43,347.00,1.433128
5644,1000,0.10,900,2,17,1.3704,0.70,periodic,44,344.00,1.707832
5645,1000,0.10,900,2,17,1.3471,0.70,periodic,45,363.00,1.605047
5646,1000,0.10,900,2,17,1.3418,0.70,periodic,46,345.00,1.505968
5647,1000,0.10,900,2,17,1.4060,0.70,periodic,47,360.00,1.450184
5648,1000,0.10,900,2,17,1.3125,0.70,periodic,48,352.00,1.637246
5649,1000,0.10,900,2,17,1.3491,0.70,periodic,49,370.00,1.656954
5650,1000,0.10,900,2,17,1.3206,0.70,periodic,50,368.00,1.767698
5651,1000,0.10,900,2,17,1.3046,0.70,periodic,51,352.00,1.376936
5652,1000,0.10,900,2,17,1.3417,0.70,periodic,52,358.00,1.111407
5653,1000,0.10,900,2,17,1.3672,0.70,periodic,53,350.00,1.484058
5654,1000,0.10,900,2,17,1.3580,0.70,periodic,54,347.00,1.425575
5655,1000,0.10,900,2,17,1.3588,0.70,periodic,55,389.00,1.058421
5656,1000,0.10,900,2,17,1.3613,0.70,periodic,56,360.00,1.522354
5657,1000,0.10,900,2,17,1.3320,0.70,periodic,57,356.00,1.653379
5658,1000,0.10,900,2,17,1.3512,0.70,periodic,58,373.00,1.873520
5659,1000,0.10,900,2,17,1.2750,0.70,periodic,59,368.00,1.350332
5660,1000,0.10,900,2,17,1.3018,0.70,periodic,60,340.00,1.544902
5661,1000,0.10,900,2,17,1.3076,0.70,periodic,61,351.00,1.190990
5662,1000,0.10,900,2,17,1.3170,0.70,periodic,62,349.00,1.573476
5663,1000,0.10,900,2,17,1.3110,0.70,periodic,63,353.00,1.679605
5664,1000,0.10,900,2,17,1.3062,0.70,periodic,64,364.00,1.620964
5665,1000,0.10,900,2,17,1.3420,0.70,periodic,65,356.00,1.304386
5666,1000,0.10,900,2,17,1.3388,0.70,periodic,66,339.00,1.232578
5667,1000,0.10,900,2,17,1.3149,0.70,periodic,67,362.00,1.511997
5668,1000,0.10,900,2,17,1.3205,0.70,periodic,68,343.00,1.350081
5669,1000,0.10,900,2,17,1.3323,0.70,periodic,69,365.00,1.600942
5670,1000,0.10,900,2,17,1.3550,0.70,periodic,70,374.00,1.462935
5671,1000,0.10,900,2,17,1.3791,0.70,periodic,71,374.00,1.502614
5672,1000,0.10,900,2,17,1.3691,0.70,periodic,72,358.00,1.573462
5673,1000,0.10,900,2,17,1.3368,0.70,periodic,73,367.00,1.284292
5674,1000,0.10,900,2,17,1.3582,0.70,periodic,74,367.00,1.401175
5675,1000,0.10,900,2,17,1.2932,0.70,periodic,75,364.00,1.479327
5676,1000,0.10,900,2,17,1.3253,0.70,periodic,76,369.00,1.071155
5677,1000,0.10,900,2,17,1.2996,0.70,periodic,77,370.00,1.325592
5678,1000,0.10,900,2,17,1.3314,0.70,periodic,78,378.00,1.444092
5679,1000,0.10,900,2,17,1.3068,0.70,periodic,79,347.00,1.581492
5680,1000,0.10,900,2,17,1.3652,0.70,periodic,80,372.00,1.379871
5681,1000,0.10,900,2,17,1.3182,0.70,periodic,81,400.00,1.103343
5682,1000,0.10,900,2,17,1.3108,0.70,periodic,82,374.00,1.565067
5683,1000,0.10,900,2,17,1.3526,0.70,periodic,83,360.00,1.779826
5684,1000,0.10,900,2,17,1.3295,0.70,periodic,84,361.00,1.917395
5685,1000,0.10,900,2,17,1.3561,0.70,periodic,85,322.00,1.297341
5686,1000,0.10,900,2,17,1.3563,0.70,periodic,86,386.00,1.230111
5687,1000,0.10,900,2,17,1.2586,0.70,periodic,87,366.00,1.433243
5688,1000,0.10,900,2,17,1.3888,0.70,periodic,88,363.00,1.530748
5689,1000,0.10,900,2,17,1.2784,0.70,periodic,89,361.00,1.778669
5690,1000,0.10,900,2,17,1.3338,0.70,periodic,90,364.00,1.686374
5691,1000,0.10,900,2,17,1.3620,0.70,periodic,91,341.00,1.483875
5692,1000,0.10,900,2,17,1.2876,0.70,periodic,92,373.00,1.774984
5693,1000,0.10,900,2,17,1.3002,0.70,periodic,93,376.00,1.510839
5694,1000,0.10,900,2,17,1.3716,0.70,periodic,94,347.00,1.392010
5695,1000,0.10,900,2,17,1.3390,0.70,periodic,95,354.00,1.327222
5696,1000,0.10,900,2,17,1.2884,0.70,periodic,96,336.00,1.524104
5697,1000,0.10,900,2,17,1.2885,0.70,periodic,97,365.00,1.469950
5698,1000,0.10,900,2,17,1.3419,0.70,periodic,98,360.00,1.450720
5699,1000,0.10,900,2,17,1.3488,0.70,periodic,99,366.00,1.404408
5700,1000,0.10,900,2,17,1.3351,0.75,periodic,0,365.00,1.575197
5701,1000,0.10,900,2,17,1.3553,0.75,periodic,1,320.00,1.486129
5702,1000,0.10,900,2,17,1.3163,0.75,periodic,2,361.00,1.481108
5703,1000,0.10,900,2,17,1.3442,0.75,periodic,3,347.00,1.660920
5704,1000,0.10,900,2,17,1.3630,0.75,periodic,4,353.00,1.783568
5705,1000,0.10,900,2,17,1.2884,0.75,periodic,5,341.00,1.778026
5706,1000,0.10,900,2,17,1.3133,0.75,periodic,6,365.00,1.433291
5707,1000,0.10,900,2,17,1.3345,0.75,periodic,7,331.00,2.345099
5708,1000,0.10,900,2,17,1.3165,0.75,periodic,8,352.00,2.054322
5709,1000,0.10,900,2,17,1.2980,0.75,periodic,9,382.00,1.685147
5710,1000,0.10,900,2,17,1.2870,0.75,periodic,10,345.00,1.715583
5711,1000,0.10,900,2,17,1.3515,0.75,periodic,11,345.00,1.807565
5712,1000,0.10,900,2,17,1.3245,0.75,periodic,12,360.00,1.360090
5713,1000,0.10,900,2,17,1.3896,0.75,periodic,13,359.00,1.214705
5714,1000,0.10,900,2,17,1.3492,0.75,periodic,14,344.00,2.022793
5715,1000,0.10,900,2,17,1.3314,0.75,periodic,15,363.00,1.395966
5716,1000,0.10,900,2,17,1.3517,0.75,periodic,16,347.00,1.848132
5717,1000,0.10,900,2,17,1.3106,0.75,periodic,17,352.00,1.986214
5718,1000,0.10,900,2,17,1.2945,0.75,periodic,18,363.00,1.265945
5719,1000,0.10,900,2,17,1.2914,0.75,periodic,19,382.00,2.298468
5720,1000,0.10,900,2,17,1.2972,0.75,periodic,20,352.00,1.682372
5721,1000,0.10,900,2,17,1.3845,0.75,periodic,21,371.00,1.494758
5722,1000,0.10,900,2,17,1.3157,0.75,periodic,22,363.00,1.449176
5723,1000,0.10,900,2,17,1.2955,0.75,periodic,23,374.00,1.588562
5724,1000,0.10,900,2,17,1.3514,0.75,periodic,24,374.00,1.652280
5725,1000,0.10,900,2,17,1.3164,0.75,periodic,25,359.00,1.433242
5726,1000,0.10,900,2,17,1.3371,0.75,periodic,26,361.00,1.678721
5727,1000,0.10,900,2,17,1.3672,0.75,periodic,27,363.00,1.909602
5728,1000,0.10,900,2,17,1.3037,0.75,periodic,28,377.00,2.071063
5729,1000,0.10,900,2,17,1.3698,0.75,periodic,29,359.00,1.898942
5730,1000,0.10,900,2,17,1.3269,0.75,periodic,30,349.00,1.718121
5731,1000,0.10,900,2,17,1.3172,0.75,periodic,31,357.00,1.936033
5732,1000,0.10,900,2,17,1.3932,0.75,periodic,32,336.00,1.670321
5733,1000,0.10,900,2,17,1.3313,0.75,periodic,33,364.00,1.646367
5734,1000,0.10,900,2,17,1.3004,0.75,periodic,34,348.00,1.685103
5735,1000,0.10,900,2,17,1.3599,0.75,periodic,35,370.00,1.760993
5736,1000,0.10,900,2,17,1.2926,0.75,periodic,36,368.00,1.483028
5737,1000,0.10,900,2,17,1.3052,0.75,periodic,37,360.00,1.934989
5738,1000,0.10,900,2,17,1.3408,0.75,periodic,38,349.00,1.945741
5739,1000,0.10,900,2,17,1.4134,0.75,periodic,39,351.00,1.780348
5740,1000,0.10,900,2,17,1.3368,0.75,periodic,40,330.00,1.894313
5741,1000,0.10,900,2,17,1.3430,0.75,periodic,41,349.00,1.705140
5742,1000,0.10,900,2,17,1.2926,0.75,periodic,42,358.00,1.603911
5743,1000,0.10,900,2,17,1.3842,0.75,periodic,43,380.00,1.726804
5744,1000,0.10,900,2,17,1.3390,0.75,periodic,44,375.00,1.594127
5745,1000,0.10,900,2,17,1.2991,0.75,periodic,45,367.00,1.242936
5746,1000,0.10,900,2,17,1.3796,0.75,periodic,46,345.00,1.285793
5747,1000,0.10,900,2,17,1.3617,0.75,periodic,47,343.00,1.925645
5748,1000,0.10,900,2,17,1.3178,0.75,periodic,48,372.00,2.196880
5749,1000,0.10,900,2,17,1.3361,0.75,periodic,49,342.00,1.547884
5750,1000,0.10,900,2,17,1.3221,0.75,periodic,50,369.00,1.752788
5751,1000,0.10,900,2,17,1.3085,0.75,periodic,51,353.00,1.402024
5752,1000,0.10,900,2,17,1.3618,0.75,periodic,52,352.00,1.890573
5753,1000,0.10,900,2,17,1.3210,0.75,periodic,53,355.00,1.648485
5754,1000,0.10,900,2,17,1.3490,0.75,periodic,54,360.00,1.839688
5755,1000,0.10,900,2,17,1.3022,0.75,periodic,55,349.00,1.392267
5756,1000,0.10,900,2,17,1.3405,0.75,periodic,56,333.00,1.994234
5757,1000,0.10,900,2,17,1.2783,0.75,periodic,57,351.00,1.325248
5758,1000,0.10,900,2,17,1.3089,0.75,periodic,58,377.00,1.444781
5759,1000,0.10,900,2,17,1.3059,0.75,periodic,59,388.00,1.316400
5760,1000,0.10,900,2,17,1.3385,0.75,periodic,60,362.00,1.925177
5761,1000,0.10,900,2,17,1.3626,0.75,periodic,61,345.00,1.455362
5762,1000,0.10,900,2,17,1.3533,0.75,periodic,62,358.00,1.946445
5763,1000,0.10,900,2,17,1.3323,0.75,periodic,63,357.00,1.346628
5764,1000,0.10,900,2,17,1.3459,0.75,periodic,64,327.00,1.372800
5765,1000,0.10,900,2,17,1.3157,0.75,periodic,65,360.00,1.686996
5766,1000,0.10,900,2,17,1.3174,0.75,periodic,66,348.00,1.719966
5767,1000,0.10,900,2,17,1.3179,0.75,periodic,67,367.00,1.832598
5768,1000,0.10,900,2,17,1.3200,0.75,periodic,68,372.00,1.853897
5769,1000,0.10,900,2,17,1.3411,0.75,periodic,69,360.00,1.636276
5770,1000,0.10,900,2,17,1.3328,0.75,periodic,70,372.00,1.763258
5771,1000,0.10,900,2,17,1.3221,0.75,periodic,71,368.00,1.844540
5772,1000,0.10,900,2,17,1.3005,0.75,periodic,72,363.00,1.675472
5773,1000,0.10,900,2,17,1.3331,0.75,periodic,73,380.00,1.506996
5774,1000,0.10,900,2,17,1.3595,0.75,periodic,74,344.00,1.891155
5775,1000,0.10,900,2,17,1.3049,0.75,periodic,75,345.00,1.847313
5776,1000,0.10,900,2,17,1.3504,0.75,periodic,76,368.00,1.447342
5777,1000,0.10,900,2,17,1.3276,0.75,periodic,77,353.00,1.374268
5778,1000,0.10,900,2,17,1.3597,0.75,periodic,78,355.00,1.549324
5779,1000,0.10,900,2,17,1.3291,0.75,periodic,79,361.00,1.957458
5780,1000,0.10,900,2,17,1.3250,0.75,periodic,80,334.00,1.468187
5781,1000,0.10,900,2,17,1.3388,0.75,periodic,81,355.00,1.178066
5782,1000,0.10,900,2,17,1.3681,0.75,periodic,82,349.00,2.003319
5783,1000,0.10,900,2,17,1.3634,0.75,periodic,83,348.00,1.395080
5784,1000,0.10,900,2,17,1.3370,0.75,periodic,84,387.00,1.516297
5785,1000,0.10,900,2,17,1.3431,0.75,periodic,85,341.00,2.005730
5786,1000,0.10,900,2,17,1.2722,0.75,periodic,86,349.00,1.480895
5787,1000,0.10,900,2,17,1.2845,0.75,periodic,87,345.00,1.427338
5788,1000,0.10,900,2,17,1.3190,0.75,periodic,88,370.00,1.455168
5789,1000,0.10,900,2,17,1.3418,0.75,periodic,89,345.00,1.940943
5790,1000,0.10,900,2,17,1.2970,0.75,periodic,90,363.00,1.349363
5791,1000,0.10,900,2,17,1.3286,0.75,periodic,91,345.00,1.544947
5792,1000,0.10,900,2,17,1.3516,0.75,periodic,92,371.00,1.761875
5793,1000,0.10,900,2,17,1.3356,0.75,periodic,93,367.00,1.647027
5794,1000,0.10,900,2,17,1.3419,0.75,periodic,94,315.00,1.662856
5795,1000,0.10,900,2,17,1.3446,0.75,periodic,95,343.00,1.503408
5796,1000,0.10,900,2,17,1.3182,0.75,periodic,96,336.00,1.668324
5797,1000,0.10,900,2,17,1.3301,0.75,periodic,97,347.00,1.460864
5798,1000,0.10,900,2,17,1.3481,0.75,periodic,98,329.00,1.623141
5799,1000,0.10,900,2,17,1.3671,0.75,periodic,99,355.00,1.539948
5800,1000,0.10,900,2,17,1.3069,0.80,periodic,0,361.00,1.877230
5801,1000,0.10,900,2,17,1.3767,0.80,periodic,1,356.00,2.258850
5802,1000,0.10,900,2,17,1.3296,0.80,periodic,2,356.00,1.412428
5803,1000,0.10,900,2,17,1.3568,0.80,periodic,3,330.00,1.637832
5804,1000,0.10,900,2,17,1.2712,0.80,periodic,4,358.00,1.982972
5805,1000,0.10,900,2,17,1.3613,0.80,periodic,5,363.00,2.685811
5806,1000,0.10,900,2,17,1.3284,0.80,periodic,6,375.00,1.487886
5807,1000,0.10,900,2,17,1.3439,0.80,periodic,7,374.00,2.165364
5808,1000,0.10,900,2,17,1.3200,0.80,periodic,8,342.00,1.714382
5809,1000,0.10,900,2,17,1.3233,0.80,periodic,9,359.00,1.559702
5810,1000,0.10,900,2,17,1.3192,0.80,periodic,10,340.00,1.662678
5811,1000,0.10,900,2,17,1.3337,0.80,periodic,11,346.00,1.722540
5812,1000,0.10,900,2,17,1.3265,0.80,periodic,12,340.00,1.599635
5813,1000,0.10,900,2,17,1.3417,0.80,periodic,13,348.00,1.697374
5814,1000,0.10,900,2,17,1.2903,0.80,periodic,14,366.00,1.941049
5815,1000,0.10,900,2,17,1.3112,0.80,periodic,15,375.00,1.595893
5816,1000,0.10,900,2,17,1.3673,0.80,periodic,16,340.00,1.536380
5817,1000,0.10,900,2,17,1.3914,0.80,periodic,17,352.00,1.968974
5818,1000,0.10,900,2,17,1.3582,0.80,periodic,18,371.00,1.559255
5819,1000,0.10,900,2,17,1.3307,0.80,periodic,19,352.00,1.805623
5820,1000,0.10,900,2,17,1.3557,0.80,periodic,20,358.00,1.637136
5821,1000,0.10,900,2,17,1.3196,0.80,periodic,21,358.00,1.573692
5822,1000,0.10,900,2,17,1.3054,0.80,periodic,22,339.00,1.635835
5823,1000,0.10,900,2,17,1.3190,0.80,periodic,23,355.00,2.102624
5824,1000,0.10,900,2,17,1.3018,0.80,periodic,24,347.00,1.513837
5825,1000,0.10,900,2,17,1.3158,0.80,periodic,25,350.00,1.544101
5826,1000,0.10,900,2,17,1.3160,0.80,periodic,26,360.00,1.404445
5827,1000,0.10,900,2,17,1.3712,0.80,periodic,27,372.00,1.922151
5828,1000,0.10,900,2,17,1.3076,0.80,periodic,28,349.00,1.701294
5829,1000,0.10,900,2,17,1.3247,0.80,periodic,29,380.00,1.687783
5830,1000,0.10,900,2,17,1.3392,0.80,periodic,30,353.00,1.428495
5831,1000,0.10,900,2,17,1.3528,0.80,periodic,31,343.00,1.610230
5832,1000,0.10,900,2,17,1.3059,0.80,periodic,32,346.00,1.310853
5833,1000,0.10,900,2,17,1.3309,0.80,periodic,33,373.00,1.369417
5834,1000,0.10,900,2,17,1.3300,0.80,periodic,34,349.00,1.519014
5835,1000,0.10,900,2,17,1.3317,0.80,periodic,35,363.00,1.744081
5836,1000,0.10,900,2,17,1.3766,0.80,periodic,36,321.00,1.920535
5837,1000,0.10,900,2,17,1.3422,0.80,periodic,37,353.00,1.924117
5838,1000,0.10,900,2,17,1.3533,0.80,periodic,38,357.00,1.697019
5839,1000,0.10,900,2,17,1.3391,0.80,periodic,39,334.00,1.842667
5840,1000,0.10,900,2,17,1.3158,0.80,periodic,40,370.00,2.187258
5841,1000,0.10,900,2,17,1.3395,0.80,periodic,41,348.00,1.682576
5842,1000,0.10,900,2,17,1.3432,0.80,periodic,42,352.00,2.010446
5843,1000,0.10,900,2,17,1.3546,0.80,periodic,43,355.00,2.032380
5844,1000,0.10,900,2,17,1.3665,0.80,periodic,44,369.00,1.698706
5845,1000,0.10,900,2,17,1.3387,0.80,periodic,45,359.00,2.044826
5846,1000,0.10,900,2,17,1.3633,0.80,periodic,46,368.00,2.177581
5847,1000,0.10,900,2,17,1.3004,0.80,periodic,47,338.00,1.585340
5848,1000,0.10,900,2,17,1.3242,0.80,periodic,48,399.00,1.826875
5849,1000,0.10,900,2,17,1.3890,0.80,periodic,49,362.00,1.723350
5850,1000,0.10,900,2,17,1.3546,0.80,periodic,50,341.00,1.853533
5851,1000,0.10,900,2,17,1.3148,0.80,periodic,51,353.00,1.839226
5852,1000,0.10,900,2,17,1.3478,0.80,periodic,52,322.00,1.759865
5853,1000,0.10,900,2,17,1.3303,0.80,periodic,53,344.00,1.641912
5854,1000,0.10,900,2,17,1.3253,0.80,periodic,54,362.00,1.999779
5855,1000,0.10,900,2,17,1.3202,0.80,periodic,55,338.00,2.028445
5856,1000,0.10,900,2,17,1.2807,0.80,periodic,56,373.00,1.566014
5857,1000,0.10,900,2,17,1.3397,0.80,periodic,57,356.00,1.802054
5858,1000,0.10,900,2,17,1.3219,0.80,periodic,58,339.00,2.030948
5859,1000,0.10,900,2,17,1.3440,0.80,periodic,59,371.00,1.906239
5860,1000,0.10,900,2,17,1.3275,0.80,periodic,60,345.00,1.876217
5861,1000,0.10,900,2,17,1.3429,0.80,periodic,61,365.00,1.786280
5862,1000,0.10,900,2,17,1.3855,0.80,periodic,62,363.00,1.982440
5863,1000,0.10,900,2,17,1.3178,0.80,periodic,63,346.00,1.969854
5864,1000,0.10,900,2,17,1.3480,0.80,periodic,64,356.00,1.513034
5865,1000,0.10,900,2,17,1.3559,0.80,periodic,65,337.00,1.938895
5866,1000,0.10,900,2,17,1.3489,0.80,periodic,66,345.00,2.132396
5867,1000,0.10,900,2,17,1.3243,0.80,periodic,67,352.00,1.937166
5868,1000,0.10,900,2,17,1.2973,0.80,periodic,68,342.00,1.742258
5869,1000,0.10,900,2,17,1.3440,0.80,periodic,69,359.00,1.780674
5870,1000,0.10,900,2,17,1.3369,0.80,periodic,70,348.00,1.897791
5871,1000,0.10,900,2,17,1.3090,0.80,periodic,71,348.00,1.960481
5872,1000,0.10,900,2,17,1.3203,0.80,periodic,72,365.00,1.717827
5873,1000,0.10,900,2,17,1.3430,0.80,periodic,73,364.00,2.004339
5874,1000,0.10,900,2,17,1.2629,0.80,periodic,74,336.00,1.598278
5875,1000,0.10,900,2,17,1.3500,0.80,periodic,75,351.00,1.974053
5876,1000,0.10,900,2,17,1.4168,0.80,periodic,76,334.00,2.071682
5877,1000,0.10,900,2,17,1.3216,0.80,periodic,77,357.00,1.559105
5878,1000,0.10,900,2,17,1.3697,0.80,periodic,78,338.00,1.581527
5879,1000,0.10,900,2,17,1.3298,0.80,periodic,79,357.00,1.484248
5880,1000,0.10,900,2,17,1.3422,0.80,periodic,80,394.00,2.103866
5881,1000,0.10,900,2,17,1.3150,0.80,periodic,81,343.00,1.690454
5882,1000,0.10,900,2,17,1.3625,0.80,periodic,82,376.00,2.241390
5883,1000,0.10,900,2,17,1.2948,0.80,periodic,83,361.00,1.692883
5884,1000,0.10,900,2,17,1.3084,0.80,periodic,84,354.00,1.405910
5885,1000,0.10,900,2,17,1.3172,0.80,periodic,85,331.00,2.029354
5886,1000,0.10,900,2,17,1.3007,0.80,periodic,86,336.00,1.616806
5887,1000,0.10,900,2,17,1.3682,0.80,periodic,87,358.00,1.867260
5888,1000,0.10,900,2,17,1.2871,0.80,periodic,88,355.00,1.535898
5889,1000,0.10,900,2,17,1.3566,0.80,periodic,89,369.00,2.598623
5890,1000,0.10,900,2,17,1.3571,0.80,periodic,90,344.00,1.762750
5891,1000,0.10,900,2,17,1.2858,0.80,periodic,91,334.00,1.449414
5892,1000,0.10,900,2,17,1.3455,0.80,periodic,92,349.00,1.624152
5893,1000,0.10,900,2,17,1.3886,0.80,periodic,93,349.00,1.839368
5894,1000,0.10,900,2,17,1.3033,0.80,periodic,94,353.00,1.494061
5895,1000,0.10,900,2,17,1.3096,0.80,periodic,95,359.00,1.569759
5896,1000,0.10,900,2,17,1.3534,0.80,periodic,96,349.00,2.035879
5897,1000,0.10,900,2,17,1.3087,0.80,periodic,97,337.00,1.703612
5898,1000,0.10,900,2,17,1.3592,0.80,periodic,98,339.00,1.875823
5899,1000,0.10,900,2,17,1.3525,0.80,periodic,99,361.00,1.483767
5900,1000,0.10,900,2,17,1.3542,0.85,periodic,0,347.00,1.688060
5901,1000,0.10,900,2,17,1.3416,0.85,periodic,1,349.00,1.921237
5902,1000,0.10,900,2,17,1.3530,0.85,periodic,2,362.00,2.036412
5903,1000,0.10,900,2,17,1.3781,0.85,periodic,3,339.00,1.826952
5904,1000,0.10,900,2,17,1.3487,0.85,periodic,4,363.00,1.701076
5905,1000,0.10,900,2,17,1.2763,0.85,periodic,5,363.00,1.456830
5906,1000,0.10,900,2,17,1.3675,0.85,periodic,6,342.00,1.923878
5907,1000,0.10,900,2,17,1.3457,0.85,periodic,7,350.00,1.890352
5908,1000,0.10,900,2,17,1.3514,0.85,periodic,8,352.00,2.383195
5909,1000,0.10,900,2,17,1.2934,0.85,periodic,9,361.00,1.490430
5910,1000,0.10,900,2,17,1.3398,0.85,periodic,10,352.00,1.573588
5911,1000,0.10,900,2,17,1.3317,0.85,periodic,11,348.00,1.507135
5912,1000,0.10,900,2,17,1.3336,0.85,periodic,12,337.00,1.709720
5913,1000,0.10,900,2,17,1.3938,0.85,periodic,13,357.00,1.998829
5914,1000,0.10,900,2,17,1.2454,0.85,periodic,14,356.00,1.672329
5915,1000,0.10,900,2,17,1.3679,0.85,periodic,15,359.00,2.052406
5916,1000,0.10,900,2,17,1.3235,0.85,periodic,16,324.00,1.993020
5917,1000,0.10,900,2,17,1.3426,0.85,periodic,17,357.00,2.104963
5918,1000,0.10,900,2,17,1.3085,0.85,periodic,18,352.00,1.844914
5919,1000,0.10,900,2,17,1.3003,0.85,periodic,19,373.00,1.836988
5920,1000,0.10,900,2,17,1.3678,0.85,periodic,20,350.00,1.849315
5921,1000,0.10,900,2,17,1.3190,0.85,periodic,21,348.00,1.969643
5922,1000,0.10,900,2,17,1.3171,0.85,periodic,22,360.00,2.093870
5923,1000,0.10,900,2,17,1.3035,0.85,periodic,23,323.00,1.971552
5924,1000,0.10,900,2,17,1.3326,0.85,periodic,24,325.00,1.897321
5925,1000,0.10,900,2,17,1.3627,0.85,periodic,25,350.00,1.780864
5926,1000,0.10,900,2,17,1.3225,0.85,periodic,26,362.00,1.524659
5927,1000,0.10,900,2,17,1.2960,0.85,periodic,27,345.00,1.471161
5928,1000,0.10,900,2,17,1.2956,0.85,periodic,28,364.00,1.971986
5929,1000,0.10,900,2,17,1.3579,0.85,periodic,29,364.00,1.515669
5930,1000,0.10,900,2,17,1.3311,0.85,periodic,30,352.00,2.451567
5931,1000,0.10,900,2,17,1.3451,0.85,periodic,31,370.00,1.974356
5932,1000,0.10,900,2,17,1.3776,0.85,periodic,32,347.00,1.577535
5933,1000,0.10,900,2,17,1.3235,0.85,periodic,33,336.00,1.802652
5934,1000,0.10,900,2,17,1.3599,0.85,periodic,34,342.00,1.604649
5935,1000,0.10,900,2,17,1.3430,0.85,periodic,35,344.00,1.686837
5936,1000,0.10,900,2,17,1.3097,0.85,periodic,36,318.00,1.963730
5937,1000,0.10,900,2,17,1.3482,0.85,periodic,37,359.00,2.274092
5938,1000,0.10,900,2,17,1.3619,0.85,periodic,38,356.00,1.677160
5939,1000,0.10,900,2,17,1.3877,0.85,periodic,39,339.00,2.158720
5940,1000,0.10,900,2,17,1.3537,0.85,periodic,40,351.00,1.960318
5941,1000,0.10,900,2,17,1.3180,0.85,periodic,41,351.00,2.224798
5942,1000,0.10,900,2,17,1.3921,0.85,periodic,42,342.00,1.990230
5943,1000,0.10,900,2,17,1.3179,0.85,periodic,43,351.00,1.752532
5944,1000,0.10,900,2,17,1.3292,0.85,periodic,44,355.00,1.910442
5945,1000,0.10,900,2,17,1.3643,0.85,periodic,45,329.00,2.119177
5946,1000,0.10,900,2,17,1.2915,0.85,periodic,46,323.00,1.884740
5947,1000,0.10,900,2,17,1.2944,0.85,periodic,47,357.00,2.464504
5948,1000,0.10,900,2,17,1.3069,0.85,periodic,48,343.00,1.730617
5949,1000,0.10,900,2,17,1.2984,0.85,periodic,49,332.00,1.948182
5950,1000,0.10,900,2,17,1.2985,0.85,periodic,50,369.00,2.076741
5951,1000,0.10,900,2,17,1.3843,0.85,periodic,51,344.00,2.042840
5952,1000,0.10,900,2,17,1.3074,0.85,periodic,52,387.00,1.315156
5953,1000,0.10,900,2,17,1.2963,0.85,periodic,53,341.00,1.579246
5954,1000,0.10,900,2,17,1.3508,0.85,periodic,54,342.00,1.914390
5955,1000,0.10,900,2,17,1.3968,0.85,periodic,55,337.00,2.077055
5956,1000,0.10,900,2,17,1.3545,0.85,periodic,56,343.00,1.931221
5957,1000,0.10,900,2,17,1.3446,0.85,periodic,57,347.00,1.876743
5958,1000,0.10,900,2,17,1.3732,0.85,periodic,58,350.00,1.762553
5959,1000,0.10,900,2,17,1.3639,0.85,periodic,59,353.00,2.036379
5960,1000,0.10,900,2,17,1.3238,0.85,periodic,60,330.00,2.032058
5961,1000,0.10,900,2,17,1.3537,0.85,periodic,61,354.00,1.738614
5962,1000,0.10,900,2,17,1.3553,0.85,periodic,62,370.00,1.783822
5963,1000,0.10,900,2,17,1.3451,0.85,periodic,63,351.00,2.319921
5964,1000,0.10,900,2,17,1.3503,0.85,periodic,64,350.00,1.720290
5965,1000,0.10,900,2,17,1.3463,0.85,periodic,65,334.00,1.772378
5966,1000,0.10,900,2,17,1.3381,0.85,periodic,66,323.00,2.258529
5967,1000,0.10,900,2,17,1.3443,0.85,periodic,67,356.00,1.713888
5968,1000,0.10,900,2,17,1.3325,0.85,periodic,68,309.00,1.737102
5969,1000,0.10,900,2,17,1.3818,0.85,periodic,69,339.00,2.047974
5970,1000,0.10,900,2,17,1.3531,0.85,periodic,70,352.00,1.827250
5971,1000,0.10,900,2,17,1.3644,0.85,periodic,71,343.00,1.622368
5972,1000,0.10,900,2,17,1.3125,0.85,periodic,72,353.00,1.941684
5973,1000,0.10,900,2,17,1.3437,0.85,periodic,73,330.00,1.689348
5974,1000,0.10,900,2,17,1.3454,0.85,periodic,74,331.00,2.040432
5975,1000,0.10,900,2,17,1.3136,0.85,periodic,75,367.00,2.549264
5976,1000,0.10,900,2,17,1.3155,0.85,periodic,76,355.00,1.891066
5977,1000,0.10,900,2,17,1.3078,0.85,periodic,77,333.00,2.056421
5978,1000,0.10,900,2,17,1.3445,0.85,periodic,78,353.00,1.871104
5979,1000,0.10,900,2,17,1.3166,0.85,periodic,79,344.00,1.688295
5980,1000,0.10,900,2,17,1.3377,0.85,periodic,80,353.00,1.643334
5981,1000,0.10,900,2,17,1.3353,0.85,periodic,81,374.00,2.297393
5982,1000,0.10,900,2,17,1.3324,0.85,periodic,82,362.00,2.476875
5983,1000,0.10,900,2,17,1.3790,0.85,periodic,83,370.00,1.840867
5984,1000,0.10,900,2,17,1.3576,0.85,periodic,84,344.00,1.629293
5985,1000,0.10,900,2,17,1.3297,0.85,periodic,85,353.00,2.421836
5986,1000,0.10,900,2,17,1.3704,0.85,periodic,86,353.00,1.932555
5987,1000,0.10,900,2,17,1.3724,0.85,periodic,87,339.00,2.135503
5988,1000,0.10,900,2,17,1.3557,0.85,periodic,88,360.00,2.328579
5989,1000,0.10,900,2,17,1.3554,0.85,periodic,89,341.00,1.407114
5990,1000,0.10,900,2,17,1.3516,0.85,periodic,90,392.00,2.256706
5991,1000,0.10,900,2,17,1.2851,0.85,periodic,91,348.00,1.804252
5992,1000,0.10,900,2,17,1.3643,0.85,periodic,92,344.00,1.962477
5993,1000,0.10,900,2,17,1.3311,0.85,periodic,93,327.00,2.059963
5994,1000,0.10,900,2,17,1.2839,0.85,periodic,94,340.00,1.713577
5995,1000,0.10,900,2,17,1.3209,0.85,periodic,95,348.00,1.984001
5996,1000,0.10,900,2,17,1.3107,0.85,periodic,96,341.00,1.739261
5997,1000,0.10,900,2,17,1.3126,0.85,periodic,97,326.00,1.815015
5998,1000,0.10,900,2,17,1.3488,0.85,periodic,98,344.00,1.829450
5999,1000,0.10,900,2,17,1.3506,0.85,periodic,99,350.00,2.104371
6000,1000,0.10,900,2,17,1.2711,0.90,periodic,0,356.00,1.875294
6001,1000,0.10,900,2,17,1.2895,0.90,periodic,1,345.00,2.065835
6002,1000,0.10,900,2,17,1.3071,0.90,periodic,2,362.00,2.237343
6003,1000,0.10,900,2,17,1.3241,0.90,periodic,3,373.00,1.866742
6004,1000,0.10,900,2,17,1.3586,0.90,periodic,4,357.00,2.122038
6005,1000,0.10,900,2,17,1.3190,0.90,periodic,5,342.00,2.131374
6006,1000,0.10,900,2,17,1.3564,0.90,periodic,6,347.00,2.325320
6007,1000,0.10,900,2,17,1.3405,0.90,periodic,7,334.00,2.007473
6008,1000,0.10,900,2,17,1.3730,0.90,periodic,8,366.00,2.582650
6009,1000,0.10,900,2,17,1.3598,0.90,periodic,9,339.00,2.042393
6010,1000,0.10,900,2,17,1.3080,0.90,periodic,10,343.00,1.859461
6011,1000,0.10,900,2,17,1.3317,0.90,periodic,11,339.00,1.678957
6012,1000,0.10,900,2,17,1.4060,0.90,periodic,12,331.00,2.326090
6013,1000,0.10,900,2,17,1.3487,0.90,periodic,13,330.00,1.506171
6014,1000,0.10,900,2,17,1.3478,0.90,periodic,14,316.00,1.876778
6015,1000,0.10,900,2,17,1.3294,0.90,periodic,15,331.00,1.977148
6016,1000,0.10,900,2,17,1.3225,0.90,periodic,16,353.00,1.587672
6017,1000,0.10,900,2,17,1.3390,0.90,periodic,17,316.00,2.109691
6018,1000,0.10,900,2,17,1.3429,0.90,periodic,18,358.00,2.800561
6019,1000,0.10,900,2,17,1.3820,0.90,periodic,19,348.00,1.790308
6020,1000,0.10,900,2,17,1.3559,0.90,periodic,20,363.00,1.952484
6021,1000,0.10,900,2,17,1.3024,0.90,periodic,21,370.00,1.966098
6022,1000,0.10,900,2,17,1.3708,0.90,periodic,22,352.00,2.115919
6023,1000,0.10,900,2,17,1.3221,0.90,periodic,23,384.00,1.671141
6024,1000,0.10,900,2,17,1.3400,0.90,periodic,24,336.00,2.063954
6025,1000,0.10,900,2,17,1.3094,0.90,periodic,25,346.00,1.863871
6026,1000,0.10,900,2,17,1.3588,0.90,periodic,26,377.00,2.336710
6027,1000,0.10,900,2,17,1.3445,0.90,periodic,27,350.00,1.950777
6028,1000,0.10,900,2,17,1.3326,0.90,periodic,28,368.00,1.876987
6029,1000,0.10,900,2,17,1.3231,0.90,periodic,29,369.00,1.681976
6030,1000,0.10,900,2,17,1.3713,0.90,periodic,30,336.00,2.202091
6031,1000,0.10,900,2,17,1.3437,0.90,periodic,31,321.00,2.028118
6032,1000,0.10,900,2,17,1.3472,0.90,periodic,32,358.00,2.161085
6033,1000,0.10,900,2,17,1.3379,0.90,periodic,33,345.00,2.227197
6034,1000,0.10,900,2,17,1.2692,0.90,periodic,34,332.00,1.326762
6035,1000,0.10,900,2,17,1.2859,0.90,periodic,35,354.00,1.744093
6036,1000,0.10,900,2,17,1.3474,0.90,periodic,36,361.00,1.956860
6037,1000,0.10,900,2,17,1.3686,0.90,periodic,37,354.00,2.198734
6038,1000,0.10,900,2,17,1.3499,0.90,periodic,38,335.00,1.984948
6039,1000,0.10,900,2,17,1.3899,0.90,periodic,39,357.00,1.837877
6040,1000,0.10,900,2,17,1.3524,0.90,periodic,40,352.00,1.774719
6041,1000,0.10,900,2,17,1.2974,0.90,periodic,41,370.00,2.839430
6042,1000,0.10,900,2,17,1.3335,0.90,periodic,42,335.00,1.607437
6043,1000,0.10,900,2,17,1.3737,0.90,periodic,43,342.00,2.389710
6044,1000,0.10,900,2,17,1.3221,0.90,periodic,44,333.00,2.060740
6045,1000,0.10,900,2,17,1.3203,0.90,periodic,45,341.00,2.492585
6046,1000,0.10,900,2,17,1.3923,0.90,periodic,46,351.00,2.107921
6047,1000,0.10,900,2,17,1.3443,0.90,periodic,47,340.00,1.905593
6048,1000,0.10,900,2,17,1.3465,0.90,periodic,48,347.00,1.774893
6049,1000,0.10,900,2,17,1.3550,0.90,periodic,49,346.00,1.879166
6050,1000,0.10,900,2,17,1.3967,0.90,periodic,50,344.00,1.793347
6051,1000,0.10,900,2,17,1.3567,0.90,periodic,51,352.00,2.037253
6052,1000,0.10,900,2,17,1.3466,0.90,periodic,52,338.00,1.739985
6053,1000,0.10,900,2,17,1.3835,0.90,periodic,53,354.00,1.949968
6054,1000,0.10,900,2,17,1.3387,0.90,periodic,54,331.00,2.060838
6055,1000,0.10,900,2,17,1.3487,0.90,periodic,55,368.00,2.000891
6056,1000,0.10,900,2,17,1.3547,0.90,periodic,56,347.00,2.081120
6057,1000,0.10,900,2,17,1.3393,0.90,periodic,57,328.00,2.004179
6058,1000,0.10,900,2,17,1.3341,0.90,periodic,58,329.00,2.241238
6059,1000,0.10,900,2,17,1.3784,0.90,periodic,59,355.00,1.904715
6060,1000,0.10,900,2,17,1.3352,0.90,periodic,60,335.00,1.927685
6061,1000,0.10,900,2,17,1.3065,0.90,periodic,61,346.00,2.523422
6062,1000,0.10,900,2,17,1.3106,0.90,periodic,62,347.00,1.758026
6063,1000,0.10,900,2,17,1.3641,0.90,periodic,63,340.00,1.898749
6064,1000,0.10,900,2,17,1.3239,0.90,periodic,64,340.00,1.918007
6065,1000,0.10,900,2,17,1.2879,0.90,periodic,65,350.00,1.782307
6066,1000,0.10,900,2,17,1.3254,0.90,periodic,66,348.00,1.692510
6067,1000,0.10,900,2,17,1.2761,0.90,periodic,67,361.00,2.095554
6068,1000,0.10,900,2,17,1.3503,0.90,periodic,68,347.00,1.778718
6069,1000,0.10,900,2,17,1.3603,0.90,periodic,69,351.00,1.719493
6070,1000,0.10,900,2,17,1.3380,0.90,periodic,70,344.00,1.839367
6071,1000,0.10,900,2,17,1.3304,0.90,periodic,71,359.00,1.360276
6072,1000,0.10,900,2,17,1.3471,0.90,periodic,72,342.00,2.791375
6073,1000,0.10,900,2,17,1.3453,0.90,periodic,73,359.00,1.947557
6074,1000,0.10,900,2,17,1.3563,0.90,periodic,74,351.00,2.381109
6075,1000,0.10,900,2,17,1.3075,0.90,periodic,75,333.00,1.812382
6076,1000,0.10,900,2,17,1.3652,0.90,periodic,76,339.00,1.898925
6077,1000,0.10,900,2,17,1.3228,0.90,periodic,77,335.00,1.875425
6078,1000,0.10,900,2,17,1.3579,0.90,periodic,78,352.00,2.206082
6079,1000,0.10,900,2,17,1.3541,0.90,periodic,79,336.00,2.193126
6080,1000,0.10,900,2,17,1.3381,0.90,periodic,80,364.00,1.926457
6081,1000,0.10,900,2,17,1.3164,0.90,periodic,81,385.00,1.765056
6082,1000,0.10,900,2,17,1.3182,0.90,periodic,82,351.00,2.072909
6083,1000,0.10,900,2,17,1.3279,0.90,periodic,83,347.00,1.991017
6084,1000,0.10,900,2,17,1.3518,0.90,periodic,84,350.00,1.683140
6085,1000,0.10,900,2,17,1.4170,0.90,periodic,85,330.00,2.166266
6086,1000,0.10,900,2,17,1.3874,0.90,periodic,86,352.00,1.908568
6087,1000,0.10,900,2,17,1.3159,0.90,periodic,87,330.00,2.222623
6088,1000,0.10,900,2,17,1.3066,0.90,periodic,88,352.00,1.790248
6089,1000,0.10,900,2,17,1.3180,0.90,periodic,89,338.00,1.546874
6090,1000,0.10,900,2,17,1.3162,0.90,periodic,90,329.00,2.066570
6091,1000,0.10,900,2,17,1.3146,0.90,periodic,91,328.00,2.176065
6092,1000,0.10,900,2,17,1.3493,0.90,periodic,92,347.00,2.064703
6093,1000,0.10,900,2,17,1.3852,0.90,periodic,93,330.00,2.117100
6094,1000,0.10,900,2,17,1.3381,0.90,periodic,94,361.00,1.955630
6095,1000,0.10,900,2,17,1.3364,0.90,periodic,95,355.00,2.042662
6096,1000,0.10,900,2,17,1.3722,0.90,periodic,96,348.00,3.669977
6097,1000,0.10,900,2,17,1.3192,0.90,periodic,97,356.00,2.203441
6098,1000,0.10,900,2,17,1.3426,0.90,periodic,98,345.00,2.018948
6099,1000,0.10,900,2,17,1.3071,0.90,periodic,99,353.00,2.453666
6100,1000,0.10,900,2,17,1.3781,0.95,periodic,0,364.00,1.834648
6101,1000,0.10,900,2,17,1.3318,0.95,periodic,1,349.00,1.807140
6102,1000,0.10,900,2,17,1.3875,0.95,periodic,2,353.00,2.158866
6103,1000,0.10,900,2,17,1.3551,0.95,periodic,3,369.00,2.379860
6104,1000,0.10,900,2,17,1.3366,0.95,periodic,4,340.00,2.075474
6105,1000,0.10,900,2,17,1.2882,0.95,periodic,5,341.00,2.158968
6106,1000,0.10,900,2,17,1.3417,0.95,periodic,6,331.00,1.716546
6107,1000,0.10,900,2,17,1.3427,0.95,periodic,7,337.00,2.121937
6108,1000,0.10,900,2,17,1.3264,0.95,periodic,8,358.00,2.092266
6109,1000,0.10,900,2,17,1.3353,0.95,periodic,9,336.00,2.212043
6110,1000,0.10,900,2,17,1.3436,0.95,periodic,10,347.00,1.906440
6111,1000,0.10,900,2,17,1.3456,0.95,periodic,11,323.00,1.921978
6112,1000,0.10,900,2,17,1.3511,0.95,periodic,12,350.00,2.010022
6113,1000,0.10,900,2,17,1.3446,0.95,periodic,13,350.00,2.865798
6114,1000,0.10,900,2,17,1.3377,0.95,periodic,14,344.00,1.962220
6115,1000,0.10,900,2,17,1.3185,0.95,periodic,15,371.00,1.997429
6116,1000,0.10,900,2,17,1.3541,0.95,periodic,16,331.00,2.072680
6117,1000,0.10,900,2,17,1.3321,0.95,periodic,17,351.00,2.091244
6118,1000,0.10,900,2,17,1.3085,0.95,periodic,18,328.00,2.271275
6119,1000,0.10,900,2,17,1.3086,0.95,periodic,19,350.00,2.353934
6120,1000,0.10,900,2,17,1.3473,0.95,periodic,20,350.00,2.177923
6121,1000,0.10,900,2,17,1.2892,0.95,periodic,21,353.00,2.312424
6122,1000,0.10,900,2,17,1.3697,0.95,periodic,22,328.00,1.988527
6123,1000,0.10,900,2,17,1.3140,0.95,periodic,23,354.00,2.439831
6124,1000,0.10,900,2,17,1.3534,0.95,periodic,24,367.00,2.522829
6125,1000,0.10,900,2,17,1.2949,0.95,periodic,25,336.00,2.142638
6126,1000,0.10,900,2,17,1.3249,0.95,periodic,26,345.00,1.928878
6127,1000,0.10,900,2,17,1.3609,0.95,periodic,27,344.00,2.042728
6128,1000,0.10,900,2,17,1.3054,0.95,periodic,28,366.00,1.981201
6129,1000,0.10,900,2,17,1.3404,0.95,periodic,29,343.00,1.894490
6130,1000,0.10,900,2,17,1.3231,0.95,periodic,30,368.00,1.915887
6131,1000,0.10,900,2,17,1.2975,0.95,periodic,31,369.00,1.991590
6132,1000,0.10,900,2,17,1.3942,0.95,periodic,32,335.00,2.096196
6133,1000,0.10,900,2,17,1.3056,0.95,periodic,33,346.00,2.429843
6134,1000,0.10,900,2,17,1.3527,0.95,periodic,34,340.00,2.810406
6135,1000,0.10,900,2,17,1.3014,0.95,periodic,35,330.00,2.413839
6136,1000,0.10,900,2,17,1.3527,0.95,periodic,36,356.00,2.489420
6137,1000,0.10,900,2,17,1.3202,0.95,periodic,37,365.00,2.317169
6138,1000,0.10,900,2,17,1.3029,0.95,periodic,38,333.00,2.635949
6139,1000,0.10,900,2,17,1.3831,0.95,periodic,39,330.00,1.903669
6140,1000,0.10,900,2,17,1.3157,0.95,periodic,40,338.00,2.132621
6141,1000,0.10,900,2,17,1.3704,0.95,periodic,41,341.00,2.079287
6142,1000,0.10,900,2,17,1.2855,0.95,periodic,42,368.00,2.580595
6143,1000,0.10,900,2,17,1.3020,0.95,periodic,43,337.00,2.148995
6144,1000,0.10,900,2,17,1.2623,0.95,periodic,44,326.00,2.132666
6145,1000,0.10,900,2,17,1.3662,0.95,periodic,45,340.00,1.844613
6146,1000,0.10,900,2,17,1.3786,0.95,periodic,46,351.00,2.724086
6147,1000,0.10,900,2,17,1.3549,0.95,periodic,47,347.00,2.584268
6148,1000,0.10,900,2,17,1.3582,0.95,periodic,48,341.00,2.285212
6149,1000,0.10,900,2,17,1.2980,0.95,periodic,49,343.00,2.175150
6150,1000,0.10,900,2,17,1.3765,0.95,periodic,50,339.00,2.121451
6151,1000,0.10,900,2,17,1.3311,0.95,periodic,51,347.00,2.049284
6152,1000,0.10,900,2,17,1.3098,0.95,periodic,52,337.00,2.245082
6153,1000,0.10,900,2,17,1.3206,0.95,periodic,53,338.00,2.285196
6154,1000,0.10,900,2,17,1.3733,0.95,periodic,54,338.00,2.308395
6155,1000,0.10,900,2,17,1.2863,0.95,periodic,55,344.00,2.137824
6156,1000,0.10,900,2,17,1.3150,0.95,periodic,56,359.00,2.397671
6157,1000,0.10,900,2,17,1.3307,0.95,periodic,57,349.00,2.010643
6158,1000,0.10,900,2,17,1.3402,0.95,periodic,58,343.00,2.645398
6159,1000,0.10,900,2,17,1.3240,0.95,periodic,59,329.00,1.821986
6160,1000,0.10,900,2,17,1.3807,0.95,periodic,60,334.00,2.186369
6161,1000,0.10,900,2,17,1.3258,0.95,periodic,61,339.00,2.151761
6162,1000,0.10,900,2,17,1.2918,0.95,periodic,62,359.00,3.087430
6163,1000,0.10,900,2,17,1.3673,0.95,periodic,63,347.00,2.341425
6164,1000,0.10,900,2,17,1.3068,0.95,periodic,64,362.00,1.992668
6165,1000,0.10,900,2,17,1.3387,0.95,periodic,65,329.00,2.194013
6166,1000,0.10,900,2,17,1.3986,0.95,periodic,66,349.00,2.103169
6167,1000,0.10,900,2,17,1.3082,0.95,periodic,67,333.00,1.794098
6168,1000,0.10,900,2,17,1.3285,0.95,periodic,68,346.00,2.104208
6169,1000,0.10,900,2,17,1.3610,0.95,periodic,69,330.00,1.866114
6170,1000,0.10,900,2,17,1.3448,0.95,periodic,70,334.00,2.124391
6171,1000,0.10,900,2,17,1.3616,0.95,periodic,71,338.00,2.153160
6172,1000,0.10,900,2,17,1.3458,0.95,periodic,72,356.00,1.877406
6173,1000,0.10,900,2,17,1.3430,0.95,periodic,73,341.00,2.577498
6174,1000,0.10,900,2,17,1.3019,0.95,periodic,74,342.00,2.070561
6175,1000,0.10,900,2,17,1.3264,0.95,periodic,75,322.00,2.206658
6176,1000,0.10,900,2,17,1.2949,0.95,periodic,76,345.00,1.882575
6177,1000,0.10,900,2,17,1.3345,0.95,periodic,77,341.00,2.195921
6178,1000,0.10,900,2,17,1.2991,0.95,periodic,78,343.00,1.959121
6179,1000,0.10,900,2,17,1.3636,0.95,periodic,79,352.00,2.044832
6180,1000,0.10,900,2,17,1.3393,0.95,periodic,80,335.00,2.516076
6181,1000,0.10,900,2,17,1.3497,0.95,periodic,81,328.00,2.498354
6182,1000,0.10,900,2,17,1.3474,0.95,periodic,82,347.00,2.006637
6183,1000,0.10,900,2,17,1.2915,0.95,periodic,83,354.00,2.220582
6184,1000,0.10,900,2,17,1.3001,0.95,periodic,84,347.00,2.131436
6185,1000,0.10,900,2,17,1.3371,0.95,periodic,85,337.00,2.407804
6186,1000,0.10,900,2,17,1.3375,0.95,periodic,86,334.00,1.850579
6187,1000,0.10,900,2,17,1.3460,0.95,periodic,87,346.00,2.370760
6188,1000,0.10,900,2,17,1.3035,0.95,periodic,88,338.00,2.036608
6189,1000,0.10,900,2,17,1.3214,0.95,periodic,89,325.00,1.724227
6190,1000,0.10,900,2,17,1.3229,0.95,periodic,90,335.00,2.288659
6191,1000,0.10,900,2,17,1.3307,0.95,periodic,91,341.00,1.988515
6192,1000,0.10,900,2,17,1.2765,0.95,periodic,92,342.00,1.723688
6193,1000,0.10,900,2,17,1.3569,0.95,periodic,93,352.00,2.620637
6194,1000,0.10,900,2,17,1.3733,0.95,periodic,94,352.00,2.666530
6195,1000,0.10,900,2,17,1.3238,0.95,periodic,95,336.00,2.234017
6196,1000,0.10,900,2,17,1.2738,0.95,periodic,96,312.00,2.262748
6197,1000,0.10,900,2,17,1.3062,0.95,periodic,97,352.00,2.167746
6198,1000,0.10,900,2,17,1.3761,0.95,periodic,98,329.00,2.402578
6199,1000,0.10,900,2,17,1.3184,0.95,periodic,99,341.00,2.087547
6200,1000,0.10,900,2,17,1.3022,1.00,periodic,0,345.00,2.232064
6201,1000,0.10,900,2,17,1.2842,1.00,periodic,1,328.00,2.600628
6202,1000,0.10,900,2,17,1.3232,1.00,periodic,2,362.00,2.373346
6203,1000,0.10,900,2,17,1.3424,1.00,periodic,3,353.00,2.479135
6204,1000,0.10,900,2,17,1.3263,1.00,periodic,4,341.00,2.134714
6205,1000,0.10,900,2,17,1.3283,1.00,periodic,5,332.00,2.295498
6206,1000,0.10,900,2,17,1.3001,1.00,periodic,6,346.00,2.543703
6207,1000,0.10,900,2,17,1.3435,1.00,periodic,7,360.00,2.303195
6208,1000,0.10,900,2,17,1.2621,1.00,periodic,8,336.00,2.080667
6209,1000,0.10,900,2,17,1.3188,1.00,periodic,9,342.00,2.291599
6210,1000,0.10,900,2,17,1.3148,1.00,periodic,10,340.00,1.933347
6211,1000,0.10,900,2,17,1.3060,1.00,periodic,11,336.00,2.399627
6212,1000,0.10,900,2,17,1.3199,1.00,periodic,12,320.00,2.342779
6213,1000,0.10,900,2,17,1.2985,1.00,periodic,13,323.00,2.108265
6214,1000,0.10,900,2,17,1.3250,1.00,periodic,14,346.00,3.093824
6215,1000,0.10,900,2,17,1.3086,1.00,periodic,15,352.00,2.602661
6216,1000,0.10,900,2,17,1.3289,1.00,periodic,16,338.00,2.287047
6217,1000,0.10,900,2,17,1.3359,1.00,periodic,17,345.00,2.263331
6218,1000,0.10,900,2,17,1.2786,1.00,periodic,18,354.00,2.242091
6219,1000,0.10,900,2,17,1.3329,1.00,periodic,19,349.00,2.310679
6220,1000,0.10,900,2,17,1.3169,1.00,periodic,20,331.00,2.250964
6221,1000,0.10,900,2,17,1.3232,1.00,periodic,21,325.00,2.394051
6222,1000,0.10,900,2,17,1.3691,1.00,periodic,22,349.00,1.793680
6223,1000,0.10,900,2,17,1.3092,1.00,periodic,23,340.00,2.327789
6224,1000,0.10,900,2,17,1.3462,1.00,periodic,24,351.00,2.101479
6225,1000,0.10,900,2,17,1.2934,1.00,periodic,25,362.00,2.232790
6226,1000,0.10,900,2,17,1.3806,1.00,periodic,26,340.00,1.916324
6227,1000,0.10,900,2,17,1.3301,1.00,periodic,27,341.00,2.078662
6228,1000,0.10,900,2,17,1.3618,1.00,periodic,28,346.00,2.864255
6229,1000,0.10,900,2,17,1.3041,1.00,periodic,29,341.00,2.439384
6230,1000,0.10,900,2,17,1.3019,1.00,periodic,30,348.00,2.588958
6231,1000,0.10,900,2,17,1.2857,1.00,periodic,31,340.00,2.473269
6232,1000,0.10,900,2,17,1.3009,1.00,periodic,32,327.00,2.204961
6233,1000,0.10,900,2,17,1.2903,1.00,periodic,33,334.00,2.298963
6234,1000,0.10,900,2,17,1.3172,1.00,periodic,34,341.00,2.217565
6235,1000,0.10,900,2,17,1.2969,1.00,periodic,35,343.00,2.042148
6236,1000,0.10,900,2,17,1.2803,1.00,periodic,36,338.00,2.222862
6237,1000,0.10,900,2,17,1.2876,1.00,periodic,37,345.00,2.927833
6238,1000,0.10,900,2,17,1.3102,1.00,periodic,38,344.00,2.505717
6239,1000,0.10,900,2,17,1.3113,1.00,periodic,39,327.00,2.031044
6240,1000,0.10,900,2,17,1.3221,1.00,periodic,40,336.00,2.235348
6241,1000,0.10,900,2,17,1.3144,1.00,periodic,41,346.00,2.185125
6242,1000,0.10,900,2,17,1.3633,1.00,periodic,42,355.00,2.118847
6243,1000,0.10,900,2,17,1.3714,1.00,periodic,43,296.00,2.192031
6244,1000,0.10,900,2,17,1.3393,1.00,periodic,44,342.00,2.123651
6245,1000,0.10,900,2,17,1.3294,1.00,periodic,45,334.00,2.239962
6246,1000,0.10,900,2,17,1.2727,1.00,periodic,46,366.00,2.083895
6247,1000,0.10,900,2,17,1.3239,1.00,periodic,47,346.00,1.937031
6248,1000,0.10,900,2,17,1.3310,1.00,periodic,48,362.00,2.250602
6249,1000,0.10,900,2,17,1.3226,1.00,periodic,49,317.00,2.223806
6250,1000,0.10,900,2,17,1.3447,1.00,periodic,50,350.00,2.357039
6251,1000,0.10,900,2,17,1.3244,1.00,periodic,51,342.00,2.329110
6252,1000,0.10,900,2,17,1.3203,1.00,periodic,52,357.00,2.320350
6253,1000,0.10,900,2,17,1.3165,1.00,periodic,53,353.00,1.947550
6254,1000,0.10,900,2,17,1.3470,1.00,periodic,54,335.00,2.785210
6255,1000,0.10,900,2,17,1.2644,1.00,periodic,55,330.00,2.184392
6256,1000,0.10,900,2,17,1.3157,1.00,periodic,56,331.00,2.836388
6257,1000,0.10,900,2,17,1.2951,1.00,periodic,57,343.00,1.972324
6258,1000,0.10,900,2,17,1.3264,1.00,periodic,58,337.00,3.086044
6259,1000,0.10,900,2,17,1.3451,1.00,periodic,59,351.00,2.232331
6260,1000,0.10,900,2,17,1.3192,1.00,periodic,60,351.00,2.279503
6261,1000,0.10,900,2,17,1.3619,1.00,periodic,61,343.00,1.843425
6262,1000,0.10,900,2,17,1.2987,1.00,periodic,62,332.00,1.736707
6263,1000,0.10,900,2,17,1.4108,1.00,periodic,63,335.00,2.919488
6264,1000,0.10,900,2,17,1.3474,1.00,periodic,64,335.00,2.071590
6265,1000,0.10,900,2,17,1.3524,1.00,periodic,65,334.00,2.477240
6266,1000,0.10,900,2,17,1.3359,1.00,periodic,66,318.00,2.120627
6267,1000,0.10,900,2,17,1.3317,1.00,periodic,67,344.00,2.229989
6268,1000,0.10,900,2,17,1.3673,1.00,periodic,68,360.00,2.526823
6269,1000,0.10,900,2,17,1.3480,1.00,periodic,69,343.00,1.979870
6270,1000,0.10,900,2,17,1.3495,1.00,periodic,70,334.00,2.737219
6271,1000,0.10,900,2,17,1.3322,1.00,periodic,71,349.00,2.249182
6272,1000,0.10,900,2,17,1.3502,1.00,periodic,72,346.00,1.997567
6273,1000,0.10,900,2,17,1.3621,1.00,periodic,73,329.00,2.154976
6274,1000,0.10,900,2,17,1.3356,1.00,periodic,74,326.00,2.264117
6275,1000,0.10,900,2,17,1.3197,1.00,periodic,75,342.00,2.767190
6276,1000,0.10,900,2,17,1.3004,1.00,periodic,76,338.00,2.076341
6277,1000,0.10,900,2,17,1.3217,1.00,periodic,77,331.00,2.814452
6278,1000,0.10,900,2,17,1.3085,1.00,periodic,78,343.00,2.154668
6279,1000,0.10,900,2,17,1.2916,1.00,periodic,79,350.00,2.121786
6280,1000,0.10,900,2,17,1.2906,1.00,periodic,80,346.00,2.074795
6281,1000,0.10,900,2,17,1.3176,1.00,periodic,81,331.00,2.424433
6282,1000,0.10,900,2,17,1.3012,1.00,periodic,82,349.00,1.792489
6283,1000,0.10,900,2,17,1.2753,1.00,periodic,83,348.00,1.924107
6284,1000,0.10,900,2,17,1.3691,1.00,periodic,84,311.00,2.071056
6285,1000,0.10,900,2,17,1.3124,1.00,periodic,85,328.00,2.237395
6286,1000,0.10,900,2,17,1.3168,1.00,periodic,86,329.00,2.271621
6287,1000,0.10,900,2,17,1.3161,1.00,periodic,87,344.00,2.029451
6288,1000,0.10,900,2,17,1.3879,1.00,periodic,88,320.00,2.234207
6289,1000,0.10,900,2,17,1.3406,1.00,periodic,89,339.00,2.144095
6290,1000,0.10,900,2,17,1.3397,1.00,periodic,90,327.00,2.102554
6291,1000,0.10,900,2,17,1.3273,1.00,periodic,91,337.00,2.969165
6292,1000,0.10,900,2,17,1.2886,1.00,periodic,92,367.00,2.204382
6293,1000,0.10,900,2,17,1.2919,1.00,periodic,93,344.00,2.151392
6294,1000,0.10,900,2,17,1.3125,1.00,periodic,94,363.00,2.051784
6295,1000,0.10,900,2,17,1.3743,1.00,periodic,95,330.00,2.004046
6296,1000,0.10,900,2,17,1.3441,1.00,periodic,96,345.00,2.403367
6297,1000,0.10,900,2,17,1.2812,1.00,periodic,97,342.00,1.885289
6298,1000,0.10,900,2,17,1.3470,1.00,periodic,98,343.00,2.196283
6299,1000,0.10,900,2,17,1.3419,1.00,periodic,99,326.00,2.472755
6300,1000,0.10,900,3,35,1.0044,0.00,constant,0,1013.00,0.366479
6301,1000,0.10,900,3,35,1.0075,0.00,constant,1,1017.00,1.406296
6302,1000,0.10,900,3,35,0.9630,0.00,constant,2,967.00,0.873740
6303,1000,0.10,900,3,35,1.0218,0.00,constant,3,1020.00,0.524842
6304,1000,0.10,900,3,35,1.0130,0.00,constant,4,1066.00,0.293644
6305,1000,0.10,900,3,35,1.0326,0.00,constant,5,991.00,0.381171
6306,1000,0.10,900,3,35,1.0102,0.00,constant,6,965.00,0.407688
6307,1000,0.10,900,3,35,1.0058,0.00,constant,7,1033.00,0.773434
6308,1000,0.10,900,3,35,1.0461,0.00,constant,8,1035.00,1.456374
6309,1000,0.10,900,3,35,1.0045,0.00,constant,9,980.00,0.154139
6310,1000,0.10,900,3,35,1.0322,0.00,constant,10,961.00,1.001944
6311,1000,0.10,900,3,35,1.0078,0.00,constant,11,1022.00,0.688034
6312,1000,0.10,900,3,35,1.0027,0.00,constant,12,977.00,1.611641
6313,1000,0.10,900,3,35,0.9543,0.00,constant,13,999.00,1.105157
6314,1000,0.10,900,3,35,1.0097,0.00,constant,14,1009.00,0.374557
6315,1000,0.10,900,3,35,0.9706,0.00,constant,15,994.00,0.903541
6316,1000,0.10,900,3,35,0.9611,0.00,constant,16,1026.00,0.493235
6317,1000,0.10,900,3,35,1.0197,0.00,constant,17,1010.00,0.512696
6318,1000,0.10,900,3,35,1.0266,0.00,constant,18,1024.00,0.604358
6319,1000,0.10,900,3,35,1.0154,0.00,constant,19,978.00,0.994596
6320,1000,0.10,900,3,35,0.9833,0.00,constant,20,1028.00,0.271561
6321,1000,0.10,900,3,35,1.0325,0.00,constant,21,1001.00,0.772731
6322,1000,0.10,900,3,35,1.0246,0.00,constant,22,1009.00,0.159164
6323,1000,0.10,900,3,35,1.0029,0.00,constant,23,1011.00,0.253046
6324,1000,0.10,900,3,35,0.9940,0.00,constant,24,976.00,0.228189
6325,1000,0.10,900,3,35,0.9931,0.00,constant,25,1021.00,0.530712
6326,1000,0.10,900,3,35,1.0088,0.00,constant,26,1011.00,0.417548
6327,1000,0.10,900,3,35,1.0248,0.00,constant,27,993.00,0.258909
6328,1000,0.10,900,3,35,0.9803,0.00,constant,28,991.00,0.720591
6329,1000,0.10,900,3,35,0.9527,0.00,constant,29,981.00,0.397756
6330,1000,0.10,900,3,35,0.9857,0.00,constant,30,1001.00,0.444896
6331,1000,0.10,900,3,35,1.0139,0.00,constant,31,1070.00,0.214969
6332,1000,0.10,900,3,35,1.0086,0.00,constant,32,969.00,0.033069
6333,1000,0.10,900,3,35,0.9839,0.00,constant,33,1014.00,0.685501
6334,1000,0.10,900,3,35,0.9615,0.00,constant,34,1025.00,1.102226
6335,1000,0.10,900,3,35,1.0009,0.00,constant,35,993.00,0.187170
6336,1000,0.10,900,3,35,0.9916,0.00,constant,36,1038.00,0.121570
6337,1000,0.10,900,3,35,1.0379,0.00,constant,37,1002.00,0.668496
6338,1000,0.10,900,3,35,1.0499,0.00,constant,38,1000.00,1.325147
6339,1000,0.10,900,3,35,0.9544,0.00,constant,39,1025.00,1.039288
6340,1000,0.10,900,3,35,1.0247,0.00,constant,40,989.00,0.387751
6341,1000,0.10,900,3,35,0.9894,0.00,constant,41,980.00,0.367258
6342,1000,0.10,900,3,35,0.9799,0.00,constant,42,1046.00,1.522647
6343,1000,0.10,900,3,35,1.0139,0.00,constant,43,1008.00,0.084613
6344,1000,0.10,900,3,35,0.9987,0.00,constant,44,1019.00,0.632735
6345,1000,0.10,900,3,35,0.9743,0.00,constant,45,1004.00,2.019608
6346,1000,0.10,900,3,35,0.9982,0.00,constant,46,984.00,0.921779
6347,1000,0.10,900,3,35,0.9979,0.00,constant,47,1034.00,0.933747
6348,1000,0.10,900,3,35,1.0317,0.00,constant,48,981.00,0.747275
6349,1000,0.10,900,3,35,0.9914,0.00,constant,49,975.00,0.261085
6350,1000,0.10,900,3,35,1.0179,0.00,constant,50,983.00,0.171463
6351,1000,0.10,900,3,35,1.0217,0.00,constant,51,999.00,0.537221
6352,1000,0.10,900,3,35,1.0418,0.00,constant,52,1007.00,0.641137
6353,1000,0.10,900,3,35,1.0429,0.00,constant,53,1031.00,0.610234
6354,1000,0.10,900,3,35,1.0161,0.00,constant,54,996.00,1.555357
6355,1000,0.10,900,3,35,0.9672,0.00,constant,55,976.00,0.063421
6356,1000,0.10,900,3,35,0.9835,0.00,constant,56,995.00,0.203997
6357,1000,0.10,900,3,35,0.9924,0.00,constant,57,1001.00,0.529743
6358,1000,0.10,900,3,35,1.0031,0.00,constant,58,1007.00,0.361572
6359,1000,0.10,900,3,35,1.0017,0.00,constant,59,1001.00,1.081708
6360,1000,0.10,900,3,35,0.9963,0.00,constant,60,1001.00,0.462245
6361,1000,0.10,900,3,35,0.9929,0.00,constant,61,972.00,0.928102
6362,1000,0.10,900,3,35,1.0007,0.00,constant,62,1024.00,0.100125
6363,1000,0.10,900,3,35,0.9670,0.00,constant,63,1038.00,0.170749
6364,1000,0.10,900,3,35,1.0220,0.00,constant,64,987.00,0.670766
6365,1000,0.10,900,3,35,0.9687,0.00,constant,65,991.00,0.171206
6366,1000,0.10,900,3,35,1.0325,0.00,constant,66,982.00,1.280624
6367,1000,0.10,900,3,35,1.0035,0.00,constant,67,1026.00,1.014212
6368,1000,0.10,900,3,35,1.0168,0.00,constant,68,1008.00,2.169755
6369,1000,0.10,900,3,35,0.9452,0.00,constant,69,994.00,0.256662
6370,1000,0.10,900,3,35,0.9757,0.00,constant,70,972.00,1.316624
6371,1000,0.10,900,3,35,1.0282,0.00,constant,71,1023.00,0.490344
6372,1000,0.10,900,3,35,0.9848,0.00,constant,72,974.00,0.375823
6373,1000,0.10,900,3,35,1.0230,0.00,constant,73,1031.00,1.243639
6374,1000,0.10,900,3,35,1.0299,0.00,constant,74,1007.00,1.193632
6375,1000,0.10,900,3,35,0.9788,0.00,constant,75,1014.00,0.613323
6376,1000,0.10,900,3,35,1.0069,0.00,constant,76,1014.00,0.370061
6377,1000,0.10,900,3,35,0.9932,0.00,constant,77,997.00,1.052668
6378,1000,0.10,900,3,35,0.9726,0.00,constant,78,1015.00,0.254466
6379,1000,0.10,900,3,35,1.0021,0.00,constant,79,1004.00,0.655136
6380,1000,0.10,900,3,35,0.9755,0.00,constant,80,1017.00,0.888008
6381,1000,0.10,900,3,35,0.9665,0.00,constant,81,993.00,0.676204
6382,1000,0.10,900,3,35,0.9894,0.00,constant,82,971.00,0.735183
6383,1000,0.10,900,3,35,0.9943,0.00,constant,83,982.00,0.331077
6384,1000,0.10,900,3,35,0.9990,0.00,constant,84,986.00,0.215606
6385,1000,0.10,900,3,35,1.0372,0.00,constant,85,1005.00,0.433724
6386,1000,0.10,900,3,35,1.0256,0.00,constant,86,993.00,0.273733
6387,1000,0.10,900,3,35,0.9612,0.00,constant,87,990.00,0.585795
6388,1000,0.10,900,3,35,0.9752,0.00,constant,88,1047.00,1.017150
6389,1000,0.10,900,3,35,0.9943,0.00,constant,89,1006.00,1.656267
6390,1000,0.10,900,3,35,0.9849,0.00,constant,90,989.00,0.511246
6391,1000,0.10,900,3,35,0.9570,0.00,constant,91,1050.00,0.766222
6392,1000,0.10,900,3,35,0.9616,0.00,constant,92,1008.00,0.550073
6393,1000,0.10,900,3,35,0.9988,0.00,constant,93,979.00,0.889384
6394,1000,0.10,900,3,35,1.0054,0.00,constant,94,985.00,0.525942
6395,1000,0.10,900,3,35,0.9981,0.00,constant,95,1014.00,0.701296
6396,1000,0.10,900,3,35,1.0035,0.00,constant,96,1004.00,0.687677
6397,1000,0.10,900,3,35,1.0280,0.00,constant,97,988.00,0.318181
6398,1000,0.10,900,3,35,0.9988,0.00,constant,98,1033.00,0.623784
6399,1000,0.10,900,3,35,1.0056,0.00,constant,99,1006.00,0.769813
6400,1000,0.10,900,3,35,1.0896,0.05,constant,0,985.00,1.668362
6401,1000,0.10,900,3,35,1.1061,0.05,constant,1,979.00,0.315168
6402,1000,0.10,900,3,35,1.0861,0.05,constant,2,989.00,0.579530
6403,1000,0.10,900,3,35,1.0821,0.05,constant,3,986.00,0.943849
6404,1000,0.10,900,3,35,1.0886,0.05,constant,4,1014.00,0.285547
6405,1000,0.10,900,3,35,1.0781,0.05,constant,5,1001.00,0.419243
6406,1000,0.10,900,3,35,1.0860,0.05,constant,6,965.00,0.576853
6407,1000,0.10,900,3,35,1.0793,0.05,constant,7,987.00,0.834924
6408,1000,0.10,900,3,35,1.0984,0.05,constant,8,1029.00,0.972740
6409,1000,0.10,900,3,35,1.1034,0.05,constant,9,991.00,1.399702
6410,1000,0.10,900,3,35,1.0994,0.05,constant,10,1019.00,0.461812
6411,1000,0.10,900,3,35,1.1070,0.05,constant,11,1020.00,0.683162
6412,1000,0.10,900,3,35,1.1452,0.05,constant,12,1004.00,1.209243
6413,1000,0.10,900,3,35,1.1554,0.05,constant,13,986.00,1.740133
6414,1000,0.10,900,3,35,1.0559,0.05,constant,14,1008.00,0.152162
6415,1000,0.10,900,3,35,1.1098,0.05,constant,15,974.00,0.154348
6416,1000,0.10,900,3,35,1.0692,0.05,constant,16,1031.00,0.763116
6417,1000,0.10,900,3,35,1.0672,0.05,constant,17,1019.00,0.380073
6418,1000,0.10,900,3,35,1.0786,0.05,constant,18,973.00,0.134523
6419,1000,0.10,900,3,35,1.0951,0.05,constant,19,972.00,0.986623
6420,1000,0.10,900,3,35,1.0864,0.05,constant,20,1003.00,0.851570
6421,1000,0.10,900,3,35,1.1174,0.05,constant,21,980.00,0.610953
6422,1000,0.10,900,3,35,1.1481,0.05,constant,22,969.00,0.257603
6423,1000,0.10,900,3,35,1.0942,0.05,constant,23,992.00,0.259401
6424,1000,0.10,900,3,35,1.1164,0.05,constant,24,972.00,0.135227
6425,1000,0.10,900,3,35,1.0953,0.05,constant,25,1002.00,1.871110
6426,1000,0.10,900,3,35,1.0880,0.05,constant,26,1032.00,1.145257
6427,1000,0.10,900,3,35,1.1013,0.05,constant,27,1018.00,1.026301
6428,1000,0.10,900,3,35,1.1280,0.05,constant,28,966.00,1.202390
6429,1000,0.10,900,3,35,1.0569,0.05,constant,29,1000.00,2.099493
6430,1000,0.10,900,3,35,1.1291,0.05,constant,30,971.00,0.130566
6431,1000,0.10,900,3,35,1.1011,0.05,constant,31,969.00,0.145806
6432,1000,0.10,900,3,35,1.1011,0.05,constant,32,984.00,0.482490
6433,1000,0.10,900,3,35,1.0953,0.05,constant,33,985.00,0.303955
6434,1000,0.10,900,3,35,1.0917,0.05,constant,34,978.00,0.420589
6435,1000,0.10,900,3,35,1.0903,0.05,constant,35,1028.00,0.505295
6436,1000,0.10,900,3,35,1.0800,0.05,constant,36,1040.00,1.318923
6437,1000,0.10,900,3,35,1.0943,0.05,constant,37,996.00,0.315565
6438,1000,0.10,900,3,35,1.1223,0.05,constant,38,1025.00,1.380990
6439,1000,0.10,900,3,35,1.1131,0.05,constant,39,979.00,0.563974
6440,1000,0.10,900,3,35,1.1085,0.05,constant,40,1014.00,0.421732
6441,1000,0.10,900,3,35,1.1009,0.05,constant,41,1004.00,0.691020
6442,1000,0.10,900,3,35,1.0391,0.05,constant,42,1006.00,0.400782
6443,1000,0.10,900,3,35,1.0727,0.05,constant,43,1018.00,1.310176
6444,1000,0.10,900,3,35,1.1055,0.05,constant,44,1020.00,0.417630
6445,1000,0.10,900,3,35,1.1280,0.05,constant,45,1012.00,0.281139
6446,1000,0.10,900,3,35,1.0677,0.05,constant,46,1036.00,0.796030
6447,1000,0.10,900,3,35,1.1142,0.05,constant,47,1019.00,2.186357
6448,1000,0.10,900,3,35,1.1033,0.05,constant,48,1014.00,0.256635
6449,1000,0.10,900,3,35,1.0858,0.05,constant,49,987.00,0.432733
6450,1000,0.10,900,3,35,1.1160,0.05,constant,50,998.00,1.519634
6451,1000,0.10,900,3,35,1.1324,0.05,constant,51,975.00,2.092724
6452,1000,0.10,900,3,35,1.1018,0.05,constant,52,994.00,1.047145
6453,1000,0.10,900,3,35,1.0857,0.05,constant,53,986.00,0.822884
6454,1000,0.10,900,3,35,1.1406,0.05,constant,54,1001.00,0.301527
6455,1000,0.10,900,3,35,1.0655,0.05,constant,55,1007.00,1.777351
6456,1000,0.10,900,3,35,1.1189,0.05,constant,56,1030.00,0.323456
6457,1000,0.10,900,3,35,1.0824,0.05,constant,57,1053.00,0.904177
6458,1000,0.10,900,3,35,1.1267,0.05,constant,58,981.00,0.553776
6459,1000,0.10,900,3,35,1.1295,0.05,constant,59,1026.00,0.499143
6460,1000,0.10,900,3,35,1.1235,0.05,constant,60,1016.00,0.575470
6461,1000,0.10,900,3,35,1.1311,0.05,constant,61,1003.00,0.977035
6462,1000,0.10,900,3,35,1.1131,0.05,constant,62,1000.00,0.486504
6463,1000,0.10,900,3,35,1.1070,0.05,constant,63,1003.00,0.578015
6464,1000,0.10,900,3,35,1.0915,0.05,constant,64,1008.00,0.321304
6465,1000,0.10,900,3,35,1.1121,0.05,constant,65,1028.00,1.771667
6466,1000,0.10,900,3,35,1.0720,0.05,constant,66,1002.00,0.258799
6467,1000,0.10,900,3,35,1.0807,0.05,constant,67,1007.00,0.269180
6468,1000,0.10,900,3,35,1.0967,0.05,constant,68,1004.00,0.153107
6469,1000,0.10,900,3,35,1.0940,0.05,constant,69,1016.00,0.709027
6470,1000,0.10,900,3,35,1.0799,0.05,constant,70,1023.00,1.807992
6471,1000,0.10,900,3,35,1.1259,0.05,constant,71,1015.00,0.756689
6472,1000,0.10,900,3,35,1.0873,0.05,constant,72,1034.00,0.905684
6473,1000,0.10,900,3,35,1.1226,0.05,constant,73,988.00,0.470382
6474,1000,0.10,900,3,35,1.1215,0.05,constant,74,1022.00,1.271291
6475,1000,0.10,900,3,35,1.0997,0.05,constant,75,972.00,0.322702
6476,1000,0.10,900,3,35,1.0053,0.05,constant,76,1000.00,0.588054
6477,1000,0.10,900,3,35,1.1029,0.05,constant,77,983.00,1.397230
6478,1000,0.10,900,3,35,1.0950,0.05,constant,78,963.00,0.560624
6479,1000,0.10,900,3,35,1.1276,0.05,constant,79,1000.00,0.816563
6480,1000,0.10,900,3,35,1.1703,0.05,constant,80,948.00,0.958271
6481,1000,0.10,900,3,35,1.0913,0.05,constant,81,961.00,0.087591
6482,1000,0.10,900,3,35,1.0578,0.05,constant,82,1020.00,0.137924
6483,1000,0.10,900,3,35,1.1542,0.05,constant,83,1007.00,1.077053
6484,1000,0.10,900,3,35,1.0932,0.05,constant,84,1010.00,0.506029
6485,1000,0.10,900,3,35,1.1341,0.05,constant,85,958.00,1.408584
6486,1000,0.10,900,3,35,1.0781,0.05,constant,86,1024.00,1.002301
6487,1000,0.10,900,3,35,1.1190,0.05,constant,87,1018.00,1.250756
6488,1000,0.10,900,3,35,1.1400,0.05,constant,88,1034.00,0.913661
6489,1000,0.10,900,3,35,1.0941,0.05,constant,89,1009.00,0.498996
6490,1000,0.10,900,3,35,1.0744,0.05,constant,90,1013.00,0.927716
6491,1000,0.10,900,3,35,1.1613,0.05,constant,91,995.00,0.749231
6492,1000,0.10,900,3,35,1.1315,0.05,constant,92,1016.00,0.114524
6493,1000,0.10,900,3,35,1.1444,0.05,constant,93,1036.00,0.106234
6494,1000,0.10,900,3,35,1.0249,0.05,constant,94,998.00,0.769905
6495,1000,0.10,900,3,35,1.0413,0.05,constant,95,1021.00,0.202617
6496,1000,0.10,900,3,35,1.0379,0.05,constant,96,979.00,0.270186
6497,1000,0.10,900,3,35,1.0797,0.05,constant,97,960.00,1.269111
6498,1000,0.10,900,3,35,1.0506,0.05,constant,98,996.00,0.772692
6499,1000,0.10,900,3,35,1.0645,0.05,constant,99,997.00,1.117875
6500,1000,0.10,900,3,35,1.1166,0.10,constant,0,996.00,0.067380
6501,1000,0.10,900,3,35,1.1853,0.10,constant,1,1014.00,0.277814
6502,1000,0.10,900,3,35,1.2049,0.10,constant,2,1020.00,1.145184
6503,1000,0.10,900,3,35,1.1612,0.10,constant,3,1000.00,1.257661
6504,1000,0.10,900,3,35,1.2135,0.10,constant,4,1035.00,0.321916
6505,1000,0.10,900,3,35,1.1865,0.10,constant,5,995.00,0.477338
6506,1000,0.10,900,3,35,1.1272,0.10,constant,6,1027.00,1.008434
6507,1000,0.10,900,3,35,1.1891,0.10,constant,7,999.00,0.478499
6508,1000,0.10,900,3,35,1.1478,0.10,constant,8,1016.00,1.447366
6509,1000,0.10,900,3,35,1.2099,0.10,constant,9,976.00,0.823249
6510,1000,0.10,900,3,35,1.2043,0.10,constant,10,990.00,0.335602
6511,1000,0.10,900,3,35,1.1581,0.10,constant,11,997.00,0.855806
6512,1000,0.10,900,3,35,1.2145,0.10,constant,12,976.00,0.732889
6513,1000,0.10,900,3,35,1.1377,0.10,constant,13,1012.00,0.319889
6514,1000,0.10,900,3,35,1.2454,0.10,constant,14,1015.00,1.506921
6515,1000,0.10,900,3,35,1.1207,0.10,constant,15,989.00,0.686611
6516,1000,0.10,900,3,35,1.2010,0.10,constant,16,1005.00,1.123890
6517,1000,0.10,900,3,35,1.1386,0.10,constant,17,1008.00,1.348423
6518,1000,0.10,900,3,35,1.2260,0.10,constant,18,965.00,0.105511
6519,1000,0.10,900,3,35,1.1868,0.10,constant,19,1041.00,0.907714
6520,1000,0.10,900,3,35,1.1757,0.10,constant,20,981.00,0.547044
6521,1000,0.10,900,3,35,1.1715,0.10,constant,21,1071.00,0.129724
6522,1000,0.10,900,3,35,1.1738,0.10,constant,22,986.00,1.457318
6523,1000,0.10,900,3,35,1.1604,0.10,constant,23,1003.00,0.407794
6524,1000,0.10,900,3,35,1.1670,0.10,constant,24,1037.00,0.558669
6525,1000,0.10,900,3,35,1.1746,0.10,constant,25,1005.00,0.752913
6526,1000,0.10,900,3,35,1.2345,0.10,constant,26,1012.00,1.500784
6527,1000,0.10,900,3,35,1.2032,0.10,constant,27,1034.00,1.528447
6528,1000,0.10,900,3,35,1.1773,0.10,constant,28,983.00,0.402814
6529,1000,0.10,900,3,35,1.2120,0.10,constant,29,1027.00,0.186316
6530,1000,0.10,900,3,35,1.1660,0.10,constant,30,1000.00,0.654654
6531,1000,0.10,900,3,35,1.1804,0.10,constant,31,983.00,0.863396
6532,1000,0.10,900,3,35,1.1804,0.10,constant,32,1005.00,1.102807
6533,1000,0.10,900,3,35,1.1663,0.10,constant,33,961.00,1.280848
6534,1000,0.10,900,3,35,1.1570,0.10,constant,34,1010.00,1.042992
6535,1000,0.10,900,3,35,1.1613,0.10,constant,35,1022.00,0.383131
6536,1000,0.10,900,3,35,1.1618,0.10,constant,36,986.00,0.913017
6537,1000,0.10,900,3,35,1.1956,0.10,constant,37,1022.00,0.463889
6538,1000,0.10,900,3,35,1.1616,0.10,constant,38,1010.00,0.808488
6539,1000,0.10,900,3,35,1.1003,0.10,constant,39,980.00,0.263634
6540,1000,0.10,900,3,35,1.1304,0.10,constant,40,973.00,0.433298
6541,1000,0.10,900,3,35,1.1972,0.10,constant,41,998.00,0.640623
6542,1000,0.10,900,3,35,1.2187,0.10,constant,42,1002.00,0.240448
6543,1000,0.10,900,3,35,1.2437,0.10,constant,43,983.00,0.863238
6544,1000,0.10,900,3,35,1.1898,0.10,constant,44,977.00,1.178450
6545,1000,0.10,900,3,35,1.1756,0.10,constant,45,975.00,0.394034
6546,1000,0.10,900,3,35,1.1453,0.10,constant,46,1029.00,1.461520
6547,1000,0.10,900,3,35,1.1368,0.10,constant,47,988.00,0.137148
6548,1000,0.10,900,3,35,1.2047,0.10,constant,48,1037.00,0.522400
6549,1000,0.10,900,3,35,1.2340,0.10,constant,49,990.00,0.405414
6550,1000,0.10,900,3,35,1.1523,0.10,constant,50,982.00,0.384024
6551,1000,0.10,900,3,35,1.1523,0.10,constant,51,1022.00,0.996636
6552,1000,0.10,900,3,35,1.1262,0.10,constant,52,961.00,1.121254
6553,1000,0.10,900,3,35,1.2193,0.10,constant,53,988.00,0.093887
6554,1000,0.10,900,3,35,1.1969,0.10,constant,54,981.00,0.240177
6555,1000,0.10,900,3,35,1.1262,0.10,constant,55,982.00,0.946284
6556,1000,0.10,900,3,35,1.1614,0.10,constant,56,1032.00,0.792782
6557,1000,0.10,900,3,35,1.1883,0.10,constant,57,1000.00,0.888341
6558,1000,0.10,900,3,35,1.2256,0.10,constant,58,1018.00,0.824385
6559,1000,0.10,900,3,35,1.1776,0.10,constant,59,1008.00,0.488991
6560,1000,0.10,900,3,35,1.2015,0.10,constant,60,1040.00,1.660999
6561,1000,0.10,900,3,35,1.1467,0.10,constant,61,973.00,0.551450
6562,1000,0.10,900,3,35,1.1436,0.10,constant,62,1025.00,0.148054
6563,1000,0.10,900,3,35,1.1219,0.10,constant,63,1010.00,0.497031
6564,1000,0.10,900,3,35,1.1407,0.10,constant,64,1017.00,1.024948
6565,1000,0.10,900,3,35,1.2006,0.10,constant,65,1045.00,0.930694
6566,1000,0.10,900,3,35,1.1689,0.10,constant,66,1011.00,1.577623
6567,1000,0.10,900,3,35,1.1497,0.10,constant,67,1024.00,0.164868
6568,1000,0.10,900,3,35,1.2245,0.10,constant,68,997.00,0.243943
6569,1000,0.10,900,3,35,1.2340,0.10,constant,69,1014.00,0.240658
6570,1000,0.10,900,3,35,1.1472,0.10,constant,70,1021.00,0.171895
6571,1000,0.10,900,3,35,1.1847,0.10,constant,71,1023.00,0.872190
6572,1000,0.10,900,3,35,1.1823,0.10,constant,72,999.00,2.239772
6573,1000,0.10,900,3,35,1.1621,0.10,constant,73,1021.00,0.174213
6574,1000,0.10,900,3,35,1.1652,0.10,constant,74,996.00,0.974206
6575,1000,0.10,900,3,35,1.2101,0.10,constant,75,990.00,0.112649
6576,1000,0.10,900,3,35,1.2208,0.10,constant,76,996.00,0.941138
6577,1000,0.10,900,3,35,1.2319,0.10,constant,77,1020.00,0.265359
6578,1000,0.10,900,3,35,1.1268,0.10,constant,78,966.00,0.188470
6579,1000,0.10,900,3,35,1.2159,0.10,constant,79,972.00,0.348723
6580,1000,0.10,900,3,35,1.1841,0.10,constant,80,1008.00,0.210440
6581,1000,0.10,900,3,35,1.1684,0.10,constant,81,991.00,0.179797
6582,1000,0.10,900,3,35,1.1659,0.10,constant,82,982.00,0.309910
6583,1000,0.10,900,3,35,1.1883,0.10,constant,83,985.00,2.238684
6584,1000,0.10,900,3,35,1.1599,0.10,constant,84,952.00,1.196831
6585,1000,0.10,900,3,35,1.1715,0.10,constant,85,1000.00,0.349006
6586,1000,0.10,900,3,35,1.1876,0.10,constant,86,997.00,1.336836
6587,1000,0.10,900,3,35,1.1915,0.10,constant,87,987.00,0.220080
6588,1000,0.10,900,3,35,1.1861,0.10,constant,88,997.00,0.963682
6589,1000,0.10,900,3,35,1.1957,0.10,constant,89,971.00,0.190113
6590,1000,0.10,900,3,35,1.1619,0.10,constant,90,960.00,1.622359
6591,1000,0.10,900,3,35,1.1377,0.10,constant,91,1001.00,0.529302
6592,1000,0.10,900,3,35,1.1303,0.10,constant,92,1001.00,0.711110
6593,1000,0.10,900,3,35,1.1781,0.10,constant,93,1011.00,0.501767
6594,1000,0.10,900,3,35,1.1544,0.10,constant,94,1034.00,0.184517
6595,1000,0.10,900,3,35,1.1955,0.10,constant,95,1023.00,1.726569
6596,1000,0.10,900,3,35,1.1987,0.10,constant,96,1011.00,0.250308
6597,1000,0.10,900,3,35,1.1790,0.10,constant,97,985.00,1.361778
6598,1000,0.10,900,3,35,1.1429,0.10,constant,98,998.00,0.146485
6599,1000,0.10,900,3,35,1.1388,0.10,constant,99,1006.00,0.144070
6600,1000,0.10,900,3,35,1.2508,0.15,constant,0,1003.00,0.265921
6601,1000,0.10,900,3,35,1.2484,0.15,constant,1,1030.00,0.900621
6602,1000,0.10,900,3,35,1.2738,0.15,constant,2,998.00,1.417139
6603,1000,0.10,900,3,35,1.2751,0.15,constant,3,1017.00,2.380809
6604,1000,0.10,900,3,35,1.2720,0.15,constant,4,994.00,0.263211
6605,1000,0.10,900,3,35,1.1487,0.15,constant,5,1033.00,1.598803
6606,1000,0.10,900,3,35,1.2386,0.15,constant,6,1020.00,0.980974
6607,1000,0.10,900,3,35,1.2223,0.15,constant,7,988.00,0.565387
6608,1000,0.10,900,3,35,1.2842,0.15,constant,8,994.00,0.791359
6609,1000,0.10,900,3,35,1.2824,0.15,constant,9,1002.00,0.853875
6610,1000,0.10,900,3,35,1.2088,0.15,constant,10,1021.00,0.334157
6611,1000,0.10,900,3,35,1.2614,0.15,constant,11,995.00,0.343869
6612,1000,0.10,900,3,35,1.1777,0.15,constant,12,993.00,0.358172
6613,1000,0.10,900,3,35,1.3266,0.15,constant,13,989.00,0.991637
6614,1000,0.10,900,3,35,1.2510,0.15,constant,14,983.00,2.013134
6615,1000,0.10,900,3,35,1.2558,0.15,constant,15,999.00,0.894252
6616,1000,0.10,900,3,35,1.2079,0.15,constant,16,1016.00,1.155703
6617,1000,0.10,900,3,35,1.2056,0.15,constant,17,1027.00,1.329119
6618,1000,0.10,900,3,35,1.2880,0.15,constant,18,1045.00,1.531282
6619,1000,0.10,900,3,35,1.2396,0.15,constant,19,987.00,1.401917
6620,1000,0.10,900,3,35,1.2699,0.15,constant,20,1010.00,0.261950
6621,1000,0.10,900,3,35,1.2750,0.15,constant,21,970.00,1.260785
6622,1000,0.10,900,3,35,1.2540,0.15,constant,22,964.00,1.114720
6623,1000,0.10,900,3,35,1.1938,0.15,constant,23,1018.00,0.740697
6624,1000,0.10,900,3,35,1.2275,0.15,constant,24,976.00,0.414868
6625,1000,0.10,900,3,35,1.2463,0.15,constant,25,997.00,0.457959
6626,1000,0.10,900,3,35,1.1949,0.15,constant,26,1012.00,0.334274
6627,1000,0.10,900,3,35,1.2370,0.15,constant,27,1013.00,1.301842
6628,1000,0.10,900,3,35,1.2785,0.15,constant,28,963.00,0.165306
6629,1000,0.10,900,3,35,1.2246,0.15,constant,29,1008.00,0.320268
6630,1000,0.10,900,3,35,1.2105,0.15,constant,30,1003.00,0.868542
6631,1000,0.10,900,3,35,1.2467,0.15,constant,31,1000.00,1.056171
6632,1000,0.10,900,3,35,1.2285,0.15,constant,32,1029.00,0.159267
6633,1000,0.10,900,3,35,1.3005,0.15,constant,33,1009.00,1.643810
6634,1000,0.10,900,3,35,1.2251,0.15,constant,34,1017.00,0.702804
6635,1000,0.10,900,3,35,1.2196,0.15,constant,35,1021.00,0.544732
6636,1000,0.10,900,3,35,1.2492,0.15,constant,36,1017.00,1.041858
6637,1000,0.10,900,3,35,1.1865,0.15,constant,37,986.00,0.720248
6638,1000,0.10,900,3,35,1.2064,0.15,constant,38,966.00,1.768274
6639,1000,0.10,900,3,35,1.2278,0.15,constant,39,1040.00,0.324410
6640,1000,0.10,900,3,35,1.2361,0.15,constant,40,988.00,1.157565
6641,1000,0.10,900,3,35,1.2193,0.15,constant,41,985.00,0.637250
6642,1000,0.10,900,3,35,1.2435,0.15,constant,42,986.00,0.357167
6643,1000,0.10,900,3,35,1.2730,0.15,constant,43,997.00,0.777886
6644,1000,0.10,900,3,35,1.2416,0.15,constant,44,1023.00,1.025598
6645,1000,0.10,900,3,35,1.2072,0.15,constant,45,1005.00,0.440474
6646,1000,0.10,900,3,35,1.2372,0.15,constant,46,1004.00,0.454184
6647,1000,0.10,900,3,35,1.2544,0.15,constant,47,1002.00,0.901063
6648,1000,0.10,900,3,35,1.1862,0.15,constant,48,993.00,1.173380
6649,1000,0.10,900,3,35,1.2444,0.15,constant,49,1024.00,0.523255
6650,1000,0.10,900,3,35,1.1997,0.15,constant,50,1011.00,2.047725
6651,1000,0.10,900,3,35,1.2383,0.15,constant,51,1006.00,0.985319
6652,1000,0.10,900,3,35,1.2411,0.15,constant,52,1023.00,0.150234
6653,1000,0.10,900,3,35,1.2167,0.15,constant,53,1029.00,0.285390
6654,1000,0.10,900,3,35,1.1731,0.15,constant,54,1038.00,1.806556
6655,1000,0.10,900,3,35,1.2378,0.15,constant,55,1007.00,0.307706
6656,1000,0.10,900,3,35,1.2268,0.15,constant,56,1019.00,2.424945
6657,1000,0.10,900,3,35,1.3063,0.15,constant,57,1004.00,2.133289
6658,1000,0.10,900,3,35,1.2442,0.15,constant,58,978.00,0.250894
6659,1000,0.10,900,3,35,1.2578,0.15,constant,59,1049.00,0.772119
6660,1000,0.10,900,3,35,1.2378,0.15,constant,60,986.00,0.905486
6661,1000,0.10,900,3,35,1.2279,0.15,constant,61,954.00,0.302174
6662,1000,0.10,900,3,35,1.2107,0.15,constant,62,1024.00,0.127100
6663,1000,0.10,900,3,35,1.2281,0.15,constant,63,996.00,0.394495
6664,1000,0.10,900,3,35,1.2714,0.15,constant,64,977.00,1.478751
6665,1000,0.10,900,3,35,1.2481,0.15,constant,65,983.00,0.242213
6666,1000,0.10,900,3,35,1.2370,0.15,constant,66,1007.00,0.763264
6667,1000,0.10,900,3,35,1.2592,0.15,constant,67,966.00,1.690100
6668,1000,0.10,900,3,35,1.2912,0.15,constant,68,1042.00,0.830584
6669,1000,0.10,900,3,35,1.2506,0.15,constant,69,990.00,0.610336
6670,1000,0.10,900,3,35,1.2336,0.15,constant,70,993.00,1.140969
6671,1000,0.10,900,3,35,1.2326,0.15,constant,71,1021.00,0.569374
6672,1000,0.10,900,3,35,1.2414,0.15,constant,72,1036.00,1.318350
6673,1000,0.10,900,3,35,1.2115,0.15,constant,73,1032.00,0.245822
6674,1000,0.10,900,3,35,1.1861,0.15,constant,74,1020.00,0.818415
6675,1000,0.10,900,3,35,1.2985,0.15,constant,75,1033.00,1.919013
6676,1000,0.10,900,3,35,1.2150,0.15,constant,76,1028.00,0.930367
6677,1000,0.10,900,3,35,1.2595,0.15,constant,77,1016.00,0.370327
6678,1000,0.10,900,3,35,1.2604,0.15,constant,78,1002.00,0.552302
6679,1000,0.10,900,3,35,1.2357,0.15,constant,79,1017.00,0.621365
6680,1000,0.10,900,3,35,1.2672,0.15,constant,80,1017.00,0.616490
6681,1000,0.10,900,3,35,1.2808,0.15,constant,81,1014.00,0.235579
6682,1000,0.10,900,3,35,1.2238,0.15,constant,82,991.00,0.385253
6683,1000,0.10,900,3,35,1.2264,0.15,constant,83,1050.00,0.413704
6684,1000,0.10,900,3,35,1.2562,0.15,constant,84,1007.00,0.994973
6685,1000,0.10,900,3,35,1.2522,0.15,constant,85,1013.00,0.111151
6686,1000,0.10,900,3,35,1.2875,0.15,constant,86,989.00,1.521362
6687,1000,0.10,900,3,35,1.2921,0.15,constant,87,1037.00,1.012551
6688,1000,0.10,900,3,35,1.2306,0.15,constant,88,1003.00,1.273979
6689,1000,0.10,900,3,35,1.2849,0.15,constant,89,1003.00,1.952024
6690,1000,0.10,900,3,35,1.1802,0.15,constant,90,1024.00,0.747230
6691,1000,0.10,900,3,35,1.1990,0.15,constant,91,1007.00,0.905533
6692,1000,0.10,900,3,35,1.2458,0.15,constant,92,1006.00,0.269531
6693,1000,0.10,900,3,35,1.1680,0.15,constant,93,1011.00,0.535181
6694,1000,0.10,900,3,35,1.2295,0.15,constant,94,1006.00,0.084766
6695,1000,0.10,900,3,35,1.2406,0.15,constant,95,1013.00,1.370810
6696,1000,0.10,900,3,35,1.2793,0.15,constant,96,1000.00,0.129328
6697,1000,0.10,900,3,35,1.1795,0.15,constant,97,1009.00,1.140740
6698,1000,0.10,900,3,35,1.1900,0.15,constant,98,1025.00,1.333710
6699,1000,0.10,900,3,35,1.2432,0.15,constant,99,1026.00,0.316467
6700,1000,0.10,900,3,35,1.2492,0.20,constant,0,1015.00,0.235557
6701,1000,0.10,900,3,35,1.2958,0.20,constant,1,1013.00,0.496210
6702,1000,0.10,900,3,35,1.3050,0.20,constant,2,1037.00,0.159769
6703,1000,0.10,900,3,35,1.3230,0.20,constant,3,1016.00,0.401429
6704,1000,0.10,900,3,35,1.2856,0.20,constant,4,1006.00,1.092360
6705,1000,0.10,900,3,35,1.3187,0.20,constant,5,1011.00,0.912332
6706,1000,0.10,900,3,35,1.2752,0.20,constant,6,1002.00,1.141496
6707,1000,0.10,900,3,35,1.2583,0.20,constant,7,1004.00,0.962251
6708,1000,0.10,900,3,35,1.3000,0.20,constant,8,1011.00,1.255732
6709,1000,0.10,900,3,35,1.3229,0.20,constant,9,985.00,0.557943
6710,1000,0.10,900,3,35,1.2470,0.20,constant,10,1029.00,1.816958
6711,1000,0.10,900,3,35,1.3107,0.20,constant,11,969.00,1.353863
6712,1000,0.10,900,3,35,1.3033,0.20,constant,12,1018.00,0.925056
6713,1000,0.10,900,3,35,1.2779,0.20,constant,13,1029.00,1.211997
6714,1000,0.10,900,3,35,1.2864,0.20,constant,14,1023.00,1.598403
6715,1000,0.10,900,3,35,1.2960,0.20,constant,15,982.00,0.933173
6716,1000,0.10,900,3,35,1.2616,0.20,constant,16,999.00,0.636200
6717,1000,0.10,900,3,35,1.3073,0.20,constant,17,1099.00,1.788359
6718,1000,0.10,900,3,35,1.3134,0.20,constant,18,1047.00,1.524036
6719,1000,0.10,900,3,35,1.2602,0.20,constant,19,1031.00,0.985156
6720,1000,0.10,900,3,35,1.2912,0.20,constant,20,1058.00,0.635325
6721,1000,0.10,900,3,35,1.2739,0.20,constant,21,1049.00,1.327620
6722,1000,0.10,900,3,35,1.3309,0.20,constant,22,1025.00,0.600539
6723,1000,0.10,900,3,35,1.2571,0.20,constant,23,1030.00,1.224834
6724,1000,0.10,900,3,35,1.3361,0.20,constant,24,957.00,0.892285
6725,1000,0.10,900,3,35,1.3128,0.20,constant,25,972.00,0.451665
6726,1000,0.10,900,3,35,1.3053,0.20,constant,26,995.00,0.351807
6727,1000,0.10,900,3,35,1.2962,0.20,constant,27,1011.00,1.237301
6728,1000,0.10,900,3,35,1.2937,0.20,constant,28,1016.00,0.865681
6729,1000,0.10,900,3,35,1.2437,0.20,constant,29,1005.00,0.435230
6730,1000,0.10,900,3,35,1.2927,0.20,constant,30,995.00,1.642543
6731,1000,0.10,900,3,35,1.3166,0.20,constant,31,1037.00,1.041476
6732,1000,0.10,900,3,35,1.2243,0.20,constant,32,1058.00,0.466616
6733,1000,0.10,900,3,35,1.2814,0.20,constant,33,1028.00,2.485936
6734,1000,0.10,900,3,35,1.3161,0.20,constant,34,966.00,0.863516
6735,1000,0.10,900,3,35,1.2851,0.20,constant,35,1011.00,0.918752
6736,1000,0.10,900,3,35,1.2836,0.20,constant,36,1022.00,1.091666
6737,1000,0.10,900,3,35,1.2649,0.20,constant,37,1019.00,2.278407
6738,1000,0.10,900,3,35,1.2748,0.20,constant,38,982.00,2.202969
6739,1000,0.10,900,3,35,1.3138,0.20,constant,39,993.00,0.542052
6740,1000,0.10,900,3,35,1.2767,0.20,constant,40,1020.00,0.318108
6741,1000,0.10,900,3,35,1.2721,0.20,constant,41,1022.00,0.502901
6742,1000,0.10,900,3,35,1.2547,0.20,constant,42,1019.00,1.222026
6743,1000,0.10,900,3,35,1.2021,0.20,constant,43,1001.00,0.599695
6744,1000,0.10,900,3,35,1.2278,0.20,constant,44,1086.00,0.710924
6745,1000,0.10,900,3,35,1.2350,0.20,constant,45,1014.00,1.425966
6746,1000,0.10,900,3,35,1.2919,0.20,constant,46,1038.00,0.422204
6747,1000,0.10,900,3,35,1.2831,0.20,constant,47,980.00,0.825369
6748,1000,0.10,900,3,35,1.3123,0.20,constant,48,996.00,0.308183
6749,1000,0.10,900,3,35,1.2416,0.20,constant,49,1015.00,2.328682
6750,1000,0.10,900,3,35,1.2948,0.20,constant,50,1025.00,2.322797
6751,1000,0.10,900,3,35,1.2818,0.20,constant,51,1005.00,1.191524
6752,1000,0.10,900,3,35,1.2319,0.20,constant,52,1015.00,1.012591
6753,1000,0.10,900,3,35,1.2127,0.20,constant,53,1020.00,0.149117
6754,1000,0.10,900,3,35,1.2301,0.20,constant,54,1028.00,0.918400
6755,1000,0.10,900,3,35,1.2825,0.20,constant,55,1026.00,0.554262
6756,1000,0.10,900,3,35,1.2349,0.20,constant,56,1028.00,0.651368
6757,1000,0.10,900,3,35,1.2816,0.20,constant,57,1047.00,0.109011
6758,1000,0.10,900,3,35,1.2630,0.20,constant,58,1039.00,1.600662
6759,1000,0.10,900,3,35,1.2959,0.20,constant,59,1039.00,0.282186
6760,1000,0.10,900,3,35,1.2663,0.20,constant,60,1032.00,2.387414
6761,1000,0.10,900,3,35,1.2703,0.20,constant,61,1052.00,0.720485
6762,1000,0.10,900,3,35,1.3186,0.20,constant,62,1021.00,0.472048
6763,1000,0.10,900,3,35,1.3170,0.20,constant,63,1005.00,0.602634
6764,1000,0.10,900,3,35,1.3061,0.20,constant,64,1008.00,0.510250
6765,1000,0.10,900,3,35,1.3231,0.20,constant,65,996.00,0.476211
6766,1000,0.10,900,3,35,1.2427,0.20,constant,66,1017.00,0.145778
6767,1000,0.10,900,3,35,1.2695,0.20,constant,67,1003.00,3.478718
6768,1000,0.10,900,3,35,1.2970,0.20,constant,68,1043.00,0.416324
6769,1000,0.10,900,3,35,1.2282,0.20,constant,69,1028.00,0.974060
6770,1000,0.10,900,3,35,1.3007,0.20,constant,70,1080.00,0.292321
6771,1000,0.10,900,3,35,1.3003,0.20,constant,71,1022.00,0.470052
6772,1000,0.10,900,3,35,1.2625,0.20,constant,72,996.00,0.797807
6773,1000,0.10,900,3,35,1.3020,0.20,constant,73,1017.00,0.802297
6774,1000,0.10,900,3,35,1.2344,0.20,constant,74,1016.00,0.400274
6775,1000,0.10,900,3,35,1.2914,0.20,constant,75,992.00,0.216443
6776,1000,0.10,900,3,35,1.2518,0.20,constant,76,1002.00,1.103949
6777,1000,0.10,900,3,35,1.2666,0.20,constant,77,1013.00,0.337242
6778,1000,0.10,900,3,35,1.3118,0.20,constant,78,1061.00,0.912738
6779,1000,0.10,900,3,35,1.3120,0.20,constant,79,1020.00,0.408546
6780,1000,0.10,900,3,35,1.2936,0.20,constant,80,979.00,1.373996
6781,1000,0.10,900,3,35,1.2949,0.20,constant,81,991.00,2.840452
6782,1000,0.10,900,3,35,1.2992,0.20,constant,82,999.00,1.360800
6783,1000,0.10,900,3,35,1.2873,0.20,constant,83,1018.00,0.409221
6784,1000,0.10,900,3,35,1.2559,0.20,constant,84,1038.00,1.065190
6785,1000,0.10,900,3,35,1.2897,0.20,constant,85,1034.00,0.882019
6786,1000,0.10,900,3,35,1.2322,0.20,constant,86,964.00,0.349232
6787,1000,0.10,900,3,35,1.2739,0.20,constant,87,1006.00,2.171697
6788,1000,0.10,900,3,35,1.2734,0.20,constant,88,1007.00,0.828227
6789,1000,0.10,900,3,35,1.2386,0.20,constant,89,1015.00,0.881740
6790,1000,0.10,900,3,35,1.2685,0.20,constant,90,997.00,1.431736
6791,1000,0.10,900,3,35,1.3523,0.20,constant,91,993.00,3.027230
6792,1000,0.10,900,3,35,1.3152,0.20,constant,92,1012.00,0.604207
6793,1000,0.10,900,3,35,1.2476,0.20,constant,93,1026.00,1.006355
6794,1000,0.10,900,3,35,1.2665,0.20,constant,94,1005.00,0.427416
6795,1000,0.10,900,3,35,1.2790,0.20,constant,95,1006.00,0.544228
6796,1000,0.10,900,3,35,1.3392,0.20,constant,96,985.00,0.953653
6797,1000,0.10,900,3,35,1.3292,0.20,constant,97,994.00,0.394676
6798,1000,0.10,900,3,35,1.2462,0.20,constant,98,999.00,1.331232
6799,1000,0.10,900,3,35,1.3368,0.20,constant,99,1007.00,1.904791
6800,1000,0.10,900,3,35,1.3591,0.25,constant,0,1056.00,1.866234
6801,1000,0.10,900,3,35,1.3434,0.25,constant,1,1022.00,1.440340
6802,1000,0.10,900,3,35,1.3313,0.25,constant,2,1055.00,0.633622
6803,1000,0.10,900,3,35,1.2696,0.25,constant,3,1044.00,0.149487
6804,1000,0.10,900,3,35,1.3435,0.25,constant,4,1024.00,1.166628
6805,1000,0.10,900,3,35,1.2939,0.25,constant,5,1042.00,1.537501
6806,1000,0.10,900,3,35,1.3577,0.25,constant,6,1013.00,3.428838
6807,1000,0.10,900,3,35,1.3415,0.25,constant,7,1005.00,2.800289
6808,1000,0.10,900,3,35,1.2844,0.25,constant,8,1033.00,0.754982
6809,1000,0.10,900,3,35,1.2880,0.25,constant,9,1027.00,0.547642
6810,1000,0.10,900,3,35,1.3307,0.25,constant,10,981.00,1.089640
6811,1000,0.10,900,3,35,1.2973,0.25,constant,11,1010.00,1.722353
6812,1000,0.10,900,3,35,1.3130,0.25,constant,12,1039.00,0.343459
6813,1000,0.10,900,3,35,1.3202,0.25,constant,13,1036.00,1.188499
6814,1000,0.10,900,3,35,1.2778,0.25,constant,14,997.00,1.414693
6815,1000,0.10,900,3,35,1.3189,0.25,constant,15,1047.00,0.762903
6816,1000,0.10,900,3,35,1.3473,0.25,constant,16,988.00,1.972313
6817,1000,0.10,900,3,35,1.2945,0.25,constant,17,1066.00,1.050683
6818,1000,0.10,900,3,35,1.3900,0.25,constant,18,1011.00,0.923383
6819,1000,0.10,900,3,35,1.3443,0.25,constant,19,1059.00,1.317418
6820,1000,0.10,900,3,35,1.3452,0.25,constant,20,1034.00,1.153619
6821,1000,0.10,900,3,35,1.3358,0.25,constant,21,1000.00,0.676849
6822,1000,0.10,900,3,35,1.2957,0.25,constant,22,1002.00,0.232399
6823,1000,0.10,900,3,35,1.3042,0.25,constant,23,1021.00,0.445937
6824,1000,0.10,900,3,35,1.3543,0.25,constant,24,1018.00,1.265464
6825,1000,0.10,900,3,35,1.3025,0.25,constant,25,978.00,1.792775
6826,1000,0.10,900,3,35,1.2693,0.25,constant,26,1017.00,0.769705
6827,1000,0.10,900,3,35,1.3588,0.25,constant,27,1064.00,0.548920
6828,1000,0.10,900,3,35,1.3180,0.25,constant,28,1004.00,2.216202
6829,1000,0.10,900,3,35,1.2887,0.25,constant,29,1029.00,0.723327
6830,1000,0.10,900,3,35,1.3095,0.25,constant,30,1053.00,0.831305
6831,1000,0.10,900,3,35,1.2751,0.25,constant,31,1027.00,0.306227
6832,1000,0.10,900,3,35,1.3315,0.25,constant,32,1048.00,0.731924
6833,1000,0.10,900,3,35,1.2813,0.25,constant,33,1021.00,0.685410
6834,1000,0.10,900,3,35,1.3131,0.25,constant,34,1002.00,0.275505
6835,1000,0.10,900,3,35,1.3405,0.25,constant,35,1000.00,1.445373
6836,1000,0.10,900,3,35,1.2892,0.25,constant,36,1042.00,0.760501
6837,1000,0.10,900,3,35,1.3723,0.25,constant,37,1020.00,0.796131
6838,1000,0.10,900,3,35,1.3905,0.25,constant,38,1020.00,0.765403
6839,1000,0.10,900,3,35,1.2814,0.25,constant,39,1025.00,0.863643
6840,1000,0.10,900,3,35,1.2926,0.25,constant,40,1007.00,0.349640
6841,1000,0.10,900,3,35,1.3011,0.25,constant,41,1002.00,1.846191
6842,1000,0.10,900,3,35,1.3396,0.25,constant,42,1014.00,0.408541
6843,1000,0.10,900,3,35,1.2802,0.25,constant,43,1046.00,0.866431
6844,1000,0.10,900,3,35,1.2915,0.25,constant,44,1000.00,0.899491
6845,1000,0.10,900,3,35,1.3207,0.25,constant,45,997.00,0.402766
6846,1000,0.10,900,3,35,1.2556,0.25,constant,46,1056.00,1.551401
6847,1000,0.10,900,3,35,1.3678,0.25,constant,47,1011.00,1.129503
6848,1000,0.10,900,3,35,1.3603,0.25,constant,48,1007.00,1.601743
6849,1000,0.10,900,3,35,1.2967,0.25,constant,49,1035.00,0.823103
6850,1000,0.10,900,3,35,1.3253,0.25,constant,50,1009.00,0.673708
6851,1000,0.10,900,3,35,1.3545,0.25,constant,51,1084.00,0.611356
6852,1000,0.10,900,3,35,1.3107,0.25,constant,52,1020.00,1.361746
6853,1000,0.10,900,3,35,1.3022,0.25,constant,53,980.00,1.617361
6854,1000,0.10,900,3,35,1.3204,0.25,constant,54,1046.00,1.072716
6855,1000,0.10,900,3,35,1.3485,0.25,constant,55,1021.00,0.229424
6856,1000,0.10,900,3,35,1.3113,0.25,constant,56,1010.00,0.589488
6857,1000,0.10,900,3,35,1.3435,0.25,constant,57,1030.00,1.942629
6858,1000,0.10,900,3,35,1.3143,0.25,constant,58,986.00,0.278730
6859,1000,0.10,900,3,35,1.3122,0.25,constant,59,1001.00,1.214341
6860,1000,0.10,900,3,35,1.3674,0.25,constant,60,1031.00,0.692505
6861,1000,0.10,900,3,35,1.2898,0.25,constant,61,1012.00,2.374807
6862,1000,0.10,900,3,35,1.2953,0.25,constant,62,1022.00,0.528801
6863,1000,0.10,900,3,35,1.3119,0.25,constant,63,1009.00,2.458382
6864,1000,0.10,900,3,35,1.2867,0.25,constant,64,1020.00,1.285333
6865,1000,0.10,900,3,35,1.3289,0.25,constant,65,1002.00,2.222944
6866,1000,0.10,900,3,35,1.2756,0.25,constant,66,1030.00,1.728771
6867,1000,0.10,900,3,35,1.2881,0.25,constant,67,1041.00,0.915256
6868,1000,0.10,900,3,35,1.3183,0.25,constant,68,1027.00,0.241524
6869,1000,0.10,900,3,35,1.3142,0.25,constant,69,1003.00,2.258137
6870,1000,0.10,900,3,35,1.2784,0.25,constant,70,1017.00,0.375264
6871,1000,0.10,900,3,35,1.3097,0.25,constant,71,1000.00,2.538690
6872,1000,0.10,900,3,35,1.2832,0.25,constant,72,997.00,1.337707
6873,1000,0.10,900,3,35,1.3415,0.25,constant,73,970.00,0.323830
6874,1000,0.10,900,3,35,1.3523,0.25,constant,74,1005.00,0.494507
6875,1000,0.10,900,3,35,1.3590,0.25,constant,75,1133.00,0.293286
6876,1000,0.10,900,3,35,1.2800,0.25,constant,76,1014.00,0.417002
6877,1000,0.10,900,3,35,1.3564,0.25,constant,77,1009.00,4.075085
6878,1000,0.10,900,3,35,1.2954,0.25,constant,78,1017.00,0.797468
6879,1000,0.10,900,3,35,1.3351,0.25,constant,79,1004.00,1.044166
6880,1000,0.10,900,3,35,1.3069,0.25,constant,80,1037.00,0.255759
6881,1000,0.10,900,3,35,1.3150,0.25,constant,81,1040.00,1.554370
6882,1000,0.10,900,3,35,1.2828,0.25,constant,82,1010.00,2.116819
6883,1000,0.10,900,3,35,1.3196,0.25,constant,83,1038.00,1.470075
6884,1000,0.10,900,3,35,1.3368,0.25,constant,84,1013.00,0.666746
6885,1000,0.10,900,3,35,1.3198,0.25,constant,85,1028.00,1.188339
6886,1000,0.10,900,3,35,1.2935,0.25,constant,86,1032.00,1.038270
6887,1000,0.10,900,3,35,1.3411,0.25,constant,87,1015.00,2.671881
6888,1000,0.10,900,3,35,1.3452,0.25,constant,88,989.00,0.801053
6889,1000,0.10,900,3,35,1.3383,0.25,constant,89,1049.00,0.631553
6890,1000,0.10,900,3,35,1.3252,0.25,constant,90,1087.00,0.947459
6891,1000,0.10,900,3,35,1.2825,0.25,constant,91,1056.00,2.197130
6892,1000,0.10,900,3,35,1.3125,0.25,constant,92,1044.00,1.296458
6893,1000,0.10,900,3,35,1.3089,0.25,constant,93,1028.00,0.972506
6894,1000,0.10,900,3,35,1.3214,0.25,constant,94,1087.00,0.688387
6895,1000,0.10,900,3,35,1.3341,0.25,constant,95,1049.00,0.425931
6896,1000,0.10,900,3,35,1.3232,0.25,constant,96,1108.00,3.519849
6897,1000,0.10,900,3,35,1.3475,0.25,constant,97,1016.00,2.593560
6898,1000,0.10,900,3,35,1.3143,0.25,constant,98,1015.00,2.065144
6899,1000,0.10,900,3,35,1.2867,0.25,constant,99,1004.00,1.320775
6900,1000,0.10,900,3,35,1.3869,0.30,constant,0,1043.00,1.133450
6901,1000,0.10,900,3,35,1.3266,0.30,constant,1,1035.00,0.525657
6902,1000,0.10,900,3,35,1.3440,0.30,constant,2,1047.00,0.588884
6903,1000,0.10,900,3,35,1.3663,0.30,constant,3,1083.00,1.973164
6904,1000,0.10,900,3,35,1.3574,0.30,constant,4,965.00,0.500611
6905,1000,0.10,900,3,35,1.3734,0.30,constant,5,1041.00,4.112093
6906,1000,0.10,900,3,35,1.3354,0.30,constant,6,993.00,2.973315
6907,1000,0.10,900,3,35,1.3148,0.30,constant,7,1029.00,0.802948
6908,1000,0.10,900,3,35,1.3661,0.30,constant,8,1073.00,3.288648
6909,1000,0.10,900,3,35,1.2871,0.30,constant,9,1039.00,1.342579
6910,1000,0.10,900,3,35,1.3742,0.30,constant,10,1124.00,4.095895
6911,1000,0.10,900,3,35,1.4035,0.30,constant,11,1049.00,0.435989
6912,1000,0.10,900,3,35,1.2842,0.30,constant,12,1076.00,0.939280
6913,1000,0.10,900,3,35,1.3054,0.30,constant,13,1044.00,2.010338
6914,1000,0.10,900,3,35,1.3424,0.30,constant,14,1041.00,2.227164
6915,1000,0.10,900,3,35,1.3635,0.30,constant,15,1043.00,2.594178
6916,1000,0.10,900,3,35,1.3249,0.30,constant,16,1046.00,0.377785
6917,1000,0.10,900,3,35,1.3329,0.30,constant,17,1051.00,0.695110
6918,1000,0.10,900,3,35,1.3774,0.30,constant,18,1041.00,1.204815
6919,1000,0.10,900,3,35,1.3273,0.30,constant,19,1047.00,0.715476
6920,1000,0.10,900,3,35,1.3678,0.30,constant,20,1009.00,1.943232
6921,1000,0.10,900,3,35,1.2953,0.30,constant,21,991.00,0.973994
6922,1000,0.10,900,3,35,1.3373,0.30,constant,22,995.00,2.071036
6923,1000,0.10,900,3,35,1.3506,0.30,constant,23,1075.00,1.309733
6924,1000,0.10,900,3,35,1.3496,0.30,constant,24,1011.00,0.458678
6925,1000,0.10,900,3,35,1.2999,0.30,constant,25,1028.00,0.500583
6926,1000,0.10,900,3,35,1.3017,0.30,constant,26,1090.00,0.750557
6927,1000,0.10,900,3,35,1.3116,0.30,constant,27,1055.00,0.640543
6928,1000,0.10,900,3,35,1.3379,0.30,constant,28,1088.00,0.801425
6929,1000,0.10,900,3,35,1.3288,0.30,constant,29,1054.00,1.788877
6930,1000,0.10,900,3,35,1.3503,0.30,constant,30,1066.00,2.551890
6931,1000,0.10,900,3,35,1.3682,0.30,constant,31,1093.00,0.442663
6932,1000,0.10,900,3,35,1.2826,0.30,constant,32,1053.00,0.586746
6933,1000,0.10,900,3,35,1.3518,0.30,constant,33,1082.00,0.651516
6934,1000,0.10,900,3,35,1.3500,0.30,constant,34,1089.00,1.107131
6935,1000,0.10,900,3,35,1.3765,0.30,constant,35,1041.00,0.563778
6936,1000,0.10,900,3,35,1.3524,0.30,constant,36,1057.00,0.531481
6937,1000,0.10,900,3,35,1.3511,0.30,constant,37,1040.00,0.482442
6938,1000,0.10,900,3,35,1.3878,0.30,constant,38,1009.00,1.463704
6939,1000,0.10,900,3,35,1.3461,0.30,constant,39,1040.00,0.358784
6940,1000,0.10,900,3,35,1.3531,0.30,constant,40,1006.00,1.341441
6941,1000,0.10,900,3,35,1.3411,0.30,constant,41,1075.00,0.467562
6942,1000,0.10,900,3,35,1.2936,0.30,constant,42,993.00,1.143422
6943,1000,0.10,900,3,35,1.3320,0.30,constant,43,1042.00,2.605119
6944,1000,0.10,900,3,35,1.3367,0.30,constant,44,1035.00,1.000070
6945,1000,0.10,900,3,35,1.3793,0.30,constant,45,1059.00,2.675708
6946,1000,0.10,900,3,35,1.3151,0.30,constant,46,977.00,2.453994
6947,1000,0.10,900,3,35,1.3867,0.30,constant,47,1008.00,0.355908
6948,1000,0.10,900,3,35,1.3635,0.30,constant,48,1034.00,0.845447
6949,1000,0.10,900,3,35,1.3166,0.30,constant,49,1061.00,1.668421
6950,1000,0.10,900,3,35,1.3911,0.30,constant,50,1082.00,2.519772
6951,1000,0.10,900,3,35,1.3306,0.30,constant,51,1012.00,0.859082
6952,1000,0.10,900,3,35,1.3425,0.30,constant,52,1026.00,0.396719
6953,1000,0.10,900,3,35,1.3464,0.30,constant,53,1057.00,0.472771
6954,1000,0.10,900,3,35,1.3098,0.30,constant,54,992.00,1.342752
6955,1000,0.10,900,3,35,1.3165,0.30,constant,55,1020.00,0.908256
6956,1000,0.10,900,3,35,1.3618,0.30,constant,56,1013.00,0.834381
6957,1000,0.10,900,3,35,1.3239,0.30,constant,57,1050.00,1.803850
6958,1000,0.10,900,3,35,1.3486,0.30,constant,58,1123.00,1.708430
6959,1000,0.10,900,3,35,1.3683,0.30,constant,59,1101.00,1.653289
6960,1000,0.10,900,3,35,1.2586,0.30,constant,60,1048.00,3.489442
6961,1000,0.10,900,3,35,1.3521,0.30,constant,61,1002.00,1.752788
6962,1000,0.10,900,3,35,1.3262,0.30,constant,62,988.00,0.272371
6963,1000,0.10,900,3,35,1.3252,0.30,constant,63,1011.00,0.802362
6964,1000,0.10,900,3,35,1.3141,0.30,constant,64,1014.00,1.535029
6965,1000,0.10,900,3,35,1.3484,0.30,constant,65,1063.00,1.746414
6966,1000,0.10,900,3,35,1.3407,0.30,constant,66,1068.00,1.652905
6967,1000,0.10,900,3,35,1.3279,0.30,constant,67,1054.00,1.651281
6968,1000,0.10,900,3,35,1.3475,0.30,constant,68,1030.00,0.790444
6969,1000,0.10,900,3,35,1.3407,0.30,constant,69,1045.00,0.521893
6970,1000,0.10,900,3,35,1.3512,0.30,constant,70,1104.00,0.408301
6971,1000,0.10,900,3,35,1.2792,0.30,constant,71,1013.00,1.317556
6972,1000,0.10,900,3,35,1.3560,0.30,constant,72,1116.00,0.360634
6973,1000,0.10,900,3,35,1.3487,0.30,constant,73,1001.00,0.495515
6974,1000,0.10,900,3,35,1.3109,0.30,constant,74,1035.00,0.188809
6975,1000,0.10,900,3,35,1.3173,0.30,constant,75,1033.00,2.165091
6976,1000,0.10,900,3,35,1.3412,0.30,constant,76,1042.00,0.559746
6977,1000,0.10,900,3,35,1.3512,0.30,constant,77,1073.00,0.385812
6978,1000,0.10,900,3,35,1.3669,0.30,constant,78,1017.00,0.655352
6979,1000,0.10,900,3,35,1.3966,0.30,constant,79,1061.00,0.352616
6980,1000,0.10,900,3,35,1.3646,0.30,constant,80,1024.00,0.709105
6981,1000,0.10,900,3,35,1.3126,0.30,constant,81,1015.00,0.681081
6982,1000,0.10,900,3,35,1.3482,0.30,constant,82,1003.00,1.611268
6983,1000,0.10,900,3,35,1.3287,0.30,constant,83,1049.00,0.624855
6984,1000,0.10,900,3,35,1.3886,0.30,constant,84,1014.00,1.878194
6985,1000,0.10,900,3,35,1.3701,0.30,constant,85,1018.00,1.643631
6986,1000,0.10,900,3,35,1.3438,0.30,constant,86,1082.00,1.175053
6987,1000,0.10,900,3,35,1.2656,0.30,constant,87,1021.00,0.602763
6988,1000,0.10,900,3,35,1.3371,0.30,constant,88,1018.00,0.309833
6989,1000,0.10,900,3,35,1.3561,0.30,constant,89,1018.00,0.600406
6990,1000,0.10,900,3,35,1.3129,0.30,constant,90,987.00,1.410384
6991,1000,0.10,900,3,35,1.3703,0.30,constant,91,1029.00,0.875536
6992,1000,0.10,900,3,35,1.3584,0.30,constant,92,1025.00,0.898750
6993,1000,0.10,900,3,35,1.3331,0.30,constant,93,1029.00,0.792169
6994,1000,0.10,900,3,35,1.3934,0.30,constant,94,995.00,0.245653
6995,1000,0.10,900,3,35,1.3417,0.30,constant,95,1051.00,1.507918
6996,1000,0.10,900,3,35,1.3186,0.30,constant,96,986.00,0.460340
6997,1000,0.10,900,3,35,1.3062,0.30,constant,97,1009.00,1.791424
6998,1000,0.10,900,3,35,1.3399,0.30,constant,98,1033.00,3.318628
6999,1000,0.10,900,3,35,1.3482,0.30,constant,99,1055.00,1.046514
7000,1000,0.10,900,3,35,1.3870,0.35,constant,0,1028.00,0.910924
7001,1000,0.10,900,3,35,1.3582,0.35,constant,1,1058.00,0.944966
7002,1000,0.10,900,3,35,1.3602,0.35,constant,2,1036.00,2.295332
7003,1000,0.10,900,3,35,1.3427,0.35,constant,3,1025.00,1.866539
7004,1000,0.10,900,3,35,1.3628,0.35,constant,4,1039.00,1.195234
7005,1000,0.10,900,3,35,1.3811,0.35,constant,5,1001.00,1.874037
7006,1000,0.10,900,3,35,1.3633,0.35,constant,6,1050.00,1.129291
7007,1000,0.10,900,3,35,1.3697,0.35,constant,7,999.00,1.400643
7008,1000,0.10,900,3,35,1.3664,0.35,constant,8,1027.00,1.775072
7009,1000,0.10,900,3,35,1.3210,0.35,constant,9,993.00,0.263253
7010,1000,0.10,900,3,35,1.3257,0.35,constant,10,1036.00,0.465218
7011,1000,0.10,900,3,35,1.3543,0.35,constant,11,1017.00,0.573561
7012,1000,0.10,900,3,35,1.3988,0.35,constant,12,1029.00,2.158193
7013,1000,0.10,900,3,35,1.4418,0.35,constant,13,1033.00,1.059278
7014,1000,0.10,900,3,35,1.3799,0.35,constant,14,1055.00,0.429862
7015,1000,0.10,900,3,35,1.3754,0.35,constant,15,1021.00,0.402552
7016,1000,0.10,900,3,35,1.3845,0.35,constant,16,1008.00,0.546694
7017,1000,0.10,900,3,35,1.3435,0.35,constant,17,1031.00,0.437306
7018,1000,0.10,900,3,35,1.3753,0.35,constant,18,1052.00,0.832040
7019,1000,0.10,900,3,35,1.3155,0.35,constant,19,1028.00,2.473379
7020,1000,0.10,900,3,35,1.2796,0.35,constant,20,1011.00,0.326098
7021,1000,0.10,900,3,35,1.3207,0.35,constant,21,1020.00,1.350087
7022,1000,0.10,900,3,35,1.3337,0.35,constant,22,1043.00,3.314757
7023,1000,0.10,900,3,35,1.3903,0.35,constant,23,1044.00,0.739549
7024,1000,0.10,900,3,35,1.3969,0.35,constant,24,1003.00,0.351274
7025,1000,0.10,900,3,35,1.3647,0.35,constant,25,1004.00,1.282413
7026,1000,0.10,900,3,35,1.3847,0.35,constant,26,1040.00,0.419647
7027,1000,0.10,900,3,35,1.3101,0.35,constant,27,1037.00,0.656912
7028,1000,0.10,900,3,35,1.4173,0.35,constant,28,1035.00,0.656152
7029,1000,0.10,900,3,35,1.3561,0.35,constant,29,1074.00,0.492848
7030,1000,0.10,900,3,35,1.3716,0.35,constant,30,1047.00,0.970274
7031,1000,0.10,900,3,35,1.3607,0.35,constant,31,1067.00,0.374602
7032,1000,0.10,900,3,35,1.3211,0.35,constant,32,1062.00,1.255061
7033,1000,0.10,900,3,35,1.3404,0.35,constant,33,1050.00,1.372390
7034,1000,0.10,900,3,35,1.3145,0.35,constant,34,1063.00,0.584510
7035,1000,0.10,900,3,35,1.3645,0.35,constant,35,1048.00,0.249390
7036,1000,0.10,900,3,35,1.4078,0.35,constant,36,1006.00,0.503516
7037,1000,0.10,900,3,35,1.3766,0.35,constant,37,1020.00,3.234333
7038,1000,0.10,900,3,35,1.3958,0.35,constant,38,1040.00,1.194204
7039,1000,0.10,900,3,35,1.2975,0.35,constant,39,1066.00,1.205868
7040,1000,0.10,900,3,35,1.3941,0.35,constant,40,1042.00,4.184537
7041,1000,0.10,900,3,35,1.3819,0.35,constant,41,1064.00,0.942697
7042,1000,0.10,900,3,35,1.3173,0.35,constant,42,1012.00,1.610749
7043,1000,0.10,900,3,35,1.3539,0.35,constant,43,1047.00,1.619838
7044,1000,0.10,900,3,35,1.3640,0.35,constant,44,1002.00,2.929891
7045,1000,0.10,900,3,35,1.3544,0.35,constant,45,1011.00,1.046464
7046,1000,0.10,900,3,35,1.3404,0.35,constant,46,1033.00,1.960078
7047,1000,0.10,900,3,35,1.3716,0.35,constant,47,1006.00,2.359022
7048,1000,0.10,900,3,35,1.3031,0.35,constant,48,1068.00,1.525387
7049,1000,0.10,900,3,35,1.4048,0.35,constant,49,999.00,1.296339
7050,1000,0.10,900,3,35,1.3230,0.35,constant,50,1050.00,1.071784
7051,1000,0.10,900,3,35,1.3182,0.35,constant,51,1044.00,0.610623
7052,1000,0.10,900,3,35,1.3571,0.35,constant,52,1026.00,0.523996
7053,1000,0.10,900,3,35,1.3899,0.35,constant,53,1043.00,1.516567
7054,1000,0.10,900,3,35,1.3276,0.35,constant,54,1022.00,1.438598
7055,1000,0.10,900,3,35,1.3490,0.35,constant,55,1025.00,1.305575
7056,1000,0.10,900,3,35,1.3787,0.35,constant,56,1039.00,2.252137
7057,1000,0.10,900,3,35,1.3716,0.35,constant,57,1028.00,1.141724
7058,1000,0.10,900,3,35,1.3508,0.35,constant,58,995.00,2.320133
7059,1000,0.10,900,3,35,1.3631,0.35,constant,59,1060.00,2.738417
7060,1000,0.10,900,3,35,1.3546,0.35,constant,60,1056.00,0.945377
7061,1000,0.10,900,3,35,1.3194,0.35,constant,61,1003.00,0.683561
7062,1000,0.10,900,3,35,1.4469,0.35,constant,62,1033.00,2.435455
7063,1000,0.10,900,3,35,1.3974,0.35,constant,63,989.00,0.405746
7064,1000,0.10,900,3,35,1.3292,0.35,constant,64,990.00,0.726060
7065,1000,0.10,900,3,35,1.3849,0.35,constant,65,1072.00,3.380236
7066,1000,0.10,900,3,35,1.3485,0.35,constant,66,1022.00,0.405383
7067,1000,0.10,900,3,35,1.3459,0.35,constant,67,1034.00,2.012760
7068,1000,0.10,900,3,35,1.4083,0.35,constant,68,1039.00,0.380635
7069,1000,0.10,900,3,35,1.4219,0.35,constant,69,1013.00,2.261005
7070,1000,0.10,900,3,35,1.3029,0.35,constant,70,1041.00,1.113088
7071,1000,0.10,900,3,35,1.3593,0.35,constant,71,1029.00,0.481799
7072,1000,0.10,900,3,35,1.3513,0.35,constant,72,1067.00,0.475384
7073,1000,0.10,900,3,35,1.3072,0.35,constant,73,1019.00,1.548922
7074,1000,0.10,900,3,35,1.3930,0.35,constant,74,1039.00,0.209421
7075,1000,0.10,900,3,35,1.3313,0.35,constant,75,1008.00,0.643147
7076,1000,0.10,900,3,35,1.3432,0.35,constant,76,1001.00,1.627034
7077,1000,0.10,900,3,35,1.3774,0.35,constant,77,1054.00,1.682832
7078,1000,0.10,900,3,35,1.3620,0.35,constant,78,995.00,1.295491
7079,1000,0.10,900,3,35,1.3848,0.35,constant,79,1067.00,0.649699
7080,1000,0.10,900,3,35,1.3243,0.35,constant,80,1056.00,1.810786
7081,1000,0.10,900,3,35,1.3704,0.35,constant,81,1019.00,1.468139
7082,1000,0.10,900,3,35,1.3796,0.35,constant,82,991.00,0.524158
7083,1000,0.10,900,3,35,1.3598,0.35,constant,83,1028.00,2.357764
7084,1000,0.10,900,3,35,1.3387,0.35,constant,84,1040.00,0.726533
7085,1000,0.10,900,3,35,1.4159,0.35,constant,85,999.00,1.037287
7086,1000,0.10,900,3,35,1.4293,0.35,constant,86,1015.00,1.745874
7087,1000,0.10,900,3,35,1.3455,0.35,constant,87,1027.00,1.361535
7088,1000,0.10,900,3,35,1.3795,0.35,constant,88,1010.00,1.097814
7089,1000,0.10,900,3,35,1.4077,0.35,constant,89,1016.00,1.007226
7090,1000,0.10,900,3,35,1.3705,0.35,constant,90,1045.00,2.509491
7091,1000,0.10,900,3,35,1.3238,0.35,constant,91,1011.00,1.379417
7092,1000,0.10,900,3,35,1.3200,0.35,constant,92,1022.00,1.818473
7093,1000,0.10,900,3,35,1.3782,0.35,constant,93,1010.00,0.586825
7094,1000,0.10,900,3,35,1.3709,0.35,constant,94,1047.00,0.923973
7095,1000,0.10,900,3,35,1.3796,0.35,constant,95,1047.00,1.772193
7096,1000,0.10,900,3,35,1.3876,0.35,constant,96,1038.00,1.083184
7097,1000,0.10,900,3,35,1.3332,0.35,constant,97,998.00,0.483492
7098,1000,0.10,900,3,35,1.3713,0.35,constant,98,1030.00,0.909824
7099,1000,0.10,900,3,35,1.3684,0.35,constant,99,1050.00,1.860773
7100,1000,0.10,900,3,35,1.3834,0.40,constant,0,1062.00,3.161210
7101,1000,0.10,900,3,35,1.3606,0.40,constant,1,1034.00,0.604552
7102,1000,0.10,900,3,35,1.3860,0.40,constant,2,1002.00,0.562634
7103,1000,0.10,900,3,35,1.3728,0.40,constant,3,1095.00,1.216995
7104,1000,0.10,900,3,35,1.3371,0.40,constant,4,1064.00,2.204170
7105,1000,0.10,900,3,35,1.3697,0.40,constant,5,1060.00,0.370124
7106,1000,0.10,900,3,35,1.3462,0.40,constant,6,1088.00,1.718172
7107,1000,0.10,900,3,35,1.3900,0.40,constant,7,1075.00,0.384834
7108,1000,0.10,900,3,35,1.3460,0.40,constant,8,1050.00,0.947460
7109,1000,0.10,900,3,35,1.3951,0.40,constant,9,1066.00,1.040399
7110,1000,0.10,900,3,35,1.3744,0.40,constant,10,1043.00,0.883211
7111,1000,0.10,900,3,35,1.3823,0.40,constant,11,1054.00,1.961729
7112,1000,0.10,900,3,35,1.3410,0.40,constant,12,1043.00,0.417129
7113,1000,0.10,900,3,35,1.3489,0.40,constant,13,982.00,3.645656
7114,1000,0.10,900,3,35,1.3938,0.40,constant,14,1023.00,1.005475
7115,1000,0.10,900,3,35,1.3888,0.40,constant,15,1001.00,1.268222
7116,1000,0.10,900,3,35,1.3758,0.40,constant,16,1030.00,0.604502
7117,1000,0.10,900,3,35,1.3876,0.40,constant,17,1091.00,1.486207
7118,1000,0.10,900,3,35,1.3821,0.40,constant,18,1029.00,1.183577
7119,1000,0.10,900,3,35,1.4450,0.40,constant,19,1066.00,2.116201
7120,1000,0.10,900,3,35,1.3854,0.40,constant,20,1085.00,0.729095
7121,1000,0.10,900,3,35,1.3789,0.40,constant,21,956.00,0.515513
7122,1000,0.10,900,3,35,1.3680,0.40,constant,22,1058.00,0.381974
7123,1000,0.10,900,3,35,1.4263,0.40,constant,23,1085.00,2.438984
7124,1000,0.10,900,3,35,1.4202,0.40,constant,24,1023.00,0.539021
7125,1000,0.10,900,3,35,1.4361,0.40,constant,25,1066.00,1.114023
7126,1000,0.10,900,3,35,1.3599,0.40,constant,26,1010.00,0.470123
7127,1000,0.10,900,3,35,1.3676,0.40,constant,27,973.00,1.021157
7128,1000,0.10,900,3,35,1.3685,0.40,constant,28,1003.00,3.277817
7129,1000,0.10,900,3,35,1.3810,0.40,constant,29,997.00,1.517379
7130,1000,0.10,900,3,35,1.3745,0.40,constant,30,1063.00,0.528080
7131,1000,0.10,900,3,35,1.3906,0.40,constant,31,1045.00,0.800532
7132,1000,0.10,900,3,35,1.3654,0.40,constant,32,1030.00,3.790508
7133,1000,0.10,900,3,35,1.3655,0.40,constant,33,1015.00,0.503572
7134,1000,0.10,900,3,35,1.3488,0.40,constant,34,1034.00,1.205902
7135,1000,0.10,900,3,35,1.3825,0.40,constant,35,1004.00,0.362088
7136,1000,0.10,900,3,35,1.3477,0.40,constant,36,1033.00,1.741999
7137,1000,0.10,900,3,35,1.3534,0.40,constant,37,1029.00,1.304057
7138,1000,0.10,900,3,35,1.3970,0.40,constant,38,1069.00,0.813139
7139,1000,0.10,900,3,35,1.4056,0.40,constant,39,1009.00,1.287894
7140,1000,0.10,900,3,35,1.3722,0.40,constant,40,1056.00,0.925903
7141,1000,0.10,900,3,35,1.3452,0.40,constant,41,1029.00,2.428676
7142,1000,0.10,900,3,35,1.3660,0.40,constant,42,1044.00,0.828840
7143,1000,0.10,900,3,35,1.3745,0.40,constant,43,966.00,1.332049
7144,1000,0.10,900,3,35,1.3155,0.40,constant,44,1074.00,0.617008
7145,1000,0.10,900,3,35,1.3713,0.40,constant,45,1024.00,0.919270
7146,1000,0.10,900,3,35,1.3692,0.40,constant,46,1063.00,0.933139
7147,1000,0.10,900,3,35,1.3450,0.40,constant,47,1061.00,0.806446
7148,1000,0.10,900,3,35,1.3902,0.40,constant,48,1092.00,0.947543
7149,1000,0.10,900,3,35,1.3509,0.40,constant,49,1024.00,0.806377
7150,1000,0.10,900,3,35,1.3479,0.40,constant,50,1057.00,2.239860
7151,1000,0.10,900,3,35,1.3793,0.40,constant,51,1047.00,1.571823
7152,1000,0.10,900,3,35,1.3341,0.40,constant,52,1080.00,2.033380
7153,1000,0.10,900,3,35,1.3566,0.40,constant,53,997.00,0.699776
7154,1000,0.10,900,3,35,1.3640,0.40,constant,54,1026.00,1.374854
7155,1000,0.10,900,3,35,1.3792,0.40,constant,55,1034.00,0.334903
7156,1000,0.10,900,3,35,1.4035,0.40,constant,56,1063.00,1.232428
7157,1000,0.10,900,3,35,1.4060,0.40,constant,57,1065.00,1.213488
7158,1000,0.10,900,3,35,1.3739,0.40,constant,58,1067.00,0.661084
7159,1000,0.10,900,3,35,1.3780,0.40,constant,59,1023.00,1.179334
7160,1000,0.10,900,3,35,1.3690,0.40,constant,60,1005.00,3.239891
7161,1000,0.10,900,3,35,1.3755,0.40,constant,61,1002.00,1.589541
7162,1000,0.10,900,3,35,1.3619,0.40,constant,62,1234.00,0.597539
7163,1000,0.10,900,3,35,1.3265,0.40,constant,63,1430.00,0.431610
7164,1000,0.10,900,3,35,1.4085,0.40,constant,64,1060.00,2.240598
7165,1000,0.10,900,3,35,1.3640,0.40,constant,65,996.00,0.607679
7166,1000,0.10,900,3,35,1.3661,0.40,constant,66,1050.00,1.715232
7167,1000,0.10,900,3,35,1.3466,0.40,constant,67,1035.00,1.410274
7168,1000,0.10,900,3,35,1.3405,0.40,constant,68,1059.00,1.887291
7169,1000,0.10,900,3,35,1.4188,0.40,constant,69,1029.00,0.803460
7170,1000,0.10,900,3,35,1.3893,0.40,constant,70,1051.00,1.469610
7171,1000,0.10,900,3,35,1.3707,0.40,constant,71,1055.00,0.861009
7172,1000,0.10,900,3,35,1.3765,0.40,constant,72,1010.00,1.116803
7173,1000,0.10,900,3,35,1.3946,0.40,constant,73,1005.00,0.800954
7174,1000,0.10,900,3,35,1.4535,0.40,constant,74,1044.00,1.976569
7175,1000,0.10,900,3,35,1.3283,0.40,constant,75,994.00,0.479405
7176,1000,0.10,900,3,35,1.3757,0.40,constant,76,979.00,0.449856
7177,1000,0.10,900,3,35,1.3779,0.40,constant,77,1007.00,0.529039
7178,1000,0.10,900,3,35,1.4197,0.40,constant,78,1008.00,1.287509
7179,1000,0.10,900,3,35,1.3516,0.40,constant,79,985.00,0.632529
7180,1000,0.10,900,3,35,1.3902,0.40,constant,80,1072.00,1.938061
7181,1000,0.10,900,3,35,1.3542,0.40,constant,81,1020.00,0.395890
7182,1000,0.10,900,3,35,1.3889,0.40,constant,82,1006.00,0.483390
7183,1000,0.10,900,3,35,1.4349,0.40,constant,83,1002.00,0.549088
7184,1000,0.10,900,3,35,1.3539,0.40,constant,84,1037.00,2.035150
7185,1000,0.10,900,3,35,1.3858,0.40,constant,85,1019.00,4.034726
7186,1000,0.10,900,3,35,1.3516,0.40,constant,86,1055.00,3.369091
7187,1000,0.10,900,3,35,1.4116,0.40,constant,87,1050.00,4.066168
7188,1000,0.10,900,3,35,1.3542,0.40,constant,88,1018.00,4.217941
7189,1000,0.10,900,3,35,1.3635,0.40,constant,89,1008.00,1.261294
7190,1000,0.10,900,3,35,1.3924,0.40,constant,90,991.00,0.699687
7191,1000,0.10,900,3,35,1.3553,0.40,constant,91,996.00,0.458514
7192,1000,0.10,900,3,35,1.3414,0.40,constant,92,1000.00,1.523366
7193,1000,0.10,900,3,35,1.3392,0.40,constant,93,997.00,0.522625
7194,1000,0.10,900,3,35,1.3163,0.40,constant,94,1009.00,1.844638
7195,1000,0.10,900,3,35,1.3914,0.40,constant,95,1034.00,2.002161
7196,1000,0.10,900,3,35,1.3835,0.40,constant,96,1004.00,0.712816
7197,1000,0.10,900,3,35,1.3946,0.40,constant,97,1021.00,1.200872
7198,1000,0.10,900,3,35,1.4114,0.40,constant,98,1066.00,0.464254
7199,1000,0.10,900,3,35,1.3924,0.40,constant,99,983.00,0.471251
7200,1000,0.10,900,3,35,1.3608,0.45,constant,0,1029.00,0.578287
7201,1000,0.10,900,3,35,1.3825,0.45,constant,1,1087.00,1.911044
7202,1000,0.10,900,3,35,1.3910,0.45,constant,2,1004.00,2.299672
7203,1000,0.10,900,3,35,1.3274,0.45,constant,3,997.00,0.697182
7204,1000,0.10,900,3,35,1.3350,0.45,constant,4,1031.00,1.257744
7205,1000,0.10,900,3,35,1.4032,0.45,constant,5,1046.00,0.814384
7206,1000,0.10,900,3,35,1.3828,0.45,constant,6,1020.00,0.487741
7207,1000,0.10,900,3,35,1.3412,0.45,constant,7,1030.00,3.486879
7208,1000,0.10,900,3,35,1.4204,0.45,constant,8,974.00,0.688373
7209,1000,0.10,900,3,35,1.3816,0.45,constant,9,1003.00,1.513195
7210,1000,0.10,900,3,35,1.4425,0.45,constant,10,1012.00,1.750963
7211,1000,0.10,900,3,35,1.3372,0.45,constant,11,992.00,0.913150
7212,1000,0.10,900,3,35,1.3359,0.45,constant,12,1042.00,0.661210
7213,1000,0.10,900,3,35,1.4015,0.45,constant,13,1051.00,0.729127
7214,1000,0.10,900,3,35,1.3282,0.45,constant,14,977.00,1.231094
7215,1000,0.10,900,3,35,1.3931,0.45,constant,15,1031.00,2.270595
7216,1000,0.10,900,3,35,1.3840,0.45,constant,16,1010.00,0.556566
7217,1000,0.10,900,3,35,1.3778,0.45,constant,17,1033.00,4.805238
7218,1000,0.10,900,3,35,1.3844,0.45,constant,18,1026.00,2.193925
7219,1000,0.10,900,3,35,1.3609,0.45,constant,19,1029.00,0.438685
7220,1000,0.10,900,3,35,1.4052,0.45,constant,20,1046.00,2.905728
7221,1000,0.10,900,3,35,1.3675,0.45,constant,21,980.00,0.541580
7222,1000,0.10,900,3,35,1.3694,0.45,constant,22,1016.00,0.349408
7223,1000,0.10,900,3,35,1.3644,0.45,constant,23,1037.00,0.751369
7224,1000,0.10,900,3,35,1.3815,0.45,constant,24,997.00,0.723162
7225,1000,0.10,900,3,35,1.4028,0.45,constant,25,1074.00,1.166812
7226,1000,0.10,900,3,35,1.3796,0.45,constant,26,1001.00,0.990012
7227,1000,0.10,900,3,35,1.3525,0.45,constant,27,1045.00,0.432954
7228,1000,0.10,900,3,35,1.4145,0.45,constant,28,1004.00,0.489937
7229,1000,0.10,900,3,35,1.4304,0.45,constant,29,1022.00,2.851237
7230,1000,0.10,900,3,35,1.3724,0.45,constant,30,1047.00,0.979817
7231,1000,0.10,900,3,35,1.3937,0.45,constant,31,1012.00,0.938007
7232,1000,0.10,900,3,35,1.3796,0.45,constant,32,1009.00,1.994714
7233,1000,0.10,900,3,35,1.3775,0.45,constant,33,987.00,1.946942
7234,1000,0.10,900,3,35,1.3829,0.45,constant,34,976.00,0.973771
7235,1000,0.10,900,3,35,1.3672,0.45,constant,35,1036.00,1.153879
7236,1000,0.10,900,3,35,1.3352,0.45,constant,36,1010.00,1.319015
7237,1000,0.10,900,3,35,1.3552,0.45,constant,37,1034.00,1.382833
7238,1000,0.10,900,3,35,1.3821,0.45,constant,38,992.00,1.942358
7239,1000,0.10,900,3,35,1.3561,0.45,constant,39,1050.00,1.302985
7240,1000,0.10,900,3,35,1.3617,0.45,constant,40,987.00,0.811758
7241,1000,0.10,900,3,35,1.3428,0.45,constant,41,1007.00,0.353817
7242,1000,0.10,900,3,35,1.3888,0.45,constant,42,1020.00,1.161381
7243,1000,0.10,900,3,35,1.3558,0.45,constant,43,1023.00,1.341023
7244,1000,0.10,900,3,35,1.3760,0.45,constant,44,1018.00,3.159142
7245,1000,0.10,900,3,35,1.3400,0.45,constant,45,997.00,1.244436
7246,1000,0.10,900,3,35,1.4222,0.45,constant,46,1005.00,2.476721
7247,1000,0.10,900,3,35,1.3603,0.45,constant,47,971.00,2.495466
7248,1000,0.10,900,3,35,1.4122,0.45,constant,48,1008.00,2.290873
7249,1000,0.10,900,3,35,1.3907,0.45,constant,49,1062.00,2.804163
7250,1000,0.10,900,3,35,1.4304,0.45,constant,50,1023.00,2.592077
7251,1000,0.10,900,3,35,1.3885,0.45,constant,51,1033.00,1.377759
7252,1000,0.10,900,3,35,1.4172,0.45,constant,52,1020.00,0.801404
7253,1000,0.10,900,3,35,1.3946,0.45,constant,53,1005.00,3.505045
7254,1000,0.10,900,3,35,1.3262,0.45,constant,54,1030.00,1.680706
7255,1000,0.10,900,3,35,1.3641,0.45,constant,55,1034.00,0.568351
7256,1000,0.10,900,3,35,1.3999,0.45,constant,56,1030.00,0.490793
7257,1000,0.10,900,3,35,1.4020,0.45,constant,57,1009.00,0.747179
7258,1000,0.10,900,3,35,1.4026,0.45,constant,58,1038.00,0.490640
7259,1000,0.10,900,3,35,1.3508,0.45,constant,59,1025.00,0.912541
7260,1000,0.10,900,3,35,1.3252,0.45,constant,60,1016.00,2.363466
7261,1000,0.10,900,3,35,1.3727,0.45,constant,61,1019.00,0.793890
7262,1000,0.10,900,3,35,1.3926,0.45,constant,62,1052.00,0.415777
7263,1000,0.10,900,3,35,1.3955,0.45,constant,63,1017.00,1.272666
7264,1000,0.10,900,3,35,1.4081,0.45,constant,64,1023.00,0.438384
7265,1000,0.10,900,3,35,1.3350,0.45,constant,65,1020.00,2.066794
7266,1000,0.10,900,3,35,1.4276,0.45,constant,66,996.00,2.561550
7267,1000,0.10,900,3,35,1.3518,0.45,constant,67,1004.00,3.202283
7268,1000,0.10,900,3,35,1.3969,0.45,constant,68,1011.00,1.548754
7269,1000,0.10,900,3,35,1.3380,0.45,constant,69,1006.00,0.662918
7270,1000,0.10,900,3,35,1.4197,0.45,constant,70,1016.00,0.572513
7271,1000,0.10,900,3,35,1.3426,0.45,constant,71,963.00,0.678118
7272,1000,0.10,900,3,35,1.4044,0.45,constant,72,1054.00,2.301980
7273,1000,0.10,900,3,35,1.4303,0.45,constant,73,995.00,1.445344
7274,1000,0.10,900,3,35,1.3329,0.45,constant,74,968.00,0.520995
7275,1000,0.10,900,3,35,1.3203,0.45,constant,75,987.00,0.385617
7276,1000,0.10,900,3,35,1.3559,0.45,constant,76,987.00,0.374762
7277,1000,0.10,900,3,35,1.4081,0.45,constant,77,1034.00,0.486924
7278,1000,0.10,900,3,35,1.4069,0.45,constant,78,999.00,1.312726
7279,1000,0.10,900,3,35,1.3360,0.45,constant,79,1051.00,1.544396
7280,1000,0.10,900,3,35,1.3747,0.45,constant,80,990.00,1.323913
7281,1000,0.10,900,3,35,1.3028,0.45,constant,81,1036.00,0.722142
7282,1000,0.10,900,3,35,1.3954,0.45,constant,82,1040.00,0.449727
7283,1000,0.10,900,3,35,1.3900,0.45,constant,83,1020.00,1.960186
7284,1000,0.10,900,3,35,1.3846,0.45,constant,84,1024.00,2.200708
7285,1000,0.10,900,3,35,1.3519,0.45,constant,85,1028.00,2.510341
7286,1000,0.10,900,3,35,1.4390,0.45,constant,86,1041.00,1.125027
7287,1000,0.10,900,3,35,1.3699,0.45,constant,87,1016.00,2.316753
7288,1000,0.10,900,3,35,1.4010,0.45,constant,88,1024.00,0.713976
7289,1000,0.10,900,3,35,1.4016,0.45,constant,89,1030.00,1.330750
7290,1000,0.10,900,3,35,1.3922,0.45,constant,90,978.00,1.303084
7291,1000,0.10,900,3,35,1.4135,0.45,constant,91,1011.00,1.457335
7292,1000,0.10,900,3,35,1.3671,0.45,constant,92,1002.00,0.514587
7293,1000,0.10,900,3,35,1.3551,0.45,constant,93,1047.00,2.834340
7294,1000,0.10,900,3,35,1.3673,0.45,constant,94,1006.00,1.416681
7295,1000,0.10,900,3,35,1.3860,0.45,constant,95,1056.00,1.077893
7296,1000,0.10,900,3,35,1.3531,0.45,constant,96,1040.00,0.601146
7297,1000,0.10,900,3,35,1.3903,0.45,constant,97,1039.00,0.514257
7298,1000,0.10,900,3,35,1.3661,0.45,constant,98,1005.00,0.477687
7299,1000,0.10,900,3,35,1.3525,0.45,constant,99,1028.00,0.768959
7300,1000,0.10,900,3,35,1.4284,0.50,constant,0,984.00,1.639336
7301,1000,0.10,900,3,35,1.3970,0.50,constant,1,998.00,2.362311
7302,1000,0.10,900,3,35,1.4214,0.50,constant,2,1010.00,0.398584
7303,1000,0.10,900,3,35,1.3877,0.50,constant,3,1017.00,1.670188
7304,1000,0.10,900,3,35,1.4002,0.50,constant,4,1064.00,0.555920
7305,1000,0.10,900,3,35,1.4317,0.50,constant,5,1052.00,1.541601
7306,1000,0.10,900,3,35,1.3591,0.50,constant,6,1018.00,2.849658
7307,1000,0.10,900,3,35,1.4323,0.50,constant,7,993.00,1.678440
7308,1000,0.10,900,3,35,1.3772,0.50,constant,8,1043.00,1.566745
7309,1000,0.10,900,3,35,1.4032,0.50,constant,9,1002.00,1.411275
7310,1000,0.10,900,3,35,1.3537,0.50,constant,10,1085.00,2.655981
7311,1000,0.10,900,3,35,1.3179,0.50,constant,11,1034.00,0.546383
7312,1000,0.10,900,3,35,1.3799,0.50,constant,12,1073.00,3.377900
7313,1000,0.10,900,3,35,1.4243,0.50,constant,13,1073.00,2.139191
7314,1000,0.10,900,3,35,1.3459,0.50,constant,14,1020.00,0.767053
7315,1000,0.10,900,3,35,1.3476,0.50,constant,15,1014.00,1.134208
7316,1000,0.10,900,3,35,1.3548,0.50,constant,16,1053.00,0.696855
7317,1000,0.10,900,3,35,1.4187,0.50,constant,17,1064.00,0.690165
7318,1000,0.10,900,3,35,1.3793,0.50,constant,18,1092.00,1.782350
7319,1000,0.10,900,3,35,1.3475,0.50,constant,19,1034.00,1.434026
7320,1000,0.10,900,3,35,1.4076,0.50,constant,20,1081.00,1.188983
7321,1000,0.10,900,3,35,1.3534,0.50,constant,21,1046.00,1.161880
7322,1000,0.10,900,3,35,1.3955,0.50,constant,22,1065.00,2.601110
7323,1000,0.10,900,3,35,1.3891,0.50,constant,23,1031.00,0.728705
7324,1000,0.10,900,3,35,1.3914,0.50,constant,24,1076.00,2.831418
7325,1000,0.10,900,3,35,1.3578,0.50,constant,25,1077.00,1.078521
7326,1000,0.10,900,3,35,1.3468,0.50,constant,26,995.00,0.400509
7327,1000,0.10,900,3,35,1.3753,0.50,constant,27,1044.00,1.163818
7328,1000,0.10,900,3,35,1.3520,0.50,constant,28,1063.00,2.690031
7329,1000,0.10,900,3,35,1.3898,0.50,constant,29,1062.00,1.735541
7330,1000,0.10,900,3,35,1.4102,0.50,constant,30,1086.00,3.441096
7331,1000,0.10,900,3,35,1.3781,0.50,constant,31,1041.00,1.530774
7332,1000,0.10,900,3,35,1.3958,0.50,constant,32,1046.00,0.845860
7333,1000,0.10,900,3,35,1.4073,0.50,constant,33,1043.00,2.008825
7334,1000,0.10,900,3,35,1.4360,0.50,constant,34,1028.00,1.220051
7335,1000,0.10,900,3,35,1.4343,0.50,constant,35,1014.00,1.326154
7336,1000,0.10,900,3,35,1.4076,0.50,constant,36,984.00,1.023724
7337,1000,0.10,900,3,35,1.3658,0.50,constant,37,1044.00,1.184941
7338,1000,0.10,900,3,35,1.4166,0.50,constant,38,1019.00,0.635125
7339,1000,0.10,900,3,35,1.3413,0.50,constant,39,1028.00,1.046619
7340,1000,0.10,900,3,35,1.3707,0.50,constant,40,1036.00,2.738124
7341,1000,0.10,900,3,35,1.3739,0.50,constant,41,1024.00,0.731087
7342,1000,0.10,900,3,35,1.4137,0.50,constant,42,1090.00,1.683958
7343,1000,0.10,900,3,35,1.3369,0.50,constant,43,1050.00,1.197330
7344,1000,0.10,900,3,35,1.3848,0.50,constant,44,1017.00,0.762313
7345,1000,0.10,900,3,35,1.4028,0.50,constant,45,1033.00,3.017647
7346,1000,0.10,900,3,35,1.3921,0.50,constant,46,1089.00,0.563286
7347,1000,0.10,900,3,35,1.4258,0.50,constant,47,1053.00,0.743570
7348,1000,0.10,900,3,35,1.3718,0.50,constant,48,1064.00,2.743223
7349,1000,0.10,900,3,35,1.3878,0.50,constant,49,1023.00,1.101791
7350,1000,0.10,900,3,35,1.3737,0.50,constant,50,1037.00,3.767293
7351,1000,0.10,900,3,35,1.3515,0.50,constant,51,1056.00,2.560281
7352,1000,0.10,900,3,35,1.3875,0.50,constant,52,1024.00,3.570207
7353,1000,0.10,900,3,35,1.4035,0.50,constant,53,1066.00,2.367210
7354,1000,0.10,900,3,35,1.3897,0.50,constant,54,1070.00,0.913112
7355,1000,0.10,900,3,35,1.3690,0.50,constant,55,1100.00,0.701908
7356,1000,0.10,900,3,35,1.3728,0.50,constant,56,1075.00,0.656016
7357,1000,0.10,900,3,35,1.3668,0.50,constant,57,1042.00,1.365383
7358,1000,0.10,900,3,35,1.3590,0.50,constant,58,1045.00,0.868364
7359,1000,0.10,900,3,35,1.3730,0.50,constant,59,1026.00,0.731790
7360,1000,0.10,900,3,35,1.3729,0.50,constant,60,1090.00,1.552498
7361,1000,0.10,900,3,35,1.3969,0.50,constant,61,1039.00,0.931724
7362,1000,0.10,900,3,35,1.3453,0.50,constant,62,1044.00,3.314066
7363,1000,0.10,900,3,35,1.4032,0.50,constant,63,1070.00,1.378127
7364,1000,0.10,900,3,35,1.4004,0.50,constant,64,1066.00,0.704660
7365,1000,0.10,900,3,35,1.3524,0.50,constant,65,1060.00,1.897292
7366,1000,0.10,900,3,35,1.3979,0.50,constant,66,1069.00,1.270638
7367,1000,0.10,900,3,35,1.3625,0.50,constant,67,1069.00,0.899670
7368,1000,0.10,900,3,35,1.3510,0.50,constant,68,1028.00,0.957548
7369,1000,0.10,900,3,35,1.4105,0.50,constant,69,1039.00,1.192569
7370,1000,0.10,900,3,35,1.3916,0.50,constant,70,1091.00,3.167419
7371,1000,0.10,900,3,35,1.3967,0.50,constant,71,1077.00,1.334510
7372,1000,0.10,900,3,35,1.3424,0.50,constant,72,1067.00,0.752261
7373,1000,0.10,900,3,35,1.3587,0.50,constant,73,1047.00,1.843821
7374,1000,0.10,900,3,35,1.3906,0.50,constant,74,1034.00,3.648166
7375,1000,0.10,900,3,35,1.3958,0.50,constant,75,1047.00,1.438817
7376,1000,0.10,900,3,35,1.3502,0.50,constant,76,1007.00,2.696929
7377,1000,0.10,900,3,35,1.4008,0.50,constant,77,1049.00,0.845168
7378,1000,0.10,900,3,35,1.3544,0.50,constant,78,1042.00,1.484858
7379,1000,0.10,900,3,35,1.3671,0.50,constant,79,1048.00,1.198088
7380,1000,0.10,900,3,35,1.3360,0.50,constant,80,1042.00,0.670260
7381,1000,0.10,900,3,35,1.3606,0.50,constant,81,1045.00,1.103696
7382,1000,0.10,900,3,35,1.3880,0.50,constant,82,1060.00,3.392643
7383,1000,0.10,900,3,35,1.3256,0.50,constant,83,1060.00,2.150958
7384,1000,0.10,900,3,35,1.3575,0.50,constant,84,1017.00,0.969322
7385,1000,0.10,900,3,35,1.3643,0.50,constant,85,1038.00,3.398639
7386,1000,0.10,900,3,35,1.3814,0.50,constant,86,1004.00,0.957683
7387,1000,0.10,900,3,35,1.3876,0.50,constant,87,1069.00,1.005054
7388,1000,0.10,900,3,35,1.3697,0.50,constant,88,1057.00,0.861168
7389,1000,0.10,900,3,35,1.3652,0.50,constant,89,1060.00,0.455807
7390,1000,0.10,900,3,35,1.3942,0.50,constant,90,1075.00,2.366203
7391,1000,0.10,900,3,35,1.3592,0.50,constant,91,1002.00,0.499283
7392,1000,0.10,900,3,35,1.4050,0.50,constant,92,982.00,0.611854
7393,1000,0.10,900,3,35,1.3481,0.50,constant,93,1028.00,1.724731
7394,1000,0.10,900,3,35,1.3699,0.50,constant,94,1047.00,1.545836
7395,1000,0.10,900,3,35,1.3669,0.50,constant,95,998.00,0.757006
7396,1000,0.10,900,3,35,1.3282,0.50,constant,96,1045.00,3.122144
7397,1000,0.10,900,3,35,1.3891,0.50,constant,97,996.00,1.538714
7398,1000,0.10,900,3,35,1.4038,0.50,constant,98,1057.00,0.709598
7399,1000,0.10,900,3,35,1.3955,0.50,constant,99,1062.00,1.486072
7400,1000,0.10,900,3,35,1.3899,0.55,constant,0,1133.00,3.011089
7401,1000,0.10,900,3,35,1.3487,0.55,constant,1,1065.00,2.804584
7402,1000,0.10,900,3,35,1.3984,0.55,constant,2,1059.00,0.716875
7403,1000,0.10,900,3,35,1.3881,0.55,constant,3,1071.00,2.000312
7404,1000,0.10,900,3,35,1.3902,0.55,constant,4,1050.00,0.744702
7405,1000,0.10,900,3,35,1.4496,0.55,constant,5,1064.00,1.988003
7406,1000,0.10,900,3,35,1.3895,0.55,constant,6,1025.00,1.920326
7407,1000,0.10,900,3,35,1.3979,0.55,constant,7,1053.00,2.495738
7408,1000,0.10,900,3,35,1.3627,0.55,constant,8,1024.00,2.838395
7409,1000,0.10,900,3,35,1.3971,0.55,constant,9,1041.00,1.615332
7410,1000,0.10,900,3,35,1.3481,0.55,constant,10,1040.00,3.633080
7411,1000,0.10,900,3,35,1.3764,0.55,constant,11,1039.00,2.793344
7412,1000,0.10,900,3,35,1.3560,0.55,constant,12,1090.00,1.602442
7413,1000,0.10,900,3,35,1.3746,0.55,constant,13,1075.00,1.925930
7414,1000,0.10,900,3,35,1.4016,0.55,constant,14,1045.00,2.598052
7415,1000,0.10,900,3,35,1.3340,0.55,constant,15,1012.00,2.626817
7416,1000,0.10,900,3,35,1.3501,0.55,constant,16,1034.00,0.832540
7417,1000,0.10,900,3,35,1.3417,0.55,constant,17,1045.00,0.947031
7418,1000,0.10,900,3,35,1.3507,0.55,constant,18,1068.00,1.649493
7419,1000,0.10,900,3,35,1.3476,0.55,constant,19,1067.00,0.946207
7420,1000,0.10,900,3,35,1.3772,0.55,constant,20,1056.00,1.078770
7421,1000,0.10,900,3,35,1.3991,0.55,constant,21,1059.00,1.918185
7422,1000,0.10,900,3,35,1.4025,0.55,constant,22,1040.00,1.363835
7423,1000,0.10,900,3,35,1.4257,0.55,constant,23,1028.00,0.634062
7424,1000,0.10,900,3,35,1.3610,0.55,constant,24,1033.00,2.157934
7425,1000,0.10,900,3,35,1.3686,0.55,constant,25,1052.00,1.424072
7426,1000,0.10,900,3,35,1.3885,0.55,constant,26,1069.00,0.553090
7427,1000,0.10,900,3,35,1.4086,0.55,constant,27,1037.00,1.815424
7428,1000,0.10,900,3,35,1.4286,0.55,constant,28,1042.00,3.666103
7429,1000,0.10,900,3,35,1.3985,0.55,constant,29,1071.00,1.788353
7430,1000,0.10,900,3,35,1.3753,0.55,constant,30,1023.00,1.705539
7431,1000,0.10,900,3,35,1.3493,0.55,constant,31,1046.00,0.554342
7432,1000,0.10,900,3,35,1.3611,0.55,constant,32,1025.00,1.662001
7433,1000,0.10,900,3,35,1.3459,0.55,constant,33,1044.00,0.604815
7434,1000,0.10,900,3,35,1.3860,0.55,constant,34,1019.00,0.798317
7435,1000,0.10,900,3,35,1.3842,0.55,constant,35,1080.00,0.613501
7436,1000,0.10,900,3,35,1.3794,0.55,constant,36,1011.00,1.660152
7437,1000,0.10,900,3,35,1.4547,0.55,constant,37,1037.00,1.044884
7438,1000,0.10,900,3,35,1.3452,0.55,constant,38,1070.00,1.993914
7439,1000,0.10,900,3,35,1.3907,0.55,constant,39,1025.00,1.699591
7440,1000,0.10,900,3,35,1.3969,0.55,constant,40,1054.00,0.856213
7441,1000,0.10,900,3,35,1.3731,0.55,constant,41,1062.00,0.712661
7442,1000,0.10,900,3,35,1.3971,0.55,constant,42,1060.00,1.145368
7443,1000,0.10,900,3,35,1.3342,0.55,constant,43,1017.00,1.165979
7444,1000,0.10,900,3,35,1.3103,0.55,constant,44,1047.00,0.776521
7445,1000,0.10,900,3,35,1.3841,0.55,constant,45,1072.00,0.640389
7446,1000,0.10,900,3,35,1.3827,0.55,constant,46,1050.00,0.585225
7447,1000,0.10,900,3,35,1.3654,0.55,constant,47,1054.00,5.042392
7448,1000,0.10,900,3,35,1.4314,0.55,constant,48,1006.00,1.003809
7449,1000,0.10,900,3,35,1.4203,0.55,constant,49,1020.00,1.049353
7450,1000,0.10,900,3,35,1.4316,0.55,constant,50,1072.00,0.956192
7451,1000,0.10,900,3,35,1.3967,0.55,constant,51,1066.00,0.463451
7452,1000,0.10,900,3,35,1.3721,0.55,constant,52,1029.00,0.914085
7453,1000,0.10,900,3,35,1.3039,0.55,constant,53,1070.00,0.986531
7454,1000,0.10,900,3,35,1.3952,0.55,constant,54,1075.00,1.136529
7455,1000,0.10,900,3,35,1.3752,0.55,constant,55,1071.00,2.796792
7456,1000,0.10,900,3,35,1.3507,0.55,constant,56,1048.00,0.895358
7457,1000,0.10,900,3,35,1.3684,0.55,constant,57,1013.00,2.465564
7458,1000,0.10,900,3,35,1.3910,0.55,constant,58,1087.00,1.755794
7459,1000,0.10,900,3,35,1.3638,0.55,constant,59,1030.00,1.235106
7460,1000,0.10,900,3,35,1.4164,0.55,constant,60,1066.00,1.254260
7461,1000,0.10,900,3,35,1.4070,0.55,constant,61,1076.00,1.543888
7462,1000,0.10,900,3,35,1.4057,0.55,constant,62,1050.00,0.705189
7463,1000,0.10,900,3,35,1.3521,0.55,constant,63,1046.00,0.725155
7464,1000,0.10,900,3,35,1.4151,0.55,constant,64,1040.00,0.593055
7465,1000,0.10,900,3,35,1.3913,0.55,constant,65,1063.00,0.657047
7466,1000,0.10,900,3,35,1.3654,0.55,constant,66,1093.00,1.961542
7467,1000,0.10,900,3,35,1.4255,0.55,constant,67,1082.00,5.638515
7468,1000,0.10,900,3,35,1.4321,0.55,constant,68,1014.00,0.790875
7469,1000,0.10,900,3,35,1.4142,0.55,constant,69,1037.00,1.506309
7470,1000,0.10,900,3,35,1.4128,0.55,constant,70,1076.00,1.306094
7471,1000,0.10,900,3,35,1.4084,0.55,constant,71,1033.00,0.643210
7472,1000,0.10,900,3,35,1.3826,0.55,constant,72,1048.00,0.962320
7473,1000,0.10,900,3,35,1.3476,0.55,constant,73,1079.00,0.784523
7474,1000,0.10,900,3,35,1.3813,0.55,constant,74,1063.00,1.784367
7475,1000,0.10,900,3,35,1.3881,0.55,constant,75,1064.00,1.916452
7476,1000,0.10,900,3,35,1.3615,0.55,constant,76,1044.00,2.992928
7477,1000,0.10,900,3,35,1.3563,0.55,constant,77,1064.00,3.782536
7478,1000,0.10,900,3,35,1.4725,0.55,constant,78,1050.00,3.188197
7479,1000,0.10,900,3,35,1.3547,0.55,constant,79,1038.00,0.939187
7480,1000,0.10,900,3,35,1.4101,0.55,constant,80,1072.00,1.012540
7481,1000,0.10,900,3,35,1.4218,0.55,constant,81,1064.00,2.991167
7482,1000,0.10,900,3,35,1.3915,0.55,constant,82,1018.00,0.729533
7483,1000,0.10,900,3,35,1.3412,0.55,constant,83,1022.00,0.731460
7484,1000,0.10,900,3,35,1.3333,0.55,constant,84,1045.00,2.262193
7485,1000,0.10,900,3,35,1.3762,0.55,constant,85,1036.00,0.549492
7486,1000,0.10,900,3,35,1.3452,0.55,constant,86,1057.00,2.381476
7487,1000,0.10,900,3,35,1.4177,0.55,constant,87,1035.00,0.838430
7488,1000,0.10,900,3,35,1.3920,0.55,constant,88,1021.00,0.498634
7489,1000,0.10,900,3,35,1.4215,0.55,constant,89,1031.00,0.507609
7490,1000,0.10,900,3,35,1.3702,0.55,constant,90,994.00,0.940354
7491,1000,0.10,900,3,35,1.3835,0.55,constant,91,1073.00,2.067517
7492,1000,0.10,900,3,35,1.4621,0.55,constant,92,1092.00,0.651914
7493,1000,0.10,900,3,35,1.3915,0.55,constant,93,1067.00,1.514915
7494,1000,0.10,900,3,35,1.3842,0.55,constant,94,1059.00,1.072832
7495,1000,0.10,900,3,35,1.3470,0.55,constant,95,1049.00,0.611476
7496,1000,0.10,900,3,35,1.3494,0.55,constant,96,1091.00,0.743569
7497,1000,0.10,900,3,35,1.3643,0.55,constant,97,1013.00,2.318851
7498,1000,0.10,900,3,35,1.3493,0.55,constant,98,1068.00,0.803205
7499,1000,0.10,900,3,35,1.3640,0.55,constant,99,996.00,1.272257
7500,1000,0.10,900,3,35,1.3823,0.60,constant,0,1027.00,0.835029
7501,1000,0.10,900,3,35,1.3506,0.60,constant,1,1034.00,1.082564
7502,1000,0.10,900,3,35,1.3876,0.60,constant,2,1039.00,0.900725
7503,1000,0.10,900,3,35,1.4190,0.60,constant,3,1096.00,0.933982
7504,1000,0.10,900,3,35,1.3340,0.60,constant,4,1055.00,0.795010
7505,1000,0.10,900,3,35,1.4024,0.60,constant,5,1013.00,0.766068
7506,1000,0.10,900,3,35,1.3937,0.60,constant,6,1066.00,1.702535
7507,1000,0.10,900,3,35,1.3682,0.60,constant,7,1057.00,0.801089
7508,1000,0.10,900,3,35,1.3298,0.60,constant,8,1059.00,2.232778
7509,1000,0.10,900,3,35,1.3724,0.60,constant,9,1057.00,0.743861
7510,1000,0.10,900,3,35,1.3828,0.60,constant,10,1029.00,1.076573
7511,1000,0.10,900,3,35,1.3528,0.60,constant,11,1015.00,0.890877
7512,1000,0.10,900,3,35,1.4067,0.60,constant,12,1095.00,0.895796
7513,1000,0.10,900,3,35,1.3394,0.60,constant,13,998.00,1.871447
7514,1000,0.10,900,3,35,1.3815,0.60,constant,14,1041.00,3.197134
7515,1000,0.10,900,3,35,1.3648,0.60,constant,15,1050.00,1.307277
7516,1000,0.10,900,3,35,1.3244,0.60,constant,16,1055.00,2.012241
7517,1000,0.10,900,3,35,1.4109,0.60,constant,17,1052.00,0.989444
7518,1000,0.10,900,3,35,1.3840,0.60,constant,18,1044.00,1.556282
7519,1000,0.10,900,3,35,1.3783,0.60,constant,19,1018.00,0.828412
7520,1000,0.10,900,3,35,1.3656,0.60,constant,20,1025.00,0.537447
7521,1000,0.10,900,3,35,1.4373,0.60,constant,21,1029.00,0.819249
7522,1000,0.10,900,3,35,1.3896,0.60,constant,22,1055.00,1.691019
7523,1000,0.10,900,3,35,1.3980,0.60,constant,23,1029.00,1.298524
7524,1000,0.10,900,3,35,1.3871,0.60,constant,24,1061.00,0.526454
7525,1000,0.10,900,3,35,1.3811,0.60,constant,25,1036.00,1.786189
7526,1000,0.10,900,3,35,1.3579,0.60,constant,26,1031.00,0.620316
7527,1000,0.10,900,3,35,1.3277,0.60,constant,27,1066.00,0.779867
7528,1000,0.10,900,3,35,1.3598,0.60,constant,28,993.00,0.701375
7529,1000,0.10,900,3,35,1.3509,0.60,constant,29,1075.00,2.506394
7530,1000,0.10,900,3,35,1.3480,0.60,constant,30,993.00,1.206423
7531,1000,0.10,900,3,35,1.3699,0.60,constant,31,1030.00,0.889630
7532,1000,0.10,900,3,35,1.3913,0.60,constant,32,1044.00,1.071831
7533,1000,0.10,900,3,35,1.3668,0.60,constant,33,1070.00,2.103162
7534,1000,0.10,900,3,35,1.3516,0.60,constant,34,1009.00,1.757404
7535,1000,0.10,900,3,35,1.3578,0.60,constant,35,1024.00,0.650315
7536,1000,0.10,900,3,35,1.3694,0.60,constant,36,1050.00,0.998717
7537,1000,0.10,900,3,35,1.3919,0.60,constant,37,1018.00,1.241302
7538,1000,0.10,900,3,35,1.3747,0.60,constant,38,1048.00,2.353417
7539,1000,0.10,900,3,35,1.3522,0.60,constant,39,1038.00,1.411794
7540,1000,0.10,900,3,35,1.3478,0.60,constant,40,1066.00,0.868427
7541,1000,0.10,900,3,35,1.3846,0.60,constant,41,1036.00,0.931017
7542,1000,0.10,900,3,35,1.4135,0.60,constant,42,1062.00,1.180971
7543,1000,0.10,900,3,35,1.3690,0.60,constant,43,1058.00,1.297795
7544,1000,0.10,900,3,35,1.4331,0.60,constant,44,1077.00,0.520946
7545,1000,0.10,900,3,35,1.3532,0.60,constant,45,1049.00,0.603337
7546,1000,0.10,900,3,35,1.3785,0.60,constant,46,1073.00,0.691580
7547,1000,0.10,900,3,35,1.3916,0.60,constant,47,1030.00,1.031220
7548,1000,0.10,900,3,35,1.3801,0.60,constant,48,992.00,0.601726
7549,1000,0.10,900,3,35,1.3996,0.60,constant,49,1050.00,0.943856
7550,1000,0.10,900,3,35,1.3703,0.60,constant,50,1058.00,4.501881
7551,1000,0.10,900,3,35,1.3918,0.60,constant,51,1051.00,1.142302
7552,1000,0.10,900,3,35,1.4262,0.60,constant,52,1067.00,0.673863
7553,1000,0.10,900,3,35,1.3873,0.60,constant,53,1054.00,0.927033
7554,1000,0.10,900,3,35,1.3839,0.60,constant,54,1048.00,1.178538
7555,1000,0.10,900,3,35,1.3701,0.60,constant,55,1074.00,3.539746
7556,1000,0.10,900,3,35,1.3917,0.60,constant,56,1049.00,0.602875
7557,1000,0.10,900,3,35,1.3675,0.60,constant,57,1032.00,1.454878
7558,1000,0.10,900,3,35,1.3945,0.60,constant,58,1062.00,0.765244
7559,1000,0.10,900,3,35,1.3303,0.60,constant,59,1014.00,0.689047
7560,1000,0.10,900,3,35,1.3877,0.60,constant,60,1061.00,0.791638
7561,1000,0.10,900,3,35,1.4205,0.60,constant,61,1040.00,2.077144
7562,1000,0.10,900,3,35,1.3386,0.60,constant,62,1068.00,2.661530
7563,1000,0.10,900,3,35,1.3400,0.60,constant,63,1039.00,3.142262
7564,1000,0.10,900,3,35,1.3854,0.60,constant,64,1057.00,1.305645
7565,1000,0.10,900,3,35,1.3466,0.60,constant,65,1045.00,1.241804
7566,1000,0.10,900,3,35,1.3924,0.60,constant,66,1030.00,0.937931
7567,1000,0.10,900,3,35,1.3303,0.60,constant,67,1013.00,0.596526
7568,1000,0.10,900,3,35,1.3717,0.60,constant,68,1057.00,1.397956
7569,1000,0.10,900,3,35,1.3710,0.60,constant,69,1039.00,0.561369
7570,1000,0.10,900,3,35,1.3934,0.60,constant,70,1020.00,0.928272
7571,1000,0.10,900,3,35,1.3457,0.60,constant,71,1049.00,1.299051
7572,1000,0.10,900,3,35,1.3647,0.60,constant,72,1053.00,1.482438
7573,1000,0.10,900,3,35,1.3326,0.60,constant,73,1022.00,0.614512
7574,1000,0.10,900,3,35,1.3678,0.60,constant,74,1036.00,1.745346
7575,1000,0.10,900,3,35,1.3562,0.60,constant,75,1051.00,1.515750
7576,1000,0.10,900,3,35,1.3777,0.60,constant,76,1034.00,2.932800
7577,1000,0.10,900,3,35,1.3998,0.60,constant,77,1024.00,0.828472
7578,1000,0.10,900,3,35,1.3619,0.60,constant,78,1021.00,1.574945
7579,1000,0.10,900,3,35,1.3622,0.60,constant,79,1036.00,0.912407
7580,1000,0.10,900,3,35,1.3823,0.60,constant,80,1081.00,2.135488
7581,1000,0.10,900,3,35,1.3228,0.60,constant,81,1041.00,0.691405
7582,1000,0.10,900,3,35,1.3205,0.60,constant,82,1016.00,0.839301
7583,1000,0.10,900,3,35,1.3814,0.60,constant,83,1014.00,0.594441
7584,1000,0.10,900,3,35,1.3757,0.60,constant,84,1065.00,0.682429
7585,1000,0.10,900,3,35,1.3542,0.60,constant,85,1036.00,1.207745
7586,1000,0.10,900,3,35,1.3797,0.60,constant,86,1013.00,0.710567
7587,1000,0.10,900,3,35,1.3858,0.60,constant,87,1052.00,1.134241
7588,1000,0.10,900,3,35,1.3808,0.60,constant,88,1035.00,1.730310
7589,1000,0.10,900,3,35,1.3605,0.60,constant,89,1007.00,0.569571
7590,1000,0.10,900,3,35,1.3436,0.60,constant,90,1021.00,1.126407
7591,1000,0.10,900,3,35,1.3421,0.60,constant,91,1039.00,0.870525
7592,1000,0.10,900,3,35,1.3781,0.60,constant,92,1021.00,2.137262
7593,1000,0.10,900,3,35,1.3923,0.60,constant,93,1020.00,1.613796
7594,1000,0.10,900,3,35,1.3484,0.60,constant,94,1021.00,0.525910
7595,1000,0.10,900,3,35,1.4355,0.60,constant,95,1001.00,2.540497
7596,1000,0.10,900,3,35,1.3621,0.60,constant,96,1029.00,0.806320
7597,1000,0.10,900,3,35,1.3949,0.60,constant,97,1039.00,2.716712
7598,1000,0.10,900,3,35,1.3955,0.60,constant,98,1077.00,1.726702
7599,1000,0.10,900,3,35,1.4316,0.60,constant,99,1049.00,0.823495
7600,1000,0.10,900,3,35,1.3618,0.65,constant,0,991.00,1.298871
7601,1000,0.10,900,3,35,1.3587,0.65,constant,1,1027.00,3.945866
7602,1000,0.10,900,3,35,1.3508,0.65,constant,2,1037.00,1.468139
7603,1000,0.10,900,3,35,1.3593,0.65,constant,3,990.00,0.910082
7604,1000,0.10,900,3,35,1.3623,0.65,constant,4,968.00,1.452925
7605,1000,0.10,900,3,35,1.3593,0.65,constant,5,1000.00,1.038693
7606,1000,0.10,900,3,35,1.3863,0.65,constant,6,983.00,0.925648
7607,1000,0.10,900,3,35,1.3441,0.65,constant,7,1040.00,3.164743
7608,1000,0.10,900,3,35,1.3349,0.65,constant,8,1010.00,1.832730
7609,1000,0.10,900,3,35,1.3527,0.65,constant,9,1010.00,2.929433
7610,1000,0.10,900,3,35,1.3551,0.65,constant,10,1001.00,1.196998
7611,1000,0.10,900,3,35,1.3579,0.65,constant,11,1063.00,0.886175
7612,1000,0.10,900,3,35,1.3661,0.65,constant,12,1009.00,1.408569
7613,1000,0.10,900,3,35,1.3685,0.65,constant,13,1020.00,1.361008
7614,1000,0.10,900,3,35,1.3903,0.65,constant,14,1014.00,0.987146
7615,1000,0.10,900,3,35,1.2819,0.65,constant,15,1028.00,0.730698
7616,1000,0.10,900,3,35,1.3671,0.65,constant,16,1013.00,1.145952
7617,1000,0.10,900,3,35,1.3615,0.65,constant,17,1011.00,0.559660
7618,1000,0.10,900,3,35,1.3666,0.65,constant,18,1041.00,2.669956
7619,1000,0.10,900,3,35,1.3750,0.65,constant,19,1018.00,0.785505
7620,1000,0.10,900,3,35,1.3174,0.65,constant,20,1019.00,0.983905
7621,1000,0.10,900,3,35,1.3386,0.65,constant,21,988.00,2.085209
7622,1000,0.10,900,3,35,1.3496,0.65,constant,22,1082.00,0.854373
7623,1000,0.10,900,3,35,1.3580,0.65,constant,23,983.00,0.897518
7624,1000,0.10,900,3,35,1.3020,0.65,constant,24,965.00,1.429874
7625,1000,0.10,900,3,35,1.4056,0.65,constant,25,998.00,1.137100
7626,1000,0.10,900,3,35,1.3402,0.65,constant,26,1018.00,1.710099
7627,1000,0.10,900,3,35,1.3031,0.65,constant,27,987.00,0.653330
7628,1000,0.10,900,3,35,1.3994,0.65,constant,28,1003.00,0.721278
7629,1000,0.10,900,3,35,1.3598,0.65,constant,29,1046.00,1.279158
7630,1000,0.10,900,3,35,1.3813,0.65,constant,30,1027.00,1.667026
7631,1000,0.10,900,3,35,1.3531,0.65,constant,31,1033.00,0.831891
7632,1000,0.10,900,3,35,1.3817,0.65,constant,32,1039.00,2.390527
7633,1000,0.10,900,3,35,1.3632,0.65,constant,33,1011.00,1.830992
7634,1000,0.10,900,3,35,1.4177,0.65,constant,34,1021.00,1.080234
7635,1000,0.10,900,3,35,1.3599,0.65,constant,35,1024.00,1.241651
7636,1000,0.10,900,3,35,1.3306,0.65,constant,36,1014.00,1.807056
7637,1000,0.10,900,3,35,1.3566,0.65,constant,37,1031.00,0.845331
7638,1000,0.10,900,3,35,1.3579,0.65,constant,38,1021.00,1.177380
7639,1000,0.10,900,3,35,1.3618,0.65,constant,39,1057.00,0.894552
7640,1000,0.10,900,3,35,1.3873,0.65,constant,40,1023.00,0.628378
7641,1000,0.10,900,3,35,1.3473,0.65,constant,41,1417.00,0.924112
7642,1000,0.10,900,3,35,1.3342,0.65,constant,42,1013.00,1.287874
7643,1000,0.10,900,3,35,1.3461,0.65,constant,43,1028.00,0.778667
7644,1000,0.10,900,3,35,1.3626,0.65,constant,44,1038.00,0.791253
7645,1000,0.10,900,3,35,1.3128,0.65,constant,45,1024.00,1.897131
7646,1000,0.10,900,3,35,1.3481,0.65,constant,46,1020.00,0.765985
7647,1000,0.10,900,3,35,1.4064,0.65,constant,47,1022.00,0.682131
7648,1000,0.10,900,3,35,1.2985,0.65,constant,48,1027.00,1.623355
7649,1000,0.10,900,3,35,1.3673,0.65,constant,49,1051.00,2.628648
7650,1000,0.10,900,3,35,1.3594,0.65,constant,50,997.00,1.488412
7651,1000,0.10,900,3,35,1.3674,0.65,constant,51,1011.00,0.635486
7652,1000,0.10,900,3,35,1.3564,0.65,constant,52,984.00,1.009273
7653,1000,0.10,900,3,35,1.3828,0.65,constant,53,1049.00,1.165473
7654,1000,0.10,900,3,35,1.3825,0.65,constant,54,1031.00,1.319282
7655,1000,0.10,900,3,35,1.3831,0.65,constant,55,1065.00,0.825377
7656,1000,0.10,900,3,35,1.3313,0.65,constant,56,1006.00,1.560188
7657,1000,0.10,900,3,35,1.3804,0.65,constant,57,1016.00,1.169522
7658,1000,0.10,900,3,35,1.2882,0.65,constant,58,1030.00,1.573593
7659,1000,0.10,900,3,35,1.3423,0.65,constant,59,1030.00,3.329989
7660,1000,0.10,900,3,35,1.2964,0.65,constant,60,993.00,2.767692
7661,1000,0.10,900,3,35,1.4147,0.65,constant,61,1039.00,0.740535
7662,1000,0.10,900,3,35,1.3389,0.65,constant,62,1042.00,0.863142
7663,1000,0.10,900,3,35,1.3815,0.65,constant,63,1014.00,0.940537
7664,1000,0.10,900,3,35,1.4046,0.65,constant,64,949.00,3.684698
7665,1000,0.10,900,3,35,1.3659,0.65,constant,65,1048.00,2.425206
7666,1000,0.10,900,3,35,1.4300,0.65,constant,66,981.00,1.490387
7667,1000,0.10,900,3,35,1.3294,0.65,constant,67,1009.00,1.643732
7668,1000,0.10,900,3,35,1.3644,0.65,constant,68,1042.00,2.796806
7669,1000,0.10,900,3,35,1.3751,0.65,constant,69,995.00,1.611443
7670,1000,0.10,900,3,35,1.3548,0.65,constant,70,1022.00,2.933027
7671,1000,0.10,900,3,35,1.3081,0.65,constant,71,1033.00,3.452942
7672,1000,0.10,900,3,35,1.3135,0.65,constant,72,1033.00,2.326169
7673,1000,0.10,900,3,35,1.3575,0.65,constant,73,1000.00,1.955790
7674,1000,0.10,900,3,35,1.3705,0.65,constant,74,1009.00,0.647687
7675,1000,0.10,900,3,35,1.3767,0.65,constant,75,1019.00,0.721118
7676,1000,0.10,900,3,35,1.3807,0.65,constant,76,981.00,1.462066
7677,1000,0.10,900,3,35,1.3593,0.65,constant,77,1044.00,0.976121
7678,1000,0.10,900,3,35,1.3441,0.65,constant,78,1048.00,2.488433
7679,1000,0.10,900,3,35,1.4218,0.65,constant,79,998.00,1.350185
7680,1000,0.10,900,3,35,1.2843,0.65,constant,80,1025.00,1.969150
7681,1000,0.10,900,3,35,1.3379,0.65,constant,81,1042.00,2.435753
7682,1000,0.10,900,3,35,1.3208,0.65,constant,82,1020.00,1.565488
7683,1000,0.10,900,3,35,1.3577,0.65,constant,83,996.00,1.344117
7684,1000,0.10,900,3,35,1.3439,0.65,constant,84,1063.00,2.222991
7685,1000,0.10,900,3,35,1.4317,0.65,constant,85,1055.00,0.856640
7686,1000,0.10,900,3,35,1.3405,0.65,constant,86,1033.00,0.845746
7687,1000,0.10,900,3,35,1.3761,0.65,constant,87,974.00,1.165292
7688,1000,0.10,900,3,35,1.3485,0.65,constant,88,994.00,1.380025
7689,1000,0.10,900,3,35,1.3452,0.65,constant,89,1081.00,1.372041
7690,1000,0.10,900,3,35,1.3494,0.65,constant,90,1026.00,1.464461
7691,1000,0.10,900,3,35,1.3674,0.65,constant,91,1045.00,1.801972
7692,1000,0.10,900,3,35,1.3254,0.65,constant,92,1073.00,1.181887
7693,1000,0.10,900,3,35,1.3293,0.65,constant,93,1031.00,0.726015
7694,1000,0.10,900,3,35,1.3610,0.65,constant,94,1014.00,1.085213
7695,1000,0.10,900,3,35,1.3193,0.65,constant,95,1047.00,1.832201
7696,1000,0.10,900,3,35,1.3664,0.65,constant,96,1062.00,3.334368
7697,1000,0.10,900,3,35,1.3271,0.65,constant,97,1011.00,0.743954
7698,1000,0.10,900,3,35,1.3241,0.65,constant,98,1014.00,0.667566
7699,1000,0.10,900,3,35,1.4011,0.65,constant,99,1047.00,2.095520
7700,1000,0.10,900,3,35,1.3251,0.70,constant,0,1052.00,1.199569
7701,1000,0.10,900,3,35,1.3617,0.70,constant,1,1017.00,1.142505
7702,1000,0.10,900,3,35,1.3463,0.70,constant,2,1070.00,0.957049
7703,1000,0.10,900,3,35,1.2638,0.70,constant,3,1062.00,0.835767
7704,1000,0.10,900,3,35,1.3512,0.70,constant,4,1054.00,0.840546
7705,1000,0.10,900,3,35,1.3564,0.70,constant,5,987.00,2.139174
7706,1000,0.10,900,3,35,1.3483,0.70,constant,6,1019.00,0.739904
7707,1000,0.10,900,3,35,1.3315,0.70,constant,7,994.00,0.833053
7708,1000,0.10,900,3,35,1.3772,0.70,constant,8,1040.00,1.320735
7709,1000,0.10,900,3,35,1.3153,0.70,constant,9,993.00,0.963013
7710,1000,0.10,900,3,35,1.3394,0.70,constant,10,1032.00,1.127588
7711,1000,0.10,900,3,35,1.3146,0.70,constant,11,1030.00,1.679792
7712,1000,0.10,900,3,35,1.4012,0.70,constant,12,1036.00,1.040653
7713,1000,0.10,900,3,35,1.3412,0.70,constant,13,1008.00,1.829722
7714,1000,0.10,900,3,35,1.3496,0.70,constant,14,992.00,1.882303
7715,1000,0.10,900,3,35,1.3163,0.70,constant,15,1018.00,1.160120
7716,1000,0.10,900,3,35,1.2917,0.70,constant,16,1021.00,0.756277
7717,1000,0.10,900,3,35,1.3580,0.70,constant,17,1034.00,0.752079
7718,1000,0.10,900,3,35,1.3644,0.70,constant,18,1004.00,0.700867
7719,1000,0.10,900,3,35,1.3806,0.70,constant,19,979.00,1.737502
7720,1000,0.10,900,3,35,1.3764,0.70,constant,20,1039.00,0.722280
7721,1000,0.10,900,3,35,1.3236,0.70,constant,21,1035.00,3.103588
7722,1000,0.10,900,3,35,1.3654,0.70,constant,22,982.00,0.731876
7723,1000,0.10,900,3,35,1.3530,0.70,constant,23,1023.00,1.250232
7724,1000,0.10,900,3,35,1.3157,0.70,constant,24,1002.00,0.915494
7725,1000,0.10,900,3,35,1.3510,0.70,constant,25,1043.00,2.697431
7726,1000,0.10,900,3,35,1.3681,0.70,constant,26,1021.00,1.019977
7727,1000,0.10,900,3,35,1.3788,0.70,constant,27,1013.00,0.858014
7728,1000,0.10,900,3,35,1.2950,0.70,constant,28,1025.00,1.520994
7729,1000,0.10,900,3,35,1.4098,0.70,constant,29,960.00,1.538144
7730,1000,0.10,900,3,35,1.3618,0.70,constant,30,988.00,1.077196
7731,1000,0.10,900,3,35,1.3424,0.70,constant,31,1052.00,1.642947
7732,1000,0.10,900,3,35,1.3579,0.70,constant,32,997.00,0.934642
7733,1000,0.10,900,3,35,1.3107,0.70,constant,33,975.00,0.853767
7734,1000,0.10,900,3,35,1.4041,0.70,constant,34,995.00,1.756397
7735,1000,0.10,900,3,35,1.3028,0.70,constant,35,1011.00,1.211513
7736,1000,0.10,900,3,35,1.3508,0.70,constant,36,1025.00,1.904166
7737,1000,0.10,900,3,35,1.2870,0.70,constant,37,1008.00,2.953424
7738,1000,0.10,900,3,35,1.3142,0.70,constant,38,1032.00,0.865093
7739,1000,0.10,900,3,35,1.3256,0.70,constant,39,1029.00,1.405151
7740,1000,0.10,900,3,35,1.3342,0.70,constant,40,997.00,0.856212
7741,1000,0.10,900,3,35,1.3236,0.70,constant,41,995.00,1.740440
7742,1000,0.10,900,3,35,1.3758,0.70,constant,42,970.00,0.937229
7743,1000,0.10,900,3,35,1.3228,0.70,constant,43,1038.00,1.411496
7744,1000,0.10,900,3,35,1.3363,0.70,constant,44,1009.00,3.141623
7745,1000,0.10,900,3,35,1.3204,0.70,constant,45,1042.00,0.910884
7746,1000,0.10,900,3,35,1.3385,0.70,constant,46,1026.00,0.953480
7747,1000,0.10,900,3,35,1.3285,0.70,constant,47,1029.00,2.261632
7748,1000,0.10,900,3,35,1.3323,0.70,constant,48,1098.00,0.920245
7749,1000,0.10,900,3,35,1.3626,0.70,constant,49,1067.00,1.817724
7750,1000,0.10,900,3,35,1.3433,0.70,constant,50,1022.00,1.081573
7751,1000,0.10,900,3,35,1.3422,0.70,constant,51,1050.00,2.904849
7752,1000,0.10,900,3,35,1.3291,0.70,constant,52,1027.00,0.840558
7753,1000,0.10,900,3,35,1.3748,0.70,constant,53,1065.00,3.129387
7754,1000,0.10,900,3,35,1.3213,0.70,constant,54,1111.00,0.967747
7755,1000,0.10,900,3,35,1.2907,0.70,constant,55,1031.00,1.092880
7756,1000,0.10,900,3,35,1.3815,0.70,constant,56,1056.00,2.095162
7757,1000,0.10,900,3,35,1.3790,0.70,constant,57,1064.00,1.120578
7758,1000,0.10,900,3,35,1.3562,0.70,constant,58,1042.00,0.830642
7759,1000,0.10,900,3,35,1.3559,0.70,constant,59,1047.00,3.639304
7760,1000,0.10,900,3,35,1.3334,0.70,constant,60,1057.00,0.745490
7761,1000,0.10,900,3,35,1.3935,0.70,constant,61,1033.00,1.943566
7762,1000,0.10,900,3,35,1.2863,0.70,constant,62,1011.00,0.697801
7763,1000,0.10,900,3,35,1.2897,0.70,constant,63,1059.00,0.975787
7764,1000,0.10,900,3,35,1.3489,0.70,constant,64,1068.00,1.913122
7765,1000,0.10,900,3,35,1.3772,0.70,constant,65,1099.00,1.077844
7766,1000,0.10,900,3,35,1.3429,0.70,constant,66,1071.00,0.699686
7767,1000,0.10,900,3,35,1.4095,0.70,constant,67,1063.00,0.764759
7768,1000,0.10,900,3,35,1.3745,0.70,constant,68,1087.00,1.900650
7769,1000,0.10,900,3,35,1.2733,0.70,constant,69,1066.00,2.134044
7770,1000,0.10,900,3,35,1.3558,0.70,constant,70,1093.00,0.867526
7771,1000,0.10,900,3,35,1.3273,0.70,constant,71,1036.00,1.477205
7772,1000,0.10,900,3,35,1.3463,0.70,constant,72,988.00,0.781724
7773,1000,0.10,900,3,35,1.3680,0.70,constant,73,1027.00,0.965270
7774,1000,0.10,900,3,35,1.3810,0.70,constant,74,1039.00,1.106996
7775,1000,0.10,900,3,35,1.3588,0.70,constant,75,1053.00,0.671071
7776,1000,0.10,900,3,35,1.2885,0.70,constant,76,1015.00,0.751172
7777,1000,0.10,900,3,35,1.3213,0.70,constant,77,1040.00,0.929176
7778,1000,0.10,900,3,35,1.3218,0.70,constant,78,1060.00,2.140171
7779,1000,0.10,900,3,35,1.3444,0.70,constant,79,1036.00,0.852679
7780,1000,0.10,900,3,35,1.3569,0.70,constant,80,983.00,0.870222
7781,1000,0.10,900,3,35,1.3636,0.70,constant,81,1042.00,4.199772
7782,1000,0.10,900,3,35,1.3820,0.70,constant,82,1020.00,1.477703
7783,1000,0.10,900,3,35,1.3710,0.70,constant,83,1011.00,0.716504
7784,1000,0.10,900,3,35,1.3265,0.70,constant,84,998.00,1.382854
7785,1000,0.10,900,3,35,1.3151,0.70,constant,85,1010.00,0.838386
7786,1000,0.10,900,3,35,1.3391,0.70,constant,86,1043.00,0.774751
7787,1000,0.10,900,3,35,1.3629,0.70,constant,87,1024.00,1.469467
7788,1000,0.10,900,3,35,1.3399,0.70,constant,88,1022.00,3.076034
7789,1000,0.10,900,3,35,1.3130,0.70,constant,89,1101.00,0.804956
7790,1000,0.10,900,3,35,1.3620,0.70,constant,90,1009.00,2.130866
7791,1000,0.10,900,3,35,1.2988,0.70,constant,91,1106.00,0.900187
7792,1000,0.10,900,3,35,1.3033,0.70,constant,92,1007.00,0.754395
7793,1000,0.10,900,3,35,1.3357,0.70,constant,93,1014.00,0.922257
7794,1000,0.10,900,3,35,1.3060,0.70,constant,94,1080.00,1.543739
7795,1000,0.10,900,3,35,1.3677,0.70,constant,95,1040.00,0.992000
7796,1000,0.10,900,3,35,1.3621,0.70,constant,96,1049.00,2.099570
7797,1000,0.10,900,3,35,1.3426,0.70,constant,97,991.00,1.131852
7798,1000,0.10,900,3,35,1.3390,0.70,constant,98,1022.00,2.140136
7799,1000,0.10,900,3,35,1.3789,0.70,constant,99,1032.00,1.878313
7800,1000,0.10,900,3,35,1.3012,0.75,constant,0,1024.00,1.790755
7801,1000,0.10,900,3,35,1.3308,0.75,constant,1,1011.00,2.306742
7802,1000,0.10,900,3,35,1.2940,0.75,constant,2,1066.00,1.348003
7803,1000,0.10,900,3,35,1.2735,0.75,constant,3,991.00,0.773459
7804,1000,0.10,900,3,35,1.2919,0.75,constant,4,1004.00,2.923607
7805,1000,0.10,900,3,35,1.3337,0.75,constant,5,989.00,1.955446
7806,1000,0.10,900,3,35,1.3332,0.75,constant,6,1044.00,0.769000
7807,1000,0.10,900,3,35,1.3303,0.75,constant,7,1025.00,2.208365
7808,1000,0.10,900,3,35,1.3583,0.75,constant,8,984.00,0.698093
7809,1000,0.10,900,3,35,1.3316,0.75,constant,9,1059.00,1.340595
7810,1000,0.10,900,3,35,1.2869,0.75,constant,10,1017.00,1.367889
7811,1000,0.10,900,3,35,1.3256,0.75,constant,11,1069.00,1.060208
7812,1000,0.10,900,3,35,1.3164,0.75,constant,12,1051.00,0.903795
7813,1000,0.10,900,3,35,1.3437,0.75,constant,13,1046.00,0.747735
7814,1000,0.10,900,3,35,1.2824,0.75,constant,14,1023.00,1.823216
7815,1000,0.10,900,3,35,1.3000,0.75,constant,15,1038.00,1.291862
7816,1000,0.10,900,3,35,1.2945,0.75,constant,16,1077.00,1.152569
7817,1000,0.10,900,3,35,1.3048,0.75,constant,17,1040.00,1.765710
7818,1000,0.10,900,3,35,1.3442,0.75,constant,18,983.00,4.163681
7819,1000,0.10,900,3,35,1.3477,0.75,constant,19,1034.00,1.439115
7820,1000,0.10,900,3,35,1.3110,0.75,constant,20,997.00,1.431849
7821,1000,0.10,900,3,35,1.3539,0.75,constant,21,1055.00,0.806227
7822,1000,0.10,900,3,35,1.3617,0.75,constant,22,1022.00,1.696570
7823,1000,0.10,900,3,35,1.3057,0.75,constant,23,1018.00,2.105803
7824,1000,0.10,900,3,35,1.3126,0.75,constant,24,999.00,0.963040
7825,1000,0.10,900,3,35,1.3301,0.75,constant,25,994.00,0.751567
7826,1000,0.10,900,3,35,1.3858,0.75,constant,26,1042.00,0.709435
7827,1000,0.10,900,3,35,1.3653,0.75,constant,27,1029.00,1.533576
7828,1000,0.10,900,3,35,1.2843,0.75,constant,28,1032.00,1.064368
7829,1000,0.10,900,3,35,1.3078,0.75,constant,29,1057.00,1.451015
7830,1000,0.10,900,3,35,1.3487,0.75,constant,30,1007.00,0.989900
7831,1000,0.10,900,3,35,1.3195,0.75,constant,31,1032.00,0.797988
7832,1000,0.10,900,3,35,1.3287,0.75,constant,32,1016.00,0.909324
7833,1000,0.10,900,3,35,1.3154,0.75,constant,33,1007.00,0.877586
7834,1000,0.10,900,3,35,1.3601,0.75,constant,34,1071.00,1.140298
7835,1000,0.10,900,3,35,1.3334,0.75,constant,35,1020.00,1.128378
7836,1000,0.10,900,3,35,1.3671,0.75,constant,36,1036.00,1.070527
7837,1000,0.10,900,3,35,1.3227,0.75,constant,37,1091.00,1.642596
7838,1000,0.10,900,3,35,1.3309,0.75,constant,38,1025.00,0.925606
7839,1000,0.10,900,3,35,1.3487,0.75,constant,39,1062.00,1.214284
7840,1000,0.10,900,3,35,1.3417,0.75,constant,40,1046.00,1.382724
7841,1000,0.10,900,3,35,1.3162,0.75,constant,41,1059.00,0.755763
7842,1000,0.10,900,3,35,1.3100,0.75,constant,42,1040.00,1.886263
7843,1000,0.10,900,3,35,1.3152,0.75,constant,43,1011.00,0.844976
7844,1000,0.10,900,3,35,1.4083,0.75,constant,44,1059.00,2.474454
7845,1000,0.10,900,3,35,1.3886,0.75,constant,45,1030.00,2.291834
7846,1000,0.10,900,3,35,1.2866,0.75,constant,46,1002.00,0.784806
7847,1000,0.10,900,3,35,1.3065,0.75,constant,47,1051.00,1.573814
7848,1000,0.10,900,3,35,1.3321,0.75,constant,48,1028.00,0.922948
7849,1000,0.10,900,3,35,1.3664,0.75,constant,49,1003.00,1.047081
7850,1000,0.10,900,3,35,1.3506,0.75,constant,50,1045.00,0.998683
7851,1000,0.10,900,3,35,1.3347,0.75,constant,51,1039.00,1.629149
7852,1000,0.10,900,3,35,1.2939,0.75,constant,52,1012.00,1.836664
7853,1000,0.10,900,3,35,1.3848,0.75,constant,53,1056.00,1.056262
7854,1000,0.10,900,3,35,1.3309,0.75,constant,54,1047.00,0.815830
7855,1000,0.10,900,3,35,1.3256,0.75,constant,55,1061.00,1.211267
7856,1000,0.10,900,3,35,1.3279,0.75,constant,56,1009.00,0.882142
7857,1000,0.10,900,3,35,1.3227,0.75,constant,57,1050.00,0.969264
7858,1000,0.10,900,3,35,1.3062,0.75,constant,58,1031.00,0.941312
7859,1000,0.10,900,3,35,1.3088,0.75,constant,59,1037.00,1.344324
7860,1000,0.10,900,3,35,1.3803,0.75,constant,60,1025.00,0.897971
7861,1000,0.10,900,3,35,1.3035,0.75,constant,61,1040.00,1.307666
7862,1000,0.10,900,3,35,1.3701,0.75,constant,62,1054.00,1.045489
7863,1000,0.10,900,3,35,1.3524,0.75,constant,63,1029.00,2.713215
7864,1000,0.10,900,3,35,1.3148,0.75,constant,64,1013.00,2.460021
7865,1000,0.10,900,3,35,1.3178,0.75,constant,65,1008.00,0.837382
7866,1000,0.10,900,3,35,1.2593,0.75,constant,66,1016.00,0.776522
7867,1000,0.10,900,3,35,1.3290,0.75,constant,67,1023.00,3.489307
7868,1000,0.10,900,3,35,1.2833,0.75,constant,68,1016.00,2.879108
7869,1000,0.10,900,3,35,1.3619,0.75,constant,69,1075.00,0.843676
7870,1000,0.10,900,3,35,1.3023,0.75,constant,70,1047.00,1.323355
7871,1000,0.10,900,3,35,1.3542,0.75,constant,71,1008.00,1.164461
7872,1000,0.10,900,3,35,1.3226,0.75,constant,72,1062.00,1.374057
7873,1000,0.10,900,3,35,1.3461,0.75,constant,73,1034.00,1.509268
7874,1000,0.10,900,3,35,1.4006,0.75,constant,74,999.00,0.856708
7875,1000,0.10,900,3,35,1.3013,0.75,constant,75,1061.00,1.617399
7876,1000,0.10,900,3,35,1.2709,0.75,constant,76,991.00,0.843986
7877,1000,0.10,900,3,35,1.3339,0.75,constant,77,1062.00,1.339410
7878,1000,0.10,900,3,35,1.2707,0.75,constant,78,1037.00,1.873630
7879,1000,0.10,900,3,35,1.3265,0.75,constant,79,1062.00,1.733890
7880,1000,0.10,900,3,35,1.2983,0.75,constant,80,986.00,1.035798
7881,1000,0.10,900,3,35,1.2950,0.75,constant,81,1056.00,1.155007
7882,1000,0.10,900,3,35,1.2980,0.75,constant,82,1053.00,1.124614
7883,1000,0.10,900,3,35,1.2425,0.75,constant,83,1057.00,2.408166
7884,1000,0.10,900,3,35,1.3048,0.75,constant,84,1054.00,0.713979
7885,1000,0.10,900,3,35,1.3400,0.75,constant,85,1029.00,1.061706
7886,1000,0.10,900,3,35,1.4107,0.75,constant,86,1048.00,1.149912
7887,1000,0.10,900,3,35,1.3240,0.75,constant,87,1071.00,1.146966
7888,1000,0.10,900,3,35,1.3160,0.75,constant,88,1020.00,2.012843
7889,1000,0.10,900,3,35,1.2995,0.75,constant,89,1075.00,1.340727
7890,1000,0.10,900,3,35,1.3158,0.75,constant,90,1073.00,2.008522
7891,1000,0.10,900,3,35,1.3625,0.75,constant,91,1027.00,1.498045
7892,1000,0.10,900,3,35,1.3089,0.75,constant,92,1033.00,1.646840
7893,1000,0.10,900,3,35,1.3371,0.75,constant,93,1010.00,1.075559
7894,1000,0.10,900,3,35,1.3547,0.75,constant,94,988.00,1.117697
7895,1000,0.10,900,3,35,1.3616,0.75,constant,95,1046.00,1.624682
7896,1000,0.10,900,3,35,1.3206,0.75,constant,96,1100.00,0.999464
7897,1000,0.10,900,3,35,1.3411,0.75,constant,97,1042.00,1.271094
7898,1000,0.10,900,3,35,1.2933,0.75,constant,98,1023.00,1.710348
7899,1000,0.10,900,3,35,1.2801,0.75,constant,99,1062.00,1.879118
7900,1000,0.10,900,3,35,1.2744,0.80,constant,0,1028.00,1.675496
7901,1000,0.10,900,3,35,1.2981,0.80,constant,1,1044.00,0.904032
7902,1000,0.10,900,3,35,1.2724,0.80,constant,2,996.00,1.113926
7903,1000,0.10,900,3,35,1.2994,0.80,constant,3,1034.00,0.908400
7904,1000,0.10,900,3,35,1.2793,0.80,constant,4,1068.00,1.360096
7905,1000,0.10,900,3,35,1.2554,0.80,constant,5,1045.00,0.950519
7906,1000,0.10,900,3,35,1.3164,0.80,constant,6,1018.00,0.805714
7907,1000,0.10,900,3,35,1.2660,0.80,constant,7,1033.00,0.901067
7908,1000,0.10,900,3,35,1.3035,0.80,constant,8,1019.00,0.866614
7909,1000,0.10,900,3,35,1.2463,0.80,constant,9,1040.00,0.823155
7910,1000,0.10,900,3,35,1.2441,0.80,constant,10,1028.00,1.241863
7911,1000,0.10,900,3,35,1.3174,0.80,constant,11,1032.00,1.328171
7912,1000,0.10,900,3,35,1.3357,0.80,constant,12,1068.00,1.023196
7913,1000,0.10,900,3,35,1.3060,0.80,constant,13,1013.00,1.767516
7914,1000,0.10,900,3,35,1.2757,0.80,constant,14,1026.00,2.236907
7915,1000,0.10,900,3,35,1.2796,0.80,constant,15,1017.00,1.003294
7916,1000,0.10,900,3,35,1.2532,0.80,constant,16,1017.00,0.992062
7917,1000,0.10,900,3,35,1.3263,0.80,constant,17,1022.00,2.251067
7918,1000,0.10,900,3,35,1.3456,0.80,constant,18,1046.00,0.728014
7919,1000,0.10,900,3,35,1.3021,0.80,constant,19,1046.00,0.815136
7920,1000,0.10,900,3,35,1.3218,0.80,constant,20,1077.00,0.842702
7921,1000,0.10,900,3,35,1.2714,0.80,constant,21,1014.00,1.673097
7922,1000,0.10,900,3,35,1.2418,0.80,constant,22,1065.00,1.500177
7923,1000,0.10,900,3,35,1.3014,0.80,constant,23,1047.00,1.115384
7924,1000,0.10,900,3,35,1.3253,0.80,constant,24,1031.00,1.085733
7925,1000,0.10,900,3,35,1.2613,0.80,constant,25,1017.00,0.990680
7926,1000,0.10,900,3,35,1.2956,0.80,constant,26,1001.00,1.539416
7927,1000,0.10,900,3,35,1.3241,0.80,constant,27,994.00,0.990001
7928,1000,0.10,900,3,35,1.2596,0.80,constant,28,1032.00,0.908488
7929,1000,0.10,900,3,35,1.2973,0.80,constant,29,1060.00,1.141526
7930,1000,0.10,900,3,35,1.2974,0.80,constant,30,994.00,0.798329
7931,1000,0.10,900,3,35,1.2803,0.80,constant,31,1028.00,1.199300
7932,1000,0.10,900,3,35,1.2825,0.80,constant,32,1010.00,0.868485
7933,1000,0.10,900,3,35,1.3016,0.80,constant,33,1039.00,2.661534
7934,1000,0.10,900,3,35,1.2995,0.80,constant,34,1017.00,1.814920
7935,1000,0.10,900,3,35,1.3306,0.80,constant,35,1004.00,5.147093
7936,1000,0.10,900,3,35,1.2725,0.80,constant,36,1000.00,0.970212
7937,1000,0.10,900,3,35,1.2723,0.80,constant,37,1055.00,0.780660
7938,1000,0.10,900,3,35,1.2920,0.80,constant,38,1017.00,1.141278
7939,1000,0.10,900,3,35,1.2916,0.80,constant,39,1017.00,1.188352
7940,1000,0.10,900,3,35,1.2848,0.80,constant,40,1005.00,1.060170
7941,1000,0.10,900,3,35,1.2750,0.80,constant,41,1052.00,1.137845
7942,1000,0.10,900,3,35,1.2644,0.80,constant,42,1025.00,0.789275
7943,1000,0.10,900,3,35,1.2871,0.80,constant,43,1027.00,1.983087
7944,1000,0.10,900,3,35,1.3057,0.80,constant,44,1025.00,1.400035
7945,1000,0.10,900,3,35,1.2617,0.80,constant,45,1072.00,1.522484
7946,1000,0.10,900,3,35,1.2934,0.80,constant,46,1048.00,1.022145
7947,1000,0.10,900,3,35,1.3227,0.80,constant,47,1030.00,1.411515
7948,1000,0.10,900,3,35,1.2685,0.80,constant,48,1071.00,0.902293
7949,1000,0.10,900,3,35,1.2691,0.80,constant,49,1045.00,0.921885
7950,1000,0.10,900,3,35,1.2526,0.80,constant,50,1037.00,0.958557
7951,1000,0.10,900,3,35,1.2488,0.80,constant,51,1051.00,1.188634
7952,1000,0.10,900,3,35,1.2719,0.80,constant,52,1005.00,0.905126
7953,1000,0.10,900,3,35,1.2859,0.80,constant,53,1040.00,0.850710
7954,1000,0.10,900,3,35,1.3111,0.80,constant,54,982.00,1.340404
7955,1000,0.10,900,3,35,1.2381,0.80,constant,55,1009.00,1.316386
7956,1000,0.10,900,3,35,1.2466,0.80,constant,56,1010.00,1.751184
7957,1000,0.10,900,3,35,1.3170,0.80,constant,57,1021.00,0.930063
7958,1000,0.10,900,3,35,1.2975,0.80,constant,58,1068.00,1.474089
7959,1000,0.10,900,3,35,1.3441,0.80,constant,59,1045.00,1.112189
7960,1000,0.10,900,3,35,1.3144,0.80,constant,60,1047.00,2.007013
7961,1000,0.10,900,3,35,1.2720,0.80,constant,61,1007.00,1.237485
7962,1000,0.10,900,3,35,1.2891,0.80,constant,62,1042.00,1.183452
7963,1000,0.10,900,3,35,1.2753,0.80,constant,63,1042.00,0.895804
7964,1000,0.10,900,3,35,1.3018,0.80,constant,64,1017.00,1.302304
7965,1000,0.10,900,3,35,1.2709,0.80,constant,65,1055.00,1.933722
7966,1000,0.10,900,3,35,1.2456,0.80,constant,66,1006.00,1.258096
7967,1000,0.10,900,3,35,1.2813,0.80,constant,67,1070.00,0.820793
7968,1000,0.10,900,3,35,1.2935,0.80,constant,68,1000.00,0.886201
7969,1000,0.10,900,3,35,1.2424,0.80,constant,69,1048.00,0.912635
7970,1000,0.10,900,3,35,1.3242,0.80,constant,70,1711.00,0.965468
7971,1000,0.10,900,3,35,1.3224,0.80,constant,71,989.00,1.340906
7972,1000,0.10,900,3,35,1.3354,0.80,constant,72,990.00,1.553029
7973,1000,0.10,900,3,35,1.2763,0.80,constant,73,1029.00,0.845565
7974,1000,0.10,900,3,35,1.3111,0.80,constant,74,988.00,2.789343
7975,1000,0.10,900,3,35,1.3097,0.80,constant,75,1027.00,1.253817
7976,1000,0.10,900,3,35,1.2856,0.80,constant,76,1013.00,2.617943
7977,1000,0.10,900,3,35,1.2902,0.80,constant,77,1032.00,0.828108
7978,1000,0.10,900,3,35,1.2975,0.80,constant,78,1050.00,0.788218
7979,1000,0.10,900,3,35,1.2911,0.80,constant,79,1005.00,1.364422
7980,1000,0.10,900,3,35,1.2931,0.80,constant,80,942.00,5.863645
7981,1000,0.10,900,3,35,1.2676,0.80,constant,81,995.00,1.680976
7982,1000,0.10,900,3,35,1.2886,0.80,constant,82,1021.00,0.925262
7983,1000,0.10,900,3,35,1.2887,0.80,constant,83,999.00,1.126528
7984,1000,0.10,900,3,35,1.2446,0.80,constant,84,983.00,0.880701
7985,1000,0.10,900,3,35,1.2571,0.80,constant,85,1063.00,0.773032
7986,1000,0.10,900,3,35,1.2717,0.80,constant,86,1060.00,1.171268
7987,1000,0.10,900,3,35,1.2550,0.80,constant,87,1035.00,1.473706
7988,1000,0.10,900,3,35,1.3033,0.80,constant,88,1053.00,0.946816
7989,1000,0.10,900,3,35,1.2774,0.80,constant,89,1016.00,1.027641
7990,1000,0.10,900,3,35,1.3034,0.80,constant,90,1001.00,1.992591
7991,1000,0.10,900,3,35,1.2036,0.80,constant,91,1034.00,1.296019
7992,1000,0.10,900,3,35,1.2880,0.80,constant,92,1034.00,1.200182
7993,1000,0.10,900,3,35,1.2751,0.80,constant,93,1049.00,1.861751
7994,1000,0.10,900,3,35,1.2353,0.80,constant,94,1006.00,0.983467
7995,1000,0.10,900,3,35,1.2402,0.80,constant,95,1049.00,1.464611
7996,1000,0.10,900,3,35,1.2986,0.80,constant,96,1026.00,0.804869
7997,1000,0.10,900,3,35,1.3142,0.80,constant,97,1034.00,1.395990
7998,1000,0.10,900,3,35,1.2689,0.80,constant,98,1043.00,3.915724
7999,1000,0.10,900,3,35,1.2683,0.80,constant,99,1050.00,1.136623
8000,1000,0.10,900,3,35,1.2063,0.85,constant,0,1044.00,0.795086
8001,1000,0.10,900,3,35,1.2460,0.85,constant,1,1044.00,1.445140
8002,1000,0.10,900,3,35,1.2635,0.85,constant,2,988.00,1.247189
8003,1000,0.10,900,3,35,1.2027,0.85,constant,3,1058.00,1.661782
8004,1000,0.10,900,3,35,1.2071,0.85,constant,4,995.00,2.395262
8005,1000,0.10,900,3,35,1.1718,0.85,constant,5,1045.00,1.589212
8006,1000,0.10,900,3,35,1.2918,0.85,constant,6,1026.00,1.268368
8007,1000,0.10,900,3,35,1.2378,0.85,constant,7,1011.00,2.814409
8008,1000,0.10,900,3,35,1.2576,0.85,constant,8,994.00,0.987164
8009,1000,0.10,900,3,35,1.2576,0.85,constant,9,1088.00,0.907199
8010,1000,0.10,900,3,35,1.2428,0.85,constant,10,1013.00,0.812883
8011,1000,0.10,900,3,35,1.2401,0.85,constant,11,1012.00,0.935171
8012,1000,0.10,900,3,35,1.2192,0.85,constant,12,1003.00,0.965890
8013,1000,0.10,900,3,35,1.2313,0.85,constant,13,1042.00,0.937223
8014,1000,0.10,900,3,35,1.2640,0.85,constant,14,1032.00,1.009552
8015,1000,0.10,900,3,35,1.2403,0.85,constant,15,1045.00,1.643638
8016,1000,0.10,900,3,35,1.2245,0.85,constant,16,1001.00,1.020013
8017,1000,0.10,900,3,35,1.2977,0.85,constant,17,1050.00,0.974576
8018,1000,0.10,900,3,35,1.2569,0.85,constant,18,1055.00,0.797127
8019,1000,0.10,900,3,35,1.2769,0.85,constant,19,1020.00,0.850698
8020,1000,0.10,900,3,35,1.2274,0.85,constant,20,930.00,1.185587
8021,1000,0.10,900,3,35,1.2368,0.85,constant,21,1028.00,1.291076
8022,1000,0.10,900,3,35,1.2143,0.85,constant,22,1070.00,2.263372
8023,1000,0.10,900,3,35,1.2356,0.85,constant,23,986.00,0.982520
8024,1000,0.10,900,3,35,1.2345,0.85,constant,24,1040.00,1.952757
8025,1000,0.10,900,3,35,1.2205,0.85,constant,25,1033.00,0.941698
8026,1000,0.10,900,3,35,1.2371,0.85,constant,26,1003.00,1.028121
8027,1000,0.10,900,3,35,1.2939,0.85,constant,27,1029.00,2.201801
8028,1000,0.10,900,3,35,1.2101,0.85,constant,28,1006.00,0.876805
8029,1000,0.10,900,3,35,1.2606,0.85,constant,29,1019.00,1.031104
8030,1000,0.10,900,3,35,1.2070,0.85,constant,30,1045.00,0.996005
8031,1000,0.10,900,3,35,1.2359,0.85,constant,31,1006.00,1.104853
8032,1000,0.10,900,3,35,1.2669,0.85,constant,32,951.00,0.838683
8033,1000,0.10,900,3,35,1.2439,0.85,constant,33,1027.00,0.927183
8034,1000,0.10,900,3,35,1.2751,0.85,constant,34,1045.00,1.123063
8035,1000,0.10,900,3,35,1.2554,0.85,constant,35,1064.00,0.955438
8036,1000,0.10,900,3,35,1.2501,0.85,constant,36,1016.00,0.980897
8037,1000,0.10,900,3,35,1.2138,0.85,constant,37,1005.00,1.228596
8038,1000,0.10,900,3,35,1.2446,0.85,constant,38,1021.00,1.784838
8039,1000,0.10,900,3,35,1.2641,0.85,constant,39,1038.00,1.159674
8040,1000,0.10,900,3,35,1.2430,0.85,constant,40,1082.00,1.160813
8041,1000,0.10,900,3,35,1.2122,0.85,constant,41,1021.00,1.376831
8042,1000,0.10,900,3,35,1.2392,0.85,constant,42,1002.00,1.204119
8043,1000,0.10,900,3,35,1.2517,0.85,constant,43,1017.00,1.560959
8044,1000,0.10,900,3,35,1.2238,0.85,constant,44,1067.00,2.492477
8045,1000,0.10,900,3,35,1.2018,0.85,constant,45,1052.00,1.809275
8046,1000,0.10,900,3,35,1.2726,0.85,constant,46,979.00,2.340376
8047,1000,0.10,900,3,35,1.2545,0.85,constant,47,992.00,0.924030
8048,1000,0.10,900,3,35,1.2375,0.85,constant,48,1013.00,0.811503
8049,1000,0.10,900,3,35,1.2633,0.85,constant,49,1049.00,0.928252
8050,1000,0.10,900,3,35,1.2464,0.85,constant,50,1014.00,0.919880
8051,1000,0.10,900,3,35,1.2473,0.85,constant,51,1001.00,1.197805
8052,1000,0.10,900,3,35,1.2240,0.85,constant,52,1008.00,0.876610
8053,1000,0.10,900,3,35,1.1828,0.85,constant,53,1070.00,1.148213
8054,1000,0.10,900,3,35,1.2088,0.85,constant,54,1025.00,0.960644
8055,1000,0.10,900,3,35,1.2395,0.85,constant,55,1033.00,0.979669
8056,1000,0.10,900,3,35,1.1894,0.85,constant,56,974.00,0.924829
8057,1000,0.10,900,3,35,1.2586,0.85,constant,57,1011.00,0.851346
8058,1000,0.10,900,3,35,1.2053,0.85,constant,58,1040.00,1.029249
8059,1000,0.10,900,3,35,1.2195,0.85,constant,59,1002.00,0.913769
8060,1000,0.10,900,3,35,1.2370,0.85,constant,60,1031.00,0.963232
8061,1000,0.10,900,3,35,1.2357,0.85,constant,61,1017.00,1.246616
8062,1000,0.10,900,3,35,1.2562,0.85,constant,62,1036.00,0.948524
8063,1000,0.10,900,3,35,1.1856,0.85,constant,63,1057.00,1.788226
8064,1000,0.10,900,3,35,1.2118,0.85,constant,64,1039.00,1.072133
8065,1000,0.10,900,3,35,1.2102,0.85,constant,65,1065.00,0.931170
8066,1000,0.10,900,3,35,1.2407,0.85,constant,66,1004.00,1.584884
8067,1000,0.10,900,3,35,1.2211,0.85,constant,67,1023.00,1.319113
8068,1000,0.10,900,3,35,1.2135,0.85,constant,68,998.00,0.993663
8069,1000,0.10,900,3,35,1.2650,0.85,constant,69,1018.00,1.396648
8070,1000,0.10,900,3,35,1.2631,0.85,constant,70,987.00,1.931107
8071,1000,0.10,900,3,35,1.2138,0.85,constant,71,1023.00,0.842808
8072,1000,0.10,900,3,35,1.2561,0.85,constant,72,1045.00,1.420753
8073,1000,0.10,900,3,35,1.2868,0.85,constant,73,980.00,1.384666
8074,1000,0.10,900,3,35,1.2319,0.85,constant,74,999.00,1.316429
8075,1000,0.10,900,3,35,1.2393,0.85,constant,75,1055.00,0.931619
8076,1000,0.10,900,3,35,1.2563,0.85,constant,76,1039.00,0.886865
8077,1000,0.10,900,3,35,1.2968,0.85,constant,77,1048.00,1.050806
8078,1000,0.10,900,3,35,1.2265,0.85,constant,78,1038.00,1.425905
8079,1000,0.10,900,3,35,1.2535,0.85,constant,79,1041.00,0.896706
8080,1000,0.10,900,3,35,1.2242,0.85,constant,80,1017.00,1.828373
8081,1000,0.10,900,3,35,1.2758,0.85,constant,81,1171.00,0.773977
8082,1000,0.10,900,3,35,1.2556,0.85,constant,82,1020.00,1.202973
8083,1000,0.10,900,3,35,1.2167,0.85,constant,83,1083.00,1.298694
8084,1000,0.10,900,3,35,1.2158,0.85,constant,84,1010.00,1.739307
8085,1000,0.10,900,3,35,1.2458,0.85,constant,85,1042.00,1.389315
8086,1000,0.10,900,3,35,1.2214,0.85,constant,86,1009.00,1.416176
8087,1000,0.10,900,3,35,1.2100,0.85,constant,87,977.00,1.905656
8088,1000,0.10,900,3,35,1.2505,0.85,constant,88,1052.00,0.942884
8089,1000,0.10,900,3,35,1.2534,0.85,constant,89,1062.00,0.986445
8090,1000,0.10,900,3,35,1.2188,0.85,constant,90,1021.00,0.900345
8091,1000,0.10,900,3,35,1.2164,0.85,constant,91,1025.00,1.429741
8092,1000,0.10,900,3,35,1.2406,0.85,constant,92,1022.00,2.332645
8093,1000,0.10,900,3,35,1.2260,0.85,constant,93,989.00,1.036385
8094,1000,0.10,900,3,35,1.1547,0.85,constant,94,1035.00,1.521749
8095,1000,0.10,900,3,35,1.1886,0.85,constant,95,985.00,0.960646
8096,1000,0.10,900,3,35,1.2230,0.85,constant,96,1029.00,1.274999
8097,1000,0.10,900,3,35,1.1709,0.85,constant,97,1026.00,1.179120
8098,1000,0.10,900,3,35,1.2281,0.85,constant,98,1012.00,1.339956
8099,1000,0.10,900,3,35,1.1847,0.85,constant,99,1023.00,1.334107
8100,1000,0.10,900,3,35,1.2358,0.90,constant,0,1035.00,1.133208
8101,1000,0.10,900,3,35,1.1793,0.90,constant,1,1042.00,1.349664
8102,1000,0.10,900,3,35,1.1715,0.90,constant,2,996.00,1.169392
8103,1000,0.10,900,3,35,1.1203,0.90,constant,3,1001.00,1.587822
8104,1000,0.10,900,3,35,1.1807,0.90,constant,4,992.00,1.262818
8105,1000,0.10,900,3,35,1.1150,0.90,constant,5,1013.00,0.902983
8106,1000,0.10,900,3,35,1.0990,0.90,constant,6,1049.00,1.685584
8107,1000,0.10,900,3,35,1.1831,0.90,constant,7,979.00,1.429522
8108,1000,0.10,900,3,35,1.1894,0.90,constant,8,1020.00,0.988244
8109,1000,0.10,900,3,35,1.1802,0.90,constant,9,1041.00,1.483013
8110,1000,0.10,900,3,35,1.1668,0.90,constant,10,1030.00,0.975003
8111,1000,0.10,900,3,35,1.2416,0.90,constant,11,1031.00,1.583829
8112,1000,0.10,900,3,35,1.1784,0.90,constant,12,968.00,1.960770
8113,1000,0.10,900,3,35,1.1983,0.90,constant,13,1011.00,1.031158
8114,1000,0.10,900,3,35,1.2370,0.90,constant,14,1028.00,0.955844
8115,1000,0.10,900,3,35,1.1614,0.90,constant,15,971.00,0.910005
8116,1000,0.10,900,3,35,1.1990,0.90,constant,16,1027.00,1.017517
8117,1000,0.10,900,3,35,1.1645,0.90,constant,17,1070.00,1.014013
8118,1000,0.10,900,3,35,1.1465,0.90,constant,18,994.00,1.114280
8119,1000,0.10,900,3,35,1.1671,0.90,constant,19,1018.00,1.436411
8120,1000,0.10,900,3,35,1.1553,0.90,constant,20,1027.00,1.048218
8121,1000,0.10,900,3,35,1.1402,0.90,constant,21,1015.00,0.927797
8122,1000,0.10,900,3,35,1.2053,0.90,constant,22,1002.00,2.814257
8123,1000,0.10,900,3,35,1.2444,0.90,constant,23,1054.00,1.105995
8124,1000,0.10,900,3,35,1.1940,0.90,constant,24,1052.00,2.284980
8125,1000,0.10,900,3,35,1.1881,0.90,constant,25,1049.00,0.937307
8126,1000,0.10,900,3,35,1.1386,0.90,constant,26,1019.00,0.986876
8127,1000,0.10,900,3,35,1.1337,0.90,constant,27,1016.00,1.058048
8128,1000,0.10,900,3,35,1.1762,0.90,constant,28,1005.00,1.514910
8129,1000,0.10,900,3,35,1.2010,0.90,constant,29,1042.00,1.135663
8130,1000,0.10,900,3,35,1.1670,0.90,constant,30,1065.00,1.521438
8131,1000,0.10,900,3,35,1.2020,0.90,constant,31,1028.00,1.418533
8132,1000,0.10,900,3,35,1.1824,0.90,constant,32,1012.00,0.881157
8133,1000,0.10,900,3,35,1.1304,0.90,constant,33,1037.00,0.933846
8134,1000,0.10,900,3,35,1.1683,0.90,constant,34,1033.00,0.874611
8135,1000,0.10,900,3,35,1.1873,0.90,constant,35,1008.00,0.993501
8136,1000,0.10,900,3,35,1.2137,0.90,constant,36,1011.00,1.782009
8137,1000,0.10,900,3,35,1.1517,0.90,constant,37,1022.00,0.979879
8138,1000,0.10,900,3,35,1.1828,0.90,constant,38,1020.00,1.022671
8139,1000,0.10,900,3,35,1.1789,0.90,constant,39,1004.00,1.862999
8140,1000,0.10,900,3,35,1.2124,0.90,constant,40,1052.00,1.042685
8141,1000,0.10,900,3,35,1.1888,0.90,constant,41,1017.00,1.125598
8142,1000,0.10,900,3,35,1.2232,0.90,constant,42,1001.00,1.168977
8143,1000,0.10,900,3,35,1.2099,0.90,constant,43,1071.00,1.537479
8144,1000,0.10,900,3,35,1.1525,0.90,constant,44,1029.00,1.851583
8145,1000,0.10,900,3,35,1.2046,0.90,constant,45,1010.00,1.320062
8146,1000,0.10,900,3,35,1.1909,0.90,constant,46,996.00,1.136090
8147,1000,0.10,900,3,35,1.1703,0.90,constant,47,1034.00,0.941010
8148,1000,0.10,900,3,35,1.2138,0.90,constant,48,1069.00,1.116871
8149,1000,0.10,900,3,35,1.1566,0.90,constant,49,1012.00,1.463615
8150,1000,0.10,900,3,35,1.2062,0.90,constant,50,1017.00,1.024067
8151,1000,0.10,900,3,35,1.1638,0.90,constant,51,1046.00,1.146499
8152,1000,0.10,900,3,35,1.1542,0.90,constant,52,1019.00,1.001776
8153,1000,0.10,900,3,35,1.1723,0.90,constant,53,984.00,1.295806
8154,1000,0.10,900,3,35,1.1679,0.90,constant,54,1006.00,1.315256
8155,1000,0.10,900,3,35,1.1368,0.90,constant,55,1037.00,1.509063
8156,1000,0.10,900,3,35,1.1594,0.90,constant,56,990.00,1.075927
8157,1000,0.10,900,3,35,1.1426,0.90,constant,57,999.00,1.030484
8158,1000,0.10,900,3,35,1.2177,0.90,constant,58,1031.00,1.134431
8159,1000,0.10,900,3,35,1.1859,0.90,constant,59,995.00,1.182826
8160,1000,0.10,900,3,35,1.2009,0.90,constant,60,1034.00,1.196706
8161,1000,0.10,900,3,35,1.1742,0.90,constant,61,1017.00,1.068421
8162,1000,0.10,900,3,35,1.1483,0.90,constant,62,1027.00,2.130335
8163,1000,0.10,900,3,35,1.2067,0.90,constant,63,1015.00,1.156226
8164,1000,0.10,900,3,35,1.2269,0.90,constant,64,1056.00,0.950262
8165,1000,0.10,900,3,35,1.1516,0.90,constant,65,1050.00,1.475114
8166,1000,0.10,900,3,35,1.1436,0.90,constant,66,1052.00,2.322284
8167,1000,0.10,900,3,35,1.1886,0.90,constant,67,1025.00,1.043280
8168,1000,0.10,900,3,35,1.1889,0.90,constant,68,1021.00,1.299493
8169,1000,0.10,900,3,35,1.2048,0.90,constant,69,1032.00,1.083959
8170,1000,0.10,900,3,35,1.2061,0.90,constant,70,1004.00,1.010275
8171,1000,0.10,900,3,35,1.1770,0.90,constant,71,1042.00,1.005898
8172,1000,0.10,900,3,35,1.2257,0.90,constant,72,1018.00,0.875785
8173,1000,0.10,900,3,35,1.1680,0.90,constant,73,1026.00,1.198454
8174,1000,0.10,900,3,35,1.1091,0.90,constant,74,1047.00,1.082020
8175,1000,0.10,900,3,35,1.1477,0.90,constant,75,1002.00,1.082797
8176,1000,0.10,900,3,35,1.2256,0.90,constant,76,976.00,1.105874
8177,1000,0.10,900,3,35,1.1644,0.90,constant,77,1043.00,1.304547
8178,1000,0.10,900,3,35,1.2035,0.90,constant,78,1023.00,1.643993
8179,1000,0.10,900,3,35,1.1924,0.90,constant,79,1023.00,0.911991
8180,1000,0.10,900,3,35,1.1460,0.90,constant,80,1015.00,1.243004
8181,1000,0.10,900,3,35,1.1180,0.90,constant,81,1032.00,1.069337
8182,1000,0.10,900,3,35,1.1509,0.90,constant,82,1020.00,1.089526
8183,1000,0.10,900,3,35,1.1658,0.90,constant,83,1025.00,1.105513
8184,1000,0.10,900,3,35,1.1625,0.90,constant,84,985.00,1.930922
8185,1000,0.10,900,3,35,1.1615,0.90,constant,85,982.00,0.864830
8186,1000,0.10,900,3,35,1.1641,0.90,constant,86,998.00,1.179060
8187,1000,0.10,900,3,35,1.2171,0.90,constant,87,1032.00,0.847443
8188,1000,0.10,900,3,35,1.2157,0.90,constant,88,1007.00,1.897596
8189,1000,0.10,900,3,35,1.1947,0.90,constant,89,1013.00,1.425767
8190,1000,0.10,900,3,35,1.1801,0.90,constant,90,1028.00,1.169746
8191,1000,0.10,900,3,35,1.1685,0.90,constant,91,994.00,1.080458
8192,1000,0.10,900,3,35,1.1686,0.90,constant,92,1011.00,2.307391
8193,1000,0.10,900,3,35,1.1657,0.90,constant,93,1028.00,1.285625
8194,1000,0.10,900,3,35,1.1675,0.90,constant,94,1052.00,0.945400
8195,1000,0.10,900,3,35,1.1599,0.90,constant,95,1039.00,2.793384
8196,1000,0.10,900,3,35,1.1568,0.90,constant,96,980.00,0.879531
8197,1000,0.10,900,3,35,1.1622,0.90,constant,97,1050.00,1.325607
8198,1000,0.10,900,3,35,1.1429,0.90,constant,98,979.00,1.309520
8199,1000,0.10,900,3,35,1.0965,0.90,constant,99,1063.00,1.015361
8200,1000,0.10,900,3,35,1.1021,0.95,constant,0,1014.00,1.142445
8201,1000,0.10,900,3,35,1.0967,0.95,constant,1,1025.00,1.201940
8202,1000,0.10,900,3,35,1.0704,0.95,constant,2,1064.00,1.141437
8203,1000,0.10,900,3,35,1.0400,0.95,constant,3,1066.00,1.043003
8204,1000,0.10,900,3,35,1.1300,0.95,constant,4,1000.00,0.992134
8205,1000,0.10,900,3,35,1.0423,0.95,constant,5,1063.00,2.017294
8206,1000,0.10,900,3,35,1.1023,0.95,constant,6,1052.00,1.140418
8207,1000,0.10,900,3,35,1.0435,0.95,constant,7,974.00,1.130387
8208,1000,0.10,900,3,35,1.1315,0.95,constant,8,1001.00,1.348859
8209,1000,0.10,900,3,35,1.1652,0.95,constant,9,1017.00,1.055389
8210,1000,0.10,900,3,35,1.0981,0.95,constant,10,1000.00,1.481603
8211,1000,0.10,900,3,35,1.0771,0.95,constant,11,994.00,1.162573
8212,1000,0.10,900,3,35,1.0766,0.95,constant,12,1035.00,1.362350
8213,1000,0.10,900,3,35,1.0696,0.95,constant,13,1058.00,2.922225
8214,1000,0.10,900,3,35,1.0855,0.95,constant,14,1031.00,1.022237
8215,1000,0.10,900,3,35,1.0814,0.95,constant,15,1023.00,1.028287
8216,1000,0.10,900,3,35,1.1150,0.95,constant,16,966.00,1.018718
8217,1000,0.10,900,3,35,1.1162,0.95,constant,17,1002.00,1.452735
8218,1000,0.10,900,3,35,1.0501,0.95,constant,18,1036.00,1.501478
8219,1000,0.10,900,3,35,1.1539,0.95,constant,19,1046.00,1.408656
8220,1000,0.10,900,3,35,1.0100,0.95,constant,20,1046.00,0.993267
8221,1000,0.10,900,3,35,1.0980,0.95,constant,21,1011.00,1.087025
8222,1000,0.10,900,3,35,1.1175,0.95,constant,22,1047.00,2.240243
8223,1000,0.10,900,3,35,1.0885,0.95,constant,23,1049.00,1.060807
8224,1000,0.10,900,3,35,1.0692,0.95,constant,24,1003.00,1.231131
8225,1000,0.10,900,3,35,1.0855,0.95,constant,25,995.00,1.028470
8226,1000,0.10,900,3,35,1.0639,0.95,constant,26,1070.00,1.097497
8227,1000,0.10,900,3,35,1.0797,0.95,constant,27,1055.00,1.196894
8228,1000,0.10,900,3,35,1.1094,0.95,constant,28,997.00,0.966444
8229,1000,0.10,900,3,35,1.1405,0.95,constant,29,1040.00,1.426446
8230,1000,0.10,900,3,35,1.0720,0.95,constant,30,962.00,0.968169
8231,1000,0.10,900,3,35,1.0814,0.95,constant,31,991.00,1.020532
8232,1000,0.10,900,3,35,1.0946,0.95,constant,32,1021.00,1.872975
8233,1000,0.10,900,3,35,1.1002,0.95,constant,33,1029.00,1.807082
8234,1000,0.10,900,3,35,1.0919,0.95,constant,34,1005.00,1.701076
8235,1000,0.10,900,3,35,1.1351,0.95,constant,35,1029.00,1.104720
8236,1000,0.10,900,3,35,1.0735,0.95,constant,36,1038.00,1.402597
8237,1000,0.10,900,3,35,1.1029,0.95,constant,37,1025.00,1.369677
8238,1000,0.10,900,3,35,1.1223,0.95,constant,38,1054.00,1.026731
8239,1000,0.10,900,3,35,1.1406,0.95,constant,39,1003.00,1.026851
8240,1000,0.10,900,3,35,1.1072,0.95,constant,40,1047.00,1.237496
8241,1000,0.10,900,3,35,1.0908,0.95,constant,41,997.00,0.996928
8242,1000,0.10,900,3,35,1.0809,0.95,constant,42,1017.00,0.992504
8243,1000,0.10,900,3,35,1.1086,0.95,constant,43,1007.00,0.967819
8244,1000,0.10,900,3,35,1.0679,0.95,constant,44,1016.00,1.314967
8245,1000,0.10,900,3,35,1.1179,0.95,constant,45,1013.00,1.241541
8246,1000,0.10,900,3,35,1.1477,0.95,constant,46,1025.00,1.089428
8247,1000,0.10,900,3,35,1.1354,0.95,constant,47,1004.00,1.092934
8248,1000,0.10,900,3,35,1.1138,0.95,constant,48,1024.00,1.624196
8249,1000,0.10,900,3,35,1.1027,0.95,constant,49,1011.00,1.010181
8250,1000,0.10,900,3,35,1.0941,0.95,constant,50,996.00,1.273363
8251,1000,0.10,900,3,35,1.0793,0.95,constant,51,1076.00,1.129414
8252,1000,0.10,900,3,35,1.0776,0.95,constant,52,1034.00,1.402833
8253,1000,0.10,900,3,35,1.1199,0.95,constant,53,1013.00,1.189655
8254,1000,0.10,900,3,35,1.0825,0.95,constant,54,1027.00,1.062603
8255,1000,0.10,900,3,35,1.0876,0.95,constant,55,978.00,1.166618
8256,1000,0.10,900,3,35,1.0680,0.95,constant,56,1011.00,2.181489
8257,1000,0.10,900,3,35,1.1439,0.95,constant,57,994.00,1.032892
8258,1000,0.10,900,3,35,1.1183,0.95,constant,58,992.00,0.869202
8259,1000,0.10,900,3,35,1.1227,0.95,constant,59,1032.00,1.057954
8260,1000,0.10,900,3,35,1.0737,0.95,constant,60,1041.00,1.023340
8261,1000,0.10,900,3,35,1.0899,0.95,constant,61,998.00,0.937783
8262,1000,0.10,900,3,35,1.0889,0.95,constant,62,994.00,0.943157
8263,1000,0.10,900,3,35,1.0395,0.95,constant,63,1013.00,1.010452
8264,1000,0.10,900,3,35,1.0355,0.95,constant,64,1007.00,0.978461
8265,1000,0.10,900,3,35,1.1137,0.95,constant,65,1036.00,0.912709
8266,1000,0.10,900,3,35,1.1215,0.95,constant,66,1029.00,1.345829
8267,1000,0.10,900,3,35,1.1048,0.95,constant,67,1054.00,1.027113
8268,1000,0.10,900,3,35,1.0701,0.95,constant,68,1042.00,0.982847
8269,1000,0.10,900,3,35,1.1251,0.95,constant,69,1054.00,1.132971
8270,1000,0.10,900,3,35,1.0756,0.95,constant,70,1034.00,1.138240
8271,1000,0.10,900,3,35,1.0801,0.95,constant,71,1044.00,0.978494
8272,1000,0.10,900,3,35,1.0856,0.95,constant,72,1008.00,1.072966
8273,1000,0.10,900,3,35,1.1247,0.95,constant,73,995.00,1.032649
8274,1000,0.10,900,3,35,1.0965,0.95,constant,74,1001.00,0.918982
8275,1000,0.10,900,3,35,1.1226,0.95,constant,75,1015.00,1.574993
8276,1000,0.10,900,3,35,1.0991,0.95,constant,76,1019.00,1.010857
8277,1000,0.10,900,3,35,1.0657,0.95,constant,77,1016.00,1.148380
8278,1000,0.10,900,3,35,1.0913,0.95,constant,78,1024.00,1.255086
8279,1000,0.10,900,3,35,1.1276,0.95,constant,79,1022.00,1.121782
8280,1000,0.10,900,3,35,1.1324,0.95,constant,80,1059.00,0.967526
8281,1000,0.10,900,3,35,1.0519,0.95,constant,81,1057.00,1.105157
8282,1000,0.10,900,3,35,1.1240,0.95,constant,82,1033.00,1.011729
8283,1000,0.10,900,3,35,1.1302,0.95,constant,83,990.00,1.716749
8284,1000,0.10,900,3,35,1.1031,0.95,constant,84,1024.00,2.244839
8285,1000,0.10,900,3,35,1.1137,0.95,constant,85,1014.00,1.080071
8286,1000,0.10,900,3,35,1.1082,0.95,constant,86,1016.00,0.973351
8287,1000,0.10,900,3,35,1.0688,0.95,constant,87,1039.00,0.962546
8288,1000,0.10,900,3,35,1.0626,0.95,constant,88,1007.00,1.910080
8289,1000,0.10,900,3,35,1.0890,0.95,constant,89,1075.00,1.348927
8290,1000,0.10,900,3,35,1.0915,0.95,constant,90,1037.00,1.211687
8291,1000,0.10,900,3,35,1.1489,0.95,constant,91,1072.00,1.603752
8292,1000,0.10,900,3,35,1.0981,0.95,constant,92,1080.00,0.930613
8293,1000,0.10,900,3,35,1.1085,0.95,constant,93,1021.00,1.645978
8294,1000,0.10,900,3,35,1.0925,0.95,constant,94,1046.00,1.244946
8295,1000,0.10,900,3,35,1.1204,0.95,constant,95,1005.00,1.869740
8296,1000,0.10,900,3,35,1.0678,0.95,constant,96,991.00,1.088685
8297,1000,0.10,900,3,35,1.1222,0.95,constant,97,1053.00,1.052088
8298,1000,0.10,900,3,35,1.0874,0.95,constant,98,1008.00,0.943169
8299,1000,0.10,900,3,35,1.0784,0.95,constant,99,1002.00,1.998173
8300,1000,0.10,900,3,35,1.0002,1.00,constant,0,1031.00,1.152208
8301,1000,0.10,900,3,35,0.9844,1.00,constant,1,1072.00,1.860111
8302,1000,0.10,900,3,35,1.0057,1.00,constant,2,1033.00,0.973635
8303,1000,0.10,900,3,35,1.0266,1.00,constant,3,1103.00,1.210262
8304,1000,0.10,900,3,35,1.0247,1.00,constant,4,1106.00,1.164915
8305,1000,0.10,900,3,35,1.0233,1.00,constant,5,1050.00,1.068178
8306,1000,0.10,900,3,35,0.9700,1.00,constant,6,968.00,1.221894
8307,1000,0.10,900,3,35,1.0059,1.00,constant,7,1045.00,0.967359
8308,1000,0.10,900,3,35,0.9999,1.00,constant,8,1025.00,0.997108
8309,1000,0.10,900,3,35,1.0337,1.00,constant,9,1032.00,1.153961
8310,1000,0.10,900,3,35,0.9993,1.00,constant,10,1011.00,1.385750
8311,1000,0.10,900,3,35,1.0038,1.00,constant,11,1004.00,1.393525
8312,1000,0.10,900,3,35,1.0148,1.00,constant,12,1051.00,1.222805
8313,1000,0.10,900,3,35,0.9935,1.00,constant,13,1038.00,1.471704
8314,1000,0.10,900,3,35,0.9846,1.00,constant,14,1063.00,1.946799
8315,1000,0.10,900,3,35,0.9896,1.00,constant,15,1024.00,1.334351
8316,1000,0.10,900,3,35,1.0128,1.00,constant,16,1037.00,1.034286
8317,1000,0.10,900,3,35,0.9862,1.00,constant,17,1036.00,1.180094
8318,1000,0.10,900,3,35,1.0334,1.00,constant,18,1027.00,1.310825
8319,1000,0.10,900,3,35,1.0109,1.00,constant,19,1047.00,0.999327
8320,1000,0.10,900,3,35,0.9838,1.00,constant,20,1058.00,0.939704
8321,1000,0.10,900,3,35,1.0218,1.00,constant,21,1033.00,1.353921
8322,1000,0.10,900,3,35,0.9957,1.00,constant,22,985.00,1.815747
8323,1000,0.10,900,3,35,0.9940,1.00,constant,23,1038.00,0.972277
8324,1000,0.10,900,3,35,1.0144,1.00,constant,24,1001.00,0.943366
8325,1000,0.10,900,3,35,0.9908,1.00,constant,25,1032.00,1.500784
8326,1000,0.10,900,3,35,0.9770,1.00,constant,26,1069.00,1.464832
8327,1000,0.10,900,3,35,1.0306,1.00,constant,27,1029.00,1.256516
8328,1000,0.10,900,3,35,1.0030,1.00,constant,28,1005.00,1.387091
8329,1000,0.10,900,3,35,1.0311,1.00,constant,29,1057.00,1.123199
8330,1000,0.10,900,3,35,0.9605,1.00,constant,30,1049.00,1.015561
8331,1000,0.10,900,3,35,1.0017,1.00,constant,31,1033.00,1.571682
8332,1000,0.10,900,3,35,1.0184,1.00,constant,32,1095.00,1.115432
8333,1000,0.10,900,3,35,1.0182,1.00,constant,33,1098.00,1.303802
8334,1000,0.10,900,3,35,1.0270,1.00,constant,34,1049.00,1.082813
8335,1000,0.10,900,3,35,0.9762,1.00,constant,35,1039.00,1.134626
8336,1000,0.10,900,3,35,1.0455,1.00,constant,36,1044.00,1.024202
8337,1000,0.10,900,3,35,0.9840,1.00,constant,37,976.00,1.770458
8338,1000,0.10,900,3,35,1.0145,1.00,constant,38,1039.00,1.747490
8339,1000,0.10,900,3,35,1.0355,1.00,constant,39,1031.00,1.221045
8340,1000,0.10,900,3,35,0.9911,1.00,constant,40,1044.00,1.472138
8341,1000,0.10,900,3,35,1.0083,1.00,constant,41,1103.00,1.651894
8342,1000,0.10,900,3,35,1.0003,1.00,constant,42,1025.00,1.008550
8343,1000,0.10,900,3,35,1.0246,1.00,constant,43,1031.00,1.382984
8344,1000,0.10,900,3,35,1.0180,1.00,constant,44,1035.00,1.122715
8345,1000,0.10,900,3,35,0.9785,1.00,constant,45,1011.00,1.217559
8346,1000,0.10,900,3,35,0.9449,1.00,constant,46,1022.00,0.964861
8347,1000,0.10,900,3,35,1.0084,1.00,constant,47,1009.00,1.332296
8348,1000,0.10,900,3,35,1.0229,1.00,constant,48,983.00,1.176468
8349,1000,0.10,900,3,35,1.0163,1.00,constant,49,1051.00,0.983251
8350,1000,0.10,900,3,35,0.9864,1.00,constant,50,1011.00,1.137938
8351,1000,0.10,900,3,35,0.9953,1.00,constant,51,1023.00,1.001705
8352,1000,0.10,900,3,35,1.0109,1.00,constant,52,985.00,1.195331
8353,1000,0.10,900,3,35,1.0058,1.00,constant,53,1067.00,1.530139
8354,1000,0.10,900,3,35,1.0127,1.00,constant,54,1017.00,1.222339
8355,1000,0.10,900,3,35,1.0198,1.00,constant,55,991.00,1.101118
8356,1000,0.10,900,3,35,1.0095,1.00,constant,56,1038.00,1.277765
8357,1000,0.10,900,3,35,1.0201,1.00,constant,57,1002.00,1.234128
8358,1000,0.10,900,3,35,1.0011,1.00,constant,58,1034.00,1.930964
8359,1000,0.10,900,3,35,1.0343,1.00,constant,59,1038.00,1.187420
8360,1000,0.10,900,3,35,0.9914,1.00,constant,60,999.00,0.976021
8361,1000,0.10,900,3,35,0.9834,1.00,constant,61,990.00,1.681246
8362,1000,0.10,900,3,35,0.9821,1.00,constant,62,1085.00,1.080962
8363,1000,0.10,900,3,35,0.9337,1.00,constant,63,994.00,1.135798
8364,1000,0.10,900,3,35,0.9683,1.00,constant,64,1024.00,2.123837
8365,1000,0.10,900,3,35,0.9666,1.00,constant,65,1022.00,1.027110
8366,1000,0.10,900,3,35,0.9823,1.00,constant,66,1038.00,1.463824
8367,1000,0.10,900,3,35,1.0393,1.00,constant,67,1036.00,1.759390
8368,1000,0.10,900,3,35,1.0332,1.00,constant,68,1022.00,1.006527
8369,1000,0.10,900,3,35,0.9804,1.00,constant,69,1021.00,1.053315
8370,1000,0.10,900,3,35,1.0083,1.00,constant,70,1036.00,1.176418
8371,1000,0.10,900,3,35,1.0388,1.00,constant,71,1058.00,1.288183
8372,1000,0.10,900,3,35,0.9641,1.00,constant,72,1016.00,1.030244
8373,1000,0.10,900,3,35,0.9429,1.00,constant,73,1008.00,1.576074
8374,1000,0.10,900,3,35,0.9716,1.00,constant,74,1058.00,1.885905
8375,1000,0.10,900,3,35,1.0448,1.00,constant,75,1043.00,1.056870
8376,1000,0.10,900,3,35,0.9977,1.00,constant,76,1072.00,1.125495
8377,1000,0.10,900,3,35,0.9746,1.00,constant,77,999.00,1.354766
8378,1000,0.10,900,3,35,0.9768,1.00,constant,78,996.00,1.238984
8379,1000,0.10,900,3,35,0.9908,1.00,constant,79,1039.00,1.259527
8380,1000,0.10,900,3,35,1.0015,1.00,constant,80,1002.00,1.144781
8381,1000,0.10,900,3,35,0.9942,1.00,constant,81,1011.00,1.136554
8382,1000,0.10,900,3,35,1.0247,1.00,constant,82,1020.00,1.135344
8383,1000,0.10,900,3,35,0.9863,1.00,constant,83,1015.00,1.168474
8384,1000,0.10,900,3,35,0.9804,1.00,constant,84,997.00,1.290945
8385,1000,0.10,900,3,35,1.0210,1.00,constant,85,1044.00,0.955621
8386,1000,0.10,900,3,35,0.9640,1.00,constant,86,1024.00,0.952658
8387,1000,0.10,900,3,35,1.0049,1.00,constant,87,1028.00,1.021369
8388,1000,0.10,900,3,35,0.9870,1.00,constant,88,1055.00,1.081406
8389,1000,0.10,900,3,35,0.9666,1.00,constant,89,1048.00,1.140718
8390,1000,0.10,900,3,35,0.9915,1.00,constant,90,1038.00,1.283816
8391,1000,0.10,900,3,35,0.9925,1.00,constant,91,1025.00,1.418059
8392,1000,0.10,900,3,35,1.0299,1.00,constant,92,1008.00,1.027589
8393,1000,0.10,900,3,35,0.9918,1.00,constant,93,1016.00,1.181015
8394,1000,0.10,900,3,35,0.9973,1.00,constant,94,1024.00,1.482173
8395,1000,0.10,900,3,35,1.0203,1.00,constant,95,1014.00,0.943437
8396,1000,0.10,900,3,35,0.9707,1.00,constant,96,1040.00,1.125647
8397,1000,0.10,900,3,35,0.9879,1.00,constant,97,929.00,1.102264
8398,1000,0.10,900,3,35,0.9868,1.00,constant,98,980.00,1.577815
8399,1000,0.10,900,3,35,0.9884,1.00,constant,99,1004.00,1.602582
8400,1000,0.10,900,3,35,0.9811,0.00,linear,0,976.00,0.533269
8401,1000,0.10,900,3,35,0.9843,0.00,linear,1,981.00,0.329644
8402,1000,0.10,900,3,35,1.0032,0.00,linear,2,928.00,0.170178
8403,1000,0.10,900,3,35,1.0046,0.00,linear,3,1020.00,0.395906
8404,1000,0.10,900,3,35,0.9810,0.00,linear,4,1079.00,0.272240
8405,1000,0.10,900,3,35,1.0447,0.00,linear,5,1181.00,1.001710
8406,1000,0.10,900,3,35,0.9900,0.00,linear,6,1178.00,0.517106
8407,1000,0.10,900,3,35,1.0007,0.00,linear,7,1136.00,0.217481
8408,1000,0.10,900,3,35,0.9943,0.00,linear,8,1141.00,0.440928
8409,1000,0.10,900,3,35,0.9926,0.00,linear,9,1009.00,0.085451
8410,1000,0.10,900,3,35,0.9253,0.00,linear,10,987.00,0.083209
8411,1000,0.10,900,3,35,0.9971,0.00,linear,11,960.00,0.423997
8412,1000,0.10,900,3,35,1.0073,0.00,linear,12,1002.00,0.650901
8413,1000,0.10,900,3,35,1.0446,0.00,linear,13,984.00,0.992156
8414,1000,0.10,900,3,35,0.9715,0.00,linear,14,984.00,1.061269
8415,1000,0.10,900,3,35,0.9807,0.00,linear,15,966.00,0.521942
8416,1000,0.10,900,3,35,1.0386,0.00,linear,16,986.00,0.541811
8417,1000,0.10,900,3,35,0.9861,0.00,linear,17,1016.00,1.259189
8418,1000,0.10,900,3,35,0.9763,0.00,linear,18,992.00,0.264645
8419,1000,0.10,900,3,35,1.0286,0.00,linear,19,961.00,0.273359
8420,1000,0.10,900,3,35,0.9916,0.00,linear,20,989.00,0.374733
8421,1000,0.10,900,3,35,0.9820,0.00,linear,21,954.00,1.466846
8422,1000,0.10,900,3,35,0.9993,0.00,linear,22,972.00,0.366422
8423,1000,0.10,900,3,35,0.9868,0.00,linear,23,970.00,0.213542
8424,1000,0.10,900,3,35,0.9881,0.00,linear,24,971.00,0.782369
8425,1000,0.10,900,3,35,1.0153,0.00,linear,25,948.00,0.111464
8426,1000,0.10,900,3,35,1.0083,0.00,linear,26,1005.00,0.402520
8427,1000,0.10,900,3,35,0.9819,0.00,linear,27,956.00,0.165276
8428,1000,0.10,900,3,35,0.9679,0.00,linear,28,977.00,0.767664
8429,1000,0.10,900,3,35,0.9839,0.00,linear,29,1006.00,0.541913
8430,1000,0.10,900,3,35,1.0105,0.00,linear,30,981.00,0.473139
8431,1000,0.10,900,3,35,1.0326,0.00,linear,31,975.00,1.446260
8432,1000,0.10,900,3,35,0.9936,0.00,linear,32,937.00,0.673590
8433,1000,0.10,900,3,35,1.0192,0.00,linear,33,967.00,0.494048
8434,1000,0.10,900,3,35,1.0066,0.00,linear,34,955.00,0.263268
8435,1000,0.10,900,3,35,1.0029,0.00,linear,35,1000.00,1.318298
8436,1000,0.10,900,3,35,0.9984,0.00,linear,36,980.00,0.186294
8437,1000,0.10,900,3,35,1.0307,0.00,linear,37,955.00,0.238281
8438,1000,0.10,900,3,35,0.9745,0.00,linear,38,996.00,3.584551
8439,1000,0.10,900,3,35,1.0076,0.00,linear,39,985.00,0.557288
8440,1000,0.10,900,3,35,0.9918,0.00,linear,40,948.00,0.534008
8441,1000,0.10,900,3,35,0.9816,0.00,linear,41,962.00,2.030174
8442,1000,0.10,900,3,35,1.0069,0.00,linear,42,973.00,1.149944
8443,1000,0.10,900,3,35,1.0272,0.00,linear,43,971.00,1.281781
8444,1000,0.10,900,3,35,1.0087,0.00,linear,44,968.00,0.116389
8445,1000,0.10,900,3,35,0.9985,0.00,linear,45,959.00,0.591906
8446,1000,0.10,900,3,35,1.0000,0.00,linear,46,994.00,1.127964
8447,1000,0.10,900,3,35,1.0056,0.00,linear,47,995.00,0.636859
8448,1000,0.10,900,3,35,0.9852,0.00,linear,48,974.00,0.680276
8449,1000,0.10,900,3,35,1.0083,0.00,linear,49,995.00,0.433019
8450,1000,0.10,900,3,35,1.0133,0.00,linear,50,985.00,0.718830
8451,1000,0.10,900,3,35,1.0215,0.00,linear,51,975.00,0.497116
8452,1000,0.10,900,3,35,1.0211,0.00,linear,52,938.00,0.377432
8453,1000,0.10,900,3,35,0.9441,0.00,linear,53,973.00,1.231171
8454,1000,0.10,900,3,35,0.9987,0.00,linear,54,994.00,0.455494
8455,1000,0.10,900,3,35,0.9861,0.00,linear,55,1000.00,0.947237
8456,1000,0.10,900,3,35,1.0327,0.00,linear,56,959.00,0.975497
8457,1000,0.10,900,3,35,0.9728,0.00,linear,57,987.00,0.134758
8458,1000,0.10,900,3,35,1.0122,0.00,linear,58,956.00,0.152107
8459,1000,0.10,900,3,35,1.0225,0.00,linear,59,1004.00,0.641823
8460,1000,0.10,900,3,35,1.0399,0.00,linear,60,935.00,0.227612
8461,1000,0.10,900,3,35,1.0181,0.00,linear,61,993.00,0.255677
8462,1000,0.10,900,3,35,0.9790,0.00,linear,62,982.00,0.317447
8463,1000,0.10,900,3,35,0.9937,0.00,linear,63,964.00,0.543338
8464,1000,0.10,900,3,35,1.0448,0.00,linear,64,1005.00,0.266742
8465,1000,0.10,900,3,35,0.9516,0.00,linear,65,1002.00,0.943955
8466,1000,0.10,900,3,35,0.9582,0.00,linear,66,990.00,1.746282
8467,1000,0.10,900,3,35,1.0090,0.00,linear,67,997.00,0.618614
8468,1000,0.10,900,3,35,0.9935,0.00,linear,68,982.00,1.304052
8469,1000,0.10,900,3,35,0.9931,0.00,linear,69,972.00,0.278917
8470,1000,0.10,900,3,35,0.9926,0.00,linear,70,971.00,0.383570
8471,1000,0.10,900,3,35,0.9688,0.00,linear,71,973.00,0.388841
8472,1000,0.10,900,3,35,1.0131,0.00,linear,72,1017.00,0.335145
8473,1000,0.10,900,3,35,1.0453,0.00,linear,73,980.00,0.983296
8474,1000,0.10,900,3,35,0.9877,0.00,linear,74,973.00,0.492995
8475,1000,0.10,900,3,35,1.0552,0.00,linear,75,1020.00,0.852284
8476,1000,0.10,900,3,35,0.9960,0.00,linear,76,964.00,0.533768
8477,1000,0.10,900,3,35,0.9881,0.00,linear,77,1003.00,0.728837
8478,1000,0.10,900,3,35,0.9891,0.00,linear,78,966.00,1.385578
8479,1000,0.10,900,3,35,1.0280,0.00,linear,79,994.00,0.085972
8480,1000,0.10,900,3,35,1.0008,0.00,linear,80,968.00,0.498285
8481,1000,0.10,900,3,35,1.0152,0.00,linear,81,952.00,2.168046
8482,1000,0.10,900,3,35,0.9943,0.00,linear,82,963.00,0.574308
8483,1000,0.10,900,3,35,0.9646,0.00,linear,83,970.00,1.846423
8484,1000,0.10,900,3,35,0.9600,0.00,linear,84,971.00,1.888659
8485,1000,0.10,900,3,35,1.0268,0.00,linear,85,982.00,0.128714
8486,1000,0.10,900,3,35,1.0122,0.00,linear,86,978.00,1.393442
8487,1000,0.10,900,3,35,1.0209,0.00,linear,87,948.00,0.096444
8488,1000,0.10,900,3,35,1.0234,0.00,linear,88,957.00,0.348536
8489,1000,0.10,900,3,35,0.9836,0.00,linear,89,993.00,0.908867
8490,1000,0.10,900,3,35,0.9754,0.00,linear,90,998.00,0.215351
8491,1000,0.10,900,3,35,0.9915,0.00,linear,91,978.00,1.078507
8492,1000,0.10,900,3,35,0.9805,0.00,linear,92,916.00,1.610263
8493,1000,0.10,900,3,35,0.9870,0.00,linear,93,1008.00,0.936246
8494,1000,0.10,900,3,35,1.0164,0.00,linear,94,982.00,0.277958
8495,1000,0.10,900,3,35,0.9637,0.00,linear,95,972.00,0.376940
8496,1000,0.10,900,3,35,1.0155,0.00,linear,96,974.00,1.009809
8497,1000,0.10,900,3,35,1.0318,0.00,linear,97,954.00,0.225340
8498,1000,0.10,900,3,35,0.9980,0.00,linear,98,971.00,0.314465
8499,1000,0.10,900,3,35,1.0199,0.00,linear,99,956.00,0.163841
8500,1000,0.10,900,3,35,1.0093,0.05,linear,0,984.00,0.091706
8501,1000,0.10,900,3,35,0.9895,0.05,linear,1,961.00,0.507139
8502,1000,0.10,900,3,35,1.0531,0.05,linear,2,1008.00,0.601610
8503,1000,0.10,900,3,35,1.0135,0.05,linear,3,1042.00,1.618468
8504,1000,0.10,900,3,35,0.9874,0.05,linear,4,1041.00,0.800737
8505,1000,0.10,900,3,35,0.9669,0.05,linear,5,993.00,0.334368
8506,1000,0.10,900,3,35,1.0156,0.05,linear,6,1033.00,1.101539
8507,1000,0.10,900,3,35,1.0223,0.05,linear,7,1000.00,0.261636
8508,1000,0.10,900,3,35,0.9644,0.05,linear,8,1036.00,0.501825
8509,1000,0.10,900,3,35,0.9855,0.05,linear,9,986.00,0.254314
8510,1000,0.10,900,3,35,0.9991,0.05,linear,10,1005.00,2.158559
8511,1000,0.10,900,3,35,1.0237,0.05,linear,11,984.00,1.109679
8512,1000,0.10,900,3,35,1.0031,0.05,linear,12,992.00,0.372484
8513,1000,0.10,900,3,35,1.0340,0.05,linear,13,1014.00,0.541654
8514,1000,0.10,900,3,35,1.0305,0.05,linear,14,956.00,0.604682
8515,1000,0.10,900,3,35,1.0256,0.05,linear,15,1031.00,0.984660
8516,1000,0.10,900,3,35,0.9571,0.05,linear,16,1005.00,0.150674
8517,1000,0.10,900,3,35,1.0167,0.05,linear,17,1003.00,0.787159
8518,1000,0.10,900,3,35,0.9809,0.05,linear,18,1004.00,0.074859
8519,1000,0.10,900,3,35,1.0276,0.05,linear,19,1016.00,0.755690
8520,1000,0.10,900,3,35,1.0165,0.05,linear,20,1040.00,0.677589
8521,1000,0.10,900,3,35,1.0023,0.05,linear,21,992.00,0.250221
8522,1000,0.10,900,3,35,1.0165,0.05,linear,22,1004.00,0.046039
8523,1000,0.10,900,3,35,1.0211,0.05,linear,23,976.00,0.725095
8524,1000,0.10,900,3,35,1.0087,0.05,linear,24,1006.00,0.643258
8525,1000,0.10,900,3,35,0.9956,0.05,linear,25,1019.00,0.785623
8526,1000,0.10,900,3,35,1.0039,0.05,linear,26,989.00,0.166789
8527,1000,0.10,900,3,35,1.0067,0.05,linear,27,1015.00,1.926473
8528,1000,0.10,900,3,35,0.9922,0.05,linear,28,962.00,0.224166
8529,1000,0.10,900,3,35,0.9920,0.05,linear,29,1007.00,3.698176
8530,1000,0.10,900,3,35,1.0355,0.05,linear,30,1003.00,0.142277
8531,1000,0.10,900,3,35,1.0594,0.05,linear,31,1015.00,1.326403
8532,1000,0.10,900,3,35,1.0027,0.05,linear,32,999.00,0.751700
8533,1000,0.10,900,3,35,0.9829,0.05,linear,33,1003.00,0.696106
8534,1000,0.10,900,3,35,1.0314,0.05,linear,34,989.00,1.393283
8535,1000,0.10,900,3,35,0.9892,0.05,linear,35,1002.00,0.889790
8536,1000,0.10,900,3,35,1.0349,0.05,linear,36,962.00,1.139253
8537,1000,0.10,900,3,35,1.0335,0.05,linear,37,978.00,0.278854
8538,1000,0.10,900,3,35,0.9699,0.05,linear,38,966.00,1.358601
8539,1000,0.10,900,3,35,1.0009,0.05,linear,39,985.00,0.513516
8540,1000,0.10,900,3,35,0.9537,0.05,linear,40,985.00,0.552155
8541,1000,0.10,900,3,35,0.9637,0.05,linear,41,985.00,0.517167
8542,1000,0.10,900,3,35,1.0151,0.05,linear,42,1012.00,2.067264
8543,1000,0.10,900,3,35,1.0349,0.05,linear,43,947.00,0.662959
8544,1000,0.10,900,3,35,1.0584,0.05,linear,44,1016.00,0.952715
8545,1000,0.10,900,3,35,1.0460,0.05,linear,45,1008.00,0.298366
8546,1000,0.10,900,3,35,1.0414,0.05,linear,46,989.00,0.975726
8547,1000,0.10,900,3,35,1.0007,0.05,linear,47,995.00,0.267899
8548,1000,0.10,900,3,35,1.0034,0.05,linear,48,999.00,1.581647
8549,1000,0.10,900,3,35,0.9928,0.05,linear,49,1015.00,1.516539
8550,1000,0.10,900,3,35,0.9825,0.05,linear,50,1072.00,1.143911
8551,1000,0.10,900,3,35,0.9780,0.05,linear,51,1017.00,0.463049
8552,1000,0.10,900,3,35,1.0244,0.05,linear,52,1033.00,1.101507
8553,1000,0.10,900,3,35,1.0270,0.05,linear,53,1000.00,0.297935
8554,1000,0.10,900,3,35,0.9904,0.05,linear,54,1009.00,0.692416
8555,1000,0.10,900,3,35,1.0109,0.05,linear,55,1044.00,0.457772
8556,1000,0.10,900,3,35,1.0704,0.05,linear,56,982.00,0.748878
8557,1000,0.10,900,3,35,1.0023,0.05,linear,57,989.00,0.134501
8558,1000,0.10,900,3,35,0.9945,0.05,linear,58,1019.00,0.477000
8559,1000,0.10,900,3,35,0.9814,0.05,linear,59,1010.00,0.676655
8560,1000,0.10,900,3,35,0.9773,0.05,linear,60,982.00,0.222425
8561,1000,0.10,900,3,35,1.0169,0.05,linear,61,1016.00,0.250241
8562,1000,0.10,900,3,35,0.9887,0.05,linear,62,1026.00,0.817472
8563,1000,0.10,900,3,35,1.0166,0.05,linear,63,1009.00,0.232624
8564,1000,0.10,900,3,35,1.0010,0.05,linear,64,1024.00,0.103667
8565,1000,0.10,900,3,35,1.0043,0.05,linear,65,1030.00,1.226324
8566,1000,0.10,900,3,35,1.0367,0.05,linear,66,1028.00,0.555314
8567,1000,0.10,900,3,35,1.0235,0.05,linear,67,996.00,0.791810
8568,1000,0.10,900,3,35,1.0317,0.05,linear,68,1027.00,1.126854
8569,1000,0.10,900,3,35,1.0143,0.05,linear,69,962.00,0.543043
8570,1000,0.10,900,3,35,1.0038,0.05,linear,70,993.00,0.975479
8571,1000,0.10,900,3,35,1.0085,0.05,linear,71,994.00,0.807197
8572,1000,0.10,900,3,35,0.9977,0.05,linear,72,1021.00,0.999237
8573,1000,0.10,900,3,35,1.0484,0.05,linear,73,994.00,0.176414
8574,1000,0.10,900,3,35,1.0368,0.05,linear,74,1047.00,0.766125
8575,1000,0.10,900,3,35,1.0201,0.05,linear,75,985.00,0.287617
8576,1000,0.10,900,3,35,0.9825,0.05,linear,76,981.00,0.568757
8577,1000,0.10,900,3,35,1.0069,0.05,linear,77,1004.00,0.666818
8578,1000,0.10,900,3,35,1.0235,0.05,linear,78,936.00,0.331454
8579,1000,0.10,900,3,35,1.0295,0.05,linear,79,982.00,0.141608
8580,1000,0.10,900,3,35,0.9936,0.05,linear,80,1004.00,0.212319
8581,1000,0.10,900,3,35,0.9958,0.05,linear,81,986.00,1.419571
8582,1000,0.10,900,3,35,1.0362,0.05,linear,82,1002.00,1.024258
8583,1000,0.10,900,3,35,1.0271,0.05,linear,83,1002.00,0.137332
8584,1000,0.10,900,3,35,0.9740,0.05,linear,84,990.00,0.226652
8585,1000,0.10,900,3,35,1.0240,0.05,linear,85,1038.00,0.167587
8586,1000,0.10,900,3,35,1.0522,0.05,linear,86,969.00,0.231398
8587,1000,0.10,900,3,35,1.0444,0.05,linear,87,1010.00,2.085548
8588,1000,0.10,900,3,35,0.9859,0.05,linear,88,994.00,0.886236
8589,1000,0.10,900,3,35,1.0110,0.05,linear,89,986.00,1.304002
8590,1000,0.10,900,3,35,1.0445,0.05,linear,90,1017.00,1.573156
8591,1000,0.10,900,3,35,0.9954,0.05,linear,91,997.00,0.208978
8592,1000,0.10,900,3,35,0.9881,0.05,linear,92,990.00,0.590850
8593,1000,0.10,900,3,35,1.0159,0.05,linear,93,1003.00,0.037576
8594,1000,0.10,900,3,35,0.9808,0.05,linear,94,1004.00,0.211964
8595,1000,0.10,900,3,35,0.9909,0.05,linear,95,1003.00,0.610030
8596,1000,0.10,900,3,35,1.0227,0.05,linear,96,1004.00,0.191898
8597,1000,0.10,900,3,35,0.9708,0.05,linear,97,1020.00,0.978128
8598,1000,0.10,900,3,35,1.0203,0.05,linear,98,997.00,0.249912
8599,1000,0.10,900,3,35,0.9942,0.05,linear,99,1002.00,0.035504
8600,1000,0.10,900,3,35,0.9709,0.10,linear,0,1037.00,0.218311
8601,1000,0.10,900,3,35,1.0332,0.10,linear,1,1057.00,1.190841
8602,1000,0.10,900,3,35,1.0287,0.10,linear,2,1022.00,0.163859
8603,1000,0.10,900,3,35,1.0500,0.10,linear,3,1030.00,0.055014
8604,1000,0.10,900,3,35,1.0727,0.10,linear,4,1005.00,0.411631
8605,1000,0.10,900,3,35,1.0183,0.10,linear,5,1014.00,0.494117
8606,1000,0.10,900,3,35,1.0449,0.10,linear,6,960.00,0.347716
8607,1000,0.10,900,3,35,1.0522,0.10,linear,7,973.00,0.110435
8608,1000,0.10,900,3,35,0.9769,0.10,linear,8,1030.00,0.535361
8609,1000,0.10,900,3,35,1.0338,0.10,linear,9,1044.00,1.577922
8610,1000,0.10,900,3,35,1.0290,0.10,linear,10,1084.00,1.447033
8611,1000,0.10,900,3,35,0.9542,0.10,linear,11,998.00,1.286577
8612,1000,0.10,900,3,35,1.0157,0.10,linear,12,939.00,0.509359
8613,1000,0.10,900,3,35,1.0492,0.10,linear,13,932.00,0.425288
8614,1000,0.10,900,3,35,1.0062,0.10,linear,14,1021.00,1.979938
8615,1000,0.10,900,3,35,1.0140,0.10,linear,15,991.00,0.923787
8616,1000,0.10,900,3,35,1.0264,0.10,linear,16,979.00,0.122497
8617,1000,0.10,900,3,35,0.9989,0.10,linear,17,978.00,1.372944
8618,1000,0.10,900,3,35,1.0091,0.10,linear,18,973.00,0.727879
8619,1000,0.10,900,3,35,0.9988,0.10,linear,19,999.00,0.062474
8620,1000,0.10,900,3,35,1.0260,0.10,linear,20,948.00,0.694546
8621,1000,0.10,900,3,35,0.9786,0.10,linear,21,1020.00,2.302145
8622,1000,0.10,900,3,35,1.0065,0.10,linear,22,983.00,1.227654
8623,1000,0.10,900,3,35,1.0040,0.10,linear,23,953.00,0.549867
8624,1000,0.10,900,3,35,1.0254,0.10,linear,24,983.00,1.155350
8625,1000,0.10,900,3,35,1.0118,0.10,linear,25,974.00,0.233628
8626,1000,0.10,900,3,35,1.0266,0.10,linear,26,972.00,0.212931
8627,1000,0.10,900,3,35,1.0093,0.10,linear,27,1003.00,0.039120
8628,1000,0.10,900,3,35,1.0302,0.10,linear,28,971.00,0.072869
8629,1000,0.10,900,3,35,1.0201,0.10,linear,29,941.00,0.811137
8630,1000,0.10,900,3,35,1.0183,0.10,linear,30,1014.00,0.338417
8631,1000,0.10,900,3,35,1.0122,0.10,linear,31,998.00,1.557819
8632,1000,0.10,900,3,35,0.9992,0.10,linear,32,953.00,0.781306
8633,1000,0.10,900,3,35,1.0728,0.10,linear,33,1004.00,0.819468
8634,1000,0.10,900,3,35,1.0174,0.10,linear,34,977.00,0.129540
8635,1000,0.10,900,3,35,0.9773,0.10,linear,35,967.00,1.360310
8636,1000,0.10,900,3,35,1.0087,0.10,linear,36,977.00,1.127728
8637,1000,0.10,900,3,35,0.9893,0.10,linear,37,934.00,0.364231
8638,1000,0.10,900,3,35,1.0385,0.10,linear,38,949.00,0.352574
8639,1000,0.10,900,3,35,1.0078,0.10,linear,39,976.00,1.251076
8640,1000,0.10,900,3,35,1.0482,0.10,linear,40,1032.00,0.618550
8641,1000,0.10,900,3,35,1.0087,0.10,linear,41,970.00,0.809421
8642,1000,0.10,900,3,35,1.0280,0.10,linear,42,968.00,0.439045
8643,1000,0.10,900,3,35,1.0411,0.10,linear,43,996.00,1.100711
8644,1000,0.10,900,3,35,0.9984,0.10,linear,44,972.00,0.224128
8645,1000,0.10,900,3,35,0.9947,0.10,linear,45,962.00,1.300550
8646,1000,0.10,900,3,35,1.0432,0.10,linear,46,949.00,1.709304
8647,1000,0.10,900,3,35,1.0277,0.10,linear,47,1816.00,1.184706
8648,1000,0.10,900,3,35,1.0520,0.10,linear,48,956.00,1.212168
8649,1000,0.10,900,3,35,0.9943,0.10,linear,49,983.00,0.267273
8650,1000,0.10,900,3,35,1.0409,0.10,linear,50,949.00,0.723560
8651,1000,0.10,900,3,35,1.0282,0.10,linear,51,985.00,0.673028
8652,1000,0.10,900,3,35,1.0436,0.10,linear,52,1006.00,0.758892
8653,1000,0.10,900,3,35,1.0264,0.10,linear,53,1006.00,0.515815
8654,1000,0.10,900,3,35,1.0024,0.10,linear,54,967.00,0.426806
8655,1000,0.10,900,3,35,1.0010,0.10,linear,55,1052.00,0.796350
8656,1000,0.10,900,3,35,1.0206,0.10,linear,56,1003.00,1.628544
8657,1000,0.10,900,3,35,1.0008,0.10,linear,57,978.00,0.188007
8658,1000,0.10,900,3,35,0.9625,0.10,linear,58,945.00,0.197575
8659,1000,0.10,900,3,35,1.0353,0.10,linear,59,966.00,1.327204
8660,1000,0.10,900,3,35,1.0437,0.10,linear,60,965.00,0.614332
8661,1000,0.10,900,3,35,0.9679,0.10,linear,61,982.00,0.963842
8662,1000,0.10,900,3,35,0.9784,0.10,linear,62,982.00,0.255892
8663,1000,0.10,900,3,35,1.0429,0.10,linear,63,989.00,0.241414
8664,1000,0.10,900,3,35,1.0013,0.10,linear,64,1004.00,0.504214
8665,1000,0.10,900,3,35,1.0422,0.10,linear,65,954.00,0.131423
8666,1000,0.10,900,3,35,1.0261,0.10,linear,66,970.00,0.952881
8667,1000,0.10,900,3,35,1.0208,0.10,linear,67,984.00,0.467525
8668,1000,0.10,900,3,35,1.0481,0.10,linear,68,978.00,0.146946
8669,1000,0.10,900,3,35,1.0286,0.10,linear,69,1016.00,1.380175
8670,1000,0.10,900,3,35,1.0120,0.10,linear,70,964.00,0.315247
8671,1000,0.10,900,3,35,1.0233,0.10,linear,71,965.00,0.976397
8672,1000,0.10,900,3,35,1.0603,0.10,linear,72,975.00,1.665113
8673,1000,0.10,900,3,35,1.0454,0.10,linear,73,985.00,0.362150
8674,1000,0.10,900,3,35,1.0431,0.10,linear,74,976.00,0.510068
8675,1000,0.10,900,3,35,1.0242,0.10,linear,75,968.00,0.618566
8676,1000,0.10,900,3,35,1.0135,0.10,linear,76,998.00,0.304281
8677,1000,0.10,900,3,35,1.0034,0.10,linear,77,1021.00,0.791242
8678,1000,0.10,900,3,35,1.0881,0.10,linear,78,1000.00,0.873870
8679,1000,0.10,900,3,35,1.0012,0.10,linear,79,985.00,0.385899
8680,1000,0.10,900,3,35,1.0382,0.10,linear,80,982.00,0.274443
8681,1000,0.10,900,3,35,1.0066,0.10,linear,81,954.00,0.595402
8682,1000,0.10,900,3,35,1.0203,0.10,linear,82,993.00,1.472873
8683,1000,0.10,900,3,35,1.0057,0.10,linear,83,1000.00,0.467602
8684,1000,0.10,900,3,35,0.9664,0.10,linear,84,994.00,0.134901
8685,1000,0.10,900,3,35,1.0054,0.10,linear,85,1017.00,0.315326
8686,1000,0.10,900,3,35,1.0547,0.10,linear,86,991.00,1.489581
8687,1000,0.10,900,3,35,1.0296,0.10,linear,87,981.00,0.116053
8688,1000,0.10,900,3,35,1.0224,0.10,linear,88,965.00,0.091848
8689,1000,0.10,900,3,35,1.0125,0.10,linear,89,998.00,0.679159
8690,1000,0.10,900,3,35,1.0371,0.10,linear,90,997.00,0.215477
8691,1000,0.10,900,3,35,1.0403,0.10,linear,91,1038.00,0.082062
8692,1000,0.10,900,3,35,1.0389,0.10,linear,92,1006.00,0.903309
8693,1000,0.10,900,3,35,1.0281,0.10,linear,93,954.00,0.659004
8694,1000,0.10,900,3,35,1.0370,0.10,linear,94,1041.00,1.317467
8695,1000,0.10,900,3,35,1.0181,0.10,linear,95,979.00,0.260071
8696,1000,0.10,900,3,35,0.9947,0.10,linear,96,952.00,0.736985
8697,1000,0.10,900,3,35,1.0234,0.10,linear,97,980.00,1.066733
8698,1000,0.10,900,3,35,1.0059,0.10,linear,98,1017.00,1.344793
8699,1000,0.10,900,3,35,0.9926,0.10,linear,99,995.00,0.604879
8700,1000,0.10,900,3,35,1.0362,0.15,linear,0,1013.00,1.370874
8701,1000,0.10,900,3,35,0.9950,0.15,linear,1,982.00,0.436119
8702,1000,0.10,900,3,35,1.0186,0.15,linear,2,981.00,0.157493
8703,1000,0.10,900,3,35,1.0078,0.15,linear,3,979.00,1.491491
8704,1000,0.10,900,3,35,1.0379,0.15,linear,4,964.00,0.075523
8705,1000,0.10,900,3,35,1.0457,0.15,linear,5,948.00,0.949059
8706,1000,0.10,900,3,35,1.0479,0.15,linear,6,975.00,1.378542
8707,1000,0.10,900,3,35,1.0000,0.15,linear,7,983.00,0.182861
8708,1000,0.10,900,3,35,1.0569,0.15,linear,8,982.00,0.526073
8709,1000,0.10,900,3,35,1.0104,0.15,linear,9,1008.00,0.997375
8710,1000,0.10,900,3,35,1.0467,0.15,linear,10,989.00,1.680257
8711,1000,0.10,900,3,35,1.0361,0.15,linear,11,955.00,0.932268
8712,1000,0.10,900,3,35,1.0054,0.15,linear,12,1015.00,0.700587
8713,1000,0.10,900,3,35,0.9987,0.15,linear,13,1011.00,0.462374
8714,1000,0.10,900,3,35,1.0619,0.15,linear,14,996.00,1.259096
8715,1000,0.10,900,3,35,1.0714,0.15,linear,15,912.00,1.118141
8716,1000,0.10,900,3,35,1.0095,0.15,linear,16,934.00,0.471685
8717,1000,0.10,900,3,35,0.9998,0.15,linear,17,998.00,1.583890
8718,1000,0.10,900,3,35,1.0564,0.15,linear,18,1024.00,0.563767
8719,1000,0.10,900,3,35,0.9981,0.15,linear,19,987.00,0.366394
8720,1000,0.10,900,3,35,1.0730,0.15,linear,20,994.00,1.613521
8721,1000,0.10,900,3,35,1.0118,0.15,linear,21,1000.00,1.365077
8722,1000,0.10,900,3,35,1.0162,0.15,linear,22,984.00,0.355749
8723,1000,0.10,900,3,35,1.0127,0.15,linear,23,1029.00,1.430296
8724,1000,0.10,900,3,35,1.0094,0.15,linear,24,1035.00,0.907398
8725,1000,0.10,900,3,35,1.0052,0.15,linear,25,994.00,0.092037
8726,1000,0.10,900,3,35,1.0150,0.15,linear,26,998.00,1.615973
8727,1000,0.10,900,3,35,1.0183,0.15,linear,27,979.00,0.987511
8728,1000,0.10,900,3,35,1.0045,0.15,linear,28,1034.00,0.129181
8729,1000,0.10,900,3,35,1.0725,0.15,linear,29,1002.00,1.761741
8730,1000,0.10,900,3,35,1.0184,0.15,linear,30,964.00,0.492636
8731,1000,0.10,900,3,35,1.0350,0.15,linear,31,975.00,0.175374
8732,1000,0.10,900,3,35,1.0122,0.15,linear,32,994.00,0.130208
8733,1000,0.10,900,3,35,1.0424,0.15,linear,33,1011.00,0.802897
8734,1000,0.10,900,3,35,1.0269,0.15,linear,34,985.00,0.818462
8735,1000,0.10,900,3,35,0.9952,0.15,linear,35,977.00,1.127689
8736,1000,0.10,900,3,35,1.0174,0.15,linear,36,1015.00,0.153594
8737,1000,0.10,900,3,35,0.9880,0.15,linear,37,1013.00,0.178135
8738,1000,0.10,900,3,35,1.0425,0.15,linear,38,1023.00,0.405935
8739,1000,0.10,900,3,35,1.0162,0.15,linear,39,1523.00,0.382192
8740,1000,0.10,900,3,35,0.9885,0.15,linear,40,978.00,0.389582
8741,1000,0.10,900,3,35,0.9975,0.15,linear,41,1018.00,0.530981
8742,1000,0.10,900,3,35,1.0199,0.15,linear,42,976.00,1.154838
8743,1000,0.10,900,3,35,1.0764,0.15,linear,43,996.00,0.955323
8744,1000,0.10,900,3,35,1.0202,0.15,linear,44,976.00,0.480919
8745,1000,0.10,900,3,35,1.0138,0.15,linear,45,1001.00,0.936087
8746,1000,0.10,900,3,35,1.0389,0.15,linear,46,1010.00,0.764680
8747,1000,0.10,900,3,35,1.0440,0.15,linear,47,1033.00,1.110592
8748,1000,0.10,900,3,35,1.0090,0.15,linear,48,949.00,0.265718
8749,1000,0.10,900,3,35,1.0514,0.15,linear,49,1020.00,0.269042
8750,1000,0.10,900,3,35,1.0132,0.15,linear,50,1012.00,0.170521
8751,1000,0.10,900,3,35,1.0109,0.15,linear,51,1002.00,1.224340
8752,1000,0.10,900,3,35,1.0422,0.15,linear,52,955.00,0.558728
8753,1000,0.10,900,3,35,1.0112,0.15,linear,53,987.00,0.730372
8754,1000,0.10,900,3,35,1.0255,0.15,linear,54,986.00,0.923069
8755,1000,0.10,900,3,35,1.0498,0.15,linear,55,992.00,0.586672
8756,1000,0.10,900,3,35,1.0121,0.15,linear,56,970.00,0.464034
8757,1000,0.10,900,3,35,1.0460,0.15,linear,57,1021.00,0.302869
8758,1000,0.10,900,3,35,0.9679,0.15,linear,58,1004.00,0.547793
8759,1000,0.10,900,3,35,1.0274,0.15,linear,59,1008.00,0.515493
8760,1000,0.10,900,3,35,0.9853,0.15,linear,60,987.00,0.700482
8761,1000,0.10,900,3,35,0.9819,0.15,linear,61,984.00,0.128775
8762,1000,0.10,900,3,35,1.0317,0.15,linear,62,1006.00,0.541798
8763,1000,0.10,900,3,35,1.0200,0.15,linear,63,1013.00,0.100622
8764,1000,0.10,900,3,35,1.0284,0.15,linear,64,984.00,0.328397
8765,1000,0.10,900,3,35,1.0011,0.15,linear,65,1016.00,0.712996
8766,1000,0.10,900,3,35,1.0433,0.15,linear,66,1029.00,0.931796
8767,1000,0.10,900,3,35,1.0233,0.15,linear,67,983.00,0.758073
8768,1000,0.10,900,3,35,1.0616,0.15,linear,68,1012.00,0.980033
8769,1000,0.10,900,3,35,1.0037,0.15,linear,69,1036.00,0.688268
8770,1000,0.10,900,3,35,1.0280,0.15,linear,70,1023.00,0.214338
8771,1000,0.10,900,3,35,1.0394,0.15,linear,71,1010.00,0.605233
8772,1000,0.10,900,3,35,1.0349,0.15,linear,72,1025.00,0.107886
8773,1000,0.10,900,3,35,1.0003,0.15,linear,73,994.00,1.191481
8774,1000,0.10,900,3,35,1.0348,0.15,linear,74,970.00,0.744411
8775,1000,0.10,900,3,35,0.9680,0.15,linear,75,1017.00,2.054101
8776,1000,0.10,900,3,35,1.0357,0.15,linear,76,975.00,0.290242
8777,1000,0.10,900,3,35,1.0124,0.15,linear,77,987.00,0.683091
8778,1000,0.10,900,3,35,0.9785,0.15,linear,78,1001.00,0.344328
8779,1000,0.10,900,3,35,1.0250,0.15,linear,79,967.00,0.663395
8780,1000,0.10,900,3,35,1.0179,0.15,linear,80,969.00,0.239414
8781,1000,0.10,900,3,35,1.0363,0.15,linear,81,1000.00,1.031656
8782,1000,0.10,900,3,35,1.0452,0.15,linear,82,971.00,0.237836
8783,1000,0.10,900,3,35,0.9941,0.15,linear,83,1014.00,0.629805
8784,1000,0.10,900,3,35,1.0232,0.15,linear,84,988.00,0.435522
8785,1000,0.10,900,3,35,0.9757,0.15,linear,85,1016.00,0.567864
8786,1000,0.10,900,3,35,1.0175,0.15,linear,86,965.00,0.112498
8787,1000,0.10,900,3,35,1.0592,0.15,linear,87,1044.00,1.256825
8788,1000,0.10,900,3,35,1.0311,0.15,linear,88,965.00,0.364507
8789,1000,0.10,900,3,35,1.0205,0.15,linear,89,1005.00,0.297664
8790,1000,0.10,900,3,35,1.0239,0.15,linear,90,1000.00,0.709857
8791,1000,0.10,900,3,35,1.0154,0.15,linear,91,1047.00,0.719777
8792,1000,0.10,900,3,35,1.0165,0.15,linear,92,965.00,1.765831
8793,1000,0.10,900,3,35,1.0287,0.15,linear,93,1013.00,0.657860
8794,1000,0.10,900,3,35,1.0422,0.15,linear,94,1030.00,0.327817
8795,1000,0.10,900,3,35,1.0106,0.15,linear,95,1001.00,0.322802
8796,1000,0.10,900,3,35,1.0196,0.15,linear,96,1011.00,0.343545
8797,1000,0.10,900,3,35,1.0290,0.15,linear,97,972.00,1.794251
8798,1000,0.10,900,3,35,1.0417,0.15,linear,98,1007.00,1.601605
8799,1000,0.10,900,3,35,1.0407,0.15,linear,99,1034.00,0.454636
8800,1000,0.10,900,3,35,1.0775,0.20,linear,0,1022.00,1.453222
8801,1000,0.10,900,3,35,0.9922,0.20,linear,1,1010.00,0.725983
8802,1000,0.10,900,3,35,1.0158,0.20,linear,2,995.00,0.106333
8803,1000,0.10,900,3,35,1.0234,0.20,linear,3,1017.00,0.313232
8804,1000,0.10,900,3,35,1.0310,0.20,linear,4,996.00,2.140556
8805,1000,0.10,900,3,35,1.0439,0.20,linear,5,995.00,0.821937
8806,1000,0.10,900,3,35,1.0704,0.20,linear,6,1018.00,1.216324
8807,1000,0.10,900,3,35,1.0623,0.20,linear,7,1001.00,1.187147
8808,1000,0.10,900,3,35,1.0160,0.20,linear,8,992.00,0.767186
8809,1000,0.10,900,3,35,1.0047,0.20,linear,9,1027.00,0.207389
8810,1000,0.10,900,3,35,1.0229,0.20,linear,10,961.00,0.909183
8811,1000,0.10,900,3,35,1.0334,0.20,linear,11,1059.00,0.049430
8812,1000,0.10,900,3,35,1.0912,0.20,linear,12,1012.00,0.906656
8813,1000,0.10,900,3,35,1.0500,0.20,linear,13,969.00,0.255113
8814,1000,0.10,900,3,35,0.9695,0.20,linear,14,989.00,0.154955
8815,1000,0.10,900,3,35,1.0039,0.20,linear,15,971.00,0.677353
8816,1000,0.10,900,3,35,0.9653,0.20,linear,16,986.00,0.287109
8817,1000,0.10,900,3,35,1.0548,0.20,linear,17,1025.00,0.486821
8818,1000,0.10,900,3,35,1.0547,0.20,linear,18,985.00,0.756277
8819,1000,0.10,900,3,35,1.0666,0.20,linear,19,986.00,0.270149
8820,1000,0.10,900,3,35,1.0523,0.20,linear,20,1029.00,1.137693
8821,1000,0.10,900,3,35,1.0602,0.20,linear,21,1013.00,0.301060
8822,1000,0.10,900,3,35,1.0204,0.20,linear,22,1034.00,1.231585
8823,1000,0.10,900,3,35,1.0693,0.20,linear,23,1001.00,0.219616
8824,1000,0.10,900,3,35,1.0256,0.20,linear,24,1007.00,0.395619
8825,1000,0.10,900,3,35,0.9722,0.20,linear,25,1038.00,0.470259
8826,1000,0.10,900,3,35,1.0295,0.20,linear,26,950.00,0.173639
8827,1000,0.10,900,3,35,1.0247,0.20,linear,27,994.00,1.291932
8828,1000,0.10,900,3,35,1.0639,0.20,linear,28,986.00,1.580609
8829,1000,0.10,900,3,35,1.0546,0.20,linear,29,1009.00,0.694962
8830,1000,0.10,900,3,35,1.0347,0.20,linear,30,995.00,0.360536
8831,1000,0.10,900,3,35,1.0287,0.20,linear,31,983.00,1.024004
8832,1000,0.10,900,3,35,1.0711,0.20,linear,32,994.00,0.839149
8833,1000,0.10,900,3,35,0.9588,0.20,linear,33,1035.00,0.378758
8834,1000,0.10,900,3,35,1.0918,0.20,linear,34,1009.00,1.752449
8835,1000,0.10,900,3,35,1.0300,0.20,linear,35,1031.00,1.682155
8836,1000,0.10,900,3,35,1.0417,0.20,linear,36,998.00,0.485982
8837,1000,0.10,900,3,35,0.9884,0.20,linear,37,1022.00,0.278205
8838,1000,0.10,900,3,35,1.0399,0.20,linear,38,1012.00,0.685732
8839,1000,0.10,900,3,35,1.0131,0.20,linear,39,991.00,0.873049
8840,1000,0.10,900,3,35,1.0188,0.20,linear,40,964.00,1.139758
8841,1000,0.10,900,3,35,1.0556,0.20,linear,41,979.00,0.476054
8842,1000,0.10,900,3,35,1.0386,0.20,linear,42,981.00,1.393370
8843,1000,0.10,900,3,35,1.0517,0.20,linear,43,1005.00,0.621864
8844,1000,0.10,900,3,35,1.0666,0.20,linear,44,1001.00,1.218806
8845,1000,0.10,900,3,35,1.0318,0.20,linear,45,972.00,0.512576
8846,1000,0.10,900,3,35,1.0307,0.20,linear,46,1009.00,0.413910
8847,1000,0.10,900,3,35,1.0294,0.20,linear,47,980.00,0.883775
8848,1000,0.10,900,3,35,1.0276,0.20,linear,48,988.00,2.599388
8849,1000,0.10,900,3,35,1.0180,0.20,linear,49,991.00,0.215195
8850,1000,0.10,900,3,35,0.9893,0.20,linear,50,1000.00,1.030391
8851,1000,0.10,900,3,35,1.0163,0.20,linear,51,1028.00,0.625654
8852,1000,0.10,900,3,35,1.0128,0.20,linear,52,960.00,0.262432
8853,1000,0.10,900,3,35,1.0519,0.20,linear,53,976.00,0.384116
8854,1000,0.10,900,3,35,1.0060,0.20,linear,54,986.00,0.924674
8855,1000,0.10,900,3,35,1.0610,0.20,linear,55,987.00,1.545523
8856,1000,0.10,900,3,35,1.0520,0.20,linear,56,974.00,0.640876
8857,1000,0.10,900,3,35,1.0700,0.20,linear,57,991.00,0.490020
8858,1000,0.10,900,3,35,1.0178,0.20,linear,58,1022.00,0.660426
8859,1000,0.10,900,3,35,1.0692,0.20,linear,59,1043.00,1.657340
8860,1000,0.10,900,3,35,1.0119,0.20,linear,60,981.00,0.383544
8861,1000,0.10,900,3,35,0.9905,0.20,linear,61,1004.00,1.125193
8862,1000,0.10,900,3,35,1.0209,0.20,linear,62,988.00,0.462673
8863,1000,0.10,900,3,35,1.0337,0.20,linear,63,982.00,1.254927
8864,1000,0.10,900,3,35,1.0500,0.20,linear,64,981.00,1.278731
8865,1000,0.10,900,3,35,1.0243,0.20,linear,65,1036.00,0.593054
8866,1000,0.10,900,3,35,1.0098,0.20,linear,66,1008.00,0.443036
8867,1000,0.10,900,3,35,1.0639,0.20,linear,67,1013.00,0.771037
8868,1000,0.10,900,3,35,1.0586,0.20,linear,68,1022.00,0.997815
8869,1000,0.10,900,3,35,1.0271,0.20,linear,69,996.00,1.113316
8870,1000,0.10,900,3,35,1.0200,0.20,linear,70,1013.00,1.514830
8871,1000,0.10,900,3,35,1.0701,0.20,linear,71,1000.00,0.151935
8872,1000,0.10,900,3,35,1.0482,0.20,linear,72,989.00,0.183913
8873,1000,0.10,900,3,35,0.9839,0.20,linear,73,1006.00,0.383404
8874,1000,0.10,900,3,35,1.0094,0.20,linear,74,1014.00,0.537037
8875,1000,0.10,900,3,35,1.0334,0.20,linear,75,1017.00,0.340050
8876,1000,0.10,900,3,35,1.0112,0.20,linear,76,993.00,0.225499
8877,1000,0.10,900,3,35,0.9832,0.20,linear,77,979.00,1.002039
8878,1000,0.10,900,3,35,1.0450,0.20,linear,78,1029.00,0.616663
8879,1000,0.10,900,3,35,1.0431,0.20,linear,79,999.00,0.337481
8880,1000,0.10,900,3,35,1.0141,0.20,linear,80,1003.00,2.011138
8881,1000,0.10,900,3,35,0.9934,0.20,linear,81,1018.00,1.101810
8882,1000,0.10,900,3,35,1.0202,0.20,linear,82,994.00,0.586176
8883,1000,0.10,900,3,35,0.9908,0.20,linear,83,999.00,1.024605
8884,1000,0.10,900,3,35,1.0755,0.20,linear,84,1004.00,0.218675
8885,1000,0.10,900,3,35,1.0292,0.20,linear,85,1018.00,0.362589
8886,1000,0.10,900,3,35,1.0297,0.20,linear,86,1012.00,0.725115
8887,1000,0.10,900,3,35,0.9983,0.20,linear,87,1014.00,0.119644
8888,1000,0.10,900,3,35,1.0314,0.20,linear,88,1010.00,0.231906
8889,1000,0.10,900,3,35,1.0284,0.20,linear,89,1036.00,0.242414
8890,1000,0.10,900,3,35,1.0559,0.20,linear,90,1000.00,0.623294
8891,1000,0.10,900,3,35,1.0448,0.20,linear,91,988.00,0.522473
8892,1000,0.10,900,3,35,1.0220,0.20,linear,92,1023.00,1.622458
8893,1000,0.10,900,3,35,1.0342,0.20,linear,93,1008.00,0.172532
8894,1000,0.10,900,3,35,1.0335,0.20,linear,94,1017.00,0.353274
8895,1000,0.10,900,3,35,1.0401,0.20,linear,95,1005.00,0.438796
8896,1000,0.10,900,3,35,0.9900,0.20,linear,96,1013.00,1.095742
8897,1000,0.10,900,3,35,1.0554,0.20,linear,97,1006.00,1.413304
8898,1000,0.10,900,3,35,1.0506,0.20,linear,98,977.00,0.583580
8899,1000,0.10,900,3,35,1.0358,0.20,linear,99,1057.00,0.920279
8900,1000,0.10,900,3,35,1.0350,0.25,linear,0,1027.00,0.126839
8901,1000,0.10,900,3,35,1.0209,0.25,linear,1,1000.00,0.778958
8902,1000,0.10,900,3,35,0.9969,0.25,linear,2,981.00,1.029045
8903,1000,0.10,900,3,35,1.0492,0.25,linear,3,1034.00,0.229720
8904,1000,0.10,900,3,35,1.0295,0.25,linear,4,1030.00,1.262609
8905,1000,0.10,900,3,35,1.0701,0.25,linear,5,1004.00,0.062984
8906,1000,0.10,900,3,35,1.0069,0.25,linear,6,980.00,0.505543
8907,1000,0.10,900,3,35,1.0476,0.25,linear,7,1021.00,1.391616
8908,1000,0.10,900,3,35,1.0414,0.25,linear,8,994.00,1.627785
8909,1000,0.10,900,3,35,1.0463,0.25,linear,9,1018.00,0.381933
8910,1000,0.10,900,3,35,1.0025,0.25,linear,10,1023.00,1.033677
8911,1000,0.10,900,3,35,1.0394,0.25,linear,11,995.00,0.420167
8912,1000,0.10,900,3,35,0.9995,0.25,linear,12,967.00,0.210153
8913,1000,0.10,900,3,35,1.0402,0.25,linear,13,1006.00,0.532327
8914,1000,0.10,900,3,35,1.0430,0.25,linear,14,989.00,0.291281
8915,1000,0.10,900,3,35,1.0033,0.25,linear,15,996.00,0.178553
8916,1000,0.10,900,3,35,1.0147,0.25,linear,16,989.00,0.098664
8917,1000,0.10,900,3,35,1.0007,0.25,linear,17,952.00,0.080568
8918,1000,0.10,900,3,35,1.0072,0.25,linear,18,1004.00,0.236936
8919,1000,0.10,900,3,35,1.0174,0.25,linear,19,1013.00,1.049591
8920,1000,0.10,900,3,35,1.0187,0.25,linear,20,1040.00,1.078437
8921,1000,0.10,900,3,35,1.0476,0.25,linear,21,1012.00,1.267244
8922,1000,0.10,900,3,35,1.0417,0.25,linear,22,1025.00,1.262658
8923,1000,0.10,900,3,35,1.0770,0.25,linear,23,960.00,0.260502
8924,1000,0.10,900,3,35,1.0342,0.25,linear,24,1016.00,0.469263
8925,1000,0.10,900,3,35,1.0677,0.25,linear,25,970.00,0.453475
8926,1000,0.10,900,3,35,1.0384,0.25,linear,26,981.00,0.460183
8927,1000,0.10,900,3,35,1.0555,0.25,linear,27,993.00,0.213023
8928,1000,0.10,900,3,35,1.0200,0.25,linear,28,1047.00,1.881370
8929,1000,0.10,900,3,35,1.0136,0.25,linear,29,1033.00,0.226349
8930,1000,0.10,900,3,35,1.0188,0.25,linear,30,1002.00,0.788640
8931,1000,0.10,900,3,35,1.0396,0.25,linear,31,987.00,0.998334
8932,1000,0.10,900,3,35,1.0261,0.25,linear,32,1004.00,0.477856
8933,1000,0.10,900,3,35,0.9851,0.25,linear,33,1014.00,0.874171
8934,1000,0.10,900,3,35,1.0301,0.25,linear,34,1039.00,0.404936
8935,1000,0.10,900,3,35,1.0252,0.25,linear,35,999.00,0.252125
8936,1000,0.10,900,3,35,1.0516,0.25,linear,36,1008.00,0.910727
8937,1000,0.10,900,3,35,1.0197,0.25,linear,37,1015.00,0.901184
8938,1000,0.10,900,3,35,1.0253,0.25,linear,38,990.00,0.833792
8939,1000,0.10,900,3,35,1.0209,0.25,linear,39,962.00,1.413206
8940,1000,0.10,900,3,35,1.0095,0.25,linear,40,938.00,0.383422
8941,1000,0.10,900,3,35,1.0552,0.25,linear,41,981.00,0.277867
8942,1000,0.10,900,3,35,1.0255,0.25,linear,42,1076.00,0.248500
8943,1000,0.10,900,3,35,1.0447,0.25,linear,43,968.00,1.981884
8944,1000,0.10,900,3,35,1.0212,0.25,linear,44,1008.00,2.384037
8945,1000,0.10,900,3,35,1.0475,0.25,linear,45,1015.00,0.559614
8946,1000,0.10,900,3,35,1.0312,0.25,linear,46,965.00,0.598655
8947,1000,0.10,900,3,35,1.0053,0.25,linear,47,1009.00,0.846099
8948,1000,0.10,900,3,35,1.0259,0.25,linear,48,999.00,0.217869
8949,1000,0.10,900,3,35,1.0000,0.25,linear,49,1005.00,0.203500
8950,1000,0.10,900,3,35,0.9810,0.25,linear,50,1019.00,2.015637
8951,1000,0.10,900,3,35,1.0500,0.25,linear,51,986.00,0.167962
8952,1000,0.10,900,3,35,1.0872,0.25,linear,52,1020.00,0.849156
8953,1000,0.10,900,3,35,1.0358,0.25,linear,53,982.00,0.249646
8954,1000,0.10,900,3,35,0.9902,0.25,linear,54,1006.00,0.277269
8955,1000,0.10,900,3,35,1.0000,0.25,linear,55,978.00,0.944415
8956,1000,0.10,900,3,35,1.0783,0.25,linear,56,1031.00,0.280503
8957,1000,0.10,900,3,35,1.0317,0.25,linear,57,997.00,0.210092
8958,1000,0.10,900,3,35,1.0165,0.25,linear,58,955.00,0.567398
8959,1000,0.10,900,3,35,1.0552,0.25,linear,59,945.00,0.776364
8960,1000,0.10,900,3,35,1.0272,0.25,linear,60,937.00,0.895469
8961,1000,0.10,900,3,35,1.0464,0.25,linear,61,1010.00,0.695414
8962,1000,0.10,900,3,35,1.0466,0.25,linear,62,970.00,0.744885
8963,1000,0.10,900,3,35,1.0668,0.25,linear,63,1005.00,0.697477
8964,1000,0.10,900,3,35,1.0092,0.25,linear,64,997.00,1.785587
8965,1000,0.10,900,3,35,1.0612,0.25,linear,65,985.00,0.207039
8966,1000,0.10,900,3,35,1.0193,0.25,linear,66,952.00,0.969756
8967,1000,0.10,900,3,35,1.0293,0.25,linear,67,999.00,0.183894
8968,1000,0.10,900,3,35,0.9863,0.25,linear,68,993.00,0.446931
8969,1000,0.10,900,3,35,1.0226,0.25,linear,69,982.00,0.339207
8970,1000,0.10,900,3,35,1.0175,0.25,linear,70,958.00,0.809889
8971,1000,0.10,900,3,35,1.0706,0.25,linear,71,967.00,0.429101
8972,1000,0.10,900,3,35,1.0140,0.25,linear,72,955.00,0.583689
8973,1000,0.10,900,3,35,0.9815,0.25,linear,73,998.00,0.678433
8974,1000,0.10,900,3,35,1.0107,0.25,linear,74,994.00,0.937423
8975,1000,0.10,900,3,35,1.0501,0.25,linear,75,979.00,0.818437
8976,1000,0.10,900,3,35,1.0286,0.25,linear,76,1003.00,0.641932
8977,1000,0.10,900,3,35,1.0557,0.25,linear,77,948.00,2.058969
8978,1000,0.10,900,3,35,0.9721,0.25,linear,78,974.00,0.353414
8979,1000,0.10,900,3,35,1.0193,0.25,linear,79,967.00,0.912616
8980,1000,0.10,900,3,35,1.0160,0.25,linear,80,962.00,0.484066
8981,1000,0.10,900,3,35,1.0312,0.25,linear,81,953.00,0.366379
8982,1000,0.10,900,3,35,0.9958,0.25,linear,82,1004.00,0.807714
8983,1000,0.10,900,3,35,1.0330,0.25,linear,83,966.00,0.404733
8984,1000,0.10,900,3,35,0.9947,0.25,linear,84,1024.00,1.222513
8985,1000,0.10,900,3,35,1.0240,0.25,linear,85,960.00,0.362068
8986,1000,0.10,900,3,35,1.0217,0.25,linear,86,965.00,0.468143
8987,1000,0.10,900,3,35,1.0195,0.25,linear,87,986.00,0.472916
8988,1000,0.10,900,3,35,1.0466,0.25,linear,88,960.00,1.525278
8989,1000,0.10,900,3,35,1.0259,0.25,linear,89,979.00,1.610414
8990,1000,0.10,900,3,35,1.0563,0.25,linear,90,981.00,0.133846
8991,1000,0.10,900,3,35,1.0328,0.25,linear,91,949.00,0.221461
8992,1000,0.10,900,3,35,0.9892,0.25,linear,92,971.00,0.915647
8993,1000,0.10,900,3,35,1.0113,0.25,linear,93,982.00,0.149514
8994,1000,0.10,900,3,35,1.0191,0.25,linear,94,1017.00,1.449595
8995,1000,0.10,900,3,35,0.9760,0.25,linear,95,965.00,0.228277
8996,1000,0.10,900,3,35,1.0291,0.25,linear,96,993.00,0.323719
8997,1000,0.10,900,3,35,1.0366,0.25,linear,97,1005.00,1.228262
8998,1000,0.10,900,3,35,1.0102,0.25,linear,98,977.00,0.839820
8999,1000,0.10,900,3,35,1.0430,0.25,linear,99,968.00,0.578777
9000,1000,0.10,900,3,35,1.0371,0.30,linear,0,931.00,0.179340
9001,1000,0.10,900,3,35,1.0717,0.30,linear,1,955.00,0.273165
9002,1000,0.10,900,3,35,1.0636,0.30,linear,2,972.00,0.954123
9003,1000,0.10,900,3,35,1.0330,0.30,linear,3,970.00,0.499296
9004,1000,0.10,900,3,35,1.0112,0.30,linear,4,955.00,0.135991
9005,1000,0.10,900,3,35,1.0070,0.30,linear,5,997.00,0.332286
9006,1000,0.10,900,3,35,1.0304,0.30,linear,6,984.00,0.304277
9007,1000,0.10,900,3,35,1.0737,0.30,linear,7,985.00,0.998685
9008,1000,0.10,900,3,35,1.0427,0.30,linear,8,979.00,0.703560
9009,1000,0.10,900,3,35,0.9823,0.30,linear,9,993.00,0.824642
9010,1000,0.10,900,3,35,1.0233,0.30,linear,10,973.00,0.287789
9011,1000,0.10,900,3,35,0.9797,0.30,linear,11,975.00,1.811316
9012,1000,0.10,900,3,35,1.0706,0.30,linear,12,989.00,0.144516
9013,1000,0.10,900,3,35,1.0585,0.30,linear,13,1004.00,0.164375
9014,1000,0.10,900,3,35,1.1236,0.30,linear,14,985.00,1.584289
9015,1000,0.10,900,3,35,1.0390,0.30,linear,15,970.00,0.336421
9016,1000,0.10,900,3,35,1.0535,0.30,linear,16,993.00,1.099148
9017,1000,0.10,900,3,35,1.0480,0.30,linear,17,1011.00,0.177049
9018,1000,0.10,900,3,35,1.0948,0.30,linear,18,958.00,0.052464
9019,1000,0.10,900,3,35,1.0133,0.30,linear,19,936.00,0.173140
9020,1000,0.10,900,3,35,1.0235,0.30,linear,20,991.00,1.743395
9021,1000,0.10,900,3,35,1.0520,0.30,linear,21,1028.00,0.356249
9022,1000,0.10,900,3,35,1.0428,0.30,linear,22,989.00,0.504243
9023,1000,0.10,900,3,35,1.0183,0.30,linear,23,985.00,0.125460
9024,1000,0.10,900,3,35,1.0347,0.30,linear,24,1011.00,0.644407
9025,1000,0.10,900,3,35,1.0474,0.30,linear,25,979.00,0.952575
9026,1000,0.10,900,3,35,1.0635,0.30,linear,26,987.00,0.276256
9027,1000,0.10,900,3,35,1.0322,0.30,linear,27,986.00,0.640103
9028,1000,0.10,900,3,35,1.0326,0.30,linear,28,992.00,0.790130
9029,1000,0.10,900,3,35,1.0209,0.30,linear,29,993.00,1.369842
9030,1000,0.10,900,3,35,1.0622,0.30,linear,30,963.00,0.440568
9031,1000,0.10,900,3,35,1.0382,0.30,linear,31,979.00,0.556537
9032,1000,0.10,900,3,35,1.0239,0.30,linear,32,1046.00,0.763566
9033,1000,0.10,900,3,35,1.0467,0.30,linear,33,962.00,0.196150
9034,1000,0.10,900,3,35,1.0479,0.30,linear,34,1013.00,1.082164
9035,1000,0.10,900,3,35,1.0350,0.30,linear,35,999.00,0.271712
9036,1000,0.10,900,3,35,1.0229,0.30,linear,36,960.00,0.919593
9037,1000,0.10,900,3,35,1.0561,0.30,linear,37,915.00,0.149295
9038,1000,0.10,900,3,35,1.0598,0.30,linear,38,987.00,0.481851
9039,1000,0.10,900,3,35,0.9895,0.30,linear,39,951.00,0.900073
9040,1000,0.10,900,3,35,1.0230,0.30,linear,40,1004.00,0.782679
9041,1000,0.10,900,3,35,1.0574,0.30,linear,41,991.00,0.566531
9042,1000,0.10,900,3,35,1.0309,0.30,linear,42,982.00,0.309788
9043,1000,0.10,900,3,35,0.9810,0.30,linear,43,984.00,0.112530
9044,1000,0.10,900,3,35,1.0439,0.30,linear,44,957.00,0.208648
9045,1000,0.10,900,3,35,1.0413,0.30,linear,45,964.00,1.129334
9046,1000,0.10,900,3,35,1.0784,0.30,linear,46,962.00,0.986896
9047,1000,0.10,900,3,35,1.0102,0.30,linear,47,1015.00,0.522666
9048,1000,0.10,900,3,35,1.0190,0.30,linear,48,955.00,1.098894
9049,1000,0.10,900,3,35,1.0128,0.30,linear,49,979.00,0.790142
9050,1000,0.10,900,3,35,1.0548,0.30,linear,50,939.00,0.135973
9051,1000,0.10,900,3,35,1.0346,0.30,linear,51,934.00,1.628306
9052,1000,0.10,900,3,35,1.0409,0.30,linear,52,975.00,0.212713
9053,1000,0.10,900,3,35,1.0201,0.30,linear,53,989.00,0.924031
9054,1000,0.10,900,3,35,1.0553,0.30,linear,54,989.00,0.415841
9055,1000,0.10,900,3,35,1.0303,0.30,linear,55,976.00,0.214914
9056,1000,0.10,900,3,35,1.0364,0.30,linear,56,946.00,0.636692
9057,1000,0.10,900,3,35,1.0718,0.30,linear,57,997.00,0.631263
9058,1000,0.10,900,3,35,1.0043,0.30,linear,58,991.00,0.662387
9059,1000,0.10,900,3,35,1.0398,0.30,linear,59,1014.00,0.617487
9060,1000,0.10,900,3,35,1.0326,0.30,linear,60,944.00,0.790638
9061,1000,0.10,900,3,35,1.0354,0.30,linear,61,1003.00,0.757841
9062,1000,0.10,900,3,35,1.0715,0.30,linear,62,1004.00,0.173696
9063,1000,0.10,900,3,35,1.0767,0.30,linear,63,975.00,0.163120
9064,1000,0.10,900,3,35,1.0048,0.30,linear,64,959.00,0.500000
9065,1000,0.10,900,3,35,1.0429,0.30,linear,65,1011.00,0.193834
9066,1000,0.10,900,3,35,1.0091,0.30,linear,66,1050.00,0.352687
9067,1000,0.10,900,3,35,1.0470,0.30,linear,67,1015.00,1.144632
9068,1000,0.10,900,3,35,1.0644,0.30,linear,68,1008.00,0.437621
9069,1000,0.10,900,3,35,1.0269,0.30,linear,69,966.00,0.862016
9070,1000,0.10,900,3,35,1.0042,0.30,linear,70,978.00,2.510306
9071,1000,0.10,900,3,35,1.0709,0.30,linear,71,968.00,0.316715
9072,1000,0.10,900,3,35,1.0108,0.30,linear,72,1033.00,0.345246
9073,1000,0.10,900,3,35,1.0823,0.30,linear,73,999.00,0.330179
9074,1000,0.10,900,3,35,0.9866,0.30,linear,74,1033.00,0.110725
9075,1000,0.10,900,3,35,1.0265,0.30,linear,75,1125.00,1.019541
9076,1000,0.10,900,3,35,1.0554,0.30,linear,76,980.00,0.347466
9077,1000,0.10,900,3,35,1.0452,0.30,linear,77,967.00,0.205469
9078,1000,0.10,900,3,35,1.0122,0.30,linear,78,998.00,0.216791
9079,1000,0.10,900,3,35,1.0266,0.30,linear,79,983.00,0.669046
9080,1000,0.10,900,3,35,1.0341,0.30,linear,80,986.00,0.801978
9081,1000,0.10,900,3,35,1.0251,0.30,linear,81,988.00,1.777877
9082,1000,0.10,900,3,35,1.0539,0.30,linear,82,1011.00,2.055378
9083,1000,0.10,900,3,35,1.0578,0.30,linear,83,1013.00,0.662190
9084,1000,0.10,900,3,35,1.0240,0.30,linear,84,972.00,0.506458
9085,1000,0.10,900,3,35,0.9881,0.30,linear,85,983.00,1.173734
9086,1000,0.10,900,3,35,1.0020,0.30,linear,86,970.00,0.417754
9087,1000,0.10,900,3,35,1.0156,0.30,linear,87,958.00,0.368814
9088,1000,0.10,900,3,35,1.0245,0.30,linear,88,985.00,1.286227
9089,1000,0.10,900,3,35,1.0280,0.30,linear,89,984.00,0.552649
9090,1000,0.10,900,3,35,0.9909,0.30,linear,90,995.00,0.661004
9091,1000,0.10,900,3,35,1.0136,0.30,linear,91,941.00,1.626949
9092,1000,0.10,900,3,35,1.0464,0.30,linear,92,959.00,1.119117
9093,1000,0.10,900,3,35,0.9922,0.30,linear,93,984.00,0.138307
9094,1000,0.10,900,3,35,1.0338,0.30,linear,94,971.00,1.397270
9095,1000,0.10,900,3,35,1.0831,0.30,linear,95,977.00,0.347042
9096,1000,0.10,900,3,35,1.0427,0.30,linear,96,986.00,0.169869
9097,1000,0.10,900,3,35,1.0283,0.30,linear,97,980.00,0.344342
9098,1000,0.10,900,3,35,1.0544,0.30,linear,98,991.00,0.197560
9099,1000,0.10,900,3,35,1.0706,0.30,linear,99,914.00,0.745967
9100,1000,0.10,900,3,35,1.0360,0.35,linear,0,994.00,0.238666
9101,1000,0.10,900,3,35,0.9951,0.35,linear,1,991.00,0.729462
9102,1000,0.10,900,3,35,1.0404,0.35,linear,2,959.00,0.296778
9103,1000,0.10,900,3,35,1.0015,0.35,linear,3,1003.00,0.404928
9104,1000,0.10,900,3,35,1.1161,0.35,linear,4,972.00,0.898193
9105,1000,0.10,900,3,35,1.0149,0.35,linear,5,1007.00,0.590344
9106,1000,0.10,900,3,35,1.0332,0.35,linear,6,996.00,1.129390
9107,1000,0.10,900,3,35,1.0283,0.35,linear,7,998.00,0.653005
9108,1000,0.10,900,3,35,1.0760,0.35,linear,8,989.00,2.297764
9109,1000,0.10,900,3,35,1.0778,0.35,linear,9,938.00,0.485899
9110,1000,0.10,900,3,35,1.0120,0.35,linear,10,995.00,1.778691
9111,1000,0.10,900,3,35,1.0251,0.35,linear,11,962.00,0.144642
9112,1000,0.10,900,3,35,1.0182,0.35,linear,12,1003.00,1.106391
9113,1000,0.10,900,3,35,1.0371,0.35,linear,13,964.00,0.209417
9114,1000,0.10,900,3,35,1.0055,0.35,linear,14,991.00,0.272260
9115,1000,0.10,900,3,35,1.0353,0.35,linear,15,1003.00,0.360540
9116,1000,0.10,900,3,35,1.0308,0.35,linear,16,1002.00,1.056770
9117,1000,0.10,900,3,35,1.0576,0.35,linear,17,1005.00,0.402496
9118,1000,0.10,900,3,35,1.0649,0.35,linear,18,1011.00,0.365284
9119,1000,0.10,900,3,35,1.0202,0.35,linear,19,994.00,1.161375
9120,1000,0.10,900,3,35,1.0696,0.35,linear,20,1003.00,0.324310
9121,1000,0.10,900,3,35,1.0594,0.35,linear,21,1003.00,0.167266
9122,1000,0.10,900,3,35,1.0987,0.35,linear,22,999.00,0.944676
9123,1000,0.10,900,3,35,1.0181,0.35,linear,23,959.00,0.171845
9124,1000,0.10,900,3,35,1.0368,0.35,linear,24,964.00,0.108679
9125,1000,0.10,900,3,35,1.0356,0.35,linear,25,974.00,0.440275
9126,1000,0.10,900,3,35,1.0516,0.35,linear,26,970.00,0.739026
9127,1000,0.10,900,3,35,1.0576,0.35,linear,27,1003.00,0.643228
9128,1000,0.10,900,3,35,1.0166,0.35,linear,28,985.00,2.010596
9129,1000,0.10,900,3,35,1.0173,0.35,linear,29,999.00,1.247049
9130,1000,0.10,900,3,35,1.0543,0.35,linear,30,991.00,1.242284
9131,1000,0.10,900,3,35,0.9785,0.35,linear,31,1007.00,0.717141
9132,1000,0.10,900,3,35,1.0732,0.35,linear,32,977.00,0.945867
9133,1000,0.10,900,3,35,0.9943,0.35,linear,33,970.00,1.419683
9134,1000,0.10,900,3,35,1.0402,0.35,linear,34,999.00,0.438753
9135,1000,0.10,900,3,35,1.0074,0.35,linear,35,963.00,0.514231
9136,1000,0.10,900,3,35,1.0382,0.35,linear,36,993.00,0.364840
9137,1000,0.10,900,3,35,1.0216,0.35,linear,37,969.00,0.787827
9138,1000,0.10,900,3,35,1.0220,0.35,linear,38,970.00,0.720772
9139,1000,0.10,900,3,35,1.0392,0.35,linear,39,956.00,0.240852
9140,1000,0.10,900,3,35,1.0523,0.35,linear,40,969.00,1.282559
9141,1000,0.10,900,3,35,1.0276,0.35,linear,41,955.00,1.096097
9142,1000,0.10,900,3,35,1.0011,0.35,linear,42,944.00,0.176417
9143,1000,0.10,900,3,35,1.0244,0.35,linear,43,1015.00,0.332257
9144,1000,0.10,900,3,35,1.0181,0.35,linear,44,934.00,1.324236
9145,1000,0.10,900,3,35,1.0120,0.35,linear,45,1007.00,0.659340
9146,1000,0.10,900,3,35,1.0112,0.35,linear,46,992.00,1.399533
9147,1000,0.10,900,3,35,1.0650,0.35,linear,47,993.00,1.492792
9148,1000,0.10,900,3,35,1.0301,0.35,linear,48,1016.00,0.458132
9149,1000,0.10,900,3,35,1.0322,0.35,linear,49,994.00,0.606411
9150,1000,0.10,900,3,35,1.0249,0.35,linear,50,979.00,0.428382
9151,1000,0.10,900,3,35,1.0362,0.35,linear,51,941.00,0.455475
9152,1000,0.10,900,3,35,1.0203,0.35,linear,52,981.00,0.747803
9153,1000,0.10,900,3,35,1.0515,0.35,linear,53,963.00,0.787002
9154,1000,0.10,900,3,35,1.0740,0.35,linear,54,1006.00,0.432402
9155,1000,0.10,900,3,35,1.0636,0.35,linear,55,996.00,0.660805
9156,1000,0.10,900,3,35,1.0640,0.35,linear,56,1018.00,0.139076
9157,1000,0.10,900,3,35,1.0248,0.35,linear,57,991.00,0.817301
9158,1000,0.10,900,3,35,1.0458,0.35,linear,58,975.00,0.208397
9159,1000,0.10,900,3,35,1.0608,0.35,linear,59,1001.00,0.168458
9160,1000,0.10,900,3,35,0.9675,0.35,linear,60,962.00,1.572419
9161,1000,0.10,900,3,35,1.0360,0.35,linear,61,1010.00,1.836997
9162,1000,0.10,900,3,35,1.0745,0.35,linear,62,962.00,0.837079
9163,1000,0.10,900,3,35,1.0358,0.35,linear,63,987.00,0.463568
9164,1000,0.10,900,3,35,1.0053,0.35,linear,64,993.00,0.596884
9165,1000,0.10,900,3,35,1.0007,0.35,linear,65,975.00,0.618670
9166,1000,0.10,900,3,35,1.0804,0.35,linear,66,987.00,0.459344
9167,1000,0.10,900,3,35,1.0207,0.35,linear,67,1010.00,1.443307
9168,1000,0.10,900,3,35,1.0205,0.35,linear,68,979.00,2.307296
9169,1000,0.10,900,3,35,1.0547,0.35,linear,69,950.00,0.946095
9170,1000,0.10,900,3,35,1.0516,0.35,linear,70,952.00,1.133394
9171,1000,0.10,900,3,35,1.0005,0.35,linear,71,985.00,3.091889
9172,1000,0.10,900,3,35,1.0410,0.35,linear,72,958.00,1.027007
9173,1000,0.10,900,3,35,1.0402,0.35,linear,73,989.00,0.312646
9174,1000,0.10,900,3,35,1.0570,0.35,linear,74,986.00,0.333878
9175,1000,0.10,900,3,35,1.0500,0.35,linear,75,959.00,0.204135
9176,1000,0.10,900,3,35,0.9939,0.35,linear,76,972.00,0.369749
9177,1000,0.10,900,3,35,1.0192,0.35,linear,77,944.00,0.515607
9178,1000,0.10,900,3,35,0.9784,0.35,linear,78,975.00,0.416105
9179,1000,0.10,900,3,35,1.0363,0.35,linear,79,967.00,0.876932
9180,1000,0.10,900,3,35,1.0353,0.35,linear,80,983.00,0.082527
9181,1000,0.10,900,3,35,0.9775,0.35,linear,81,999.00,0.102490
9182,1000,0.10,900,3,35,1.0168,0.35,linear,82,993.00,1.689723
9183,1000,0.10,900,3,35,1.0529,0.35,linear,83,996.00,0.152057
9184,1000,0.10,900,3,35,1.0402,0.35,linear,84,949.00,1.333124
9185,1000,0.10,900,3,35,1.0589,0.35,linear,85,1011.00,0.817968
9186,1000,0.10,900,3,35,1.0064,0.35,linear,86,937.00,2.030123
9187,1000,0.10,900,3,35,1.0144,0.35,linear,87,968.00,0.474617
9188,1000,0.10,900,3,35,1.0212,0.35,linear,88,970.00,0.092126
9189,1000,0.10,900,3,35,1.0424,0.35,linear,89,948.00,0.171031
9190,1000,0.10,900,3,35,1.0245,0.35,linear,90,977.00,0.449667
9191,1000,0.10,900,3,35,1.0156,0.35,linear,91,978.00,0.623955
9192,1000,0.10,900,3,35,1.0496,0.35,linear,92,999.00,1.349771
9193,1000,0.10,900,3,35,1.0235,0.35,linear,93,987.00,0.566717
9194,1000,0.10,900,3,35,1.0472,0.35,linear,94,1009.00,1.933541
9195,1000,0.10,900,3,35,1.0167,0.35,linear,95,973.00,0.671591
9196,1000,0.10,900,3,35,1.0244,0.35,linear,96,984.00,0.348761
9197,1000,0.10,900,3,35,1.0650,0.35,linear,97,973.00,0.294797
9198,1000,0.10,900,3,35,1.0602,0.35,linear,98,965.00,0.280786
9199,1000,0.10,900,3,35,1.0412,0.35,linear,99,984.00,1.770454
9200,1000,0.10,900,3,35,1.0557,0.40,linear,0,1029.00,0.340402
9201,1000,0.10,900,3,35,1.0581,0.40,linear,1,1003.00,0.430618
9202,1000,0.10,900,3,35,1.0716,0.40,linear,2,1030.00,0.659918
9203,1000,0.10,900,3,35,1.0286,0.40,linear,3,1009.00,1.049696
9204,1000,0.10,900,3,35,1.0175,0.40,linear,4,979.00,0.729619
9205,1000,0.10,900,3,35,1.0439,0.40,linear,5,1046.00,0.509828
9206,1000,0.10,900,3,35,1.0577,0.40,linear,6,1012.00,0.770766
9207,1000,0.10,900,3,35,1.0245,0.40,linear,7,1019.00,0.430796
9208,1000,0.10,900,3,35,1.0294,0.40,linear,8,1013.00,0.296081
9209,1000,0.10,900,3,35,1.0293,0.40,linear,9,991.00,0.791075
9210,1000,0.10,900,3,35,1.0046,0.40,linear,10,1026.00,0.331436
9211,1000,0.10,900,3,35,1.0101,0.40,linear,11,1047.00,0.364553
9212,1000,0.10,900,3,35,1.0364,0.40,linear,12,1038.00,0.741973
9213,1000,0.10,900,3,35,1.0592,0.40,linear,13,1018.00,0.812811
9214,1000,0.10,900,3,35,1.0449,0.40,linear,14,1009.00,0.362872
9215,1000,0.10,900,3,35,1.0630,0.40,linear,15,1003.00,1.151550
9216,1000,0.10,900,3,35,1.0571,0.40,linear,16,1045.00,2.399363
9217,1000,0.10,900,3,35,1.0373,0.40,linear,17,1007.00,2.703968
9218,1000,0.10,900,3,35,1.0988,0.40,linear,18,1001.00,0.480642
9219,1000,0.10,900,3,35,0.9936,0.40,linear,19,1006.00,1.116633
9220,1000,0.10,900,3,35,1.0345,0.40,linear,20,1008.00,0.246951
9221,1000,0.10,900,3,35,1.0627,0.40,linear,21,1011.00,0.400514
9222,1000,0.10,900,3,35,1.0491,0.40,linear,22,976.00,0.638857
9223,1000,0.10,900,3,35,1.0443,0.40,linear,23,1025.00,1.676189
9224,1000,0.10,900,3,35,1.0526,0.40,linear,24,981.00,1.575877
9225,1000,0.10,900,3,35,1.0421,0.40,linear,25,1001.00,0.137572
9226,1000,0.10,900,3,35,1.0654,0.40,linear,26,978.00,0.762059
9227,1000,0.10,900,3,35,1.0460,0.40,linear,27,1006.00,1.477789
9228,1000,0.10,900,3,35,1.0356,0.40,linear,28,1004.00,1.136087
9229,1000,0.10,900,3,35,1.0324,0.40,linear,29,1010.00,0.297050
9230,1000,0.10,900,3,35,1.0355,0.40,linear,30,1026.00,0.371454
9231,1000,0.10,900,3,35,1.0073,0.40,linear,31,997.00,0.803716
9232,1000,0.10,900,3,35,1.0597,0.40,linear,32,1017.00,1.001157
9233,1000,0.10,900,3,35,1.0625,0.40,linear,33,1005.00,0.779220
9234,1000,0.10,900,3,35,1.0579,0.40,linear,34,1028.00,1.025081
9235,1000,0.10,900,3,35,0.9990,0.40,linear,35,1000.00,0.157116
9236,1000,0.10,900,3,35,1.0167,0.40,linear,36,994.00,2.339705
9237,1000,0.10,900,3,35,1.0415,0.40,linear,37,999.00,0.245372
9238,1000,0.10,900,3,35,1.0477,0.40,linear,38,1014.00,0.521536
9239,1000,0.10,900,3,35,1.0565,0.40,linear,39,1035.00,0.496816
9240,1000,0.10,900,3,35,1.0511,0.40,linear,40,997.00,0.931444
9241,1000,0.10,900,3,35,1.0386,0.40,linear,41,983.00,1.622991
9242,1000,0.10,900,3,35,0.9981,0.40,linear,42,973.00,1.536615
9243,1000,0.10,900,3,35,1.0080,0.40,linear,43,1000.00,0.542764
9244,1000,0.10,900,3,35,1.0518,0.40,linear,44,981.00,0.338804
9245,1000,0.10,900,3,35,1.0605,0.40,linear,45,1001.00,1.667234
9246,1000,0.10,900,3,35,1.0394,0.40,linear,46,1040.00,0.304938
9247,1000,0.10,900,3,35,1.0594,0.40,linear,47,1013.00,2.134144
9248,1000,0.10,900,3,35,1.0342,0.40,linear,48,1011.00,0.214121
9249,1000,0.10,900,3,35,1.0453,0.40,linear,49,1037.00,0.387363
9250,1000,0.10,900,3,35,0.9902,0.40,linear,50,984.00,1.124964
9251,1000,0.10,900,3,35,1.0168,0.40,linear,51,1001.00,0.552085
9252,1000,0.10,900,3,35,1.0445,0.40,linear,52,1021.00,0.354220
9253,1000,0.10,900,3,35,1.0206,0.40,linear,53,984.00,0.452613
9254,1000,0.10,900,3,35,1.0394,0.40,linear,54,1014.00,0.240221
9255,1000,0.10,900,3,35,1.0302,0.40,linear,55,994.00,0.550478
9256,1000,0.10,900,3,35,1.0361,0.40,linear,56,982.00,0.152130
9257,1000,0.10,900,3,35,1.0247,0.40,linear,57,994.00,2.169849
9258,1000,0.10,900,3,35,1.0279,0.40,linear,58,1026.00,1.367454
9259,1000,0.10,900,3,35,1.0377,0.40,linear,59,993.00,1.099562
9260,1000,0.10,900,3,35,1.0078,0.40,linear,60,1030.00,0.118610
9261,1000,0.10,900,3,35,1.0107,0.40,linear,61,1026.00,0.490956
9262,1000,0.10,900,3,35,1.0469,0.40,linear,62,1016.00,0.148162
9263,1000,0.10,900,3,35,1.0371,0.40,linear,63,1011.00,0.742254
9264,1000,0.10,900,3,35,1.0221,0.40,linear,64,1004.00,1.320343
9265,1000,0.10,900,3,35,1.0167,0.40,linear,65,1014.00,0.625736
9266,1000,0.10,900,3,35,1.0600,0.40,linear,66,986.00,0.327011
9267,1000,0.10,900,3,35,1.0500,0.40,linear,67,1058.00,1.534611
9268,1000,0.10,900,3,35,1.0606,0.40,linear,68,987.00,0.968598
9269,1000,0.10,900,3,35,0.9891,0.40,linear,69,1013.00,1.502147
9270,1000,0.10,900,3,35,1.0359,0.40,linear,70,1028.00,0.596069
9271,1000,0.10,900,3,35,1.0089,0.40,linear,71,1006.00,0.748569
9272,1000,0.10,900,3,35,1.0064,0.40,linear,72,967.00,0.622737
9273,1000,0.10,900,3,35,1.0275,0.40,linear,73,1053.00,0.998256
9274,1000,0.10,900,3,35,1.0749,0.40,linear,74,1035.00,0.237357
9275,1000,0.10,900,3,35,1.0348,0.40,linear,75,1015.00,0.608739
9276,1000,0.10,900,3,35,1.0341,0.40,linear,76,1059.00,0.438278
9277,1000,0.10,900,3,35,1.0234,0.40,linear,77,1003.00,0.329072
9278,1000,0.10,900,3,35,1.0257,0.40,linear,78,976.00,0.314436
9279,1000,0.10,900,3,35,1.0089,0.40,linear,79,1067.00,1.532240
9280,1000,0.10,900,3,35,1.0585,0.40,linear,80,1056.00,0.630690
9281,1000,0.10,900,3,35,1.0491,0.40,linear,81,1040.00,0.469403
9282,1000,0.10,900,3,35,1.0246,0.40,linear,82,1008.00,0.275285
9283,1000,0.10,900,3,35,1.0503,0.40,linear,83,962.00,0.710964
9284,1000,0.10,900,3,35,1.0443,0.40,linear,84,1026.00,0.745435
9285,1000,0.10,900,3,35,1.0555,0.40,linear,85,976.00,0.110006
9286,1000,0.10,900,3,35,1.0646,0.40,linear,86,1017.00,0.500677
9287,1000,0.10,900,3,35,1.0222,0.40,linear,87,962.00,0.283673
9288,1000,0.10,900,3,35,1.0135,0.40,linear,88,987.00,0.499723
9289,1000,0.10,900,3,35,1.0297,0.40,linear,89,995.00,0.242473
9290,1000,0.10,900,3,35,0.9854,0.40,linear,90,1035.00,1.971049
9291,1000,0.10,900,3,35,1.0346,0.40,linear,91,1023.00,1.695225
9292,1000,0.10,900,3,35,1.0338,0.40,linear,92,999.00,1.510165
9293,1000,0.10,900,3,35,1.0157,0.40,linear,93,1035.00,0.230766
9294,1000,0.10,900,3,35,1.0546,0.40,linear,94,1014.00,0.265290
9295,1000,0.10,900,3,35,0.9996,0.40,linear,95,981.00,0.263738
9296,1000,0.10,900,3,35,1.0105,0.40,linear,96,983.00,0.665534
9297,1000,0.10,900,3,35,1.0361,0.40,linear,97,1013.00,0.920982
9298,1000,0.10,900,3,35,1.0212,0.40,linear,98,977.00,0.077644
9299,1000,0.10,900,3,35,1.0059,0.40,linear,99,1015.00,0.895738
9300,1000,0.10,900,3,35,1.0535,0.45,linear,0,1016.00,0.453033
9301,1000,0.10,900,3,35,1.1089,0.45,linear,1,1007.00,0.547436
9302,1000,0.10,900,3,35,1.0598,0.45,linear,2,1013.00,0.485923
9303,1000,0.10,900,3,35,1.0467,0.45,linear,3,1002.00,1.260303
9304,1000,0.10,900,3,35,1.0123,0.45,linear,4,1001.00,1.088848
9305,1000,0.10,900,3,35,1.0634,0.45,linear,5,999.00,1.067834
9306,1000,0.10,900,3,35,1.0953,0.45,linear,6,975.00,0.913307
9307,1000,0.10,900,3,35,1.0744,0.45,linear,7,1036.00,0.845500
9308,1000,0.10,900,3,35,1.0327,0.45,linear,8,991.00,0.277312
9309,1000,0.10,900,3,35,1.0344,0.45,linear,9,1030.00,0.303657
9310,1000,0.10,900,3,35,1.0365,0.45,linear,10,1024.00,1.475510
9311,1000,0.10,900,3,35,1.0233,0.45,linear,11,993.00,1.201907
9312,1000,0.10,900,3,35,1.0296,0.45,linear,12,994.00,0.790832
9313,1000,0.10,900,3,35,1.0094,0.45,linear,13,986.00,0.814362
9314,1000,0.10,900,3,35,0.9918,0.45,linear,14,985.00,1.326148
9315,1000,0.10,900,3,35,1.0439,0.45,linear,15,961.00,1.169384
9316,1000,0.10,900,3,35,1.0325,0.45,linear,16,994.00,0.771078
9317,1000,0.10,900,3,35,1.0792,0.45,linear,17,1019.00,0.647843
9318,1000,0.10,900,3,35,1.0302,0.45,linear,18,1040.00,1.048596
9319,1000,0.10,900,3,35,1.0194,0.45,linear,19,998.00,0.614670
9320,1000,0.10,900,3,35,1.0248,0.45,linear,20,1049.00,0.242141
9321,1000,0.10,900,3,35,1.0270,0.45,linear,21,991.00,0.489409
9322,1000,0.10,900,3,35,1.0345,0.45,linear,22,1013.00,0.671091
9323,1000,0.10,900,3,35,0.9822,0.45,linear,23,1015.00,0.458703
9324,1000,0.10,900,3,35,1.0336,0.45,linear,24,1012.00,0.897879
9325,1000,0.10,900,3,35,1.0648,0.45,linear,25,1032.00,0.401084
9326,1000,0.10,900,3,35,1.0373,0.45,linear,26,1010.00,0.655678
9327,1000,0.10,900,3,35,1.0319,0.45,linear,27,966.00,0.576477
9328,1000,0.10,900,3,35,1.0799,0.45,linear,28,1011.00,0.863792
9329,1000,0.10,900,3,35,1.0155,0.45,linear,29,1034.00,0.154083
9330,1000,0.10,900,3,35,1.0477,0.45,linear,30,1047.00,0.937319
9331,1000,0.10,900,3,35,1.0593,0.45,linear,31,970.00,0.893375
9332,1000,0.10,900,3,35,1.0203,0.45,linear,32,1025.00,0.715186
9333,1000,0.10,900,3,35,0.9890,0.45,linear,33,975.00,1.210607
9334,1000,0.10,900,3,35,1.0749,0.45,linear,34,993.00,0.737860
9335,1000,0.10,900,3,35,1.0530,0.45,linear,35,976.00,0.339756
9336,1000,0.10,900,3,35,0.9917,0.45,linear,36,1019.00,0.921911
9337,1000,0.10,900,3,35,1.0404,0.45,linear,37,1045.00,0.177618
9338,1000,0.10,900,3,35,1.0472,0.45,linear,38,982.00,0.925370
9339,1000,0.10,900,3,35,1.1009,0.45,linear,39,987.00,0.583836
9340,1000,0.10,900,3,35,1.0338,0.45,linear,40,1030.00,0.298232
9341,1000,0.10,900,3,35,1.0496,0.45,linear,41,1017.00,1.031519
9342,1000,0.10,900,3,35,1.0180,0.45,linear,42,1006.00,0.447532
9343,1000,0.10,900,3,35,1.0393,0.45,linear,43,996.00,0.825607
9344,1000,0.10,900,3,35,1.0282,0.45,linear,44,930.00,1.200910
9345,1000,0.10,900,3,35,1.0930,0.45,linear,45,980.00,0.676747
9346,1000,0.10,900,3,35,1.0483,0.45,linear,46,988.00,0.192799
9347,1000,0.10,900,3,35,1.0980,0.45,linear,47,999.00,1.661074
9348,1000,0.10,900,3,35,1.0642,0.45,linear,48,970.00,0.219319
9349,1000,0.10,900,3,35,1.0108,0.45,linear,49,1000.00,0.751924
9350,1000,0.10,900,3,35,1.0195,0.45,linear,50,1014.00,0.464976
9351,1000,0.10,900,3,35,1.0545,0.45,linear,51,990.00,1.075998
9352,1000,0.10,900,3,35,1.0632,0.45,linear,52,1032.00,0.595198
9353,1000,0.10,900,3,35,1.0275,0.45,linear,53,1029.00,0.618824
9354,1000,0.10,900,3,35,1.0574,0.45,linear,54,1044.00,0.339900
9355,1000,0.10,900,3,35,1.0271,0.45,linear,55,1023.00,0.191115
9356,1000,0.10,900,3,35,1.0848,0.45,linear,56,943.00,0.268305
9357,1000,0.10,900,3,35,0.9986,0.45,linear,57,1056.00,0.856374
9358,1000,0.10,900,3,35,1.0367,0.45,linear,58,1014.00,1.655665
9359,1000,0.10,900,3,35,1.0500,0.45,linear,59,984.00,0.503499
9360,1000,0.10,900,3,35,1.0348,0.45,linear,60,1018.00,1.296718
9361,1000,0.10,900,3,35,1.0435,0.45,linear,61,972.00,1.650065
9362,1000,0.10,900,3,35,1.0715,0.45,linear,62,969.00,1.365437
9363,1000,0.10,900,3,35,1.0456,0.45,linear,63,1016.00,1.691511
9364,1000,0.10,900,3,35,1.0496,0.45,linear,64,980.00,0.940979
9365,1000,0.10,900,3,35,1.0402,0.45,linear,65,1005.00,1.502336
9366,1000,0.10,900,3,35,1.0713,0.45,linear,66,1038.00,1.021370
9367,1000,0.10,900,3,35,1.0164,0.45,linear,67,1028.00,0.299394
9368,1000,0.10,900,3,35,1.0659,0.45,linear,68,970.00,0.718572
9369,1000,0.10,900,3,35,1.0306,0.45,linear,69,994.00,0.794210
9370,1000,0.10,900,3,35,1.0393,0.45,linear,70,973.00,0.261087
9371,1000,0.10,900,3,35,1.0549,0.45,linear,71,1002.00,2.918053
9372,1000,0.10,900,3,35,1.0307,0.45,linear,72,1050.00,0.657598
9373,1000,0.10,900,3,35,0.9905,0.45,linear,73,1033.00,0.747111
9374,1000,0.10,900,3,35,1.0392,0.45,linear,74,1026.00,0.710152
9375,1000,0.10,900,3,35,0.9759,0.45,linear,75,990.00,0.217429
9376,1000,0.10,900,3,35,1.0288,0.45,linear,76,961.00,1.429389
9377,1000,0.10,900,3,35,1.0525,0.45,linear,77,991.00,0.677864
9378,1000,0.10,900,3,35,1.0600,0.45,linear,78,1020.00,0.206611
9379,1000,0.10,900,3,35,1.0591,0.45,linear,79,986.00,0.886601
9380,1000,0.10,900,3,35,1.0330,0.45,linear,80,1027.00,1.026351
9381,1000,0.10,900,3,35,1.0464,0.45,linear,81,1048.00,0.550962
9382,1000,0.10,900,3,35,1.0556,0.45,linear,82,982.00,0.410662
9383,1000,0.10,900,3,35,1.0887,0.45,linear,83,1018.00,0.550789
9384,1000,0.10,900,3,35,1.0171,0.45,linear,84,1002.00,0.933843
9385,1000,0.10,900,3,35,1.0566,0.45,linear,85,1003.00,0.946661
9386,1000,0.10,900,3,35,1.0243,0.45,linear,86,996.00,0.644921
9387,1000,0.10,900,3,35,1.0594,0.45,linear,87,965.00,0.632067
9388,1000,0.10,900,3,35,1.0172,0.45,linear,88,1001.00,0.999387
9389,1000,0.10,900,3,35,1.0180,0.45,linear,89,1011.00,1.248333
9390,1000,0.10,900,3,35,1.0395,0.45,linear,90,959.00,1.195170
9391,1000,0.10,900,3,35,1.0412,0.45,linear,91,991.00,0.420355
9392,1000,0.10,900,3,35,1.0312,0.45,linear,92,973.00,0.711396
9393,1000,0.10,900,3,35,1.0188,0.45,linear,93,1005.00,0.375387
9394,1000,0.10,900,3,35,1.0254,0.45,linear,94,968.00,0.322453
9395,1000,0.10,900,3,35,1.0416,0.45,linear,95,998.00,0.132481
9396,1000,0.10,900,3,35,1.0748,0.45,linear,96,941.00,0.960186
9397,1000,0.10,900,3,35,1.0182,0.45,linear,97,975.00,0.669596
9398,1000,0.10,900,3,35,1.0280,0.45,linear,98,962.00,0.538037
9399,1000,0.10,900,3,35,1.0578,0.45,linear,99,988.00,0.160603
9400,1000,0.10,900,3,35,1.0001,0.50,linear,0,987.00,0.150595
9401,1000,0.10,900,3,35,1.0558,0.50,linear,1,998.00,0.910303
9402,1000,0.10,900,3,35,1.0275,0.50,linear,2,1030.00,0.965418
9403,1000,0.10,900,3,35,1.0111,0.50,linear,3,974.00,0.279900
9404,1000,0.10,900,3,35,1.0038,0.50,linear,4,987.00,0.360322
9405,1000,0.10,900,3,35,1.0093,0.50,linear,5,1028.00,0.559132
9406,1000,0.10,900,3,35,1.0044,0.50,linear,6,983.00,0.343816
9407,1000,0.10,900,3,35,1.0340,0.50,linear,7,1014.00,0.464852
9408,1000,0.10,900,3,35,1.0183,0.50,linear,8,996.00,0.457844
9409,1000,0.10,900,3,35,1.0284,0.50,linear,9,986.00,0.246907
9410,1000,0.10,900,3,35,1.0252,0.50,linear,10,998.00,1.455696
9411,1000,0.10,900,3,35,1.0229,0.50,linear,11,1013.00,0.936171
9412,1000,0.10,900,3,35,1.0241,0.50,linear,12,982.00,1.165149
9413,1000,0.10,900,3,35,1.0271,0.50,linear,13,966.00,0.182223
9414,1000,0.10,900,3,35,1.0446,0.50,linear,14,1011.00,0.956883
9415,1000,0.10,900,3,35,1.0009,0.50,linear,15,1038.00,1.157290
9416,1000,0.10,900,3,35,0.9861,0.50,linear,16,1012.00,1.694416
9417,1000,0.10,900,3,35,1.0091,0.50,linear,17,1033.00,1.263692
9418,1000,0.10,900,3,35,1.0405,0.50,linear,18,1011.00,0.118373
9419,1000,0.10,900,3,35,1.0341,0.50,linear,19,965.00,1.266284
9420,1000,0.10,900,3,35,1.0424,0.50,linear,20,975.00,0.324109
9421,1000,0.10,900,3,35,1.0225,0.50,linear,21,995.00,1.219450
9422,1000,0.10,900,3,35,1.0462,0.50,linear,22,982.00,1.185891
9423,1000,0.10,900,3,35,1.0589,0.50,linear,23,982.00,0.591441
9424,1000,0.10,900,3,35,1.0346,0.50,linear,24,1000.00,1.811651
9425,1000,0.10,900,3,35,1.0335,0.50,linear,25,994.00,0.361565
9426,1000,0.10,900,3,35,1.0471,0.50,linear,26,959.00,0.484347
9427,1000,0.10,900,3,35,1.0301,0.50,linear,27,1000.00,1.906737
9428,1000,0.10,900,3,35,1.0147,0.50,linear,28,977.00,1.107010
9429,1000,0.10,900,3,35,1.0746,0.50,linear,29,997.00,0.757952
9430,1000,0.10,900,3,35,1.0439,0.50,linear,30,1014.00,1.313704
9431,1000,0.10,900,3,35,1.0296,0.50,linear,31,980.00,0.845281
9432,1000,0.10,900,3,35,1.0443,0.50,linear,32,977.00,1.642847
9433,1000,0.10,900,3,35,1.0328,0.50,linear,33,1018.00,1.495206
9434,1000,0.10,900,3,35,1.0479,0.50,linear,34,1013.00,0.135171
9435,1000,0.10,900,3,35,1.0492,0.50,linear,35,1014.00,2.758934
9436,1000,0.10,900,3,35,1.0093,0.50,linear,36,1004.00,0.562866
9437,1000,0.10,900,3,35,1.0076,0.50,linear,37,1017.00,1.383027
9438,1000,0.10,900,3,35,1.0522,0.50,linear,38,985.00,0.351458
9439,1000,0.10,900,3,35,1.0557,0.50,linear,39,997.00,0.278866
9440,1000,0.10,900,3,35,0.9838,0.50,linear,40,997.00,0.652099
9441,1000,0.10,900,3,35,1.0146,0.50,linear,41,1005.00,1.236018
9442,1000,0.10,900,3,35,1.0746,0.50,linear,42,1014.00,3.795826
9443,1000,0.10,900,3,35,1.0247,0.50,linear,43,964.00,1.218637
9444,1000,0.10,900,3,35,1.0240,0.50,linear,44,1011.00,1.128085
9445,1000,0.10,900,3,35,1.0483,0.50,linear,45,978.00,0.673780
9446,1000,0.10,900,3,35,1.0339,0.50,linear,46,970.00,0.481811
9447,1000,0.10,900,3,35,1.0162,0.50,linear,47,1035.00,0.487023
9448,1000,0.10,900,3,35,1.0508,0.50,linear,48,944.00,2.257519
9449,1000,0.10,900,3,35,1.0444,0.50,linear,49,969.00,1.267749
9450,1000,0.10,900,3,35,1.0101,0.50,linear,50,1004.00,0.368364
9451,1000,0.10,900,3,35,1.0124,0.50,linear,51,991.00,0.661838
9452,1000,0.10,900,3,35,1.0451,0.50,linear,52,1027.00,0.757808
9453,1000,0.10,900,3,35,1.0668,0.50,linear,53,991.00,0.751599
9454,1000,0.10,900,3,35,1.0256,0.50,linear,54,1000.00,2.355287
9455,1000,0.10,900,3,35,1.0820,0.50,linear,55,1008.00,0.321674
9456,1000,0.10,900,3,35,1.0359,0.50,linear,56,989.00,0.247637
9457,1000,0.10,900,3,35,1.0211,0.50,linear,57,982.00,0.133670
9458,1000,0.10,900,3,35,1.0792,0.50,linear,58,1007.00,1.130630
9459,1000,0.10,900,3,35,1.0465,0.50,linear,59,972.00,0.903504
9460,1000,0.10,900,3,35,1.0227,0.50,linear,60,978.00,0.914984
9461,1000,0.10,900,3,35,1.0046,0.50,linear,61,1033.00,0.388645
9462,1000,0.10,900,3,35,0.9848,0.50,linear,62,999.00,0.563426
9463,1000,0.10,900,3,35,1.0150,0.50,linear,63,1033.00,1.513237
9464,1000,0.10,900,3,35,1.0176,0.50,linear,64,980.00,0.215116
9465,1000,0.10,900,3,35,1.0499,0.50,linear,65,994.00,0.389084
9466,1000,0.10,900,3,35,1.0463,0.50,linear,66,1020.00,0.806450
9467,1000,0.10,900,3,35,1.0203,0.50,linear,67,990.00,1.577488
9468,1000,0.10,900,3,35,1.0467,0.50,linear,68,1043.00,1.182890
9469,1000,0.10,900,3,35,1.0372,0.50,linear,69,1006.00,0.411566
9470,1000,0.10,900,3,35,1.0415,0.50,linear,70,987.00,0.230080
9471,1000,0.10,900,3,35,1.0608,0.50,linear,71,987.00,0.572698
9472,1000,0.10,900,3,35,1.0942,0.50,linear,72,991.00,1.086980
9473,1000,0.10,900,3,35,1.0706,0.50,linear,73,978.00,0.364830
9474,1000,0.10,900,3,35,1.0250,0.50,linear,74,1033.00,0.684078
9475,1000,0.10,900,3,35,1.0790,0.50,linear,75,973.00,0.252705
9476,1000,0.10,900,3,35,1.0081,0.50,linear,76,1009.00,0.529227
9477,1000,0.10,900,3,35,1.0514,0.50,linear,77,993.00,1.367656
9478,1000,0.10,900,3,35,1.0521,0.50,linear,78,1043.00,0.860192
9479,1000,0.10,900,3,35,1.0439,0.50,linear,79,952.00,0.095460
9480,1000,0.10,900,3,35,1.0705,0.50,linear,80,990.00,0.340735
9481,1000,0.10,900,3,35,1.0313,0.50,linear,81,975.00,0.610272
9482,1000,0.10,900,3,35,1.0615,0.50,linear,82,956.00,0.972226
9483,1000,0.10,900,3,35,1.0411,0.50,linear,83,938.00,0.924692
9484,1000,0.10,900,3,35,0.9872,0.50,linear,84,981.00,0.793424
9485,1000,0.10,900,3,35,1.0860,0.50,linear,85,996.00,0.626516
9486,1000,0.10,900,3,35,1.0514,0.50,linear,86,986.00,0.717338
9487,1000,0.10,900,3,35,1.0390,0.50,linear,87,988.00,0.304839
9488,1000,0.10,900,3,35,1.0658,0.50,linear,88,1006.00,1.825261
9489,1000,0.10,900,3,35,1.0305,0.50,linear,89,1005.00,1.098584
9490,1000,0.10,900,3,35,1.0308,0.50,linear,90,1007.00,1.319420
9491,1000,0.10,900,3,35,1.0397,0.50,linear,91,1004.00,0.911184
9492,1000,0.10,900,3,35,1.0342,0.50,linear,92,986.00,0.649548
9493,1000,0.10,900,3,35,1.0291,0.50,linear,93,990.00,0.396024
9494,1000,0.10,900,3,35,1.0025,0.50,linear,94,967.00,0.593648
9495,1000,0.10,900,3,35,1.0391,0.50,linear,95,1017.00,0.654299
9496,1000,0.10,900,3,35,1.1061,0.50,linear,96,992.00,0.871673
9497,1000,0.10,900,3,35,1.0667,0.50,linear,97,954.00,0.398682
9498,1000,0.10,900,3,35,1.0592,0.50,linear,98,987.00,0.914229
9499,1000,0.10,900,3,35,1.0267,0.50,linear,99,973.00,0.155157
9500,1000,0.10,900,3,35,1.0573,0.55,linear,0,964.00,1.462222
9501,1000,0.10,900,3,35,1.0503,0.55,linear,1,991.00,0.312149
9502,1000,0.10,900,3,35,1.0597,0.55,linear,2,983.00,0.460450
9503,1000,0.10,900,3,35,1.0100,0.55,linear,3,998.00,1.019245
9504,1000,0.10,900,3,35,1.0148,0.55,linear,4,1024.00,0.204546
9505,1000,0.10,900,3,35,1.0296,0.55,linear,5,1012.00,0.390312
9506,1000,0.10,900,3,35,1.0063,0.55,linear,6,975.00,0.996141
9507,1000,0.10,900,3,35,1.0532,0.55,linear,7,1038.00,0.505828
9508,1000,0.10,900,3,35,1.0516,0.55,linear,8,966.00,0.553885
9509,1000,0.10,900,3,35,0.9994,0.55,linear,9,970.00,0.551888
9510,1000,0.10,900,3,35,1.0591,0.55,linear,10,962.00,0.975611
9511,1000,0.10,900,3,35,1.0632,0.55,linear,11,979.00,0.622076
9512,1000,0.10,900,3,35,1.0086,0.55,linear,12,991.00,0.713581
9513,1000,0.10,900,3,35,1.0142,0.55,linear,13,963.00,0.600598
9514,1000,0.10,900,3,35,1.0727,0.55,linear,14,984.00,0.765920
9515,1000,0.10,900,3,35,1.0697,0.55,linear,15,981.00,2.186840
9516,1000,0.10,900,3,35,1.0533,0.55,linear,16,1012.00,0.237934
9517,1000,0.10,900,3,35,1.0368,0.55,linear,17,983.00,0.288214
9518,1000,0.10,900,3,35,1.0245,0.55,linear,18,1008.00,0.515545
9519,1000,0.10,900,3,35,1.0735,0.55,linear,19,990.00,0.293479
9520,1000,0.10,900,3,35,1.0102,0.55,linear,20,1015.00,0.830359
9521,1000,0.10,900,3,35,1.0083,0.55,linear,21,985.00,0.323054
9522,1000,0.10,900,3,35,1.0255,0.55,linear,22,1056.00,1.543037
9523,1000,0.10,900,3,35,1.0348,0.55,linear,23,983.00,0.907375
9524,1000,0.10,900,3,35,1.0996,0.55,linear,24,981.00,0.427001
9525,1000,0.10,900,3,35,1.0699,0.55,linear,25,984.00,0.336788
9526,1000,0.10,900,3,35,1.0087,0.55,linear,26,984.00,0.447407
9527,1000,0.10,900,3,35,1.0423,0.55,linear,27,988.00,0.417269
9528,1000,0.10,900,3,35,1.0441,0.55,linear,28,1007.00,0.572321
9529,1000,0.10,900,3,35,1.0106,0.55,linear,29,989.00,0.754413
9530,1000,0.10,900,3,35,1.0399,0.55,linear,30,943.00,0.496798
9531,1000,0.10,900,3,35,1.0656,0.55,linear,31,1000.00,1.262832
9532,1000,0.10,900,3,35,1.0634,0.55,linear,32,1008.00,0.404038
9533,1000,0.10,900,3,35,1.0065,0.55,linear,33,976.00,0.992759
9534,1000,0.10,900,3,35,1.0673,0.55,linear,34,976.00,0.300151
9535,1000,0.10,900,3,35,1.0276,0.55,linear,35,1001.00,0.565667
9536,1000,0.10,900,3,35,1.0983,0.55,linear,36,1014.00,1.651210
9537,1000,0.10,900,3,35,1.0122,0.55,linear,37,968.00,0.165145
9538,1000,0.10,900,3,35,1.0287,0.55,linear,38,1001.00,0.870624
9539,1000,0.10,900,3,35,1.0404,0.55,linear,39,969.00,0.280871
9540,1000,0.10,900,3,35,1.0589,0.55,linear,40,1028.00,0.459519
9541,1000,0.10,900,3,35,1.0490,0.55,linear,41,1028.00,0.547691
9542,1000,0.10,900,3,35,1.0036,0.55,linear,42,1025.00,2.191108
9543,1000,0.10,900,3,35,1.0681,0.55,linear,43,969.00,1.323302
9544,1000,0.10,900,3,35,1.0435,0.55,linear,44,979.00,0.743632
9545,1000,0.10,900,3,35,1.0139,0.55,linear,45,1031.00,1.439430
9546,1000,0.10,900,3,35,1.0394,0.55,linear,46,997.00,0.713187
9547,1000,0.10,900,3,35,1.0647,0.55,linear,47,995.00,0.842274
9548,1000,0.10,900,3,35,1.0354,0.55,linear,48,948.00,1.865799
9549,1000,0.10,900,3,35,1.0474,0.55,linear,49,1012.00,0.294270
9550,1000,0.10,900,3,35,1.0671,0.55,linear,50,1007.00,1.202231
9551,1000,0.10,900,3,35,1.0681,0.55,linear,51,1007.00,1.525490
9552,1000,0.10,900,3,35,1.0244,0.55,linear,52,994.00,1.001877
9553,1000,0.10,900,3,35,1.0287,0.55,linear,53,1010.00,1.205824
9554,1000,0.10,900,3,35,1.0165,0.55,linear,54,970.00,0.394458
9555,1000,0.10,900,3,35,0.9893,0.55,linear,55,1007.00,1.704473
9556,1000,0.10,900,3,35,1.0188,0.55,linear,56,988.00,1.105210
9557,1000,0.10,900,3,35,0.9835,0.55,linear,57,1009.00,0.310034
9558,1000,0.10,900,3,35,1.0737,0.55,linear,58,990.00,0.475055
9559,1000,0.10,900,3,35,1.0151,0.55,linear,59,1053.00,0.940419
9560,1000,0.10,900,3,35,1.0376,0.55,linear,60,1006.00,1.014012
9561,1000,0.10,900,3,35,1.0512,0.55,linear,61,974.00,0.343846
9562,1000,0.10,900,3,35,1.0616,0.55,linear,62,1000.00,0.190092
9563,1000,0.10,900,3,35,1.0092,0.55,linear,63,990.00,0.578449
9564,1000,0.10,900,3,35,1.0293,0.55,linear,64,995.00,0.839621
9565,1000,0.10,900,3,35,1.0186,0.55,linear,65,992.00,0.747687
9566,1000,0.10,900,3,35,1.0590,0.55,linear,66,1010.00,1.230590
9567,1000,0.10,900,3,35,1.0080,0.55,linear,67,1023.00,0.347068
9568,1000,0.10,900,3,35,1.0505,0.55,linear,68,972.00,0.620645
9569,1000,0.10,900,3,35,1.0351,0.55,linear,69,1025.00,0.582244
9570,1000,0.10,900,3,35,1.0387,0.55,linear,70,976.00,0.284132
9571,1000,0.10,900,3,35,1.0750,0.55,linear,71,987.00,0.657429
9572,1000,0.10,900,3,35,1.0572,0.55,linear,72,1010.00,1.258677
9573,1000,0.10,900,3,35,1.0720,0.55,linear,73,976.00,2.837097
9574,1000,0.10,900,3,35,1.0358,0.55,linear,74,1024.00,1.597970
9575,1000,0.10,900,3,35,1.0808,0.55,linear,75,1020.00,0.663963
9576,1000,0.10,900,3,35,1.0570,0.55,linear,76,971.00,1.389636
9577,1000,0.10,900,3,35,1.0494,0.55,linear,77,1018.00,0.994214
9578,1000,0.10,900,3,35,1.0657,0.55,linear,78,1018.00,0.666518
9579,1000,0.10,900,3,35,1.0074,0.55,linear,79,1018.00,2.316323
9580,1000,0.10,900,3,35,1.0412,0.55,linear,80,1006.00,0.228121
9581,1000,0.10,900,3,35,1.0436,0.55,linear,81,1030.00,2.317591
9582,1000,0.10,900,3,35,1.0258,0.55,linear,82,968.00,0.392074
9583,1000,0.10,900,3,35,1.0220,0.55,linear,83,990.00,0.998827
9584,1000,0.10,900,3,35,1.0008,0.55,linear,84,972.00,0.993848
9585,1000,0.10,900,3,35,1.0225,0.55,linear,85,979.00,0.425760
9586,1000,0.10,900,3,35,1.0045,0.55,linear,86,988.00,1.831311
9587,1000,0.10,900,3,35,1.0108,0.55,linear,87,1038.00,0.356859
9588,1000,0.10,900,3,35,1.0114,0.55,linear,88,1032.00,1.253899
9589,1000,0.10,900,3,35,1.0604,0.55,linear,89,971.00,0.509527
9590,1000,0.10,900,3,35,0.9924,0.55,linear,90,1042.00,0.564407
9591,1000,0.10,900,3,35,1.0577,0.55,linear,91,1000.00,1.345783
9592,1000,0.10,900,3,35,1.0203,0.55,linear,92,951.00,0.990450
9593,1000,0.10,900,3,35,1.0055,0.55,linear,93,995.00,2.860832
9594,1000,0.10,900,3,35,1.0012,0.55,linear,94,990.00,1.150169
9595,1000,0.10,900,3,35,0.9809,0.55,linear,95,979.00,0.880349
9596,1000,0.10,900,3,35,1.0135,0.55,linear,96,995.00,0.299536
9597,1000,0.10,900,3,35,1.0406,0.55,linear,97,992.00,1.768167
9598,1000,0.10,900,3,35,1.0754,0.55,linear,98,985.00,0.483348
9599,1000,0.10,900,3,35,1.0181,0.55,linear,99,984.00,0.606582
9600,1000,0.10,900,3,35,1.0330,0.60,linear,0,983.00,0.609909
9601,1000,0.10,900,3,35,1.0265,0.60,linear,1,1006.00,0.203340
9602,1000,0.10,900,3,35,1.0099,0.60,linear,2,994.00,1.694202
9603,1000,0.10,900,3,35,1.0277,0.60,linear,3,1000.00,0.345537
9604,1000,0.10,900,3,35,1.0576,0.60,linear,4,1034.00,0.556344
9605,1000,0.10,900,3,35,1.0587,0.60,linear,5,1057.00,0.284431
9606,1000,0.10,900,3,35,1.0283,0.60,linear,6,979.00,0.323854
9607,1000,0.10,900,3,35,1.0786,0.60,linear,7,1040.00,0.719651
9608,1000,0.10,900,3,35,1.0381,0.60,linear,8,1011.00,0.888530
9609,1000,0.10,900,3,35,1.0435,0.60,linear,9,1012.00,0.961822
9610,1000,0.10,900,3,35,1.0429,0.60,linear,10,1046.00,0.340666
9611,1000,0.10,900,3,35,1.0395,0.60,linear,11,973.00,0.400135
9612,1000,0.10,900,3,35,1.0145,0.60,linear,12,960.00,1.415125
9613,1000,0.10,900,3,35,1.0196,0.60,linear,13,969.00,0.357686
9614,1000,0.10,900,3,35,1.0514,0.60,linear,14,992.00,1.276624
9615,1000,0.10,900,3,35,1.0357,0.60,linear,15,1015.00,1.119615
9616,1000,0.10,900,3,35,0.9932,0.60,linear,16,983.00,1.751060
9617,1000,0.10,900,3,35,1.0559,0.60,linear,17,1047.00,0.773698
9618,1000,0.10,900,3,35,1.0390,0.60,linear,18,1007.00,0.389852
9619,1000,0.10,900,3,35,1.0383,0.60,linear,19,980.00,0.668926
9620,1000,0.10,900,3,35,1.0507,0.60,linear,20,977.00,0.896617
9621,1000,0.10,900,3,35,1.0702,0.60,linear,21,971.00,0.782645
9622,1000,0.10,900,3,35,1.0486,0.60,linear,22,995.00,0.311072
9623,1000,0.10,900,3,35,1.0621,0.60,linear,23,998.00,0.676288
9624,1000,0.10,900,3,35,1.0228,0.60,linear,24,1022.00,0.421505
9625,1000,0.10,900,3,35,1.0568,0.60,linear,25,1026.00,0.816237
9626,1000,0.10,900,3,35,1.0412,0.60,linear,26,1032.00,0.449257
9627,1000,0.10,900,3,35,1.0839,0.60,linear,27,984.00,1.425274
9628,1000,0.10,900,3,35,1.0438,0.60,linear,28,1031.00,0.440358
9629,1000,0.10,900,3,35,1.0425,0.60,linear,29,992.00,1.603338
9630,1000,0.10,900,3,35,1.0337,0.60,linear,30,1022.00,1.022352
9631,1000,0.10,900,3,35,1.0371,0.60,linear,31,1017.00,1.476952
9632,1000,0.10,900,3,35,1.0292,0.60,linear,32,1007.00,0.449062
9633,1000,0.10,900,3,35,1.0087,0.60,linear,33,1044.00,0.477351
9634,1000,0.10,900,3,35,1.0269,0.60,linear,34,994.00,1.213015
9635,1000,0.10,900,3,35,1.0021,0.60,linear,35,974.00,0.497248
9636,1000,0.10,900,3,35,1.0155,0.60,linear,36,1013.00,0.399416
9637,1000,0.10,900,3,35,1.0296,0.60,linear,37,1000.00,0.465657
9638,1000,0.10,900,3,35,1.0140,0.60,linear,38,1083.00,0.488584
9639,1000,0.10,900,3,35,1.0244,0.60,linear,39,1012.00,0.286072
9640,1000,0.10,900,3,35,1.0059,0.60,linear,40,992.00,0.389738
9641,1000,0.10,900,3,35,1.0341,0.60,linear,41,1003.00,0.281344
9642,1000,0.10,900,3,35,1.0196,0.60,linear,42,1000.00,0.229189
9643,1000,0.10,900,3,35,1.0369,0.60,linear,43,994.00,0.536850
9644,1000,0.10,900,3,35,1.0517,0.60,linear,44,1023.00,0.380818
9645,1000,0.10,900,3,35,1.0782,0.60,linear,45,1166.00,1.233971
9646,1000,0.10,900,3,35,1.0376,0.60,linear,46,994.00,0.616313
9647,1000,0.10,900,3,35,0.9928,0.60,linear,47,1022.00,0.705657
9648,1000,0.10,900,3,35,1.0154,0.60,linear,48,987.00,2.306272
9649,1000,0.10,900,3,35,1.0313,0.60,linear,49,959.00,0.300823
9650,1000,0.10,900,3,35,1.0170,0.60,linear,50,996.00,0.400699
9651,1000,0.10,900,3,35,1.0735,0.60,linear,51,1034.00,1.315150
9652,1000,0.10,900,3,35,1.0481,0.60,linear,52,1011.00,0.319646
9653,1000,0.10,900,3,35,1.0726,0.60,linear,53,1027.00,0.806797
9654,1000,0.10,900,3,35,1.0596,0.60,linear,54,1047.00,0.211757
9655,1000,0.10,900,3,35,0.9931,0.60,linear,55,959.00,0.296239
9656,1000,0.10,900,3,35,1.0305,0.60,linear,56,1012.00,0.384502
9657,1000,0.10,900,3,35,1.0458,0.60,linear,57,1003.00,0.432591
9658,1000,0.10,900,3,35,1.0538,0.60,linear,58,1002.00,1.602558
9659,1000,0.10,900,3,35,1.0098,0.60,linear,59,1049.00,0.534510
9660,1000,0.10,900,3,35,1.0485,0.60,linear,60,996.00,0.281820
9661,1000,0.10,900,3,35,1.0167,0.60,linear,61,1003.00,1.280150
9662,1000,0.10,900,3,35,1.0652,0.60,linear,62,973.00,0.718373
9663,1000,0.10,900,3,35,1.0286,0.60,linear,63,967.00,0.250564
9664,1000,0.10,900,3,35,1.0660,0.60,linear,64,1008.00,0.565396
9665,1000,0.10,900,3,35,1.0182,0.60,linear,65,991.00,0.948469
9666,1000,0.10,900,3,35,1.0477,0.60,linear,66,1030.00,0.202428
9667,1000,0.10,900,3,35,1.0526,0.60,linear,67,949.00,0.469535
9668,1000,0.10,900,3,35,1.0285,0.60,linear,68,1001.00,0.498307
9669,1000,0.10,900,3,35,1.0517,0.60,linear,69,957.00,0.287839
9670,1000,0.10,900,3,35,1.0653,0.60,linear,70,967.00,0.590129
9671,1000,0.10,900,3,35,0.9981,0.60,linear,71,983.00,0.332516
9672,1000,0.10,900,3,35,1.0265,0.60,linear,72,958.00,0.539534
9673,1000,0.10,900,3,35,1.0441,0.60,linear,73,968.00,0.368635
9674,1000,0.10,900,3,35,1.0552,0.60,linear,74,994.00,0.410037
9675,1000,0.10,900,3,35,1.0339,0.60,linear,75,977.00,0.320012
9676,1000,0.10,900,3,35,1.0383,0.60,linear,76,961.00,1.780374
9677,1000,0.10,900,3,35,1.0296,0.60,linear,77,1011.00,0.297816
9678,1000,0.10,900,3,35,1.0144,0.60,linear,78,1009.00,0.778504
9679,1000,0.10,900,3,35,1.0590,0.60,linear,79,989.00,0.556797
9680,1000,0.10,900,3,35,1.0580,0.60,linear,80,1025.00,0.947329
9681,1000,0.10,900,3,35,1.0191,0.60,linear,81,1022.00,0.598592
9682,1000,0.10,900,3,35,1.0792,0.60,linear,82,1056.00,0.237395
9683,1000,0.10,900,3,35,1.0512,0.60,linear,83,971.00,0.956555
9684,1000,0.10,900,3,35,1.0056,0.60,linear,84,991.00,1.974230
9685,1000,0.10,900,3,35,1.0233,0.60,linear,85,1006.00,0.996100
9686,1000,0.10,900,3,35,1.0592,0.60,linear,86,992.00,0.579185
9687,1000,0.10,900,3,35,1.0279,0.60,linear,87,972.00,0.845807
9688,1000,0.10,900,3,35,1.0283,0.60,linear,88,975.00,0.213474
9689,1000,0.10,900,3,35,1.0412,0.60,linear,89,984.00,0.215517
9690,1000,0.10,900,3,35,1.0600,0.60,linear,90,992.00,0.452017
9691,1000,0.10,900,3,35,1.0193,0.60,linear,91,995.00,1.696856
9692,1000,0.10,900,3,35,1.0454,0.60,linear,92,962.00,0.771322
9693,1000,0.10,900,3,35,1.0091,0.60,linear,93,970.00,0.314480
9694,1000,0.10,900,3,35,1.0391,0.60,linear,94,981.00,2.055199
9695,1000,0.10,900,3,35,1.0294,0.60,linear,95,1010.00,0.365713
9696,1000,0.10,900,3,35,1.0570,0.60,linear,96,974.00,0.915048
9697,1000,0.10,900,3,35,1.0679,0.60,linear,97,1006.00,0.361362
9698,1000,0.10,900,3,35,1.0028,0.60,linear,98,977.00,0.598760
9699,1000,0.10,900,3,35,1.0086,0.60,linear,99,993.00,0.497154
9700,1000,0.10,900,3,35,1.0252,0.65,linear,0,963.00,1.209387
9701,1000,0.10,900,3,35,1.0431,0.65,linear,1,1001.00,0.574640
9702,1000,0.10,900,3,35,1.0527,0.65,linear,2,998.00,0.501859
9703,1000,0.10,900,3,35,1.0093,0.65,linear,3,1020.00,0.250710
9704,1000,0.10,900,3,35,1.0496,0.65,linear,4,1019.00,2.963809
9705,1000,0.10,900,3,35,1.0733,0.65,linear,5,1033.00,0.553045
9706,1000,0.10,900,3,35,1.0033,0.65,linear,6,1021.00,1.342670
9707,1000,0.10,900,3,35,1.0396,0.65,linear,7,1033.00,1.937475
9708,1000,0.10,900,3,35,0.9703,0.65,linear,8,1001.00,1.318714
9709,1000,0.10,900,3,35,1.0285,0.65,linear,9,985.00,0.943018
9710,1000,0.10,900,3,35,1.0290,0.65,linear,10,1028.00,1.219597
9711,1000,0.10,900,3,35,1.0425,0.65,linear,11,1013.00,0.478433
9712,1000,0.10,900,3,35,1.0628,0.65,linear,12,1033.00,1.568368
9713,1000,0.10,900,3,35,1.0228,0.65,linear,13,993.00,0.680373
9714,1000,0.10,900,3,35,1.0757,0.65,linear,14,1006.00,1.245589
9715,1000,0.10,900,3,35,1.0324,0.65,linear,15,1048.00,0.667403
9716,1000,0.10,900,3,35,1.0636,0.65,linear,16,1040.00,0.367304
9717,1000,0.10,900,3,35,1.0055,0.65,linear,17,1023.00,1.163730
9718,1000,0.10,900,3,35,1.0310,0.65,linear,18,1020.00,1.130449
9719,1000,0.10,900,3,35,1.0288,0.65,linear,19,985.00,0.911845
9720,1000,0.10,900,3,35,1.0030,0.65,linear,20,1031.00,1.620248
9721,1000,0.10,900,3,35,1.0747,0.65,linear,21,1014.00,0.558200
9722,1000,0.10,900,3,35,1.0286,0.65,linear,22,1026.00,0.826568
9723,1000,0.10,900,3,35,1.0037,0.65,linear,23,1032.00,1.058129
9724,1000,0.10,900,3,35,1.0166,0.65,linear,24,1025.00,0.219889
9725,1000,0.10,900,3,35,1.0260,0.65,linear,25,1000.00,0.730766
9726,1000,0.10,900,3,35,0.9911,0.65,linear,26,1002.00,0.871106
9727,1000,0.10,900,3,35,1.0086,0.65,linear,27,1020.00,0.628704
9728,1000,0.10,900,3,35,1.0168,0.65,linear,28,1024.00,0.425745
9729,1000,0.10,900,3,35,1.0535,0.65,linear,29,994.00,1.084615
9730,1000,0.10,900,3,35,1.0482,0.65,linear,30,1018.00,0.870008
9731,1000,0.10,900,3,35,1.0646,0.65,linear,31,1007.00,0.726697
9732,1000,0.10,900,3,35,1.0220,0.65,linear,32,1011.00,0.963585
9733,1000,0.10,900,3,35,1.0450,0.65,linear,33,991.00,0.519052
9734,1000,0.10,900,3,35,1.0543,0.65,linear,34,1037.00,1.517101
9735,1000,0.10,900,3,35,1.0334,0.65,linear,35,1010.00,0.944305
9736,1000,0.10,900,3,35,1.0541,0.65,linear,36,1000.00,1.142497
9737,1000,0.10,900,3,35,1.0172,0.65,linear,37,963.00,0.161877
9738,1000,0.10,900,3,35,1.0426,0.65,linear,38,947.00,0.877239
9739,1000,0.10,900,3,35,1.0531,0.65,linear,39,1005.00,0.245149
9740,1000,0.10,900,3,35,1.0364,0.65,linear,40,1008.00,0.550445
9741,1000,0.10,900,3,35,1.0501,0.65,linear,41,999.00,1.242798
9742,1000,0.10,900,3,35,1.0677,0.65,linear,42,987.00,0.970985
9743,1000,0.10,900,3,35,1.0345,0.65,linear,43,1024.00,0.461476
9744,1000,0.10,900,3,35,1.0034,0.65,linear,44,969.00,1.108973
9745,1000,0.10,900,3,35,1.0398,0.65,linear,45,986.00,0.259093
9746,1000,0.10,900,3,35,1.0071,0.65,linear,46,996.00,0.777685
9747,1000,0.10,900,3,35,1.1030,0.65,linear,47,1013.00,0.191202
9748,1000,0.10,900,3,35,1.0230,0.65,linear,48,1010.00,0.895027
9749,1000,0.10,900,3,35,1.0519,0.65,linear,49,1027.00,2.701511
9750,1000,0.10,900,3,35,1.0561,0.65,linear,50,1005.00,1.307473
9751,1000,0.10,900,3,35,1.0406,0.65,linear,51,983.00,1.115583
9752,1000,0.10,900,3,35,0.9842,0.65,linear,52,1035.00,0.394203
9753,1000,0.10,900,3,35,1.0732,0.65,linear,53,1028.00,1.132653
9754,1000,0.10,900,3,35,1.0151,0.65,linear,54,989.00,2.447396
9755,1000,0.10,900,3,35,1.0266,0.65,linear,55,985.00,0.360029
9756,1000,0.10,900,3,35,1.0598,0.65,linear,56,980.00,0.791869
9757,1000,0.10,900,3,35,1.0004,0.65,linear,57,1001.00,1.282454
9758,1000,0.10,900,3,35,1.0681,0.65,linear,58,1027.00,1.433757
9759,1000,0.10,900,3,35,1.0269,0.65,linear,59,1052.00,0.288427
9760,1000,0.10,900,3,35,0.9938,0.65,linear,60,1067.00,0.384888
9761,1000,0.10,900,3,35,1.0594,0.65,linear,61,955.00,0.290304
9762,1000,0.10,900,3,35,1.0491,0.65,linear,62,1041.00,0.947596
9763,1000,0.10,900,3,35,1.0650,0.65,linear,63,1044.00,1.694339
9764,1000,0.10,900,3,35,1.0632,0.65,linear,64,998.00,0.923855
9765,1000,0.10,900,3,35,1.0623,0.65,linear,65,1004.00,0.430215
9766,1000,0.10,900,3,35,1.0170,0.65,linear,66,982.00,0.360392
9767,1000,0.10,900,3,35,1.0521,0.65,linear,67,1029.00,1.467123
9768,1000,0.10,900,3,35,1.0566,0.65,linear,68,1001.00,0.564721
9769,1000,0.10,900,3,35,1.0500,0.65,linear,69,994.00,0.454380
9770,1000,0.10,900,3,35,1.0645,0.65,linear,70,1038.00,0.897768
9771,1000,0.10,900,3,35,1.0655,0.65,linear,71,983.00,0.190400
9772,1000,0.10,900,3,35,1.0272,0.65,linear,72,1030.00,0.928882
9773,1000,0.10,900,3,35,1.0276,0.65,linear,73,1026.00,1.400662
9774,1000,0.10,900,3,35,1.0732,0.65,linear,74,988.00,1.378070
9775,1000,0.10,900,3,35,1.0693,0.65,linear,75,974.00,1.395182
9776,1000,0.10,900,3,35,1.0184,0.65,linear,76,1017.00,3.122526
9777,1000,0.10,900,3,35,1.1006,0.65,linear,77,995.00,0.533997
9778,1000,0.10,900,3,35,1.0489,0.65,linear,78,999.00,0.302619
9779,1000,0.10,900,3,35,1.0334,0.65,linear,79,1002.00,0.382245
9780,1000,0.10,900,3,35,1.1285,0.65,linear,80,1019.00,0.536119
9781,1000,0.10,900,3,35,1.0299,0.65,linear,81,971.00,0.250831
9782,1000,0.10,900,3,35,1.0483,0.65,linear,82,992.00,0.359080
9783,1000,0.10,900,3,35,1.0320,0.65,linear,83,967.00,1.722500
9784,1000,0.10,900,3,35,1.0443,0.65,linear,84,1001.00,2.574940
9785,1000,0.10,900,3,35,1.0359,0.65,linear,85,965.00,1.816339
9786,1000,0.10,900,3,35,1.0586,0.65,linear,86,985.00,0.743491
9787,1000,0.10,900,3,35,1.0430,0.65,linear,87,1017.00,0.635700
9788,1000,0.10,900,3,35,1.0170,0.65,linear,88,1000.00,0.276868
9789,1000,0.10,900,3,35,1.0522,0.65,linear,89,995.00,0.917228
9790,1000,0.10,900,3,35,1.0268,0.65,linear,90,965.00,0.331831
9791,1000,0.10,900,3,35,1.0571,0.65,linear,91,1022.00,0.873766
9792,1000,0.10,900,3,35,1.0237,0.65,linear,92,1006.00,0.550697
9793,1000,0.10,900,3,35,1.0379,0.65,linear,93,983.00,0.610816
9794,1000,0.10,900,3,35,1.0417,0.65,linear,94,1016.00,0.387586
9795,1000,0.10,900,3,35,1.0872,0.65,linear,95,1014.00,0.361993
9796,1000,0.10,900,3,35,1.0280,0.65,linear,96,1019.00,0.988115
9797,1000,0.10,900,3,35,1.0973,0.65,linear,97,990.00,1.573097
9798,1000,0.10,900,3,35,1.0401,0.65,linear,98,986.00,0.779672
9799,1000,0.10,900,3,35,1.0939,0.65,linear,99,974.00,0.964129
9800,1000,0.10,900,3,35,1.0282,0.70,linear,0,993.00,0.828187
9801,1000,0.10,900,3,35,1.0329,0.70,linear,1,1046.00,0.549996
9802,1000,0.10,900,3,35,1.0528,0.70,linear,2,1011.00,0.336365
9803,1000,0.10,900,3,35,1.0236,0.70,linear,3,1016.00,1.719619
9804,1000,0.10,900,3,35,1.0345,0.70,linear,4,975.00,0.532591
9805,1000,0.10,900,3,35,0.9889,0.70,linear,5,995.00,1.173471
9806,1000,0.10,900,3,35,1.0168,0.70,linear,6,1029.00,0.626830
9807,1000,0.10,900,3,35,1.0184,0.70,linear,7,1005.00,0.839331
9808,1000,0.10,900,3,35,1.0271,0.70,linear,8,964.00,0.950493
9809,1000,0.10,900,3,35,1.1045,0.70,linear,9,1073.00,0.261147
9810,1000,0.10,900,3,35,1.0806,0.70,linear,10,1040.00,2.493731
9811,1000,0.10,900,3,35,1.0306,0.70,linear,11,1006.00,1.014240
9812,1000,0.10,900,3,35,1.0661,0.70,linear,12,1004.00,1.177220
9813,1000,0.10,900,3,35,1.0490,0.70,linear,13,987.00,1.917117
9814,1000,0.10,900,3,35,1.0215,0.70,linear,14,985.00,0.561005
9815,1000,0.10,900,3,35,1.0153,0.70,linear,15,1001.00,2.165030
9816,1000,0.10,900,3,35,0.9964,0.70,linear,16,1012.00,0.309998
9817,1000,0.10,900,3,35,1.0473,0.70,linear,17,1023.00,0.635847
9818,1000,0.10,900,3,35,1.0254,0.70,linear,18,993.00,0.721516
9819,1000,0.10,900,3,35,1.0439,0.70,linear,19,1023.00,0.464258
9820,1000,0.10,900,3,35,1.0148,0.70,linear,20,1030.00,0.419814
9821,1000,0.10,900,3,35,1.0262,0.70,linear,21,1006.00,0.317991
9822,1000,0.10,900,3,35,1.0551,0.70,linear,22,994.00,1.601622
9823,1000,0.10,900,3,35,1.0373,0.70,linear,23,995.00,0.352825
9824,1000,0.10,900,3,35,1.0440,0.70,linear,24,1017.00,0.639886
9825,1000,0.10,900,3,35,1.0600,0.70,linear,25,995.00,0.521023
9826,1000,0.10,900,3,35,1.0111,0.70,linear,26,1006.00,0.460070
9827,1000,0.10,900,3,35,1.0569,0.70,linear,27,1033.00,1.052408
9828,1000,0.10,900,3,35,1.0050,0.70,linear,28,1000.00,0.455527
9829,1000,0.10,900,3,35,1.0658,0.70,linear,29,1027.00,1.439187
9830,1000,0.10,900,3,35,1.0285,0.70,linear,30,1030.00,0.428902
9831,1000,0.10,900,3,35,1.0386,0.70,linear,31,1000.00,0.704244
9832,1000,0.10,900,3,35,1.0422,0.70,linear,32,1001.00,0.790582
9833,1000,0.10,900,3,35,1.0557,0.70,linear,33,1016.00,0.349035
9834,1000,0.10,900,3,35,1.0513,0.70,linear,34,1002.00,0.443753
9835,1000,0.10,900,3,35,1.0524,0.70,linear,35,1017.00,0.341679
9836,1000,0.10,900,3,35,1.0060,0.70,linear,36,975.00,0.725138
9837,1000,0.10,900,3,35,1.0481,0.70,linear,37,1010.00,0.436924
9838,1000,0.10,900,3,35,1.0145,0.70,linear,38,1052.00,0.335770
9839,1000,0.10,900,3,35,1.0159,0.70,linear,39,1009.00,1.322137
9840,1000,0.10,900,3,35,1.0592,0.70,linear,40,985.00,0.805280
9841,1000,0.10,900,3,35,1.0967,0.70,linear,41,1009.00,0.243895
9842,1000,0.10,900,3,35,1.0360,0.70,linear,42,988.00,0.530418
9843,1000,0.10,900,3,35,0.9903,0.70,linear,43,979.00,0.346997
9844,1000,0.10,900,3,35,1.0331,0.70,linear,44,1024.00,1.110260
9845,1000,0.10,900,3,35,1.0472,0.70,linear,45,994.00,1.425206
9846,1000,0.10,900,3,35,1.0419,0.70,linear,46,978.00,0.308672
9847,1000,0.10,900,3,35,1.0491,0.70,linear,47,985.00,0.607581
9848,1000,0.10,900,3,35,1.0467,0.70,linear,48,991.00,1.819825
9849,1000,0.10,900,3,35,1.0260,0.70,linear,49,1011.00,0.609307
9850,1000,0.10,900,3,35,1.0600,0.70,linear,50,1031.00,0.168966
9851,1000,0.10,900,3,35,1.0470,0.70,linear,51,963.00,0.477924
9852,1000,0.10,900,3,35,1.0558,0.70,linear,52,995.00,0.898965
9853,1000,0.10,900,3,35,0.9789,0.70,linear,53,980.00,0.706795
9854,1000,0.10,900,3,35,1.0515,0.70,linear,54,1010.00,0.460758
9855,1000,0.10,900,3,35,1.0833,0.70,linear,55,1001.00,0.639187
9856,1000,0.10,900,3,35,1.0201,0.70,linear,56,1017.00,1.328274
9857,1000,0.10,900,3,35,1.0427,0.70,linear,57,1006.00,0.885417
9858,1000,0.10,900,3,35,1.0102,0.70,linear,58,989.00,2.441225
9859,1000,0.10,900,3,35,1.0396,0.70,linear,59,1004.00,0.214431
9860,1000,0.10,900,3,35,1.0055,0.70,linear,60,1021.00,0.461553
9861,1000,0.10,900,3,35,1.0634,0.70,linear,61,985.00,1.140918
9862,1000,0.10,900,3,35,1.0574,0.70,linear,62,983.00,0.809492
9863,1000,0.10,900,3,35,1.1000,0.70,linear,63,1013.00,2.012436
9864,1000,0.10,900,3,35,1.0260,0.70,linear,64,984.00,0.266716
9865,1000,0.10,900,3,35,1.0378,0.70,linear,65,989.00,0.678413
9866,1000,0.10,900,3,35,1.0645,0.70,linear,66,1014.00,0.624634
9867,1000,0.10,900,3,35,0.9653,0.70,linear,67,990.00,0.661919
9868,1000,0.10,900,3,35,1.0424,0.70,linear,68,989.00,0.356294
9869,1000,0.10,900,3,35,1.0113,0.70,linear,69,1022.00,1.556090
9870,1000,0.10,900,3,35,1.0216,0.70,linear,70,969.00,0.786467
9871,1000,0.10,900,3,35,1.0422,0.70,linear,71,990.00,0.373255
9872,1000,0.10,900,3,35,1.0266,0.70,linear,72,1002.00,0.637520
9873,1000,0.10,900,3,35,1.0243,0.70,linear,73,1002.00,0.320814
9874,1000,0.10,900,3,35,1.0334,0.70,linear,74,989.00,0.806923
9875,1000,0.10,900,3,35,1.0323,0.70,linear,75,1045.00,0.284508
9876,1000,0.10,900,3,35,1.0139,0.70,linear,76,999.00,0.830730
9877,1000,0.10,900,3,35,1.0714,0.70,linear,77,994.00,2.008399
9878,1000,0.10,900,3,35,1.0405,0.70,linear,78,967.00,0.428099
9879,1000,0.10,900,3,35,1.0409,0.70,linear,79,1010.00,1.147608
9880,1000,0.10,900,3,35,0.9871,0.70,linear,80,1010.00,0.276882
9881,1000,0.10,900,3,35,1.0468,0.70,linear,81,974.00,1.074521
9882,1000,0.10,900,3,35,1.0129,0.70,linear,82,990.00,0.375426
9883,1000,0.10,900,3,35,1.0377,0.70,linear,83,1001.00,1.093576
9884,1000,0.10,900,3,35,1.0448,0.70,linear,84,1028.00,0.170064
9885,1000,0.10,900,3,35,1.0029,0.70,linear,85,976.00,0.644907
9886,1000,0.10,900,3,35,1.0365,0.70,linear,86,1018.00,0.355641
9887,1000,0.10,900,3,35,0.9765,0.70,linear,87,994.00,1.405266
9888,1000,0.10,900,3,35,1.0119,0.70,linear,88,1009.00,0.236416
9889,1000,0.10,900,3,35,1.0566,0.70,linear,89,998.00,2.686239
9890,1000,0.10,900,3,35,1.0218,0.70,linear,90,1004.00,0.816569
9891,1000,0.10,900,3,35,1.0111,0.70,linear,91,1012.00,0.808448
9892,1000,0.10,900,3,35,1.0383,0.70,linear,92,996.00,0.847454
9893,1000,0.10,900,3,35,1.0233,0.70,linear,93,1002.00,0.189918
9894,1000,0.10,900,3,35,0.9795,0.70,linear,94,1002.00,2.003881
9895,1000,0.10,900,3,35,1.0556,0.70,linear,95,974.00,0.630342
9896,1000,0.10,900,3,35,1.0266,0.70,linear,96,1009.00,0.879236
9897,1000,0.10,900,3,35,1.0431,0.70,linear,97,984.00,2.023780
9898,1000,0.10,900,3,35,1.0572,0.70,linear,98,1004.00,2.303330
9899,1000,0.10,900,3,35,1.0636,0.70,linear,99,1016.00,1.337658
9900,1000,0.10,900,3,35,1.0287,0.75,linear,0,1013.00,1.270206
9901,1000,0.10,900,3,35,1.0458,0.75,linear,1,997.00,1.626066
9902,1000,0.10,900,3,35,1.0476,0.75,linear,2,995.00,1.048764
9903,1000,0.10,900,3,35,1.0989,0.75,linear,3,1017.00,1.295954
9904,1000,0.10,900,3,35,1.0349,0.75,linear,4,996.00,0.380777
9905,1000,0.10,900,3,35,0.9885,0.75,linear,5,995.00,0.832479
9906,1000,0.10,900,3,35,1.0438,0.75,linear,6,1049.00,0.480404
9907,1000,0.10,900,3,35,1.0100,0.75,linear,7,1003.00,0.453410
9908,1000,0.10,900,3,35,1.0072,0.75,linear,8,1004.00,0.556817
9909,1000,0.10,900,3,35,1.0381,0.75,linear,9,989.00,1.382584
9910,1000,0.10,900,3,35,1.0032,0.75,linear,10,974.00,0.713049
9911,1000,0.10,900,3,35,1.0363,0.75,linear,11,991.00,0.669763
9912,1000,0.10,900,3,35,1.0339,0.75,linear,12,975.00,0.280716
9913,1000,0.10,900,3,35,1.0840,0.75,linear,13,1017.00,0.714620
9914,1000,0.10,900,3,35,1.0298,0.75,linear,14,979.00,0.611721
9915,1000,0.10,900,3,35,1.0450,0.75,linear,15,1021.00,0.461312
9916,1000,0.10,900,3,35,1.0281,0.75,linear,16,1028.00,0.415926
9917,1000,0.10,900,3,35,1.0465,0.75,linear,17,986.00,0.350711
9918,1000,0.10,900,3,35,1.0544,0.75,linear,18,1033.00,0.569468
9919,1000,0.10,900,3,35,1.0109,0.75,linear,19,1023.00,0.259462
9920,1000,0.10,900,3,35,0.9923,0.75,linear,20,1016.00,0.229647
9921,1000,0.10,900,3,35,1.0442,0.75,linear,21,1012.00,0.420672
9922,1000,0.10,900,3,35,1.0594,0.75,linear,22,1000.00,0.651414
9923,1000,0.10,900,3,35,1.0323,0.75,linear,23,1024.00,1.431821
9924,1000,0.10,900,3,35,1.0250,0.75,linear,24,1000.00,1.799689
9925,1000,0.10,900,3,35,1.0151,0.75,linear,25,1019.00,0.458371
9926,1000,0.10,900,3,35,1.0480,0.75,linear,26,1017.00,0.345811
9927,1000,0.10,900,3,35,1.0283,0.75,linear,27,1014.00,1.592270
9928,1000,0.10,900,3,35,1.0520,0.75,linear,28,1032.00,1.498320
9929,1000,0.10,900,3,35,1.0165,0.75,linear,29,1025.00,0.457901
9930,1000,0.10,900,3,35,1.0055,0.75,linear,30,1035.00,0.404275
9931,1000,0.10,900,3,35,1.0338,0.75,linear,31,1002.00,2.768891
9932,1000,0.10,900,3,35,1.0207,0.75,linear,32,978.00,0.782843
9933,1000,0.10,900,3,35,1.0539,0.75,linear,33,1016.00,0.312265
9934,1000,0.10,900,3,35,1.0642,0.75,linear,34,993.00,0.784522
9935,1000,0.10,900,3,35,0.9981,0.75,linear,35,1009.00,0.336361
9936,1000,0.10,900,3,35,1.0196,0.75,linear,36,998.00,0.256035
9937,1000,0.10,900,3,35,1.0654,0.75,linear,37,1019.00,1.880277
9938,1000,0.10,900,3,35,1.0803,0.75,linear,38,1056.00,0.958852
9939,1000,0.10,900,3,35,1.0040,0.75,linear,39,979.00,1.322029
9940,1000,0.10,900,3,35,1.0194,0.75,linear,40,1021.00,0.594598
9941,1000,0.10,900,3,35,1.0070,0.75,linear,41,984.00,0.825848
9942,1000,0.10,900,3,35,0.9954,0.75,linear,42,975.00,2.000188
9943,1000,0.10,900,3,35,1.0405,0.75,linear,43,984.00,0.594568
9944,1000,0.10,900,3,35,1.0138,0.75,linear,44,985.00,0.740795
9945,1000,0.10,900,3,35,1.0329,0.75,linear,45,1007.00,0.953962
9946,1000,0.10,900,3,35,0.9955,0.75,linear,46,1000.00,1.438699
9947,1000,0.10,900,3,35,1.0448,0.75,linear,47,1030.00,1.547134
9948,1000,0.10,900,3,35,1.0626,0.75,linear,48,1024.00,0.980731
9949,1000,0.10,900,3,35,0.9998,0.75,linear,49,1012.00,1.053035
9950,1000,0.10,900,3,35,1.0049,0.75,linear,50,1010.00,0.289441
9951,1000,0.10,900,3,35,1.0045,0.75,linear,51,1023.00,0.760757
9952,1000,0.10,900,3,35,1.0232,0.75,linear,52,963.00,0.600742
9953,1000,0.10,900,3,35,1.0615,0.75,linear,53,986.00,0.931697
9954,1000,0.10,900,3,35,1.0383,0.75,linear,54,986.00,0.501296
9955,1000,0.10,900,3,35,1.0276,0.75,linear,55,988.00,0.315107
9956,1000,0.10,900,3,35,0.9897,0.75,linear,56,990.00,0.469550
9957,1000,0.10,900,3,35,1.0183,0.75,linear,57,989.00,1.668592
9958,1000,0.10,900,3,35,0.9861,0.75,linear,58,980.00,0.958779
9959,1000,0.10,900,3,35,1.0433,0.75,linear,59,1002.00,0.155042
9960,1000,0.10,900,3,35,1.0063,0.75,linear,60,1015.00,0.850403
9961,1000,0.10,900,3,35,1.0354,0.75,linear,61,1024.00,1.883916
9962,1000,0.10,900,3,35,1.0152,0.75,linear,62,1035.00,1.800598
9963,1000,0.10,900,3,35,1.0344,0.75,linear,63,988.00,0.705135
9964,1000,0.10,900,3,35,0.9937,0.75,linear,64,977.00,0.475654
9965,1000,0.10,900,3,35,1.0242,0.75,linear,65,1000.00,0.718584
9966,1000,0.10,900,3,35,1.0644,0.75,linear,66,1002.00,1.231250
9967,1000,0.10,900,3,35,1.0470,0.75,linear,67,1027.00,0.702628
9968,1000,0.10,900,3,35,1.0665,0.75,linear,68,1006.00,0.345617
9969,1000,0.10,900,3,35,1.0669,0.75,linear,69,1016.00,0.421368
9970,1000,0.10,900,3,35,1.0606,0.75,linear,70,1044.00,1.390017
9971,1000,0.10,900,3,35,1.0473,0.75,linear,71,1010.00,0.981856
9972,1000,0.10,900,3,35,1.0166,0.75,linear,72,1095.00,0.352198
9973,1000,0.10,900,3,35,1.0400,0.75,linear,73,1009.00,1.364872
9974,1000,0.10,900,3,35,1.0367,0.75,linear,74,1007.00,1.002491
9975,1000,0.10,900,3,35,1.0551,0.75,linear,75,969.00,0.420168
9976,1000,0.10,900,3,35,1.0151,0.75,linear,76,1007.00,0.505234
9977,1000,0.10,900,3,35,1.0416,0.75,linear,77,982.00,1.545223
9978,1000,0.10,900,3,35,0.9903,0.75,linear,78,1014.00,1.476673
9979,1000,0.10,900,3,35,0.9881,0.75,linear,79,966.00,0.285798
9980,1000,0.10,900,3,35,0.9977,0.75,linear,80,1028.00,0.376320
9981,1000,0.10,900,3,35,1.0286,0.75,linear,81,965.00,0.940965
9982,1000,0.10,900,3,35,1.0436,0.75,linear,82,1022.00,1.033227
9983,1000,0.10,900,3,35,0.9986,0.75,linear,83,1001.00,0.481389
9984,1000,0.10,900,3,35,1.0264,0.75,linear,84,998.00,0.308580
9985,1000,0.10,900,3,35,1.0356,0.75,linear,85,1030.00,2.999306
9986,1000,0.10,900,3,35,1.0122,0.75,linear,86,996.00,1.380544
9987,1000,0.10,900,3,35,1.0119,0.75,linear,87,1028.00,1.149637
9988,1000,0.10,900,3,35,1.0123,0.75,linear,88,971.00,0.475067
9989,1000,0.10,900,3,35,1.0088,0.75,linear,89,971.00,1.780091
9990,1000,0.10,900,3,35,0.9776,0.75,linear,90,994.00,1.126406
9991,1000,0.10,900,3,35,1.0837,0.75,linear,91,1009.00,0.463594
9992,1000,0.10,900,3,35,1.0040,0.75,linear,92,1014.00,0.426372
9993,1000,0.10,900,3,35,0.9832,0.75,linear,93,1028.00,0.516423
9994,1000,0.10,900,3,35,1.0126,0.75,linear,94,973.00,1.068532
9995,1000,0.10,900,3,35,1.0646,0.75,linear,95,1027.00,0.496405
9996,1000,0.10,900,3,35,1.0710,0.75,linear,96,1013.00,0.930721
9997,1000,0.10,900,3,35,1.0473,0.75,linear,97,1022.00,0.800341
9998,1000,0.10,900,3,35,1.0029,0.75,linear,98,1042.00,0.448907
9999,1000,0.10,900,3,35,1.0769,0.75,linear,99,1024.00,0.466954
10000,1000,0.10,900,3,35,0.9919,0.80,linear,0,1021.00,2.653112
10001,1000,0.10,900,3,35,1.0318,0.80,linear,1,982.00,0.940724
10002,1000,0.10,900,3,35,0.9813,0.80,linear,2,970.00,0.612585
10003,1000,0.10,900,3,35,1.0266,0.80,linear,3,987.00,0.309527
10004,1000,0.10,900,3,35,1.0302,0.80,linear,4,990.00,0.428974
10005,1000,0.10,900,3,35,1.0942,0.80,linear,5,1007.00,0.359276
10006,1000,0.10,900,3,35,1.0305,0.80,linear,6,1006.00,1.072861
10007,1000,0.10,900,3,35,1.0178,0.80,linear,7,1029.00,0.478841
10008,1000,0.10,900,3,35,0.9780,0.80,linear,8,995.00,0.650778
10009,1000,0.10,900,3,35,1.0192,0.80,linear,9,964.00,0.348998
10010,1000,0.10,900,3,35,1.0441,0.80,linear,10,1002.00,0.565189
10011,1000,0.10,900,3,35,1.0516,0.80,linear,11,1006.00,0.900575
10012,1000,0.10,900,3,35,0.9688,0.80,linear,12,990.00,0.161621
10013,1000,0.10,900,3,35,1.0294,0.80,linear,13,983.00,1.529999
10014,1000,0.10,900,3,35,1.0655,0.80,linear,14,1034.00,1.244446
10015,1000,0.10,900,3,35,1.0460,0.80,linear,15,973.00,1.140532
10016,1000,0.10,900,3,35,1.0332,0.80,linear,16,986.00,0.601264
10017,1000,0.10,900,3,35,0.9965,0.80,linear,17,989.00,5.077247
10018,1000,0.10,900,3,35,1.0100,0.80,linear,18,972.00,0.910265
10019,1000,0.10,900,3,35,0.9991,0.80,linear,19,998.00,0.330562
10020,1000,0.10,900,3,35,1.0296,0.80,linear,20,1011.00,0.942650
10021,1000,0.10,900,3,35,1.0340,0.80,linear,21,1006.00,0.415382
10022,1000,0.10,900,3,35,1.0510,0.80,linear,22,1040.00,1.033752
10023,1000,0.10,900,3,35,1.0374,0.80,linear,23,1001.00,0.774218
10024,1000,0.10,900,3,35,1.0428,0.80,linear,24,1006.00,0.647626
10025,1000,0.10,900,3,35,1.0331,0.80,linear,25,1010.00,0.240065
10026,1000,0.10,900,3,35,1.0222,0.80,linear,26,1008.00,0.644102
10027,1000,0.10,900,3,35,1.0276,0.80,linear,27,1015.00,0.498249
10028,1000,0.10,900,3,35,0.9793,0.80,linear,28,999.00,1.031602
10029,1000,0.10,900,3,35,0.9847,0.80,linear,29,991.00,1.275172
10030,1000,0.10,900,3,35,0.9920,0.80,linear,30,1007.00,1.266895
10031,1000,0.10,900,3,35,0.9990,0.80,linear,31,1020.00,0.655929
10032,1000,0.10,900,3,35,1.0304,0.80,linear,32,1035.00,0.889301
10033,1000,0.10,900,3,35,1.0550,0.80,linear,33,1019.00,1.080993
10034,1000,0.10,900,3,35,1.0773,0.80,linear,34,1024.00,0.471417
10035,1000,0.10,900,3,35,0.9851,0.80,linear,35,1012.00,0.832828
10036,1000,0.10,900,3,35,0.9956,0.80,linear,36,964.00,0.766720
10037,1000,0.10,900,3,35,1.0461,0.80,linear,37,1003.00,0.266076
10038,1000,0.10,900,3,35,0.9544,0.80,linear,38,1038.00,0.635541
10039,1000,0.10,900,3,35,0.9923,0.80,linear,39,1036.00,1.029724
10040,1000,0.10,900,3,35,1.0094,0.80,linear,40,982.00,2.016978
10041,1000,0.10,900,3,35,1.0407,0.80,linear,41,1012.00,0.450777
10042,1000,0.10,900,3,35,1.0073,0.80,linear,42,990.00,1.105845
10043,1000,0.10,900,3,35,1.0182,0.80,linear,43,1019.00,0.758941
10044,1000,0.10,900,3,35,1.0695,0.80,linear,44,996.00,0.555808
10045,1000,0.10,900,3,35,1.0239,0.80,linear,45,986.00,0.821347
10046,1000,0.10,900,3,35,1.0173,0.80,linear,46,985.00,0.528130
10047,1000,0.10,900,3,35,1.0195,0.80,linear,47,1044.00,0.795089
10048,1000,0.10,900,3,35,1.0541,0.80,linear,48,1016.00,0.422232
10049,1000,0.10,900,3,35,1.0126,0.80,linear,49,981.00,0.345698
10050,1000,0.10,900,3,35,1.0550,0.80,linear,50,998.00,2.395609
10051,1000,0.10,900,3,35,1.0050,0.80,linear,51,1003.00,0.403790
10052,1000,0.10,900,3,35,1.0024,0.80,linear,52,1020.00,1.619205
10053,1000,0.10,900,3,35,1.0362,0.80,linear,53,1028.00,0.781607
10054,1000,0.10,900,3,35,1.0384,0.80,linear,54,1021.00,0.825088
10055,1000,0.10,900,3,35,1.0099,0.80,linear,55,1015.00,0.528873
10056,1000,0.10,900,3,35,1.0118,0.80,linear,56,1022.00,0.707001
10057,1000,0.10,900,3,35,1.0251,0.80,linear,57,982.00,0.845463
10058,1000,0.10,900,3,35,1.0797,0.80,linear,58,1008.00,1.134279
10059,1000,0.10,900,3,35,1.0082,0.80,linear,59,1008.00,0.566836
10060,1000,0.10,900,3,35,1.0004,0.80,linear,60,975.00,0.313410
10061,1000,0.10,900,3,35,1.0672,0.80,linear,61,1039.00,0.261676
10062,1000,0.10,900,3,35,1.0390,0.80,linear,62,997.00,0.341826
10063,1000,0.10,900,3,35,1.0172,0.80,linear,63,966.00,0.691405
10064,1000,0.10,900,3,35,1.0312,0.80,linear,64,994.00,2.169847
10065,1000,0.10,900,3,35,1.0260,0.80,linear,65,967.00,0.530848
10066,1000,0.10,900,3,35,1.0685,0.80,linear,66,1021.00,1.562559
10067,1000,0.10,900,3,35,1.0490,0.80,linear,67,976.00,1.168815
10068,1000,0.10,900,3,35,1.0317,0.80,linear,68,1008.00,0.404446
10069,1000,0.10,900,3,35,1.0622,0.80,linear,69,986.00,2.675909
10070,1000,0.10,900,3,35,0.9919,0.80,linear,70,993.00,0.280762
10071,1000,0.10,900,3,35,1.0573,0.80,linear,71,1012.00,1.220244
10072,1000,0.10,900,3,35,1.0137,0.80,linear,72,1007.00,1.082103
10073,1000,0.10,900,3,35,0.9780,0.80,linear,73,1012.00,1.451501
10074,1000,0.10,900,3,35,0.9989,0.80,linear,74,1028.00,1.190701
10075,1000,0.10,900,3,35,0.9856,0.80,linear,75,1017.00,0.439369
10076,1000,0.10,900,3,35,1.0116,0.80,linear,76,984.00,1.697691
10077,1000,0.10,900,3,35,0.9831,0.80,linear,77,1017.00,0.686538
10078,1000,0.10,900,3,35,1.0127,0.80,linear,78,983.00,0.922320
10079,1000,0.10,900,3,35,1.0419,0.80,linear,79,1016.00,0.611189
10080,1000,0.10,900,3,35,1.0300,0.80,linear,80,1040.00,0.289755
10081,1000,0.10,900,3,35,1.0204,0.80,linear,81,1007.00,0.574045
10082,1000,0.10,900,3,35,1.0160,0.80,linear,82,988.00,2.114563
10083,1000,0.10,900,3,35,1.0409,0.80,linear,83,999.00,0.553475
10084,1000,0.10,900,3,35,1.0284,0.80,linear,84,983.00,0.882495
10085,1000,0.10,900,3,35,1.0500,0.80,linear,85,995.00,1.009347
10086,1000,0.10,900,3,35,1.0624,0.80,linear,86,1011.00,0.514757
10087,1000,0.10,900,3,35,1.0265,0.80,linear,87,1015.00,0.361405
10088,1000,0.10,900,3,35,1.0425,0.80,linear,88,996.00,0.395145
10089,1000,0.10,900,3,35,1.0389,0.80,linear,89,1022.00,0.338605
10090,1000,0.10,900,3,35,1.0440,0.80,linear,90,1034.00,0.764448
10091,1000,0.10,900,3,35,1.0311,0.80,linear,91,976.00,0.590731
10092,1000,0.10,900,3,35,1.0098,0.80,linear,92,1028.00,0.688806
10093,1000,0.10,900,3,35,1.0347,0.80,linear,93,986.00,0.221837
10094,1000,0.10,900,3,35,1.0124,0.80,linear,94,1017.00,1.129791
10095,1000,0.10,900,3,35,1.0086,0.80,linear,95,1001.00,0.667795
10096,1000,0.10,900,3,35,1.0314,0.80,linear,96,968.00,0.946503
10097,1000,0.10,900,3,35,1.0289,0.80,linear,97,1047.00,1.268558
10098,1000,0.10,900,3,35,1.0707,0.80,linear,98,989.00,0.421438
10099,1000,0.10,900,3,35,1.0585,0.80,linear,99,1004.00,1.346667
10100,1000,0.10,900,3,35,1.0329,0.85,linear,0,1017.00,0.652059
10101,1000,0.10,900,3,35,1.0274,0.85,linear,1,1016.00,0.337474
10102,1000,0.10,900,3,35,0.9999,0.85,linear,2,1015.00,0.733239
10103,1000,0.10,900,3,35,0.9722,0.85,linear,3,994.00,0.303094
10104,1000,0.10,900,3,35,0.9963,0.85,linear,4,1028.00,0.486255
10105,1000,0.10,900,3,35,0.9598,0.85,linear,5,1003.00,1.596366
10106,1000,0.10,900,3,35,1.0460,0.85,linear,6,999.00,0.341284
10107,1000,0.10,900,3,35,1.0380,0.85,linear,7,1024.00,0.491968
10108,1000,0.10,900,3,35,1.0398,0.85,linear,8,1010.00,0.806603
10109,1000,0.10,900,3,35,1.0307,0.85,linear,9,1021.00,1.129078
10110,1000,0.10,900,3,35,1.0050,0.85,linear,10,966.00,0.361491
10111,1000,0.10,900,3,35,1.0378,0.85,linear,11,1023.00,1.862472
10112,1000,0.10,900,3,35,0.9704,0.85,linear,12,996.00,1.525722
10113,1000,0.10,900,3,35,1.0356,0.85,linear,13,1017.00,0.556000
10114,1000,0.10,900,3,35,1.0090,0.85,linear,14,982.00,0.977508
10115,1000,0.10,900,3,35,1.0457,0.85,linear,15,1008.00,0.694885
10116,1000,0.10,900,3,35,1.0302,0.85,linear,16,974.00,0.400727
10117,1000,0.10,900,3,35,1.0135,0.85,linear,17,984.00,0.638161
10118,1000,0.10,900,3,35,0.9884,0.85,linear,18,975.00,0.340581
10119,1000,0.10,900,3,35,0.9826,0.85,linear,19,1016.00,0.900808
10120,1000,0.10,900,3,35,1.0019,0.85,linear,20,1082.00,1.176371
10121,1000,0.10,900,3,35,1.0464,0.85,linear,21,1021.00,0.437236
10122,1000,0.10,900,3,35,1.0285,0.85,linear,22,1001.00,0.496531
10123,1000,0.10,900,3,35,1.0177,0.85,linear,23,969.00,0.554402
10124,1000,0.10,900,3,35,1.0302,0.85,linear,24,1003.00,0.412881
10125,1000,0.10,900,3,35,1.0418,0.85,linear,25,1033.00,1.030194
10126,1000,0.10,900,3,35,1.0419,0.85,linear,26,974.00,0.963761
10127,1000,0.10,900,3,35,1.0326,0.85,linear,27,1024.00,2.012411
10128,1000,0.10,900,3,35,1.0192,0.85,linear,28,1029.00,0.993098
10129,1000,0.10,900,3,35,1.0300,0.85,linear,29,1007.00,0.566074
10130,1000,0.10,900,3,35,1.0018,0.85,linear,30,1027.00,0.666923
10131,1000,0.10,900,3,35,1.0641,0.85,linear,31,991.00,0.851081
10132,1000,0.10,900,3,35,1.0307,0.85,linear,32,991.00,1.332330
10133,1000,0.10,900,3,35,0.9824,0.85,linear,33,1021.00,2.243640
10134,1000,0.10,900,3,35,1.0686,0.85,linear,34,985.00,0.543671
10135,1000,0.10,900,3,35,1.0039,0.85,linear,35,1014.00,0.349942
10136,1000,0.10,900,3,35,1.0254,0.85,linear,36,1032.00,0.602631
10137,1000,0.10,900,3,35,1.0180,0.85,linear,37,1002.00,0.551367
10138,1000,0.10,900,3,35,1.0684,0.85,linear,38,1007.00,1.906154
10139,1000,0.10,900,3,35,1.0103,0.85,linear,39,1011.00,0.459601
10140,1000,0.10,900,3,35,0.9792,0.85,linear,40,1005.00,0.666775
10141,1000,0.10,900,3,35,1.0128,0.85,linear,41,995.00,0.464894
10142,1000,0.10,900,3,35,1.0175,0.85,linear,42,985.00,0.954829
10143,1000,0.10,900,3,35,0.9913,0.85,linear,43,1015.00,0.760436
10144,1000,0.10,900,3,35,1.0315,0.85,linear,44,970.00,0.354108
10145,1000,0.10,900,3,35,0.9953,0.85,linear,45,1013.00,0.666149
10146,1000,0.10,900,3,35,1.0402,0.85,linear,46,979.00,0.565448
10147,1000,0.10,900,3,35,0.9940,0.85,linear,47,1035.00,0.721100
10148,1000,0.10,900,3,35,1.0031,0.85,linear,48,1000.00,0.520866
10149,1000,0.10,900,3,35,1.0351,0.85,linear,49,1028.00,0.742931
10150,1000,0.10,900,3,35,1.0013,0.85,linear,50,984.00,0.852265
10151,1000,0.10,900,3,35,1.0643,0.85,linear,51,963.00,0.732629
10152,1000,0.10,900,3,35,0.9595,0.85,linear,52,957.00,1.202032
10153,1000,0.10,900,3,35,1.0391,0.85,linear,53,996.00,0.836360
10154,1000,0.10,900,3,35,1.0210,0.85,linear,54,998.00,0.829764
10155,1000,0.10,900,3,35,0.9867,0.85,linear,55,978.00,0.235619
10156,1000,0.10,900,3,35,1.0207,0.85,linear,56,1005.00,0.685846
10157,1000,0.10,900,3,35,0.9869,0.85,linear,57,1060.00,0.310000
10158,1000,0.10,900,3,35,0.9766,0.85,linear,58,1329.00,0.328897
10159,1000,0.10,900,3,35,1.0532,0.85,linear,59,1012.00,0.630229
10160,1000,0.10,900,3,35,0.9822,0.85,linear,60,1040.00,0.471880
10161,1000,0.10,900,3,35,1.0373,0.85,linear,61,1044.00,1.667254
10162,1000,0.10,900,3,35,1.0313,0.85,linear,62,997.00,0.791199
10163,1000,0.10,900,3,35,1.0632,0.85,linear,63,992.00,0.748403
10164,1000,0.10,900,3,35,0.9935,0.85,linear,64,1000.00,1.361124
10165,1000,0.10,900,3,35,0.9975,0.85,linear,65,1010.00,1.083045
10166,1000,0.10,900,3,35,1.0179,0.85,linear,66,1007.00,0.343879
10167,1000,0.10,900,3,35,1.0284,0.85,linear,67,1000.00,0.584312
10168,1000,0.10,900,3,35,0.9971,0.85,linear,68,1036.00,1.311456
10169,1000,0.10,900,3,35,0.9889,0.85,linear,69,1007.00,1.620605
10170,1000,0.10,900,3,35,1.0223,0.85,linear,70,1005.00,0.639333
10171,1000,0.10,900,3,35,0.9891,0.85,linear,71,1035.00,0.887577
10172,1000,0.10,900,3,35,1.0106,0.85,linear,72,974.00,0.596884
10173,1000,0.10,900,3,35,1.0178,0.85,linear,73,1002.00,1.258328
10174,1000,0.10,900,3,35,1.0177,0.85,linear,74,973.00,1.365829
10175,1000,0.10,900,3,35,1.0369,0.85,linear,75,977.00,0.556757
10176,1000,0.10,900,3,35,1.0016,0.85,linear,76,1003.00,0.613282
10177,1000,0.10,900,3,35,1.0017,0.85,linear,77,1035.00,0.353127
10178,1000,0.10,900,3,35,1.0267,0.85,linear,78,1010.00,2.144325
10179,1000,0.10,900,3,35,0.9743,0.85,linear,79,1019.00,0.551709
10180,1000,0.10,900,3,35,1.0026,0.85,linear,80,1015.00,0.692115
10181,1000,0.10,900,3,35,1.0476,0.85,linear,81,983.00,1.988644
10182,1000,0.10,900,3,35,1.0089,0.85,linear,82,1013.00,0.772529
10183,1000,0.10,900,3,35,0.9837,0.85,linear,83,1041.00,0.474492
10184,1000,0.10,900,3,35,1.0104,0.85,linear,84,1023.00,1.777480
10185,1000,0.10,900,3,35,1.0517,0.85,linear,85,990.00,0.326108
10186,1000,0.10,900,3,35,1.0622,0.85,linear,86,961.00,0.548671
10187,1000,0.10,900,3,35,1.0117,0.85,linear,87,985.00,0.450341
10188,1000,0.10,900,3,35,0.9738,0.85,linear,88,1009.00,0.429856
10189,1000,0.10,900,3,35,0.9800,0.85,linear,89,1007.00,0.685823
10190,1000,0.10,900,3,35,1.0164,0.85,linear,90,996.00,0.891053
10191,1000,0.10,900,3,35,1.0079,0.85,linear,91,970.00,1.046158
10192,1000,0.10,900,3,35,0.9684,0.85,linear,92,996.00,0.594806
10193,1000,0.10,900,3,35,1.0051,0.85,linear,93,1012.00,1.153123
10194,1000,0.10,900,3,35,1.0183,0.85,linear,94,1006.00,0.348388
10195,1000,0.10,900,3,35,1.0247,0.85,linear,95,998.00,0.597442
10196,1000,0.10,900,3,35,1.0723,0.85,linear,96,970.00,0.613499
10197,1000,0.10,900,3,35,1.0003,0.85,linear,97,1011.00,0.362475
10198,1000,0.10,900,3,35,0.9938,0.85,linear,98,971.00,0.436667
10199,1000,0.10,900,3,35,1.0542,0.85,linear,99,1034.00,2.395457
10200,1000,0.10,900,3,35,1.0443,0.90,linear,0,1031.00,0.830950
10201,1000,0.10,900,3,35,1.0264,0.90,linear,1,989.00,1.003205
10202,1000,0.10,900,3,35,1.0309,0.90,linear,2,1006.00,0.625282
10203,1000,0.10,900,3,35,1.0721,0.90,linear,3,1002.00,1.522305
10204,1000,0.10,900,3,35,1.0554,0.90,linear,4,968.00,0.438402
10205,1000,0.10,900,3,35,1.0306,0.90,linear,5,1026.00,1.551511
10206,1000,0.10,900,3,35,1.0589,0.90,linear,6,1046.00,0.981293
10207,1000,0.10,900,3,35,0.9871,0.90,linear,7,984.00,0.871000
10208,1000,0.10,900,3,35,0.9756,0.90,linear,8,962.00,0.283416
10209,1000,0.10,900,3,35,1.0515,0.90,linear,9,1000.00,1.999286
10210,1000,0.10,900,3,35,1.0178,0.90,linear,10,1053.00,1.602485
10211,1000,0.10,900,3,35,0.9915,0.90,linear,11,999.00,0.688237
10212,1000,0.10,900,3,35,1.0107,0.90,linear,12,994.00,0.489271
10213,1000,0.10,900,3,35,0.9845,0.90,linear,13,1005.00,0.529807
10214,1000,0.10,900,3,35,1.0246,0.90,linear,14,999.00,1.634431
10215,1000,0.10,900,3,35,0.9957,0.90,linear,15,1032.00,0.394824
10216,1000,0.10,900,3,35,1.0630,0.90,linear,16,994.00,0.320943
10217,1000,0.10,900,3,35,1.0145,0.90,linear,17,979.00,0.734932
10218,1000,0.10,900,3,35,0.9883,0.90,linear,18,1028.00,1.086530
10219,1000,0.10,900,3,35,0.9676,0.90,linear,19,1025.00,0.432071
10220,1000,0.10,900,3,35,1.0434,0.90,linear,20,989.00,0.460869
10221,1000,0.10,900,3,35,1.0211,0.90,linear,21,978.00,1.489872
10222,1000,0.10,900,3,35,1.0008,0.90,linear,22,1005.00,0.963458
10223,1000,0.10,900,3,35,1.0491,0.90,linear,23,1021.00,0.251711
10224,1000,0.10,900,3,35,1.0030,0.90,linear,24,1027.00,0.687814
10225,1000,0.10,900,3,35,1.0743,0.90,linear,25,1007.00,0.450504
10226,1000,0.10,900,3,35,1.0605,0.90,linear,26,1030.00,0.579341
10227,1000,0.10,900,3,35,1.0573,0.90,linear,27,965.00,0.295556
10228,1000,0.10,900,3,35,0.9853,0.90,linear,28,981.00,0.289864
10229,1000,0.10,900,3,35,0.9906,0.90,linear,29,1019.00,0.688061
10230,1000,0.10,900,3,35,1.0168,0.90,linear,30,1035.00,0.517134
10231,1000,0.10,900,3,35,1.0130,0.90,linear,31,984.00,0.484603
10232,1000,0.10,900,3,35,0.9864,0.90,linear,32,1009.00,1.195436
10233,1000,0.10,900,3,35,1.0277,0.90,linear,33,1021.00,0.346321
10234,1000,0.10,900,3,35,1.0167,0.90,linear,34,1039.00,0.230463
10235,1000,0.10,900,3,35,1.0081,0.90,linear,35,993.00,0.747282
10236,1000,0.10,900,3,35,1.0226,0.90,linear,36,993.00,0.562180
10237,1000,0.10,900,3,35,1.0279,0.90,linear,37,1013.00,1.703621
10238,1000,0.10,900,3,35,1.0145,0.90,linear,38,1001.00,1.018600
10239,1000,0.10,900,3,35,1.0091,0.90,linear,39,1006.00,0.753173
10240,1000,0.10,900,3,35,1.0025,0.90,linear,40,1016.00,0.305653
10241,1000,0.10,900,3,35,0.9844,0.90,linear,41,989.00,1.210606
10242,1000,0.10,900,3,35,0.9708,0.90,linear,42,1009.00,0.499122
10243,1000,0.10,900,3,35,1.0092,0.90,linear,43,924.00,0.354840
10244,1000,0.10,900,3,35,1.0042,0.90,linear,44,1017.00,0.776426
10245,1000,0.10,900,3,35,1.0240,0.90,linear,45,997.00,0.317959
10246,1000,0.10,900,3,35,1.0440,0.90,linear,46,978.00,0.704834
10247,1000,0.10,900,3,35,1.0162,0.90,linear,47,969.00,1.139775
10248,1000,0.10,900,3,35,1.0344,0.90,linear,48,1028.00,0.900171
10249,1000,0.10,900,3,35,1.0054,0.90,linear,49,960.00,1.171752
10250,1000,0.10,900,3,35,0.9948,0.90,linear,50,987.00,0.697696
10251,1000,0.10,900,3,35,0.9944,0.90,linear,51,1031.00,1.625908
10252,1000,0.10,900,3,35,0.9767,0.90,linear,52,1048.00,0.878761
10253,1000,0.10,900,3,35,1.0328,0.90,linear,53,1020.00,0.718217
10254,1000,0.10,900,3,35,0.9804,0.90,linear,54,975.00,0.374948
10255,1000,0.10,900,3,35,1.0135,0.90,linear,55,1031.00,0.992364
10256,1000,0.10,900,3,35,1.0040,0.90,linear,56,1005.00,0.634561
10257,1000,0.10,900,3,35,0.9785,0.90,linear,57,1004.00,0.957113
10258,1000,0.10,900,3,35,1.0567,0.90,linear,58,1003.00,0.369719
10259,1000,0.10,900,3,35,1.0602,0.90,linear,59,971.00,1.253563
10260,1000,0.10,900,3,35,1.0225,0.90,linear,60,992.00,1.795311
10261,1000,0.10,900,3,35,1.0152,0.90,linear,61,1018.00,0.525427
10262,1000,0.10,900,3,35,1.0055,0.90,linear,62,986.00,0.462842
10263,1000,0.10,900,3,35,0.9642,0.90,linear,63,1005.00,1.842823
10264,1000,0.10,900,3,35,0.9988,0.90,linear,64,974.00,0.598377
10265,1000,0.10,900,3,35,0.9532,0.90,linear,65,1008.00,2.137904
10266,1000,0.10,900,3,35,0.9914,0.90,linear,66,1018.00,1.035548
10267,1000,0.10,900,3,35,0.9931,0.90,linear,67,1013.00,0.730764
10268,1000,0.10,900,3,35,1.0580,0.90,linear,68,989.00,0.640020
10269,1000,0.10,900,3,35,1.0006,0.90,linear,69,1034.00,0.273653
10270,1000,0.10,900,3,35,1.0073,0.90,linear,70,966.00,0.459278
10271,1000,0.10,900,3,35,0.9750,0.90,linear,71,1032.00,0.432012
10272,1000,0.10,900,3,35,1.0348,0.90,linear,72,1051.00,0.797921
10273,1000,0.10,900,3,35,0.9999,0.90,linear,73,1036.00,0.673812
10274,1000,0.10,900,3,35,1.0310,0.90,linear,74,973.00,0.428185
10275,1000,0.10,900,3,35,0.9999,0.90,linear,75,1014.00,0.652043
10276,1000,0.10,900,3,35,1.0115,0.90,linear,76,999.00,0.586865
10277,1000,0.10,900,3,35,1.0397,0.90,linear,77,1023.00,2.337043
10278,1000,0.10,900,3,35,1.0207,0.90,linear,78,979.00,0.549691
10279,1000,0.10,900,3,35,1.0078,0.90,linear,79,1029.00,0.982596
10280,1000,0.10,900,3,35,1.0455,0.90,linear,80,1002.00,0.420744
10281,1000,0.10,900,3,35,1.0176,0.90,linear,81,1004.00,0.315910
10282,1000,0.10,900,3,35,1.0177,0.90,linear,82,1031.00,0.495745
10283,1000,0.10,900,3,35,1.0017,0.90,linear,83,964.00,1.387344
10284,1000,0.10,900,3,35,1.0342,0.90,linear,84,1011.00,0.303712
10285,1000,0.10,900,3,35,1.0056,0.90,linear,85,1007.00,0.763276
10286,1000,0.10,900,3,35,0.9902,0.90,linear,86,1004.00,0.731447
10287,1000,0.10,900,3,35,1.0662,0.90,linear,87,1032.00,0.440511
10288,1000,0.10,900,3,35,0.9727,0.90,linear,88,996.00,0.822223
10289,1000,0.10,900,3,35,1.0068,0.90,linear,89,999.00,1.127126
10290,1000,0.10,900,3,35,0.9983,0.90,linear,90,1035.00,0.885326
10291,1000,0.10,900,3,35,0.9899,0.90,linear,91,1029.00,1.929240
10292,1000,0.10,900,3,35,0.9695,0.90,linear,92,1009.00,0.898692
10293,1000,0.10,900,3,35,1.0019,0.90,linear,93,979.00,0.684966
10294,1000,0.10,900,3,35,1.0396,0.90,linear,94,972.00,0.252854
10295,1000,0.10,900,3,35,0.9798,0.90,linear,95,987.00,0.310729
10296,1000,0.10,900,3,35,0.9976,0.90,linear,96,1018.00,0.367554
10297,1000,0.10,900,3,35,0.9957,0.90,linear,97,1046.00,0.807393
10298,1000,0.10,900,3,35,1.0190,0.90,linear,98,977.00,0.300170
10299,1000,0.10,900,3,35,1.0106,0.90,linear,99,992.00,0.802474
10300,1000,0.10,900,3,35,1.0300,0.95,linear,0,979.00,0.648446
10301,1000,0.10,900,3,35,1.0003,0.95,linear,1,1032.00,0.948365
10302,1000,0.10,900,3,35,0.9825,0.95,linear,2,982.00,0.492446
10303,1000,0.10,900,3,35,0.9744,0.95,linear,3,950.00,0.391434
10304,1000,0.10,900,3,35,1.0253,0.95,linear,4,1012.00,1.492823
10305,1000,0.10,900,3,35,1.0673,0.95,linear,5,1026.00,0.725967
10306,1000,0.10,900,3,35,1.0582,0.95,linear,6,1018.00,0.730039
10307,1000,0.10,900,3,35,1.0674,0.95,linear,7,1021.00,0.533454
10308,1000,0.10,900,3,35,0.9765,0.95,linear,8,1027.00,1.555678
10309,1000,0.10,900,3,35,1.0411,0.95,linear,9,1001.00,0.920283
10310,1000,0.10,900,3,35,1.0232,0.95,linear,10,985.00,0.298897
10311,1000,0.10,900,3,35,1.0204,0.95,linear,11,969.00,0.505085
10312,1000,0.10,900,3,35,0.9860,0.95,linear,12,1024.00,0.367034
10313,1000,0.10,900,3,35,1.0626,0.95,linear,13,978.00,1.773268
10314,1000,0.10,900,3,35,0.9887,0.95,linear,14,952.00,1.150448
10315,1000,0.10,900,3,35,1.0351,0.95,linear,15,974.00,1.287951
10316,1000,0.10,900,3,35,1.0010,0.95,linear,16,985.00,0.707757
10317,1000,0.10,900,3,35,1.0046,0.95,linear,17,988.00,0.948356
10318,1000,0.10,900,3,35,1.0099,0.95,linear,18,987.00,0.411480
10319,1000,0.10,900,3,35,1.0267,0.95,linear,19,990.00,1.156175
10320,1000,0.10,900,3,35,0.9971,0.95,linear,20,1007.00,1.119212
10321,1000,0.10,900,3,35,1.0280,0.95,linear,21,985.00,2.004742
10322,1000,0.10,900,3,35,0.9754,0.95,linear,22,986.00,0.496079
10323,1000,0.10,900,3,35,1.0111,0.95,linear,23,1022.00,1.420107
10324,1000,0.10,900,3,35,1.0302,0.95,linear,24,966.00,0.461865
10325,1000,0.10,900,3,35,1.0569,0.95,linear,25,1011.00,0.690283
10326,1000,0.10,900,3,35,1.0128,0.95,linear,26,1053.00,0.981399
10327,1000,0.10,900,3,35,0.9797,0.95,linear,27,1036.00,0.475085
10328,1000,0.10,900,3,35,1.0067,0.95,linear,28,1030.00,1.524352
10329,1000,0.10,900,3,35,0.9769,0.95,linear,29,1019.00,0.479266
10330,1000,0.10,900,3,35,0.9698,0.95,linear,30,1014.00,0.587081
10331,1000,0.10,900,3,35,0.9711,0.95,linear,31,991.00,0.321208
10332,1000,0.10,900,3,35,0.9925,0.95,linear,32,1045.00,0.775694
10333,1000,0.10,900,3,35,0.9877,0.95,linear,33,997.00,1.336453
10334,1000,0.10,900,3,35,0.9968,0.95,linear,34,1005.00,0.434772
10335,1000,0.10,900,3,35,1.0169,0.95,linear,35,1013.00,1.293042
10336,1000,0.10,900,3,35,1.0245,0.95,linear,36,995.00,0.551953
10337,1000,0.10,900,3,35,1.0094,0.95,linear,37,1018.00,0.851380
10338,1000,0.10,900,3,35,1.0144,0.95,linear,38,996.00,0.756726
10339,1000,0.10,900,3,35,1.0148,0.95,linear,39,1019.00,0.842825
10340,1000,0.10,900,3,35,1.0081,0.95,linear,40,989.00,0.343784
10341,1000,0.10,900,3,35,0.9553,0.95,linear,41,953.00,1.710284
10342,1000,0.10,900,3,35,1.0428,0.95,linear,42,988.00,0.349637
10343,1000,0.10,900,3,35,1.0301,0.95,linear,43,1017.00,0.419061
10344,1000,0.10,900,3,35,0.9681,0.95,linear,44,996.00,0.612351
10345,1000,0.10,900,3,35,0.9789,0.95,linear,45,995.00,0.325229
10346,1000,0.10,900,3,35,0.9973,0.95,linear,46,1011.00,0.750365
10347,1000,0.10,900,3,35,1.0073,0.95,linear,47,992.00,0.439084
10348,1000,0.10,900,3,35,0.9845,0.95,linear,48,1008.00,0.347559
10349,1000,0.10,900,3,35,1.0087,0.95,linear,49,989.00,0.358368
10350,1000,0.10,900,3,35,0.9603,0.95,linear,50,973.00,0.576552
10351,1000,0.10,900,3,35,1.0468,0.95,linear,51,980.00,0.306819
10352,1000,0.10,900,3,35,1.0198,0.95,linear,52,996.00,0.834229
10353,1000,0.10,900,3,35,0.9653,0.95,linear,53,1072.00,1.264901
10354,1000,0.10,900,3,35,0.9631,0.95,linear,54,987.00,1.086524
10355,1000,0.10,900,3,35,1.0275,0.95,linear,55,1040.00,0.583993
10356,1000,0.10,900,3,35,0.9961,0.95,linear,56,1071.00,0.881216
10357,1000,0.10,900,3,35,1.0576,0.95,linear,57,1025.00,0.362943
10358,1000,0.10,900,3,35,1.0034,0.95,linear,58,1030.00,1.192034
10359,1000,0.10,900,3,35,1.0066,0.95,linear,59,996.00,1.606093
10360,1000,0.10,900,3,35,0.9971,0.95,linear,60,987.00,0.412834
10361,1000,0.10,900,3,35,1.0103,0.95,linear,61,1000.00,0.705658
10362,1000,0.10,900,3,35,1.0266,0.95,linear,62,1047.00,0.778282
10363,1000,0.10,900,3,35,1.0300,0.95,linear,63,1005.00,0.480001
10364,1000,0.10,900,3,35,1.0360,0.95,linear,64,969.00,1.037491
10365,1000,0.10,900,3,35,0.9908,0.95,linear,65,990.00,0.737328
10366,1000,0.10,900,3,35,0.9741,0.95,linear,66,1006.00,0.779848
10367,1000,0.10,900,3,35,1.0071,0.95,linear,67,964.00,0.330779
10368,1000,0.10,900,3,35,1.0001,0.95,linear,68,945.00,1.529345
10369,1000,0.10,900,3,35,1.0145,0.95,linear,69,965.00,0.453797
10370,1000,0.10,900,3,35,0.9894,0.95,linear,70,1014.00,0.391594
10371,1000,0.10,900,3,35,1.0091,0.95,linear,71,1044.00,1.209028
10372,1000,0.10,900,3,35,0.9986,0.95,linear,72,1023.00,0.529466
10373,1000,0.10,900,3,35,0.9650,0.95,linear,73,1034.00,0.333955
10374,1000,0.10,900,3,35,1.0344,0.95,linear,74,1004.00,0.243516
10375,1000,0.10,900,3,35,1.0064,0.95,linear,75,998.00,0.487460
10376,1000,0.10,900,3,35,1.0325,0.95,linear,76,1018.00,0.476695
10377,1000,0.10,900,3,35,1.0219,0.95,linear,77,1028.00,1.147891
10378,1000,0.10,900,3,35,0.9704,0.95,linear,78,992.00,0.534641
10379,1000,0.10,900,3,35,1.0044,0.95,linear,79,991.00,1.471050
10380,1000,0.10,900,3,35,1.0076,0.95,linear,80,1021.00,1.588111
10381,1000,0.10,900,3,35,1.0086,0.95,linear,81,1001.00,0.726821
10382,1000,0.10,900,3,35,1.0085,0.95,linear,82,1006.00,0.462638
10383,1000,0.10,900,3,35,0.9655,0.95,linear,83,992.00,0.261838
10384,1000,0.10,900,3,35,0.9996,0.95,linear,84,1028.00,2.803131
10385,1000,0.10,900,3,35,1.0021,0.95,linear,85,994.00,0.929424
10386,1000,0.10,900,3,35,1.0206,0.95,linear,86,1006.00,0.433926
10387,1000,0.10,900,3,35,0.9703,0.95,linear,87,993.00,0.991957
10388,1000,0.10,900,3,35,0.9869,0.95,linear,88,1063.00,0.592246
10389,1000,0.10,900,3,35,1.0471,0.95,linear,89,976.00,0.598582
10390,1000,0.10,900,3,35,1.0102,0.95,linear,90,1044.00,0.739049
10391,1000,0.10,900,3,35,1.0120,0.95,linear,91,999.00,0.566055
10392,1000,0.10,900,3,35,1.0393,0.95,linear,92,951.00,0.493612
10393,1000,0.10,900,3,35,0.9894,0.95,linear,93,954.00,1.548855
10394,1000,0.10,900,3,35,0.9903,0.95,linear,94,1006.00,1.913945
10395,1000,0.10,900,3,35,1.0413,0.95,linear,95,1018.00,0.312935
10396,1000,0.10,900,3,35,0.9808,0.95,linear,96,1034.00,0.821439
10397,1000,0.10,900,3,35,1.0405,0.95,linear,97,1025.00,0.369802
10398,1000,0.10,900,3,35,1.0332,0.95,linear,98,988.00,1.222478
10399,1000,0.10,900,3,35,1.0212,0.95,linear,99,1065.00,2.328490
10400,1000,0.10,900,3,35,1.0045,1.00,linear,0,991.00,0.452893
10401,1000,0.10,900,3,35,0.9717,1.00,linear,1,1035.00,0.906457
10402,1000,0.10,900,3,35,1.0479,1.00,linear,2,990.00,0.577489
10403,1000,0.10,900,3,35,1.0286,1.00,linear,3,994.00,0.958629
10404,1000,0.10,900,3,35,0.9861,1.00,linear,4,1020.00,0.761419
10405,1000,0.10,900,3,35,1.0217,1.00,linear,5,1029.00,0.757046
10406,1000,0.10,900,3,35,0.9775,1.00,linear,6,1003.00,0.492330
10407,1000,0.10,900,3,35,1.0099,1.00,linear,7,1023.00,0.451116
10408,1000,0.10,900,3,35,1.0208,1.00,linear,8,1011.00,1.283201
10409,1000,0.10,900,3,35,1.0187,1.00,linear,9,1023.00,1.081448
10410,1000,0.10,900,3,35,1.0016,1.00,linear,10,1004.00,0.531784
10411,1000,0.10,900,3,35,0.9963,1.00,linear,11,1027.00,0.616837
10412,1000,0.10,900,3,35,1.0073,1.00,linear,12,998.00,0.297184
10413,1000,0.10,900,3,35,1.0205,1.00,linear,13,1005.00,0.459425
10414,1000,0.10,900,3,35,1.0233,1.00,linear,14,1018.00,0.346732
10415,1000,0.10,900,3,35,0.9832,1.00,linear,15,994.00,0.603183
10416,1000,0.10,900,3,35,0.9850,1.00,linear,16,1007.00,1.477110
10417,1000,0.10,900,3,35,0.9933,1.00,linear,17,995.00,1.436915
10418,1000,0.10,900,3,35,0.9916,1.00,linear,18,996.00,0.640789
10419,1000,0.10,900,3,35,0.9986,1.00,linear,19,990.00,0.713196
10420,1000,0.10,900,3,35,1.0048,1.00,linear,20,982.00,0.438735
10421,1000,0.10,900,3,35,1.0059,1.00,linear,21,1013.00,1.486281
10422,1000,0.10,900,3,35,0.9500,1.00,linear,22,1027.00,0.595795
10423,1000,0.10,900,3,35,0.9498,1.00,linear,23,981.00,0.395883
10424,1000,0.10,900,3,35,1.0502,1.00,linear,24,1018.00,1.219638
10425,1000,0.10,900,3,35,1.0291,1.00,linear,25,970.00,0.935298
10426,1000,0.10,900,3,35,0.9670,1.00,linear,26,1028.00,0.742297
10427,1000,0.10,900,3,35,1.0378,1.00,linear,27,1001.00,0.880473
10428,1000,0.10,900,3,35,1.0140,1.00,linear,28,982.00,1.317416
10429,1000,0.10,900,3,35,1.0178,1.00,linear,29,956.00,0.493885
10430,1000,0.10,900,3,35,1.0102,1.00,linear,30,962.00,0.741511
10431,1000,0.10,900,3,35,1.0318,1.00,linear,31,1006.00,0.550293
10432,1000,0.10,900,3,35,1.0218,1.00,linear,32,1015.00,2.248347
10433,1000,0.10,900,3,35,0.9758,1.00,linear,33,983.00,0.752368
10434,1000,0.10,900,3,35,1.0057,1.00,linear,34,1016.00,0.717639
10435,1000,0.10,900,3,35,0.9724,1.00,linear,35,954.00,2.156322
10436,1000,0.10,900,3,35,1.0278,1.00,linear,36,1020.00,0.802317
10437,1000,0.10,900,3,35,1.0283,1.00,linear,37,1005.00,0.521432
10438,1000,0.10,900,3,35,1.0485,1.00,linear,38,962.00,1.252969
10439,1000,0.10,900,3,35,0.9788,1.00,linear,39,985.00,0.384214
10440,1000,0.10,900,3,35,0.9872,1.00,linear,40,1001.00,0.952642
10441,1000,0.10,900,3,35,1.0080,1.00,linear,41,978.00,0.902180
10442,1000,0.10,900,3,35,0.9792,1.00,linear,42,956.00,1.529723
10443,1000,0.10,900,3,35,0.9887,1.00,linear,43,992.00,0.398993
10444,1000,0.10,900,3,35,0.9696,1.00,linear,44,962.00,1.075096
10445,1000,0.10,900,3,35,1.0241,1.00,linear,45,960.00,1.424770
10446,1000,0.10,900,3,35,0.9568,1.00,linear,46,999.00,0.841466
10447,1000,0.10,900,3,35,1.0442,1.00,linear,47,969.00,0.999743
10448,1000,0.10,900,3,35,1.0188,1.00,linear,48,973.00,1.223836
10449,1000,0.10,900,3,35,0.9825,1.00,linear,49,968.00,0.900586
10450,1000,0.10,900,3,35,0.9987,1.00,linear,50,997.00,1.051120
10451,1000,0.10,900,3,35,1.0324,1.00,linear,51,930.00,0.385341
10452,1000,0.10,900,3,35,1.0533,1.00,linear,52,991.00,0.450143
10453,1000,0.10,900,3,35,0.9509,1.00,linear,53,965.00,0.773400
10454,1000,0.10,900,3,35,0.9846,1.00,linear,54,971.00,0.409641
10455,1000,0.10,900,3,35,1.0326,1.00,linear,55,1024.00,0.571995
10456,1000,0.10,900,3,35,0.9579,1.00,linear,56,950.00,0.226671
10457,1000,0.10,900,3,35,1.0079,1.00,linear,57,1020.00,1.647725
10458,1000,0.10,900,3,35,1.0288,1.00,linear,58,992.00,1.260736
10459,1000,0.10,900,3,35,0.9856,1.00,linear,59,974.00,0.883557
10460,1000,0.10,900,3,35,0.9850,1.00,linear,60,956.00,0.718785
10461,1000,0.10,900,3,35,1.0166,1.00,linear,61,1003.00,1.436305
10462,1000,0.10,900,3,35,0.9830,1.00,linear,62,1045.00,0.288992
10463,1000,0.10,900,3,35,1.0046,1.00,linear,63,1021.00,0.737025
10464,1000,0.10,900,3,35,1.0191,1.00,linear,64,1008.00,0.317631
10465,1000,0.10,900,3,35,0.9929,1.00,linear,65,997.00,0.766910
10466,1000,0.10,900,3,35,0.9528,1.00,linear,66,993.00,0.638214
10467,1000,0.10,900,3,35,0.9881,1.00,linear,67,975.00,1.006242
10468,1000,0.10,900,3,35,1.0191,1.00,linear,68,997.00,2.230228
10469,1000,0.10,900,3,35,0.9558,1.00,linear,69,978.00,0.434675
10470,1000,0.10,900,3,35,0.9705,1.00,linear,70,1001.00,1.100120
10471,1000,0.10,900,3,35,0.9802,1.00,linear,71,970.00,0.764357
10472,1000,0.10,900,3,35,1.0375,1.00,linear,72,962.00,0.262425
10473,1000,0.10,900,3,35,1.0037,1.00,linear,73,973.00,0.508526
10474,1000,0.10,900,3,35,0.9762,1.00,linear,74,973.00,1.411131
10475,1000,0.10,900,3,35,0.9688,1.00,linear,75,1016.00,0.535237
10476,1000,0.10,900,3,35,1.0073,1.00,linear,76,999.00,1.368451
10477,1000,0.10,900,3,35,0.9951,1.00,linear,77,1004.00,0.479119
10478,1000,0.10,900,3,35,1.0254,1.00,linear,78,1010.00,0.632643
10479,1000,0.10,900,3,35,0.9433,1.00,linear,79,1019.00,0.451141
10480,1000,0.10,900,3,35,0.9820,1.00,linear,80,974.00,1.093655
10481,1000,0.10,900,3,35,0.9790,1.00,linear,81,1012.00,0.851321
10482,1000,0.10,900,3,35,1.0001,1.00,linear,82,1010.00,0.546047
10483,1000,0.10,900,3,35,0.9935,1.00,linear,83,1006.00,0.738613
10484,1000,0.10,900,3,35,0.9593,1.00,linear,84,1001.00,0.707289
10485,1000,0.10,900,3,35,1.0227,1.00,linear,85,1031.00,1.116445
10486,1000,0.10,900,3,35,1.0342,1.00,linear,86,1042.00,0.756972
10487,1000,0.10,900,3,35,1.0057,1.00,linear,87,1007.00,0.367332
10488,1000,0.10,900,3,35,0.9990,1.00,linear,88,978.00,0.464027
10489,1000,0.10,900,3,35,1.0161,1.00,linear,89,996.00,0.799703
10490,1000,0.10,900,3,35,0.9972,1.00,linear,90,1020.00,0.457668
10491,1000,0.10,900,3,35,0.9779,1.00,linear,91,980.00,0.391582
10492,1000,0.10,900,3,35,0.9623,1.00,linear,92,1018.00,0.489631
10493,1000,0.10,900,3,35,0.9527,1.00,linear,93,1012.00,0.401869
10494,1000,0.10,900,3,35,1.0112,1.00,linear,94,1024.00,0.654448
10495,1000,0.10,900,3,35,0.9999,1.00,linear,95,1002.00,1.576151
10496,1000,0.10,900,3,35,0.9737,1.00,linear,96,994.00,5.247446
10497,1000,0.10,900,3,35,0.9927,1.00,linear,97,998.00,0.761780
10498,1000,0.10,900,3,35,0.9857,1.00,linear,98,996.00,0.775602
10499,1000,0.10,900,3,35,1.0060,1.00,linear,99,1026.00,1.110632
10500,1000,0.10,900,3,35,0.9799,0.00,periodic,0,983.00,0.315723
10501,1000,0.10,900,3,35,0.9827,0.00,periodic,1,1006.00,0.724318
10502,1000,0.10,900,3,35,1.0072,0.00,periodic,2,944.00,1.081241
10503,1000,0.10,900,3,35,1.0086,0.00,periodic,3,983.00,1.485583
10504,1000,0.10,900,3,35,0.9832,0.00,periodic,4,1012.00,0.496190
10505,1000,0.10,900,3,35,1.0051,0.00,periodic,5,959.00,0.545605
10506,1000,0.10,900,3,35,1.0059,0.00,periodic,6,1008.00,1.190046
10507,1000,0.10,900,3,35,1.0492,0.00,periodic,7,1012.00,1.217491
10508,1000,0.10,900,3,35,1.0092,0.00,periodic,8,966.00,1.489952
10509,1000,0.10,900,3,35,1.0116,0.00,periodic,9,997.00,1.789709
10510,1000,0.10,900,3,35,1.0327,0.00,periodic,10,979.00,0.275147
10511,1000,0.10,900,3,35,1.0330,0.00,periodic,11,974.00,0.304711
10512,1000,0.10,900,3,35,1.0017,0.00,periodic,12,967.00,0.536054
10513,1000,0.10,900,3,35,0.9684,0.00,periodic,13,1013.00,0.132918
10514,1000,0.10,900,3,35,0.9973,0.00,periodic,14,1037.00,0.804994
10515,1000,0.10,900,3,35,1.0094,0.00,periodic,15,957.00,0.282285
10516,1000,0.10,900,3,35,0.9655,0.00,periodic,16,1003.00,0.186231
10517,1000,0.10,900,3,35,0.9811,0.00,periodic,17,988.00,0.914790
10518,1000,0.10,900,3,35,0.9948,0.00,periodic,18,949.00,1.273968
10519,1000,0.10,900,3,35,1.0006,0.00,periodic,19,991.00,0.949776
10520,1000,0.10,900,3,35,1.0163,0.00,periodic,20,960.00,0.254286
10521,1000,0.10,900,3,35,0.9541,0.00,periodic,21,981.00,0.312688
10522,1000,0.10,900,3,35,1.0110,0.00,periodic,22,982.00,2.067708
10523,1000,0.10,900,3,35,1.0350,0.00,periodic,23,986.00,1.141582
10524,1000,0.10,900,3,35,0.9847,0.00,periodic,24,1008.00,0.497233
10525,1000,0.10,900,3,35,0.9816,0.00,periodic,25,987.00,0.205653
10526,1000,0.10,900,3,35,0.9825,0.00,periodic,26,969.00,0.120749
10527,1000,0.10,900,3,35,0.9701,0.00,periodic,27,986.00,0.581776
10528,1000,0.10,900,3,35,0.9962,0.00,periodic,28,988.00,0.687325
10529,1000,0.10,900,3,35,1.0204,0.00,periodic,29,968.00,0.248869
10530,1000,0.10,900,3,35,1.0096,0.00,periodic,30,973.00,0.517366
10531,1000,0.10,900,3,35,0.9703,0.00,periodic,31,966.00,1.017517
10532,1000,0.10,900,3,35,1.0316,0.00,periodic,32,996.00,0.080854
10533,1000,0.10,900,3,35,0.9790,0.00,periodic,33,986.00,0.509259
10534,1000,0.10,900,3,35,0.9756,0.00,periodic,34,975.00,0.342180
10535,1000,0.10,900,3,35,0.9695,0.00,periodic,35,984.00,0.392381
10536,1000,0.10,900,3,35,1.0221,0.00,periodic,36,1005.00,1.722067
10537,1000,0.10,900,3,35,0.9905,0.00,periodic,37,989.00,0.280289
10538,1000,0.10,900,3,35,1.0162,0.00,periodic,38,992.00,0.272613
10539,1000,0.10,900,3,35,0.9896,0.00,periodic,39,1004.00,0.744985
10540,1000,0.10,900,3,35,0.9886,0.00,periodic,40,960.00,0.487124
10541,1000,0.10,900,3,35,0.9815,0.00,periodic,41,982.00,0.138746
10542,1000,0.10,900,3,35,0.9937,0.00,periodic,42,1018.00,1.539540
10543,1000,0.10,900,3,35,0.9900,0.00,periodic,43,996.00,0.136199
10544,1000,0.10,900,3,35,1.0001,0.00,periodic,44,976.00,1.145139
10545,1000,0.10,900,3,35,0.9765,0.00,periodic,45,975.00,0.381349
10546,1000,0.10,900,3,35,0.9810,0.00,periodic,46,958.00,1.347177
10547,1000,0.10,900,3,35,0.9620,0.00,periodic,47,981.00,0.309857
10548,1000,0.10,900,3,35,0.9955,0.00,periodic,48,1020.00,0.623998
10549,1000,0.10,900,3,35,1.0126,0.00,periodic,49,937.00,0.949979
10550,1000,0.10,900,3,35,1.0519,0.00,periodic,50,979.00,1.084129
10551,1000,0.10,900,3,35,0.9920,0.00,periodic,51,982.00,0.264546
10552,1000,0.10,900,3,35,0.9685,0.00,periodic,52,985.00,0.234776
10553,1000,0.10,900,3,35,1.0229,0.00,periodic,53,990.00,0.400560
10554,1000,0.10,900,3,35,1.0177,0.00,periodic,54,1004.00,0.378629
10555,1000,0.10,900,3,35,0.9982,0.00,periodic,55,963.00,0.578019
10556,1000,0.10,900,3,35,1.0152,0.00,periodic,56,983.00,1.395007
10557,1000,0.10,900,3,35,1.0102,0.00,periodic,57,954.00,1.225131
10558,1000,0.10,900,3,35,0.9897,0.00,periodic,58,969.00,0.383477
10559,1000,0.10,900,3,35,1.0157,0.00,periodic,59,971.00,0.743932
10560,1000,0.10,900,3,35,0.9919,0.00,periodic,60,976.00,0.407303
10561,1000,0.10,900,3,35,1.0033,0.00,periodic,61,973.00,0.300119
10562,1000,0.10,900,3,35,1.0264,0.00,periodic,62,982.00,0.599185
10563,1000,0.10,900,3,35,0.9750,0.00,periodic,63,965.00,0.229935
10564,1000,0.10,900,3,35,0.9965,0.00,periodic,64,956.00,0.321423
10565,1000,0.10,900,3,35,0.9817,0.00,periodic,65,964.00,2.261944
10566,1000,0.10,900,3,35,1.0087,0.00,periodic,66,976.00,0.446136
10567,1000,0.10,900,3,35,0.9944,0.00,periodic,67,943.00,0.205892
10568,1000,0.10,900,3,35,1.0021,0.00,periodic,68,963.00,0.487786
10569,1000,0.10,900,3,35,1.0280,0.00,periodic,69,965.00,1.133766
10570,1000,0.10,900,3,35,1.0607,0.00,periodic,70,957.00,0.402269
10571,1000,0.10,900,3,35,0.9963,0.00,periodic,71,957.00,0.433064
10572,1000,0.10,900,3,35,1.0473,0.00,periodic,72,970.00,0.694998
10573,1000,0.10,900,3,35,1.0641,0.00,periodic,73,963.00,0.375482
10574,1000,0.10,900,3,35,1.0091,0.00,periodic,74,974.00,0.111878
10575,1000,0.10,900,3,35,0.9940,0.00,periodic,75,983.00,0.338188
10576,1000,0.10,900,3,35,0.9943,0.00,periodic,76,969.00,1.172947
10577,1000,0.10,900,3,35,1.0229,0.00,periodic,77,994.00,0.560043
10578,1000,0.10,900,3,35,1.0087,0.00,periodic,78,971.00,0.849913
10579,1000,0.10,900,3,35,1.0328,0.00,periodic,79,970.00,0.698062
10580,1000,0.10,900,3,35,0.9934,0.00,periodic,80,995.00,0.341431
10581,1000,0.10,900,3,35,1.0609,0.00,periodic,81,958.00,0.219490
10582,1000,0.10,900,3,35,0.9909,0.00,periodic,82,983.00,0.219644
10583,1000,0.10,900,3,35,1.0151,0.00,periodic,83,937.00,0.299377
10584,1000,0.10,900,3,35,0.9525,0.00,periodic,84,972.00,0.162739
10585,1000,0.10,900,3,35,1.0398,0.00,periodic,85,981.00,0.285920
10586,1000,0.10,900,3,35,0.9938,0.00,periodic,86,998.00,0.125186
10587,1000,0.10,900,3,35,0.9845,0.00,periodic,87,972.00,0.802640
10588,1000,0.10,900,3,35,0.9757,0.00,periodic,88,963.00,0.586874
10589,1000,0.10,900,3,35,1.0088,0.00,periodic,89,988.00,0.405805
10590,1000,0.10,900,3,35,0.9504,0.00,periodic,90,974.00,0.668867
10591,1000,0.10,900,3,35,0.9872,0.00,periodic,91,978.00,0.725078
10592,1000,0.10,900,3,35,0.9861,0.00,periodic,92,997.00,0.612774
10593,1000,0.10,900,3,35,1.0107,0.00,periodic,93,964.00,1.605320
10594,1000,0.10,900,3,35,1.0164,0.00,periodic,94,969.00,0.901351
10595,1000,0.10,900,3,35,1.0002,0.00,periodic,95,1012.00,0.315131
10596,1000,0.10,900,3,35,0.9977,0.00,periodic,96,939.00,0.548149
10597,1000,0.10,900,3,35,1.0030,0.00,periodic,97,1009.00,0.125186
10598,1000,0.10,900,3,35,1.0073,0.00,periodic,98,961.00,1.122344
10599,1000,0.10,900,3,35,1.0061,0.00,periodic,99,960.00,1.410298
10600,1000,0.10,900,3,35,1.1023,0.05,periodic,0,1049.00,0.515501
10601,1000,0.10,900,3,35,1.0626,0.05,periodic,1,943.00,0.172806
10602,1000,0.10,900,3,35,1.0402,0.05,periodic,2,992.00,0.470175
10603,1000,0.10,900,3,35,1.0774,0.05,periodic,3,1001.00,0.211953
10604,1000,0.10,900,3,35,1.0225,0.05,periodic,4,985.00,0.313793
10605,1000,0.10,900,3,35,1.0293,0.05,periodic,5,1002.00,0.685733
10606,1000,0.10,900,3,35,1.0164,0.05,periodic,6,950.00,0.324100
10607,1000,0.10,900,3,35,1.0861,0.05,periodic,7,941.00,0.205300
10608,1000,0.10,900,3,35,1.0147,0.05,periodic,8,955.00,0.620870
10609,1000,0.10,900,3,35,1.0405,0.05,periodic,9,966.00,0.408196
10610,1000,0.10,900,3,35,1.0665,0.05,periodic,10,997.00,2.118660
10611,1000,0.10,900,3,35,1.0427,0.05,periodic,11,950.00,0.613052
10612,1000,0.10,900,3,35,1.0834,0.05,periodic,12,992.00,1.286272
10613,1000,0.10,900,3,35,1.0567,0.05,periodic,13,1027.00,0.731788
10614,1000,0.10,900,3,35,1.0763,0.05,periodic,14,992.00,0.606079
10615,1000,0.10,900,3,35,1.0927,0.05,periodic,15,966.00,0.502547
10616,1000,0.10,900,3,35,1.0776,0.05,periodic,16,969.00,0.224121
10617,1000,0.10,900,3,35,1.0311,0.05,periodic,17,1008.00,0.330453
10618,1000,0.10,900,3,35,1.0676,0.05,periodic,18,974.00,0.375072
10619,1000,0.10,900,3,35,1.0420,0.05,periodic,19,990.00,1.429300
10620,1000,0.10,900,3,35,0.9998,0.05,periodic,20,1014.00,0.372169
10621,1000,0.10,900,3,35,1.0430,0.05,periodic,21,973.00,0.967340
10622,1000,0.10,900,3,35,1.0766,0.05,periodic,22,998.00,0.880187
10623,1000,0.10,900,3,35,1.1060,0.05,periodic,23,961.00,0.176491
10624,1000,0.10,900,3,35,1.0134,0.05,periodic,24,1005.00,0.671473
10625,1000,0.10,900,3,35,1.0604,0.05,periodic,25,1014.00,1.386538
10626,1000,0.10,900,3,35,1.0231,0.05,periodic,26,974.00,0.639271
10627,1000,0.10,900,3,35,1.0511,0.05,periodic,27,967.00,0.432701
10628,1000,0.10,900,3,35,1.0808,0.05,periodic,28,960.00,0.995886
10629,1000,0.10,900,3,35,1.0555,0.05,periodic,29,960.00,0.669458
10630,1000,0.10,900,3,35,1.0204,0.05,periodic,30,955.00,0.710812
10631,1000,0.10,900,3,35,1.0187,0.05,periodic,31,975.00,0.140686
10632,1000,0.10,900,3,35,1.0810,0.05,periodic,32,956.00,1.681628
10633,1000,0.10,900,3,35,1.0186,0.05,periodic,33,992.00,0.896353
10634,1000,0.10,900,3,35,1.0450,0.05,periodic,34,956.00,0.999683
10635,1000,0.10,900,3,35,1.0505,0.05,periodic,35,1000.00,0.367907
10636,1000,0.10,900,3,35,1.0338,0.05,periodic,36,978.00,0.205176
10637,1000,0.10,900,3,35,1.0769,0.05,periodic,37,971.00,0.316676
10638,1000,0.10,900,3,35,1.0096,0.05,periodic,38,991.00,0.170405
10639,1000,0.10,900,3,35,1.0453,0.05,periodic,39,990.00,0.215702
10640,1000,0.10,900,3,35,1.0293,0.05,periodic,40,996.00,1.099827
10641,1000,0.10,900,3,35,1.0829,0.05,periodic,41,1014.00,1.102538
10642,1000,0.10,900,3,35,0.9932,0.05,periodic,42,1002.00,0.038741
10643,1000,0.10,900,3,35,1.0324,0.05,periodic,43,987.00,1.403991
10644,1000,0.10,900,3,35,1.0444,0.05,periodic,44,970.00,0.464719
10645,1000,0.10,900,3,35,1.0949,0.05,periodic,45,994.00,0.941720
10646,1000,0.10,900,3,35,1.0224,0.05,periodic,46,984.00,1.539804
10647,1000,0.10,900,3,35,1.0827,0.05,periodic,47,982.00,0.524607
10648,1000,0.10,900,3,35,1.0555,0.05,periodic,48,990.00,0.900655
10649,1000,0.10,900,3,35,1.0480,0.05,periodic,49,1001.00,1.421154
10650,1000,0.10,900,3,35,1.0309,0.05,periodic,50,947.00,0.290663
10651,1000,0.10,900,3,35,1.0062,0.05,periodic,51,967.00,0.205354
10652,1000,0.10,900,3,35,1.0321,0.05,periodic,52,971.00,0.512104
10653,1000,0.10,900,3,35,1.0734,0.05,periodic,53,981.00,0.408403
10654,1000,0.10,900,3,35,1.0232,0.05,periodic,54,1003.00,0.556680
10655,1000,0.10,900,3,35,1.0011,0.05,periodic,55,1013.00,0.201820
10656,1000,0.10,900,3,35,1.0429,0.05,periodic,56,979.00,0.208377
10657,1000,0.10,900,3,35,1.0321,0.05,periodic,57,974.00,0.543583
10658,1000,0.10,900,3,35,1.0851,0.05,periodic,58,993.00,0.907651
10659,1000,0.10,900,3,35,1.0957,0.05,periodic,59,980.00,0.111039
10660,1000,0.10,900,3,35,1.1073,0.05,periodic,60,961.00,1.072305
10661,1000,0.10,900,3,35,1.1250,0.05,periodic,61,1003.00,1.365290
10662,1000,0.10,900,3,35,1.0430,0.05,periodic,62,971.00,0.804731
10663,1000,0.10,900,3,35,1.0685,0.05,periodic,63,934.00,0.594490
10664,1000,0.10,900,3,35,1.0148,0.05,periodic,64,996.00,0.835771
10665,1000,0.10,900,3,35,1.0571,0.05,periodic,65,963.00,0.949455
10666,1000,0.10,900,3,35,1.0444,0.05,periodic,66,947.00,0.646781
10667,1000,0.10,900,3,35,1.0711,0.05,periodic,67,1010.00,1.579392
10668,1000,0.10,900,3,35,1.0537,0.05,periodic,68,982.00,0.540409
10669,1000,0.10,900,3,35,1.0512,0.05,periodic,69,966.00,0.138413
10670,1000,0.10,900,3,35,1.0386,0.05,periodic,70,1012.00,0.413330
10671,1000,0.10,900,3,35,1.0077,0.05,periodic,71,1009.00,0.670272
10672,1000,0.10,900,3,35,1.0753,0.05,periodic,72,947.00,1.402344
10673,1000,0.10,900,3,35,1.0781,0.05,periodic,73,995.00,1.321221
10674,1000,0.10,900,3,35,1.0582,0.05,periodic,74,997.00,1.416599
10675,1000,0.10,900,3,35,1.0854,0.05,periodic,75,999.00,0.226946
10676,1000,0.10,900,3,35,1.0577,0.05,periodic,76,978.00,1.585362
10677,1000,0.10,900,3,35,1.0527,0.05,periodic,77,989.00,0.349858
10678,1000,0.10,900,3,35,1.0469,0.05,periodic,78,979.00,0.479506
10679,1000,0.10,900,3,35,1.0590,0.05,periodic,79,1011.00,1.819489
10680,1000,0.10,900,3,35,1.0029,0.05,periodic,80,965.00,1.438347
10681,1000,0.10,900,3,35,1.1221,0.05,periodic,81,963.00,0.351005
10682,1000,0.10,900,3,35,1.0838,0.05,periodic,82,1001.00,0.763440
10683,1000,0.10,900,3,35,1.0440,0.05,periodic,83,987.00,0.235341
10684,1000,0.10,900,3,35,1.0793,0.05,periodic,84,998.00,0.191521
10685,1000,0.10,900,3,35,1.0572,0.05,periodic,85,955.00,0.469464
10686,1000,0.10,900,3,35,1.0762,0.05,periodic,86,990.00,1.264161
10687,1000,0.10,900,3,35,1.0599,0.05,periodic,87,947.00,0.824470
10688,1000,0.10,900,3,35,1.0276,0.05,periodic,88,994.00,1.329020
10689,1000,0.10,900,3,35,1.0564,0.05,periodic,89,976.00,1.303945
10690,1000,0.10,900,3,35,1.0257,0.05,periodic,90,1000.00,1.113780
10691,1000,0.10,900,3,35,1.0473,0.05,periodic,91,1032.00,0.871424
10692,1000,0.10,900,3,35,1.0664,0.05,periodic,92,927.00,0.518305
10693,1000,0.10,900,3,35,1.0413,0.05,periodic,93,965.00,0.807728
10694,1000,0.10,900,3,35,1.0017,0.05,periodic,94,973.00,0.152029
10695,1000,0.10,900,3,35,1.0485,0.05,periodic,95,962.00,0.453394
10696,1000,0.10,900,3,35,1.1039,0.05,periodic,96,985.00,0.401045
10697,1000,0.10,900,3,35,1.0448,0.05,periodic,97,947.00,1.350832
10698,1000,0.10,900,3,35,1.0365,0.05,periodic,98,986.00,0.405367
10699,1000,0.10,900,3,35,1.0884,0.05,periodic,99,964.00,0.732569
10700,1000,0.10,900,3,35,1.0840,0.10,periodic,0,979.00,1.052035
10701,1000,0.10,900,3,35,1.0898,0.10,periodic,1,949.00,0.503268
10702,1000,0.10,900,3,35,1.0953,0.10,periodic,2,976.00,0.326799
10703,1000,0.10,900,3,35,1.0731,0.10,periodic,3,1001.00,0.414779
10704,1000,0.10,900,3,35,1.0862,0.10,periodic,4,994.00,1.275083
10705,1000,0.10,900,3,35,1.1002,0.10,periodic,5,998.00,1.273871
10706,1000,0.10,900,3,35,1.1102,0.10,periodic,6,1000.00,0.504395
10707,1000,0.10,900,3,35,1.1130,0.10,periodic,7,955.00,0.218162
10708,1000,0.10,900,3,35,1.0386,0.10,periodic,8,988.00,1.422034
10709,1000,0.10,900,3,35,1.1455,0.10,periodic,9,1004.00,0.246563
10710,1000,0.10,900,3,35,1.0394,0.10,periodic,10,990.00,0.107657
10711,1000,0.10,900,3,35,1.0796,0.10,periodic,11,960.00,0.259249
10712,1000,0.10,900,3,35,1.1277,0.10,periodic,12,946.00,0.494112
10713,1000,0.10,900,3,35,1.0665,0.10,periodic,13,944.00,0.154481
10714,1000,0.10,900,3,35,1.1120,0.10,periodic,14,980.00,0.530364
10715,1000,0.10,900,3,35,1.0924,0.10,periodic,15,953.00,1.235363
10716,1000,0.10,900,3,35,1.1433,0.10,periodic,16,999.00,0.168856
10717,1000,0.10,900,3,35,1.0822,0.10,periodic,17,987.00,0.410958
10718,1000,0.10,900,3,35,1.0887,0.10,periodic,18,989.00,0.173359
10719,1000,0.10,900,3,35,1.1063,0.10,periodic,19,997.00,0.444548
10720,1000,0.10,900,3,35,1.1245,0.10,periodic,20,983.00,0.545159
10721,1000,0.10,900,3,35,1.0871,0.10,periodic,21,918.00,0.334960
10722,1000,0.10,900,3,35,1.0988,0.10,periodic,22,955.00,0.203787
10723,1000,0.10,900,3,35,1.1334,0.10,periodic,23,948.00,0.452611
10724,1000,0.10,900,3,35,1.0778,0.10,periodic,24,934.00,0.293750
10725,1000,0.10,900,3,35,1.1363,0.10,periodic,25,979.00,0.596255
10726,1000,0.10,900,3,35,1.1186,0.10,periodic,26,1001.00,1.355503
10727,1000,0.10,900,3,35,1.0771,0.10,periodic,27,963.00,0.866505
10728,1000,0.10,900,3,35,1.0803,0.10,periodic,28,972.00,0.725414
10729,1000,0.10,900,3,35,1.0755,0.10,periodic,29,961.00,0.866809
10730,1000,0.10,900,3,35,1.1188,0.10,periodic,30,978.00,0.378875
10731,1000,0.10,900,3,35,1.1138,0.10,periodic,31,1121.00,0.726268
10732,1000,0.10,900,3,35,1.1072,0.10,periodic,32,1091.00,0.271335
10733,1000,0.10,900,3,35,1.1303,0.10,periodic,33,1079.00,0.729432
10734,1000,0.10,900,3,35,1.0964,0.10,periodic,34,966.00,0.666270
10735,1000,0.10,900,3,35,1.1005,0.10,periodic,35,1041.00,0.273064
10736,1000,0.10,900,3,35,1.0865,0.10,periodic,36,1020.00,0.581668
10737,1000,0.10,900,3,35,1.0721,0.10,periodic,37,999.00,1.116858
10738,1000,0.10,900,3,35,1.1155,0.10,periodic,38,1003.00,0.202020
10739,1000,0.10,900,3,35,1.0872,0.10,periodic,39,1005.00,0.486741
10740,1000,0.10,900,3,35,1.1555,0.10,periodic,40,989.00,0.407978
10741,1000,0.10,900,3,35,1.0992,0.10,periodic,41,1014.00,1.584770
10742,1000,0.10,900,3,35,1.0667,0.10,periodic,42,1031.00,1.530283
10743,1000,0.10,900,3,35,1.1505,0.10,periodic,43,1014.00,0.237232
10744,1000,0.10,900,3,35,1.0778,0.10,periodic,44,1032.00,0.233472
10745,1000,0.10,900,3,35,1.0571,0.10,periodic,45,1003.00,0.565241
10746,1000,0.10,900,3,35,1.0881,0.10,periodic,46,1006.00,0.533087
10747,1000,0.10,900,3,35,1.0535,0.10,periodic,47,973.00,0.148666
10748,1000,0.10,900,3,35,1.0925,0.10,periodic,48,999.00,1.579717
10749,1000,0.10,900,3,35,1.1110,0.10,periodic,49,992.00,0.293787
10750,1000,0.10,900,3,35,1.0708,0.10,periodic,50,1004.00,0.564653
10751,1000,0.10,900,3,35,1.0577,0.10,periodic,51,992.00,0.251505
10752,1000,0.10,900,3,35,1.1212,0.10,periodic,52,1040.00,1.051649
10753,1000,0.10,900,3,35,1.1185,0.10,periodic,53,986.00,0.552598
10754,1000,0.10,900,3,35,1.1022,0.10,periodic,54,1035.00,1.625463
10755,1000,0.10,900,3,35,1.0918,0.10,periodic,55,1034.00,0.805794
10756,1000,0.10,900,3,35,1.0979,0.10,periodic,56,1048.00,0.216944
10757,1000,0.10,900,3,35,1.1024,0.10,periodic,57,1011.00,0.976559
10758,1000,0.10,900,3,35,1.1124,0.10,periodic,58,1014.00,0.597076
10759,1000,0.10,900,3,35,1.0859,0.10,periodic,59,969.00,0.087586
10760,1000,0.10,900,3,35,1.0934,0.10,periodic,60,1012.00,0.516685
10761,1000,0.10,900,3,35,1.1022,0.10,periodic,61,985.00,0.080531
10762,1000,0.10,900,3,35,1.1000,0.10,periodic,62,1037.00,0.227865
10763,1000,0.10,900,3,35,1.0664,0.10,periodic,63,1013.00,0.255319
10764,1000,0.10,900,3,35,1.0365,0.10,periodic,64,1028.00,0.590192
10765,1000,0.10,900,3,35,1.0642,0.10,periodic,65,1008.00,0.339084
10766,1000,0.10,900,3,35,1.0896,0.10,periodic,66,1035.00,0.593476
10767,1000,0.10,900,3,35,1.0623,0.10,periodic,67,1028.00,0.622397
10768,1000,0.10,900,3,35,1.1217,0.10,periodic,68,995.00,0.396379
10769,1000,0.10,900,3,35,1.0654,0.10,periodic,69,966.00,1.132541
10770,1000,0.10,900,3,35,1.0435,0.10,periodic,70,1024.00,0.333472
10771,1000,0.10,900,3,35,1.1465,0.10,periodic,71,984.00,0.400338
10772,1000,0.10,900,3,35,1.0752,0.10,periodic,72,974.00,0.342577
10773,1000,0.10,900,3,35,1.0848,0.10,periodic,73,1012.00,0.082912
10774,1000,0.10,900,3,35,1.1677,0.10,periodic,74,976.00,0.585868
10775,1000,0.10,900,3,35,1.0918,0.10,periodic,75,1007.00,1.675328
10776,1000,0.10,900,3,35,1.1215,0.10,periodic,76,1017.00,0.602209
10777,1000,0.10,900,3,35,1.0915,0.10,periodic,77,979.00,0.371805
10778,1000,0.10,900,3,35,1.0886,0.10,periodic,78,981.00,0.387437
10779,1000,0.10,900,3,35,1.1065,0.10,periodic,79,1129.00,0.563586
10780,1000,0.10,900,3,35,1.0736,0.10,periodic,80,1196.00,0.291630
10781,1000,0.10,900,3,35,1.0827,0.10,periodic,81,1178.00,0.981112
10782,1000,0.10,900,3,35,1.1296,0.10,periodic,82,1177.00,0.204191
10783,1000,0.10,900,3,35,1.0581,0.10,periodic,83,1249.00,0.848371
10784,1000,0.10,900,3,35,1.0864,0.10,periodic,84,1190.00,0.486867
10785,1000,0.10,900,3,35,1.1461,0.10,periodic,85,1208.00,0.366085
10786,1000,0.10,900,3,35,1.0209,0.10,periodic,86,1185.00,0.444738
10787,1000,0.10,900,3,35,1.0935,0.10,periodic,87,1184.00,1.298646
10788,1000,0.10,900,3,35,1.1333,0.10,periodic,88,1198.00,0.243151
10789,1000,0.10,900,3,35,1.1175,0.10,periodic,89,1162.00,1.001518
10790,1000,0.10,900,3,35,1.0816,0.10,periodic,90,1148.00,0.262930
10791,1000,0.10,900,3,35,1.1078,0.10,periodic,91,1203.00,0.788638
10792,1000,0.10,900,3,35,1.0574,0.10,periodic,92,1162.00,0.990917
10793,1000,0.10,900,3,35,1.1103,0.10,periodic,93,1192.00,0.347570
10794,1000,0.10,900,3,35,1.1057,0.10,periodic,94,1147.00,0.582266
10795,1000,0.10,900,3,35,1.1299,0.10,periodic,95,1171.00,0.243926
10796,1000,0.10,900,3,35,1.1480,0.10,periodic,96,1222.00,1.448010
10797,1000,0.10,900,3,35,1.0837,0.10,periodic,97,1035.00,0.809411
10798,1000,0.10,900,3,35,1.0752,0.10,periodic,98,1002.00,0.343292
10799,1000,0.10,900,3,35,1.1168,0.10,periodic,99,1026.00,1.189271
10800,1000,0.10,900,3,35,1.1339,0.15,periodic,0,1027.00,0.402272
10801,1000,0.10,900,3,35,1.1465,0.15,periodic,1,1028.00,0.822495
10802,1000,0.10,900,3,35,1.1076,0.15,periodic,2,1008.00,2.031793
10803,1000,0.10,900,3,35,1.1217,0.15,periodic,3,973.00,0.237845
10804,1000,0.10,900,3,35,1.1114,0.15,periodic,4,985.00,0.581693
10805,1000,0.10,900,3,35,1.1806,0.15,periodic,5,1060.00,0.401036
10806,1000,0.10,900,3,35,1.1660,0.15,periodic,6,1207.00,0.528893
10807,1000,0.10,900,3,35,1.1334,0.15,periodic,7,1198.00,0.535510
10808,1000,0.10,900,3,35,1.1671,0.15,periodic,8,1215.00,0.566321
10809,1000,0.10,900,3,35,1.0843,0.15,periodic,9,1224.00,0.687272
10810,1000,0.10,900,3,35,1.1189,0.15,periodic,10,1196.00,2.101781
10811,1000,0.10,900,3,35,1.1341,0.15,periodic,11,1158.00,0.243836
10812,1000,0.10,900,3,35,1.0947,0.15,periodic,12,1220.00,1.490045
10813,1000,0.10,900,3,35,1.1539,0.15,periodic,13,1129.00,0.100839
10814,1000,0.10,900,3,35,1.1152,0.15,periodic,14,1189.00,0.310723
10815,1000,0.10,900,3,35,1.1081,0.15,periodic,15,1155.00,0.417880
10816,1000,0.10,900,3,35,1.1336,0.15,periodic,16,1163.00,0.406948
10817,1000,0.10,900,3,35,1.1383,0.15,periodic,17,1184.00,0.209062
10818,1000,0.10,900,3,35,1.1221,0.15,periodic,18,1152.00,1.395029
10819,1000,0.10,900,3,35,1.1219,0.15,periodic,19,1181.00,0.222660
10820,1000,0.10,900,3,35,1.1327,0.15,periodic,20,1204.00,0.563101
10821,1000,0.10,900,3,35,1.1804,0.15,periodic,21,1166.00,0.807707
10822,1000,0.10,900,3,35,1.1249,0.15,periodic,22,1167.00,0.986012
10823,1000,0.10,900,3,35,1.1348,0.15,periodic,23,1163.00,0.362539
10824,1000,0.10,900,3,35,1.1029,0.15,periodic,24,1216.00,0.597198
10825,1000,0.10,900,3,35,1.1217,0.15,periodic,25,1194.00,0.189642
10826,1000,0.10,900,3,35,1.1662,0.15,periodic,26,1176.00,0.929834
10827,1000,0.10,900,3,35,1.1440,0.15,periodic,27,1174.00,0.687973
10828,1000,0.10,900,3,35,1.1469,0.15,periodic,28,1171.00,0.451232
10829,1000,0.10,900,3,35,1.1262,0.15,periodic,29,1122.00,0.575759
10830,1000,0.10,900,3,35,1.0985,0.15,periodic,30,1190.00,0.214806
10831,1000,0.10,900,3,35,1.1011,0.15,periodic,31,1093.00,1.465965
10832,1000,0.10,900,3,35,1.1312,0.15,periodic,32,1007.00,0.600570
10833,1000,0.10,900,3,35,1.1550,0.15,periodic,33,998.00,0.873090
10834,1000,0.10,900,3,35,1.1548,0.15,periodic,34,1029.00,0.367881
10835,1000,0.10,900,3,35,1.1338,0.15,periodic,35,1008.00,0.503987
10836,1000,0.10,900,3,35,1.1178,0.15,periodic,36,1020.00,0.274874
10837,1000,0.10,900,3,35,1.0990,0.15,periodic,37,1039.00,0.413932
10838,1000,0.10,900,3,35,1.1332,0.15,periodic,38,976.00,0.076909
10839,1000,0.10,900,3,35,1.1877,0.15,periodic,39,1150.00,0.497164
10840,1000,0.10,900,3,35,1.1230,0.15,periodic,40,1159.00,0.222386
10841,1000,0.10,900,3,35,1.1218,0.15,periodic,41,1143.00,0.617353
10842,1000,0.10,900,3,35,1.1120,0.15,periodic,42,1167.00,0.206149
10843,1000,0.10,900,3,35,1.1547,0.15,periodic,43,1151.00,0.917554
10844,1000,0.10,900,3,35,1.1344,0.15,periodic,44,1005.00,1.397199
10845,1000,0.10,900,3,35,1.1559,0.15,periodic,45,1012.00,0.122408
10846,1000,0.10,900,3,35,1.1618,0.15,periodic,46,1041.00,1.579262
10847,1000,0.10,900,3,35,1.1694,0.15,periodic,47,1043.00,0.876808
10848,1000,0.10,900,3,35,1.0965,0.15,periodic,48,1087.00,0.699519
10849,1000,0.10,900,3,35,1.0768,0.15,periodic,49,1136.00,2.997768
10850,1000,0.10,900,3,35,1.1320,0.15,periodic,50,1177.00,0.648592
10851,1000,0.10,900,3,35,1.1374,0.15,periodic,51,1154.00,0.371032
10852,1000,0.10,900,3,35,1.1351,0.15,periodic,52,1175.00,0.280473
10853,1000,0.10,900,3,35,1.0917,0.15,periodic,53,1128.00,0.190322
10854,1000,0.10,900,3,35,1.1180,0.15,periodic,54,1182.00,0.861845
10855,1000,0.10,900,3,35,1.1425,0.15,periodic,55,1130.00,0.159178
10856,1000,0.10,900,3,35,1.1586,0.15,periodic,56,1129.00,0.563256
10857,1000,0.10,900,3,35,1.1187,0.15,periodic,57,1120.00,0.300833
10858,1000,0.10,900,3,35,1.1489,0.15,periodic,58,1134.00,0.656545
10859,1000,0.10,900,3,35,1.1028,0.15,periodic,59,1019.00,0.825135
10860,1000,0.10,900,3,35,1.1029,0.15,periodic,60,967.00,0.948099
10861,1000,0.10,900,3,35,1.1643,0.15,periodic,61,991.00,0.592889
10862,1000,0.10,900,3,35,1.1841,0.15,periodic,62,1011.00,0.500851
10863,1000,0.10,900,3,35,1.1421,0.15,periodic,63,1021.00,0.744101
10864,1000,0.10,900,3,35,1.0860,0.15,periodic,64,1057.00,0.662886
10865,1000,0.10,900,3,35,1.1978,0.15,periodic,65,995.00,0.873168
10866,1000,0.10,900,3,35,1.1263,0.15,periodic,66,1016.00,0.117371
10867,1000,0.10,900,3,35,1.1292,0.15,periodic,67,995.00,0.409170
10868,1000,0.10,900,3,35,1.0945,0.15,periodic,68,986.00,1.312129
10869,1000,0.10,900,3,35,1.1314,0.15,periodic,69,1036.00,0.577296
10870,1000,0.10,900,3,35,1.1292,0.15,periodic,70,985.00,1.201288
10871,1000,0.10,900,3,35,1.1157,0.15,periodic,71,1017.00,0.127025
10872,1000,0.10,900,3,35,1.1488,0.15,periodic,72,983.00,0.157354
10873,1000,0.10,900,3,35,1.1739,0.15,periodic,73,992.00,0.921220
10874,1000,0.10,900,3,35,1.1607,0.15,periodic,74,1040.00,0.312160
10875,1000,0.10,900,3,35,1.1196,0.15,periodic,75,1026.00,1.274790
10876,1000,0.10,900,3,35,1.1411,0.15,periodic,76,1046.00,1.358882
10877,1000,0.10,900,3,35,1.1489,0.15,periodic,77,1040.00,0.101667
10878,1000,0.10,900,3,35,1.0863,0.15,periodic,78,1049.00,0.412511
10879,1000,0.10,900,3,35,1.1461,0.15,periodic,79,1055.00,0.235397
10880,1000,0.10,900,3,35,1.1183,0.15,periodic,80,1053.00,1.230199
10881,1000,0.10,900,3,35,1.1549,0.15,periodic,81,1058.00,1.213895
10882,1000,0.10,900,3,35,1.1197,0.15,periodic,82,1000.00,1.365976
10883,1000,0.10,900,3,35,1.0897,0.15,periodic,83,1037.00,0.802651
10884,1000,0.10,900,3,35,1.0977,0.15,periodic,84,1069.00,0.876001
10885,1000,0.10,900,3,35,1.1452,0.15,periodic,85,1097.00,0.956764
10886,1000,0.10,900,3,35,1.0884,0.15,periodic,86,1022.00,0.217807
10887,1000,0.10,900,3,35,1.1493,0.15,periodic,87,1026.00,0.193327
10888,1000,0.10,900,3,35,1.1314,0.15,periodic,88,1024.00,1.060040
10889,1000,0.10,900,3,35,1.1249,0.15,periodic,89,1000.00,0.819947
10890,1000,0.10,900,3,35,1.1981,0.15,periodic,90,1064.00,0.550472
10891,1000,0.10,900,3,35,1.1390,0.15,periodic,91,1044.00,0.578671
10892,1000,0.10,900,3,35,1.1259,0.15,periodic,92,1019.00,1.350011
10893,1000,0.10,900,3,35,1.1562,0.15,periodic,93,1071.00,1.406600
10894,1000,0.10,900,3,35,1.1532,0.15,periodic,94,1038.00,0.194309
10895,1000,0.10,900,3,35,1.1582,0.15,periodic,95,1036.00,0.919184
10896,1000,0.10,900,3,35,1.1335,0.15,periodic,96,1086.00,0.077519
10897,1000,0.10,900,3,35,1.1112,0.15,periodic,97,1037.00,0.434894
10898,1000,0.10,900,3,35,1.1687,0.15,periodic,98,1028.00,1.010544
10899,1000,0.10,900,3,35,1.1623,0.15,periodic,99,1064.00,0.421520
10900,1000,0.10,900,3,35,1.1435,0.20,periodic,0,1038.00,1.320829
10901,1000,0.10,900,3,35,1.1639,0.20,periodic,1,1032.00,0.284549
10902,1000,0.10,900,3,35,1.1422,0.20,periodic,2,1085.00,0.585604
10903,1000,0.10,900,3,35,1.2071,0.20,periodic,3,1023.00,0.525370
10904,1000,0.10,900,3,35,1.1498,0.20,periodic,4,1033.00,0.963723
10905,1000,0.10,900,3,35,1.1355,0.20,periodic,5,1026.00,0.666217
10906,1000,0.10,900,3,35,1.1877,0.20,periodic,6,1065.00,0.273243
10907,1000,0.10,900,3,35,1.1522,0.20,periodic,7,1015.00,0.683336
10908,1000,0.10,900,3,35,1.1891,0.20,periodic,8,1020.00,0.841028
10909,1000,0.10,900,3,35,1.1812,0.20,periodic,9,1038.00,0.182482
10910,1000,0.10,900,3,35,1.1704,0.20,periodic,10,1067.00,0.141551
10911,1000,0.10,900,3,35,1.1859,0.20,periodic,11,1033.00,0.308651
10912,1000,0.10,900,3,35,1.1609,0.20,periodic,12,1056.00,0.399789
10913,1000,0.10,900,3,35,1.1679,0.20,periodic,13,996.00,0.156907
10914,1000,0.10,900,3,35,1.2108,0.20,periodic,14,1033.00,0.403209
10915,1000,0.10,900,3,35,1.1634,0.20,periodic,15,1030.00,1.173221
10916,1000,0.10,900,3,35,1.1652,0.20,periodic,16,1033.00,1.278901
10917,1000,0.10,900,3,35,1.1514,0.20,periodic,17,1033.00,0.531715
10918,1000,0.10,900,3,35,1.2325,0.20,periodic,18,1042.00,0.581982
10919,1000,0.10,900,3,35,1.1362,0.20,periodic,19,996.00,1.846057
10920,1000,0.10,900,3,35,1.2278,0.20,periodic,20,1039.00,0.372521
10921,1000,0.10,900,3,35,1.2069,0.20,periodic,21,982.00,1.221283
10922,1000,0.10,900,3,35,1.2043,0.20,periodic,22,1043.00,1.372722
10923,1000,0.10,900,3,35,1.1971,0.20,periodic,23,1063.00,1.804532
10924,1000,0.10,900,3,35,1.1657,0.20,periodic,24,1023.00,0.835442
10925,1000,0.10,900,3,35,1.1501,0.20,periodic,25,1047.00,0.327568
10926,1000,0.10,900,3,35,1.1925,0.20,periodic,26,1019.00,0.733614
10927,1000,0.10,900,3,35,1.2024,0.20,periodic,27,1057.00,0.379458
10928,1000,0.10,900,3,35,1.2734,0.20,periodic,28,1027.00,0.656520
10929,1000,0.10,900,3,35,1.1613,0.20,periodic,29,1016.00,0.301839
10930,1000,0.10,900,3,35,1.1945,0.20,periodic,30,1078.00,1.134936
10931,1000,0.10,900,3,35,1.1730,0.20,periodic,31,992.00,0.546389
10932,1000,0.10,900,3,35,1.2483,0.20,periodic,32,1022.00,0.948797
10933,1000,0.10,900,3,35,1.1304,0.20,periodic,33,1016.00,0.935518
10934,1000,0.10,900,3,35,1.1313,0.20,periodic,34,1037.00,1.030876
10935,1000,0.10,900,3,35,1.1782,0.20,periodic,35,1082.00,1.108010
10936,1000,0.10,900,3,35,1.1792,0.20,periodic,36,1049.00,0.472248
10937,1000,0.10,900,3,35,1.1669,0.20,periodic,37,1049.00,2.016900
10938,1000,0.10,900,3,35,1.1995,0.20,periodic,38,1060.00,0.835665
10939,1000,0.10,900,3,35,1.1733,0.20,periodic,39,1052.00,0.274220
10940,1000,0.10,900,3,35,1.1451,0.20,periodic,40,1006.00,0.351105
10941,1000,0.10,900,3,35,1.1408,0.20,periodic,41,1077.00,0.131403
10942,1000,0.10,900,3,35,1.2706,0.20,periodic,42,1017.00,0.683821
10943,1000,0.10,900,3,35,1.1723,0.20,periodic,43,1043.00,0.594944
10944,1000,0.10,900,3,35,1.1523,0.20,periodic,44,1021.00,0.644103
10945,1000,0.10,900,3,35,1.1587,0.20,periodic,45,1054.00,0.487368
10946,1000,0.10,900,3,35,1.1628,0.20,periodic,46,1054.00,1.332161
10947,1000,0.10,900,3,35,1.1447,0.20,periodic,47,1022.00,1.234204
10948,1000,0.10,900,3,35,1.1792,0.20,periodic,48,1034.00,0.311329
10949,1000,0.10,900,3,35,1.2078,0.20,periodic,49,1001.00,1.027336
10950,1000,0.10,900,3,35,1.1591,0.20,periodic,50,1046.00,0.511809
10951,1000,0.10,900,3,35,1.1971,0.20,periodic,51,1031.00,0.347020
10952,1000,0.10,900,3,35,1.1676,0.20,periodic,52,1035.00,0.307680
10953,1000,0.10,900,3,35,1.1706,0.20,periodic,53,1075.00,1.190538
10954,1000,0.10,900,3,35,1.0794,0.20,periodic,54,1061.00,1.811155
10955,1000,0.10,900,3,35,1.1521,0.20,periodic,55,1030.00,0.470849
10956,1000,0.10,900,3,35,1.1121,0.20,periodic,56,1035.00,0.674893
10957,1000,0.10,900,3,35,1.1578,0.20,periodic,57,1027.00,0.412025
10958,1000,0.10,900,3,35,1.1931,0.20,periodic,58,1061.00,0.031909
10959,1000,0.10,900,3,35,1.1324,0.20,periodic,59,1029.00,0.483270
10960,1000,0.10,900,3,35,1.1767,0.20,periodic,60,1022.00,0.575995
10961,1000,0.10,900,3,35,1.1852,0.20,periodic,61,1035.00,1.136881
10962,1000,0.10,900,3,35,1.1841,0.20,periodic,62,999.00,0.428993
10963,1000,0.10,900,3,35,1.1473,0.20,periodic,63,1031.00,1.311709
10964,1000,0.10,900,3,35,1.1815,0.20,periodic,64,1024.00,0.666358
10965,1000,0.10,900,3,35,1.1270,0.20,periodic,65,1031.00,0.725415
10966,1000,0.10,900,3,35,1.1656,0.20,periodic,66,998.00,1.137803
10967,1000,0.10,900,3,35,1.2177,0.20,periodic,67,1040.00,0.939060
10968,1000,0.10,900,3,35,1.1450,0.20,periodic,68,1030.00,0.748433
10969,1000,0.10,900,3,35,1.1383,0.20,periodic,69,1018.00,0.801881
10970,1000,0.10,900,3,35,1.1523,0.20,periodic,70,1029.00,0.115428
10971,1000,0.10,900,3,35,1.1901,0.20,periodic,71,1013.00,0.367118
10972,1000,0.10,900,3,35,1.1515,0.20,periodic,72,1028.00,0.347995
10973,1000,0.10,900,3,35,1.1740,0.20,periodic,73,1030.00,0.955939
10974,1000,0.10,900,3,35,1.1936,0.20,periodic,74,1017.00,1.490114
10975,1000,0.10,900,3,35,1.1445,0.20,periodic,75,994.00,0.444205
10976,1000,0.10,900,3,35,1.1312,0.20,periodic,76,1036.00,0.505382
10977,1000,0.10,900,3,35,1.2311,0.20,periodic,77,1045.00,1.125871
10978,1000,0.10,900,3,35,1.1646,0.20,periodic,78,1026.00,0.386322
10979,1000,0.10,900,3,35,1.1799,0.20,periodic,79,1041.00,0.152354
10980,1000,0.10,900,3,35,1.1702,0.20,periodic,80,1017.00,0.653472
10981,1000,0.10,900,3,35,1.1329,0.20,periodic,81,1064.00,2.291942
10982,1000,0.10,900,3,35,1.1629,0.20,periodic,82,1034.00,0.475815
10983,1000,0.10,900,3,35,1.2009,0.20,periodic,83,994.00,0.630316
10984,1000,0.10,900,3,35,1.1684,0.20,periodic,84,1007.00,0.729191
10985,1000,0.10,900,3,35,1.2078,0.20,periodic,85,1038.00,1.390826
10986,1000,0.10,900,3,35,1.2183,0.20,periodic,86,1014.00,0.573601
10987,1000,0.10,900,3,35,1.1721,0.20,periodic,87,1000.00,1.122765
10988,1000,0.10,900,3,35,1.1956,0.20,periodic,88,1045.00,0.272273
10989,1000,0.10,900,3,35,1.1741,0.20,periodic,89,1009.00,0.184918
10990,1000,0.10,900,3,35,1.1409,0.20,periodic,90,1035.00,0.853960
10991,1000,0.10,900,3,35,1.1457,0.20,periodic,91,1041.00,0.239800
10992,1000,0.10,900,3,35,1.1164,0.20,periodic,92,1030.00,0.245887
10993,1000,0.10,900,3,35,1.1697,0.20,periodic,93,1064.00,0.409699
10994,1000,0.10,900,3,35,1.1547,0.20,periodic,94,1052.00,0.557323
10995,1000,0.10,900,3,35,1.1353,0.20,periodic,95,1025.00,1.328581
10996,1000,0.10,900,3,35,1.1479,0.20,periodic,96,1018.00,0.873332
10997,1000,0.10,900,3,35,1.1592,0.20,periodic,97,1058.00,0.854585
10998,1000,0.10,900,3,35,1.1719,0.20,periodic,98,1045.00,0.381498
10999,1000,0.10,900,3,35,1.1569,0.20,periodic,99,994.00,0.464258
11000,1000,0.10,900,3,35,1.1749,0.25,periodic,0,1016.00,3.021657
11001,1000,0.10,900,3,35,1.2092,0.25,periodic,1,1006.00,0.442220
11002,1000,0.10,900,3,35,1.2691,0.25,periodic,2,1028.00,0.455339
11003,1000,0.10,900,3,35,1.2399,0.25,periodic,3,1038.00,0.468572
11004,1000,0.10,900,3,35,1.2360,0.25,periodic,4,1039.00,1.670498
11005,1000,0.10,900,3,35,1.2217,0.25,periodic,5,1016.00,0.221851
11006,1000,0.10,900,3,35,1.1484,0.25,periodic,6,1057.00,0.271298
11007,1000,0.10,900,3,35,1.2188,0.25,periodic,7,1040.00,0.527136
11008,1000,0.10,900,3,35,1.1379,0.25,periodic,8,1038.00,0.534818
11009,1000,0.10,900,3,35,1.1539,0.25,periodic,9,1018.00,0.850424
11010,1000,0.10,900,3,35,1.1702,0.25,periodic,10,1035.00,1.072966
11011,1000,0.10,900,3,35,1.1606,0.25,periodic,11,1045.00,1.001964
11012,1000,0.10,900,3,35,1.1820,0.25,periodic,12,1007.00,0.290991
11013,1000,0.10,900,3,35,1.2015,0.25,periodic,13,1029.00,0.276334
11014,1000,0.10,900,3,35,1.2230,0.25,periodic,14,1064.00,0.282958
11015,1000,0.10,900,3,35,1.1569,0.25,periodic,15,1018.00,0.466735
11016,1000,0.10,900,3,35,1.1575,0.25,periodic,16,1041.00,0.411607
11017,1000,0.10,900,3,35,1.1958,0.25,periodic,17,1019.00,1.081644
11018,1000,0.10,900,3,35,1.2218,0.25,periodic,18,1014.00,2.498549
11019,1000,0.10,900,3,35,1.1520,0.25,periodic,19,1087.00,1.453079
11020,1000,0.10,900,3,35,1.1937,0.25,periodic,20,1024.00,2.149611
11021,1000,0.10,900,3,35,1.1724,0.25,periodic,21,1013.00,0.483884
11022,1000,0.10,900,3,35,1.2614,0.25,periodic,22,1014.00,0.910663
11023,1000,0.10,900,3,35,1.1881,0.25,periodic,23,1058.00,1.463297
11024,1000,0.10,900,3,35,1.2212,0.25,periodic,24,1039.00,0.826856
11025,1000,0.10,900,3,35,1.2200,0.25,periodic,25,1104.00,0.310129
11026,1000,0.10,900,3,35,1.1314,0.25,periodic,26,1000.00,1.420542
11027,1000,0.10,900,3,35,1.2180,0.25,periodic,27,1037.00,0.672523
11028,1000,0.10,900,3,35,1.1439,0.25,periodic,28,998.00,0.565145
11029,1000,0.10,900,3,35,1.1405,0.25,periodic,29,1033.00,0.907369
11030,1000,0.10,900,3,35,1.1684,0.25,periodic,30,1016.00,1.627681
11031,1000,0.10,900,3,35,1.1874,0.25,periodic,31,1045.00,0.742961
11032,1000,0.10,900,3,35,1.1785,0.25,periodic,32,1011.00,1.567775
11033,1000,0.10,900,3,35,1.2122,0.25,periodic,33,1044.00,0.809509
11034,1000,0.10,900,3,35,1.2366,0.25,periodic,34,1037.00,2.019039
11035,1000,0.10,900,3,35,1.1664,0.25,periodic,35,1060.00,1.237597
11036,1000,0.10,900,3,35,1.1685,0.25,periodic,36,1032.00,2.227248
11037,1000,0.10,900,3,35,1.1583,0.25,periodic,37,1037.00,0.439560
11038,1000,0.10,900,3,35,1.2062,0.25,periodic,38,988.00,0.409541
11039,1000,0.10,900,3,35,1.1948,0.25,periodic,39,1047.00,0.705027
11040,1000,0.10,900,3,35,1.2182,0.25,periodic,40,1051.00,0.941850
11041,1000,0.10,900,3,35,1.1977,0.25,periodic,41,1019.00,0.778235
11042,1000,0.10,900,3,35,1.1637,0.25,periodic,42,1000.00,0.519177
11043,1000,0.10,900,3,35,1.1828,0.25,periodic,43,1054.00,1.130791
11044,1000,0.10,900,3,35,1.2501,0.25,periodic,44,1061.00,2.823460
11045,1000,0.10,900,3,35,1.2002,0.25,periodic,45,1049.00,2.175371
11046,1000,0.10,900,3,35,1.1905,0.25,periodic,46,1063.00,1.648317
11047,1000,0.10,900,3,35,1.1917,0.25,periodic,47,1007.00,0.370501
11048,1000,0.10,900,3,35,1.1578,0.25,periodic,48,1013.00,1.754965
11049,1000,0.10,900,3,35,1.1346,0.25,periodic,49,1048.00,0.557959
11050,1000,0.10,900,3,35,1.2122,0.25,periodic,50,1043.00,1.145120
11051,1000,0.10,900,3,35,1.1980,0.25,periodic,51,1055.00,1.020218
11052,1000,0.10,900,3,35,1.1817,0.25,periodic,52,1041.00,1.098368
11053,1000,0.10,900,3,35,1.2151,0.25,periodic,53,1047.00,0.670585
11054,1000,0.10,900,3,35,1.2326,0.25,periodic,54,1031.00,0.357279
11055,1000,0.10,900,3,35,1.2490,0.25,periodic,55,1044.00,0.249099
11056,1000,0.10,900,3,35,1.2016,0.25,periodic,56,1042.00,0.233152
11057,1000,0.10,900,3,35,1.2280,0.25,periodic,57,1010.00,0.844401
11058,1000,0.10,900,3,35,1.2250,0.25,periodic,58,1031.00,1.144243
11059,1000,0.10,900,3,35,1.2223,0.25,periodic,59,1057.00,0.399482
11060,1000,0.10,900,3,35,1.2186,0.25,periodic,60,1029.00,0.607691
11061,1000,0.10,900,3,35,1.2035,0.25,periodic,61,1066.00,1.920685
11062,1000,0.10,900,3,35,1.1269,0.25,periodic,62,1053.00,0.536664
11063,1000,0.10,900,3,35,1.2236,0.25,periodic,63,1029.00,0.236914
11064,1000,0.10,900,3,35,1.1946,0.25,periodic,64,1051.00,1.215125
11065,1000,0.10,900,3,35,1.1995,0.25,periodic,65,1025.00,0.292320
11066,1000,0.10,900,3,35,1.2256,0.25,periodic,66,1038.00,1.695858
11067,1000,0.10,900,3,35,1.2324,0.25,periodic,67,1014.00,0.994300
11068,1000,0.10,900,3,35,1.2589,0.25,periodic,68,1015.00,0.619729
11069,1000,0.10,900,3,35,1.2129,0.25,periodic,69,1051.00,1.585594
11070,1000,0.10,900,3,35,1.2236,0.25,periodic,70,1080.00,0.619084
11071,1000,0.10,900,3,35,1.1256,0.25,periodic,71,1057.00,0.692339
11072,1000,0.10,900,3,35,1.1689,0.25,periodic,72,1024.00,0.568023
11073,1000,0.10,900,3,35,1.1608,0.25,periodic,73,1059.00,0.559048
11074,1000,0.10,900,3,35,1.1758,0.25,periodic,74,1035.00,0.909101
11075,1000,0.10,900,3,35,1.1717,0.25,periodic,75,1055.00,1.231730
11076,1000,0.10,900,3,35,1.1862,0.25,periodic,76,1053.00,0.670969
11077,1000,0.10,900,3,35,1.1499,0.25,periodic,77,1027.00,0.497555
11078,1000,0.10,900,3,35,1.1887,0.25,periodic,78,1000.00,0.716842
11079,1000,0.10,900,3,35,1.2012,0.25,periodic,79,1062.00,0.542046
11080,1000,0.10,900,3,35,1.2493,0.25,periodic,80,1002.00,0.491542
11081,1000,0.10,900,3,35,1.2426,0.25,periodic,81,1022.00,0.738593
11082,1000,0.10,900,3,35,1.2047,0.25,periodic,82,1035.00,0.761672
11083,1000,0.10,900,3,35,1.1377,0.25,periodic,83,989.00,0.137466
11084,1000,0.10,900,3,35,1.2053,0.25,periodic,84,1030.00,0.923636
11085,1000,0.10,900,3,35,1.2341,0.25,periodic,85,1064.00,0.647412
11086,1000,0.10,900,3,35,1.1957,0.25,periodic,86,1051.00,1.521808
11087,1000,0.10,900,3,35,1.1844,0.25,periodic,87,1027.00,0.458580
11088,1000,0.10,900,3,35,1.2139,0.25,periodic,88,1031.00,0.233694
11089,1000,0.10,900,3,35,1.2358,0.25,periodic,89,1043.00,0.337315
11090,1000,0.10,900,3,35,1.2084,0.25,periodic,90,1039.00,0.249345
11091,1000,0.10,900,3,35,1.1436,0.25,periodic,91,999.00,1.103840
11092,1000,0.10,900,3,35,1.1884,0.25,periodic,92,1051.00,1.117700
11093,1000,0.10,900,3,35,1.2066,0.25,periodic,93,1032.00,0.941255
11094,1000,0.10,900,3,35,1.2388,0.25,periodic,94,1022.00,1.277034
11095,1000,0.10,900,3,35,1.1712,0.25,periodic,95,1029.00,0.329756
11096,1000,0.10,900,3,35,1.2376,0.25,periodic,96,998.00,1.950314
11097,1000,0.10,900,3,35,1.1942,0.25,periodic,97,1018.00,0.661147
11098,1000,0.10,900,3,35,1.1992,0.25,periodic,98,1029.00,0.652277
11099,1000,0.10,900,3,35,1.1752,0.25,periodic,99,1034.00,0.445936
11100,1000,0.10,900,3,35,1.2424,0.30,periodic,0,1001.00,0.899984
11101,1000,0.10,900,3,35,1.2286,0.30,periodic,1,1020.00,0.640597
11102,1000,0.10,900,3,35,1.2790,0.30,periodic,2,1061.00,0.535887
11103,1000,0.10,900,3,35,1.2208,0.30,periodic,3,1050.00,0.076589
11104,1000,0.10,900,3,35,1.2153,0.30,periodic,4,1041.00,0.554804
11105,1000,0.10,900,3,35,1.1968,0.30,periodic,5,1030.00,2.700255
11106,1000,0.10,900,3,35,1.2098,0.30,periodic,6,1069.00,0.305275
11107,1000,0.10,900,3,35,1.2289,0.30,periodic,7,998.00,0.735543
11108,1000,0.10,900,3,35,1.2237,0.30,periodic,8,1011.00,0.784838
11109,1000,0.10,900,3,35,1.2161,0.30,periodic,9,1038.00,0.418361
11110,1000,0.10,900,3,35,1.2427,0.30,periodic,10,1045.00,0.966034
11111,1000,0.10,900,3,35,1.2387,0.30,periodic,11,1008.00,1.138917
11112,1000,0.10,900,3,35,1.2516,0.30,periodic,12,1034.00,1.821249
11113,1000,0.10,900,3,35,1.1858,0.30,periodic,13,1055.00,1.219620
11114,1000,0.10,900,3,35,1.2659,0.30,periodic,14,1013.00,0.525959
11115,1000,0.10,900,3,35,1.1934,0.30,periodic,15,1031.00,0.958097
11116,1000,0.10,900,3,35,1.2462,0.30,periodic,16,1048.00,1.011219
11117,1000,0.10,900,3,35,1.2512,0.30,periodic,17,1002.00,0.578264
11118,1000,0.10,900,3,35,1.2427,0.30,periodic,18,1044.00,1.641860
11119,1000,0.10,900,3,35,1.2202,0.30,periodic,19,1005.00,0.378934
11120,1000,0.10,900,3,35,1.2147,0.30,periodic,20,1044.00,0.960338
11121,1000,0.10,900,3,35,1.1650,0.30,periodic,21,1061.00,0.869911
11122,1000,0.10,900,3,35,1.2022,0.30,periodic,22,1104.00,0.368662
11123,1000,0.10,900,3,35,1.2965,0.30,periodic,23,1034.00,2.865999
11124,1000,0.10,900,3,35,1.2275,0.30,periodic,24,1058.00,2.348310
11125,1000,0.10,900,3,35,1.1952,0.30,periodic,25,1006.00,0.536366
11126,1000,0.10,900,3,35,1.2424,0.30,periodic,26,1051.00,0.408973
11127,1000,0.10,900,3,35,1.2730,0.30,periodic,27,1052.00,2.130042
11128,1000,0.10,900,3,35,1.2386,0.30,periodic,28,1058.00,1.477181
11129,1000,0.10,900,3,35,1.2195,0.30,periodic,29,1035.00,0.088595
11130,1000,0.10,900,3,35,1.1544,0.30,periodic,30,1073.00,1.643565
11131,1000,0.10,900,3,35,1.2430,0.30,periodic,31,1045.00,0.715717
11132,1000,0.10,900,3,35,1.1815,0.30,periodic,32,1036.00,0.579845
11133,1000,0.10,900,3,35,1.2918,0.30,periodic,33,1013.00,1.296298
11134,1000,0.10,900,3,35,1.2594,0.30,periodic,34,1041.00,0.962809
11135,1000,0.10,900,3,35,1.2104,0.30,periodic,35,1034.00,0.359676
11136,1000,0.10,900,3,35,1.1895,0.30,periodic,36,1062.00,0.206578
11137,1000,0.10,900,3,35,1.2431,0.30,periodic,37,1070.00,1.180416
11138,1000,0.10,900,3,35,1.2354,0.30,periodic,38,1091.00,1.523670
11139,1000,0.10,900,3,35,1.1692,0.30,periodic,39,1031.00,0.556091
11140,1000,0.10,900,3,35,1.1825,0.30,periodic,40,1065.00,0.561859
11141,1000,0.10,900,3,35,1.2452,0.30,periodic,41,1018.00,2.156472
11142,1000,0.10,900,3,35,1.1964,0.30,periodic,42,1007.00,0.614553
11143,1000,0.10,900,3,35,1.1881,0.30,periodic,43,1033.00,2.105310
11144,1000,0.10,900,3,35,1.1961,0.30,periodic,44,1020.00,0.365158
11145,1000,0.10,900,3,35,1.2420,0.30,periodic,45,1036.00,0.723166
11146,1000,0.10,900,3,35,1.2088,0.30,periodic,46,1066.00,0.741830
11147,1000,0.10,900,3,35,1.2298,0.30,periodic,47,1024.00,0.602802
11148,1000,0.10,900,3,35,1.2433,0.30,periodic,48,1039.00,1.303069
11149,1000,0.10,900,3,35,1.1561,0.30,periodic,49,1058.00,0.437928
11150,1000,0.10,900,3,35,1.2540,0.30,periodic,50,1045.00,0.510153
11151,1000,0.10,900,3,35,1.1809,0.30,periodic,51,1064.00,1.687098
11152,1000,0.10,900,3,35,1.1866,0.30,periodic,52,1032.00,0.459827
11153,1000,0.10,900,3,35,1.2327,0.30,periodic,53,1016.00,0.595411
11154,1000,0.10,900,3,35,1.2339,0.30,periodic,54,1042.00,0.765156
11155,1000,0.10,900,3,35,1.2194,0.30,periodic,55,1068.00,3.197778
11156,1000,0.10,900,3,35,1.1783,0.30,periodic,56,1023.00,0.402476
11157,1000,0.10,900,3,35,1.2817,0.30,periodic,57,1038.00,0.433303
11158,1000,0.10,900,3,35,1.2011,0.30,periodic,58,1020.00,0.857862
11159,1000,0.10,900,3,35,1.2449,0.30,periodic,59,1030.00,1.880040
11160,1000,0.10,900,3,35,1.2163,0.30,periodic,60,1015.00,1.216250
11161,1000,0.10,900,3,35,1.2578,0.30,periodic,61,1002.00,0.796709
11162,1000,0.10,900,3,35,1.1771,0.30,periodic,62,1061.00,0.553760
11163,1000,0.10,900,3,35,1.2228,0.30,periodic,63,991.00,0.455953
11164,1000,0.10,900,3,35,1.2291,0.30,periodic,64,1052.00,0.726949
11165,1000,0.10,900,3,35,1.2390,0.30,periodic,65,1016.00,0.536684
11166,1000,0.10,900,3,35,1.2132,0.30,periodic,66,1062.00,3.105362
11167,1000,0.10,900,3,35,1.2169,0.30,periodic,67,1057.00,1.714427
11168,1000,0.10,900,3,35,1.2682,0.30,periodic,68,1041.00,0.409754
11169,1000,0.10,900,3,35,1.2214,0.30,periodic,69,1013.00,0.776503
11170,1000,0.10,900,3,35,1.2326,0.30,periodic,70,1054.00,0.567935
11171,1000,0.10,900,3,35,1.2538,0.30,periodic,71,1044.00,0.400167
11172,1000,0.10,900,3,35,1.2158,0.30,periodic,72,1021.00,0.916732
11173,1000,0.10,900,3,35,1.2677,0.30,periodic,73,1022.00,0.420835
11174,1000,0.10,900,3,35,1.2192,0.30,periodic,74,1042.00,1.586755
11175,1000,0.10,900,3,35,1.2207,0.30,periodic,75,1007.00,3.023548
11176,1000,0.10,900,3,35,1.1994,0.30,periodic,76,1032.00,0.463633
11177,1000,0.10,900,3,35,1.2304,0.30,periodic,77,1039.00,0.677232
11178,1000,0.10,900,3,35,1.1968,0.30,periodic,78,1022.00,1.269007
11179,1000,0.10,900,3,35,1.1758,0.30,periodic,79,1029.00,0.938558
11180,1000,0.10,900,3,35,1.2310,0.30,periodic,80,1008.00,1.078891
11181,1000,0.10,900,3,35,1.1688,0.30,periodic,81,1041.00,0.837327
11182,1000,0.10,900,3,35,1.2551,0.30,periodic,82,1058.00,1.112302
11183,1000,0.10,900,3,35,1.2685,0.30,periodic,83,1073.00,0.611614
11184,1000,0.10,900,3,35,1.2195,0.30,periodic,84,1060.00,0.599504
11185,1000,0.10,900,3,35,1.2678,0.30,periodic,85,1035.00,1.181632
11186,1000,0.10,900,3,35,1.2297,0.30,periodic,86,1007.00,0.680694
11187,1000,0.10,900,3,35,1.2048,0.30,periodic,87,1028.00,0.632565
11188,1000,0.10,900,3,35,1.1956,0.30,periodic,88,1034.00,2.292544
11189,1000,0.10,900,3,35,1.2241,0.30,periodic,89,1031.00,0.298130
11190,1000,0.10,900,3,35,1.2259,0.30,periodic,90,1012.00,0.778348
11191,1000,0.10,900,3,35,1.2318,0.30,periodic,91,1016.00,0.620725
11192,1000,0.10,900,3,35,1.2306,0.30,periodic,92,1016.00,1.371536
11193,1000,0.10,900,3,35,1.2087,0.30,periodic,93,996.00,0.884144
11194,1000,0.10,900,3,35,1.3029,0.30,periodic,94,1010.00,0.471204
11195,1000,0.10,900,3,35,1.2262,0.30,periodic,95,1017.00,1.244033
11196,1000,0.10,900,3,35,1.2982,0.30,periodic,96,1004.00,1.290930
11197,1000,0.10,900,3,35,1.2316,0.30,periodic,97,992.00,2.210061
11198,1000,0.10,900,3,35,1.2369,0.30,periodic,98,1007.00,0.543230
11199,1000,0.10,900,3,35,1.2492,0.30,periodic,99,986.00,0.407179
11200,1000,0.10,900,3,35,1.2509,0.35,periodic,0,1024.00,1.769199
11201,1000,0.10,900,3,35,1.3024,0.35,periodic,1,1011.00,0.554980
11202,1000,0.10,900,3,35,1.2685,0.35,periodic,2,990.00,0.316778
11203,1000,0.10,900,3,35,1.2526,0.35,periodic,3,993.00,1.578092
11204,1000,0.10,900,3,35,1.2695,0.35,periodic,4,1013.00,0.644332
11205,1000,0.10,900,3,35,1.2675,0.35,periodic,5,1009.00,0.757788
11206,1000,0.10,900,3,35,1.2372,0.35,periodic,6,1017.00,0.731520
11207,1000,0.10,900,3,35,1.2230,0.35,periodic,7,1014.00,0.294736
11208,1000,0.10,900,3,35,1.2333,0.35,periodic,8,1011.00,2.149478
11209,1000,0.10,900,3,35,1.2105,0.35,periodic,9,1001.00,0.685471
11210,1000,0.10,900,3,35,1.2770,0.35,periodic,10,1011.00,1.329799
11211,1000,0.10,900,3,35,1.2221,0.35,periodic,11,1030.00,0.741118
11212,1000,0.10,900,3,35,1.2358,0.35,periodic,12,994.00,0.485184
11213,1000,0.10,900,3,35,1.2517,0.35,periodic,13,958.00,0.746259
11214,1000,0.10,900,3,35,1.2819,0.35,periodic,14,1015.00,1.019737
11215,1000,0.10,900,3,35,1.2351,0.35,periodic,15,1059.00,0.759193
11216,1000,0.10,900,3,35,1.2673,0.35,periodic,16,998.00,1.045001
11217,1000,0.10,900,3,35,1.2474,0.35,periodic,17,1039.00,2.152189
11218,1000,0.10,900,3,35,1.1947,0.35,periodic,18,1012.00,0.420977
11219,1000,0.10,900,3,35,1.1968,0.35,periodic,19,995.00,1.059725
11220,1000,0.10,900,3,35,1.2709,0.35,periodic,20,990.00,1.133404
11221,1000,0.10,900,3,35,1.2259,0.35,periodic,21,977.00,1.159812
11222,1000,0.10,900,3,35,1.2623,0.35,periodic,22,999.00,0.556701
11223,1000,0.10,900,3,35,1.2582,0.35,periodic,23,1004.00,0.664959
11224,1000,0.10,900,3,35,1.2714,0.35,periodic,24,961.00,1.779703
11225,1000,0.10,900,3,35,1.2190,0.35,periodic,25,999.00,0.433975
11226,1000,0.10,900,3,35,1.2203,0.35,periodic,26,1031.00,0.784533
11227,1000,0.10,900,3,35,1.2352,0.35,periodic,27,1013.00,0.657225
11228,1000,0.10,900,3,35,1.2452,0.35,periodic,28,989.00,1.692009
11229,1000,0.10,900,3,35,1.2081,0.35,periodic,29,985.00,1.256712
11230,1000,0.10,900,3,35,1.2176,0.35,periodic,30,971.00,0.531172
11231,1000,0.10,900,3,35,1.2376,0.35,periodic,31,1054.00,1.181856
11232,1000,0.10,900,3,35,1.2177,0.35,periodic,32,1022.00,1.374278
11233,1000,0.10,900,3,35,1.2807,0.35,periodic,33,980.00,0.366343
11234,1000,0.10,900,3,35,1.2299,0.35,periodic,34,1019.00,1.394332
11235,1000,0.10,900,3,35,1.2466,0.35,periodic,35,1021.00,0.861764
11236,1000,0.10,900,3,35,1.2394,0.35,periodic,36,1031.00,0.923777
11237,1000,0.10,900,3,35,1.1909,0.35,periodic,37,999.00,1.535712
11238,1000,0.10,900,3,35,1.2468,0.35,periodic,38,1007.00,1.019985
11239,1000,0.10,900,3,35,1.2237,0.35,periodic,39,1031.00,4.255506
11240,1000,0.10,900,3,35,1.2600,0.35,periodic,40,1004.00,1.143067
11241,1000,0.10,900,3,35,1.2402,0.35,periodic,41,1004.00,0.571319
11242,1000,0.10,900,3,35,1.3301,0.35,periodic,42,1024.00,0.713595
11243,1000,0.10,900,3,35,1.2718,0.35,periodic,43,959.00,0.659271
11244,1000,0.10,900,3,35,1.2312,0.35,periodic,44,1004.00,0.589243
11245,1000,0.10,900,3,35,1.2535,0.35,periodic,45,1005.00,1.068221
11246,1000,0.10,900,3,35,1.2298,0.35,periodic,46,1000.00,1.120191
11247,1000,0.10,900,3,35,1.2663,0.35,periodic,47,1026.00,1.049183
11248,1000,0.10,900,3,35,1.2572,0.35,periodic,48,1040.00,0.854013
11249,1000,0.10,900,3,35,1.2323,0.35,periodic,49,1019.00,0.810894
11250,1000,0.10,900,3,35,1.2727,0.35,periodic,50,992.00,0.734244
11251,1000,0.10,900,3,35,1.2341,0.35,periodic,51,1028.00,1.356604
11252,1000,0.10,900,3,35,1.2571,0.35,periodic,52,985.00,0.743352
11253,1000,0.10,900,3,35,1.2878,0.35,periodic,53,1006.00,0.742782
11254,1000,0.10,900,3,35,1.2879,0.35,periodic,54,1001.00,1.010146
11255,1000,0.10,900,3,35,1.2594,0.35,periodic,55,987.00,1.427328
11256,1000,0.10,900,3,35,1.2338,0.35,periodic,56,1020.00,0.836868
11257,1000,0.10,900,3,35,1.2321,0.35,periodic,57,994.00,0.535697
11258,1000,0.10,900,3,35,1.3108,0.35,periodic,58,1012.00,1.913012
11259,1000,0.10,900,3,35,1.2419,0.35,periodic,59,1009.00,0.757782
11260,1000,0.10,900,3,35,1.3207,0.35,periodic,60,1001.00,0.911888
11261,1000,0.10,900,3,35,1.2368,0.35,periodic,61,1005.00,1.221509
11262,1000,0.10,900,3,35,1.3130,0.35,periodic,62,1003.00,0.527580
11263,1000,0.10,900,3,35,1.2251,0.35,periodic,63,1046.00,0.883548
11264,1000,0.10,900,3,35,1.2296,0.35,periodic,64,996.00,1.580723
11265,1000,0.10,900,3,35,1.2074,0.35,periodic,65,1004.00,0.862002
11266,1000,0.10,900,3,35,1.2284,0.35,periodic,66,1022.00,0.731724
11267,1000,0.10,900,3,35,1.2072,0.35,periodic,67,985.00,0.860693
11268,1000,0.10,900,3,35,1.2700,0.35,periodic,68,1034.00,2.286006
11269,1000,0.10,900,3,35,1.2281,0.35,periodic,69,1048.00,1.019619
11270,1000,0.10,900,3,35,1.2677,0.35,periodic,70,1020.00,0.449122
11271,1000,0.10,900,3,35,1.2188,0.35,periodic,71,1027.00,0.747394
11272,1000,0.10,900,3,35,1.2669,0.35,periodic,72,1004.00,0.388169
11273,1000,0.10,900,3,35,1.2656,0.35,periodic,73,999.00,1.352516
11274,1000,0.10,900,3,35,1.2172,0.35,periodic,74,1047.00,0.723390
11275,1000,0.10,900,3,35,1.2391,0.35,periodic,75,1011.00,0.619446
11276,1000,0.10,900,3,35,1.2461,0.35,periodic,76,1008.00,1.301100
11277,1000,0.10,900,3,35,1.2610,0.35,periodic,77,978.00,1.647054
11278,1000,0.10,900,3,35,1.2323,0.35,periodic,78,1014.00,0.281832
11279,1000,0.10,900,3,35,1.2569,0.35,periodic,79,1002.00,0.901861
11280,1000,0.10,900,3,35,1.2536,0.35,periodic,80,1001.00,0.691412
11281,1000,0.10,900,3,35,1.2462,0.35,periodic,81,980.00,1.648543
11282,1000,0.10,900,3,35,1.2769,0.35,periodic,82,1026.00,0.452969
11283,1000,0.10,900,3,35,1.2774,0.35,periodic,83,983.00,1.666160
11284,1000,0.10,900,3,35,1.2936,0.35,periodic,84,994.00,0.834644
11285,1000,0.10,900,3,35,1.2092,0.35,periodic,85,956.00,1.163338
11286,1000,0.10,900,3,35,1.2669,0.35,periodic,86,971.00,0.842782
11287,1000,0.10,900,3,35,1.2371,0.35,periodic,87,1038.00,0.658010
11288,1000,0.10,900,3,35,1.2930,0.35,periodic,88,975.00,0.414194
11289,1000,0.10,900,3,35,1.2214,0.35,periodic,89,1036.00,1.179758
11290,1000,0.10,900,3,35,1.2284,0.35,periodic,90,1018.00,0.926951
11291,1000,0.10,900,3,35,1.2641,0.35,periodic,91,1028.00,1.160399
11292,1000,0.10,900,3,35,1.3065,0.35,periodic,92,972.00,0.545697
11293,1000,0.10,900,3,35,1.2505,0.35,periodic,93,1011.00,0.753734
11294,1000,0.10,900,3,35,1.2244,0.35,periodic,94,1007.00,0.605096
11295,1000,0.10,900,3,35,1.2626,0.35,periodic,95,999.00,1.061164
11296,1000,0.10,900,3,35,1.2244,0.35,periodic,96,985.00,0.416458
11297,1000,0.10,900,3,35,1.2482,0.35,periodic,97,1043.00,0.615482
11298,1000,0.10,900,3,35,1.2454,0.35,periodic,98,1010.00,1.961142
11299,1000,0.10,900,3,35,1.2385,0.35,periodic,99,1028.00,0.636660
11300,1000,0.10,900,3,35,1.2473,0.40,periodic,0,987.00,2.561423
11301,1000,0.10,900,3,35,1.2800,0.40,periodic,1,1022.00,2.001374
11302,1000,0.10,900,3,35,1.3121,0.40,periodic,2,974.00,0.826063
11303,1000,0.10,900,3,35,1.2867,0.40,periodic,3,990.00,0.821932
11304,1000,0.10,900,3,35,1.2566,0.40,periodic,4,993.00,0.991553
11305,1000,0.10,900,3,35,1.2433,0.40,periodic,5,1006.00,0.956893
11306,1000,0.10,900,3,35,1.2114,0.40,periodic,6,978.00,0.616716
11307,1000,0.10,900,3,35,1.2431,0.40,periodic,7,1027.00,1.091744
11308,1000,0.10,900,3,35,1.2782,0.40,periodic,8,980.00,0.618844
11309,1000,0.10,900,3,35,1.2490,0.40,periodic,9,1021.00,1.981975
11310,1000,0.10,900,3,35,1.2515,0.40,periodic,10,962.00,0.781518
11311,1000,0.10,900,3,35,1.2976,0.40,periodic,11,1055.00,0.602919
11312,1000,0.10,900,3,35,1.2246,0.40,periodic,12,1028.00,0.995711
11313,1000,0.10,900,3,35,1.2743,0.40,periodic,13,1020.00,0.557000
11314,1000,0.10,900,3,35,1.3187,0.40,periodic,14,1001.00,0.795243
11315,1000,0.10,900,3,35,1.2129,0.40,periodic,15,1017.00,2.302251
11316,1000,0.10,900,3,35,1.2294,0.40,periodic,16,1032.00,1.276123
11317,1000,0.10,900,3,35,1.2642,0.40,periodic,17,1024.00,2.074485
11318,1000,0.10,900,3,35,1.2936,0.40,periodic,18,999.00,1.265853
11319,1000,0.10,900,3,35,1.2643,0.40,periodic,19,1024.00,0.361379
11320,1000,0.10,900,3,35,1.2316,0.40,periodic,20,1016.00,0.868539
11321,1000,0.10,900,3,35,1.2799,0.40,periodic,21,1022.00,0.956857
11322,1000,0.10,900,3,35,1.3025,0.40,periodic,22,986.00,1.089986
11323,1000,0.10,900,3,35,1.3037,0.40,periodic,23,1011.00,0.510749
11324,1000,0.10,900,3,35,1.3126,0.40,periodic,24,1000.00,0.827584
11325,1000,0.10,900,3,35,1.2259,0.40,periodic,25,985.00,1.445482
11326,1000,0.10,900,3,35,1.2623,0.40,periodic,26,978.00,1.130085
11327,1000,0.10,900,3,35,1.2767,0.40,periodic,27,1013.00,0.872044
11328,1000,0.10,900,3,35,1.2250,0.40,periodic,28,1000.00,0.665328
11329,1000,0.10,900,3,35,1.3443,0.40,periodic,29,1024.00,1.173492
11330,1000,0.10,900,3,35,1.2138,0.40,periodic,30,996.00,1.742204
11331,1000,0.10,900,3,35,1.2864,0.40,periodic,31,951.00,0.982709
11332,1000,0.10,900,3,35,1.2606,0.40,periodic,32,1033.00,1.323359
11333,1000,0.10,900,3,35,1.2602,0.40,periodic,33,1006.00,1.232194
11334,1000,0.10,900,3,35,1.2568,0.40,periodic,34,1013.00,0.499812
11335,1000,0.10,900,3,35,1.2796,0.40,periodic,35,1054.00,1.539366
11336,1000,0.10,900,3,35,1.3186,0.40,periodic,36,1014.00,2.991084
11337,1000,0.10,900,3,35,1.2433,0.40,periodic,37,970.00,1.118767
11338,1000,0.10,900,3,35,1.2250,0.40,periodic,38,1026.00,1.006111
11339,1000,0.10,900,3,35,1.2493,0.40,periodic,39,1014.00,0.801554
11340,1000,0.10,900,3,35,1.2226,0.40,periodic,40,1032.00,0.600161
11341,1000,0.10,900,3,35,1.2103,0.40,periodic,41,1012.00,3.268961
11342,1000,0.10,900,3,35,1.2918,0.40,periodic,42,1011.00,1.185368
11343,1000,0.10,900,3,35,1.2357,0.40,periodic,43,1029.00,0.579230
11344,1000,0.10,900,3,35,1.3148,0.40,periodic,44,1007.00,0.656977
11345,1000,0.10,900,3,35,1.2106,0.40,periodic,45,1001.00,2.669266
11346,1000,0.10,900,3,35,1.2799,0.40,periodic,46,1001.00,1.007057
11347,1000,0.10,900,3,35,1.2622,0.40,periodic,47,986.00,1.284055
11348,1000,0.10,900,3,35,1.2253,0.40,periodic,48,1017.00,0.623366
11349,1000,0.10,900,3,35,1.2583,0.40,periodic,49,999.00,1.361359
11350,1000,0.10,900,3,35,1.2967,0.40,periodic,50,1004.00,1.117553
11351,1000,0.10,900,3,35,1.2359,0.40,periodic,51,1023.00,0.563698
11352,1000,0.10,900,3,35,1.2420,0.40,periodic,52,984.00,0.823902
11353,1000,0.10,900,3,35,1.2613,0.40,periodic,53,1026.00,0.477999
11354,1000,0.10,900,3,35,1.2727,0.40,periodic,54,1004.00,0.611021
11355,1000,0.10,900,3,35,1.3144,0.40,periodic,55,1039.00,0.511822
11356,1000,0.10,900,3,35,1.3240,0.40,periodic,56,1000.00,0.834500
11357,1000,0.10,900,3,35,1.2803,0.40,periodic,57,978.00,0.756672
11358,1000,0.10,900,3,35,1.2703,0.40,periodic,58,1028.00,0.552314
11359,1000,0.10,900,3,35,1.2022,0.40,periodic,59,1039.00,0.991920
11360,1000,0.10,900,3,35,1.3191,0.40,periodic,60,996.00,1.619345
11361,1000,0.10,900,3,35,1.2469,0.40,periodic,61,1026.00,0.636807
11362,1000,0.10,900,3,35,1.2495,0.40,periodic,62,1037.00,1.376583
11363,1000,0.10,900,3,35,1.2807,0.40,periodic,63,961.00,0.516441
11364,1000,0.10,900,3,35,1.2803,0.40,periodic,64,1034.00,0.828509
11365,1000,0.10,900,3,35,1.2597,0.40,periodic,65,1018.00,1.538291
11366,1000,0.10,900,3,35,1.2533,0.40,periodic,66,975.00,0.673567
11367,1000,0.10,900,3,35,1.2662,0.40,periodic,67,1005.00,0.819535
11368,1000,0.10,900,3,35,1.2805,0.40,periodic,68,1033.00,1.580927
11369,1000,0.10,900,3,35,1.2837,0.40,periodic,69,975.00,1.173405
11370,1000,0.10,900,3,35,1.3069,0.40,periodic,70,1041.00,1.890540
11371,1000,0.10,900,3,35,1.3391,0.40,periodic,71,1037.00,1.220577
11372,1000,0.10,900,3,35,1.2499,0.40,periodic,72,1020.00,1.847373
11373,1000,0.10,900,3,35,1.3286,0.40,periodic,73,1019.00,1.687656
11374,1000,0.10,900,3,35,1.2605,0.40,periodic,74,1047.00,2.526039
11375,1000,0.10,900,3,35,1.2813,0.40,periodic,75,1022.00,2.334325
11376,1000,0.10,900,3,35,1.2544,0.40,periodic,76,979.00,0.859951
11377,1000,0.10,900,3,35,1.2874,0.40,periodic,77,1001.00,0.484374
11378,1000,0.10,900,3,35,1.2228,0.40,periodic,78,1004.00,1.200008
11379,1000,0.10,900,3,35,1.2673,0.40,periodic,79,1047.00,1.098452
11380,1000,0.10,900,3,35,1.2497,0.40,periodic,80,1009.00,1.512569
11381,1000,0.10,900,3,35,1.2220,0.40,periodic,81,1005.00,0.616171
11382,1000,0.10,900,3,35,1.3283,0.40,periodic,82,1028.00,0.802741
11383,1000,0.10,900,3,35,1.2755,0.40,periodic,83,1022.00,1.262656
11384,1000,0.10,900,3,35,1.2896,0.40,periodic,84,985.00,0.748309
11385,1000,0.10,900,3,35,1.3293,0.40,periodic,85,1008.00,0.773388
11386,1000,0.10,900,3,35,1.2292,0.40,periodic,86,1055.00,1.395362
11387,1000,0.10,900,3,35,1.2445,0.40,periodic,87,993.00,1.357679
11388,1000,0.10,900,3,35,1.2681,0.40,periodic,88,992.00,0.707795
11389,1000,0.10,900,3,35,1.2567,0.40,periodic,89,1045.00,1.218366
11390,1000,0.10,900,3,35,1.2118,0.40,periodic,90,1021.00,0.927021
11391,1000,0.10,900,3,35,1.2248,0.40,periodic,91,1002.00,0.729577
11392,1000,0.10,900,3,35,1.2995,0.40,periodic,92,992.00,3.705218
11393,1000,0.10,900,3,35,1.2142,0.40,periodic,93,1015.00,0.585024
11394,1000,0.10,900,3,35,1.2620,0.40,periodic,94,976.00,0.501891
11395,1000,0.10,900,3,35,1.2492,0.40,periodic,95,992.00,0.406475
11396,1000,0.10,900,3,35,1.2900,0.40,periodic,96,1004.00,1.363471
11397,1000,0.10,900,3,35,1.2860,0.40,periodic,97,970.00,1.203392
11398,1000,0.10,900,3,35,1.2324,0.40,periodic,98,1004.00,1.138402
11399,1000,0.10,900,3,35,1.3519,0.40,periodic,99,997.00,1.195468
11400,1000,0.10,900,3,35,1.2442,0.45,periodic,0,1015.00,1.293195
11401,1000,0.10,900,3,35,1.2932,0.45,periodic,1,994.00,2.200175
11402,1000,0.10,900,3,35,1.2281,0.45,periodic,2,1024.00,1.428342
11403,1000,0.10,900,3,35,1.2414,0.45,periodic,3,1031.00,2.122316
11404,1000,0.10,900,3,35,1.3046,0.45,periodic,4,966.00,0.469580
11405,1000,0.10,900,3,35,1.2849,0.45,periodic,5,991.00,0.986118
11406,1000,0.10,900,3,35,1.3510,0.45,periodic,6,965.00,1.158028
11407,1000,0.10,900,3,35,1.3002,0.45,periodic,7,1001.00,0.717740
11408,1000,0.10,900,3,35,1.3366,0.45,periodic,8,981.00,2.358604
11409,1000,0.10,900,3,35,1.2721,0.45,periodic,9,981.00,0.822246
11410,1000,0.10,900,3,35,1.3260,0.45,periodic,10,1037.00,0.858021
11411,1000,0.10,900,3,35,1.2779,0.45,periodic,11,981.00,1.101269
11412,1000,0.10,900,3,35,1.2721,0.45,periodic,12,967.00,0.618402
11413,1000,0.10,900,3,35,1.3043,0.45,periodic,13,1016.00,3.327114
11414,1000,0.10,900,3,35,1.2502,0.45,periodic,14,967.00,0.854028
11415,1000,0.10,900,3,35,1.2332,0.45,periodic,15,1046.00,1.009216
11416,1000,0.10,900,3,35,1.3153,0.45,periodic,16,999.00,1.299893
11417,1000,0.10,900,3,35,1.3604,0.45,periodic,17,1005.00,1.453794
11418,1000,0.10,900,3,35,1.2861,0.45,periodic,18,1029.00,1.000233
11419,1000,0.10,900,3,35,1.3000,0.45,periodic,19,1014.00,1.237978
11420,1000,0.10,900,3,35,1.2683,0.45,periodic,20,1003.00,0.754912
11421,1000,0.10,900,3,35,1.2888,0.45,periodic,21,993.00,1.265123
11422,1000,0.10,900,3,35,1.2609,0.45,periodic,22,968.00,0.614636
11423,1000,0.10,900,3,35,1.3004,0.45,periodic,23,1013.00,0.729211
11424,1000,0.10,900,3,35,1.2655,0.45,periodic,24,1031.00,0.772946
11425,1000,0.10,900,3,35,1.2545,0.45,periodic,25,985.00,0.741181
11426,1000,0.10,900,3,35,1.2659,0.45,periodic,26,990.00,4.480356
11427,1000,0.10,900,3,35,1.3089,0.45,periodic,27,998.00,0.833597
11428,1000,0.10,900,3,35,1.2956,0.45,periodic,28,995.00,1.680427
11429,1000,0.10,900,3,35,1.3328,0.45,periodic,29,988.00,1.421323
11430,1000,0.10,900,3,35,1.2875,0.45,periodic,30,1018.00,0.949137
11431,1000,0.10,900,3,35,1.2836,0.45,periodic,31,1020.00,1.772634
11432,1000,0.10,900,3,35,1.2538,0.45,periodic,32,1005.00,1.195576
11433,1000,0.10,900,3,35,1.2759,0.45,periodic,33,997.00,1.247632
11434,1000,0.10,900,3,35,1.2691,0.45,periodic,34,1039.00,0.623583
11435,1000,0.10,900,3,35,1.2587,0.45,periodic,35,1003.00,1.289334
11436,1000,0.10,900,3,35,1.2503,0.45,periodic,36,967.00,1.633268
11437,1000,0.10,900,3,35,1.2836,0.45,periodic,37,977.00,0.404884
11438,1000,0.10,900,3,35,1.2586,0.45,periodic,38,995.00,1.573818
11439,1000,0.10,900,3,35,1.3047,0.45,periodic,39,990.00,0.858378
11440,1000,0.10,900,3,35,1.3164,0.45,periodic,40,994.00,1.212559
11441,1000,0.10,900,3,35,1.3107,0.45,periodic,41,999.00,1.961796
11442,1000,0.10,900,3,35,1.2690,0.45,periodic,42,1013.00,1.401454
11443,1000,0.10,900,3,35,1.2321,0.45,periodic,43,1014.00,1.996805
11444,1000,0.10,900,3,35,1.2926,0.45,periodic,44,1001.00,3.003799
11445,1000,0.10,900,3,35,1.2549,0.45,periodic,45,1014.00,1.116619
11446,1000,0.10,900,3,35,1.3432,0.45,periodic,46,1015.00,0.781262
11447,1000,0.10,900,3,35,1.2643,0.45,periodic,47,1013.00,0.842122
11448,1000,0.10,900,3,35,1.2794,0.45,periodic,48,1024.00,0.839874
11449,1000,0.10,900,3,35,1.3081,0.45,periodic,49,1022.00,1.021065
11450,1000,0.10,900,3,35,1.2921,0.45,periodic,50,1030.00,1.385883
11451,1000,0.10,900,3,35,1.3204,0.45,periodic,51,983.00,0.639136
11452,1000,0.10,900,3,35,1.2688,0.45,periodic,52,1047.00,2.486444
11453,1000,0.10,900,3,35,1.2868,0.45,periodic,53,1020.00,0.778090
11454,1000,0.10,900,3,35,1.2581,0.45,periodic,54,997.00,0.465736
11455,1000,0.10,900,3,35,1.2985,0.45,periodic,55,1041.00,0.788565
11456,1000,0.10,900,3,35,1.2776,0.45,periodic,56,1017.00,1.137694
11457,1000,0.10,900,3,35,1.2631,0.45,periodic,57,1028.00,2.977192
11458,1000,0.10,900,3,35,1.2948,0.45,periodic,58,1009.00,1.241437
11459,1000,0.10,900,3,35,1.3177,0.45,periodic,59,1005.00,0.624827
11460,1000,0.10,900,3,35,1.2315,0.45,periodic,60,1007.00,0.905451
11461,1000,0.10,900,3,35,1.3160,0.45,periodic,61,1009.00,0.768872
11462,1000,0.10,900,3,35,1.2913,0.45,periodic,62,997.00,0.970646
11463,1000,0.10,900,3,35,1.3419,0.45,periodic,63,970.00,2.711774
11464,1000,0.10,900,3,35,1.2972,0.45,periodic,64,984.00,1.388965
11465,1000,0.10,900,3,35,1.2419,0.45,periodic,65,1022.00,2.089464
11466,1000,0.10,900,3,35,1.2585,0.45,periodic,66,1028.00,0.843302
11467,1000,0.10,900,3,35,1.2065,0.45,periodic,67,989.00,1.201413
11468,1000,0.10,900,3,35,1.2546,0.45,periodic,68,991.00,1.619059
11469,1000,0.10,900,3,35,1.3098,0.45,periodic,69,999.00,1.309260
11470,1000,0.10,900,3,35,1.2408,0.45,periodic,70,1064.00,3.162483
11471,1000,0.10,900,3,35,1.2949,0.45,periodic,71,1025.00,0.619684
11472,1000,0.10,900,3,35,1.2587,0.45,periodic,72,989.00,0.861155
11473,1000,0.10,900,3,35,1.2467,0.45,periodic,73,1054.00,1.289003
11474,1000,0.10,900,3,35,1.3010,0.45,periodic,74,1031.00,2.449691
11475,1000,0.10,900,3,35,1.2922,0.45,periodic,75,1035.00,0.877725
11476,1000,0.10,900,3,35,1.2557,0.45,periodic,76,995.00,1.646797
11477,1000,0.10,900,3,35,1.2851,0.45,periodic,77,1025.00,0.585069
11478,1000,0.10,900,3,35,1.2802,0.45,periodic,78,1014.00,1.702037
11479,1000,0.10,900,3,35,1.2514,0.45,periodic,79,999.00,1.558159
11480,1000,0.10,900,3,35,1.2427,0.45,periodic,80,1019.00,0.815852
11481,1000,0.10,900,3,35,1.2123,0.45,periodic,81,1016.00,0.918768
11482,1000,0.10,900,3,35,1.3048,0.45,periodic,82,998.00,2.041703
11483,1000,0.10,900,3,35,1.2783,0.45,periodic,83,1005.00,1.295707
11484,1000,0.10,900,3,35,1.2819,0.45,periodic,84,1038.00,0.780690
11485,1000,0.10,900,3,35,1.2750,0.45,periodic,85,1012.00,0.791108
11486,1000,0.10,900,3,35,1.3036,0.45,periodic,86,997.00,1.230530
11487,1000,0.10,900,3,35,1.2725,0.45,periodic,87,1005.00,1.711876
11488,1000,0.10,900,3,35,1.2955,0.45,periodic,88,998.00,1.443221
11489,1000,0.10,900,3,35,1.3273,0.45,periodic,89,1014.00,1.415767
11490,1000,0.10,900,3,35,1.2563,0.45,periodic,90,956.00,1.538354
11491,1000,0.10,900,3,35,1.2676,0.45,periodic,91,1038.00,1.691836
11492,1000,0.10,900,3,35,1.3282,0.45,periodic,92,982.00,0.773624
11493,1000,0.10,900,3,35,1.3169,0.45,periodic,93,1029.00,1.115543
11494,1000,0.10,900,3,35,1.3486,0.45,periodic,94,979.00,1.061887
11495,1000,0.10,900,3,35,1.2816,0.45,periodic,95,1013.00,0.832464
11496,1000,0.10,900,3,35,1.3118,0.45,periodic,96,1026.00,1.037232
11497,1000,0.10,900,3,35,1.2816,0.45,periodic,97,1007.00,1.084511
11498,1000,0.10,900,3,35,1.2253,0.45,periodic,98,1023.00,0.882354
11499,1000,0.10,900,3,35,1.2544,0.45,periodic,99,1037.00,3.102081
11500,1000,0.10,900,3,35,1.3459,0.50,periodic,0,1014.00,1.693177
11501,1000,0.10,900,3,35,1.2973,0.50,periodic,1,993.00,1.389254
11502,1000,0.10,900,3,35,1.2658,0.50,periodic,2,1001.00,0.572728
11503,1000,0.10,900,3,35,1.3352,0.50,periodic,3,1036.00,1.716204
11504,1000,0.10,900,3,35,1.2894,0.50,periodic,4,1011.00,1.536054
11505,1000,0.10,900,3,35,1.2996,0.50,periodic,5,1015.00,1.309130
11506,1000,0.10,900,3,35,1.2635,0.50,periodic,6,988.00,1.707220
11507,1000,0.10,900,3,35,1.3217,0.50,periodic,7,1054.00,0.828220
11508,1000,0.10,900,3,35,1.3131,0.50,periodic,8,1016.00,1.888131
11509,1000,0.10,900,3,35,1.2311,0.50,periodic,9,999.00,1.052808
11510,1000,0.10,900,3,35,1.2680,0.50,periodic,10,993.00,1.125342
11511,1000,0.10,900,3,35,1.2897,0.50,periodic,11,1021.00,0.710802
11512,1000,0.10,900,3,35,1.2757,0.50,periodic,12,1000.00,1.240821
11513,1000,0.10,900,3,35,1.2782,0.50,periodic,13,980.00,2.299733
11514,1000,0.10,900,3,35,1.2628,0.50,periodic,14,1030.00,1.541322
11515,1000,0.10,900,3,35,1.2896,0.50,periodic,15,1015.00,0.847670
11516,1000,0.10,900,3,35,1.2970,0.50,periodic,16,1017.00,1.181379
11517,1000,0.10,900,3,35,1.2632,0.50,periodic,17,969.00,1.493896
11518,1000,0.10,900,3,35,1.3285,0.50,periodic,18,962.00,2.131080
11519,1000,0.10,900,3,35,1.3084,0.50,periodic,19,1038.00,1.053753
11520,1000,0.10,900,3,35,1.2835,0.50,periodic,20,1005.00,1.763247
11521,1000,0.10,900,3,35,1.2955,0.50,periodic,21,1037.00,1.781355
11522,1000,0.10,900,3,35,1.2906,0.50,periodic,22,1020.00,0.693330
11523,1000,0.10,900,3,35,1.2980,0.50,periodic,23,1005.00,1.958563
11524,1000,0.10,900,3,35,1.3386,0.50,periodic,24,998.00,1.663689
11525,1000,0.10,900,3,35,1.2742,0.50,periodic,25,1028.00,1.689272
11526,1000,0.10,900,3,35,1.2596,0.50,periodic,26,1058.00,1.603633
11527,1000,0.10,900,3,35,1.3100,0.50,periodic,27,1030.00,0.825694
11528,1000,0.10,900,3,35,1.2676,0.50,periodic,28,1023.00,2.207415
11529,1000,0.10,900,3,35,1.2327,0.50,periodic,29,1039.00,3.489165
11530,1000,0.10,900,3,35,1.2922,0.50,periodic,30,1054.00,1.241582
11531,1000,0.10,900,3,35,1.3008,0.50,periodic,31,1032.00,1.210832
11532,1000,0.10,900,3,35,1.2929,0.50,periodic,32,972.00,2.234722
11533,1000,0.10,900,3,35,1.2793,0.50,periodic,33,985.00,0.861025
11534,1000,0.10,900,3,35,1.3434,0.50,periodic,34,972.00,1.662482
11535,1000,0.10,900,3,35,1.2731,0.50,periodic,35,1018.00,1.779365
11536,1000,0.10,900,3,35,1.2943,0.50,periodic,36,970.00,1.038331
11537,1000,0.10,900,3,35,1.2831,0.50,periodic,37,1041.00,1.658930
11538,1000,0.10,900,3,35,1.2599,0.50,periodic,38,1027.00,1.080363
11539,1000,0.10,900,3,35,1.2600,0.50,periodic,39,1013.00,2.104793
11540,1000,0.10,900,3,35,1.3286,0.50,periodic,40,973.00,1.804712
11541,1000,0.10,900,3,35,1.3438,0.50,periodic,41,983.00,0.576909
11542,1000,0.10,900,3,35,1.2377,0.50,periodic,42,982.00,0.787088
11543,1000,0.10,900,3,35,1.2624,0.50,periodic,43,1024.00,1.049050
11544,1000,0.10,900,3,35,1.3533,0.50,periodic,44,1018.00,0.942814
11545,1000,0.10,900,3,35,1.2999,0.50,periodic,45,1029.00,0.768580
11546,1000,0.10,900,3,35,1.2378,0.50,periodic,46,1020.00,0.890383
11547,1000,0.10,900,3,35,1.3448,0.50,periodic,47,993.00,1.087491
11548,1000,0.10,900,3,35,1.2546,0.50,periodic,48,985.00,2.341136
11549,1000,0.10,900,3,35,1.3555,0.50,periodic,49,981.00,0.703531
11550,1000,0.10,900,3,35,1.3470,0.50,periodic,50,995.00,1.585587
11551,1000,0.10,900,3,35,1.3313,0.50,periodic,51,1013.00,0.534383
11552,1000,0.10,900,3,35,1.3333,0.50,periodic,52,1006.00,0.923691
11553,1000,0.10,900,3,35,1.3347,0.50,periodic,53,965.00,0.708065
11554,1000,0.10,900,3,35,1.3189,0.50,periodic,54,991.00,0.613189
11555,1000,0.10,900,3,35,1.2717,0.50,periodic,55,1041.00,0.798675
11556,1000,0.10,900,3,35,1.3305,0.50,periodic,56,994.00,0.890892
11557,1000,0.10,900,3,35,1.2833,0.50,periodic,57,1025.00,1.369733
11558,1000,0.10,900,3,35,1.3128,0.50,periodic,58,1017.00,0.902310
11559,1000,0.10,900,3,35,1.2983,0.50,periodic,59,975.00,1.175538
11560,1000,0.10,900,3,35,1.3041,0.50,periodic,60,987.00,1.533185
11561,1000,0.10,900,3,35,1.3021,0.50,periodic,61,1035.00,2.103911
11562,1000,0.10,900,3,35,1.2721,0.50,periodic,62,1004.00,1.448904
11563,1000,0.10,900,3,35,1.3299,0.50,periodic,63,1019.00,0.785959
11564,1000,0.10,900,3,35,1.2998,0.50,periodic,64,1000.00,0.942754
11565,1000,0.10,900,3,35,1.3381,0.50,periodic,65,992.00,1.567136
11566,1000,0.10,900,3,35,1.3229,0.50,periodic,66,1014.00,1.605381
11567,1000,0.10,900,3,35,1.2926,0.50,periodic,67,1018.00,1.730876
11568,1000,0.10,900,3,35,1.2787,0.50,periodic,68,1013.00,1.057046
11569,1000,0.10,900,3,35,1.2819,0.50,periodic,69,1004.00,1.837291
11570,1000,0.10,900,3,35,1.2944,0.50,periodic,70,1049.00,1.093365
11571,1000,0.10,900,3,35,1.2564,0.50,periodic,71,984.00,0.801900
11572,1000,0.10,900,3,35,1.2594,0.50,periodic,72,1001.00,1.862985
11573,1000,0.10,900,3,35,1.3235,0.50,periodic,73,1010.00,0.720218
11574,1000,0.10,900,3,35,1.2899,0.50,periodic,74,1046.00,0.606499
11575,1000,0.10,900,3,35,1.2861,0.50,periodic,75,977.00,1.939956
11576,1000,0.10,900,3,35,1.2862,0.50,periodic,76,986.00,0.905871
11577,1000,0.10,900,3,35,1.2844,0.50,periodic,77,1018.00,3.028457
11578,1000,0.10,900,3,35,1.3005,0.50,periodic,78,996.00,1.825975
11579,1000,0.10,900,3,35,1.3126,0.50,periodic,79,994.00,1.228494
11580,1000,0.10,900,3,35,1.2575,0.50,periodic,80,1049.00,1.821845
11581,1000,0.10,900,3,35,1.3198,0.50,periodic,81,984.00,0.997954
11582,1000,0.10,900,3,35,1.3245,0.50,periodic,82,1006.00,0.741054
11583,1000,0.10,900,3,35,1.2896,0.50,periodic,83,998.00,1.387129
11584,1000,0.10,900,3,35,1.3201,0.50,periodic,84,1001.00,1.633309
11585,1000,0.10,900,3,35,1.2720,0.50,periodic,85,1028.00,0.697912
11586,1000,0.10,900,3,35,1.2952,0.50,periodic,86,1020.00,2.142135
11587,1000,0.10,900,3,35,1.2874,0.50,periodic,87,1011.00,0.730793
11588,1000,0.10,900,3,35,1.2952,0.50,periodic,88,1011.00,0.910357
11589,1000,0.10,900,3,35,1.2697,0.50,periodic,89,1009.00,0.906816
11590,1000,0.10,900,3,35,1.3228,0.50,periodic,90,992.00,1.700780
11591,1000,0.10,900,3,35,1.2545,0.50,periodic,91,1004.00,0.692433
11592,1000,0.10,900,3,35,1.3284,0.50,periodic,92,1022.00,0.903207
11593,1000,0.10,900,3,35,1.3158,0.50,periodic,93,1022.00,0.660205
11594,1000,0.10,900,3,35,1.3815,0.50,periodic,94,1026.00,1.228859
11595,1000,0.10,900,3,35,1.3589,0.50,periodic,95,996.00,0.898099
11596,1000,0.10,900,3,35,1.3233,0.50,periodic,96,993.00,1.510415
11597,1000,0.10,900,3,35,1.3359,0.50,periodic,97,1053.00,2.531298
11598,1000,0.10,900,3,35,1.3324,0.50,periodic,98,985.00,0.844534
11599,1000,0.10,900,3,35,1.3183,0.50,periodic,99,974.00,2.544278
11600,1000,0.10,900,3,35,1.2947,0.55,periodic,0,997.00,1.116869
11601,1000,0.10,900,3,35,1.2575,0.55,periodic,1,998.00,2.252406
11602,1000,0.10,900,3,35,1.3647,0.55,periodic,2,1045.00,1.781348
11603,1000,0.10,900,3,35,1.3356,0.55,periodic,3,1044.00,1.332790
11604,1000,0.10,900,3,35,1.3366,0.55,periodic,4,996.00,2.134313
11605,1000,0.10,900,3,35,1.3124,0.55,periodic,5,1011.00,1.693931
11606,1000,0.10,900,3,35,1.3036,0.55,periodic,6,1020.00,0.876581
11607,1000,0.10,900,3,35,1.2964,0.55,periodic,7,1009.00,1.013891
11608,1000,0.10,900,3,35,1.2935,0.55,periodic,8,1010.00,1.098794
11609,1000,0.10,900,3,35,1.3368,0.55,periodic,9,1034.00,0.979552
11610,1000,0.10,900,3,35,1.3062,0.55,periodic,10,978.00,1.025352
11611,1000,0.10,900,3,35,1.3380,0.55,periodic,11,969.00,0.862590
11612,1000,0.10,900,3,35,1.2869,0.55,periodic,12,1007.00,0.917030
11613,1000,0.10,900,3,35,1.2948,0.55,periodic,13,1017.00,4.314385
11614,1000,0.10,900,3,35,1.2784,0.55,periodic,14,1013.00,1.002117
11615,1000,0.10,900,3,35,1.3226,0.55,periodic,15,1024.00,1.128387
11616,1000,0.10,900,3,35,1.3670,0.55,periodic,16,1047.00,1.053602
11617,1000,0.10,900,3,35,1.3283,0.55,periodic,17,974.00,1.413823
11618,1000,0.10,900,3,35,1.3193,0.55,periodic,18,1050.00,1.169032
11619,1000,0.10,900,3,35,1.2661,0.55,periodic,19,1010.00,0.844958
11620,1000,0.10,900,3,35,1.3082,0.55,periodic,20,951.00,1.943921
11621,1000,0.10,900,3,35,1.3221,0.55,periodic,21,986.00,0.865307
11622,1000,0.10,900,3,35,1.2696,0.55,periodic,22,966.00,1.117163
11623,1000,0.10,900,3,35,1.3313,0.55,periodic,23,1035.00,1.007519
11624,1000,0.10,900,3,35,1.2811,0.55,periodic,24,981.00,1.673452
11625,1000,0.10,900,3,35,1.3154,0.55,periodic,25,1027.00,1.258500
11626,1000,0.10,900,3,35,1.2701,0.55,periodic,26,981.00,1.790172
11627,1000,0.10,900,3,35,1.3075,0.55,periodic,27,1006.00,1.170695
11628,1000,0.10,900,3,35,1.3118,0.55,periodic,28,1003.00,1.010837
11629,1000,0.10,900,3,35,1.3432,0.55,periodic,29,1020.00,1.270357
11630,1000,0.10,900,3,35,1.2694,0.55,periodic,30,998.00,2.247632
11631,1000,0.10,900,3,35,1.2490,0.55,periodic,31,999.00,0.766850
11632,1000,0.10,900,3,35,1.2645,0.55,periodic,32,966.00,0.943698
11633,1000,0.10,900,3,35,1.3017,0.55,periodic,33,1030.00,1.183519
11634,1000,0.10,900,3,35,1.2990,0.55,periodic,34,981.00,0.770803
11635,1000,0.10,900,3,35,1.2816,0.55,periodic,35,964.00,0.969192
11636,1000,0.10,900,3,35,1.2787,0.55,periodic,36,1023.00,2.454640
11637,1000,0.10,900,3,35,1.3224,0.55,periodic,37,1008.00,1.055598
11638,1000,0.10,900,3,35,1.3333,0.55,periodic,38,1001.00,0.861634
11639,1000,0.10,900,3,35,1.3223,0.55,periodic,39,1021.00,1.609111
11640,1000,0.10,900,3,35,1.3120,0.55,periodic,40,1035.00,2.658488
11641,1000,0.10,900,3,35,1.2920,0.55,periodic,41,996.00,2.693869
11642,1000,0.10,900,3,35,1.3342,0.55,periodic,42,989.00,2.871296
11643,1000,0.10,900,3,35,1.2880,0.55,periodic,43,1001.00,0.703084
11644,1000,0.10,900,3,35,1.2646,0.55,periodic,44,1031.00,1.115840
11645,1000,0.10,900,3,35,1.2815,0.55,periodic,45,975.00,1.010563
11646,1000,0.10,900,3,35,1.2411,0.55,periodic,46,949.00,1.810345
11647,1000,0.10,900,3,35,1.3065,0.55,periodic,47,992.00,1.815980
11648,1000,0.10,900,3,35,1.2466,0.55,periodic,48,995.00,1.588758
11649,1000,0.10,900,3,35,1.2768,0.55,periodic,49,999.00,1.341248
11650,1000,0.10,900,3,35,1.3356,0.55,periodic,50,1007.00,1.070321
11651,1000,0.10,900,3,35,1.2521,0.55,periodic,51,985.00,1.367977
11652,1000,0.10,900,3,35,1.3002,0.55,periodic,52,992.00,0.852338
11653,1000,0.10,900,3,35,1.3415,0.55,periodic,53,999.00,1.768444
11654,1000,0.10,900,3,35,1.3047,0.55,periodic,54,1001.00,1.946643
11655,1000,0.10,900,3,35,1.3021,0.55,periodic,55,1047.00,1.512669
11656,1000,0.10,900,3,35,1.3240,0.55,periodic,56,1024.00,3.354253
11657,1000,0.10,900,3,35,1.2619,0.55,periodic,57,1001.00,0.695643
11658,1000,0.10,900,3,35,1.2651,0.55,periodic,58,981.00,2.234204
11659,1000,0.10,900,3,35,1.3168,0.55,periodic,59,1029.00,1.785544
11660,1000,0.10,900,3,35,1.3467,0.55,periodic,60,1043.00,1.429167
11661,1000,0.10,900,3,35,1.3251,0.55,periodic,61,1019.00,1.589209
11662,1000,0.10,900,3,35,1.3114,0.55,periodic,62,1041.00,1.568036
11663,1000,0.10,900,3,35,1.3358,0.55,periodic,63,988.00,1.527393
11664,1000,0.10,900,3,35,1.3237,0.55,periodic,64,1026.00,1.842646
11665,1000,0.10,900,3,35,1.3034,0.55,periodic,65,992.00,0.846735
11666,1000,0.10,900,3,35,1.3684,0.55,periodic,66,996.00,1.107749
11667,1000,0.10,900,3,35,1.2827,0.55,periodic,67,1003.00,0.945099
11668,1000,0.10,900,3,35,1.3151,0.55,periodic,68,1000.00,1.341332
11669,1000,0.10,900,3,35,1.3363,0.55,periodic,69,1009.00,1.636466
11670,1000,0.10,900,3,35,1.2950,0.55,periodic,70,1025.00,1.194136
11671,1000,0.10,900,3,35,1.2679,0.55,periodic,71,995.00,1.425781
11672,1000,0.10,900,3,35,1.3258,0.55,periodic,72,1009.00,1.784185
11673,1000,0.10,900,3,35,1.2934,0.55,periodic,73,976.00,1.596268
11674,1000,0.10,900,3,35,1.2373,0.55,periodic,74,1002.00,1.541939
11675,1000,0.10,900,3,35,1.3046,0.55,periodic,75,996.00,0.934326
11676,1000,0.10,900,3,35,1.2698,0.55,periodic,76,1025.00,0.958389
11677,1000,0.10,900,3,35,1.3327,0.55,periodic,77,984.00,0.628645
11678,1000,0.10,900,3,35,1.2571,0.55,periodic,78,987.00,2.426492
11679,1000,0.10,900,3,35,1.3395,0.55,periodic,79,1009.00,3.896551
11680,1000,0.10,900,3,35,1.3414,0.55,periodic,80,995.00,0.913568
11681,1000,0.10,900,3,35,1.3310,0.55,periodic,81,1005.00,0.944366
11682,1000,0.10,900,3,35,1.2648,0.55,periodic,82,1022.00,1.028625
11683,1000,0.10,900,3,35,1.3230,0.55,periodic,83,1011.00,1.106842
11684,1000,0.10,900,3,35,1.3038,0.55,periodic,84,1058.00,0.839594
11685,1000,0.10,900,3,35,1.2842,0.55,periodic,85,1003.00,1.045774
11686,1000,0.10,900,3,35,1.3307,0.55,periodic,86,974.00,1.812447
11687,1000,0.10,900,3,35,1.3117,0.55,periodic,87,994.00,1.552397
11688,1000,0.10,900,3,35,1.3056,0.55,periodic,88,991.00,1.045963
11689,1000,0.10,900,3,35,1.3023,0.55,periodic,89,972.00,1.000208
11690,1000,0.10,900,3,35,1.3170,0.55,periodic,90,1015.00,1.905670
11691,1000,0.10,900,3,35,1.3388,0.55,periodic,91,1016.00,0.853487
11692,1000,0.10,900,3,35,1.3669,0.55,periodic,92,996.00,1.356793
11693,1000,0.10,900,3,35,1.3477,0.55,periodic,93,1010.00,1.340203
11694,1000,0.10,900,3,35,1.3392,0.55,periodic,94,998.00,0.982477
11695,1000,0.10,900,3,35,1.3374,0.55,periodic,95,985.00,1.112018
11696,1000,0.10,900,3,35,1.2790,0.55,periodic,96,996.00,0.728843
11697,1000,0.10,900,3,35,1.2887,0.55,periodic,97,1029.00,1.296041
11698,1000,0.10,900,3,35,1.3611,0.55,periodic,98,994.00,3.390241
11699,1000,0.10,900,3,35,1.3645,0.55,periodic,99,1009.00,2.008968
11700,1000,0.10,900,3,35,1.3145,0.60,periodic,0,985.00,1.333378
11701,1000,0.10,900,3,35,1.3153,0.60,periodic,1,999.00,1.865513
11702,1000,0.10,900,3,35,1.3025,0.60,periodic,2,1018.00,2.396564
11703,1000,0.10,900,3,35,1.2805,0.60,periodic,3,975.00,1.057234
11704,1000,0.10,900,3,35,1.2830,0.60,periodic,4,1008.00,1.565399
11705,1000,0.10,900,3,35,1.3495,0.60,periodic,5,964.00,1.045024
11706,1000,0.10,900,3,35,1.3123,0.60,periodic,6,993.00,1.635566
11707,1000,0.10,900,3,35,1.3154,0.60,periodic,7,1021.00,2.904857
11708,1000,0.10,900,3,35,1.2614,0.60,periodic,8,1022.00,1.519792
11709,1000,0.10,900,3,35,1.2713,0.60,periodic,9,1007.00,1.023329
11710,1000,0.10,900,3,35,1.2855,0.60,periodic,10,1013.00,1.113951
11711,1000,0.10,900,3,35,1.3024,0.60,periodic,11,995.00,2.041988
11712,1000,0.10,900,3,35,1.3629,0.60,periodic,12,1001.00,0.951843
11713,1000,0.10,900,3,35,1.3227,0.60,periodic,13,978.00,1.428780
11714,1000,0.10,900,3,35,1.2885,0.60,periodic,14,994.00,1.228133
11715,1000,0.10,900,3,35,1.3286,0.60,periodic,15,1008.00,1.363629
11716,1000,0.10,900,3,35,1.2855,0.60,periodic,16,1031.00,1.333639
11717,1000,0.10,900,3,35,1.3312,0.60,periodic,17,1002.00,2.426377
11718,1000,0.10,900,3,35,1.3556,0.60,periodic,18,1031.00,1.806353
11719,1000,0.10,900,3,35,1.3349,0.60,periodic,19,993.00,1.702815
11720,1000,0.10,900,3,35,1.2912,0.60,periodic,20,1023.00,0.908278
11721,1000,0.10,900,3,35,1.3171,0.60,periodic,21,1018.00,0.844373
11722,1000,0.10,900,3,35,1.3486,0.60,periodic,22,984.00,2.616134
11723,1000,0.10,900,3,35,1.3096,0.60,periodic,23,1027.00,1.469592
11724,1000,0.10,900,3,35,1.3194,0.60,periodic,24,1033.00,0.981261
11725,1000,0.10,900,3,35,1.2653,0.60,periodic,25,1003.00,3.176635
11726,1000,0.10,900,3,35,1.3154,0.60,periodic,26,995.00,0.897592
11727,1000,0.10,900,3,35,1.3542,0.60,periodic,27,1018.00,1.936186
11728,1000,0.10,900,3,35,1.3012,0.60,periodic,28,995.00,1.322139
11729,1000,0.10,900,3,35,1.3353,0.60,periodic,29,991.00,1.129826
11730,1000,0.10,900,3,35,1.3225,0.60,periodic,30,998.00,1.200611
11731,1000,0.10,900,3,35,1.3558,0.60,periodic,31,976.00,1.100491
11732,1000,0.10,900,3,35,1.2544,0.60,periodic,32,993.00,0.822709
11733,1000,0.10,900,3,35,1.3012,0.60,periodic,33,1025.00,2.008564
11734,1000,0.10,900,3,35,1.3521,0.60,periodic,34,1034.00,0.704076
11735,1000,0.10,900,3,35,1.2884,0.60,periodic,35,978.00,1.541631
11736,1000,0.10,900,3,35,1.3208,0.60,periodic,36,1017.00,2.854176
11737,1000,0.10,900,3,35,1.3189,0.60,periodic,37,1011.00,1.872876
11738,1000,0.10,900,3,35,1.3030,0.60,periodic,38,1004.00,1.117206
11739,1000,0.10,900,3,35,1.3122,0.60,periodic,39,1002.00,1.619009
11740,1000,0.10,900,3,35,1.3254,0.60,periodic,40,1006.00,2.131322
11741,1000,0.10,900,3,35,1.3100,0.60,periodic,41,999.00,1.710031
11742,1000,0.10,900,3,35,1.3241,0.60,periodic,42,1020.00,0.889263
11743,1000,0.10,900,3,35,1.3508,0.60,periodic,43,972.00,2.158333
11744,1000,0.10,900,3,35,1.2888,0.60,periodic,44,1005.00,0.830532
11745,1000,0.10,900,3,35,1.3249,0.60,periodic,45,1014.00,1.175511
11746,1000,0.10,900,3,35,1.3073,0.60,periodic,46,1024.00,3.360732
11747,1000,0.10,900,3,35,1.3448,0.60,periodic,47,989.00,1.049782
11748,1000,0.10,900,3,35,1.3183,0.60,periodic,48,991.00,2.423843
11749,1000,0.10,900,3,35,1.3424,0.60,periodic,49,996.00,1.062439
11750,1000,0.10,900,3,35,1.3388,0.60,periodic,50,992.00,2.758609
11751,1000,0.10,900,3,35,1.3765,0.60,periodic,51,972.00,2.426565
11752,1000,0.10,900,3,35,1.3406,0.60,periodic,52,963.00,2.203555
11753,1000,0.10,900,3,35,1.3253,0.60,periodic,53,975.00,1.809782
11754,1000,0.10,900,3,35,1.3607,0.60,periodic,54,978.00,2.231420
11755,1000,0.10,900,3,35,1.3149,0.60,periodic,55,1012.00,2.473115
11756,1000,0.10,900,3,35,1.2738,0.60,periodic,56,962.00,1.461318
11757,1000,0.10,900,3,35,1.3194,0.60,periodic,57,995.00,0.971939
11758,1000,0.10,900,3,35,1.3447,0.60,periodic,58,988.00,1.188217
11759,1000,0.10,900,3,35,1.3695,0.60,periodic,59,978.00,0.876006
11760,1000,0.10,900,3,35,1.3365,0.60,periodic,60,1004.00,1.498638
11761,1000,0.10,900,3,35,1.3189,0.60,periodic,61,981.00,1.741544
11762,1000,0.10,900,3,35,1.3278,0.60,periodic,62,1012.00,1.577285
11763,1000,0.10,900,3,35,1.3161,0.60,periodic,63,1013.00,1.566749
11764,1000,0.10,900,3,35,1.3080,0.60,periodic,64,1034.00,1.442169
11765,1000,0.10,900,3,35,1.3384,0.60,periodic,65,1032.00,1.297639
11766,1000,0.10,900,3,35,1.3565,0.60,periodic,66,1021.00,1.180281
11767,1000,0.10,900,3,35,1.2643,0.60,periodic,67,1022.00,1.484351
11768,1000,0.10,900,3,35,1.3236,0.60,periodic,68,1036.00,1.445740
11769,1000,0.10,900,3,35,1.3090,0.60,periodic,69,998.00,1.384521
11770,1000,0.10,900,3,35,1.3721,0.60,periodic,70,995.00,1.281106
11771,1000,0.10,900,3,35,1.3332,0.60,periodic,71,1010.00,1.211981
11772,1000,0.10,900,3,35,1.3327,0.60,periodic,72,969.00,1.483822
11773,1000,0.10,900,3,35,1.2894,0.60,periodic,73,1009.00,1.075359
11774,1000,0.10,900,3,35,1.3001,0.60,periodic,74,985.00,1.696693
11775,1000,0.10,900,3,35,1.2643,0.60,periodic,75,1010.00,0.756285
11776,1000,0.10,900,3,35,1.2998,0.60,periodic,76,1007.00,1.108103
11777,1000,0.10,900,3,35,1.3339,0.60,periodic,77,999.00,1.173372
11778,1000,0.10,900,3,35,1.3099,0.60,periodic,78,973.00,4.378871
11779,1000,0.10,900,3,35,1.3213,0.60,periodic,79,1002.00,1.195703
11780,1000,0.10,900,3,35,1.2462,0.60,periodic,80,997.00,1.922032
11781,1000,0.10,900,3,35,1.2812,0.60,periodic,81,978.00,0.796393
11782,1000,0.10,900,3,35,1.3080,0.60,periodic,82,988.00,0.760059
11783,1000,0.10,900,3,35,1.3559,0.60,periodic,83,1004.00,1.508308
11784,1000,0.10,900,3,35,1.3322,0.60,periodic,84,1008.00,0.952271
11785,1000,0.10,900,3,35,1.3396,0.60,periodic,85,992.00,3.045641
11786,1000,0.10,900,3,35,1.3181,0.60,periodic,86,1010.00,1.144442
11787,1000,0.10,900,3,35,1.2937,0.60,periodic,87,984.00,3.736461
11788,1000,0.10,900,3,35,1.2800,0.60,periodic,88,1015.00,1.598368
11789,1000,0.10,900,3,35,1.3384,0.60,periodic,89,975.00,1.861275
11790,1000,0.10,900,3,35,1.3781,0.60,periodic,90,966.00,1.299919
11791,1000,0.10,900,3,35,1.2596,0.60,periodic,91,1013.00,0.806578
11792,1000,0.10,900,3,35,1.2801,0.60,periodic,92,1039.00,0.866860
11793,1000,0.10,900,3,35,1.3494,0.60,periodic,93,972.00,1.955693
11794,1000,0.10,900,3,35,1.2499,0.60,periodic,94,1024.00,1.022751
11795,1000,0.10,900,3,35,1.2843,0.60,periodic,95,1012.00,1.436449
11796,1000,0.10,900,3,35,1.2969,0.60,periodic,96,1013.00,1.340716
11797,1000,0.10,900,3,35,1.3009,0.60,periodic,97,993.00,1.913726
11798,1000,0.10,900,3,35,1.3417,0.60,periodic,98,983.00,2.297987
11799,1000,0.10,900,3,35,1.3403,0.60,periodic,99,987.00,1.040267
11800,1000,0.10,900,3,35,1.3265,0.65,periodic,0,1027.00,2.868447
11801,1000,0.10,900,3,35,1.3137,0.65,periodic,1,997.00,2.278064
11802,1000,0.10,900,3,35,1.2743,0.65,periodic,2,1021.00,1.597674
11803,1000,0.10,900,3,35,1.2735,0.65,periodic,3,963.00,0.910667
11804,1000,0.10,900,3,35,1.3248,0.65,periodic,4,1009.00,3.329958
11805,1000,0.10,900,3,35,1.3249,0.65,periodic,5,961.00,1.316379
11806,1000,0.10,900,3,35,1.3472,0.65,periodic,6,983.00,0.980499
11807,1000,0.10,900,3,35,1.3130,0.65,periodic,7,974.00,2.376444
11808,1000,0.10,900,3,35,1.2968,0.65,periodic,8,1041.00,1.607783
11809,1000,0.10,900,3,35,1.2986,0.65,periodic,9,1013.00,1.703228
11810,1000,0.10,900,3,35,1.3618,0.65,periodic,10,1024.00,1.862063
11811,1000,0.10,900,3,35,1.3361,0.65,periodic,11,1035.00,1.449900
11812,1000,0.10,900,3,35,1.3364,0.65,periodic,12,1000.00,1.022163
11813,1000,0.10,900,3,35,1.2928,0.65,periodic,13,1031.00,1.597811
11814,1000,0.10,900,3,35,1.3623,0.65,periodic,14,1020.00,1.806389
11815,1000,0.10,900,3,35,1.3882,0.65,periodic,15,977.00,1.404026
11816,1000,0.10,900,3,35,1.3286,0.65,periodic,16,1002.00,1.811738
11817,1000,0.10,900,3,35,1.3075,0.65,periodic,17,969.00,1.222845
11818,1000,0.10,900,3,35,1.3598,0.65,periodic,18,987.00,1.428515
11819,1000,0.10,900,3,35,1.2871,0.65,periodic,19,1033.00,1.212097
11820,1000,0.10,900,3,35,1.3288,0.65,periodic,20,1038.00,1.417753
11821,1000,0.10,900,3,35,1.2875,0.65,periodic,21,1020.00,1.323459
11822,1000,0.10,900,3,35,1.3397,0.65,periodic,22,987.00,1.626874
11823,1000,0.10,900,3,35,1.2982,0.65,periodic,23,1047.00,1.676794
11824,1000,0.10,900,3,35,1.3404,0.65,periodic,24,1009.00,3.471646
11825,1000,0.10,900,3,35,1.3291,0.65,periodic,25,1019.00,1.336733
11826,1000,0.10,900,3,35,1.2648,0.65,periodic,26,985.00,1.294261
11827,1000,0.10,900,3,35,1.3545,0.65,periodic,27,989.00,0.927610
11828,1000,0.10,900,3,35,1.3424,0.65,periodic,28,972.00,0.615944
11829,1000,0.10,900,3,35,1.3035,0.65,periodic,29,1010.00,1.156728
11830,1000,0.10,900,3,35,1.3219,0.65,periodic,30,972.00,1.078492
11831,1000,0.10,900,3,35,1.3414,0.65,periodic,31,1004.00,1.247039
11832,1000,0.10,900,3,35,1.3195,0.65,periodic,32,996.00,2.189686
11833,1000,0.10,900,3,35,1.2948,0.65,periodic,33,1004.00,1.442222
11834,1000,0.10,900,3,35,1.3008,0.65,periodic,34,995.00,0.880190
11835,1000,0.10,900,3,35,1.3172,0.65,periodic,35,1020.00,1.180410
11836,1000,0.10,900,3,35,1.3276,0.65,periodic,36,1024.00,2.339079
11837,1000,0.10,900,3,35,1.4030,0.65,periodic,37,998.00,0.814013
11838,1000,0.10,900,3,35,1.3383,0.65,periodic,38,993.00,1.610209
11839,1000,0.10,900,3,35,1.2999,0.65,periodic,39,1028.00,0.870476
11840,1000,0.10,900,3,35,1.3656,0.65,periodic,40,999.00,1.103527
11841,1000,0.10,900,3,35,1.3688,0.65,periodic,41,996.00,1.154152
11842,1000,0.10,900,3,35,1.3413,0.65,periodic,42,983.00,2.899449
11843,1000,0.10,900,3,35,1.3087,0.65,periodic,43,1012.00,2.436751
11844,1000,0.10,900,3,35,1.3304,0.65,periodic,44,984.00,2.157833
11845,1000,0.10,900,3,35,1.3416,0.65,periodic,45,1001.00,1.306835
11846,1000,0.10,900,3,35,1.3241,0.65,periodic,46,981.00,2.581374
11847,1000,0.10,900,3,35,1.3501,0.65,periodic,47,983.00,1.455885
11848,1000,0.10,900,3,35,1.3456,0.65,periodic,48,1030.00,6.333835
11849,1000,0.10,900,3,35,1.2735,0.65,periodic,49,1006.00,1.773285
11850,1000,0.10,900,3,35,1.3389,0.65,periodic,50,971.00,1.390971
11851,1000,0.10,900,3,35,1.3071,0.65,periodic,51,943.00,1.897720
11852,1000,0.10,900,3,35,1.3413,0.65,periodic,52,1006.00,3.917545
11853,1000,0.10,900,3,35,1.3461,0.65,periodic,53,975.00,1.339884
11854,1000,0.10,900,3,35,1.3352,0.65,periodic,54,989.00,5.064840
11855,1000,0.10,900,3,35,1.3351,0.65,periodic,55,994.00,1.313896
11856,1000,0.10,900,3,35,1.3047,0.65,periodic,56,1006.00,1.087455
11857,1000,0.10,900,3,35,1.3675,0.65,periodic,57,995.00,1.959735
11858,1000,0.10,900,3,35,1.3016,0.65,periodic,58,990.00,1.447896
11859,1000,0.10,900,3,35,1.3296,0.65,periodic,59,974.00,1.218637
11860,1000,0.10,900,3,35,1.3290,0.65,periodic,60,960.00,1.842294
11861,1000,0.10,900,3,35,1.3117,0.65,periodic,61,999.00,1.639524
11862,1000,0.10,900,3,35,1.3010,0.65,periodic,62,1001.00,1.617718
11863,1000,0.10,900,3,35,1.3016,0.65,periodic,63,1004.00,1.244272
11864,1000,0.10,900,3,35,1.2820,0.65,periodic,64,1024.00,1.220057
11865,1000,0.10,900,3,35,1.3113,0.65,periodic,65,1031.00,1.441226
11866,1000,0.10,900,3,35,1.3078,0.65,periodic,66,1006.00,2.019899
11867,1000,0.10,900,3,35,1.3633,0.65,periodic,67,1003.00,1.282229
11868,1000,0.10,900,3,35,1.3906,0.65,periodic,68,1005.00,3.119858
11869,1000,0.10,900,3,35,1.3219,0.65,periodic,69,994.00,3.279023
11870,1000,0.10,900,3,35,1.3304,0.65,periodic,70,986.00,2.020330
11871,1000,0.10,900,3,35,1.3377,0.65,periodic,71,969.00,1.296761
11872,1000,0.10,900,3,35,1.2223,0.65,periodic,72,983.00,1.890266
11873,1000,0.10,900,3,35,1.3260,0.65,periodic,73,966.00,2.554760
11874,1000,0.10,900,3,35,1.3040,0.65,periodic,74,1005.00,1.389042
11875,1000,0.10,900,3,35,1.3364,0.65,periodic,75,1009.00,0.714284
11876,1000,0.10,900,3,35,1.3173,0.65,periodic,76,1014.00,1.152985
11877,1000,0.10,900,3,35,1.3066,0.65,periodic,77,998.00,2.779437
11878,1000,0.10,900,3,35,1.3503,0.65,periodic,78,1010.00,1.655550
11879,1000,0.10,900,3,35,1.3262,0.65,periodic,79,991.00,2.170030
11880,1000,0.10,900,3,35,1.3511,0.65,periodic,80,1010.00,1.397476
11881,1000,0.10,900,3,35,1.3248,0.65,periodic,81,1019.00,1.145637
11882,1000,0.10,900,3,35,1.3245,0.65,periodic,82,976.00,2.511940
11883,1000,0.10,900,3,35,1.2731,0.65,periodic,83,1029.00,1.331456
11884,1000,0.10,900,3,35,1.3283,0.65,periodic,84,997.00,1.157367
11885,1000,0.10,900,3,35,1.3585,0.65,periodic,85,1031.00,1.323247
11886,1000,0.10,900,3,35,1.3351,0.65,periodic,86,1026.00,1.314177
11887,1000,0.10,900,3,35,1.3391,0.65,periodic,87,1005.00,0.797926
11888,1000,0.10,900,3,35,1.3876,0.65,periodic,88,990.00,1.025540
11889,1000,0.10,900,3,35,1.3251,0.65,periodic,89,1023.00,0.988329
11890,1000,0.10,900,3,35,1.3055,0.65,periodic,90,998.00,1.456910
11891,1000,0.10,900,3,35,1.3149,0.65,periodic,91,983.00,1.696331
11892,1000,0.10,900,3,35,1.3550,0.65,periodic,92,975.00,2.785013
11893,1000,0.10,900,3,35,1.3081,0.65,periodic,93,979.00,1.074278
11894,1000,0.10,900,3,35,1.3345,0.65,periodic,94,1034.00,1.946933
11895,1000,0.10,900,3,35,1.3427,0.65,periodic,95,980.00,1.437550
11896,1000,0.10,900,3,35,1.2830,0.65,periodic,96,988.00,1.394029
11897,1000,0.10,900,3,35,1.3883,0.65,periodic,97,966.00,0.998919
11898,1000,0.10,900,3,35,1.3643,0.65,periodic,98,991.00,1.862989
11899,1000,0.10,900,3,35,1.2889,0.65,periodic,99,1000.00,5.177531
11900,1000,0.10,900,3,35,1.3107,0.70,periodic,0,1011.00,3.930182
11901,1000,0.10,900,3,35,1.3220,0.70,periodic,1,958.00,1.237854
11902,1000,0.10,900,3,35,1.3692,0.70,periodic,2,989.00,1.050349
11903,1000,0.10,900,3,35,1.2956,0.70,periodic,3,1020.00,1.162717
11904,1000,0.10,900,3,35,1.3289,0.70,periodic,4,1007.00,1.483219
11905,1000,0.10,900,3,35,1.3433,0.70,periodic,5,1027.00,1.020591
11906,1000,0.10,900,3,35,1.2987,0.70,periodic,6,1026.00,1.334922
11907,1000,0.10,900,3,35,1.3166,0.70,periodic,7,993.00,2.047190
11908,1000,0.10,900,3,35,1.3327,0.70,periodic,8,1007.00,2.749693
11909,1000,0.10,900,3,35,1.3648,0.70,periodic,9,993.00,2.784319
11910,1000,0.10,900,3,35,1.2812,0.70,periodic,10,968.00,1.795979
11911,1000,0.10,900,3,35,1.3914,0.70,periodic,11,975.00,2.857786
11912,1000,0.10,900,3,35,1.3140,0.70,periodic,12,1003.00,1.212176
11913,1000,0.10,900,3,35,1.3881,0.70,periodic,13,987.00,1.404633
11914,1000,0.10,900,3,35,1.3540,0.70,periodic,14,985.00,1.192293
11915,1000,0.10,900,3,35,1.3679,0.70,periodic,15,1022.00,1.253698
11916,1000,0.10,900,3,35,1.2864,0.70,periodic,16,988.00,1.059804
11917,1000,0.10,900,3,35,1.3005,0.70,periodic,17,1006.00,2.174747
11918,1000,0.10,900,3,35,1.3235,0.70,periodic,18,998.00,1.317030
11919,1000,0.10,900,3,35,1.3133,0.70,periodic,19,1043.00,1.185969
11920,1000,0.10,900,3,35,1.3404,0.70,periodic,20,1014.00,1.950341
11921,1000,0.10,900,3,35,1.2988,0.70,periodic,21,1007.00,1.537307
11922,1000,0.10,900,3,35,1.3540,0.70,periodic,22,987.00,1.087577
11923,1000,0.10,900,3,35,1.3266,0.70,periodic,23,987.00,1.054302
11924,1000,0.10,900,3,35,1.3230,0.70,periodic,24,949.00,3.996019
11925,1000,0.10,900,3,35,1.3441,0.70,periodic,25,997.00,1.799767
11926,1000,0.10,900,3,35,1.3149,0.70,periodic,26,998.00,1.216992
11927,1000,0.10,900,3,35,1.3856,0.70,periodic,27,981.00,4.111272
11928,1000,0.10,900,3,35,1.2997,0.70,periodic,28,985.00,1.468400
11929,1000,0.10,900,3,35,1.3212,0.70,periodic,29,971.00,4.185378
11930,1000,0.10,900,3,35,1.3572,0.70,periodic,30,984.00,4.889091
11931,1000,0.10,900,3,35,1.3535,0.70,periodic,31,1015.00,1.295556
11932,1000,0.10,900,3,35,1.3669,0.70,periodic,32,985.00,1.040943
11933,1000,0.10,900,3,35,1.3408,0.70,periodic,33,1019.00,0.933213
11934,1000,0.10,900,3,35,1.3524,0.70,periodic,34,1068.00,3.442407
11935,1000,0.10,900,3,35,1.3213,0.70,periodic,35,960.00,1.682465
11936,1000,0.10,900,3,35,1.3644,0.70,periodic,36,1034.00,2.543003
11937,1000,0.10,900,3,35,1.3503,0.70,periodic,37,986.00,3.078214
11938,1000,0.10,900,3,35,1.2926,0.70,periodic,38,968.00,1.239695
11939,1000,0.10,900,3,35,1.3296,0.70,periodic,39,1032.00,2.699660
11940,1000,0.10,900,3,35,1.3214,0.70,periodic,40,999.00,1.321824
11941,1000,0.10,900,3,35,1.3339,0.70,periodic,41,985.00,2.130024
11942,1000,0.10,900,3,35,1.3898,0.70,periodic,42,995.00,1.659129
11943,1000,0.10,900,3,35,1.3395,0.70,periodic,43,998.00,2.385831
11944,1000,0.10,900,3,35,1.3437,0.70,periodic,44,951.00,1.777953
11945,1000,0.10,900,3,35,1.3095,0.70,periodic,45,974.00,2.601467
11946,1000,0.10,900,3,35,1.3447,0.70,periodic,46,1030.00,1.096308
11947,1000,0.10,900,3,35,1.3211,0.70,periodic,47,1021.00,1.096515
11948,1000,0.10,900,3,35,1.3389,0.70,periodic,48,1038.00,5.617429
11949,1000,0.10,900,3,35,1.3662,0.70,periodic,49,990.00,1.720840
11950,1000,0.10,900,3,35,1.3103,0.70,periodic,50,952.00,1.261261
11951,1000,0.10,900,3,35,1.3509,0.70,periodic,51,1010.00,2.228382
11952,1000,0.10,900,3,35,1.2892,0.70,periodic,52,1009.00,3.333416
11953,1000,0.10,900,3,35,1.3203,0.70,periodic,53,992.00,1.169701
11954,1000,0.10,900,3,35,1.3255,0.70,periodic,54,992.00,1.259674
11955,1000,0.10,900,3,35,1.3594,0.70,periodic,55,1015.00,5.345439
11956,1000,0.10,900,3,35,1.3168,0.70,periodic,56,967.00,4.745098
11957,1000,0.10,900,3,35,1.3558,0.70,periodic,57,990.00,1.129528
11958,1000,0.10,900,3,35,1.3721,0.70,periodic,58,990.00,1.507055
11959,1000,0.10,900,3,35,1.3090,0.70,periodic,59,994.00,2.248770
11960,1000,0.10,900,3,35,1.3213,0.70,periodic,60,985.00,1.480252
11961,1000,0.10,900,3,35,1.2608,0.70,periodic,61,993.00,1.444968
11962,1000,0.10,900,3,35,1.3570,0.70,periodic,62,1020.00,4.734674
11963,1000,0.10,900,3,35,1.2919,0.70,periodic,63,979.00,1.564936
11964,1000,0.10,900,3,35,1.3389,0.70,periodic,64,981.00,1.045757
11965,1000,0.10,900,3,35,1.3277,0.70,periodic,65,984.00,3.571029
11966,1000,0.10,900,3,35,1.3404,0.70,periodic,66,1029.00,1.322074
11967,1000,0.10,900,3,35,1.3284,0.70,periodic,67,1008.00,1.288317
11968,1000,0.10,900,3,35,1.3486,0.70,periodic,68,1032.00,1.299670
11969,1000,0.10,900,3,35,1.3546,0.70,periodic,69,1012.00,2.721610
11970,1000,0.10,900,3,35,1.2806,0.70,periodic,70,1010.00,1.148209
11971,1000,0.10,900,3,35,1.3202,0.70,periodic,71,1007.00,1.986270
11972,1000,0.10,900,3,35,1.3591,0.70,periodic,72,1008.00,1.478654
11973,1000,0.10,900,3,35,1.3761,0.70,periodic,73,953.00,1.460605
11974,1000,0.10,900,3,35,1.3626,0.70,periodic,74,975.00,2.870617
11975,1000,0.10,900,3,35,1.2718,0.70,periodic,75,997.00,2.392658
11976,1000,0.10,900,3,35,1.3293,0.70,periodic,76,962.00,1.461959
11977,1000,0.10,900,3,35,1.3257,0.70,periodic,77,956.00,1.239885
11978,1000,0.10,900,3,35,1.3074,0.70,periodic,78,987.00,1.765355
11979,1000,0.10,900,3,35,1.3574,0.70,periodic,79,987.00,0.967661
11980,1000,0.10,900,3,35,1.3875,0.70,periodic,80,1008.00,2.230548
11981,1000,0.10,900,3,35,1.3047,0.70,periodic,81,1007.00,1.634807
11982,1000,0.10,900,3,35,1.3401,0.70,periodic,82,961.00,1.198593
11983,1000,0.10,900,3,35,1.3299,0.70,periodic,83,1016.00,1.483425
11984,1000,0.10,900,3,35,1.3609,0.70,periodic,84,1047.00,1.607761
11985,1000,0.10,900,3,35,1.3376,0.70,periodic,85,968.00,1.718050
11986,1000,0.10,900,3,35,1.3324,0.70,periodic,86,1021.00,2.539425
11987,1000,0.10,900,3,35,1.3179,0.70,periodic,87,973.00,3.970558
11988,1000,0.10,900,3,35,1.3374,0.70,periodic,88,966.00,2.207511
11989,1000,0.10,900,3,35,1.3275,0.70,periodic,89,1017.00,0.862652
11990,1000,0.10,900,3,35,1.2703,0.70,periodic,90,958.00,1.167285
11991,1000,0.10,900,3,35,1.3732,0.70,periodic,91,1007.00,2.798834
11992,1000,0.10,900,3,35,1.2810,0.70,periodic,92,978.00,2.213629
11993,1000,0.10,900,3,35,1.2938,0.70,periodic,93,1069.00,1.094860
11994,1000,0.10,900,3,35,1.3606,0.70,periodic,94,1002.00,2.139093
11995,1000,0.10,900,3,35,1.2888,0.70,periodic,95,983.00,1.700933
11996,1000,0.10,900,3,35,1.3022,0.70,periodic,96,972.00,2.045646
11997,1000,0.10,900,3,35,1.2710,0.70,periodic,97,985.00,1.255000
11998,1000,0.10,900,3,35,1.3078,0.70,periodic,98,970.00,1.312896
11999,1000,0.10,900,3,35,1.2915,0.70,periodic,99,1014.00,1.480066
12000,1000,0.10,900,3,35,1.3687,0.75,periodic,0,964.00,2.357728
12001,1000,0.10,900,3,35,1.3619,0.75,periodic,1,1013.00,1.965533
12002,1000,0.10,900,3,35,1.3220,0.75,periodic,2,975.00,2.086292
12003,1000,0.10,900,3,35,1.3014,0.75,periodic,3,952.00,2.366316
12004,1000,0.10,900,3,35,1.3348,0.75,periodic,4,974.00,1.339216
12005,1000,0.10,900,3,35,1.3656,0.75,periodic,5,990.00,1.412721
12006,1000,0.10,900,3,35,1.3540,0.75,periodic,6,984.00,1.622040
12007,1000,0.10,900,3,35,1.3214,0.75,periodic,7,1016.00,4.177916
12008,1000,0.10,900,3,35,1.3636,0.75,periodic,8,992.00,1.798275
12009,1000,0.10,900,3,35,1.3187,0.75,periodic,9,981.00,1.189316
12010,1000,0.10,900,3,35,1.3509,0.75,periodic,10,1024.00,5.859592
12011,1000,0.10,900,3,35,1.3224,0.75,periodic,11,974.00,5.219335
12012,1000,0.10,900,3,35,1.2550,0.75,periodic,12,1006.00,1.208247
12013,1000,0.10,900,3,35,1.3399,0.75,periodic,13,1022.00,1.087850
12014,1000,0.10,900,3,35,1.3654,0.75,periodic,14,979.00,1.989273
12015,1000,0.10,900,3,35,1.3618,0.75,periodic,15,973.00,1.042219
12016,1000,0.10,900,3,35,1.2825,0.75,periodic,16,964.00,2.732861
12017,1000,0.10,900,3,35,1.2984,0.75,periodic,17,982.00,1.928388
12018,1000,0.10,900,3,35,1.3441,0.75,periodic,18,983.00,1.237249
12019,1000,0.10,900,3,35,1.2960,0.75,periodic,19,989.00,1.301615
12020,1000,0.10,900,3,35,1.3241,0.75,periodic,20,1000.00,4.109998
12021,1000,0.10,900,3,35,1.3463,0.75,periodic,21,1006.00,1.155967
12022,1000,0.10,900,3,35,1.3412,0.75,periodic,22,978.00,3.110365
12023,1000,0.10,900,3,35,1.3273,0.75,periodic,23,986.00,2.051082
12024,1000,0.10,900,3,35,1.3525,0.75,periodic,24,1008.00,3.040100
12025,1000,0.10,900,3,35,1.3547,0.75,periodic,25,995.00,2.390697
12026,1000,0.10,900,3,35,1.3607,0.75,periodic,26,999.00,1.110133
12027,1000,0.10,900,3,35,1.2926,0.75,periodic,27,997.00,1.582098
12028,1000,0.10,900,3,35,1.3394,0.75,periodic,28,992.00,1.658801
12029,1000,0.10,900,3,35,1.3335,0.75,periodic,29,979.00,2.148875
12030,1000,0.10,900,3,35,1.3093,0.75,periodic,30,965.00,1.699290
12031,1000,0.10,900,3,35,1.3538,0.75,periodic,31,1006.00,4.267673
12032,1000,0.10,900,3,35,1.3518,0.75,periodic,32,1002.00,2.655956
12033,1000,0.10,900,3,35,1.3864,0.75,periodic,33,981.00,1.243655
12034,1000,0.10,900,3,35,1.2983,0.75,periodic,34,995.00,1.213229
12035,1000,0.10,900,3,35,1.3262,0.75,periodic,35,1035.00,2.002983
12036,1000,0.10,900,3,35,1.3450,0.75,periodic,36,944.00,2.111386
12037,1000,0.10,900,3,35,1.3342,0.75,periodic,37,985.00,1.409615
12038,1000,0.10,900,3,35,1.3314,0.75,periodic,38,991.00,1.464946
12039,1000,0.10,900,3,35,1.3176,0.75,periodic,39,988.00,1.898599
12040,1000,0.10,900,3,35,1.3001,0.75,periodic,40,966.00,2.706887
12041,1000,0.10,900,3,35,1.3459,0.75,periodic,41,971.00,2.066021
12042,1000,0.10,900,3,35,1.3206,0.75,periodic,42,1006.00,2.674005
12043,1000,0.10,900,3,35,1.3135,0.75,periodic,43,954.00,2.279649
12044,1000,0.10,900,3,35,1.3345,0.75,periodic,44,991.00,1.506846
12045,1000,0.10,900,3,35,1.3441,0.75,periodic,45,1009.00,1.081370
12046,1000,0.10,900,3,35,1.3193,0.75,periodic,46,1006.00,2.395593
12047,1000,0.10,900,3,35,1.3000,0.75,periodic,47,960.00,1.947209
12048,1000,0.10,900,3,35,1.3475,0.75,periodic,48,998.00,3.999228
12049,1000,0.10,900,3,35,1.3396,0.75,periodic,49,1002.00,1.955886
12050,1000,0.10,900,3,35,1.3404,0.75,periodic,50,1019.00,1.603057
12051,1000,0.10,900,3,35,1.3697,0.75,periodic,51,973.00,1.609850
12052,1000,0.10,900,3,35,1.3409,0.75,periodic,52,957.00,2.029670
12053,1000,0.10,900,3,35,1.3203,0.75,periodic,53,973.00,1.843066
12054,1000,0.10,900,3,35,1.3615,0.75,periodic,54,979.00,1.422148
12055,1000,0.10,900,3,35,1.3429,0.75,periodic,55,979.00,1.877910
12056,1000,0.10,900,3,35,1.2915,0.75,periodic,56,961.00,1.477923
12057,1000,0.10,900,3,35,1.3567,0.75,periodic,57,1027.00,1.760506
12058,1000,0.10,900,3,35,1.2977,0.75,periodic,58,993.00,3.573839
12059,1000,0.10,900,3,35,1.3439,0.75,periodic,59,999.00,1.434578
12060,1000,0.10,900,3,35,1.3655,0.75,periodic,60,1002.00,1.445417
12061,1000,0.10,900,3,35,1.2837,0.75,periodic,61,990.00,1.183291
12062,1000,0.10,900,3,35,1.3211,0.75,periodic,62,977.00,1.641029
12063,1000,0.10,900,3,35,1.3779,0.75,periodic,63,1014.00,1.521975
12064,1000,0.10,900,3,35,1.3176,0.75,periodic,64,992.00,7.624846
12065,1000,0.10,900,3,35,1.3086,0.75,periodic,65,1009.00,4.729458
12066,1000,0.10,900,3,35,1.3262,0.75,periodic,66,997.00,3.064283
12067,1000,0.10,900,3,35,1.3386,0.75,periodic,67,1008.00,1.489790
12068,1000,0.10,900,3,35,1.3647,0.75,periodic,68,1037.00,1.437075
12069,1000,0.10,900,3,35,1.3080,0.75,periodic,69,990.00,1.768443
12070,1000,0.10,900,3,35,1.3283,0.75,periodic,70,1003.00,1.773629
12071,1000,0.10,900,3,35,1.3332,0.75,periodic,71,1024.00,1.911222
12072,1000,0.10,900,3,35,1.3522,0.75,periodic,72,983.00,2.111626
12073,1000,0.10,900,3,35,1.3613,0.75,periodic,73,995.00,1.867381
12074,1000,0.10,900,3,35,1.4084,0.75,periodic,74,1056.00,1.707235
12075,1000,0.10,900,3,35,1.3242,0.75,periodic,75,977.00,3.192151
12076,1000,0.10,900,3,35,1.3155,0.75,periodic,76,956.00,1.116400
12077,1000,0.10,900,3,35,1.3349,0.75,periodic,77,991.00,2.312644
12078,1000,0.10,900,3,35,1.3341,0.75,periodic,78,1016.00,1.159670
12079,1000,0.10,900,3,35,1.3123,0.75,periodic,79,1025.00,1.878979
12080,1000,0.10,900,3,35,1.3252,0.75,periodic,80,1012.00,5.624299
12081,1000,0.10,900,3,35,1.3150,0.75,periodic,81,977.00,2.931930
12082,1000,0.10,900,3,35,1.3396,0.75,periodic,82,1009.00,1.819158
12083,1000,0.10,900,3,35,1.3156,0.75,periodic,83,1077.00,2.666686
12084,1000,0.10,900,3,35,1.2916,0.75,periodic,84,1059.00,1.175010
12085,1000,0.10,900,3,35,1.3063,0.75,periodic,85,954.00,1.125470
12086,1000,0.10,900,3,35,1.3130,0.75,periodic,86,968.00,1.348149
12087,1000,0.10,900,3,35,1.3333,0.75,periodic,87,967.00,5.547555
12088,1000,0.10,900,3,35,1.3100,0.75,periodic,88,933.00,1.182289
12089,1000,0.10,900,3,35,1.3235,0.75,periodic,89,983.00,1.157717
12090,1000,0.10,900,3,35,1.3638,0.75,periodic,90,968.00,1.302767
12091,1000,0.10,900,3,35,1.3469,0.75,periodic,91,983.00,1.425456
12092,1000,0.10,900,3,35,1.3523,0.75,periodic,92,993.00,1.311418
12093,1000,0.10,900,3,35,1.3543,0.75,periodic,93,1009.00,5.222487
12094,1000,0.10,900,3,35,1.3879,0.75,periodic,94,1029.00,0.978656
12095,1000,0.10,900,3,35,1.3162,0.75,periodic,95,993.00,7.466569
12096,1000,0.10,900,3,35,1.3273,0.75,periodic,96,1022.00,4.065889
12097,1000,0.10,900,3,35,1.2776,0.75,periodic,97,965.00,2.604290
12098,1000,0.10,900,3,35,1.3017,0.75,periodic,98,975.00,2.624449
12099,1000,0.10,900,3,35,1.3619,0.75,periodic,99,969.00,1.567923
12100,1000,0.10,900,3,35,1.3645,0.80,periodic,0,980.00,1.328941
12101,1000,0.10,900,3,35,1.3800,0.80,periodic,1,977.00,6.688675
12102,1000,0.10,900,3,35,1.3443,0.80,periodic,2,993.00,2.730575
12103,1000,0.10,900,3,35,1.3529,0.80,periodic,3,982.00,1.228361
12104,1000,0.10,900,3,35,1.3238,0.80,periodic,4,976.00,1.533953
12105,1000,0.10,900,3,35,1.3619,0.80,periodic,5,1026.00,3.257220
12106,1000,0.10,900,3,35,1.2949,0.80,periodic,6,944.00,2.648512
12107,1000,0.10,900,3,35,1.3451,0.80,periodic,7,1009.00,1.535995
12108,1000,0.10,900,3,35,1.3265,0.80,periodic,8,983.00,0.976222
12109,1000,0.10,900,3,35,1.3593,0.80,periodic,9,951.00,1.385663
12110,1000,0.10,900,3,35,1.3315,0.80,periodic,10,1007.00,2.907379
12111,1000,0.10,900,3,35,1.3305,0.80,periodic,11,1016.00,2.594181
12112,1000,0.10,900,3,35,1.3406,0.80,periodic,12,990.00,2.005764
12113,1000,0.10,900,3,35,1.3304,0.80,periodic,13,1013.00,1.305206
12114,1000,0.10,900,3,35,1.3413,0.80,periodic,14,971.00,5.228511
12115,1000,0.10,900,3,35,1.3200,0.80,periodic,15,965.00,3.059878
12116,1000,0.10,900,3,35,1.3254,0.80,periodic,16,996.00,1.770526
12117,1000,0.10,900,3,35,1.3174,0.80,periodic,17,972.00,1.741472
12118,1000,0.10,900,3,35,1.3446,0.80,periodic,18,953.00,2.093861
12119,1000,0.10,900,3,35,1.3786,0.80,periodic,19,972.00,1.530513
12120,1000,0.10,900,3,35,1.3099,0.80,periodic,20,1008.00,2.372342
12121,1000,0.10,900,3,35,1.3354,0.80,periodic,21,980.00,1.297222
12122,1000,0.10,900,3,35,1.3050,0.80,periodic,22,992.00,1.584939
12123,1000,0.10,900,3,35,1.3461,0.80,periodic,23,992.00,5.943692
12124,1000,0.10,900,3,35,1.3107,0.80,periodic,24,984.00,2.257403
12125,1000,0.10,900,3,35,1.3638,0.80,periodic,25,960.00,2.057982
12126,1000,0.10,900,3,35,1.3360,0.80,periodic,26,969.00,2.031055
12127,1000,0.10,900,3,35,1.3220,0.80,periodic,27,974.00,3.052289
12128,1000,0.10,900,3,35,1.2982,0.80,periodic,28,998.00,1.540214
12129,1000,0.10,900,3,35,1.3754,0.80,periodic,29,989.00,1.889515
12130,1000,0.10,900,3,35,1.3076,0.80,periodic,30,985.00,1.660014
12131,1000,0.10,900,3,35,1.3399,0.80,periodic,31,963.00,1.467163
12132,1000,0.10,900,3,35,1.2863,0.80,periodic,32,975.00,2.878121
12133,1000,0.10,900,3,35,1.3729,0.80,periodic,33,989.00,1.166306
12134,1000,0.10,900,3,35,1.3121,0.80,periodic,34,959.00,1.723822
12135,1000,0.10,900,3,35,1.3553,0.80,periodic,35,940.00,2.587063
12136,1000,0.10,900,3,35,1.3017,0.80,periodic,36,983.00,2.252596
12137,1000,0.10,900,3,35,1.3178,0.80,periodic,37,946.00,1.649412
12138,1000,0.10,900,3,35,1.3753,0.80,periodic,38,981.00,2.440273
12139,1000,0.10,900,3,35,1.3269,0.80,periodic,39,999.00,1.480428
12140,1000,0.10,900,3,35,1.3755,0.80,periodic,40,978.00,1.615646
12141,1000,0.10,900,3,35,1.3781,0.80,periodic,41,1018.00,2.112119
12142,1000,0.10,900,3,35,1.2722,0.80,periodic,42,978.00,2.428641
12143,1000,0.10,900,3,35,1.3776,0.80,periodic,43,961.00,6.898118
12144,1000,0.10,900,3,35,1.3976,0.80,periodic,44,1008.00,1.670473
12145,1000,0.10,900,3,35,1.3847,0.80,periodic,45,968.00,1.983152
12146,1000,0.10,900,3,35,1.3721,0.80,periodic,46,1018.00,1.940503
12147,1000,0.10,900,3,35,1.3294,0.80,periodic,47,960.00,3.133290
12148,1000,0.10,900,3,35,1.3804,0.80,periodic,48,984.00,1.691697
12149,1000,0.10,900,3,35,1.3553,0.80,periodic,49,984.00,2.540998
12150,1000,0.10,900,3,35,1.3418,0.80,periodic,50,985.00,1.854562
12151,1000,0.10,900,3,35,1.3482,0.80,periodic,51,977.00,2.767477
12152,1000,0.10,900,3,35,1.2980,0.80,periodic,52,991.00,1.696627
12153,1000,0.10,900,3,35,1.3168,0.80,periodic,53,979.00,1.576067
12154,1000,0.10,900,3,35,1.3812,0.80,periodic,54,981.00,1.500061
12155,1000,0.10,900,3,35,1.3290,0.80,periodic,55,986.00,2.357924
12156,1000,0.10,900,3,35,1.3333,0.80,periodic,56,973.00,2.204416
12157,1000,0.10,900,3,35,1.3576,0.80,periodic,57,984.00,1.241282
12158,1000,0.10,900,3,35,1.3860,0.80,periodic,58,989.00,1.454322
12159,1000,0.10,900,3,35,1.3730,0.80,periodic,59,984.00,1.335837
12160,1000,0.10,900,3,35,1.3268,0.80,periodic,60,995.00,1.548643
12161,1000,0.10,900,3,35,1.3392,0.80,periodic,61,955.00,1.887524
12162,1000,0.10,900,3,35,1.3450,0.80,periodic,62,974.00,1.069877
12163,1000,0.10,900,3,35,1.3127,0.80,periodic,63,977.00,5.080725
12164,1000,0.10,900,3,35,1.3364,0.80,periodic,64,972.00,2.511327
12165,1000,0.10,900,3,35,1.2844,0.80,periodic,65,974.00,1.474788
12166,1000,0.10,900,3,35,1.3428,0.80,periodic,66,972.00,2.274026
12167,1000,0.10,900,3,35,1.3072,0.80,periodic,67,999.00,1.369618
12168,1000,0.10,900,3,35,1.3567,0.80,periodic,68,1017.00,3.573829
12169,1000,0.10,900,3,35,1.2977,0.80,periodic,69,971.00,2.653866
12170,1000,0.10,900,3,35,1.3210,0.80,periodic,70,1034.00,1.285462
12171,1000,0.10,900,3,35,1.3244,0.80,periodic,71,1002.00,3.380416
12172,1000,0.10,900,3,35,1.3526,0.80,periodic,72,1027.00,3.162759
12173,1000,0.10,900,3,35,1.3352,0.80,periodic,73,954.00,3.982965
12174,1000,0.10,900,3,35,1.3475,0.80,periodic,74,980.00,1.415788
12175,1000,0.10,900,3,35,1.3236,0.80,periodic,75,974.00,1.479595
12176,1000,0.10,900,3,35,1.3761,0.80,periodic,76,988.00,6.717672
12177,1000,0.10,900,3,35,1.3643,0.80,periodic,77,1023.00,3.971033
12178,1000,0.10,900,3,35,1.3020,0.80,periodic,78,978.00,3.362216
12179,1000,0.10,900,3,35,1.3320,0.80,periodic,79,1004.00,2.328104
12180,1000,0.10,900,3,35,1.3221,0.80,periodic,80,998.00,1.210327
12181,1000,0.10,900,3,35,1.2992,0.80,periodic,81,1019.00,1.566003
12182,1000,0.10,900,3,35,1.3794,0.80,periodic,82,967.00,2.020562
12183,1000,0.10,900,3,35,1.3270,0.80,periodic,83,944.00,3.893367
12184,1000,0.10,900,3,35,1.4057,0.80,periodic,84,1007.00,1.437912
12185,1000,0.10,900,3,35,1.3027,0.80,periodic,85,991.00,2.724920
12186,1000,0.10,900,3,35,1.3471,0.80,periodic,86,972.00,6.095096
12187,1000,0.10,900,3,35,1.4222,0.80,periodic,87,995.00,1.666967
12188,1000,0.10,900,3,35,1.3225,0.80,periodic,88,1016.00,2.456517
12189,1000,0.10,900,3,35,1.3829,0.80,periodic,89,971.00,1.861313
12190,1000,0.10,900,3,35,1.3304,0.80,periodic,90,947.00,2.620539
12191,1000,0.10,900,3,35,1.2849,0.80,periodic,91,981.00,1.292412
12192,1000,0.10,900,3,35,1.2790,0.80,periodic,92,1001.00,2.262866
12193,1000,0.10,900,3,35,1.3311,0.80,periodic,93,1000.00,1.228566
12194,1000,0.10,900,3,35,1.3741,0.80,periodic,94,982.00,1.854066
12195,1000,0.10,900,3,35,1.3441,0.80,periodic,95,950.00,1.487349
12196,1000,0.10,900,3,35,1.3562,0.80,periodic,96,974.00,2.755758
12197,1000,0.10,900,3,35,1.3620,0.80,periodic,97,989.00,1.860141
12198,1000,0.10,900,3,35,1.3545,0.80,periodic,98,995.00,2.386031
12199,1000,0.10,900,3,35,1.3194,0.80,periodic,99,995.00,1.767430
12200,1000,0.10,900,3,35,1.3466,0.85,periodic,0,964.00,3.325916
12201,1000,0.10,900,3,35,1.3380,0.85,periodic,1,973.00,3.545539
12202,1000,0.10,900,3,35,1.3471,0.85,periodic,2,974.00,2.784918
12203,1000,0.10,900,3,35,1.3670,0.85,periodic,3,986.00,1.371992
12204,1000,0.10,900,3,35,1.3211,0.85,periodic,4,974.00,1.338879
12205,1000,0.10,900,3,35,1.3370,0.85,periodic,5,997.00,3.677489
12206,1000,0.10,900,3,35,1.3265,0.85,periodic,6,924.00,2.417317
12207,1000,0.10,900,3,35,1.3127,0.85,periodic,7,990.00,1.254170
12208,1000,0.10,900,3,35,1.2665,0.85,periodic,8,1006.00,4.460251
12209,1000,0.10,900,3,35,1.3229,0.85,periodic,9,982.00,1.466211
12210,1000,0.10,900,3,35,1.2736,0.85,periodic,10,975.00,1.667759
12211,1000,0.10,900,3,35,1.3669,0.85,periodic,11,988.00,2.649316
12212,1000,0.10,900,3,35,1.3154,0.85,periodic,12,981.00,2.873836
12213,1000,0.10,900,3,35,1.3761,0.85,periodic,13,971.00,2.880728
12214,1000,0.10,900,3,35,1.3196,0.85,periodic,14,979.00,2.644318
12215,1000,0.10,900,3,35,1.3283,0.85,periodic,15,969.00,1.403305
12216,1000,0.10,900,3,35,1.3192,0.85,periodic,16,1006.00,1.222786
12217,1000,0.10,900,3,35,1.3647,0.85,periodic,17,975.00,1.731870
12218,1000,0.10,900,3,35,1.3196,0.85,periodic,18,1000.00,2.547959
12219,1000,0.10,900,3,35,1.2985,0.85,periodic,19,988.00,2.116034
12220,1000,0.10,900,3,35,1.3148,0.85,periodic,20,963.00,2.410835
12221,1000,0.10,900,3,35,1.3290,0.85,periodic,21,982.00,1.083673
12222,1000,0.10,900,3,35,1.3358,0.85,periodic,22,953.00,2.591196
12223,1000,0.10,900,3,35,1.3420,0.85,periodic,23,986.00,2.849700
12224,1000,0.10,900,3,35,1.3084,0.85,periodic,24,998.00,2.706908
12225,1000,0.10,900,3,35,1.3352,0.85,periodic,25,1007.00,1.300287
12226,1000,0.10,900,3,35,1.3458,0.85,periodic,26,956.00,9.460481
12227,1000,0.10,900,3,35,1.2761,0.85,periodic,27,936.00,1.164165
12228,1000,0.10,900,3,35,1.2863,0.85,periodic,28,967.00,1.398608
12229,1000,0.10,900,3,35,1.3185,0.85,periodic,29,999.00,2.197599
12230,1000,0.10,900,3,35,1.3301,0.85,periodic,30,1013.00,2.018696
12231,1000,0.10,900,3,35,1.3714,0.85,periodic,31,977.00,1.547724
12232,1000,0.10,900,3,35,1.3281,0.85,periodic,32,989.00,2.051185
12233,1000,0.10,900,3,35,1.3664,0.85,periodic,33,978.00,1.202400
12234,1000,0.10,900,3,35,1.3421,0.85,periodic,34,976.00,2.190791
12235,1000,0.10,900,3,35,1.3631,0.85,periodic,35,992.00,1.747807
12236,1000,0.10,900,3,35,1.3619,0.85,periodic,36,963.00,2.422463
12237,1000,0.10,900,3,35,1.3157,0.85,periodic,37,986.00,1.372611
12238,1000,0.10,900,3,35,1.3208,0.85,periodic,38,973.00,1.794024
12239,1000,0.10,900,3,35,1.3551,0.85,periodic,39,985.00,1.573489
12240,1000,0.10,900,3,35,1.3255,0.85,periodic,40,983.00,1.626024
12241,1000,0.10,900,3,35,1.3193,0.85,periodic,41,946.00,1.675902
12242,1000,0.10,900,3,35,1.3479,0.85,periodic,42,971.00,2.271289
12243,1000,0.10,900,3,35,1.3704,0.85,periodic,43,987.00,1.924094
12244,1000,0.10,900,3,35,1.3145,0.85,periodic,44,970.00,2.852808
12245,1000,0.10,900,3,35,1.2810,0.85,periodic,45,961.00,1.230360
12246,1000,0.10,900,3,35,1.3246,0.85,periodic,46,972.00,3.170228
12247,1000,0.10,900,3,35,1.3484,0.85,periodic,47,993.00,2.214031
12248,1000,0.10,900,3,35,1.3369,0.85,periodic,48,990.00,7.808636
12249,1000,0.10,900,3,35,1.3482,0.85,periodic,49,992.00,2.229541
12250,1000,0.10,900,3,35,1.3573,0.85,periodic,50,956.00,9.585543
12251,1000,0.10,900,3,35,1.3305,0.85,periodic,51,1001.00,5.092212
12252,1000,0.10,900,3,35,1.4016,0.85,periodic,52,954.00,1.957086
12253,1000,0.10,900,3,35,1.3211,0.85,periodic,53,972.00,2.921213
12254,1000,0.10,900,3,35,1.3456,0.85,periodic,54,968.00,1.561318
12255,1000,0.10,900,3,35,1.3295,0.85,periodic,55,992.00,1.315389
12256,1000,0.10,900,3,35,1.3609,0.85,periodic,56,992.00,1.628235
12257,1000,0.10,900,3,35,1.3456,0.85,periodic,57,957.00,1.685449
12258,1000,0.10,900,3,35,1.2902,0.85,periodic,58,995.00,2.529383
12259,1000,0.10,900,3,35,1.3044,0.85,periodic,59,996.00,1.666320
12260,1000,0.10,900,3,35,1.3695,0.85,periodic,60,972.00,2.318676
12261,1000,0.10,900,3,35,1.3023,0.85,periodic,61,998.00,1.923505
12262,1000,0.10,900,3,35,1.2666,0.85,periodic,62,977.00,1.624385
12263,1000,0.10,900,3,35,1.3723,0.85,periodic,63,1004.00,2.499747
12264,1000,0.10,900,3,35,1.2909,0.85,periodic,64,952.00,2.770092
12265,1000,0.10,900,3,35,1.3225,0.85,periodic,65,987.00,1.874515
12266,1000,0.10,900,3,35,1.3755,0.85,periodic,66,1002.00,1.841791
12267,1000,0.10,900,3,35,1.3787,0.85,periodic,67,969.00,2.726236
12268,1000,0.10,900,3,35,1.3451,0.85,periodic,68,985.00,1.571730
12269,1000,0.10,900,3,35,1.3071,0.85,periodic,69,972.00,1.885030
12270,1000,0.10,900,3,35,1.2762,0.85,periodic,70,998.00,3.575281
12271,1000,0.10,900,3,35,1.3240,0.85,periodic,71,992.00,2.057428
12272,1000,0.10,900,3,35,1.2827,0.85,periodic,72,983.00,2.526936
12273,1000,0.10,900,3,35,1.3033,0.85,periodic,73,977.00,2.186773
12274,1000,0.10,900,3,35,1.3876,0.85,periodic,74,988.00,4.025016
12275,1000,0.10,900,3,35,1.3252,0.85,periodic,75,947.00,2.559673
12276,1000,0.10,900,3,35,1.3293,0.85,periodic,76,961.00,1.166905
12277,1000,0.10,900,3,35,1.3338,0.85,periodic,77,992.00,1.577104
12278,1000,0.10,900,3,35,1.3592,0.85,periodic,78,953.00,3.600064
12279,1000,0.10,900,3,35,1.3473,0.85,periodic,79,1020.00,3.842800
12280,1000,0.10,900,3,35,1.3322,0.85,periodic,80,1000.00,2.665596
12281,1000,0.10,900,3,35,1.3719,0.85,periodic,81,964.00,1.537707
12282,1000,0.10,900,3,35,1.3321,0.85,periodic,82,954.00,1.570716
12283,1000,0.10,900,3,35,1.3442,0.85,periodic,83,1003.00,4.273986
12284,1000,0.10,900,3,35,1.3409,0.85,periodic,84,969.00,3.137330
12285,1000,0.10,900,3,35,1.3463,0.85,periodic,85,991.00,1.161545
12286,1000,0.10,900,3,35,1.4048,0.85,periodic,86,958.00,2.581110
12287,1000,0.10,900,3,35,1.3121,0.85,periodic,87,961.00,4.943175
12288,1000,0.10,900,3,35,1.3380,0.85,periodic,88,970.00,1.777709
12289,1000,0.10,900,3,35,1.3460,0.85,periodic,89,963.00,3.908338
12290,1000,0.10,900,3,35,1.3661,0.85,periodic,90,965.00,2.309493
12291,1000,0.10,900,3,35,1.3289,0.85,periodic,91,961.00,1.794392
12292,1000,0.10,900,3,35,1.3922,0.85,periodic,92,970.00,1.897162
12293,1000,0.10,900,3,35,1.3485,0.85,periodic,93,1002.00,1.618354
12294,1000,0.10,900,3,35,1.3229,0.85,periodic,94,946.00,1.424386
12295,1000,0.10,900,3,35,1.2905,0.85,periodic,95,1003.00,1.314273
12296,1000,0.10,900,3,35,1.3324,0.85,periodic,96,1007.00,1.804335
12297,1000,0.10,900,3,35,1.3552,0.85,periodic,97,1017.00,4.816251
12298,1000,0.10,900,3,35,1.2814,0.85,periodic,98,996.00,1.824605
12299,1000,0.10,900,3,35,1.3163,0.85,periodic,99,977.00,2.661621
12300,1000,0.10,900,3,35,1.3152,0.90,periodic,0,963.00,1.600933
12301,1000,0.10,900,3,35,1.3578,0.90,periodic,1,961.00,1.311877
12302,1000,0.10,900,3,35,1.3285,0.90,periodic,2,988.00,5.215077
12303,1000,0.10,900,3,35,1.3989,0.90,periodic,3,971.00,3.179590
12304,1000,0.10,900,3,35,1.3446,0.90,periodic,4,969.00,1.990261
12305,1000,0.10,900,3,35,1.3486,0.90,periodic,5,951.00,4.037124
12306,1000,0.10,900,3,35,1.3757,0.90,periodic,6,981.00,4.267250
12307,1000,0.10,900,3,35,1.3610,0.90,periodic,7,944.00,1.558557
12308,1000,0.10,900,3,35,1.3065,0.90,periodic,8,996.00,2.144728
12309,1000,0.10,900,3,35,1.3171,0.90,periodic,9,1001.00,1.446772
12310,1000,0.10,900,3,35,1.3402,0.90,periodic,10,997.00,1.459193
12311,1000,0.10,900,3,35,1.2870,0.90,periodic,11,983.00,1.968122
12312,1000,0.10,900,3,35,1.3114,0.90,periodic,12,989.00,5.472437
12313,1000,0.10,900,3,35,1.3796,0.90,periodic,13,959.00,1.984622
12314,1000,0.10,900,3,35,1.3622,0.90,periodic,14,955.00,2.422212
12315,1000,0.10,900,3,35,1.3129,0.90,periodic,15,947.00,4.533795
12316,1000,0.10,900,3,35,1.2945,0.90,periodic,16,969.00,2.245260
12317,1000,0.10,900,3,35,1.3419,0.90,periodic,17,985.00,3.249391
12318,1000,0.10,900,3,35,1.3093,0.90,periodic,18,995.00,1.342824
12319,1000,0.10,900,3,35,1.3409,0.90,periodic,19,970.00,1.577441
12320,1000,0.10,900,3,35,1.3402,0.90,periodic,20,964.00,3.045091
12321,1000,0.10,900,3,35,1.3160,0.90,periodic,21,957.00,1.459259
12322,1000,0.10,900,3,35,1.3185,0.90,periodic,22,943.00,1.406849
12323,1000,0.10,900,3,35,1.3731,0.90,periodic,23,978.00,4.487016
12324,1000,0.10,900,3,35,1.3050,0.90,periodic,24,958.00,3.506166
12325,1000,0.10,900,3,35,1.3578,0.90,periodic,25,951.00,1.913879
12326,1000,0.10,900,3,35,1.3236,0.90,periodic,26,980.00,2.796363
12327,1000,0.10,900,3,35,1.3169,0.90,periodic,27,970.00,2.594280
12328,1000,0.10,900,3,35,1.3518,0.90,periodic,28,951.00,1.890511
12329,1000,0.10,900,3,35,1.2995,0.90,periodic,29,977.00,3.076471
12330,1000,0.10,900,3,35,1.3111,0.90,periodic,30,950.00,3.228958
12331,1000,0.10,900,3,35,1.3506,0.90,periodic,31,948.00,2.085480
12332,1000,0.10,900,3,35,1.3388,0.90,periodic,32,992.00,1.648662
12333,1000,0.10,900,3,35,1.2905,0.90,periodic,33,954.00,3.288244
12334,1000,0.10,900,3,35,1.3487,0.90,periodic,34,995.00,2.151804
12335,1000,0.10,900,3,35,1.3299,0.90,periodic,35,969.00,1.336739
12336,1000,0.10,900,3,35,1.2899,0.90,periodic,36,959.00,2.334571
12337,1000,0.10,900,3,35,1.3141,0.90,periodic,37,955.00,2.513176
12338,1000,0.10,900,3,35,1.3365,0.90,periodic,38,968.00,2.106037
12339,1000,0.10,900,3,35,1.2974,0.90,periodic,39,976.00,1.466269
12340,1000,0.10,900,3,35,1.3109,0.90,periodic,40,980.00,1.710401
12341,1000,0.10,900,3,35,1.3395,0.90,periodic,41,968.00,10.129365
12342,1000,0.10,900,3,35,1.3172,0.90,periodic,42,940.00,1.579898
12343,1000,0.10,900,3,35,1.3043,0.90,periodic,43,966.00,1.393262
12344,1000,0.10,900,3,35,1.2853,0.90,periodic,44,974.00,1.625942
12345,1000,0.10,900,3,35,1.3386,0.90,periodic,45,971.00,6.353630
12346,1000,0.10,900,3,35,1.4082,0.90,periodic,46,983.00,4.189988
12347,1000,0.10,900,3,35,1.3644,0.90,periodic,47,974.00,2.049380
12348,1000,0.10,900,3,35,1.2590,0.90,periodic,48,1005.00,2.827475
12349,1000,0.10,900,3,35,1.3942,0.90,periodic,49,980.00,3.231160
12350,1000,0.10,900,3,35,1.2776,0.90,periodic,50,957.00,2.102924
12351,1000,0.10,900,3,35,1.3583,0.90,periodic,51,984.00,2.022395
12352,1000,0.10,900,3,35,1.3510,0.90,periodic,52,991.00,1.746425
12353,1000,0.10,900,3,35,1.3776,0.90,periodic,53,983.00,1.416710
12354,1000,0.10,900,3,35,1.3277,0.90,periodic,54,966.00,1.743129
12355,1000,0.10,900,3,35,1.3401,0.90,periodic,55,961.00,1.804892
12356,1000,0.10,900,3,35,1.3737,0.90,periodic,56,992.00,1.548598
12357,1000,0.10,900,3,35,1.3545,0.90,periodic,57,958.00,3.601953
12358,1000,0.10,900,3,35,1.3555,0.90,periodic,58,983.00,2.215156
12359,1000,0.10,900,3,35,1.3279,0.90,periodic,59,1009.00,3.167274
12360,1000,0.10,900,3,35,1.3116,0.90,periodic,60,990.00,1.916266
12361,1000,0.10,900,3,35,1.3065,0.90,periodic,61,964.00,2.495084
12362,1000,0.10,900,3,35,1.3634,0.90,periodic,62,1155.00,1.212236
12363,1000,0.10,900,3,35,1.3513,0.90,periodic,63,1391.00,2.333360
12364,1000,0.10,900,3,35,1.3327,0.90,periodic,64,977.00,1.507340
12365,1000,0.10,900,3,35,1.2687,0.90,periodic,65,992.00,1.967158
12366,1000,0.10,900,3,35,1.2997,0.90,periodic,66,988.00,2.126136
12367,1000,0.10,900,3,35,1.3468,0.90,periodic,67,999.00,2.307497
12368,1000,0.10,900,3,35,1.3100,0.90,periodic,68,971.00,2.591924
12369,1000,0.10,900,3,35,1.3286,0.90,periodic,69,947.00,1.457663
12370,1000,0.10,900,3,35,1.3394,0.90,periodic,70,985.00,2.138356
12371,1000,0.10,900,3,35,1.3531,0.90,periodic,71,952.00,2.495327
12372,1000,0.10,900,3,35,1.3511,0.90,periodic,72,942.00,2.210245
12373,1000,0.10,900,3,35,1.3205,0.90,periodic,73,984.00,2.700713
12374,1000,0.10,900,3,35,1.3504,0.90,periodic,74,977.00,1.659914
12375,1000,0.10,900,3,35,1.3355,0.90,periodic,75,979.00,1.659459
12376,1000,0.10,900,3,35,1.3011,0.90,periodic,76,936.00,1.576948
12377,1000,0.10,900,3,35,1.3490,0.90,periodic,77,928.00,2.006110
12378,1000,0.10,900,3,35,1.3523,0.90,periodic,78,953.00,2.631268
12379,1000,0.10,900,3,35,1.2781,0.90,periodic,79,959.00,1.627405
12380,1000,0.10,900,3,35,1.3630,0.90,periodic,80,977.00,1.646572
12381,1000,0.10,900,3,35,1.2948,0.90,periodic,81,954.00,1.841972
12382,1000,0.10,900,3,35,1.3577,0.90,periodic,82,958.00,1.885360
12383,1000,0.10,900,3,35,1.3161,0.90,periodic,83,954.00,1.972392
12384,1000,0.10,900,3,35,1.3492,0.90,periodic,84,943.00,5.158446
12385,1000,0.10,900,3,35,1.3119,0.90,periodic,85,997.00,1.817324
12386,1000,0.10,900,3,35,1.2982,0.90,periodic,86,936.00,2.457712
12387,1000,0.10,900,3,35,1.3778,0.90,periodic,87,950.00,4.193441
12388,1000,0.10,900,3,35,1.3013,0.90,periodic,88,978.00,3.821768
12389,1000,0.10,900,3,35,1.3443,0.90,periodic,89,950.00,4.116839
12390,1000,0.10,900,3,35,1.3266,0.90,periodic,90,967.00,2.207181
12391,1000,0.10,900,3,35,1.2838,0.90,periodic,91,976.00,6.593738
12392,1000,0.10,900,3,35,1.3573,0.90,periodic,92,947.00,2.819392
12393,1000,0.10,900,3,35,1.3182,0.90,periodic,93,966.00,2.228552
12394,1000,0.10,900,3,35,1.3192,0.90,periodic,94,950.00,1.673518
12395,1000,0.10,900,3,35,1.2689,0.90,periodic,95,949.00,1.494891
12396,1000,0.10,900,3,35,1.2718,0.90,periodic,96,993.00,2.818095
12397,1000,0.10,900,3,35,1.2761,0.90,periodic,97,960.00,3.659738
12398,1000,0.10,900,3,35,1.3632,0.90,periodic,98,964.00,1.533848
12399,1000,0.10,900,3,35,1.3701,0.90,periodic,99,958.00,2.532926
12400,1000,0.10,900,3,35,1.3089,0.95,periodic,0,941.00,1.799355
12401,1000,0.10,900,3,35,1.3125,0.95,periodic,1,959.00,2.313250
12402,1000,0.10,900,3,35,1.3135,0.95,periodic,2,952.00,5.657547
12403,1000,0.10,900,3,35,1.3014,0.95,periodic,3,960.00,1.884910
12404,1000,0.10,900,3,35,1.2937,0.95,periodic,4,988.00,2.188138
12405,1000,0.10,900,3,35,1.3391,0.95,periodic,5,933.00,1.418631
12406,1000,0.10,900,3,35,1.3444,0.95,periodic,6,932.00,1.719378
12407,1000,0.10,900,3,35,1.3552,0.95,periodic,7,921.00,2.277316
12408,1000,0.10,900,3,35,1.3261,0.95,periodic,8,940.00,1.699443
12409,1000,0.10,900,3,35,1.3520,0.95,periodic,9,919.00,1.558791
12410,1000,0.10,900,3,35,1.3245,0.95,periodic,10,952.00,5.128078
12411,1000,0.10,900,3,35,1.2961,0.95,periodic,11,1005.00,1.911189
12412,1000,0.10,900,3,35,1.3578,0.95,periodic,12,961.00,3.498284
12413,1000,0.10,900,3,35,1.3275,0.95,periodic,13,948.00,2.090453
12414,1000,0.10,900,3,35,1.3280,0.95,periodic,14,915.00,1.464051
12415,1000,0.10,900,3,35,1.3207,0.95,periodic,15,935.00,1.850394
12416,1000,0.10,900,3,35,1.3277,0.95,periodic,16,950.00,2.037943
12417,1000,0.10,900,3,35,1.3218,0.95,periodic,17,984.00,4.048018
12418,1000,0.10,900,3,35,1.3288,0.95,periodic,18,957.00,3.053723
12419,1000,0.10,900,3,35,1.3287,0.95,periodic,19,945.00,2.068807
12420,1000,0.10,900,3,35,1.3775,0.95,periodic,20,972.00,2.845198
12421,1000,0.10,900,3,35,1.3285,0.95,periodic,21,964.00,1.894741
12422,1000,0.10,900,3,35,1.3787,0.95,periodic,22,923.00,3.384520
12423,1000,0.10,900,3,35,1.4073,0.95,periodic,23,1001.00,2.400874
12424,1000,0.10,900,3,35,1.3484,0.95,periodic,24,958.00,2.012859
12425,1000,0.10,900,3,35,1.2787,0.95,periodic,25,949.00,3.154193
12426,1000,0.10,900,3,35,1.2958,0.95,periodic,26,924.00,2.121507
12427,1000,0.10,900,3,35,1.3025,0.95,periodic,27,958.00,4.262321
12428,1000,0.10,900,3,35,1.3014,0.95,periodic,28,930.00,1.716642
12429,1000,0.10,900,3,35,1.3489,0.95,periodic,29,995.00,0.972088
12430,1000,0.10,900,3,35,1.3165,0.95,periodic,30,943.00,2.376704
12431,1000,0.10,900,3,35,1.2889,0.95,periodic,31,954.00,5.023095
12432,1000,0.10,900,3,35,1.3409,0.95,periodic,32,935.00,10.793668
12433,1000,0.10,900,3,35,1.2379,0.95,periodic,33,976.00,2.758049
12434,1000,0.10,900,3,35,1.3261,0.95,periodic,34,954.00,1.547715
12435,1000,0.10,900,3,35,1.3556,0.95,periodic,35,957.00,1.413250
12436,1000,0.10,900,3,35,1.2976,0.95,periodic,36,960.00,2.145021
12437,1000,0.10,900,3,35,1.3884,0.95,periodic,37,939.00,4.082541
12438,1000,0.10,900,3,35,1.3127,0.95,periodic,38,974.00,2.194391
12439,1000,0.10,900,3,35,1.3660,0.95,periodic,39,937.00,2.457095
12440,1000,0.10,900,3,35,1.3490,0.95,periodic,40,939.00,3.106394
12441,1000,0.10,900,3,35,1.2929,0.95,periodic,41,930.00,3.273735
12442,1000,0.10,900,3,35,1.3068,0.95,periodic,42,963.00,2.429577
12443,1000,0.10,900,3,35,1.3263,0.95,periodic,43,950.00,6.361978
12444,1000,0.10,900,3,35,1.3141,0.95,periodic,44,946.00,1.601194
12445,1000,0.10,900,3,35,1.3457,0.95,periodic,45,958.00,3.036495
12446,1000,0.10,900,3,35,1.3385,0.95,periodic,46,950.00,2.048916
12447,1000,0.10,900,3,35,1.3656,0.95,periodic,47,948.00,3.764895
12448,1000,0.10,900,3,35,1.3389,0.95,periodic,48,951.00,1.920565
12449,1000,0.10,900,3,35,1.3450,0.95,periodic,49,938.00,2.034695
12450,1000,0.10,900,3,35,1.3320,0.95,periodic,50,956.00,1.499657
12451,1000,0.10,900,3,35,1.3190,0.95,periodic,51,961.00,1.532427
12452,1000,0.10,900,3,35,1.3379,0.95,periodic,52,956.00,4.013394
12453,1000,0.10,900,3,35,1.3496,0.95,periodic,53,983.00,1.782129
12454,1000,0.10,900,3,35,1.3074,0.95,periodic,54,970.00,1.718734
12455,1000,0.10,900,3,35,1.2940,0.95,periodic,55,968.00,2.068714
12456,1000,0.10,900,3,35,1.3292,0.95,periodic,56,967.00,1.814043
12457,1000,0.10,900,3,35,1.3659,0.95,periodic,57,957.00,2.226074
12458,1000,0.10,900,3,35,1.3103,0.95,periodic,58,950.00,1.734870
12459,1000,0.10,900,3,35,1.3472,0.95,periodic,59,919.00,2.515085
12460,1000,0.10,900,3,35,1.3817,0.95,periodic,60,938.00,3.149209
12461,1000,0.10,900,3,35,1.3217,0.95,periodic,61,955.00,2.579607
12462,1000,0.10,900,3,35,1.3102,0.95,periodic,62,954.00,2.759550
12463,1000,0.10,900,3,35,1.3342,0.95,periodic,63,963.00,3.355191
12464,1000,0.10,900,3,35,1.3414,0.95,periodic,64,945.00,1.629131
12465,1000,0.10,900,3,35,1.3449,0.95,periodic,65,981.00,1.829806
12466,1000,0.10,900,3,35,1.3098,0.95,periodic,66,941.00,1.983518
12467,1000,0.10,900,3,35,1.3514,0.95,periodic,67,983.00,2.465363
12468,1000,0.10,900,3,35,1.3549,0.95,periodic,68,947.00,3.330254
12469,1000,0.10,900,3,35,1.3407,0.95,periodic,69,976.00,3.479122
12470,1000,0.10,900,3,35,1.2986,0.95,periodic,70,942.00,8.553695
12471,1000,0.10,900,3,35,1.3099,0.95,periodic,71,963.00,1.718348
12472,1000,0.10,900,3,35,1.3613,0.95,periodic,72,954.00,3.300635
12473,1000,0.10,900,3,35,1.3171,0.95,periodic,73,959.00,6.059428
12474,1000,0.10,900,3,35,1.3302,0.95,periodic,74,936.00,1.799808
12475,1000,0.10,900,3,35,1.3573,0.95,periodic,75,963.00,4.226467
12476,1000,0.10,900,3,35,1.3219,0.95,periodic,76,972.00,2.365373
12477,1000,0.10,900,3,35,1.3079,0.95,periodic,77,949.00,2.231851
12478,1000,0.10,900,3,35,1.3095,0.95,periodic,78,955.00,3.156551
12479,1000,0.10,900,3,35,1.3157,0.95,periodic,79,958.00,3.081041
12480,1000,0.10,900,3,35,1.3170,0.95,periodic,80,959.00,3.633969
12481,1000,0.10,900,3,35,1.4201,0.95,periodic,81,927.00,1.981673
12482,1000,0.10,900,3,35,1.3441,0.95,periodic,82,935.00,4.676049
12483,1000,0.10,900,3,35,1.3380,0.95,periodic,83,952.00,2.151646
12484,1000,0.10,900,3,35,1.3169,0.95,periodic,84,943.00,1.784532
12485,1000,0.10,900,3,35,1.3316,0.95,periodic,85,943.00,2.105924
12486,1000,0.10,900,3,35,1.3201,0.95,periodic,86,990.00,1.685047
12487,1000,0.10,900,3,35,1.3122,0.95,periodic,87,987.00,2.010076
12488,1000,0.10,900,3,35,1.3379,0.95,periodic,88,957.00,2.533554
12489,1000,0.10,900,3,35,1.3459,0.95,periodic,89,919.00,7.728544
12490,1000,0.10,900,3,35,1.3698,0.95,periodic,90,930.00,1.595018
12491,1000,0.10,900,3,35,1.3661,0.95,periodic,91,973.00,3.019104
12492,1000,0.10,900,3,35,1.3369,0.95,periodic,92,928.00,2.206033
12493,1000,0.10,900,3,35,1.3390,0.95,periodic,93,948.00,1.988257
12494,1000,0.10,900,3,35,1.3238,0.95,periodic,94,990.00,1.927825
12495,1000,0.10,900,3,35,1.3432,0.95,periodic,95,944.00,4.653428
12496,1000,0.10,900,3,35,1.3393,0.95,periodic,96,967.00,2.502860
12497,1000,0.10,900,3,35,1.2965,0.95,periodic,97,949.00,1.601058
12498,1000,0.10,900,3,35,1.3098,0.95,periodic,98,955.00,1.425291
12499,1000,0.10,900,3,35,1.3373,0.95,periodic,99,976.00,1.522740
12500,1000,0.10,900,3,35,1.3306,1.00,periodic,0,921.00,3.404935
12501,1000,0.10,900,3,35,1.3378,1.00,periodic,1,951.00,5.260491
12502,1000,0.10,900,3,35,1.3398,1.00,periodic,2,943.00,6.890918
12503,1000,0.10,900,3,35,1.3385,1.00,periodic,3,926.00,4.222291
12504,1000,0.10,900,3,35,1.3149,1.00,periodic,4,981.00,2.164383
12505,1000,0.10,900,3,35,1.3255,1.00,periodic,5,960.00,4.435326
12506,1000,0.10,900,3,35,1.2924,1.00,periodic,6,967.00,2.704918
12507,1000,0.10,900,3,35,1.2954,1.00,periodic,7,956.00,4.075497
12508,1000,0.10,900,3,35,1.2945,1.00,periodic,8,941.00,1.580334
12509,1000,0.10,900,3,35,1.3603,1.00,periodic,9,941.00,3.043369
12510,1000,0.10,900,3,35,1.3142,1.00,periodic,10,959.00,3.766332
12511,1000,0.10,900,3,35,1.3324,1.00,periodic,11,918.00,1.596615
12512,1000,0.10,900,3,35,1.3185,1.00,periodic,12,941.00,1.831305
12513,1000,0.10,900,3,35,1.2724,1.00,periodic,13,940.00,2.532215
12514,1000,0.10,900,3,35,1.3366,1.00,periodic,14,934.00,3.218724
12515,1000,0.10,900,3,35,1.2445,1.00,periodic,15,919.00,1.643824
12516,1000,0.10,900,3,35,1.2960,1.00,periodic,16,942.00,1.992531
12517,1000,0.10,900,3,35,1.3166,1.00,periodic,17,938.00,2.465009
12518,1000,0.10,900,3,35,1.3182,1.00,periodic,18,927.00,1.976014
12519,1000,0.10,900,3,35,1.3686,1.00,periodic,19,928.00,2.856563
12520,1000,0.10,900,3,35,1.3693,1.00,periodic,20,940.00,2.355989
12521,1000,0.10,900,3,35,1.2814,1.00,periodic,21,936.00,1.694033
12522,1000,0.10,900,3,35,1.2730,1.00,periodic,22,915.00,1.524774
12523,1000,0.10,900,3,35,1.3199,1.00,periodic,23,957.00,1.702721
12524,1000,0.10,900,3,35,1.2829,1.00,periodic,24,943.00,2.707742
12525,1000,0.10,900,3,35,1.3249,1.00,periodic,25,908.00,2.192779
12526,1000,0.10,900,3,35,1.3030,1.00,periodic,26,939.00,1.823713
12527,1000,0.10,900,3,35,1.3210,1.00,periodic,27,915.00,2.431159
12528,1000,0.10,900,3,35,1.3586,1.00,periodic,28,938.00,2.048293
12529,1000,0.10,900,3,35,1.3364,1.00,periodic,29,934.00,2.407269
12530,1000,0.10,900,3,35,1.3113,1.00,periodic,30,929.00,5.085703
12531,1000,0.10,900,3,35,1.3186,1.00,periodic,31,910.00,1.962365
12532,1000,0.10,900,3,35,1.2961,1.00,periodic,32,1671.00,2.140180
12533,1000,0.10,900,3,35,1.3007,1.00,periodic,33,963.00,2.324256
12534,1000,0.10,900,3,35,1.3398,1.00,periodic,34,922.00,1.734470
12535,1000,0.10,900,3,35,1.3502,1.00,periodic,35,950.00,4.426412
12536,1000,0.10,900,3,35,1.3132,1.00,periodic,36,941.00,2.694972
12537,1000,0.10,900,3,35,1.3218,1.00,periodic,37,946.00,2.561179
12538,1000,0.10,900,3,35,1.3274,1.00,periodic,38,926.00,3.784503
12539,1000,0.10,900,3,35,1.2658,1.00,periodic,39,931.00,1.571300
12540,1000,0.10,900,3,35,1.2821,1.00,periodic,40,954.00,1.772846
12541,1000,0.10,900,3,35,1.3636,1.00,periodic,41,970.00,1.587808
12542,1000,0.10,900,3,35,1.2821,1.00,periodic,42,965.00,2.404220
12543,1000,0.10,900,3,35,1.3166,1.00,periodic,43,957.00,3.369803
12544,1000,0.10,900,3,35,1.3148,1.00,periodic,44,992.00,1.714071
12545,1000,0.10,900,3,35,1.2855,1.00,periodic,45,984.00,2.682427
12546,1000,0.10,900,3,35,1.2899,1.00,periodic,46,926.00,2.161641
12547,1000,0.10,900,3,35,1.3023,1.00,periodic,47,954.00,2.757431
12548,1000,0.10,900,3,35,1.3629,1.00,periodic,48,1014.00,3.718053
12549,1000,0.10,900,3,35,1.3409,1.00,periodic,49,993.00,3.454868
12550,1000,0.10,900,3,35,1.3541,1.00,periodic,50,954.00,2.484576
12551,1000,0.10,900,3,35,1.3021,1.00,periodic,51,966.00,2.570171
12552,1000,0.10,900,3,35,1.3396,1.00,periodic,52,963.00,5.775428
12553,1000,0.10,900,3,35,1.3118,1.00,periodic,53,959.00,1.654957
12554,1000,0.10,900,3,35,1.3103,1.00,periodic,54,943.00,1.805077
12555,1000,0.10,900,3,35,1.3333,1.00,periodic,55,939.00,1.517562
12556,1000,0.10,900,3,35,1.3162,1.00,periodic,56,1030.00,1.635356
12557,1000,0.10,900,3,35,1.3281,1.00,periodic,57,991.00,2.881735
12558,1000,0.10,900,3,35,1.3537,1.00,periodic,58,949.00,3.164989
12559,1000,0.10,900,3,35,1.3187,1.00,periodic,59,973.00,2.210703
12560,1000,0.10,900,3,35,1.3219,1.00,periodic,60,953.00,1.716257
12561,1000,0.10,900,3,35,1.3683,1.00,periodic,61,950.00,2.537294
12562,1000,0.10,900,3,35,1.3141,1.00,periodic,62,941.00,8.599050
12563,1000,0.10,900,3,35,1.2885,1.00,periodic,63,954.00,3.541415
12564,1000,0.10,900,3,35,1.3329,1.00,periodic,64,998.00,4.031385
12565,1000,0.10,900,3,35,1.3592,1.00,periodic,65,949.00,1.859678
12566,1000,0.10,900,3,35,1.3135,1.00,periodic,66,944.00,1.811671
12567,1000,0.10,900,3,35,1.3660,1.00,periodic,67,963.00,3.221082
12568,1000,0.10,900,3,35,1.2920,1.00,periodic,68,932.00,3.818726
12569,1000,0.10,900,3,35,1.3284,1.00,periodic,69,935.00,1.738862
12570,1000,0.10,900,3,35,1.2963,1.00,periodic,70,941.00,2.742968
12571,1000,0.10,900,3,35,1.3366,1.00,periodic,71,958.00,2.260878
12572,1000,0.10,900,3,35,1.3410,1.00,periodic,72,955.00,4.543151
12573,1000,0.10,900,3,35,1.3113,1.00,periodic,73,953.00,2.250166
12574,1000,0.10,900,3,35,1.3179,1.00,periodic,74,944.00,1.890347
12575,1000,0.10,900,3,35,1.3170,1.00,periodic,75,973.00,2.169149
12576,1000,0.10,900,3,35,1.3743,1.00,periodic,76,971.00,1.744120
12577,1000,0.10,900,3,35,1.3418,1.00,periodic,77,972.00,2.694324
12578,1000,0.10,900,3,35,1.3476,1.00,periodic,78,945.00,3.175299
12579,1000,0.10,900,3,35,1.3607,1.00,periodic,79,960.00,4.307631
12580,1000,0.10,900,3,35,1.3731,1.00,periodic,80,973.00,5.451942
12581,1000,0.10,900,3,35,1.3066,1.00,periodic,81,952.00,1.769085
12582,1000,0.10,900,3,35,1.3229,1.00,periodic,82,973.00,1.626465
12583,1000,0.10,900,3,35,1.2813,1.00,periodic,83,953.00,1.892061
12584,1000,0.10,900,3,35,1.3229,1.00,periodic,84,962.00,4.632348
12585,1000,0.10,900,3,35,1.3520,1.00,periodic,85,966.00,2.054017
12586,1000,0.10,900,3,35,1.3351,1.00,periodic,86,959.00,1.943117
12587,1000,0.10,900,3,35,1.3372,1.00,periodic,87,942.00,2.297368
12588,1000,0.10,900,3,35,1.3372,1.00,periodic,88,970.00,2.016108
12589,1000,0.10,900,3,35,1.3054,1.00,periodic,89,967.00,1.813118
12590,1000,0.10,900,3,35,1.3544,1.00,periodic,90,940.00,2.029514
12591,1000,0.10,900,3,35,1.3619,1.00,periodic,91,975.00,2.815342
12592,1000,0.10,900,3,35,1.3249,1.00,periodic,92,957.00,3.191331
12593,1000,0.10,900,3,35,1.3503,1.00,periodic,93,964.00,1.538590
12594,1000,0.10,900,3,35,1.3512,1.00,periodic,94,981.00,6.050615
12595,1000,0.10,900,3,35,1.3128,1.00,periodic,95,949.00,4.348147
12596,1000,0.10,900,3,35,1.3332,1.00,periodic,96,946.00,5.335597
12597,1000,0.10,900,3,35,1.2986,1.00,periodic,97,935.00,10.482024
12598,1000,0.10,900,3,35,1.3640,1.00,periodic,98,920.00,1.504121
12599,1000,0.10,900,3,35,1.3742,1.00,periodic,99,931.00,2.107276
